code,prefix,database,value,description,description_da,description_da_alt,description_da_full,description_en,description_en_official,description_en_official_source,description_en_source,source,confidence,language,parent_code,hierarchy_level,n_occurrences,n_people,pct_people,program_group,is_primary_code
EDU_disced_10201020,EDU,disced,10201020,Grundskole 7.-9. klasse (compound: 10201020),Grundskole 7.-9. årgang,,,Grades 7-9 (lower secondary school),,,fable-5-edu,crosswalk_edu_disced,medium,danish,EDU_disced_102010,program,9672255,3928947,0.435163,,
EDU_disced_10301020,EDU,disced,10301020,Grundskole 10. klasse (compound: 10301020),Grundskole 10. årgang,,,Grade 10 (lower secondary school),,,fable-5-edu,crosswalk_edu_disced,medium,danish,EDU_disced_103010,program,2331291,2198669,0.24352,,
EDU_disced_30551510,EDU,disced,30551510,"Teknologiområdet, maskinteknik og produktion (TBT) (compound: 30551510)",Industriteknikeruddannelsen,,,Engineering education for industry,,,fable-5-edu,crosswalk_edu_disced,medium,danish,EDU_disced_305515,program,131521,83149,0.009209,,
EDU_disced_50583010,EDU,disced,50583010,"Teknisk, MVU (compound: 50583010)","Maskinmester, MVU",,,"Marine engineer (maskinmester), MVU",,,fable-5-edu,crosswalk_edu_disced,medium,danish,EDU_disced_505830,program,64191,32516,0.003601,,
EDU_disced_29151010,EDU,disced,29151010,"Kontor, handel og forretningsservice (KHF), grundforløb (compound: 29151010)","Det merkantile område, grundforløb",,,"The mercantile field, basic course",,,fable-5-edu,crosswalk_edu_disced,medium,danish,EDU_disced_291510,program,1101903,570081,0.063141,,
EDU_disced_30152510,EDU,disced,30152510,"Kontor, handel og forretningsservice (KHF) (compound: 30152510)",Detailhandelsuddannelse,,,Retail trade programme,,,fable-5-edu,crosswalk_edu_disced,medium,danish,EDU_disced_301525,program,624052,379206,0.042,,
EDU_disced_20101020,EDU,disced,20101020,Alment gymnasiale uddannelser (compound: 20101020),Matematisk gymnasium,,,Mathematical upper-secondary school,,,fable-5-edu,crosswalk_edu_disced,medium,danish,EDU_disced_201010,program,1132928,415786,0.046052,,
EDU_disced_70902510,EDU,disced,70902510,"Sundhedsvidenskab, LVU (compound: 70902510)","Farmaci og lægemiddelvidenskab, LVU",,,"Pharmacy and pharmaceutical sciences, LVU",,,fable-5-edu,crosswalk_edu_disced,medium,danish,EDU_disced_709025,program,16605,10690,0.001184,,
EDU_disced_80905010,EDU,disced,80905010,"Sundhedsvidenskab, Ph.d. (compound: 80905010)","Medicin, Ph.d.",,,"Medicine, Ph.d.",,,fable-5-edu,crosswalk_edu_disced,medium,danish,EDU_disced_809050,program,30561,17620,0.001952,,
EDU_disced_30651515,EDU,disced,30651515,Transport og logistikområdet (TBT) (compound: 30651515),Lager- og terminaluddannelser,,,Warehouse and terminal programmes,,,fable-5-edu,crosswalk_edu_disced,medium,danish,EDU_disced_306515,program,28446,15732,0.001742,,
EDU_disced_35301010,EDU,disced,35301010,Grundskole til og med 6. klasse (compound: 35301010),Adgangsgivende værkstedsskoleforløb,,,Qualifying workshop school programme,,,fable-5-edu,crosswalk_edu_disced,medium,danish,EDU_disced_353010,program,43794,23368,0.002588,,
EDU_disced_50591010,EDU,disced,50591010,"Teknisk videnskab, MVU (compound: 50591010)","Teknisk videnskab uden nærmere angivelse, MVU",,,"Engineering science, not further specified, MVU",,,fable-5-edu,crosswalk_edu_disced,medium,danish,EDU_disced_505910,program,47378,45865,0.00508,,
EDU_disced_50582020,EDU,disced,50582020,"Teknisk, MVU (compound: 50582020)","Elektronik i øvrigt, teknisk, MVU",,,"Other electronics, technical, MVU",,,fable-5-edu,crosswalk_edu_disced,medium,danish,EDU_disced_505820,program,5541,3431,0.00038,,
EDU_disced_29251020,EDU,disced,29251020,"Teknologi, byggeri og transport (TBT), grundforløb (compound: 29251020)","Håndværk og teknik, grundforløb",,,"Crafts and technology, basic course",,,fable-5-edu,crosswalk_edu_disced,medium,danish,EDU_disced_292510,program,212733,139359,0.015435,,
EDU_disced_30403510,EDU,disced,30403510,"Teknologiområdet, strøm og elektronik mv. (TBT) (compound: 30403510)",Elektronik- og svagstrømsuddannelsen,,,Electronics and Weak Current Training,,,fable-5-edu,crosswalk_edu_disced,medium,danish,EDU_disced_304035,program,47182,27818,0.003081,,
EDU_disced_29251030,EDU,disced,29251030,"Teknologi, byggeri og transport (TBT), grundforløb (compound: 29251030)","Mekanik, transport og logistik, grundforløb",,,"Mechanics, transport and logistics, basic course",,,fable-5-edu,crosswalk_edu_disced,medium,danish,EDU_disced_292510,program,130505,79565,0.008812,,
EDU_disced_30653515,EDU,disced,30653515,Transport og logistikområdet (TBT) (compound: 30653515),"Chauffør mv., vejgodstransport",,,"Driver etc., road freight transport",,,fable-5-edu,crosswalk_edu_disced,medium,danish,EDU_disced_306535,program,28107,15314,0.001696,,
EDU_disced_20102010,EDU,disced,20102010,Alment gymnasiale uddannelser (compound: 20102010),Hf 2-årig,,,HF two-year,,,fable-5-edu,crosswalk_edu_disced,medium,danish,EDU_disced_201020,program,1067910,428454,0.047455,,
EDU_disced_50202010,EDU,disced,50202010,"Pædagogisk, MVU (compound: 50202010)","Folkeskolelærer, MVU",,,"Primary and lower secondary school teacher, MVU",,,fable-5-edu,crosswalk_edu_disced,medium,danish,EDU_disced_502020,program,395752,221305,0.024511,,
EDU_disced_30101510,EDU,disced,30101510,"Omsorg, sundhed og pædagogik (OSP) (compound: 30101510)",Pædagogisk assistentuddannelse,,,Pedagogical assistant programme,,,fable-5-edu,crosswalk_edu_disced,medium,danish,EDU_disced_301015,program,84805,43285,0.004794,,
EDU_disced_30204510,EDU,disced,30204510,Fødevarer mv. (FJO) (compound: 30204510),Receptionist,,,Receptionist,,,fable-5-edu,crosswalk_edu_disced,medium,danish,EDU_disced_302045,program,9006,4837,0.000536,,
EDU_disced_29251040,EDU,disced,29251040,"Teknologi, byggeri og transport (TBT), grundforløb (compound: 29251040)","Service, grundforløb",,,"Service, basic course",,,fable-5-edu,crosswalk_edu_disced,medium,danish,EDU_disced_292510,program,115169,72764,0.008059,,
EDU_disced_30151510,EDU,disced,30151510,"Kontor, handel og forretningsservice (KHF) (compound: 30151510)","Kontoruddannelse, generel og med speciale",,,"Office programme, general and specialised",,,fable-5-edu,crosswalk_edu_disced,medium,danish,EDU_disced_301515,program,695124,427555,0.047355,,
EDU_disced_20203010,EDU,disced,20203010,Erhvervsrettede gymnasiale uddannelser (compound: 20203010),Hhx 3-årig,,,HHX three-year,,,fable-5-edu,crosswalk_edu_disced,medium,danish,EDU_disced_202030,program,1300640,418646,0.046368,,
EDU_disced_20101030,EDU,disced,20101030,Alment gymnasiale uddannelser (compound: 20101030),Sproglig gymnasium,,,Upper-secondary school (language stream),,,fable-5-edu,crosswalk_edu_disced,medium,danish,EDU_disced_201010,program,720629,269611,0.029862,,
EDU_disced_50589530,EDU,disced,50589530,"Teknisk, MVU (compound: 50589530)","Teknisk i øvrigt, MVU",,,"Other technical, MVU",,,fable-5-edu,crosswalk_edu_disced,medium,danish,EDU_disced_505895,program,12695,7986,0.000885,,
EDU_disced_15203010,EDU,disced,15203010,Introducerende og erhvervsrettede forløb (compound: 15203010),Tf-kurser mv.,,,TF courses etc.,,,fable-5-edu,crosswalk_edu_disced,medium,danish,EDU_disced_152030,program,15496,8240,0.000913,,
EDU_disced_30152010,EDU,disced,30152010,"Kontor, handel og forretningsservice (KHF) (compound: 30152010)",Finansuddannelse,,,Finance programme,,,fable-5-edu,crosswalk_edu_disced,medium,danish,EDU_disced_301520,program,115299,69582,0.007707,,
EDU_disced_40751710,EDU,disced,40751710,"Fødevarer, bio- og laboratorieteknik, KVU (compound: 40751710)","Laborant, KVU",,,"Laboratory technician, KVU",,,fable-5-edu,crosswalk_edu_disced,medium,danish,EDU_disced_407517,program,61771,37650,0.00417,,
EDU_disced_30103510,EDU,disced,30103510,"Omsorg, sundhed og pædagogik (OSP) (compound: 30103510)","Sundhed, omsorg og pædagogik i øvrigt",,,"Other health, care and pedagogy",,,fable-5-edu,crosswalk_edu_disced,medium,danish,EDU_disced_301035,program,46275,30967,0.00343,,
EDU_disced_30552010,EDU,disced,30552010,"Teknologiområdet, maskinteknik og produktion (TBT) (compound: 30552010)",Industrioperatør,,,Industrial Operator,,,fable-5-edu,crosswalk_edu_disced,medium,danish,EDU_disced_305520,program,26905,11488,0.001272,,
EDU_disced_30502510,EDU,disced,30502510,"Teknologiområdet, cykel-, auto- og skibsmekanik mv. (TBT) (compound: 30502510)",Vognmaler,,,Vehicle painter,,,fable-5-edu,crosswalk_edu_disced,medium,danish,EDU_disced_305025,program,16036,8824,0.000977,,
EDU_disced_50593510,EDU,disced,50593510,"Teknisk videnskab, MVU (compound: 50593510)","Elektronik i øvrigt, teknisk videnskab, MVU",,,"Other electronics, engineering science, MVU",,,fable-5-edu,crosswalk_edu_disced,medium,danish,EDU_disced_505935,program,14335,10912,0.001209,,
EDU_disced_20201010,EDU,disced,20201010,Erhvervsrettede gymnasiale uddannelser (compound: 20201010),Hhx 1-årig,,,HHX one-year,,,fable-5-edu,crosswalk_edu_disced,medium,danish,EDU_disced_202010,program,155790,73719,0.008165,,
EDU_disced_30153010,EDU,disced,30153010,"Kontor, handel og forretningsservice (KHF) (compound: 30153010)",Handelsuddannelse,,,Commercial trade programme,,,fable-5-edu,crosswalk_edu_disced,medium,danish,EDU_disced_301530,program,132268,72097,0.007985,,
EDU_disced_50201510,EDU,disced,50201510,"Pædagogisk, MVU (compound: 50201510)","Pædagog, MVU",,,"Educator (pædagog), MVU",,,fable-5-edu,crosswalk_edu_disced,medium,danish,EDU_disced_502015,program,527080,255667,0.028317,,
EDU_disced_30253510,EDU,disced,30253510,Jordbrug og natur (FJO) (compound: 30253510),Veterinærsygepleje,,,Veterinary Nursing,,,fable-5-edu,crosswalk_edu_disced,medium,danish,EDU_disced_302535,program,6889,2877,0.000319,,
EDU_disced_70259710,EDU,disced,70259710,"Humanistisk og teologisk, LVU (compound: 70259710)","Teologi, LVU",,,"Theology, LVU",,,fable-5-edu,crosswalk_edu_disced,medium,danish,EDU_disced_702597,program,15414,9606,0.001064,,
EDU_disced_50384010,EDU,disced,50384010,"Samfundsfaglig, Økonomisk-Merkantil, MVU (compound: 50384010)","Socialrådgivning og -formidling mv., MVU",,,"Social counselling and dissemination etc., MVU",,,fable-5-edu,crosswalk_edu_disced,medium,danish,EDU_disced_503840,program,118961,58302,0.006457,,
EDU_disced_29201010,EDU,disced,29201010,"Fødevarer, jordbrug og oplevelser (FJO), grundforløb (compound: 29201010)","Fra jord til bord, grundforløb",,,"From farm to table, basic course",,,fable-5-edu,crosswalk_edu_disced,medium,danish,EDU_disced_292010,program,260042,140083,0.015515,,
EDU_disced_30352010,EDU,disced,30352010,Byggeriområdet (TBT) (compound: 30352010),Bygningsmaler,,,Building painter,,,fable-5-edu,crosswalk_edu_disced,medium,danish,EDU_disced_303520,program,82490,50352,0.005577,,
EDU_disced_30553525,EDU,disced,30553525,"Teknologiområdet, maskinteknik og produktion (TBT) (compound: 30553525)",Smed,,,Smith,,,fable-5-edu,crosswalk_edu_disced,medium,danish,EDU_disced_305535,program,166827,97843,0.010837,,
EDU_disced_30251010,EDU,disced,30251010,Jordbrug og natur (FJO) (compound: 30251010),Landbrugsuddannelse,,,Agricultural programme,,,fable-5-edu,crosswalk_edu_disced,medium,danish,EDU_disced_302510,program,235050,78527,0.008698,,
EDU_disced_30402510,EDU,disced,30402510,"Teknologiområdet, strøm og elektronik mv. (TBT) (compound: 30402510)",Elektriker,,,Electrician,,,fable-5-edu,crosswalk_edu_disced,medium,danish,EDU_disced_304025,program,190728,100646,0.011147,,
EDU_disced_40582415,EDU,disced,40582415,"Teknisk, KVU (compound: 40582415)","Installatør af stærkstrømsteknik, KVU",,,"Electrical (high-voltage) installer, KVU",,,fable-5-edu,crosswalk_edu_disced,medium,danish,EDU_disced_405824,program,27379,18493,0.002048,,
EDU_disced_60396510,EDU,disced,60396510,"Samfundsvidenskab, BACH (compound: 60396510)","Erhvervsøkonomi, HA, BACH",,,"Business economics, HA, BACH",,,fable-5-edu,crosswalk_edu_disced,medium,danish,EDU_disced_603965,program,228424,131921,0.014611,,
EDU_disced_30901510,EDU,disced,30901510,Andre erhvervsfaglige uddannelser (compound: 30901510),Maritime uddannelser,,,Maritime programmes,,,fable-5-edu,crosswalk_edu_disced,medium,danish,EDU_disced_309015,program,77069,36977,0.004096,,
EDU_disced_29101010,EDU,disced,29101010,"Omsorg, sundhed og pædagogik (OSP), grundforløb (compound: 29101010)","Sundhed, omsorg og pædagogik, grundforløb",,,"Health, care and pedagogy, basic course",,,fable-5-edu,crosswalk_edu_disced,medium,danish,EDU_disced_291010,program,108819,61547,0.006817,,
EDU_disced_30203510,EDU,disced,30203510,Fødevarer mv. (FJO) (compound: 30203510),Gastronomuddannelse,,,Gastronome (chef) programme,,,fable-5-edu,crosswalk_edu_disced,medium,danish,EDU_disced_302035,program,100801,56168,0.006221,,
EDU_disced_20103030,EDU,disced,20103030,Alment gymnasiale uddannelser (compound: 20103030),Sproglig studenterkursus,,,Language-oriented student course,,,fable-5-edu,crosswalk_edu_disced,medium,danish,EDU_disced_201030,program,29148,17937,0.001987,,
EDU_disced_30102015,EDU,disced,30102015,"Omsorg, sundhed og pædagogik (OSP) (compound: 30102015)",Social- og sundhedshjælper,,,Social and Health Care Assistant,,,fable-5-edu,crosswalk_edu_disced,medium,danish,EDU_disced_301020,program,388137,186221,0.020625,,
EDU_disced_40382510,EDU,disced,40382510,"Samfundsfaglig, Økonomisk-Merkantil, KVU (compound: 40382510)","Handels- og markedsføringsøkonom mv., KVU",,,"Trade and marketing economist etc., KVU",,,fable-5-edu,crosswalk_edu_disced,medium,danish,EDU_disced_403825,program,142918,87154,0.009653,,
EDU_disced_50202515,EDU,disced,50202515,"Pædagogisk, MVU (compound: 50202515)","Andre pædagogiske uddannelser, MVU",,,"Other pedagogical programmes, MVU",,,fable-5-edu,crosswalk_edu_disced,medium,danish,EDU_disced_502025,program,26354,16380,0.001814,,
EDU_disced_30251520,EDU,disced,30251520,Jordbrug og natur (FJO) (compound: 30251520),Væksthusgartner,,,Greenhouse Gardener,,,fable-5-edu,crosswalk_edu_disced,medium,danish,EDU_disced_302515,program,20508,14862,0.001646,,
EDU_disced_30501010,EDU,disced,30501010,"Teknologiområdet, cykel-, auto- og skibsmekanik mv. (TBT) (compound: 30501010)","Cykel-, auto- og skibsmekanikere uden nærmere angivelse",,,"Bicycle, car and ship mechanics, not further specified",,,fable-5-edu,crosswalk_edu_disced,medium,danish,EDU_disced_305010,program,73954,66051,0.007316,,
EDU_disced_70355015,EDU,disced,70355015,"Naturvidenskab, LVU (compound: 70355015)","Matematik og økonomi, LVU",,,"Mathematics and economics, LVU",,,fable-5-edu,crosswalk_edu_disced,medium,danish,EDU_disced_703550,program,3824,2394,0.000265,,
EDU_disced_50581010,EDU,disced,50581010,"Teknisk, MVU (compound: 50581010)","Teknisk uden nærmere angivelse, MVU",,,"Technical, not further specified, MVU",,,fable-5-edu,crosswalk_edu_disced,medium,danish,EDU_disced_505810,program,10977,10078,0.001116,,
EDU_disced_50583015,EDU,disced,50583015,"Teknisk, MVU (compound: 50583015)","Maskinteknisk i øvrigt, MVU",,,"Other mechanical engineering, MVU",,,fable-5-edu,crosswalk_edu_disced,medium,danish,EDU_disced_505830,program,13591,8179,0.000906,,
EDU_disced_70393010,EDU,disced,70393010,"Samfundsvidenskab, LVU (compound: 70393010)","Jura, LVU",,,"Law, LVU",,,fable-5-edu,crosswalk_edu_disced,medium,danish,EDU_disced_703930,program,81950,47996,0.005316,,
EDU_disced_80393510,EDU,disced,80393510,"Samfundsvidenskab, Ph.d. (compound: 80393510)","Statskundskab, Ph.d.",,,"Political science, Ph.d.",,,fable-5-edu,crosswalk_edu_disced,medium,danish,EDU_disced_803935,program,11686,6869,0.000761,,
EDU_disced_40581515,EDU,disced,40581515,"Teknisk, KVU (compound: 40581515)","Byggeri- og anlægsteknik i øvrigt, KVU",,,"Other building and civil engineering, KVU",,,fable-5-edu,crosswalk_edu_disced,medium,danish,EDU_disced_405815,program,33685,19672,0.002179,,
EDU_disced_50581510,EDU,disced,50581510,"Teknisk, MVU (compound: 50581510)","Bygningskonstruktør, MVU",,,"Constructing architect, MVU",,,fable-5-edu,crosswalk_edu_disced,medium,danish,EDU_disced_505815,program,80780,44830,0.004965,,
EDU_disced_70301510,EDU,disced,70301510,"Kunstnerisk, LVU (compound: 70301510)","Arkitektur, LVU",,,"Architecture, LVU",,,fable-5-edu,crosswalk_edu_disced,medium,danish,EDU_disced_703015,program,25947,16245,0.001799,,
EDU_disced_29251050,EDU,disced,29251050,"Teknologi, byggeri og transport (TBT), grundforløb (compound: 29251050)","Teknologi og kommunikation, grundforløb",,,"Technology and communication, basic course",,,fable-5-edu,crosswalk_edu_disced,medium,danish,EDU_disced_292510,program,194520,120129,0.013305,,
EDU_disced_40383010,EDU,disced,40383010,"Samfundsfaglig, Økonomisk-Merkantil, KVU (compound: 40383010)","Serviceøkonom mv., KVU",,,"Service economist etc., KVU",,,fable-5-edu,crosswalk_edu_disced,medium,danish,EDU_disced_403830,program,39867,23047,0.002553,,
EDU_disced_70395010,EDU,disced,70395010,"Samfundsvidenskab, LVU (compound: 70395010)","Økonomi, LVU",,,"Economics, LVU",,,fable-5-edu,crosswalk_edu_disced,medium,danish,EDU_disced_703950,program,33446,21547,0.002387,,
EDU_disced_30351510,EDU,disced,30351510,Byggeriområdet (TBT) (compound: 30351510),Brolægger og struktør mv.,,,Paver and structural worker etc.,,,fable-5-edu,crosswalk_edu_disced,medium,danish,EDU_disced_303515,program,23862,11233,0.001244,,
EDU_disced_30201510,EDU,disced,30201510,Fødevarer mv. (FJO) (compound: 30201510),Detailslagter,,,Retail butcher,,,fable-5-edu,crosswalk_edu_disced,medium,danish,EDU_disced_302015,program,40716,22306,0.002471,,
EDU_disced_30355510,EDU,disced,30355510,Byggeriområdet (TBT) (compound: 30355510),Boligmontering og møbelpolstring mv.,,,Home furnishing and furniture upholstery etc.,,,fable-5-edu,crosswalk_edu_disced,medium,danish,EDU_disced_303555,program,3049,1910,0.000212,,
EDU_disced_40751510,EDU,disced,40751510,"Fødevarer, bio- og laboratorieteknik, KVU (compound: 40751510)","Laboratorie-, fødevare- og procesteknologi, KVU",,,"Laboratory, food and process technology, KVU",,,fable-5-edu,crosswalk_edu_disced,medium,danish,EDU_disced_407515,program,21517,12753,0.001412,,
EDU_disced_50752010,EDU,disced,50752010,"Fødevarer, Bio- og laboratorieteknik, MVU (compound: 50752010)","Ernæring og sundhed, MVU",,,"Nutrition and health, MVU",,,fable-5-edu,crosswalk_edu_disced,medium,danish,EDU_disced_507520,program,33474,17017,0.001885,,
EDU_disced_20204010,EDU,disced,20204010,Erhvervsrettede gymnasiale uddannelser (compound: 20204010),Htx,,,HTX (higher technical examination),,,fable-5-edu,crosswalk_edu_disced,medium,danish,EDU_disced_202040,program,430248,137329,0.01521,,
EDU_disced_40582015,EDU,disced,40582015,"Teknisk, KVU (compound: 40582015)","It-uddannelser, KVU",,,"IT programmes, KVU",,,fable-5-edu,crosswalk_edu_disced,medium,danish,EDU_disced_405820,program,60712,38254,0.004237,,
EDU_disced_30251020,EDU,disced,30251020,Jordbrug og natur (FJO) (compound: 30251020),"Landmand, efteruddannelse",,,"Farmer, further education",,,fable-5-edu,crosswalk_edu_disced,medium,danish,EDU_disced_302510,program,66414,33713,0.003734,,
EDU_disced_50891510,EDU,disced,50891510,"Sundhedsfaglig, MVU (compound: 50891510)","Ergo- og fysioterapeut, MVU",,,"Occupational therapist and physiotherapist, MVU",,,fable-5-edu,crosswalk_edu_disced,medium,danish,EDU_disced_508915,program,137242,55659,0.006165,,
EDU_disced_70592510,EDU,disced,70592510,"Teknisk videnskab, LVU (compound: 70592510)","Bygnings- og anlægsteknik, LVU",,,"Building and civil engineering, LVU",,,fable-5-edu,crosswalk_edu_disced,medium,danish,EDU_disced_705925,program,22898,10850,0.001202,,
EDU_disced_70391510,EDU,disced,70391510,"Samfundsvidenskab, LVU (compound: 70391510)","Administration, forvaltning og ledelse, LVU",,,"Administration, public governance and management, LVU",,,fable-5-edu,crosswalk_edu_disced,medium,danish,EDU_disced_703915,program,55209,33812,0.003745,,
EDU_disced_29251015,EDU,disced,29251015,"Teknologi, byggeri og transport (TBT), grundforløb (compound: 29251015)","Bygge og anlæg, grundforløb",,,"Building and construction, basic course",,,fable-5-edu,crosswalk_edu_disced,medium,danish,EDU_disced_292510,program,376928,212807,0.02357,,
EDU_disced_35201010,EDU,disced,35201010,Adgangseksamen - videregående uddannelse (compound: 35201010),Adgangseksamen - videregående uddannelse,,,Entrance examination for higher education,,,fable-5-edu,crosswalk_edu_disced,medium,danish,EDU_disced_352010,program,69506,40305,0.004464,,
EDU_disced_50582510,EDU,disced,50582510,"Teknisk, MVU (compound: 50582510)","Energi- og stærkstrømsteknisk, MVU",,,"Energy and high-voltage engineering, MVU",,,fable-5-edu,crosswalk_edu_disced,medium,danish,EDU_disced_505825,program,3015,1619,0.000179,,
EDU_disced_50893510,EDU,disced,50893510,"Sundhedsfaglig, MVU (compound: 50893510)","Sygepleje og sundhedspleje, MVU",,,"Nursing and health visiting, MVU",,,fable-5-edu,crosswalk_edu_disced,medium,danish,EDU_disced_508935,program,430348,179870,0.019922,,
EDU_disced_30354010,EDU,disced,30354010,Byggeriområdet (TBT) (compound: 30354010),Tømrer mv.,,,Carpenter etc.,,,fable-5-edu,crosswalk_edu_disced,medium,danish,EDU_disced_303540,program,241203,127155,0.014083,,
EDU_disced_70591010,EDU,disced,70591010,"Teknisk videnskab, LVU (compound: 70591010)","Teknisk videnskab uden nærmere angivelse, LVU",,,"Engineering science, not further specified, LVU",,,fable-5-edu,crosswalk_edu_disced,medium,danish,EDU_disced_705910,program,54921,40303,0.004464,,
EDU_disced_70351710,EDU,disced,70351710,"Naturvidenskab, LVU (compound: 70351710)","Biologi, LVU",,,"Biology, LVU",,,fable-5-edu,crosswalk_edu_disced,medium,danish,EDU_disced_703517,program,27056,16008,0.001773,,
EDU_disced_30154510,EDU,disced,30154510,"Kontor, handel og forretningsservice (KHF) (compound: 30154510)",Merkantile uddannelser i øvrigt,,,Other mercantile programmes,,,fable-5-edu,crosswalk_edu_disced,medium,danish,EDU_disced_301545,program,31093,18160,0.002011,,
EDU_disced_70396010,EDU,disced,70396010,"Samfundsvidenskab, LVU (compound: 70396010)","Erhvervsøkonomi, cand.merc., LVU",,,"Business economics, cand.merc., LVU",,,fable-5-edu,crosswalk_edu_disced,medium,danish,EDU_disced_703960,program,153035,85331,0.009451,,
EDU_disced_30502010,EDU,disced,30502010,"Teknologiområdet, cykel-, auto- og skibsmekanik mv. (TBT) (compound: 30502010)",Karosseriuddannelse,,,Vehicle body programme,,,fable-5-edu,crosswalk_edu_disced,medium,danish,EDU_disced_305020,program,19370,9420,0.001043,,
EDU_disced_29251045,EDU,disced,29251045,"Teknologi, byggeri og transport (TBT), grundforløb (compound: 29251045)","Strøm, styring og it, grundforløb",,,"Electricity, control systems and IT, basic course",,,fable-5-edu,crosswalk_edu_disced,medium,danish,EDU_disced_292510,program,51931,31694,0.00351,,
EDU_disced_30403020,EDU,disced,30403020,"Teknologiområdet, strøm og elektronik mv. (TBT) (compound: 30403020)",Procesoperatør,,,Process operator,,,fable-5-edu,crosswalk_edu_disced,medium,danish,EDU_disced_304030,program,9411,5256,0.000582,,
EDU_disced_70351010,EDU,disced,70351010,"Naturvidenskab, LVU (compound: 70351010)","Naturvidenskab uden nærmere angivelse, LVU",,,"Natural sciences, not further specified, LVU",,,fable-5-edu,crosswalk_edu_disced,medium,danish,EDU_disced_703510,program,10399,8044,0.000891,,
EDU_disced_70356010,EDU,disced,70356010,"Naturvidenskab, LVU (compound: 70356010)","Datalogi og datahåndtering, LVU",,,"Computer science and data management, LVU",,,fable-5-edu,crosswalk_edu_disced,medium,danish,EDU_disced_703560,program,10825,7180,0.000795,,
EDU_disced_50258015,EDU,disced,50258015,"Humanistisk og teologisk, MVU (compound: 50258015)","Flere erhvervssprog, korrespondent, MVU",,,"Several business languages, correspondent, MVU",,,fable-5-edu,crosswalk_edu_disced,medium,danish,EDU_disced_502580,program,26978,17859,0.001978,,
EDU_disced_70252710,EDU,disced,70252710,"Humanistisk og teologisk, LVU (compound: 70252710)","Litteraturvidenskab, LVU",,,"Comparative literature, LVU",,,fable-5-edu,crosswalk_edu_disced,medium,danish,EDU_disced_702527,program,8401,5259,0.000582,,
EDU_disced_30203010,EDU,disced,30203010,Fødevarer mv. (FJO) (compound: 30203010),Ernæringsassistenter,,,Nutrition assistants,,,fable-5-edu,crosswalk_edu_disced,medium,danish,EDU_disced_302030,program,59930,31739,0.003515,,
EDU_disced_30354510,EDU,disced,30354510,Byggeriområdet (TBT) (compound: 30354510),Vvs-teknik,,,Plumbing (VVS) technology,,,fable-5-edu,crosswalk_edu_disced,medium,danish,EDU_disced_303545,program,79800,41383,0.004584,,
EDU_disced_70355010,EDU,disced,70355010,"Naturvidenskab, LVU (compound: 70355010)","Matematik, LVU",,,"Mathematics, LVU",,,fable-5-edu,crosswalk_edu_disced,medium,danish,EDU_disced_703550,program,25790,22100,0.002448,,
EDU_disced_80351010,EDU,disced,80351010,"Naturvidenskab, Ph.d. (compound: 80351010)","Naturvidenskab uden nærmere angivelse, Ph.d.",,,"Natural sciences, not further specified, Ph.d.",,,fable-5-edu,crosswalk_edu_disced,medium,danish,EDU_disced_803510,program,19961,11329,0.001255,,
EDU_disced_30353010,EDU,disced,30353010,Byggeriområdet (TBT) (compound: 30353010),Murer,,,Bricklayer,,,fable-5-edu,crosswalk_edu_disced,medium,danish,EDU_disced_303530,program,89615,50346,0.005576,,
EDU_disced_15205030,EDU,disced,15205030,Introducerende og erhvervsrettede forløb (compound: 15205030),"Erhvervsintroduktion, kurser",,,"Introduction to trades, courses",,,fable-5-edu,crosswalk_edu_disced,medium,danish,EDU_disced_152050,program,215904,117526,0.013017,,
EDU_disced_50592510,EDU,disced,50592510,"Teknisk videnskab, MVU (compound: 50592510)","Bygnings- og anlægsteknik, MVU",,,"Building and civil engineering, MVU",,,fable-5-edu,crosswalk_edu_disced,medium,danish,EDU_disced_505925,program,15654,11048,0.001224,,
EDU_disced_70804510,EDU,disced,70804510,"Jordbrug, natur og miljø, LVU (compound: 70804510)","Landskabsarkitektur og -forvaltning, LVU",,,"Landscape architecture and management, LVU",,,fable-5-edu,crosswalk_edu_disced,medium,danish,EDU_disced_708045,program,7118,3607,0.0004,,
EDU_disced_70905510,EDU,disced,70905510,"Sundhedsvidenskab, LVU (compound: 70905510)","Odontologi, LVU",,,"Odontology (dentistry), LVU",,,fable-5-edu,crosswalk_edu_disced,medium,danish,EDU_disced_709055,program,21709,11970,0.001326,,
EDU_disced_70593010,EDU,disced,70593010,"Teknisk videnskab, LVU (compound: 70593010)","Tele-, data- og it-teknologi mv., LVU",,,"Tele, data and IT technology etc., LVU",,,fable-5-edu,crosswalk_edu_disced,medium,danish,EDU_disced_705930,program,19576,10460,0.001159,,
EDU_disced_30559020,EDU,disced,30559020,"Teknologiområdet, maskinteknik og produktion (TBT) (compound: 30559020)",Teknisk designer,,,Technical designer,,,fable-5-edu,crosswalk_edu_disced,medium,danish,EDU_disced_305590,program,103320,52848,0.005853,,
EDU_disced_40751590,EDU,disced,40751590,"Fødevarer, bio- og laboratorieteknik, KVU (compound: 40751590)","Laboratorie-, fødevare- og procesteknologi i øvrigt, KVU",,,"Other laboratory, food and process technology, KVU",,,fable-5-edu,crosswalk_edu_disced,medium,danish,EDU_disced_407515,program,8870,5599,0.00062,,
EDU_disced_50581515,EDU,disced,50581515,"Teknisk, MVU (compound: 50581515)","Byggeri- og anlægsteknik i øvrigt, MVU",,,"Other building and civil engineering, MVU",,,fable-5-edu,crosswalk_edu_disced,medium,danish,EDU_disced_505815,program,31638,16571,0.001835,,
EDU_disced_30302010,EDU,disced,30302010,Oplevelsesområdet (FJO) (compound: 30302010),Frisør,,,Hairdresser,,,fable-5-edu,crosswalk_edu_disced,medium,danish,EDU_disced_303020,program,85626,51297,0.005682,,
EDU_disced_30251510,EDU,disced,30251510,Jordbrug og natur (FJO) (compound: 30251510),Anlægsgartner,,,Landscape Gardener,,,fable-5-edu,crosswalk_edu_disced,medium,danish,EDU_disced_302515,program,25516,14197,0.001572,,
EDU_disced_70356020,EDU,disced,70356020,"Naturvidenskab, LVU (compound: 70356020)","Informatik, LVU",,,"Informatics, LVU",,,fable-5-edu,crosswalk_edu_disced,medium,danish,EDU_disced_703560,program,9218,5228,0.000579,,
EDU_disced_60802010,EDU,disced,60802010,"Jordbrug, natur og miljø, BACH (compound: 60802010)","Jordbrugsvidenskab, BACH",,,"Agricultural science, BACH",,,fable-5-edu,crosswalk_edu_disced,medium,danish,EDU_disced_608020,program,2818,1678,0.000186,,
EDU_disced_70802010,EDU,disced,70802010,"Jordbrug, natur og miljø, LVU (compound: 70802010)","Jordbrugsvidenskab, LVU",,,"Agricultural science, LVU",,,fable-5-edu,crosswalk_edu_disced,medium,danish,EDU_disced_708020,program,12191,7202,0.000798,,
EDU_disced_30102020,EDU,disced,30102020,"Omsorg, sundhed og pædagogik (OSP) (compound: 30102020)",Social- og sundhedsassistent,,,Social and Health Assistant,,,fable-5-edu,crosswalk_edu_disced,medium,danish,EDU_disced_301020,program,340285,173130,0.019176,,
EDU_disced_30402010,EDU,disced,30402010,"Teknologiområdet, strøm og elektronik mv. (TBT) (compound: 30402010)",Data- og kommunikationsteknik,,,Data and communication technology,,,fable-5-edu,crosswalk_edu_disced,medium,danish,EDU_disced_304020,program,51898,27645,0.003062,,
EDU_disced_30102510,EDU,disced,30102510,"Omsorg, sundhed og pædagogik (OSP) (compound: 30102510)",Hospitalsteknisk assistent,,,Hospitalsteknisk assistent,,,fable-5-edu,crosswalk_edu_disced,medium,danish,EDU_disced_301025,program,2621,1571,0.000174,,
EDU_disced_60258510,EDU,disced,60258510,"Humanistisk og teologisk, BACH (compound: 60258510)","Erhvervssproglige bachelorer, BACH",,,"Business language bachelors, BACH",,,fable-5-edu,crosswalk_edu_disced,medium,danish,EDU_disced_602585,program,22863,13970,0.001547,,
EDU_disced_40951010,EDU,disced,40951010,"Politi og forsvar mv., KVU (compound: 40951010)","Politi og forsvar uden nærmere angivelse, KVU",,,"Police and defence, not further specified, KVU",,,fable-5-edu,crosswalk_edu_disced,medium,danish,EDU_disced_409510,program,43832,24318,0.002693,,
EDU_disced_70256510,EDU,disced,70256510,"Humanistisk og teologisk, LVU (compound: 70256510)","Engelsk, LVU",,,"English, LVU",,,fable-5-edu,crosswalk_edu_disced,medium,danish,EDU_disced_702565,program,22144,12842,0.001422,,
EDU_disced_50591520,EDU,disced,50591520,"Teknisk videnskab, MVU (compound: 50591520)","Kemisk og biokemisk teknologi, MVU",,,"Chemical and biochemical technology, MVU",,,fable-5-edu,crosswalk_edu_disced,medium,danish,EDU_disced_505915,program,5870,3823,0.000423,,
EDU_disced_50253510,EDU,disced,50253510,"Humanistisk og teologisk, MVU (compound: 50253510)",Biblioteks- og informationsuddannelser,,,Library and information programmes,,,fable-5-edu,crosswalk_edu_disced,medium,danish,EDU_disced_502535,program,19864,11131,0.001233,,
EDU_disced_50595010,EDU,disced,50595010,"Teknisk videnskab, MVU (compound: 50595010)","Maskinteknik og maskinkonstruktion, MVU",,,"Mechanical engineering and machine design, MVU",,,fable-5-edu,crosswalk_edu_disced,medium,danish,EDU_disced_505950,program,14833,10965,0.001214,,
EDU_disced_20103020,EDU,disced,20103020,Alment gymnasiale uddannelser (compound: 20103020),Matematisk studenterkursus,,,Matematisk studenterkursus,,,fable-5-edu,crosswalk_edu_disced,medium,danish,EDU_disced_201030,program,31344,18769,0.002079,,
EDU_disced_30555010,EDU,disced,30555010,"Teknologiområdet, maskinteknik og produktion (TBT) (compound: 30555010)",Plastmager,,,Plastics fabricator,,,fable-5-edu,crosswalk_edu_disced,medium,danish,EDU_disced_305550,program,5997,2964,0.000328,,
EDU_disced_30401510,EDU,disced,30401510,"Teknologiområdet, strøm og elektronik mv. (TBT) (compound: 30401510)",Automatik og automationsproces,,,Automatics and automation processes,,,fable-5-edu,crosswalk_edu_disced,medium,danish,EDU_disced_304015,program,25735,12473,0.001381,,
EDU_disced_50582015,EDU,disced,50582015,"Teknisk, MVU (compound: 50582015)","It-uddannelser, MVU",,,"IT programmes, MVU",,,fable-5-edu,crosswalk_edu_disced,medium,danish,EDU_disced_505820,program,17873,9453,0.001047,,
EDU_disced_70393510,EDU,disced,70393510,"Samfundsvidenskab, LVU (compound: 70393510)","Statskundskab, LVU",,,"Political science, LVU",,,fable-5-edu,crosswalk_edu_disced,medium,danish,EDU_disced_703935,program,20796,17883,0.001981,,
EDU_disced_30201010,EDU,disced,30201010,Fødevarer mv. (FJO) (compound: 30201010),Bager og konditor,,,Baker and Confectioner,,,fable-5-edu,crosswalk_edu_disced,medium,danish,EDU_disced_302010,program,59548,36138,0.004003,,
EDU_disced_30102010,EDU,disced,30102010,"Omsorg, sundhed og pædagogik (OSP) (compound: 30102010)",Social- og sundhedsuddannelse uden nærmere angivelse,,,"Social and health care programme, not further specified",,,fable-5-edu,crosswalk_edu_disced,medium,danish,EDU_disced_301020,program,90407,79752,0.008833,,
EDU_disced_40382010,EDU,disced,40382010,"Samfundsfaglig, Økonomisk-Merkantil, KVU (compound: 40382010)","Finansøkonom mv., KVU",,,"Financial economist etc., KVU",,,fable-5-edu,crosswalk_edu_disced,medium,danish,EDU_disced_403820,program,74541,48618,0.005385,,
EDU_disced_40582410,EDU,disced,40582410,"Teknisk, KVU (compound: 40582410)","Installatør af stærkstrøms- og vvs-teknik uden nærmere angivelse, KVU",,,"Installer of electrical and plumbing technology, not further specified, KVU",,,fable-5-edu,crosswalk_edu_disced,medium,danish,EDU_disced_405824,program,8329,5663,0.000627,,
EDU_disced_70255210,EDU,disced,70255210,"Humanistisk og teologisk, LVU (compound: 70255210)","Dansk-nordisk sprog og litteratur, LVU",,,"Danish-Nordic language and literature, LVU",,,fable-5-edu,crosswalk_edu_disced,medium,danish,EDU_disced_702552,program,26548,14630,0.00162,,
EDU_disced_30156010,EDU,disced,30156010,"Kontor, handel og forretningsservice (KHF) (compound: 30156010)",Serviceassistentuddannelse,,,Service assistant programme,,,fable-5-edu,crosswalk_edu_disced,medium,danish,EDU_disced_301560,program,27622,13360,0.00148,,
EDU_disced_30501510,EDU,disced,30501510,"Teknologiområdet, cykel-, auto- og skibsmekanik mv. (TBT) (compound: 30501510)",Cykel- og motorcykelmekaniker,,,Bicycle and Motorcycle Mechanic,,,fable-5-edu,crosswalk_edu_disced,medium,danish,EDU_disced_305015,program,9613,4644,0.000514,,
EDU_disced_50894010,EDU,disced,50894010,"Sundhedsfaglig, MVU (compound: 50894010)","Tandplejer og klinisk tandteknik, MVU",,,"Dental hygienist and clinical dental technology, MVU",,,fable-5-edu,crosswalk_edu_disced,medium,danish,EDU_disced_508940,program,13617,6158,0.000682,,
EDU_disced_30501520,EDU,disced,30501520,"Teknologiområdet, cykel-, auto- og skibsmekanik mv. (TBT) (compound: 30501520)",Entreprenør- og landbrugsmaskinmekaniker,,,Construction and agricultural machinery mechanic,,,fable-5-edu,crosswalk_edu_disced,medium,danish,EDU_disced_305015,program,45677,26808,0.002969,,
EDU_disced_70353710,EDU,disced,70353710,"Naturvidenskab, LVU (compound: 70353710)","Geografi, LVU",,,"Geography, LVU",,,fable-5-edu,crosswalk_edu_disced,medium,danish,EDU_disced_703537,program,8378,5505,0.00061,,
EDU_disced_60251010,EDU,disced,60251010,"Humanistisk og teologisk, BACH (compound: 60251010)","Humanistisk uden nærmere angivelse, BACH",,,"Humanities, not further specified, BACH",,,fable-5-edu,crosswalk_edu_disced,medium,danish,EDU_disced_602510,program,34928,18121,0.002007,,
EDU_disced_70254510,EDU,disced,70254510,"Humanistisk og teologisk, LVU (compound: 70254510)","Religion og religionsvidenskab, LVU",,,"Religion and religious studies, LVU",,,fable-5-edu,crosswalk_edu_disced,medium,danish,EDU_disced_702545,program,5963,3444,0.000381,,
EDU_disced_40583015,EDU,disced,40583015,"Teknisk, KVU (compound: 40583015)","Maskinteknisk i øvrigt, KVU",,,"Other mechanical engineering, KVU",,,fable-5-edu,crosswalk_edu_disced,medium,danish,EDU_disced_405830,program,22929,13313,0.001475,,
EDU_disced_30556510,EDU,disced,30556510,"Teknologiområdet, maskinteknik og produktion (TBT) (compound: 30556510)",Finmekaniker,,,Fin mechanic,,,fable-5-edu,crosswalk_edu_disced,medium,danish,EDU_disced_305565,program,9440,5741,0.000636,,
EDU_disced_70306540,EDU,disced,70306540,"Kunstnerisk, LVU (compound: 70306540)","Musik og musikpædagogik, LVU",,,"Music and music pedagogy, LVU",,,fable-5-edu,crosswalk_edu_disced,medium,danish,EDU_disced_703065,program,20069,11418,0.001265,,
EDU_disced_30452520,EDU,disced,30452520,"Teknologiområdet, grafisk teknik og medieproduktion (TBT) (compound: 30452520)",Mediegrafiker,,,Media graphic designer,,,fable-5-edu,crosswalk_edu_disced,medium,danish,EDU_disced_304525,program,36616,23691,0.002624,,
EDU_disced_30453010,EDU,disced,30453010,"Teknologiområdet, grafisk teknik og medieproduktion (TBT) (compound: 30453010)",Grafisk tekniker,,,Graphic technician,,,fable-5-edu,crosswalk_edu_disced,medium,danish,EDU_disced_304530,program,25811,15802,0.00175,,
EDU_disced_60306010,EDU,disced,60306010,"Kunstnerisk, BACH (compound: 60306010)","Konservering - restaurering uden nærmere angivelse, BACH",,,"Conservation-restoration, not further specified, BACH",,,fable-5-edu,crosswalk_edu_disced,medium,danish,EDU_disced_603060,program,1103,662,7.3e-05,,
EDU_disced_70306010,EDU,disced,70306010,"Kunstnerisk, LVU (compound: 70306010)","Konservering - restaurering uden nærmere angivelse, LVU",,,"Conservation-restoration, not further specified, LVU",,,fable-5-edu,crosswalk_edu_disced,medium,danish,EDU_disced_703060,program,702,404,4.5e-05,,
EDU_disced_30554510,EDU,disced,30554510,"Teknologiområdet, maskinteknik og produktion (TBT) (compound: 30554510)",Værktøjsuddannelser,,,Tooling programmes,,,fable-5-edu,crosswalk_edu_disced,medium,danish,EDU_disced_305545,program,21156,12366,0.00137,,
EDU_disced_30155510,EDU,disced,30155510,"Kontor, handel og forretningsservice (KHF) (compound: 30155510)",Ejendomsservicetekniker,,,Ejendomsservice technician,,,fable-5-edu,crosswalk_edu_disced,medium,danish,EDU_disced_301555,program,12135,5793,0.000642,,
EDU_disced_50891210,EDU,disced,50891210,"Sundhedsfaglig, MVU (compound: 50891210)","Bioanalytiker, MVU",,,"Biomedical laboratory scientist, MVU",,,fable-5-edu,crosswalk_edu_disced,medium,danish,EDU_disced_508912,program,49899,21136,0.002341,,
EDU_disced_40892510,EDU,disced,40892510,"Sundhedsfaglig, KVU (compound: 40892510)","Omsorgsarbejde, KVU",,,"Care work, KVU",,,fable-5-edu,crosswalk_edu_disced,medium,danish,EDU_disced_408925,program,1135,784,8.7e-05,,
EDU_disced_30201515,EDU,disced,30201515,Fødevarer mv. (FJO) (compound: 30201515),Industrislagter,,,Industrial butcher [completed qualification],,,fable-5-edu,crosswalk_edu_disced,medium,danish,EDU_disced_302015,program,22008,16470,0.001824,,
EDU_disced_30653510,EDU,disced,30653510,Transport og logistikområdet (TBT) (compound: 30653510),"Chauffør mv., personbefordring",,,"Driver etc., passenger transport",,,fable-5-edu,crosswalk_edu_disced,medium,danish,EDU_disced_306535,program,9902,5099,0.000565,,
EDU_disced_30204010,EDU,disced,30204010,Fødevarer mv. (FJO) (compound: 30204010),Tjener,,,Waiter,,,fable-5-edu,crosswalk_edu_disced,medium,danish,EDU_disced_302040,program,33015,19217,0.002128,,
EDU_disced_50593010,EDU,disced,50593010,"Teknisk videnskab, MVU (compound: 50593010)","Tele-, data- og it-teknologi mv., teknisk videnskab, MVU",,,"Tele, data and IT technology etc., engineering science, MVU",,,fable-5-edu,crosswalk_edu_disced,medium,danish,EDU_disced_505930,program,749,414,4.6e-05,,
EDU_disced_50582010,EDU,disced,50582010,"Teknisk, MVU (compound: 50582010)","Tele-, data- og it-teknologi mv., teknisk, MVU",,,"Tele, data and IT technology etc., technical, MVU",,,fable-5-edu,crosswalk_edu_disced,medium,danish,EDU_disced_505820,program,23763,14253,0.001579,,
EDU_disced_50589510,EDU,disced,50589510,"Teknisk, MVU (compound: 50589510)","Teknik og forretningsudvikling, MVU",,,"Technology and business development, MVU",,,fable-5-edu,crosswalk_edu_disced,medium,danish,EDU_disced_505895,program,4072,2630,0.000291,,
EDU_disced_40585020,EDU,disced,40585020,"Teknisk, KVU (compound: 40585020)","Teknisk, produktion og produktudvikling i øvrigt, KVU",,,"Other technical, production and product development, KVU",,,fable-5-edu,crosswalk_edu_disced,medium,danish,EDU_disced_405850,program,17689,10303,0.001141,,
EDU_disced_80801010,EDU,disced,80801010,"Jordbrug, natur og miljø, Ph.d. (compound: 80801010)","Jordbrug, natur og miljø uden nærmere angivelse, Ph.d.",,,"Agriculture, nature and environment, not further specified, Ph.d.",,,fable-5-edu,crosswalk_edu_disced,medium,danish,EDU_disced_808010,program,7930,4323,0.000479,,
EDU_disced_30251515,EDU,disced,30251515,Jordbrug og natur (FJO) (compound: 30251515),Produktionsgartner,,,Produktionsgartner,,,fable-5-edu,crosswalk_edu_disced,medium,danish,EDU_disced_302515,program,5112,2722,0.000301,,
EDU_disced_30501525,EDU,disced,30501525,"Teknologiområdet, cykel-, auto- og skibsmekanik mv. (TBT) (compound: 30501525)",Flymekaniker,,,Fly mechanic [completed qualification],,,fable-5-edu,crosswalk_edu_disced,medium,danish,EDU_disced_305015,program,3564,1880,0.000208,,
EDU_disced_70258810,EDU,disced,70258810,"Humanistisk og teologisk, LVU (compound: 70258810)","Erhvervssprog, ling.merc., LVU",,,"Business language, ling.merc., LVU",,,fable-5-edu,crosswalk_edu_disced,medium,danish,EDU_disced_702588,program,25373,12442,0.001378,,
EDU_disced_30557010,EDU,disced,30557010,"Teknologiområdet, maskinteknik og produktion (TBT) (compound: 30557010)",Tekstil- og beklædningshåndværk,,,Textile and clothing crafts,,,fable-5-edu,crosswalk_edu_disced,medium,danish,EDU_disced_305570,program,39881,31284,0.003465,,
EDU_disced_60393510,EDU,disced,60393510,"Samfundsvidenskab, BACH (compound: 60393510)","Statskundskab, BACH",,,"Political science, BACH",,,fable-5-edu,crosswalk_edu_disced,medium,danish,EDU_disced_603935,program,25493,15345,0.0017,,
EDU_disced_70391010,EDU,disced,70391010,"Samfundsvidenskab, LVU (compound: 70391010)","Samfundsvidenskab uden nærmere angivelse, LVU",,,"Social sciences, not further specified, LVU",,,fable-5-edu,crosswalk_edu_disced,medium,danish,EDU_disced_703910,program,38014,28731,0.003182,,
EDU_disced_70251215,EDU,disced,70251215,"Humanistisk og teologisk, LVU (compound: 70251215)","Arkæologi, klassisk, LVU",,,"Archaeology, classical, LVU",,,fable-5-edu,crosswalk_edu_disced,medium,danish,EDU_disced_702512,program,1282,749,8.3e-05,,
EDU_disced_80252010,EDU,disced,80252010,"Humanistisk og teologisk, Ph.d. (compound: 80252010)","Filosofi, Ph.d.",,,"Philosophy, Ph.d.",,,fable-5-edu,crosswalk_edu_disced,medium,danish,EDU_disced_802520,program,10206,6110,0.000677,,
EDU_disced_29251035,EDU,disced,29251035,"Teknologi, byggeri og transport (TBT), grundforløb (compound: 29251035)","Produktion og udvikling, grundforløb",,,"Production and development, basic course",,,fable-5-edu,crosswalk_edu_disced,medium,danish,EDU_disced_292510,program,38308,23645,0.002619,,
EDU_disced_60305010,EDU,disced,60305010,"Kunstnerisk, BACH (compound: 60305010)","Designer uden nærmere angivelse, BACH",,,"Designer, not further specified, BACH",,,fable-5-edu,crosswalk_edu_disced,medium,danish,EDU_disced_603050,program,8792,7287,0.000807,,
EDU_disced_70305010,EDU,disced,70305010,"Kunstnerisk, LVU (compound: 70305010)","Designer uden nærmere angivelse, LVU",,,"Designer, not further specified, LVU",,,fable-5-edu,crosswalk_edu_disced,medium,danish,EDU_disced_703050,program,2523,2514,0.000278,,
EDU_disced_60255510,EDU,disced,60255510,"Humanistisk og teologisk, BACH (compound: 60255510)","Mellemøstens sprog uden nærmere angivelse, BACH",,,"Middle Eastern languages, not further specified, BACH",,,fable-5-edu,crosswalk_edu_disced,medium,danish,EDU_disced_602555,program,3042,1887,0.000209,,
EDU_disced_70255510,EDU,disced,70255510,"Humanistisk og teologisk, LVU (compound: 70255510)","Mellemøstens sprog uden nærmere angivelse, LVU",,,"Middle Eastern languages, not further specified, LVU",,,fable-5-edu,crosswalk_edu_disced,medium,danish,EDU_disced_702555,program,1839,1157,0.000128,,
EDU_disced_60255210,EDU,disced,60255210,"Humanistisk og teologisk, BACH (compound: 60255210)","Dansk-nordisk sprog og litteratur, BACH",,,"Danish-Nordic language and literature, BACH",,,fable-5-edu,crosswalk_edu_disced,medium,danish,EDU_disced_602552,program,9133,5893,0.000653,,
EDU_disced_70803010,EDU,disced,70803010,"Jordbrug, natur og miljø, LVU (compound: 70803010)","Veterinærmedicin, LVU",,,"Veterinary medicine, LVU",,,fable-5-edu,crosswalk_edu_disced,medium,danish,EDU_disced_708030,program,14126,7299,0.000808,,
EDU_disced_40582020,EDU,disced,40582020,"Teknisk, KVU (compound: 40582020)","Elektronik i øvrigt, KVU",,,"Other electronics, KVU",,,fable-5-edu,crosswalk_edu_disced,medium,danish,EDU_disced_405820,program,18813,10799,0.001196,,
EDU_disced_70252615,EDU,disced,70252615,"Humanistisk og teologisk, LVU (compound: 70252615)","Film og medievidenskab, LVU",,,"Film and media studies, LVU",,,fable-5-edu,crosswalk_edu_disced,medium,danish,EDU_disced_702526,program,9200,5348,0.000592,,
EDU_disced_30452010,EDU,disced,30452010,"Teknologiområdet, grafisk teknik og medieproduktion (TBT) (compound: 30452010)",Fotograf,,,Photographer,,,fable-5-edu,crosswalk_edu_disced,medium,danish,EDU_disced_304520,program,10182,7715,0.000854,,
EDU_disced_50952525,EDU,disced,50952525,"Politi og forsvar mv., MVU (compound: 50952525)","Officer i søværnet, MVU",,,"Officer in the navy, MVU",,,fable-5-edu,crosswalk_edu_disced,medium,danish,EDU_disced_509525,program,3314,1751,0.000194,,
EDU_disced_40582420,EDU,disced,40582420,"Teknisk, KVU (compound: 40582420)","Installatør af vvs-teknik, KVU",,,"Plumbing (VVS) installer, KVU",,,fable-5-edu,crosswalk_edu_disced,medium,danish,EDU_disced_405824,program,8401,5332,0.000591,,
EDU_disced_70752515,EDU,disced,70752515,"Fødevarer, Bio- og laboratorieteknik, LVU (compound: 70752515)","Mejeribrugsvidenskab, LVU",,,"Dairy science, LVU",,,fable-5-edu,crosswalk_edu_disced,medium,danish,EDU_disced_707525,program,2252,1203,0.000133,,
EDU_disced_80591010,EDU,disced,80591010,"Teknisk videnskab, Ph.d. (compound: 80591010)","Teknisk videnskab uden nærmere angivelse, Ph.d.",,,"Engineering science, not further specified, Ph.d.",,,fable-5-edu,crosswalk_edu_disced,medium,danish,EDU_disced_805910,program,26432,15402,0.001706,,
EDU_disced_30251015,EDU,disced,30251015,Jordbrug og natur (FJO) (compound: 30251015),Landbrugets lederuddannelse,,,Leadership Development in Agriculture,,,fable-5-edu,crosswalk_edu_disced,medium,danish,EDU_disced_302510,program,9372,4946,0.000548,,
EDU_disced_70905010,EDU,disced,70905010,"Sundhedsvidenskab, LVU (compound: 70905010)","Medicin, LVU",,,"Medicine, LVU",,,fable-5-edu,crosswalk_edu_disced,medium,danish,EDU_disced_709050,program,103615,55044,0.006097,,
EDU_disced_40801510,EDU,disced,40801510,"Jordbrug, natur og miljø, KVU (compound: 40801510)","Jordbrugsteknologisk, KVU",,,"Agricultural technology, KVU",,,fable-5-edu,crosswalk_edu_disced,medium,danish,EDU_disced_408015,program,16738,9268,0.001027,,
EDU_disced_30103010,EDU,disced,30103010,"Omsorg, sundhed og pædagogik (OSP) (compound: 30103010)",Tandklinikassistent,,,Dental clinic assistant,,,fable-5-edu,crosswalk_edu_disced,medium,danish,EDU_disced_301030,program,44666,27085,0.003,,
EDU_disced_30451510,EDU,disced,30451510,"Teknologiområdet, grafisk teknik og medieproduktion (TBT) (compound: 30451510)",Film- og tv-produktion,,,Film and TV production,,,fable-5-edu,crosswalk_edu_disced,medium,danish,EDU_disced_304515,program,4977,2682,0.000297,,
EDU_disced_35101010,EDU,disced,35101010,Gymnasial supplering (compound: 35101010),Flygtninge adgangskursus til videregående udd.,,,Refugee access course for higher education,,,fable-5-edu,crosswalk_edu_disced,medium,danish,EDU_disced_351010,program,6223,3533,0.000391,,
EDU_disced_50304510,EDU,disced,50304510,"Kunstnerisk, MVU (compound: 50304510)","Skuespiller, MVU",,,"Actor, MVU",,,fable-5-edu,crosswalk_edu_disced,medium,danish,EDU_disced_503045,program,2524,1498,0.000166,,
EDU_disced_60391010,EDU,disced,60391010,"Samfundsvidenskab, BACH (compound: 60391010)","Samfundsvidenskab uden nærmere angivelse, BACH",,,"Social sciences, not further specified, BACH",,,fable-5-edu,crosswalk_edu_disced,medium,danish,EDU_disced_603910,program,43426,22423,0.002484,,
EDU_disced_70594510,EDU,disced,70594510,"Teknisk videnskab, LVU (compound: 70594510)","Landinspektørvidenskab, LVU",,,"Chartered surveying science, LVU",,,fable-5-edu,crosswalk_edu_disced,medium,danish,EDU_disced_705945,program,3579,2393,0.000265,,
EDU_disced_60351010,EDU,disced,60351010,"Naturvidenskab, BACH (compound: 60351010)","Naturvidenskab uden nærmere angivelse, BACH",,,"Natural sciences, not further specified, BACH",,,fable-5-edu,crosswalk_edu_disced,medium,danish,EDU_disced_603510,program,15932,9324,0.001033,,
EDU_disced_40951510,EDU,disced,40951510,"Politi og forsvar mv., KVU (compound: 40951510)","Fængselsvæsnet, KVU",,,"The prison service, KVU",,,fable-5-edu,crosswalk_edu_disced,medium,danish,EDU_disced_409515,program,15648,8850,0.00098,,
EDU_disced_30202010,EDU,disced,30202010,Fødevarer mv. (FJO) (compound: 30202010),Tarmrenser,,,Gut cleaner,,,fable-5-edu,crosswalk_edu_disced,medium,danish,EDU_disced_302020,program,4996,2717,0.000301,,
EDU_disced_30601010,EDU,disced,30601010,Teknik- og industriuddannelser i øvrigt (TBT) (compound: 30601010),Glasmager,,,Glassmaker,,,fable-5-edu,crosswalk_edu_disced,medium,danish,EDU_disced_306010,program,419,361,4e-05,,
EDU_disced_30651010,EDU,disced,30651010,Transport og logistikområdet (TBT) (compound: 30651010),Transport og logistik uden nærmere angivelse,,,"Transport and logistics, not further specified",,,fable-5-edu,crosswalk_edu_disced,medium,danish,EDU_disced_306510,program,8450,7517,0.000833,,
EDU_disced_60259510,EDU,disced,60259510,"Humanistisk og teologisk, BACH (compound: 60259510)","Eskimologi, BACH",,,"Eskimology, BACH",,,fable-5-edu,crosswalk_edu_disced,medium,danish,EDU_disced_602595,program,393,254,2.8e-05,,
EDU_disced_70259510,EDU,disced,70259510,"Humanistisk og teologisk, LVU (compound: 70259510)","Eskimologi, LVU",,,"Eskimology, LVU",,,fable-5-edu,crosswalk_edu_disced,medium,danish,EDU_disced_702595,program,360,231,2.6e-05,,
EDU_disced_30653010,EDU,disced,30653010,Transport og logistikområdet (TBT) (compound: 30653010),Redderuddannelser,,,Rescue worker programmes,,,fable-5-edu,crosswalk_edu_disced,medium,danish,EDU_disced_306530,program,12385,6190,0.000686,,
EDU_disced_40894515,EDU,disced,40894515,"Sundhedsfaglig, KVU (compound: 40894515)","Farmakonom, KVU",,,"Pharmaconomist, KVU",,,fable-5-edu,crosswalk_edu_disced,medium,danish,EDU_disced_408945,program,22129,13077,0.001448,,
EDU_disced_70252620,EDU,disced,70252620,"Humanistisk og teologisk, LVU (compound: 70252620)","Dramaturgi og teatervidenskab, LVU",,,"Dramaturgy and theatre studies, LVU",,,fable-5-edu,crosswalk_edu_disced,medium,danish,EDU_disced_702526,program,4139,2331,0.000258,,
EDU_disced_50242510,EDU,disced,50242510,"Medier og kommunikation, MVU (compound: 50242510)","Journalist og journalistisk arbejde, MVU",,,"Journalist and journalistic work, MVU",,,fable-5-edu,crosswalk_edu_disced,medium,danish,EDU_disced_502425,program,27381,14195,0.001572,,
EDU_disced_50952520,EDU,disced,50952520,"Politi og forsvar mv., MVU (compound: 50952520)","Officer i hæren, MVU",,,"Officer in the army, MVU",,,fable-5-edu,crosswalk_edu_disced,medium,danish,EDU_disced_509525,program,7403,3917,0.000434,,
EDU_disced_60251210,EDU,disced,60251210,"Humanistisk og teologisk, BACH (compound: 60251210)","Arkæologi, forhistorisk, BACH",,,"Archaeology, prehistoric, BACH",,,fable-5-edu,crosswalk_edu_disced,medium,danish,EDU_disced_602512,program,2905,1599,0.000177,,
EDU_disced_70251210,EDU,disced,70251210,"Humanistisk og teologisk, LVU (compound: 70251210)","Arkæologi, forhistorisk, LVU",,,"Archaeology, prehistoric, LVU",,,fable-5-edu,crosswalk_edu_disced,medium,danish,EDU_disced_702512,program,3318,1813,0.000201,,
EDU_disced_60252710,EDU,disced,60252710,"Humanistisk og teologisk, BACH (compound: 60252710)","Litteraturvidenskab, BACH",,,"Comparative literature, BACH",,,fable-5-edu,crosswalk_edu_disced,medium,danish,EDU_disced_602527,program,3883,2483,0.000275,,
EDU_disced_60253210,EDU,disced,60253210,"Humanistisk og teologisk, BACH (compound: 60253210)","Journalistik, BACH",,,"Journalism, BACH",,,fable-5-edu,crosswalk_edu_disced,medium,danish,EDU_disced_602532,program,4863,2321,0.000257,,
EDU_disced_60253510,EDU,disced,60253510,"Humanistisk og teologisk, BACH (compound: 60253510)","Informationsvidenskab mv., BACH",,,"Information science etc., BACH",,,fable-5-edu,crosswalk_edu_disced,medium,danish,EDU_disced_602535,program,7695,4082,0.000452,,
EDU_disced_70952520,EDU,disced,70952520,"Politi og forsvar mv., LVU (compound: 70952520)","Officer i hæren, LVU",,,"Officer in the army, LVU",,,fable-5-edu,crosswalk_edu_disced,medium,danish,EDU_disced_709525,program,3706,1818,0.000201,,
EDU_disced_30353515,EDU,disced,30353515,Byggeriområdet (TBT) (compound: 30353515),Maskinsnedker mv.,,,Industrial joiner etc.,,,fable-5-edu,crosswalk_edu_disced,medium,danish,EDU_disced_303535,program,18251,10012,0.001109,,
EDU_disced_50751010,EDU,disced,50751010,"Fødevarer, Bio- og laboratorieteknik, MVU (compound: 50751010)","Fødevarer, Bio- og laboratorieteknik uden nærmere angivelse, MVU",,,"Food, bio- and laboratory technology, not further specified, MVU",,,fable-5-edu,crosswalk_edu_disced,medium,danish,EDU_disced_507510,program,1581,1142,0.000126,,
EDU_disced_70203020,EDU,disced,70203020,"Pædagogisk, LVU (compound: 70203020)","Pædagogik, LVU",,,"Pedagogy, LVU",,,fable-5-edu,crosswalk_edu_disced,medium,danish,EDU_disced_702030,program,32788,25267,0.002799,,
EDU_disced_60203020,EDU,disced,60203020,"Pædagogisk, BACH (compound: 60203020)","Pædagogik, BACH",,,"Pedagogy, BACH",,,fable-5-edu,crosswalk_edu_disced,medium,danish,EDU_disced_602030,program,3399,1855,0.000205,,
EDU_disced_70356040,EDU,disced,70356040,"Naturvidenskab, LVU (compound: 70356040)","Naturvidenskabelige it-uddannelser i øvrigt, LVU",,,"Other natural science IT programmes, LVU",,,fable-5-edu,crosswalk_edu_disced,medium,danish,EDU_disced_703560,program,7666,4030,0.000446,,
EDU_disced_70397010,EDU,disced,70397010,"Samfundsvidenskab, LVU (compound: 70397010)","Erhvervsøkonomi-erhvervssprog mv., negot., LVU",,,"Business economics and business language etc., negot., LVU",,,fable-5-edu,crosswalk_edu_disced,medium,danish,EDU_disced_703970,program,7365,3900,0.000432,,
EDU_disced_15201020,EDU,disced,15201020,Introducerende og erhvervsrettede forløb (compound: 15201020),"Husholdningskursus, andre",,,"Household course, other",,,fable-5-edu,crosswalk_edu_disced,medium,danish,EDU_disced_152010,program,11503,5602,0.00062,,
EDU_disced_60251220,EDU,disced,60251220,"Humanistisk og teologisk, BACH (compound: 60251220)","Arkæologi, middelalder, BACH",,,"Archaeology, medieval, BACH",,,fable-5-edu,crosswalk_edu_disced,medium,danish,EDU_disced_602512,program,931,503,5.6e-05,,
EDU_disced_70904510,EDU,disced,70904510,"Sundhedsvidenskab, LVU (compound: 70904510)","Sygeplejevidenskab, LVU",,,"Nursing science, LVU",,,fable-5-edu,crosswalk_edu_disced,medium,danish,EDU_disced_709045,program,4790,2775,0.000307,,
EDU_disced_60256310,EDU,disced,60256310,"Humanistisk og teologisk, BACH (compound: 60256310)","Østasiatiske sprog uden nærmere angivelse, BACH",,,"East Asian languages, not further specified, BACH",,,fable-5-edu,crosswalk_edu_disced,medium,danish,EDU_disced_602563,program,1816,1316,0.000146,,
EDU_disced_40589515,EDU,disced,40589515,"Teknisk, KVU (compound: 40589515)","Teknisk offshore, KVU",,,"Technical offshore, KVU",,,fable-5-edu,crosswalk_edu_disced,medium,danish,EDU_disced_405895,program,703,475,5.3e-05,,
EDU_disced_40859510,EDU,disced,40859510,"Maritimt, KVU (compound: 40859510)","Maritime uddannelser i øvrigt, KVU",,,"Other maritime programmes, KVU",,,fable-5-edu,crosswalk_edu_disced,medium,danish,EDU_disced_408595,program,1667,1313,0.000145,,
EDU_disced_30557510,EDU,disced,30557510,"Teknologiområdet, maskinteknik og produktion (TBT) (compound: 30557510)",Laboratorietandtekniker,,,Laboratorietand technician [completed qualification],,,fable-5-edu,crosswalk_edu_disced,medium,danish,EDU_disced_305575,program,7693,5162,0.000572,,
EDU_disced_30352510,EDU,disced,30352510,Byggeriområdet (TBT) (compound: 30352510),Glarmester,,,Glazier,,,fable-5-edu,crosswalk_edu_disced,medium,danish,EDU_disced_303525,program,6627,3701,0.00041,,
EDU_disced_60255525,EDU,disced,60255525,"Humanistisk og teologisk, BACH (compound: 60255525)","Persisk, BACH",,,"Persian, BACH",,,fable-5-edu,crosswalk_edu_disced,medium,danish,EDU_disced_602555,program,226,145,1.6e-05,,
EDU_disced_60253010,EDU,disced,60253010,"Humanistisk og teologisk, BACH (compound: 60253010)","Kommunikation og formidling, BACH",,,"Communication and dissemination, BACH",,,fable-5-edu,crosswalk_edu_disced,medium,danish,EDU_disced_602530,program,24832,13541,0.0015,,
EDU_disced_40585015,EDU,disced,40585015,"Teknisk, KVU (compound: 40585015)","Teknisk, tekstil- og beklædning, KVU",,,"Technical, textiles and clothing, KVU",,,fable-5-edu,crosswalk_edu_disced,medium,danish,EDU_disced_405850,program,2259,1277,0.000141,,
EDU_disced_15204010,EDU,disced,15204010,Introducerende og erhvervsrettede forløb (compound: 15204010),Særlige ungdomsuddannelser,,,Special youth education programmes,,,fable-5-edu,crosswalk_edu_disced,medium,danish,EDU_disced_152040,program,247251,116749,0.012931,,
EDU_disced_30202510,EDU,disced,30202510,Fødevarer mv. (FJO) (compound: 30202510),Mejeriuddannelse,,,Dairy programme,,,fable-5-edu,crosswalk_edu_disced,medium,danish,EDU_disced_302025,program,16577,9837,0.00109,,
EDU_disced_30501515,EDU,disced,30501515,"Teknologiområdet, cykel-, auto- og skibsmekanik mv. (TBT) (compound: 30501515)",Person- og lastvognsmekaniker,,,Car and truck mechanic,,,fable-5-edu,crosswalk_edu_disced,medium,danish,EDU_disced_305015,program,139925,116220,0.012872,,
EDU_disced_30251525,EDU,disced,30251525,Jordbrug og natur (FJO) (compound: 30251525),Gartner efteruddannelse,,,Gardener continuing education,,,fable-5-edu,crosswalk_edu_disced,medium,danish,EDU_disced_302515,program,5343,2643,0.000293,,
EDU_disced_40241510,EDU,disced,40241510,"Medier og kommunikation, KVU (compound: 40241510)","Multimediedesign, KVU",,,"Multimedia design, KVU",,,fable-5-edu,crosswalk_edu_disced,medium,danish,EDU_disced_402415,program,51185,30583,0.003387,,
EDU_disced_60593010,EDU,disced,60593010,"Teknisk videnskab, BACH (compound: 60593010)","Tele-, data- og it-teknologi mv., BACH",,,"Tele, data and IT technology etc., BACH",,,fable-5-edu,crosswalk_edu_disced,medium,danish,EDU_disced_605930,program,9855,5681,0.000629,,
EDU_disced_70252210,EDU,disced,70252210,"Humanistisk og teologisk, LVU (compound: 70252210)","Historie, LVU",,,"History, LVU",,,fable-5-edu,crosswalk_edu_disced,medium,danish,EDU_disced_702522,program,26707,14297,0.001584,,
EDU_disced_70253010,EDU,disced,70253010,"Humanistisk og teologisk, LVU (compound: 70253010)","Kommunikation og formidling, LVU",,,"Communication and dissemination, LVU",,,fable-5-edu,crosswalk_edu_disced,medium,danish,EDU_disced_702530,program,16939,9215,0.001021,,
EDU_disced_60804510,EDU,disced,60804510,"Jordbrug, natur og miljø, BACH (compound: 60804510)","Landskabsarkitektur og -forvaltning, BACH",,,"Landscape architecture and management, BACH",,,fable-5-edu,crosswalk_edu_disced,medium,danish,EDU_disced_608045,program,3855,2068,0.000229,,
EDU_disced_40585010,EDU,disced,40585010,"Teknisk, KVU (compound: 40585010)","Designteknolog, KVU",,,"Design technologist, KVU",,,fable-5-edu,crosswalk_edu_disced,medium,danish,EDU_disced_405850,program,28334,15078,0.00167,,
EDU_disced_50859510,EDU,disced,50859510,"Maritimt, MVU (compound: 50859510)","Maritime uddannelser i øvrigt, MVU",,,"Other maritime programmes, MVU",,,fable-5-edu,crosswalk_edu_disced,medium,danish,EDU_disced_508595,program,2549,1392,0.000154,,
EDU_disced_40851510,EDU,disced,40851510,"Maritimt, KVU (compound: 40851510)","Skibsførere, KVU",,,"Ship masters, KVU",,,fable-5-edu,crosswalk_edu_disced,medium,danish,EDU_disced_408515,program,12066,6991,0.000774,,
EDU_disced_70255010,EDU,disced,70255010,"Humanistisk og teologisk, LVU (compound: 70255010)","Lingvistik, LVU",,,"Linguistics, LVU",,,fable-5-edu,crosswalk_edu_disced,medium,danish,EDU_disced_702550,program,2763,1599,0.000177,,
EDU_disced_29201015,EDU,disced,29201015,"Fødevarer, jordbrug og oplevelser (FJO), grundforløb (compound: 29201015)","Mad til mennesker, grundforløb",,,"Food for people, basic course",,,fable-5-edu,crosswalk_edu_disced,medium,danish,EDU_disced_292010,program,63177,37746,0.004181,,
EDU_disced_60353715,EDU,disced,60353715,"Naturvidenskab, BACH (compound: 60353715)","Kulturgeografi, BACH",,,"Cultural geography, BACH",,,fable-5-edu,crosswalk_edu_disced,medium,danish,EDU_disced_603537,program,841,423,4.7e-05,,
EDU_disced_60251710,EDU,disced,60251710,"Humanistisk og teologisk, BACH (compound: 60251710)","Etnologi, BACH",,,"Ethnology, BACH",,,fable-5-edu,crosswalk_edu_disced,medium,danish,EDU_disced_602517,program,2946,1568,0.000174,,
EDU_disced_70256310,EDU,disced,70256310,"Humanistisk og teologisk, LVU (compound: 70256310)","Østasiatiske sprog uden nærmere angivelse, LVU",,,"East Asian languages, not further specified, LVU",,,fable-5-edu,crosswalk_edu_disced,medium,danish,EDU_disced_702563,program,1932,1304,0.000144,,
EDU_disced_30252010,EDU,disced,30252010,Jordbrug og natur (FJO) (compound: 30252010),Greenkeeper og groundman,,,Greenkeeper and groundsman,,,fable-5-edu,crosswalk_edu_disced,medium,danish,EDU_disced_302520,program,1631,784,8.7e-05,,
EDU_disced_70353025,EDU,disced,70353025,"Naturvidenskab, LVU (compound: 70353025)","Fysiske fag i øvrigt, LVU",,,"Other physical sciences, LVU",,,fable-5-edu,crosswalk_edu_disced,medium,danish,EDU_disced_703530,program,166,97,1.1e-05,,
EDU_disced_70251010,EDU,disced,70251010,"Humanistisk og teologisk, LVU (compound: 70251010)","Humanistisk uden nærmere angivelse, LVU",,,"Humanities, not further specified, LVU",,,fable-5-edu,crosswalk_edu_disced,medium,danish,EDU_disced_702510,program,24522,21961,0.002432,,
EDU_disced_40306555,EDU,disced,40306555,"Kunstnerisk, KVU (compound: 40306555)","Musikuddannelser i øvrigt, KVU",,,"Other music programmes, KVU",,,fable-5-edu,crosswalk_edu_disced,medium,danish,EDU_disced_403065,program,440,249,2.8e-05,,
EDU_disced_70255730,EDU,disced,70255730,"Humanistisk og teologisk, LVU (compound: 70255730)","Spansk, LVU",,,"Spanish, LVU",,,fable-5-edu,crosswalk_edu_disced,medium,danish,EDU_disced_702557,program,4910,2829,0.000313,,
EDU_disced_70252610,EDU,disced,70252610,"Humanistisk og teologisk, LVU (compound: 70252610)","Kunsthistorie, LVU",,,"Art history, LVU",,,fable-5-edu,crosswalk_edu_disced,medium,danish,EDU_disced_702526,program,11018,6406,0.00071,,
EDU_disced_30353510,EDU,disced,30353510,Byggeriområdet (TBT) (compound: 30353510),Snedker mv.,,,Joiner etc.,,,fable-5-edu,crosswalk_edu_disced,medium,danish,EDU_disced_303535,program,58178,36922,0.004089,,
EDU_disced_70902010,EDU,disced,70902010,"Sundhedsvidenskab, LVU (compound: 70902010)","Fysioterapi, LVU",,,"Physiotherapy, LVU",,,fable-5-edu,crosswalk_edu_disced,medium,danish,EDU_disced_709020,program,1229,515,5.7e-05,,
EDU_disced_60256010,EDU,disced,60256010,"Humanistisk og teologisk, BACH (compound: 60256010)","Slavisk, østeuropa og balkan uden nærmere angivelse, BACH",,,"Slavic, Eastern Europe and Balkans, not further specified, BACH",,,fable-5-edu,crosswalk_edu_disced,medium,danish,EDU_disced_602560,program,3239,2138,0.000237,,
EDU_disced_40582010,EDU,disced,40582010,"Teknisk, KVU (compound: 40582010)","Tele-, data- og it-teknologi mv., KVU",,,"Tele, data and IT technology etc., KVU",,,fable-5-edu,crosswalk_edu_disced,medium,danish,EDU_disced_405820,program,10598,6774,0.00075,,
EDU_disced_50383010,EDU,disced,50383010,"Samfundsfaglig, Økonomisk-Merkantil, MVU (compound: 50383010)","Fritid, kultur og sport mv., MVU",,,"Leisure, culture and sports etc., MVU",,,fable-5-edu,crosswalk_edu_disced,medium,danish,EDU_disced_503830,program,7086,3498,0.000387,,
EDU_disced_30453510,EDU,disced,30453510,"Teknologiområdet, grafisk teknik og medieproduktion (TBT) (compound: 30453510)",Skiltetekniker,,,Skilte technician,,,fable-5-edu,crosswalk_edu_disced,medium,danish,EDU_disced_304535,program,5353,3231,0.000358,,
EDU_disced_70595010,EDU,disced,70595010,"Teknisk videnskab, LVU (compound: 70595010)","Maskinteknik og maskinkonstruktion, LVU",,,"Mechanical engineering and machine design, LVU",,,fable-5-edu,crosswalk_edu_disced,medium,danish,EDU_disced_705950,program,8156,4421,0.00049,,
EDU_disced_50894525,EDU,disced,50894525,"Sundhedsfaglig, MVU (compound: 50894525)","Psykomotorik og afspænding mv., MVU",,,"Psychomotor therapy and relaxation etc., MVU",,,fable-5-edu,crosswalk_edu_disced,medium,danish,EDU_disced_508945,program,4354,2368,0.000262,,
EDU_disced_70302010,EDU,disced,70302010,"Kunstnerisk, LVU (compound: 70302010)","Bildende kunst, LVU",,,"Visual arts, LVU",,,fable-5-edu,crosswalk_edu_disced,medium,danish,EDU_disced_703020,program,2929,1385,0.000153,,
EDU_disced_70253710,EDU,disced,70253710,"Humanistisk og teologisk, LVU (compound: 70253710)","Digital design og interaktionsdesign, LVU",,,"Digital design and interaction design, LVU",,,fable-5-edu,crosswalk_edu_disced,medium,danish,EDU_disced_702537,program,13384,6172,0.000684,,
EDU_disced_60356035,EDU,disced,60356035,"Naturvidenskab, BACH (compound: 60356035)","Medialogi, BACH",,,"Medialogy, BACH",,,fable-5-edu,crosswalk_edu_disced,medium,danish,EDU_disced_603560,program,5803,3213,0.000356,,
EDU_disced_70599515,EDU,disced,70599515,"Teknisk videnskab, LVU (compound: 70599515)","Teknologi og forretningsudvikling, LVU",,,"Technology and business development, LVU",,,fable-5-edu,crosswalk_edu_disced,medium,danish,EDU_disced_705995,program,12816,5843,0.000647,,
EDU_disced_50381510,EDU,disced,50381510,"Samfundsfaglig, Økonomisk-Merkantil, MVU (compound: 50381510)","Administration mv., MVU",,,"Administration etc., MVU",,,fable-5-edu,crosswalk_edu_disced,medium,danish,EDU_disced_503815,program,49823,37191,0.004119,,
EDU_disced_60355020,EDU,disced,60355020,"Naturvidenskab, BACH (compound: 60355020)","Forsikringsvidenskab, BACH",,,"Actuarial science, BACH",,,fable-5-edu,crosswalk_edu_disced,medium,danish,EDU_disced_603550,program,2378,1292,0.000143,,
EDU_disced_50585020,EDU,disced,50585020,"Teknisk, MVU (compound: 50585020)","Teknisk, produktion og produktudvikling i øvrigt, MVU",,,"Other technical, production and product development, MVU",,,fable-5-edu,crosswalk_edu_disced,medium,danish,EDU_disced_505850,program,10011,4957,0.000549,,
EDU_disced_60356010,EDU,disced,60356010,"Naturvidenskab, BACH (compound: 60356010)","Datalogi og datahåndtering, BACH",,,"Computer science and data management, BACH",,,fable-5-edu,crosswalk_edu_disced,medium,danish,EDU_disced_603560,program,13508,9348,0.001035,,
EDU_disced_40244010,EDU,disced,40244010,"Medier og kommunikation, KVU (compound: 40244010)","Medier og kommunikation i øvrigt, KVU",,,"Other media and communication, KVU",,,fable-5-edu,crosswalk_edu_disced,medium,danish,EDU_disced_402440,program,2520,1863,0.000206,,
EDU_disced_70251710,EDU,disced,70251710,"Humanistisk og teologisk, LVU (compound: 70251710)","Etnologi, LVU",,,"Ethnology, LVU",,,fable-5-edu,crosswalk_edu_disced,medium,danish,EDU_disced_702517,program,2140,1213,0.000134,,
EDU_disced_60252610,EDU,disced,60252610,"Humanistisk og teologisk, BACH (compound: 60252610)","Kunsthistorie, BACH",,,"Art history, BACH",,,fable-5-edu,crosswalk_edu_disced,medium,danish,EDU_disced_602526,program,6850,4093,0.000453,,
EDU_disced_70256010,EDU,disced,70256010,"Humanistisk og teologisk, LVU (compound: 70256010)","Slavisk, østeuropa og balkan uden nærmere angivelse, LVU",,,"Slavic, Eastern Europe and Balkans, not further specified, LVU",,,fable-5-edu,crosswalk_edu_disced,medium,danish,EDU_disced_702560,program,3547,2287,0.000253,,
EDU_disced_50243010,EDU,disced,50243010,"Medier og kommunikation, MVU (compound: 50243010)","Fotojournalist, MVU",,,"Photojournalist, MVU",,,fable-5-edu,crosswalk_edu_disced,medium,danish,EDU_disced_502430,program,1972,1188,0.000132,,
EDU_disced_60252620,EDU,disced,60252620,"Humanistisk og teologisk, BACH (compound: 60252620)","Dramaturgi og teatervidenskab, BACH",,,"Dramaturgy and theatre studies, BACH",,,fable-5-edu,crosswalk_edu_disced,medium,danish,EDU_disced_602526,program,4636,2510,0.000278,,
EDU_disced_50303510,EDU,disced,50303510,"Kunstnerisk, MVU (compound: 50303510)","Teaterteknik, MVU",,,"Theatre technology, MVU",,,fable-5-edu,crosswalk_edu_disced,medium,danish,EDU_disced_503035,program,332,170,1.9e-05,,
EDU_disced_30252510,EDU,disced,30252510,Jordbrug og natur (FJO) (compound: 30252510),Skov- og naturtekniker,,,Forestry and Nature Technicians,,,fable-5-edu,crosswalk_edu_disced,medium,danish,EDU_disced_302525,program,8599,4440,0.000492,,
EDU_disced_50584510,EDU,disced,50584510,"Teknisk, MVU (compound: 50584510)","Teknik-naturvidenskab, kombineret, MVU",,,"Technology-natural science, combined, MVU",,,fable-5-edu,crosswalk_edu_disced,medium,danish,EDU_disced_505845,program,7252,4461,0.000494,,
EDU_disced_35101020,EDU,disced,35101020,Gymnasial supplering (compound: 35101020),Gymnasial indslusning for flygtninge GIF,,,Educational Integration Program for Refugees GIF,,,fable-5-edu,crosswalk_edu_disced,medium,danish,EDU_disced_351010,program,1437,1173,0.00013,,
EDU_disced_60354010,EDU,disced,60354010,"Naturvidenskab, BACH (compound: 60354010)","Geologi, BACH",,,"Geology, BACH",,,fable-5-edu,crosswalk_edu_disced,medium,danish,EDU_disced_603540,program,2819,1831,0.000203,,
EDU_disced_70354710,EDU,disced,70354710,"Naturvidenskab, LVU (compound: 70354710)","Kemi, LVU",,,"Chemistry, LVU",,,fable-5-edu,crosswalk_edu_disced,medium,danish,EDU_disced_703547,program,4033,2859,0.000317,,
EDU_disced_50243510,EDU,disced,50243510,"Medier og kommunikation, MVU (compound: 50243510)","Tegnsprogstolk, MVU",,,"Sign language interpreter, MVU",,,fable-5-edu,crosswalk_edu_disced,medium,danish,EDU_disced_502435,program,2528,1519,0.000168,,
EDU_disced_30154010,EDU,disced,30154010,"Kontor, handel og forretningsservice (KHF) (compound: 30154010)",Sundhedsservicesekretær,,,Health Service Secretary,,,fable-5-edu,crosswalk_edu_disced,medium,danish,EDU_disced_301540,program,20313,16509,0.001829,,
EDU_disced_50305010,EDU,disced,50305010,"Kunstnerisk, MVU (compound: 50305010)","Designuddannelser uden nærmere angivelse, MVU",,,"Design programmes, not further specified, MVU",,,fable-5-edu,crosswalk_edu_disced,medium,danish,EDU_disced_503050,program,21548,10649,0.001179,,
EDU_disced_70253510,EDU,disced,70253510,"Humanistisk og teologisk, LVU (compound: 70253510)","Informationsvidenskab mv., LVU",,,"Information science etc., LVU",,,fable-5-edu,crosswalk_edu_disced,medium,danish,EDU_disced_702535,program,4497,2320,0.000257,,
EDU_disced_40381510,EDU,disced,40381510,"Samfundsfaglig, Økonomisk-Merkantil, KVU (compound: 40381510)","Administrationsøkonom mv., KVU",,,"Administrative economist etc., KVU",,,fable-5-edu,crosswalk_edu_disced,medium,danish,EDU_disced_403815,program,22393,18754,0.002077,,
EDU_disced_30251526,EDU,disced,30251526,Jordbrug og natur (FJO) (compound: 30251526),Gartnerassistent,,,Gardener assistant [completed qualification],,,fable-5-edu,crosswalk_edu_disced,medium,danish,EDU_disced_302515,program,3551,2309,0.000256,,
EDU_disced_50391510,EDU,disced,50391510,"Samfundsvidenskab, MVU (compound: 50391510)","Administration, forvaltning og ledelse, MVU",,,"Administration, public governance and management, MVU",,,fable-5-edu,crosswalk_edu_disced,medium,danish,EDU_disced_503915,program,1116,688,7.6e-05,,
EDU_disced_60251205,EDU,disced,60251205,"Humanistisk og teologisk, BACH (compound: 60251205)","Arkæologi, BACH",,,"Archaeology, BACH",,,fable-5-edu,crosswalk_edu_disced,medium,danish,EDU_disced_602512,program,739,416,4.6e-05,,
EDU_disced_60351510,EDU,disced,60351510,"Naturvidenskab, BACH (compound: 60351510)","Biokemi og molekylær biologi, BACH",,,"Biochemistry and molecular biology, BACH",,,fable-5-edu,crosswalk_edu_disced,medium,danish,EDU_disced_603515,program,10293,5635,0.000624,,
EDU_disced_70903010,EDU,disced,70903010,"Sundhedsvidenskab, LVU (compound: 70903010)","Folkesundhedsvidenskab, LVU",,,"Public health science, LVU",,,fable-5-edu,crosswalk_edu_disced,medium,danish,EDU_disced_709030,program,8782,4969,0.00055,,
EDU_disced_60255730,EDU,disced,60255730,"Humanistisk og teologisk, BACH (compound: 60255730)","Spansk, BACH",,,"Spanish, BACH",,,fable-5-edu,crosswalk_edu_disced,medium,danish,EDU_disced_602557,program,6309,3760,0.000416,,
EDU_disced_70392510,EDU,disced,70392510,"Samfundsvidenskab, LVU (compound: 70392510)","Globalisering og internationale samfundsstudier, LVU",,,"Globalisation and international social studies, LVU",,,fable-5-edu,crosswalk_edu_disced,medium,danish,EDU_disced_703925,program,11745,6014,0.000666,,
EDU_disced_60255710,EDU,disced,60255710,"Humanistisk og teologisk, BACH (compound: 60255710)","Fransk, BACH",,,"French, BACH",,,fable-5-edu,crosswalk_edu_disced,medium,danish,EDU_disced_602557,program,998,831,9.2e-05,,
EDU_disced_30355010,EDU,disced,30355010,Byggeriområdet (TBT) (compound: 30355010),Tagdækker,,,Roofing,,,fable-5-edu,crosswalk_edu_disced,medium,danish,EDU_disced_303550,program,2752,1177,0.00013,,
EDU_disced_30355520,EDU,disced,30355520,Byggeriområdet (TBT) (compound: 30355520),Skorstensfejer og kedelanlægstekniker,,,Chimney sweep and boiler plant technician,,,fable-5-edu,crosswalk_edu_disced,medium,danish,EDU_disced_303555,program,4432,2337,0.000259,,
EDU_disced_50892010,EDU,disced,50892010,"Sundhedsfaglig, MVU (compound: 50892010)","Jordemoder, MVU",,,"Midwife, MVU",,,fable-5-edu,crosswalk_edu_disced,medium,danish,EDU_disced_508920,program,16801,6969,0.000772,,
EDU_disced_30452510,EDU,disced,30452510,"Teknologiområdet, grafisk teknik og medieproduktion (TBT) (compound: 30452510)",Digital media,,,Digital media,,,fable-5-edu,crosswalk_edu_disced,medium,danish,EDU_disced_304525,program,3171,2025,0.000224,,
EDU_disced_70593015,EDU,disced,70593015,"Teknisk videnskab, LVU (compound: 70593015)","Teknisk videnskabelige it-uddannelser, LVU",,,"Engineering science IT programmes, LVU",,,fable-5-edu,crosswalk_edu_disced,medium,danish,EDU_disced_705930,program,12241,7912,0.000876,,
EDU_disced_70394525,EDU,disced,70394525,"Samfundsvidenskab, LVU (compound: 70394525)","Sociologiske uddannelser i øvrigt, LVU",,,"Other sociological programmes, LVU",,,fable-5-edu,crosswalk_edu_disced,medium,danish,EDU_disced_703945,program,4846,2467,0.000273,,
EDU_disced_70353020,EDU,disced,70353020,"Naturvidenskab, LVU (compound: 70353020)","Geofysik, LVU",,,"Geophysics, LVU",,,fable-5-edu,crosswalk_edu_disced,medium,danish,EDU_disced_703530,program,929,587,6.5e-05,,
EDU_disced_70252010,EDU,disced,70252010,"Humanistisk og teologisk, LVU (compound: 70252010)","Filosofi, LVU",,,"Philosophy, LVU",,,fable-5-edu,crosswalk_edu_disced,medium,danish,EDU_disced_702520,program,8806,4877,0.00054,,
EDU_disced_60255515,EDU,disced,60255515,"Humanistisk og teologisk, BACH (compound: 60255515)","Arabisk, BACH",,,"Arabic, BACH",,,fable-5-edu,crosswalk_edu_disced,medium,danish,EDU_disced_602555,program,282,154,1.7e-05,,
EDU_disced_70353015,EDU,disced,70353015,"Naturvidenskab, LVU (compound: 70353015)","Fysik, LVU",,,"Physics, LVU",,,fable-5-edu,crosswalk_edu_disced,medium,danish,EDU_disced_703530,program,6288,4177,0.000463,,
EDU_disced_50244010,EDU,disced,50244010,"Medier og kommunikation, MVU (compound: 50244010)","Medier og kommunikation i øvrigt, MVU",,,"Other media and communication, MVU",,,fable-5-edu,crosswalk_edu_disced,medium,danish,EDU_disced_502440,program,21304,11534,0.001277,,
EDU_disced_70351510,EDU,disced,70351510,"Naturvidenskab, LVU (compound: 70351510)","Biokemi og molekylær biologi, LVU",,,"Biochemistry and molecular biology, LVU",,,fable-5-edu,crosswalk_edu_disced,medium,danish,EDU_disced_703515,program,9734,4861,0.000538,,
EDU_disced_60252615,EDU,disced,60252615,"Humanistisk og teologisk, BACH (compound: 60252615)","Film og medievidenskab, BACH",,,"Film and media studies, BACH",,,fable-5-edu,crosswalk_edu_disced,medium,danish,EDU_disced_602526,program,10316,5970,0.000661,,
EDU_disced_29201020,EDU,disced,29201020,"Fødevarer, jordbrug og oplevelser (FJO), grundforløb (compound: 29201020)","Dyr, planter og natur, grundforløb",,,"Animals, plants and nature, basic course",,,fable-5-edu,crosswalk_edu_disced,medium,danish,EDU_disced_292010,program,32711,19520,0.002162,,
EDU_disced_50802015,EDU,disced,50802015,"Jordbrug, natur og miljø, MVU (compound: 50802015)","Jordbrugsøkonomi, MVU",,,"Agricultural economics, MVU",,,fable-5-edu,crosswalk_edu_disced,medium,danish,EDU_disced_508020,program,842,670,7.4e-05,,
EDU_disced_30652010,EDU,disced,30652010,Transport og logistikområdet (TBT) (compound: 30652010),Lufthavnsuddannelser,,,Lufthavns programmes,,,fable-5-edu,crosswalk_edu_disced,medium,danish,EDU_disced_306520,program,2350,1372,0.000152,,
EDU_disced_29151510,EDU,disced,29151510,"Kontor, handel og forretningsservice (KHF), grundforløb (compound: 29151510)","Bygnings- og brugerservice, grundforløb",,,"Building and user services, basic course",,,fable-5-edu,crosswalk_edu_disced,medium,danish,EDU_disced_291515,program,9304,5869,0.00065,,
EDU_disced_30553515,EDU,disced,30553515,"Teknologiområdet, maskinteknik og produktion (TBT) (compound: 30553515)",Guld- og sølvsmedeuddannelsen,,,Gold and Silversmithing Education,,,fable-5-edu,crosswalk_edu_disced,medium,danish,EDU_disced_305535,program,5331,3475,0.000385,,
EDU_disced_40242010,EDU,disced,40242010,"Medier og kommunikation, KVU (compound: 40242010)","Grafisk design og kommunikation, KVU",,,"Graphic design and communication, KVU",,,fable-5-edu,crosswalk_edu_disced,medium,danish,EDU_disced_402420,program,296,182,2e-05,,
EDU_disced_60397010,EDU,disced,60397010,"Samfundsvidenskab, BACH (compound: 60397010)","Erhvervsøkonomi-erhvervssprog mv., negot., BACH",,,"Business economics and business language etc., negot., BACH",,,fable-5-edu,crosswalk_edu_disced,medium,danish,EDU_disced_603970,program,7735,4257,0.000471,,
EDU_disced_60255010,EDU,disced,60255010,"Humanistisk og teologisk, BACH (compound: 60255010)","Lingvistik, BACH",,,"Linguistics, BACH",,,fable-5-edu,crosswalk_edu_disced,medium,danish,EDU_disced_602550,program,1942,1389,0.000154,,
EDU_disced_29251025,EDU,disced,29251025,"Teknologi, byggeri og transport (TBT), grundforløb (compound: 29251025)","Medieproduktion, grundforløb",,,"Media production, basic course",,,fable-5-edu,crosswalk_edu_disced,medium,danish,EDU_disced_292510,program,25339,14900,0.00165,,
EDU_disced_60258910,EDU,disced,60258910,"Humanistisk og teologisk, BACH (compound: 60258910)","Erhvervssprog, kombineret uden nærmere angivelse, BACH",,,"Business language, combined, not further specified, BACH",,,fable-5-edu,crosswalk_edu_disced,medium,danish,EDU_disced_602589,program,15678,7704,0.000853,,
EDU_disced_70356015,EDU,disced,70356015,"Naturvidenskab, LVU (compound: 70356015)","Softwareudvikling, LVU",,,"Software development, LVU",,,fable-5-edu,crosswalk_edu_disced,medium,danish,EDU_disced_703560,program,3207,2157,0.000239,,
EDU_disced_50893010,EDU,disced,50893010,"Sundhedsfaglig, MVU (compound: 50893010)","Radiograf, MVU",,,"Radiographer, MVU",,,fable-5-edu,crosswalk_edu_disced,medium,danish,EDU_disced_508930,program,14578,6574,0.000728,,
EDU_disced_60597010,EDU,disced,60597010,"Teknisk videnskab, BACH (compound: 60597010)","Teknologi, produktion og produktudvikling, BACH",,,"Technology, production and product development, BACH",,,fable-5-edu,crosswalk_edu_disced,medium,danish,EDU_disced_605970,program,6164,2883,0.000319,,
EDU_disced_70597010,EDU,disced,70597010,"Teknisk videnskab, LVU (compound: 70597010)","Teknologi, produktion og produktudvikling, LVU",,,"Technology, production and product development, LVU",,,fable-5-edu,crosswalk_edu_disced,medium,danish,EDU_disced_705970,program,12517,5291,0.000586,,
EDU_disced_30253010,EDU,disced,30253010,Jordbrug og natur (FJO) (compound: 30253010),Dyrepasser,,,Animal caretaker,,,fable-5-edu,crosswalk_edu_disced,medium,danish,EDU_disced_302530,program,10665,7252,0.000803,,
EDU_disced_60356025,EDU,disced,60356025,"Naturvidenskab, BACH (compound: 60356025)","Digitale medier og design, BACH",,,"Digital media and design, BACH",,,fable-5-edu,crosswalk_edu_disced,medium,danish,EDU_disced_603560,program,2373,1081,0.00012,,
EDU_disced_70593510,EDU,disced,70593510,"Teknisk videnskab, LVU (compound: 70593510)","Elektronik i øvrigt, LVU",,,"Other electronics, LVU",,,fable-5-edu,crosswalk_edu_disced,medium,danish,EDU_disced_705935,program,9932,5969,0.000661,,
EDU_disced_60353010,EDU,disced,60353010,"Naturvidenskab, BACH (compound: 60353010)","Astronomi, BACH",,,"Astronomy, BACH",,,fable-5-edu,crosswalk_edu_disced,medium,danish,EDU_disced_603530,program,210,162,1.8e-05,,
EDU_disced_50242010,EDU,disced,50242010,"Medier og kommunikation, MVU (compound: 50242010)","Grafisk design og kommunikation, MVU",,,"Graphic design and communication, MVU",,,fable-5-edu,crosswalk_edu_disced,medium,danish,EDU_disced_502420,program,8218,3654,0.000405,,
EDU_disced_50952515,EDU,disced,50952515,"Politi og forsvar mv., MVU (compound: 50952515)","Officer i flyvevåbnet, MVU",,,"Officer in the air force, MVU",,,fable-5-edu,crosswalk_edu_disced,medium,danish,EDU_disced_509525,program,3093,1734,0.000192,,
EDU_disced_70591520,EDU,disced,70591520,"Teknisk videnskab, LVU (compound: 70591520)","Kemisk og biokemisk teknologi, LVU",,,"Chemical and biochemical technology, LVU",,,fable-5-edu,crosswalk_edu_disced,medium,danish,EDU_disced_705915,program,15744,7321,0.000811,,
EDU_disced_20301010,EDU,disced,20301010,Internationale gymnasiale uddannelser (compound: 20301010),Pre International Baccalaureate,,,Pre International Baccalaureate,,,fable-5-edu,crosswalk_edu_disced,medium,danish,EDU_disced_203010,program,20380,11096,0.001229,,
EDU_disced_20302020,EDU,disced,20302020,Internationale gymnasiale uddannelser (compound: 20302020),International Baccalaureate,,,International Baccalaureate,,,fable-5-edu,crosswalk_edu_disced,medium,danish,EDU_disced_203020,program,25761,14159,0.001568,,
EDU_disced_30302510,EDU,disced,30302510,Oplevelsesområdet (FJO) (compound: 30302510),Kosmetikeruddannelser,,,Kosmetiker programmes,,,fable-5-edu,crosswalk_edu_disced,medium,danish,EDU_disced_303025,program,5024,2799,0.00031,,
EDU_disced_70804010,EDU,disced,70804010,"Jordbrug, natur og miljø, LVU (compound: 70804010)","Jordbrug, fødevarer og miljø kombineret, LVU",,,"Agriculture, food and environment combined, LVU",,,fable-5-edu,crosswalk_edu_disced,medium,danish,EDU_disced_708040,program,2296,1115,0.000123,,
EDU_disced_60256220,EDU,disced,60256220,"Humanistisk og teologisk, BACH (compound: 60256220)","Thai, BACH",,,"Thai, BACH",,,fable-5-edu,crosswalk_edu_disced,medium,danish,EDU_disced_602562,program,85,57,6e-06,,
EDU_disced_70203015,EDU,disced,70203015,"Pædagogisk, LVU (compound: 70203015)","Didaktik og undervisningsteori, LVU",,,"Didactics and teaching theory, LVU",,,fable-5-edu,crosswalk_edu_disced,medium,danish,EDU_disced_702030,program,2859,2279,0.000252,,
EDU_disced_60592010,EDU,disced,60592010,"Teknisk videnskab, BACH (compound: 60592010)","Nanoteknologi og nanobioteknologi, BACH",,,"Nanotechnology and nanobiotechnology, BACH",,,fable-5-edu,crosswalk_edu_disced,medium,danish,EDU_disced_605920,program,4707,2549,0.000282,,
EDU_disced_30654010,EDU,disced,30654010,Transport og logistikområdet (TBT) (compound: 30654010),Transport- og logistik i øvrigt,,,Other transport and logistics,,,fable-5-edu,crosswalk_edu_disced,medium,danish,EDU_disced_306540,program,5353,2969,0.000329,,
EDU_disced_60805090,EDU,disced,60805090,"Jordbrug, natur og miljø, BACH (compound: 60805090)","Naturressourcer og miljø i øvrigt, BACH",,,"Other natural resources and environment, BACH",,,fable-5-edu,crosswalk_edu_disced,medium,danish,EDU_disced_608050,program,2747,1468,0.000163,,
EDU_disced_29251010,EDU,disced,29251010,"Teknologi, byggeri og transport (TBT), grundforløb (compound: 29251010)","Bil, fly og andre transportmidler, grundforløb",,,"Cars, aircraft and other means of transport, basic course",,,fable-5-edu,crosswalk_edu_disced,medium,danish,EDU_disced_292510,program,45992,27033,0.002994,,
EDU_disced_40583510,EDU,disced,40583510,"Teknisk, KVU (compound: 40583510)","Miljøteknisk, KVU",,,"Environmental engineering, KVU",,,fable-5-edu,crosswalk_edu_disced,medium,danish,EDU_disced_405835,program,2082,1576,0.000175,,
EDU_disced_50382510,EDU,disced,50382510,"Samfundsfaglig, Økonomisk-Merkantil, MVU (compound: 50382510)","Handel og markedsføring mv., MVU",,,"Trade and marketing etc., MVU",,,fable-5-edu,crosswalk_edu_disced,medium,danish,EDU_disced_503825,program,40919,19674,0.002179,,
EDU_disced_60759510,EDU,disced,60759510,"Fødevarer, Bio- og laboratorieteknik, BACH (compound: 60759510)","Fødevare- og ernæringsvidenskab i øvrigt, BACH",,,"Other food and nutrition science, BACH",,,fable-5-edu,crosswalk_edu_disced,medium,danish,EDU_disced_607595,program,4375,2307,0.000256,,
EDU_disced_70752510,EDU,disced,70752510,"Fødevarer, Bio- og laboratorieteknik, LVU (compound: 70752510)","Fødevarevidenskab, LVU",,,"Food science, LVU",,,fable-5-edu,crosswalk_edu_disced,medium,danish,EDU_disced_707525,program,4386,2109,0.000234,,
EDU_disced_30601020,EDU,disced,30601020,Teknik- og industriuddannelser i øvrigt (TBT) (compound: 30601020),Pottemager,,,Potter,,,fable-5-edu,crosswalk_edu_disced,medium,danish,EDU_disced_306010,program,1114,796,8.8e-05,,
EDU_disced_60306540,EDU,disced,60306540,"Kunstnerisk, BACH (compound: 60306540)","Musik og musikpædagogik, BACH",,,"Music and music pedagogy, BACH",,,fable-5-edu,crosswalk_edu_disced,medium,danish,EDU_disced_603065,program,10095,6271,0.000695,,
EDU_disced_70306555,EDU,disced,70306555,"Kunstnerisk, LVU (compound: 70306555)","Musikuddannelser i øvrigt, LVU",,,"Other music programmes, LVU",,,fable-5-edu,crosswalk_edu_disced,medium,danish,EDU_disced_703065,program,88,46,5e-06,,
EDU_disced_50852015,EDU,disced,50852015,"Maritimt, MVU (compound: 50852015)","Juniorofficerer, MVU",,,"Junior officers, MVU",,,fable-5-edu,crosswalk_edu_disced,medium,danish,EDU_disced_508520,program,4986,1630,0.000181,,
EDU_disced_50751510,EDU,disced,50751510,"Fødevarer, Bio- og laboratorieteknik, MVU (compound: 50751510)","Laboratorie-, fødevare- og procesteknologi, MVU",,,"Laboratory, food and process technology, MVU",,,fable-5-edu,crosswalk_edu_disced,medium,danish,EDU_disced_507515,program,2317,1266,0.00014,,
EDU_disced_40582510,EDU,disced,40582510,"Teknisk, KVU (compound: 40582510)","Energi- og stærkstrømsteknisk, KVU",,,"Energy and high-voltage engineering, KVU",,,fable-5-edu,crosswalk_edu_disced,medium,danish,EDU_disced_405825,program,2253,1350,0.00015,,
EDU_disced_70354510,EDU,disced,70354510,"Naturvidenskab, LVU (compound: 70354510)","Idræt, LVU",,,"Sports science, LVU",,,fable-5-edu,crosswalk_edu_disced,medium,danish,EDU_disced_703545,program,8314,5300,0.000587,,
EDU_disced_60591010,EDU,disced,60591010,"Teknisk videnskab, BACH (compound: 60591010)","Teknisk videnskab uden nærmere angivelse, BACH",,,"Engineering science, not further specified, BACH",,,fable-5-edu,crosswalk_edu_disced,medium,danish,EDU_disced_605910,program,19162,10294,0.00114,,
EDU_disced_70591510,EDU,disced,70591510,"Teknisk videnskab, LVU (compound: 70591510)","Bioteknologi, LVU",,,"Biotechnology, LVU",,,fable-5-edu,crosswalk_edu_disced,medium,danish,EDU_disced_705915,program,3132,1842,0.000204,,
EDU_disced_70392010,EDU,disced,70392010,"Samfundsvidenskab, LVU (compound: 70392010)","Antropologi, LVU",,,"Anthropology, LVU",,,fable-5-edu,crosswalk_edu_disced,medium,danish,EDU_disced_703920,program,7116,4115,0.000456,,
EDU_disced_29251055,EDU,disced,29251055,"Teknologi, byggeri og transport (TBT), grundforløb (compound: 29251055)","Transport og logistik, grundforløb",,,"Transport and logistics, basic course",,,fable-5-edu,crosswalk_edu_disced,medium,danish,EDU_disced_292510,program,14958,9239,0.001023,,
EDU_disced_60258915,EDU,disced,60258915,"Humanistisk og teologisk, BACH (compound: 60258915)","Erhvervssprog og europæiske studier, BACH",,,"Business language and European studies, BACH",,,fable-5-edu,crosswalk_edu_disced,medium,danish,EDU_disced_602589,program,2990,1767,0.000196,,
EDU_disced_60902510,EDU,disced,60902510,"Sundhedsvidenskab, BACH (compound: 60902510)","Farmaci og lægemiddelvidenskab, BACH",,,"Pharmacy and pharmaceutical sciences, BACH",,,fable-5-edu,crosswalk_edu_disced,medium,danish,EDU_disced_609025,program,4612,3696,0.000409,,
EDU_disced_30452515,EDU,disced,30452515,"Teknologiområdet, grafisk teknik og medieproduktion (TBT) (compound: 30452515)",Web-integrator,,,Web integrator,,,fable-5-edu,crosswalk_edu_disced,medium,danish,EDU_disced_304525,program,13635,7726,0.000856,,
EDU_disced_60203010,EDU,disced,60203010,"Pædagogisk, BACH (compound: 60203010)","Audiologopædi, BACH",,,"Speech and hearing therapy (audiologopedics), BACH",,,fable-5-edu,crosswalk_edu_disced,medium,danish,EDU_disced_602030,program,3740,2090,0.000231,,
EDU_disced_30501535,EDU,disced,30501535,"Teknologiområdet, cykel-, auto- og skibsmekanik mv. (TBT) (compound: 30501535)",Skibsmekaniker,,,Skibs mechanic,,,fable-5-edu,crosswalk_edu_disced,medium,danish,EDU_disced_305015,program,2577,2087,0.000231,,
EDU_disced_60257025,EDU,disced,60257025,"Humanistisk og teologisk, BACH (compound: 60257025)","Klassisk filologi, BACH",,,"Classical philology, BACH",,,fable-5-edu,crosswalk_edu_disced,medium,danish,EDU_disced_602570,program,2596,1866,0.000207,,
EDU_disced_50852020,EDU,disced,50852020,"Maritimt, MVU (compound: 50852020)","Seniorofficerer, MVU",,,"Senior officers, MVU",,,fable-5-edu,crosswalk_edu_disced,medium,danish,EDU_disced_508520,program,1874,928,0.000103,,
EDU_disced_30901010,EDU,disced,30901010,Andre erhvervsfaglige uddannelser (compound: 30901010),Erhvervsfiskeri mv.,,,Commercial fishing etc.,,,fable-5-edu,crosswalk_edu_disced,medium,danish,EDU_disced_309010,program,19741,9318,0.001032,,
EDU_disced_60252510,EDU,disced,60252510,"Humanistisk og teologisk, BACH (compound: 60252510)","Idehistorie, BACH",,,"History of ideas, BACH",,,fable-5-edu,crosswalk_edu_disced,medium,danish,EDU_disced_602525,program,2633,1440,0.000159,,
EDU_disced_60591510,EDU,disced,60591510,"Teknisk videnskab, BACH (compound: 60591510)","Bioteknologi, BACH",,,"Biotechnology, BACH",,,fable-5-edu,crosswalk_edu_disced,medium,danish,EDU_disced_605915,program,3630,2415,0.000267,,
EDU_disced_60306555,EDU,disced,60306555,"Kunstnerisk, BACH (compound: 60306555)","Musikuddannelser i øvrigt, BACH",,,"Other music programmes, BACH",,,fable-5-edu,crosswalk_edu_disced,medium,danish,EDU_disced_603065,program,223,129,1.4e-05,,
EDU_disced_60595010,EDU,disced,60595010,"Teknisk videnskab, BACH (compound: 60595010)","Maskinteknik og maskinkonstruktion, BACH",,,"Mechanical engineering and machine design, BACH",,,fable-5-edu,crosswalk_edu_disced,medium,danish,EDU_disced_605950,program,5713,3041,0.000337,,
EDU_disced_30404020,EDU,disced,30404020,"Teknologiområdet, strøm og elektronik mv. (TBT) (compound: 30404020)","Teater-, udstillings- og eventteknik",,,"Theatre, exhibition and event technology",,,fable-5-edu,crosswalk_edu_disced,medium,danish,EDU_disced_304040,program,2899,1372,0.000152,,
EDU_disced_70259520,EDU,disced,70259520,"Humanistisk og teologisk, LVU (compound: 70259520)","Kulturteori og kulturanalyse, LVU",,,"Cultural theory and cultural analysis, LVU",,,fable-5-edu,crosswalk_edu_disced,medium,danish,EDU_disced_702595,program,5500,2301,0.000255,,
EDU_disced_50894520,EDU,disced,50894520,"Sundhedsfaglig, MVU (compound: 50894520)","Optometrist, MVU",,,"Optometrist, MVU",,,fable-5-edu,crosswalk_edu_disced,medium,danish,EDU_disced_508945,program,4811,2245,0.000249,,
EDU_disced_60255715,EDU,disced,60255715,"Humanistisk og teologisk, BACH (compound: 60255715)","Italiensk, BACH",,,"Italian, BACH",,,fable-5-edu,crosswalk_edu_disced,medium,danish,EDU_disced_602557,program,1732,1167,0.000129,,
EDU_disced_70904010,EDU,disced,70904010,"Sundhedsvidenskab, LVU (compound: 70904010)","Jordemodervidenskab, LVU",,,"Midwifery science, LVU",,,fable-5-edu,crosswalk_edu_disced,medium,danish,EDU_disced_709040,program,223,102,1.1e-05,,
EDU_disced_70254010,EDU,disced,70254010,"Humanistisk og teologisk, LVU (compound: 70254010)","Oplevelses-design, LVU",,,"Experience design, LVU",,,fable-5-edu,crosswalk_edu_disced,medium,danish,EDU_disced_702540,program,2997,1233,0.000137,,
EDU_disced_60256325,EDU,disced,60256325,"Humanistisk og teologisk, BACH (compound: 60256325)","Koreastudier, BACH",,,"Korea studies, BACH",,,fable-5-edu,crosswalk_edu_disced,medium,danish,EDU_disced_602563,program,458,292,3.2e-05,,
EDU_disced_40383510,EDU,disced,40383510,"Samfundsfaglig, Økonomisk-Merkantil, KVU (compound: 40383510)","Transport- og logistikøkonom mv., KVU",,,"Transport and logistics economist etc., KVU",,,fable-5-edu,crosswalk_edu_disced,medium,danish,EDU_disced_403835,program,7136,4722,0.000523,,
EDU_disced_70599530,EDU,disced,70599530,"Teknisk videnskab, LVU (compound: 70599530)","Teknisk videnskab i øvrigt, LVU",,,"Other engineering science, LVU",,,fable-5-edu,crosswalk_edu_disced,medium,danish,EDU_disced_705995,program,8652,3963,0.000439,,
EDU_disced_30151010,EDU,disced,30151010,"Kontor, handel og forretningsservice (KHF) (compound: 30151010)",Merkantile uddannelser uden nærmere angivelse,,,"Mercantile programmes, not further specified",,,fable-5-edu,crosswalk_edu_disced,medium,danish,EDU_disced_301510,program,16163,15992,0.001771,,
EDU_disced_60803010,EDU,disced,60803010,"Jordbrug, natur og miljø, BACH (compound: 60803010)","Veterinærmedicin, BACH",,,"Veterinary medicine, BACH",,,fable-5-edu,crosswalk_edu_disced,medium,danish,EDU_disced_608030,program,7411,3405,0.000377,,
EDU_disced_60752510,EDU,disced,60752510,"Fødevarer, Bio- og laboratorieteknik, BACH (compound: 60752510)","Fødevarevidenskab, BACH",,,"Food science, BACH",,,fable-5-edu,crosswalk_edu_disced,medium,danish,EDU_disced_607525,program,281,133,1.5e-05,,
EDU_disced_70759510,EDU,disced,70759510,"Fødevarer, Bio- og laboratorieteknik, LVU (compound: 70759510)","Fødevare- og ernæringsvidenskab i øvrigt, LVU",,,"Other food and nutrition science, LVU",,,fable-5-edu,crosswalk_edu_disced,medium,danish,EDU_disced_707595,program,3271,1463,0.000162,,
EDU_disced_60352510,EDU,disced,60352510,"Naturvidenskab, BACH (compound: 60352510)","Nanoscience og nanobioscience, BACH",,,"Nanoscience and nanobioscience, BACH",,,fable-5-edu,crosswalk_edu_disced,medium,danish,EDU_disced_603525,program,520,464,5.1e-05,,
EDU_disced_50382010,EDU,disced,50382010,"Samfundsfaglig, Økonomisk-Merkantil, MVU (compound: 50382010)","Finans mv., MVU",,,"Finance etc., MVU",,,fable-5-edu,crosswalk_edu_disced,medium,danish,EDU_disced_503820,program,25749,15824,0.001753,,
EDU_disced_30556015,EDU,disced,30556015,"Teknologiområdet, maskinteknik og produktion (TBT) (compound: 30556015)",Skibsmontør,,,Ship mechanic,,,fable-5-edu,crosswalk_edu_disced,medium,danish,EDU_disced_305560,program,5047,3336,0.000369,,
EDU_disced_70352020,EDU,disced,70352020,"Naturvidenskab, LVU (compound: 70352020)","Medicinalbiologi, LVU",,,"Medical biology, LVU",,,fable-5-edu,crosswalk_edu_disced,medium,danish,EDU_disced_703520,program,739,335,3.7e-05,,
EDU_disced_40894590,EDU,disced,40894590,"Sundhedsfaglig, KVU (compound: 40894590)","Sundhedsfaglige uddannelser i øvrigt, KVU",,,"Other health programmes, KVU",,,fable-5-edu,crosswalk_edu_disced,medium,danish,EDU_disced_408945,program,2594,2138,0.000237,,
EDU_disced_60254210,EDU,disced,60254210,"Humanistisk og teologisk, BACH (compound: 60254210)","Musikterapi, BACH",,,"Music therapy, BACH",,,fable-5-edu,crosswalk_edu_disced,medium,danish,EDU_disced_602542,program,664,317,3.5e-05,,
EDU_disced_70254210,EDU,disced,70254210,"Humanistisk og teologisk, LVU (compound: 70254210)","Musikterapi, LVU",,,"Music therapy, LVU",,,fable-5-edu,crosswalk_edu_disced,medium,danish,EDU_disced_702542,program,708,350,3.9e-05,,
EDU_disced_30355535,EDU,disced,30355535,Byggeriområdet (TBT) (compound: 30355535),Teknisk isolatør,,,Technical insulator,,,fable-5-edu,crosswalk_edu_disced,medium,danish,EDU_disced_303555,program,1716,1035,0.000115,,
EDU_disced_30553010,EDU,disced,30553010,"Teknologiområdet, maskinteknik og produktion (TBT) (compound: 30553010)",Køletekniker,,,Refrigeration technician,,,fable-5-edu,crosswalk_edu_disced,medium,danish,EDU_disced_305530,program,4410,2182,0.000242,,
EDU_disced_60252010,EDU,disced,60252010,"Humanistisk og teologisk, BACH (compound: 60252010)","Filosofi, BACH",,,"Philosophy, BACH",,,fable-5-edu,crosswalk_edu_disced,medium,danish,EDU_disced_602520,program,2576,1899,0.00021,,
EDU_disced_60596015,EDU,disced,60596015,"Teknisk videnskab, BACH (compound: 60596015)","Velfærdsteknologi, BACH",,,"Welfare technology, BACH",,,fable-5-edu,crosswalk_edu_disced,medium,danish,EDU_disced_605960,program,809,422,4.7e-05,,
EDU_disced_70596015,EDU,disced,70596015,"Teknisk videnskab, LVU (compound: 70596015)","Velfærdsteknologi, LVU",,,"Welfare technology, LVU",,,fable-5-edu,crosswalk_edu_disced,medium,danish,EDU_disced_705960,program,445,185,2e-05,,
EDU_disced_70253015,EDU,disced,70253015,"Humanistisk og teologisk, LVU (compound: 70253015)","Kultur og sprogmøde, LVU",,,"Culture and language encounters, LVU",,,fable-5-edu,crosswalk_edu_disced,medium,danish,EDU_disced_702530,program,3042,1450,0.000161,,
EDU_disced_20103010,EDU,disced,20103010,Alment gymnasiale uddannelser (compound: 20103010),Studenterkursus uden linieopdeling,,,Studenterkursus without streaming,,,fable-5-edu,crosswalk_edu_disced,medium,danish,EDU_disced_201030,program,20582,9819,0.001088,,
EDU_disced_30652510,EDU,disced,30652510,Transport og logistikområdet (TBT) (compound: 30652510),Togklargøringsuddannelser,,,Train preparation programmes,,,fable-5-edu,crosswalk_edu_disced,medium,danish,EDU_disced_306525,program,536,304,3.4e-05,,
EDU_disced_20101010,EDU,disced,20101010,Alment gymnasiale uddannelser (compound: 20101010),Stx,,,STX (general upper-secondary school),,,fable-5-edu,crosswalk_edu_disced,medium,danish,EDU_disced_201010,program,2023370,631697,0.069966,,
EDU_disced_30355525,EDU,disced,30355525,Byggeriområdet (TBT) (compound: 30355525),Stenhugger,,,Stonemason [completed qualification],,,fable-5-edu,crosswalk_edu_disced,medium,danish,EDU_disced_303555,program,880,538,6e-05,,
EDU_disced_60356020,EDU,disced,60356020,"Naturvidenskab, BACH (compound: 60356020)","Informatik, BACH",,,"Informatics, BACH",,,fable-5-edu,crosswalk_edu_disced,medium,danish,EDU_disced_603560,program,2391,1160,0.000128,,
EDU_disced_50303015,EDU,disced,50303015,"Kunstnerisk, MVU (compound: 50303015)","Animationsuddannelse, MVU",,,"Animation programme, MVU",,,fable-5-edu,crosswalk_edu_disced,medium,danish,EDU_disced_503030,program,2213,1050,0.000116,,
EDU_disced_60592510,EDU,disced,60592510,"Teknisk videnskab, BACH (compound: 60592510)","Bygnings- og anlægsteknik, BACH",,,"Building and civil engineering, BACH",,,fable-5-edu,crosswalk_edu_disced,medium,danish,EDU_disced_605925,program,11297,5710,0.000632,,
EDU_disced_30252515,EDU,disced,30252515,Jordbrug og natur (FJO) (compound: 30252515),Herregårdsskytte,,,Manor Shooting,,,fable-5-edu,crosswalk_edu_disced,medium,danish,EDU_disced_302525,program,501,251,2.8e-05,,
EDU_disced_60256510,EDU,disced,60256510,"Humanistisk og teologisk, BACH (compound: 60256510)","Engelsk, BACH",,,"English, BACH",,,fable-5-edu,crosswalk_edu_disced,medium,danish,EDU_disced_602565,program,5746,4349,0.000482,,
EDU_disced_70901510,EDU,disced,70901510,"Sundhedsvidenskab, LVU (compound: 70901510)","Ergoterapi, LVU",,,"Occupational therapy, LVU",,,fable-5-edu,crosswalk_edu_disced,medium,danish,EDU_disced_709015,program,492,219,2.4e-05,,
EDU_disced_50584010,EDU,disced,50584010,"Teknisk, MVU (compound: 50584010)","Sundheds- og omsorgsteknologi, MVU",,,"Health and care technology, MVU",,,fable-5-edu,crosswalk_edu_disced,medium,danish,EDU_disced_505840,program,593,573,6.3e-05,,
EDU_disced_60596510,EDU,disced,60596510,"Teknisk videnskab, BACH (compound: 60596510)","Teknologi-naturvidenskab, kombineret, BACH",,,"Technology-natural science, combined, BACH",,,fable-5-edu,crosswalk_edu_disced,medium,danish,EDU_disced_605965,program,3964,2043,0.000226,,
EDU_disced_29201025,EDU,disced,29201025,"Fødevarer, jordbrug og oplevelser (FJO), grundforløb (compound: 29201025)","Krop og stil, grundforløb",,,"Body and style, basic course",,,fable-5-edu,crosswalk_edu_disced,medium,danish,EDU_disced_292010,program,4793,2753,0.000305,,
EDU_disced_30301510,EDU,disced,30301510,Oplevelsesområdet (FJO) (compound: 30301510),Fitnessinstruktør,,,Fitness instructor [completed qualification],,,fable-5-edu,crosswalk_edu_disced,medium,danish,EDU_disced_303015,program,2276,1289,0.000143,,
EDU_disced_30301010,EDU,disced,30301010,Oplevelsesområdet (FJO) (compound: 30301010),Eventkoordinator,,,Event coordinator,,,fable-5-edu,crosswalk_edu_disced,medium,danish,EDU_disced_303010,program,4215,2750,0.000305,,
EDU_disced_70909525,EDU,disced,70909525,"Sundhedsvidenskab, LVU (compound: 70909525)","Sundhedsvidenskab i øvrigt, LVU",,,"Other health science, LVU",,,fable-5-edu,crosswalk_edu_disced,medium,danish,EDU_disced_709095,program,6299,4016,0.000445,,
EDU_disced_30355515,EDU,disced,30355515,Byggeriområdet (TBT) (compound: 30355515),Byggemontagetekniker,,,Byggemontage technician,,,fable-5-edu,crosswalk_edu_disced,medium,danish,EDU_disced_303555,program,4566,2987,0.000331,,
EDU_disced_50894590,EDU,disced,50894590,"Sundhedsfaglig, MVU (compound: 50894590)","Sundhedsfaglige uddannelser i øvrigt, MVU",,,"Other health programmes, MVU",,,fable-5-edu,crosswalk_edu_disced,medium,danish,EDU_disced_508945,program,3907,2406,0.000266,,
EDU_disced_60593015,EDU,disced,60593015,"Teknisk videnskab, BACH (compound: 60593015)","Teknisk videnskabelige it-uddannelser, BACH",,,"Engineering science IT programmes, BACH",,,fable-5-edu,crosswalk_edu_disced,medium,danish,EDU_disced_605930,program,5344,3189,0.000353,,
EDU_disced_70355020,EDU,disced,70355020,"Naturvidenskab, LVU (compound: 70355020)","Forsikringsvidenskab, LVU",,,"Actuarial science, LVU",,,fable-5-edu,crosswalk_edu_disced,medium,danish,EDU_disced_703550,program,2258,1257,0.000139,,
EDU_disced_70353010,EDU,disced,70353010,"Naturvidenskab, LVU (compound: 70353010)","Astronomi, LVU",,,"Astronomy, LVU",,,fable-5-edu,crosswalk_edu_disced,medium,danish,EDU_disced_703530,program,650,371,4.1e-05,,
EDU_disced_60802015,EDU,disced,60802015,"Jordbrug, natur og miljø, BACH (compound: 60802015)","Jordbrugsøkonomi, BACH",,,"Agricultural economics, BACH",,,fable-5-edu,crosswalk_edu_disced,medium,danish,EDU_disced_608020,program,1874,993,0.00011,,
EDU_disced_60351710,EDU,disced,60351710,"Naturvidenskab, BACH (compound: 60351710)","Biologi, BACH",,,"Biology, BACH",,,fable-5-edu,crosswalk_edu_disced,medium,danish,EDU_disced_603517,program,5350,4266,0.000472,,
EDU_disced_70395510,EDU,disced,70395510,"Samfundsvidenskab, LVU (compound: 70395510)","Erhvervsøkonomi uden nærmere angivelse, LVU",,,"Business economics, not further specified, LVU",,,fable-5-edu,crosswalk_edu_disced,medium,danish,EDU_disced_703955,program,5131,4134,0.000458,,
EDU_disced_60258920,EDU,disced,60258920,"Humanistisk og teologisk, BACH (compound: 60258920)","Sprog og virksomhedskommunikation, BACH",,,"Language and corporate communication, BACH",,,fable-5-edu,crosswalk_edu_disced,medium,danish,EDU_disced_602589,program,7854,4979,0.000551,,
EDU_disced_70203010,EDU,disced,70203010,"Pædagogisk, LVU (compound: 70203010)","Audiologopædi, LVU",,,"Speech and hearing therapy (audiologopedics), LVU",,,fable-5-edu,crosswalk_edu_disced,medium,danish,EDU_disced_702030,program,2585,1401,0.000155,,
EDU_disced_30156510,EDU,disced,30156510,"Kontor, handel og forretningsservice (KHF) (compound: 30156510)",Sikkerhedsvagt,,,Security guard,,,fable-5-edu,crosswalk_edu_disced,medium,danish,EDU_disced_301565,program,2573,1928,0.000214,,
EDU_disced_60352210,EDU,disced,60352210,"Naturvidenskab, BACH (compound: 60352210)","Medicinalkemi mv., BACH",,,"Medicinal chemistry etc., BACH",,,fable-5-edu,crosswalk_edu_disced,medium,danish,EDU_disced_603522,program,3531,2153,0.000238,,
EDU_disced_60802510,EDU,disced,60802510,"Jordbrug, natur og miljø, BACH (compound: 60802510)","Husdyrvidenskab, BACH",,,"Animal science, BACH",,,fable-5-edu,crosswalk_edu_disced,medium,danish,EDU_disced_608025,program,1495,831,9.2e-05,,
EDU_disced_70394520,EDU,disced,70394520,"Samfundsvidenskab, LVU (compound: 70394520)","Socialt entrepreneurskab mv., LVU",,,"Social entrepreneurship etc., LVU",,,fable-5-edu,crosswalk_edu_disced,medium,danish,EDU_disced_703945,program,4675,3085,0.000342,,
EDU_disced_70359520,EDU,disced,70359520,"Naturvidenskab, LVU (compound: 70359520)","Naturvidenskab i øvrigt, LVU",,,"Other natural sciences, LVU",,,fable-5-edu,crosswalk_edu_disced,medium,danish,EDU_disced_703595,program,2643,1569,0.000174,,
EDU_disced_70594010,EDU,disced,70594010,"Teknisk videnskab, LVU (compound: 70594010)","Vindenergi, LVU",,,"Wind energy, LVU",,,fable-5-edu,crosswalk_edu_disced,medium,danish,EDU_disced_705940,program,1767,722,8e-05,,
EDU_disced_30552510,EDU,disced,30552510,"Teknologiområdet, maskinteknik og produktion (TBT) (compound: 30552510)",Vindmølleoperatør,,,Wind turbine operator,,,fable-5-edu,crosswalk_edu_disced,medium,danish,EDU_disced_305525,program,1619,668,7.4e-05,,
EDU_disced_60591515,EDU,disced,60591515,"Teknisk videnskab, BACH (compound: 60591515)","Kemi og bioteknologi, BACH",,,"Chemistry and biotechnology, BACH",,,fable-5-edu,crosswalk_edu_disced,medium,danish,EDU_disced_605915,program,1012,711,7.9e-05,,
EDU_disced_70591515,EDU,disced,70591515,"Teknisk videnskab, LVU (compound: 70591515)","Kemi og bioteknologi, LVU",,,"Chemistry and biotechnology, LVU",,,fable-5-edu,crosswalk_edu_disced,medium,danish,EDU_disced_705915,program,3542,1700,0.000188,,
EDU_disced_50852010,EDU,disced,50852010,"Maritimt, MVU (compound: 50852010)","Skibsofficerer uden nærmere angivelse, MVU",,,"Ship officers, not further specified, MVU",,,fable-5-edu,crosswalk_edu_disced,medium,danish,EDU_disced_508520,program,853,796,8.8e-05,,
EDU_disced_70352015,EDU,disced,70352015,"Naturvidenskab, LVU (compound: 70352015)","Biomedicn og molekylær biomedicin, LVU",,,"Biomedicine and molecular biomedicine, LVU",,,fable-5-edu,crosswalk_edu_disced,medium,danish,EDU_disced_703520,program,1810,1109,0.000123,,
EDU_disced_70258920,EDU,disced,70258920,"Humanistisk og teologisk, LVU (compound: 70258920)","Sprog og virksomhedskommunikation, LVU",,,"Language and corporate communication, LVU",,,fable-5-edu,crosswalk_edu_disced,medium,danish,EDU_disced_702589,program,5330,2468,0.000273,,
EDU_disced_60596010,EDU,disced,60596010,"Teknisk videnskab, BACH (compound: 60596010)","Sundhedsteknologi, BACH",,,"Health technology, BACH",,,fable-5-edu,crosswalk_edu_disced,medium,danish,EDU_disced_605960,program,1126,584,6.5e-05,,
EDU_disced_70259525,EDU,disced,70259525,"Humanistisk og teologisk, LVU (compound: 70259525)","Humanistiske uddannelser i øvrigt, LVU",,,"Other humanities programmes, LVU",,,fable-5-edu,crosswalk_edu_disced,medium,danish,EDU_disced_702595,program,4989,3185,0.000353,,
EDU_disced_70352210,EDU,disced,70352210,"Naturvidenskab, LVU (compound: 70352210)","Medicinalkemi mv., LVU",,,"Medicinal chemistry etc., LVU",,,fable-5-edu,crosswalk_edu_disced,medium,danish,EDU_disced_703522,program,2958,1398,0.000155,,
EDU_disced_60356015,EDU,disced,60356015,"Naturvidenskab, BACH (compound: 60356015)","Softwareudvikling, BACH",,,"Software development, BACH",,,fable-5-edu,crosswalk_edu_disced,medium,danish,EDU_disced_603560,program,3894,2004,0.000222,,
EDU_disced_30902510,EDU,disced,30902510,Andre erhvervsfaglige uddannelser (compound: 30902510),Øvrige erhvervsfaglige uddannelser,,,Other vocational programmes,,,fable-5-edu,crosswalk_edu_disced,medium,danish,EDU_disced_309025,program,22349,21791,0.002414,,
EDU_disced_70596020,EDU,disced,70596020,"Teknisk videnskab, LVU (compound: 70596020)","Medicin og teknologi, LVU",,,"Medicine and technology, LVU",,,fable-5-edu,crosswalk_edu_disced,medium,danish,EDU_disced_705960,program,4591,2078,0.00023,,
EDU_disced_70592515,EDU,disced,70592515,"Teknisk videnskab, LVU (compound: 70592515)","Byudvikling og byplanlægning mv., LVU",,,"Urban development and town planning etc., LVU",,,fable-5-edu,crosswalk_edu_disced,medium,danish,EDU_disced_705925,program,3347,1559,0.000173,,
EDU_disced_60356040,EDU,disced,60356040,"Naturvidenskab, BACH (compound: 60356040)","Naturvidenskabelige it-uddannelser i øvrigt, BACH",,,"Other natural science IT programmes, BACH",,,fable-5-edu,crosswalk_edu_disced,medium,danish,EDU_disced_603560,program,1248,776,8.6e-05,,
EDU_disced_70393515,EDU,disced,70393515,"Samfundsvidenskab, LVU (compound: 70393515)","Politologiske uddannelser i øvrigt, LVU",,,"Other political science programmes, LVU",,,fable-5-edu,crosswalk_edu_disced,medium,danish,EDU_disced_703935,program,5345,2733,0.000303,,
EDU_disced_70802510,EDU,disced,70802510,"Jordbrug, natur og miljø, LVU (compound: 70802510)","Husdyrvidenskab, LVU",,,"Animal science, LVU",,,fable-5-edu,crosswalk_edu_disced,medium,danish,EDU_disced_708025,program,986,417,4.6e-05,,
EDU_disced_70596510,EDU,disced,70596510,"Teknisk videnskab, LVU (compound: 70596510)","Teknologi-naturvidenskab, kombineret, LVU",,,"Technology-natural science, combined, LVU",,,fable-5-edu,crosswalk_edu_disced,medium,danish,EDU_disced_705965,program,9423,4550,0.000504,,
EDU_disced_60251225,EDU,disced,60251225,"Humanistisk og teologisk, BACH (compound: 60251225)","Arkæologi, nærorientalsk, BACH",,,"Archaeology, Near Eastern, BACH",,,fable-5-edu,crosswalk_edu_disced,medium,danish,EDU_disced_602512,program,298,161,1.8e-05,,
EDU_disced_60306515,EDU,disced,60306515,"Kunstnerisk, BACH (compound: 60306515)","Lydteknik, musik, BACH",,,"Sound engineering, music, BACH",,,fable-5-edu,crosswalk_edu_disced,medium,danish,EDU_disced_603065,program,240,137,1.5e-05,,
EDU_disced_20203011,EDU,disced,20203011,Erhvervsrettede gymnasiale uddannelser (compound: 20203011),"Hhx 3-årig, 1. år",,,"HHX three-year, 1st year",,,fable-5-edu,crosswalk_edu_disced,medium,danish,EDU_disced_202030,program,355755,353431,0.039145,,
EDU_disced_60257530,EDU,disced,60257530,"Humanistisk og teologisk, BACH (compound: 60257530)","Sprog - international politik og historie, BACH",,,"Language - international politics and history, BACH",,,fable-5-edu,crosswalk_edu_disced,medium,danish,EDU_disced_602575,program,1177,615,6.8e-05,,
EDU_disced_50589520,EDU,disced,50589520,"Teknisk, MVU (compound: 50589520)","Transportteknisk, MVU",,,"Transport engineering, MVU",,,fable-5-edu,crosswalk_edu_disced,medium,danish,EDU_disced_505895,program,1077,761,8.4e-05,,
EDU_disced_60909510,EDU,disced,60909510,"Sundhedsvidenskab, BACH (compound: 60909510)","Kiropraktor, BACH",,,"Chiropractor, BACH",,,fable-5-edu,crosswalk_edu_disced,medium,danish,EDU_disced_609095,program,3632,2007,0.000222,,
EDU_disced_70909510,EDU,disced,70909510,"Sundhedsvidenskab, LVU (compound: 70909510)","Kiropraktor, LVU",,,"Chiropractor, LVU",,,fable-5-edu,crosswalk_edu_disced,medium,danish,EDU_disced_709095,program,3220,1488,0.000165,,
EDU_disced_60394525,EDU,disced,60394525,"Samfundsvidenskab, BACH (compound: 60394525)","Sociologiske uddannelser i øvrigt, BACH",,,"Other sociological programmes, BACH",,,fable-5-edu,crosswalk_edu_disced,medium,danish,EDU_disced_603945,program,3369,2395,0.000265,,
EDU_disced_60393515,EDU,disced,60393515,"Samfundsvidenskab, BACH (compound: 60393515)","Politologiske uddannelser i øvrigt, BACH",,,"Other political science programmes, BACH",,,fable-5-edu,crosswalk_edu_disced,medium,danish,EDU_disced_603935,program,1209,693,7.7e-05,,
EDU_disced_10101020,EDU,disced,10101020,Grundskole til og med 6. klasse (compound: 10101020),Grundskole til og med 6. årgang,,,Primary school up to grade 6,,,fable-5-edu,crosswalk_edu_disced,medium,danish,EDU_disced_101010,program,8619237,1641616,0.181822,,
EDU_disced_60391510,EDU,disced,60391510,"Samfundsvidenskab, BACH (compound: 60391510)","Administration, forvaltning og ledelse, BACH",,,"Administration, public governance and management, BACH",,,fable-5-edu,crosswalk_edu_disced,medium,danish,EDU_disced_603915,program,1273,615,6.8e-05,,
EDU_disced_60253215,EDU,disced,60253215,"Humanistisk og teologisk, BACH (compound: 60253215)","Retorik, BACH",,,"Rhetoric, BACH",,,fable-5-edu,crosswalk_edu_disced,medium,danish,EDU_disced_602532,program,2377,1253,0.000139,,
EDU_disced_60306510,EDU,disced,60306510,"Kunstnerisk, BACH (compound: 60306510)","Music management, BACH",,,"Music management, BACH",,,fable-5-edu,crosswalk_edu_disced,medium,danish,EDU_disced_603065,program,291,160,1.8e-05,,
EDU_disced_50851510,EDU,disced,50851510,"Maritimt, MVU (compound: 50851510)","Skibsførere, MVU",,,"Ship masters, MVU",,,fable-5-edu,crosswalk_edu_disced,medium,danish,EDU_disced_508515,program,6721,4551,0.000504,,
EDU_disced_50303025,EDU,disced,50303025,"Kunstnerisk, MVU (compound: 50303025)","Filmklipper, MVU",,,"Film editor, MVU",,,fable-5-edu,crosswalk_edu_disced,medium,danish,EDU_disced_503030,program,218,144,1.6e-05,,
EDU_disced_60595510,EDU,disced,60595510,"Teknisk videnskab, BACH (compound: 60595510)","Miljøteknologi mv., BACH",,,"Environmental technology etc., BACH",,,fable-5-edu,crosswalk_edu_disced,medium,danish,EDU_disced_605955,program,1808,902,0.0001,,
EDU_disced_30653520,EDU,disced,30653520,Transport og logistikområdet (TBT) (compound: 30653520),Postoperatører,,,Postal operators,,,fable-5-edu,crosswalk_edu_disced,medium,danish,EDU_disced_306535,program,825,604,6.7e-05,,
EDU_disced_70257530,EDU,disced,70257530,"Humanistisk og teologisk, LVU (compound: 70257530)","Sprog - international politik og historie, LVU",,,"Language - international politics and history, LVU",,,fable-5-edu,crosswalk_edu_disced,medium,danish,EDU_disced_702575,program,4321,2020,0.000224,,
EDU_disced_70592010,EDU,disced,70592010,"Teknisk videnskab, LVU (compound: 70592010)","Nanoteknologi og nanobioteknologi, LVU",,,"Nanotechnology and nanobiotechnology, LVU",,,fable-5-edu,crosswalk_edu_disced,medium,danish,EDU_disced_705920,program,2420,1019,0.000113,,
EDU_disced_60259525,EDU,disced,60259525,"Humanistisk og teologisk, BACH (compound: 60259525)","Humanistiske uddannelser i øvrigt, BACH",,,"Other humanities programmes, BACH",,,fable-5-edu,crosswalk_edu_disced,medium,danish,EDU_disced_602595,program,4169,2702,0.000299,,
EDU_disced_70394515,EDU,disced,70394515,"Samfundsvidenskab, LVU (compound: 70394515)","Kultursociologi, LVU",,,"Cultural sociology, LVU",,,fable-5-edu,crosswalk_edu_disced,medium,danish,EDU_disced_703945,program,1786,1095,0.000121,,
EDU_disced_60395510,EDU,disced,60395510,"Samfundsvidenskab, BACH (compound: 60395510)","Erhvervsøkonomi uden nærmere angivelse, BACH",,,"Business economics, not further specified, BACH",,,fable-5-edu,crosswalk_edu_disced,medium,danish,EDU_disced_603955,program,3711,1973,0.000219,,
EDU_disced_70909520,EDU,disced,70909520,"Sundhedsvidenskab, LVU (compound: 70909520)","Optometri og synsvidenskab, LVU",,,"Optometry and vision science, LVU",,,fable-5-edu,crosswalk_edu_disced,medium,danish,EDU_disced_709095,program,359,169,1.9e-05,,
EDU_disced_30555510,EDU,disced,30555510,"Teknologiområdet, maskinteknik og produktion (TBT) (compound: 30555510)",Maritime håndværksfag,,,Maritime Trades,,,fable-5-edu,crosswalk_edu_disced,medium,danish,EDU_disced_305555,program,6802,4577,0.000507,,
EDU_disced_70257025,EDU,disced,70257025,"Humanistisk og teologisk, LVU (compound: 70257025)","Klassisk filologi, LVU",,,"Classical philology, LVU",,,fable-5-edu,crosswalk_edu_disced,medium,danish,EDU_disced_702570,program,1503,1245,0.000138,,
EDU_disced_60599515,EDU,disced,60599515,"Teknisk videnskab, BACH (compound: 60599515)","Teknologi og forretningsudvikling, BACH",,,"Technology and business development, BACH",,,fable-5-edu,crosswalk_edu_disced,medium,danish,EDU_disced_605995,program,2002,931,0.000103,,
EDU_disced_60903510,EDU,disced,60903510,"Sundhedsvidenskab, BACH (compound: 60903510)","It og sundhedsvidenskab, BACH",,,"IT and health science, BACH",,,fable-5-edu,crosswalk_edu_disced,medium,danish,EDU_disced_609035,program,1314,675,7.5e-05,,
EDU_disced_40894525,EDU,disced,40894525,"Sundhedsfaglig, KVU (compound: 40894525)","Psykomotorik og afspænding mv., KVU",,,"Psychomotor therapy and relaxation etc., KVU",,,fable-5-edu,crosswalk_edu_disced,medium,danish,EDU_disced_408945,program,258,141,1.6e-05,,
EDU_disced_70594015,EDU,disced,70594015,"Teknisk videnskab, LVU (compound: 70594015)","Energiteknologi i øvrigt, LVU",,,"Other energy technology, LVU",,,fable-5-edu,crosswalk_edu_disced,medium,danish,EDU_disced_705940,program,8242,3837,0.000425,,
EDU_disced_70805090,EDU,disced,70805090,"Jordbrug, natur og miljø, LVU (compound: 70805090)","Naturressourcer og miljø i øvrigt, LVU",,,"Other natural resources and environment, LVU",,,fable-5-edu,crosswalk_edu_disced,medium,danish,EDU_disced_708050,program,1392,606,6.7e-05,,
EDU_disced_70251220,EDU,disced,70251220,"Humanistisk og teologisk, LVU (compound: 70251220)","Arkæologi, middelalder, LVU",,,"Archaeology, medieval, LVU",,,fable-5-edu,crosswalk_edu_disced,medium,danish,EDU_disced_702512,program,865,420,4.7e-05,,
EDU_disced_70805015,EDU,disced,70805015,"Jordbrug, natur og miljø, LVU (compound: 70805015)","Klimaforandringer, vand og miljø, LVU",,,"Climate change, water and environment, LVU",,,fable-5-edu,crosswalk_edu_disced,medium,danish,EDU_disced_708050,program,1321,601,6.7e-05,,
EDU_disced_40309010,EDU,disced,40309010,"Kunstnerisk, KVU (compound: 40309010)","Kunstnerisk i øvrigt, KVU",,,"Other artistic, KVU",,,fable-5-edu,crosswalk_edu_disced,medium,danish,EDU_disced_403090,program,1026,611,6.8e-05,,
EDU_disced_60254010,EDU,disced,60254010,"Humanistisk og teologisk, BACH (compound: 60254010)","Oplevelses-design, BACH",,,"Experience design, BACH",,,fable-5-edu,crosswalk_edu_disced,medium,danish,EDU_disced_602540,program,1087,512,5.7e-05,,
EDU_disced_30551010,EDU,disced,30551010,"Teknologiområdet, maskinteknik og produktion (TBT) (compound: 30551010)",Maskinteknik og produktion uden nærmere angivelse,,,"Mechanical engineering and production, not further specified",,,fable-5-edu,crosswalk_edu_disced,medium,danish,EDU_disced_305510,program,14679,14442,0.0016,,
EDU_disced_40894010,EDU,disced,40894010,"Sundhedsfaglig, KVU (compound: 40894010)","Tandplejer og klinisk tandteknik, KVU",,,"Dental hygienist and clinical dental technology, KVU",,,fable-5-edu,crosswalk_edu_disced,medium,danish,EDU_disced_408940,program,1524,1104,0.000122,,
EDU_disced_70599525,EDU,disced,70599525,"Teknisk videnskab, LVU (compound: 70599525)","Teknologi, transportteknik og logistik, LVU",,,"Technology, transport engineering and logistics, LVU",,,fable-5-edu,crosswalk_edu_disced,medium,danish,EDU_disced_705995,program,844,338,3.7e-05,,
EDU_disced_30556515,EDU,disced,30556515,"Teknologiområdet, maskinteknik og produktion (TBT) (compound: 30556515)",Urmager,,,Watchmaker,,,fable-5-edu,crosswalk_edu_disced,medium,danish,EDU_disced_305565,program,3524,2394,0.000265,,
EDU_disced_70805020,EDU,disced,70805020,"Jordbrug, natur og miljø, LVU (compound: 70805020)","Naturvidenskabelig miljøplanlægning, LVU",,,"Scientific environmental planning, LVU",,,fable-5-edu,crosswalk_edu_disced,medium,danish,EDU_disced_708050,program,4347,2261,0.00025,,
EDU_disced_70394010,EDU,disced,70394010,"Samfundsvidenskab, LVU (compound: 70394010)","Psykologi, LVU",,,"Psychology, LVU",,,fable-5-edu,crosswalk_edu_disced,medium,danish,EDU_disced_703940,program,19961,15819,0.001752,,
EDU_disced_70256520,EDU,disced,70256520,"Humanistisk og teologisk, LVU (compound: 70256520)","Tysk, LVU",,,"German, LVU",,,fable-5-edu,crosswalk_edu_disced,medium,danish,EDU_disced_702565,program,5610,3971,0.00044,,
EDU_disced_70251510,EDU,disced,70251510,"Humanistisk og teologisk, LVU (compound: 70251510)","Oldtidskundskab, LVU",,,"Classical studies, LVU",,,fable-5-edu,crosswalk_edu_disced,medium,danish,EDU_disced_702515,program,707,498,5.5e-05,,
EDU_disced_70255710,EDU,disced,70255710,"Humanistisk og teologisk, LVU (compound: 70255710)","Fransk, LVU",,,"French, LVU",,,fable-5-edu,crosswalk_edu_disced,medium,danish,EDU_disced_702557,program,8330,5150,0.00057,,
EDU_disced_50259010,EDU,disced,50259010,"Humanistisk og teologisk, MVU (compound: 50259010)","Erhvervssproglig grundstudium, MVU",,,"Business language basic studies, MVU",,,fable-5-edu,crosswalk_edu_disced,medium,danish,EDU_disced_502590,program,29001,19813,0.002194,,
EDU_disced_40259015,EDU,disced,40259015,"Humanistisk og teologisk, KVU (compound: 40259015)","Erhvervssprog, begynderprøve, KVU",,,"Business language, beginner examination, KVU",,,fable-5-edu,crosswalk_edu_disced,medium,danish,EDU_disced_402590,program,1495,1155,0.000128,,
EDU_disced_70952525,EDU,disced,70952525,"Politi og forsvar mv., LVU (compound: 70952525)","Officer i søværnet, LVU",,,"Officer in the navy, LVU",,,fable-5-edu,crosswalk_edu_disced,medium,danish,EDU_disced_709525,program,1556,794,8.8e-05,,
EDU_disced_70258710,EDU,disced,70258710,"Humanistisk og teologisk, LVU (compound: 70258710)","Erhvervssprog, interpret., LVU",,,"Business language, interpreter, LVU",,,fable-5-edu,crosswalk_edu_disced,medium,danish,EDU_disced_702587,program,2755,1679,0.000186,,
EDU_disced_30559010,EDU,disced,30559010,"Teknologiområdet, maskinteknik og produktion (TBT) (compound: 30559010)",Modelsnedker,,,Pattern maker,,,fable-5-edu,crosswalk_edu_disced,medium,danish,EDU_disced_305590,program,826,594,6.6e-05,,
EDU_disced_80306540,EDU,disced,80306540,"Kunstnerisk, Ph.d. (compound: 80306540)","Musik og musikpædagogik, Ph.d.",,,"Music and music pedagogy, Ph.d.",,,fable-5-edu,crosswalk_edu_disced,medium,danish,EDU_disced_803065,program,2157,1161,0.000129,,
EDU_disced_70255715,EDU,disced,70255715,"Humanistisk og teologisk, LVU (compound: 70255715)","Italiensk, LVU",,,"Italian, LVU",,,fable-5-edu,crosswalk_edu_disced,medium,danish,EDU_disced_702557,program,1637,1042,0.000115,,
EDU_disced_70252510,EDU,disced,70252510,"Humanistisk og teologisk, LVU (compound: 70252510)","Idehistorie, LVU",,,"History of ideas, LVU",,,fable-5-edu,crosswalk_edu_disced,medium,danish,EDU_disced_702525,program,1838,970,0.000107,,
EDU_disced_70803510,EDU,disced,70803510,"Jordbrug, natur og miljø, LVU (compound: 70803510)","Skovbrugsvidenskab, LVU",,,"Forestry science, LVU",,,fable-5-edu,crosswalk_edu_disced,medium,danish,EDU_disced_708035,program,2810,1541,0.000171,,
EDU_disced_50892510,EDU,disced,50892510,"Sundhedsfaglig, MVU (compound: 50892510)","Omsorgsarbejde, videreuddannelse, MVU",,,"Care work, further education, MVU",,,fable-5-edu,crosswalk_edu_disced,medium,danish,EDU_disced_508925,program,7392,5013,0.000555,,
EDU_disced_70394510,EDU,disced,70394510,"Samfundsvidenskab, LVU (compound: 70394510)","Sociologi, LVU",,,"Sociology, LVU",,,fable-5-edu,crosswalk_edu_disced,medium,danish,EDU_disced_703945,program,3021,2514,0.000278,,
EDU_disced_70256015,EDU,disced,70256015,"Humanistisk og teologisk, LVU (compound: 70256015)","Græsk, LVU",,,"Greek, LVU",,,fable-5-edu,crosswalk_edu_disced,medium,danish,EDU_disced_702560,program,334,259,2.9e-05,,
EDU_disced_50597010,EDU,disced,50597010,"Teknisk videnskab, MVU (compound: 50597010)","Teknologi, produktion og produktudvikling, MVU",,,"Technology, production and product development, MVU",,,fable-5-edu,crosswalk_edu_disced,medium,danish,EDU_disced_505970,program,3629,2821,0.000312,,
EDU_disced_50306555,EDU,disced,50306555,"Kunstnerisk, MVU (compound: 50306555)","Musikuddannelser i øvrigt, MVU",,,"Other music programmes, MVU",,,fable-5-edu,crosswalk_edu_disced,medium,danish,EDU_disced_503065,program,3302,2135,0.000236,,
EDU_disced_50306540,EDU,disced,50306540,"Kunstnerisk, MVU (compound: 50306540)","Musik og musikpædagogik, MVU",,,"Music and music pedagogy, MVU",,,fable-5-edu,crosswalk_edu_disced,medium,danish,EDU_disced_503065,program,2516,1347,0.000149,,
EDU_disced_60252210,EDU,disced,60252210,"Humanistisk og teologisk, BACH (compound: 60252210)","Historie, BACH",,,"History, BACH",,,fable-5-edu,crosswalk_edu_disced,medium,danish,EDU_disced_602522,program,3713,3518,0.00039,,
EDU_disced_70257515,EDU,disced,70257515,"Humanistisk og teologisk, LVU (compound: 70257515)","Indianske sprog og kulturer, LVU",,,"Native American languages and cultures, LVU",,,fable-5-edu,crosswalk_edu_disced,medium,danish,EDU_disced_702575,program,162,106,1.2e-05,,
EDU_disced_30558510,EDU,disced,30558510,"Teknologiområdet, maskinteknik og produktion (TBT) (compound: 30558510)",Skomager og ortopædiskomager,,,Shoemaker and orthopaedic shoemaker,,,fable-5-edu,crosswalk_edu_disced,medium,danish,EDU_disced_305585,program,3792,3337,0.00037,,
EDU_disced_70354010,EDU,disced,70354010,"Naturvidenskab, LVU (compound: 70354010)","Geologi, LVU",,,"Geology, LVU",,,fable-5-edu,crosswalk_edu_disced,medium,danish,EDU_disced_703540,program,4230,3031,0.000336,,
EDU_disced_10301010,EDU,disced,10301010,Grundskole 10. klasse (compound: 10301010),10. klasse,,,10th grade [completed qualification],,,fable-5-edu,crosswalk_edu_disced,medium,danish,EDU_disced_103010,program,2562354,2458768,0.272329,,
EDU_disced_70255525,EDU,disced,70255525,"Humanistisk og teologisk, LVU (compound: 70255525)","Persisk, LVU",,,"Persian, LVU",,,fable-5-edu,crosswalk_edu_disced,medium,danish,EDU_disced_702555,program,92,59,7e-06,,
EDU_disced_30203515,EDU,disced,30203515,Fødevarer mv. (FJO) (compound: 30203515),Gastronomuddannelser i øvrigt,,,Other gastronome programmes,,,fable-5-edu,crosswalk_edu_disced,medium,danish,EDU_disced_302035,program,7076,3228,0.000358,,
EDU_disced_70802015,EDU,disced,70802015,"Jordbrug, natur og miljø, LVU (compound: 70802015)","Jordbrugsøkonomi, LVU",,,"Agricultural economics, LVU",,,fable-5-edu,crosswalk_edu_disced,medium,danish,EDU_disced_708020,program,1823,989,0.00011,,
EDU_disced_50804510,EDU,disced,50804510,"Jordbrug, natur og miljø, MVU (compound: 50804510)","Landskabsarkitektur og -forvaltning, MVU",,,"Landscape architecture and management, MVU",,,fable-5-edu,crosswalk_edu_disced,medium,danish,EDU_disced_508045,program,5886,3430,0.00038,,
EDU_disced_50303010,EDU,disced,50303010,"Kunstnerisk, MVU (compound: 50303010)","Film og tv uddannelser uden nærmere angivelse, MVU",,,"Film and TV programmes, not further specified, MVU",,,fable-5-edu,crosswalk_edu_disced,medium,danish,EDU_disced_503030,program,258,258,2.9e-05,,
EDU_disced_30205010,EDU,disced,30205010,Fødevarer mv. (FJO) (compound: 30205010),Fødevareuddannelser i øvrigt,,,Other food programmes,,,fable-5-edu,crosswalk_edu_disced,medium,danish,EDU_disced_302050,program,3822,3505,0.000388,,
EDU_disced_50594015,EDU,disced,50594015,"Teknisk videnskab, MVU (compound: 50594015)","Energiteknologi i øvrigt, MVU",,,"Other energy technology, MVU",,,fable-5-edu,crosswalk_edu_disced,medium,danish,EDU_disced_505940,program,2287,2117,0.000234,,
EDU_disced_70952515,EDU,disced,70952515,"Politi og forsvar mv., LVU (compound: 70952515)","Officer i flyvevåbnet, LVU",,,"Officer in the air force, LVU",,,fable-5-edu,crosswalk_edu_disced,medium,danish,EDU_disced_709525,program,2549,1455,0.000161,,
EDU_disced_60257010,EDU,disced,60257010,"Humanistisk og teologisk, BACH (compound: 60257010)","Klassisk Indisk - sanskrit, BACH",,,"Classical Indian - Sanskrit, BACH",,,fable-5-edu,crosswalk_edu_disced,medium,danish,EDU_disced_602570,program,301,237,2.6e-05,,
EDU_disced_60255720,EDU,disced,60255720,"Humanistisk og teologisk, BACH (compound: 60255720)","Portugisisk og brasilliansk, BACH",,,"Portuguese and Brazilian, BACH",,,fable-5-edu,crosswalk_edu_disced,medium,danish,EDU_disced_602557,program,988,630,7e-05,,
EDU_disced_60803510,EDU,disced,60803510,"Jordbrug, natur og miljø, BACH (compound: 60803510)","Skovbrugsvidenskab, BACH",,,"Forestry science, BACH",,,fable-5-edu,crosswalk_edu_disced,medium,danish,EDU_disced_608035,program,1077,631,7e-05,,
EDU_disced_70255720,EDU,disced,70255720,"Humanistisk og teologisk, LVU (compound: 70255720)","Portugisisk og brasilliansk, LVU",,,"Portuguese and Brazilian, LVU",,,fable-5-edu,crosswalk_edu_disced,medium,danish,EDU_disced_702557,program,397,240,2.7e-05,,
EDU_disced_60353020,EDU,disced,60353020,"Naturvidenskab, BACH (compound: 60353020)","Geofysik, BACH",,,"Geophysics, BACH",,,fable-5-edu,crosswalk_edu_disced,medium,danish,EDU_disced_603530,program,238,189,2.1e-05,,
EDU_disced_60257515,EDU,disced,60257515,"Humanistisk og teologisk, BACH (compound: 60257515)","Indianske sprog og kulturer, BACH",,,"Native American languages and cultures, BACH",,,fable-5-edu,crosswalk_edu_disced,medium,danish,EDU_disced_602575,program,411,284,3.1e-05,,
EDU_disced_70259515,EDU,disced,70259515,"Humanistisk og teologisk, LVU (compound: 70259515)","Æstetik og kultur, LVU",,,"Aesthetics and culture, LVU",,,fable-5-edu,crosswalk_edu_disced,medium,danish,EDU_disced_702595,program,1803,847,9.4e-05,,
EDU_disced_70351715,EDU,disced,70351715,"Naturvidenskab, LVU (compound: 70351715)","Miljøbiologi, LVU",,,"Environmental biology, LVU",,,fable-5-edu,crosswalk_edu_disced,medium,danish,EDU_disced_703517,program,493,239,2.6e-05,,
EDU_disced_30553510,EDU,disced,30553510,"Teknologiområdet, maskinteknik og produktion (TBT) (compound: 30553510)",Beslagsmed,,,Farrier,,,fable-5-edu,crosswalk_edu_disced,medium,danish,EDU_disced_305535,program,1087,562,6.2e-05,,
EDU_disced_60805010,EDU,disced,60805010,"Jordbrug, natur og miljø, BACH (compound: 60805010)","Miljøkemi, BACH",,,"Environmental chemistry, BACH",,,fable-5-edu,crosswalk_edu_disced,medium,danish,EDU_disced_608050,program,239,136,1.5e-05,,
EDU_disced_70805010,EDU,disced,70805010,"Jordbrug, natur og miljø, LVU (compound: 70805010)","Miljøkemi, LVU",,,"Environmental chemistry, LVU",,,fable-5-edu,crosswalk_edu_disced,medium,danish,EDU_disced_708050,program,1257,598,6.6e-05,,
EDU_disced_70253215,EDU,disced,70253215,"Humanistisk og teologisk, LVU (compound: 70253215)","Retorik, LVU",,,"Rhetoric, LVU",,,fable-5-edu,crosswalk_edu_disced,medium,danish,EDU_disced_702532,program,903,838,9.3e-05,,
EDU_disced_70302015,EDU,disced,70302015,"Kunstnerisk, LVU (compound: 70302015)","Kunstteori og -formidling, LVU",,,"Art theory and dissemination, LVU",,,fable-5-edu,crosswalk_edu_disced,medium,danish,EDU_disced_703020,program,609,370,4.1e-05,,
EDU_disced_60594015,EDU,disced,60594015,"Teknisk videnskab, BACH (compound: 60594015)","Energiteknologi i øvrigt, BACH",,,"Other energy technology, BACH",,,fable-5-edu,crosswalk_edu_disced,medium,danish,EDU_disced_605940,program,1200,775,8.6e-05,,
EDU_disced_50203020,EDU,disced,50203020,"Pædagogisk, MVU (compound: 50203020)","Pædagogik, MVU",,,"Pedagogy, MVU",,,fable-5-edu,crosswalk_edu_disced,medium,danish,EDU_disced_502030,program,8604,8559,0.000948,,
EDU_disced_30554010,EDU,disced,30554010,"Teknologiområdet, maskinteknik og produktion (TBT) (compound: 30554010)",Støberitekniker,,,Foundry technician,,,fable-5-edu,crosswalk_edu_disced,medium,danish,EDU_disced_305540,program,1548,1192,0.000132,,
EDU_disced_30556010,EDU,disced,30556010,"Teknologiområdet, maskinteknik og produktion (TBT) (compound: 30556010)",Skibstekniske uddannelser,,,Marine engineering programmes,,,fable-5-edu,crosswalk_edu_disced,medium,danish,EDU_disced_305560,program,4844,2413,0.000267,,
EDU_disced_60353025,EDU,disced,60353025,"Naturvidenskab, BACH (compound: 60353025)","Fysiske fag i øvrigt, BACH",,,"Other physical sciences, BACH",,,fable-5-edu,crosswalk_edu_disced,medium,danish,EDU_disced_603530,program,447,309,3.4e-05,,
EDU_disced_60353510,EDU,disced,60353510,"Naturvidenskab, BACH (compound: 60353510)","Geodæsi og geoinformatik, BACH",,,"Geodesy and geoinformatics, BACH",,,fable-5-edu,crosswalk_edu_disced,medium,danish,EDU_disced_603535,program,73,41,5e-06,,
EDU_disced_60256515,EDU,disced,60256515,"Humanistisk og teologisk, BACH (compound: 60256515)","Nederlandsk, BACH",,,"Dutch, BACH",,,fable-5-edu,crosswalk_edu_disced,medium,danish,EDU_disced_602565,program,84,67,7e-06,,
EDU_disced_70253210,EDU,disced,70253210,"Humanistisk og teologisk, LVU (compound: 70253210)","Journalistik, LVU",,,"Journalism, LVU",,,fable-5-edu,crosswalk_edu_disced,medium,danish,EDU_disced_702532,program,5307,3752,0.000416,,
EDU_disced_30559015,EDU,disced,30559015,"Teknologiområdet, maskinteknik og produktion (TBT) (compound: 30559015)",Overfladebehandler,,,Surface treater,,,fable-5-edu,crosswalk_edu_disced,medium,danish,EDU_disced_305590,program,816,366,4.1e-05,,
EDU_disced_30153510,EDU,disced,30153510,"Kontor, handel og forretningsservice (KHF) (compound: 30153510)",Kundekontaktcenteruddannelse,,,Customer contact centre programme,,,fable-5-edu,crosswalk_edu_disced,medium,danish,EDU_disced_301535,program,394,287,3.2e-05,,
EDU_disced_60903010,EDU,disced,60903010,"Sundhedsvidenskab, BACH (compound: 60903010)","Folkesundhedsvidenskab, BACH",,,"Public health science, BACH",,,fable-5-edu,crosswalk_edu_disced,medium,danish,EDU_disced_609030,program,1881,1613,0.000179,,
EDU_disced_60251510,EDU,disced,60251510,"Humanistisk og teologisk, BACH (compound: 60251510)","Oldtidskundskab, BACH",,,"Classical studies, BACH",,,fable-5-edu,crosswalk_edu_disced,medium,danish,EDU_disced_602515,program,908,616,6.8e-05,,
EDU_disced_30101010,EDU,disced,30101010,"Omsorg, sundhed og pædagogik (OSP) (compound: 30101010)","Sundhed, omsorg og pædagogik uden nærmere angivelse",,,"Health, care and pedagogy, not further specified",,,fable-5-edu,crosswalk_edu_disced,medium,danish,EDU_disced_301010,program,423,386,4.3e-05,,
EDU_disced_60596020,EDU,disced,60596020,"Teknisk videnskab, BACH (compound: 60596020)","Medicin og teknologi, BACH",,,"Medicine and technology, BACH",,,fable-5-edu,crosswalk_edu_disced,medium,danish,EDU_disced_605960,program,2551,1421,0.000157,,
EDU_disced_40589530,EDU,disced,40589530,"Teknisk, KVU (compound: 40589530)","Teknisk i øvrigt, KVU",,,"Other technical, KVU",,,fable-5-edu,crosswalk_edu_disced,medium,danish,EDU_disced_405895,program,2502,1686,0.000187,,
EDU_disced_60394510,EDU,disced,60394510,"Samfundsvidenskab, BACH (compound: 60394510)","Sociologi, BACH",,,"Sociology, BACH",,,fable-5-edu,crosswalk_edu_disced,medium,danish,EDU_disced_603945,program,4000,3054,0.000338,,
EDU_disced_70352010,EDU,disced,70352010,"Naturvidenskab, LVU (compound: 70352010)","Biomedicin, LVU",,,"Biomedicine, LVU",,,fable-5-edu,crosswalk_edu_disced,medium,danish,EDU_disced_703520,program,1390,573,6.3e-05,,
EDU_disced_70595510,EDU,disced,70595510,"Teknisk videnskab, LVU (compound: 70595510)","Miljøteknologi mv., LVU",,,"Environmental technology etc., LVU",,,fable-5-edu,crosswalk_edu_disced,medium,danish,EDU_disced_705955,program,2665,1654,0.000183,,
EDU_disced_30403010,EDU,disced,30403010,"Teknologiområdet, strøm og elektronik mv. (TBT) (compound: 30403010)",Elektronikoperatør,,,Electronics Operator,,,fable-5-edu,crosswalk_edu_disced,medium,danish,EDU_disced_304030,program,430,189,2.1e-05,,
EDU_disced_60352010,EDU,disced,60352010,"Naturvidenskab, BACH (compound: 60352010)","Biomedicin, BACH",,,"Biomedicine, BACH",,,fable-5-edu,crosswalk_edu_disced,medium,danish,EDU_disced_603520,program,2511,1407,0.000156,,
EDU_disced_60353710,EDU,disced,60353710,"Naturvidenskab, BACH (compound: 60353710)","Geografi, BACH",,,"Geography, BACH",,,fable-5-edu,crosswalk_edu_disced,medium,danish,EDU_disced_603537,program,1037,944,0.000105,,
EDU_disced_50303030,EDU,disced,50303030,"Kunstnerisk, MVU (compound: 50303030)","Fotograf, film og tv, MVU",,,"Photographer, film and TV, MVU",,,fable-5-edu,crosswalk_edu_disced,medium,danish,EDU_disced_503030,program,216,140,1.6e-05,,
EDU_disced_30601015,EDU,disced,30601015,Teknik- og industriuddannelser i øvrigt (TBT) (compound: 30601015),Porcelænsmaler,,,Porcelain Painter,,,fable-5-edu,crosswalk_edu_disced,medium,danish,EDU_disced_306010,program,552,278,3.1e-05,,
EDU_disced_60306525,EDU,disced,60306525,"Kunstnerisk, BACH (compound: 60306525)","Sangskrivning, BACH",,,"Songwriting, BACH",,,fable-5-edu,crosswalk_edu_disced,medium,danish,EDU_disced_603065,program,223,131,1.5e-05,,
EDU_disced_70306530,EDU,disced,70306530,"Kunstnerisk, LVU (compound: 70306530)","Komponist og dirigent, LVU",,,"Composer and conductor, LVU",,,fable-5-edu,crosswalk_edu_disced,medium,danish,EDU_disced_703065,program,484,272,3e-05,,
EDU_disced_50894510,EDU,disced,50894510,"Sundhedsfaglig, MVU (compound: 50894510)","Bandagist, MVU",,,"Orthopaedic technician (bandagist), MVU",,,fable-5-edu,crosswalk_edu_disced,medium,danish,EDU_disced_508945,program,640,297,3.3e-05,,
EDU_disced_60591520,EDU,disced,60591520,"Teknisk videnskab, BACH (compound: 60591520)","Kemisk og biokemisk teknologi, BACH",,,"Chemical and biochemical technology, BACH",,,fable-5-edu,crosswalk_edu_disced,medium,danish,EDU_disced_605915,program,4022,2251,0.000249,,
EDU_disced_70256320,EDU,disced,70256320,"Humanistisk og teologisk, LVU (compound: 70256320)","Kinastudier, LVU",,,"China studies, LVU",,,fable-5-edu,crosswalk_edu_disced,medium,danish,EDU_disced_702563,program,414,242,2.7e-05,,
EDU_disced_30551515,EDU,disced,30551515,"Teknologiområdet, maskinteknik og produktion (TBT) (compound: 30551515)",Cnc-teknikuddannelsen,,,CNC technology programme,,,fable-5-edu,crosswalk_edu_disced,medium,danish,EDU_disced_305515,program,514,391,4.3e-05,,
EDU_disced_50304010,EDU,disced,50304010,"Kunstnerisk, MVU (compound: 50304010)","Danseruddannelser, MVU",,,"Dance programmes, MVU",,,fable-5-edu,crosswalk_edu_disced,medium,danish,EDU_disced_503040,program,322,173,1.9e-05,,
EDU_disced_50301010,EDU,disced,50301010,"Kunstnerisk, MVU (compound: 50301010)","Kunstnerisk uden nærmere angivelse, MVU",,,"Artistic, not further specified, MVU",,,fable-5-edu,crosswalk_edu_disced,medium,danish,EDU_disced_503010,program,1039,1033,0.000114,,
EDU_disced_70256315,EDU,disced,70256315,"Humanistisk og teologisk, LVU (compound: 70256315)","Japanstudier, LVU",,,"Japanese studies, LVU",,,fable-5-edu,crosswalk_edu_disced,medium,danish,EDU_disced_702563,program,173,106,1.2e-05,,
EDU_disced_60302010,EDU,disced,60302010,"Kunstnerisk, BACH (compound: 60302010)","Bildende kunst, BACH",,,"Visual arts, BACH",,,fable-5-edu,crosswalk_edu_disced,medium,danish,EDU_disced_603020,program,579,327,3.6e-05,,
EDU_disced_30351010,EDU,disced,30351010,Byggeriområdet (TBT) (compound: 30351010),Bygge og anlæg uden nærmere angivelse,,,"Building and construction, not further specified",,,fable-5-edu,crosswalk_edu_disced,medium,danish,EDU_disced_303510,program,3733,3611,0.0004,,
EDU_disced_70356030,EDU,disced,70356030,"Naturvidenskab, LVU (compound: 70356030)","Interaktionsdesign, LVU",,,"Interaction design, LVU",,,fable-5-edu,crosswalk_edu_disced,medium,danish,EDU_disced_703560,program,557,345,3.8e-05,,
EDU_disced_60257520,EDU,disced,60257520,"Humanistisk og teologisk, BACH (compound: 60257520)","Indoeuropæisk, BACH",,,"Indo-European, BACH",,,fable-5-edu,crosswalk_edu_disced,medium,danish,EDU_disced_602575,program,64,36,4e-06,,
EDU_disced_70257525,EDU,disced,70257525,"Humanistisk og teologisk, LVU (compound: 70257525)","Ungarsk, LVU",,,"Hungarian, LVU",,,fable-5-edu,crosswalk_edu_disced,medium,danish,EDU_disced_702575,program,49,32,4e-06,,
EDU_disced_50259020,EDU,disced,50259020,"Humanistisk og teologisk, MVU (compound: 50259020)","Erhvervssprog, øvrige uddannelser, MVU",,,"Business language, other programmes, MVU",,,fable-5-edu,crosswalk_edu_disced,medium,danish,EDU_disced_502590,program,48,29,3e-06,,
EDU_disced_30552015,EDU,disced,30552015,"Teknologiområdet, maskinteknik og produktion (TBT) (compound: 30552015)",Produktør,,,Producer,,,fable-5-edu,crosswalk_edu_disced,medium,danish,EDU_disced_305520,program,468,237,2.6e-05,,
EDU_disced_70257010,EDU,disced,70257010,"Humanistisk og teologisk, LVU (compound: 70257010)","Klassisk Indisk - sanskrit, LVU",,,"Classical Indian - Sanskrit, LVU",,,fable-5-edu,crosswalk_edu_disced,medium,danish,EDU_disced_702570,program,143,108,1.2e-05,,
EDU_disced_30403015,EDU,disced,30403015,"Teknologiområdet, strøm og elektronik mv. (TBT) (compound: 30403015)",Forsyningsoperatør,,,Supply Operator,,,fable-5-edu,crosswalk_edu_disced,medium,danish,EDU_disced_304030,program,935,393,4.4e-05,,
EDU_disced_30651510,EDU,disced,30651510,Transport og logistikområdet (TBT) (compound: 30651510),Havne- og terminaluddannelser,,,Port and terminal programmes,,,fable-5-edu,crosswalk_edu_disced,medium,danish,EDU_disced_306515,program,494,242,2.7e-05,,
EDU_disced_60254510,EDU,disced,60254510,"Humanistisk og teologisk, BACH (compound: 60254510)","Religion og religionsvidenskab, BACH",,,"Religion and religious studies, BACH",,,fable-5-edu,crosswalk_edu_disced,medium,danish,EDU_disced_602545,program,1711,1477,0.000164,,
EDU_disced_30553520,EDU,disced,30553520,"Teknologiområdet, maskinteknik og produktion (TBT) (compound: 30553520)",Metalsmed,,,Metalsmed,,,fable-5-edu,crosswalk_edu_disced,medium,danish,EDU_disced_305535,program,1630,1464,0.000162,,
EDU_disced_70251225,EDU,disced,70251225,"Humanistisk og teologisk, LVU (compound: 70251225)","Arkæologi, nærorientalsk, LVU",,,"Archaeology, Near Eastern, LVU",,,fable-5-edu,crosswalk_edu_disced,medium,danish,EDU_disced_702512,program,58,56,6e-06,,
EDU_disced_60257510,EDU,disced,60257510,"Humanistisk og teologisk, BACH (compound: 60257510)","Finsk, BACH",,,"Finnish, BACH",,,fable-5-edu,crosswalk_edu_disced,medium,danish,EDU_disced_602575,program,219,149,1.7e-05,,
EDU_disced_70257510,EDU,disced,70257510,"Humanistisk og teologisk, LVU (compound: 70257510)","Finsk, LVU",,,"Finnish, LVU",,,fable-5-edu,crosswalk_edu_disced,medium,danish,EDU_disced_702575,program,185,104,1.2e-05,,
EDU_disced_50303045,EDU,disced,50303045,"Kunstnerisk, MVU (compound: 50303045)","Instruktør, film og tv, MVU",,,"Director, film and TV, MVU",,,fable-5-edu,crosswalk_edu_disced,medium,danish,EDU_disced_503030,program,208,138,1.5e-05,,
EDU_disced_60306520,EDU,disced,60306520,"Kunstnerisk, BACH (compound: 60306520)","Tonemester, musik, BACH",,,"Sound engineer (tonemester), music, BACH",,,fable-5-edu,crosswalk_edu_disced,medium,danish,EDU_disced_603065,program,159,93,1e-05,,
EDU_disced_50952530,EDU,disced,50952530,"Politi og forsvar mv., MVU (compound: 50952530)","Sprogofficer, MVU",,,"Language officer, MVU",,,fable-5-edu,crosswalk_edu_disced,medium,danish,EDU_disced_509525,program,254,150,1.7e-05,,
EDU_disced_50589515,EDU,disced,50589515,"Teknisk, MVU (compound: 50589515)","Teknisk offshore, MVU",,,"Technical offshore, MVU",,,fable-5-edu,crosswalk_edu_disced,medium,danish,EDU_disced_505895,program,336,152,1.7e-05,,
EDU_disced_70255515,EDU,disced,70255515,"Humanistisk og teologisk, LVU (compound: 70255515)","Arabisk, LVU",,,"Arabic, LVU",,,fable-5-edu,crosswalk_edu_disced,medium,danish,EDU_disced_702555,program,548,367,4.1e-05,,
EDU_disced_60804010,EDU,disced,60804010,"Jordbrug, natur og miljø, BACH (compound: 60804010)","Jordbrug, fødevarer og miljø kombineret, BACH",,,"Agriculture, food and environment combined, BACH",,,fable-5-edu,crosswalk_edu_disced,medium,danish,EDU_disced_608040,program,763,403,4.5e-05,,
EDU_disced_60599530,EDU,disced,60599530,"Teknisk videnskab, BACH (compound: 60599530)","Teknisk videnskab i øvrigt, BACH",,,"Other engineering science, BACH",,,fable-5-edu,crosswalk_edu_disced,medium,danish,EDU_disced_605995,program,1196,909,0.000101,,
EDU_disced_70596010,EDU,disced,70596010,"Teknisk videnskab, LVU (compound: 70596010)","Sundhedsteknologi, LVU",,,"Health technology, LVU",,,fable-5-edu,crosswalk_edu_disced,medium,danish,EDU_disced_705960,program,964,420,4.7e-05,,
EDU_disced_60304510,EDU,disced,60304510,"Kunstnerisk, BACH (compound: 60304510)","Skuespiller, BACH",,,"Actor, BACH",,,fable-5-edu,crosswalk_edu_disced,medium,danish,EDU_disced_603045,program,302,183,2e-05,,
EDU_disced_70599520,EDU,disced,70599520,"Teknisk videnskab, LVU (compound: 70599520)","Teknologi, råstofudvinding, LVU",,,"Technology, raw materials extraction, LVU",,,fable-5-edu,crosswalk_edu_disced,medium,danish,EDU_disced_705995,program,775,303,3.4e-05,,
EDU_disced_60257110,EDU,disced,60257110,"Humanistisk og teologisk, BACH (compound: 60257110)","Oldtidssprog, BACH",,,"Ancient languages, BACH",,,fable-5-edu,crosswalk_edu_disced,medium,danish,EDU_disced_602571,program,251,169,1.9e-05,,
EDU_disced_40305510,EDU,disced,40305510,"Kunstnerisk, KVU (compound: 40305510)","Kunsthåndværk, KVU",,,"Arts and crafts, KVU",,,fable-5-edu,crosswalk_edu_disced,medium,danish,EDU_disced_403055,program,532,280,3.1e-05,,
EDU_disced_50258210,EDU,disced,50258210,"Humanistisk og teologisk, MVU (compound: 50258210)","Erhvervssprog, afgangseksamen EA, MVU",,,"Business language, EA final examination, MVU",,,fable-5-edu,crosswalk_edu_disced,medium,danish,EDU_disced_502582,program,318,250,2.8e-05,,
EDU_disced_50303020,EDU,disced,50303020,"Kunstnerisk, MVU (compound: 50303020)","Manuskriptuddannelse, film og tv, MVU",,,"Screenwriting programme, film and TV, MVU",,,fable-5-edu,crosswalk_edu_disced,medium,danish,EDU_disced_503030,program,287,150,1.7e-05,,
EDU_disced_60355510,EDU,disced,60355510,"Naturvidenskab, BACH (compound: 60355510)","Statistik, BACH",,,"Statistics, BACH",,,fable-5-edu,crosswalk_edu_disced,medium,danish,EDU_disced_603555,program,155,87,1e-05,,
EDU_disced_50303515,EDU,disced,50303515,"Kunstnerisk, MVU (compound: 50303515)","Sceneinstruktør, MVU",,,"Stage director, MVU",,,fable-5-edu,crosswalk_edu_disced,medium,danish,EDU_disced_503035,program,86,44,5e-06,,
EDU_disced_30558010,EDU,disced,30558010,"Teknologiområdet, maskinteknik og produktion (TBT) (compound: 30558010)",Ortopædist,,,Orthopedist,,,fable-5-edu,crosswalk_edu_disced,medium,danish,EDU_disced_305580,program,360,234,2.6e-05,,
EDU_disced_50303040,EDU,disced,50303040,"Kunstnerisk, MVU (compound: 50303040)","Filmproducer, MVU",,,"Film producer, MVU",,,fable-5-edu,crosswalk_edu_disced,medium,danish,EDU_disced_503030,program,198,121,1.3e-05,,
EDU_disced_70351720,EDU,disced,70351720,"Naturvidenskab, LVU (compound: 70351720)","Parasitologi, LVU",,,"Parasitology, LVU",,,fable-5-edu,crosswalk_edu_disced,medium,danish,EDU_disced_703517,program,232,111,1.2e-05,,
EDU_disced_70257535,EDU,disced,70257535,"Humanistisk og teologisk, LVU (compound: 70257535)","Tolk i fremmedsprog, LVU",,,"Interpreter in foreign languages, LVU",,,fable-5-edu,crosswalk_edu_disced,medium,danish,EDU_disced_702575,program,300,273,3e-05,,
EDU_disced_50303520,EDU,disced,50303520,"Kunstnerisk, MVU (compound: 50303520)","Scenograf, MVU",,,"Scenographer, MVU",,,fable-5-edu,crosswalk_edu_disced,medium,danish,EDU_disced_503035,program,211,108,1.2e-05,,
EDU_disced_30404015,EDU,disced,30404015,"Teknologiområdet, strøm og elektronik mv. (TBT) (compound: 30404015)",Frontline radio-tv-supporter,,,Frontline Radio-TV Supporter,,,fable-5-edu,crosswalk_edu_disced,medium,danish,EDU_disced_304040,program,44,24,3e-06,,
EDU_disced_70257520,EDU,disced,70257520,"Humanistisk og teologisk, LVU (compound: 70257520)","Indoeuropæisk, LVU",,,"Indo-European, LVU",,,fable-5-edu,crosswalk_edu_disced,medium,danish,EDU_disced_702575,program,42,28,3e-06,,
EDU_disced_60253015,EDU,disced,60253015,"Humanistisk og teologisk, BACH (compound: 60253015)","Kultur og sprogmøde, BACH",,,"Culture and language encounters, BACH",,,fable-5-edu,crosswalk_edu_disced,medium,danish,EDU_disced_602530,program,1060,513,5.7e-05,,
EDU_disced_70903510,EDU,disced,70903510,"Sundhedsvidenskab, LVU (compound: 70903510)","It og sundhedsvidenskab, LVU",,,"IT and health science, LVU",,,fable-5-edu,crosswalk_edu_disced,medium,danish,EDU_disced_709035,program,740,340,3.8e-05,,
EDU_disced_30501530,EDU,disced,30501530,"Teknologiområdet, cykel-, auto- og skibsmekanik mv. (TBT) (compound: 30501530)",Bådmekaniker,,,Boat Mechanic,,,fable-5-edu,crosswalk_edu_disced,medium,danish,EDU_disced_305015,program,236,113,1.3e-05,,
EDU_disced_50303050,EDU,disced,50303050,"Kunstnerisk, MVU (compound: 50303050)","Tv studieproducer og tv-tilrettelægger, MVU",,,"TV studio producer and TV production planner, MVU",,,fable-5-edu,crosswalk_edu_disced,medium,danish,EDU_disced_503030,program,230,121,1.3e-05,,
EDU_disced_30155010,EDU,disced,30155010,"Kontor, handel og forretningsservice (KHF) (compound: 30155010)",Ejendoms- og anden service uden nærmere angivelse,,,"Property and other services, not further specified",,,fable-5-edu,crosswalk_edu_disced,medium,danish,EDU_disced_301550,program,6745,6660,0.000738,,
EDU_disced_70251230,EDU,disced,70251230,"Humanistisk og teologisk, LVU (compound: 70251230)","Marinarkæologi, LVU",,,"Maritime archaeology, LVU",,,fable-5-edu,crosswalk_edu_disced,medium,danish,EDU_disced_702512,program,392,167,1.8e-05,,
EDU_disced_70599510,EDU,disced,70599510,"Teknisk videnskab, LVU (compound: 70599510)","Teknisk, beredskab og risikostyring, LVU",,,"Technical, emergency preparedness and risk management, LVU",,,fable-5-edu,crosswalk_edu_disced,medium,danish,EDU_disced_705995,program,719,499,5.5e-05,,
EDU_disced_60303515,EDU,disced,60303515,"Kunstnerisk, BACH (compound: 60303515)","Sceneinstruktør, BACH",,,"Stage director, BACH",,,fable-5-edu,crosswalk_edu_disced,medium,danish,EDU_disced_603035,program,94,85,9e-06,,
EDU_disced_60355010,EDU,disced,60355010,"Naturvidenskab, BACH (compound: 60355010)","Matematik, BACH",,,"Mathematics, BACH",,,fable-5-edu,crosswalk_edu_disced,medium,danish,EDU_disced_603550,program,1713,1531,0.00017,,
EDU_disced_70306020,EDU,disced,70306020,"Kunstnerisk, LVU (compound: 70306020)","Konservering - restaurering, kulturhistorisk, LVU",,,"Conservation-restoration, cultural history, LVU",,,fable-5-edu,crosswalk_edu_disced,medium,danish,EDU_disced_703060,program,51,29,3e-06,,
EDU_disced_60256215,EDU,disced,60256215,"Humanistisk og teologisk, BACH (compound: 60256215)","Indonesisk, BACH",,,"Indonesian, BACH",,,fable-5-edu,crosswalk_edu_disced,medium,danish,EDU_disced_602562,program,67,36,4e-06,,
EDU_disced_60752515,EDU,disced,60752515,"Fødevarer, Bio- og laboratorieteknik, BACH (compound: 60752515)","Mejeribrugsvidenskab, BACH",,,"Dairy science, BACH",,,fable-5-edu,crosswalk_edu_disced,medium,danish,EDU_disced_607525,program,46,23,3e-06,,
EDU_disced_60593510,EDU,disced,60593510,"Teknisk videnskab, BACH (compound: 60593510)","Elektronik i øvrigt, BACH",,,"Other electronics, BACH",,,fable-5-edu,crosswalk_edu_disced,medium,danish,EDU_disced_605935,program,1188,749,8.3e-05,,
EDU_disced_30252520,EDU,disced,30252520,Jordbrug og natur (FJO) (compound: 30252520),"Skovbrug, efteruddannelse",,,"Forestry, continuing education",,,fable-5-edu,crosswalk_edu_disced,medium,danish,EDU_disced_302525,program,200,107,1.2e-05,,
EDU_disced_30355530,EDU,disced,30355530,Byggeriområdet (TBT) (compound: 30355530),Stukkatør,,,Plasterer,,,fable-5-edu,crosswalk_edu_disced,medium,danish,EDU_disced_303555,program,159,88,1e-05,,
EDU_disced_70306520,EDU,disced,70306520,"Kunstnerisk, LVU (compound: 70306520)","Tonemester, musik, LVU",,,"Sound engineer (tonemester), music, LVU",,,fable-5-edu,crosswalk_edu_disced,medium,danish,EDU_disced_703065,program,98,54,6e-06,,
EDU_disced_60392515,EDU,disced,60392515,"Samfundsvidenskab, BACH (compound: 60392515)","EU-studier og europæiske studier, BACH",,,"EU studies and European studies, BACH",,,fable-5-edu,crosswalk_edu_disced,medium,danish,EDU_disced_603925,program,1000,580,6.4e-05,,
EDU_disced_70306025,EDU,disced,70306025,"Kunstnerisk, LVU (compound: 70306025)","Konservering - restaurering, kunst, LVU",,,"Conservation-restoration, art, LVU",,,fable-5-edu,crosswalk_edu_disced,medium,danish,EDU_disced_703060,program,46,29,3e-06,,
EDU_disced_70392515,EDU,disced,70392515,"Samfundsvidenskab, LVU (compound: 70392515)","EU-studier og europæiske studier, LVU",,,"EU studies and European studies, LVU",,,fable-5-edu,crosswalk_edu_disced,medium,danish,EDU_disced_703925,program,344,255,2.8e-05,,
EDU_disced_40801010,EDU,disced,40801010,"Jordbrug, natur og miljø, KVU (compound: 40801010)","Jordbrug, natur og miljø uden nærmere angivelse, KVU",,,"Agriculture, nature and environment, not further specified, KVU",,,fable-5-edu,crosswalk_edu_disced,medium,danish,EDU_disced_408010,program,733,679,7.5e-05,,
EDU_disced_60356030,EDU,disced,60356030,"Naturvidenskab, BACH (compound: 60356030)","Interaktionsdesign, BACH",,,"Interaction design, BACH",,,fable-5-edu,crosswalk_edu_disced,medium,danish,EDU_disced_603560,program,737,384,4.3e-05,,
EDU_disced_70252515,EDU,disced,70252515,"Humanistisk og teologisk, LVU (compound: 70252515)","Videnskabshistorie, LVU",,,"History of science, LVU",,,fable-5-edu,crosswalk_edu_disced,medium,danish,EDU_disced_702525,program,163,100,1.1e-05,,
EDU_disced_50303035,EDU,disced,50303035,"Kunstnerisk, MVU (compound: 50303035)","Tonemester, film og tv, MVU",,,"Sound engineer (tonemester), film and TV, MVU",,,fable-5-edu,crosswalk_edu_disced,medium,danish,EDU_disced_503030,program,206,133,1.5e-05,,
EDU_disced_70306015,EDU,disced,70306015,"Kunstnerisk, LVU (compound: 70306015)","Konservering - restaurering, grafisk, LVU",,,"Conservation-restoration, graphic, LVU",,,fable-5-edu,crosswalk_edu_disced,medium,danish,EDU_disced_703060,program,31,18,2e-06,,
EDU_disced_70356035,EDU,disced,70356035,"Naturvidenskab, LVU (compound: 70356035)","Medialogi, LVU",,,"Medialogy, LVU",,,fable-5-edu,crosswalk_edu_disced,medium,danish,EDU_disced_703560,program,753,648,7.2e-05,,
EDU_disced_30404010,EDU,disced,30404010,"Teknologiområdet, strøm og elektronik mv. (TBT) (compound: 30404010)",Frontline pc-supporter,,,Frontline PC supporter,,,fable-5-edu,crosswalk_edu_disced,medium,danish,EDU_disced_304040,program,76,48,5e-06,,
EDU_disced_80306555,EDU,disced,80306555,"Kunstnerisk, Ph.d. (compound: 80306555)","Musikuddannelser i øvrigt, Ph.d.",,,"Other music programmes, Ph.d.",,,fable-5-edu,crosswalk_edu_disced,medium,danish,EDU_disced_803065,program,338,180,2e-05,,
EDU_disced_60392010,EDU,disced,60392010,"Samfundsvidenskab, BACH (compound: 60392010)","Antropologi, BACH",,,"Anthropology, BACH",,,fable-5-edu,crosswalk_edu_disced,medium,danish,EDU_disced_603920,program,1764,1708,0.000189,,
EDU_disced_50381010,EDU,disced,50381010,"Samfundsfaglig, Økonomisk-Merkantil, MVU (compound: 50381010)","Samfundsfaglig, Økonomisk-Merkantil uden nærmere angivelse, MVU",,,"Social science, economic-mercantile, not further specified, MVU",,,fable-5-edu,crosswalk_edu_disced,medium,danish,EDU_disced_503810,program,5676,5360,0.000594,,
EDU_disced_60394010,EDU,disced,60394010,"Samfundsvidenskab, BACH (compound: 60394010)","Psykologi, BACH",,,"Psychology, BACH",,,fable-5-edu,crosswalk_edu_disced,medium,danish,EDU_disced_603940,program,7739,7186,0.000796,,
EDU_disced_70257110,EDU,disced,70257110,"Humanistisk og teologisk, LVU (compound: 70257110)","Oldtidssprog, LVU",,,"Ancient languages, LVU",,,fable-5-edu,crosswalk_edu_disced,medium,danish,EDU_disced_702571,program,199,128,1.4e-05,,
EDU_disced_30401010,EDU,disced,30401010,"Teknologiområdet, strøm og elektronik mv. (TBT) (compound: 30401010)",Strøm og elektronik uden nærmere angivelse,,,"Electricity and electronics, not further specified",,,fable-5-edu,crosswalk_edu_disced,medium,danish,EDU_disced_304010,program,92,54,6e-06,,
EDU_disced_70304010,EDU,disced,70304010,"Kunstnerisk, LVU (compound: 70304010)","Danseruddannelser, LVU",,,"Dance programmes, LVU",,,fable-5-edu,crosswalk_edu_disced,medium,danish,EDU_disced_703040,program,80,48,5e-06,,
EDU_disced_70352510,EDU,disced,70352510,"Naturvidenskab, LVU (compound: 70352510)","Nanoscience og nanobioscience, LVU",,,"Nanoscience and nanobioscience, LVU",,,fable-5-edu,crosswalk_edu_disced,medium,danish,EDU_disced_703525,program,499,455,5e-05,,
EDU_disced_30254010,EDU,disced,30254010,Jordbrug og natur (FJO) (compound: 30254010),Jordbrug og natur i øvrigt,,,Other agriculture and nature,,,fable-5-edu,crosswalk_edu_disced,medium,danish,EDU_disced_302540,program,2404,2377,0.000263,,
EDU_disced_60592515,EDU,disced,60592515,"Teknisk videnskab, BACH (compound: 60592515)","Byudvikling og byplanlægning mv., BACH",,,"Urban development and town planning etc., BACH",,,fable-5-edu,crosswalk_edu_disced,medium,danish,EDU_disced_605925,program,46,18,2e-06,,
EDU_disced_70256515,EDU,disced,70256515,"Humanistisk og teologisk, LVU (compound: 70256515)","Nederlandsk, LVU",,,"Dutch, LVU",,,fable-5-edu,crosswalk_edu_disced,medium,danish,EDU_disced_702565,program,36,26,3e-06,,
EDU_disced_20303010,EDU,disced,20303010,Internationale gymnasiale uddannelser (compound: 20303010),Dansk-Tysk studentereksamen,,,Danish-German upper secondary leaving examination,,,fable-5-edu,crosswalk_edu_disced,medium,danish,EDU_disced_203030,program,273,134,1.5e-05,,
EDU_disced_60256330,EDU,disced,60256330,"Humanistisk og teologisk, BACH (compound: 60256330)","Tibetologi, BACH",,,"Tibetology, BACH",,,fable-5-edu,crosswalk_edu_disced,medium,danish,EDU_disced_602563,program,80,59,7e-06,,
EDU_disced_30451010,EDU,disced,30451010,"Teknologiområdet, grafisk teknik og medieproduktion (TBT) (compound: 30451010)",Grafisk teknik og medieproduktion uden nærmere angivelse,,,"Graphic technology and media production, not further specified",,,fable-5-edu,crosswalk_edu_disced,medium,danish,EDU_disced_304510,program,136,120,1.3e-05,,
EDU_disced_70307010,EDU,disced,70307010,"Kunstnerisk, LVU (compound: 70307010)","Scenekunst, LVU",,,"Performing arts, LVU",,,fable-5-edu,crosswalk_edu_disced,medium,danish,EDU_disced_703070,program,46,24,3e-06,,
EDU_disced_70255520,EDU,disced,70255520,"Humanistisk og teologisk, LVU (compound: 70255520)","Hebraisk, LVU",,,"Hebrew, LVU",,,fable-5-edu,crosswalk_edu_disced,medium,danish,EDU_disced_702555,program,43,35,4e-06,,
EDU_disced_20304010,EDU,disced,20304010,Internationale gymnasiale uddannelser (compound: 20304010),Dansk-Fransk Bacalaurétte,,,Danish-French Baccalauréat,,,fable-5-edu,crosswalk_edu_disced,medium,danish,EDU_disced_203040,program,833,273,3e-05,,
EDU_disced_70255725,EDU,disced,70255725,"Humanistisk og teologisk, LVU (compound: 70255725)","Rumænsk, LVU",,,"Romanian, LVU",,,fable-5-edu,crosswalk_edu_disced,medium,danish,EDU_disced_702557,program,15,13,1e-06,,
EDU_disced_60395010,EDU,disced,60395010,"Samfundsvidenskab, BACH (compound: 60395010)","Økonomi, BACH",,,"Economics, BACH",,,fable-5-edu,crosswalk_edu_disced,medium,danish,EDU_disced_603950,program,4737,4718,0.000523,,
EDU_disced_60255530,EDU,disced,60255530,"Humanistisk og teologisk, BACH (compound: 60255530)","Tyrkisk, BACH",,,"Turkish, BACH",,,fable-5-edu,crosswalk_edu_disced,medium,danish,EDU_disced_602555,program,50,34,4e-06,,
EDU_disced_60393010,EDU,disced,60393010,"Samfundsvidenskab, BACH (compound: 60393010)","Jura, BACH",,,"Law, BACH",,,fable-5-edu,crosswalk_edu_disced,medium,danish,EDU_disced_603930,program,13321,13305,0.001474,,
EDU_disced_70256210,EDU,disced,70256210,"Humanistisk og teologisk, LVU (compound: 70256210)","Indien og Sydasienstudier, LVU",,,"India and South Asia studies, LVU",,,fable-5-edu,crosswalk_edu_disced,medium,danish,EDU_disced_702562,program,28,16,2e-06,,
EDU_disced_60255520,EDU,disced,60255520,"Humanistisk og teologisk, BACH (compound: 60255520)","Hebraisk, BACH",,,"Hebrew, BACH",,,fable-5-edu,crosswalk_edu_disced,medium,danish,EDU_disced_602555,program,59,43,5e-06,,
EDU_disced_60303510,EDU,disced,60303510,"Kunstnerisk, BACH (compound: 60303510)","Teaterteknik, BACH",,,"Theatre technology, BACH",,,fable-5-edu,crosswalk_edu_disced,medium,danish,EDU_disced_603035,program,91,64,7e-06,,
EDU_disced_50585015,EDU,disced,50585015,"Teknisk, MVU (compound: 50585015)","Teknisk, tekstil- og beklædning, MVU",,,"Technical, textiles and clothing, MVU",,,fable-5-edu,crosswalk_edu_disced,medium,danish,EDU_disced_505850,program,136,61,7e-06,,
EDU_disced_80306530,EDU,disced,80306530,"Kunstnerisk, Ph.d. (compound: 80306530)","Komponist og dirigent, Ph.d.",,,"Composer and conductor, Ph.d.",,,fable-5-edu,crosswalk_edu_disced,medium,danish,EDU_disced_803065,program,164,124,1.4e-05,,
EDU_disced_60306530,EDU,disced,60306530,"Kunstnerisk, BACH (compound: 60306530)","Komponist og dirigent, BACH",,,"Composer and conductor, BACH",,,fable-5-edu,crosswalk_edu_disced,medium,danish,EDU_disced_603065,program,73,40,4e-06,,
EDU_disced_60257525,EDU,disced,60257525,"Humanistisk og teologisk, BACH (compound: 60257525)","Ungarsk, BACH",,,"Hungarian, BACH",,,fable-5-edu,crosswalk_edu_disced,medium,danish,EDU_disced_602575,program,38,24,3e-06,,
EDU_disced_70355510,EDU,disced,70355510,"Naturvidenskab, LVU (compound: 70355510)","Statistik, LVU",,,"Statistics, LVU",,,fable-5-edu,crosswalk_edu_disced,medium,danish,EDU_disced_703555,program,473,472,5.2e-05,,
EDU_disced_70256215,EDU,disced,70256215,"Humanistisk og teologisk, LVU (compound: 70256215)","Indonesisk, LVU",,,"Indonesian, LVU",,,fable-5-edu,crosswalk_edu_disced,medium,danish,EDU_disced_702562,program,6,2,0.0,,
EDU_disced_60354710,EDU,disced,60354710,"Naturvidenskab, BACH (compound: 60354710)","Kemi, BACH",,,"Chemistry, BACH",,,fable-5-edu,crosswalk_edu_disced,medium,danish,EDU_disced_603547,program,951,950,0.000105,,
EDU_disced_30902010,EDU,disced,30902010,Andre erhvervsfaglige uddannelser (compound: 30902010),Forsvaret,,,The Danish Defence,,,fable-5-edu,crosswalk_edu_disced,medium,danish,EDU_disced_309020,program,22,11,1e-06,,
EDU_disced_60304010,EDU,disced,60304010,"Kunstnerisk, BACH (compound: 60304010)","Dans, BACH",,,"Dance, BACH",,,fable-5-edu,crosswalk_edu_disced,medium,danish,EDU_disced_603040,program,102,60,7e-06,,
EDU_disced_60255725,EDU,disced,60255725,"Humanistisk og teologisk, BACH (compound: 60255725)","Rumænsk, BACH",,,"Romanian, BACH",,,fable-5-edu,crosswalk_edu_disced,medium,danish,EDU_disced_602557,program,3,2,0.0,,
EDU_disced_30601025,EDU,disced,30601025,Teknik- og industriuddannelser i øvrigt (TBT) (compound: 30601025),Teknik- og industriuddannelser i øvrigt,,,Other technical and industrial programmes,,,fable-5-edu,crosswalk_edu_disced,medium,danish,EDU_disced_306010,program,813,810,9e-05,,
EDU_disced_60354510,EDU,disced,60354510,"Naturvidenskab, BACH (compound: 60354510)","Idræt, BACH",,,"Sports science, BACH",,,fable-5-edu,crosswalk_edu_disced,medium,danish,EDU_disced_603545,program,3828,3820,0.000423,,
EDU_disced_70256220,EDU,disced,70256220,"Humanistisk og teologisk, LVU (compound: 70256220)","Thai, LVU",,,"Thai, LVU",,,fable-5-edu,crosswalk_edu_disced,medium,danish,EDU_disced_702562,program,35,30,3e-06,,
EDU_disced_60256520,EDU,disced,60256520,"Humanistisk og teologisk, BACH (compound: 60256520)","Tysk, BACH",,,"German, BACH",,,fable-5-edu,crosswalk_edu_disced,medium,danish,EDU_disced_602565,program,534,530,5.9e-05,,
EDU_disced_70306030,EDU,disced,70306030,"Kunstnerisk, LVU (compound: 70306030)","Konservering - restaurering, monumental, LVU",,,"Conservation-restoration, monumental, LVU",,,fable-5-edu,crosswalk_edu_disced,medium,danish,EDU_disced_703060,program,2,2,0.0,,
EDU_disced_70255530,EDU,disced,70255530,"Humanistisk og teologisk, LVU (compound: 70255530)","Tyrkisk, LVU",,,"Turkish, LVU",,,fable-5-edu,crosswalk_edu_disced,medium,danish,EDU_disced_702555,program,11,4,0.0,,
EDU_disced_70256330,EDU,disced,70256330,"Humanistisk og teologisk, LVU (compound: 70256330)","Tibetologi, LVU",,,"Tibetology, LVU",,,fable-5-edu,crosswalk_edu_disced,medium,danish,EDU_disced_702563,program,23,16,2e-06,,
EDU_disced_70359510,EDU,disced,70359510,"Naturvidenskab, LVU (compound: 70359510)","Bioinformatik, LVU",,,"Bioinformatics, LVU",,,fable-5-edu,crosswalk_edu_disced,medium,danish,EDU_disced_703595,program,348,347,3.8e-05,,
EDU_disced_20306010,EDU,disced,20306010,Internationale gymnasiale uddannelser (compound: 20306010),European Baccalaureate,,,European Baccalaureate,,,fable-5-edu,crosswalk_edu_disced,medium,danish,EDU_disced_203060,program,1177,365,4e-05,,
EDU_disced_10201012,EDU,disced,10201012,Grundskole 7.-9. klasse (compound: 10201012),9. klasse,,,9th grade [completed qualification],,,fable-5-edu,crosswalk_edu_disced,medium,danish,EDU_disced_102010,program,3736868,3678550,0.407429,,
EDU_disced_90992010,EDU,disced,90992010,Uoplyst mv. (compound: 90992010),Afbrudt,,,Discontinued,,,fable-5-edu,crosswalk_edu_disced,medium,danish,EDU_disced_909920,program,3235524,1975704,0.218825,,
EDU_disced_30911111,EDU,disced,30911111,Grundforløb (compound: 30911111),Grundforløb,,,Foundation course,,,fable-5-edu,crosswalk_edu_disced,medium,danish,EDU_disced_309111,program,501316,434499,0.048124,,
EDU_disced_10201011,EDU,disced,10201011,Grundskole 7.-9. klasse (compound: 10201011),8.klasse,,,8th grade,,,fable-5-edu,crosswalk_edu_disced,medium,danish,EDU_disced_102010,program,3669444,3632401,0.402318,,
EDU_disced_20102011,EDU,disced,20102011,Alment gymnasiale uddannelser (compound: 20102011),"HF 2-årig, 1. år",,,"HF two-year, 1st year",,,fable-5-edu,crosswalk_edu_disced,medium,danish,EDU_disced_201020,program,317098,311144,0.034462,,
EDU_disced_20203012,EDU,disced,20203012,Erhvervsrettede gymnasiale uddannelser (compound: 20203012),"Hhx 3-årig, 2. år",,,"HHX three-year, 2nd year",,,fable-5-edu,crosswalk_edu_disced,medium,danish,EDU_disced_202030,program,337430,336332,0.037252,,
EDU_disced_20203013,EDU,disced,20203013,Erhvervsrettede gymnasiale uddannelser (compound: 20203013),"Hhx 3-årig, 3. år",,,"HHX three-year, 3rd year",,,fable-5-edu,crosswalk_edu_disced,medium,danish,EDU_disced_202030,program,328073,327994,0.036328,,
EDU_disced_20101011,EDU,disced,20101011,Alment gymnasiale uddannelser (compound: 20101011),"Gymnasiet uden linieopdeling, 1.g.",,,"Gymnasium (general upper secondary) without streaming, year 1",,,fable-5-edu,crosswalk_edu_disced,medium,danish,EDU_disced_201010,program,514604,512242,0.056735,,
EDU_disced_20101012,EDU,disced,20101012,Alment gymnasiale uddannelser (compound: 20101012),"Gymnasiet uden linieopdeling, 2.g.",,,"Gymnasium (general upper secondary) without streaming, year 2",,,fable-5-edu,crosswalk_edu_disced,medium,danish,EDU_disced_201010,program,466617,465439,0.051551,,
EDU_disced_20101013,EDU,disced,20101013,Alment gymnasiale uddannelser (compound: 20101013),"Gymnasiet uden linieopdeling, 3.g.",,,"Gymnasium (general upper secondary) without streaming, year 3",,,fable-5-edu,crosswalk_edu_disced,medium,danish,EDU_disced_201010,program,522122,522066,0.057823,,
EDU_disced_20101021,EDU,disced,20101021,Alment gymnasiale uddannelser (compound: 20101021),"Matematisk gymnasium, 1.g.",,,"Mathematics-stream gymnasium, year 1",,,fable-5-edu,crosswalk_edu_disced,medium,danish,EDU_disced_201010,program,369643,364597,0.040382,,
EDU_disced_20101022,EDU,disced,20101022,Alment gymnasiale uddannelser (compound: 20101022),"Matematisk gymnasium, 2.g.",,,"Mathematics-stream gymnasium, year 2",,,fable-5-edu,crosswalk_edu_disced,medium,danish,EDU_disced_201010,program,354620,349608,0.038722,,
EDU_disced_20101023,EDU,disced,20101023,Alment gymnasiale uddannelser (compound: 20101023),"Matematisk gymnasium, 3.g.",,,"Mathematics-stream gymnasium, year 3",,,fable-5-edu,crosswalk_edu_disced,medium,danish,EDU_disced_201010,program,665357,382265,0.042339,,
EDU_disced_90994010,EDU,disced,90994010,Uoplyst mv. (compound: 90994010),Igang,,,In progress,,,fable-5-edu,crosswalk_edu_disced,medium,danish,EDU_disced_909940,program,1173697,1173691,0.129996,,
EDU_disced_20101031,EDU,disced,20101031,Alment gymnasiale uddannelser (compound: 20101031),Sproglig gymnasium 1.g.,,,"Language-stream gymnasium, year 1",,,fable-5-edu,crosswalk_edu_disced,medium,danish,EDU_disced_201010,program,233951,231634,0.025655,,
EDU_disced_20101032,EDU,disced,20101032,Alment gymnasiale uddannelser (compound: 20101032),Sproglig gymnasium 2.g.,,,"Language-stream gymnasium, year 2",,,fable-5-edu,crosswalk_edu_disced,medium,danish,EDU_disced_201010,program,224316,222317,0.024623,,
EDU_disced_20101033,EDU,disced,20101033,Alment gymnasiale uddannelser (compound: 20101033),Sproglig gymnasium 3.g.,,,"Language-stream gymnasium, year 3",,,fable-5-edu,crosswalk_edu_disced,medium,danish,EDU_disced_201010,program,431134,255423,0.02829,,
EDU_disced_20102012,EDU,disced,20102012,Alment gymnasiale uddannelser (compound: 20102012),"HF 2-årig, 2. år",,,"HF two-year, 2nd year",,,fable-5-edu,crosswalk_edu_disced,medium,danish,EDU_disced_201020,program,279808,275915,0.03056,,
EDU_disced_30251528,EDU,disced,30251528,Jordbrug og natur (FJO) (compound: 30251528),Havecentergartner,,,Garden-centre gardener [completed qualification],,,fable-5-edu,crosswalk_edu_disced,medium,danish,EDU_disced_302515,program,108,108,1.2e-05,,
EDU_disced_20204011,EDU,disced,20204011,Erhvervsrettede gymnasiale uddannelser (compound: 20204011),"Htx, 1. år",,,"HTX, 1st year",,,fable-5-edu,crosswalk_edu_disced,medium,danish,EDU_disced_202040,program,112325,112116,0.012418,,
EDU_disced_20204012,EDU,disced,20204012,Erhvervsrettede gymnasiale uddannelser (compound: 20204012),"Htx, 2. år",,,"HTX, 2nd year",,,fable-5-edu,crosswalk_edu_disced,medium,danish,EDU_disced_202040,program,101294,101138,0.011202,,
EDU_disced_20204013,EDU,disced,20204013,Erhvervsrettede gymnasiale uddannelser (compound: 20204013),"Htx, 3. år",,,"HTX, 3rd year",,,fable-5-edu,crosswalk_edu_disced,medium,danish,EDU_disced_202040,program,93697,93671,0.010375,,
EDU_disced_70305015,EDU,disced,70305015,"Kunstnerisk, LVU (compound: 70305015)","Designer, digitale medier, kommunikation, LVU",,,"Designer, digital media, communication, LVU",,,fable-5-edu,crosswalk_edu_disced,medium,danish,EDU_disced_703050,program,920,833,9.2e-05,,
EDU_disced_20103011,EDU,disced,20103011,Alment gymnasiale uddannelser (compound: 20103011),Studenterkursus uden linieopdeling 1. år,,,"Studenterkursus without streaming, 1st year",,,fable-5-edu,crosswalk_edu_disced,medium,danish,EDU_disced_201030,program,6082,5945,0.000658,,
EDU_disced_20103012,EDU,disced,20103012,Alment gymnasiale uddannelser (compound: 20103012),Studenterkursus uden linieopdeling 2. år,,,"Studenterkursus without streaming, 2nd year",,,fable-5-edu,crosswalk_edu_disced,medium,danish,EDU_disced_201030,program,4868,4861,0.000538,,
EDU_disced_10201010,EDU,disced,10201010,Grundskole 7.-9. klasse (compound: 10201010),7. klasse,,,7th grade [completed qualification],,,fable-5-edu,crosswalk_edu_disced,medium,danish,EDU_disced_102010,program,2326362,2318567,0.2568,,
EDU_disced_10101012,EDU,disced,10101012,Grundskole til og med 6. klasse (compound: 10101012),2. klasse,,,2nd grade [completed qualification],,,fable-5-edu,crosswalk_edu_disced,medium,danish,EDU_disced_101010,program,1107148,1099056,0.121729,,
EDU_disced_20302021,EDU,disced,20302021,Internationale gymnasiale uddannelser (compound: 20302021),"International Baccalaureate, 1. år",,,"International Baccalaureate, 1st year",,,fable-5-edu,crosswalk_edu_disced,medium,danish,EDU_disced_203020,program,11667,11408,0.001264,,
EDU_disced_20302022,EDU,disced,20302022,Internationale gymnasiale uddannelser (compound: 20302022),"International Baccalaureate, 2. år",,,"International Baccalaureate, 2nd year",,,fable-5-edu,crosswalk_edu_disced,medium,danish,EDU_disced_203020,program,10565,9352,0.001036,,
EDU_disced_10101016,EDU,disced,10101016,Grundskole til og med 6. klasse (compound: 10101016),6. klasse,,,6th grade [completed qualification],,,fable-5-edu,crosswalk_edu_disced,medium,danish,EDU_disced_101010,program,1151515,1144203,0.12673,,
EDU_disced_10101015,EDU,disced,10101015,Grundskole til og med 6. klasse (compound: 10101015),5. klasse,,,5th Grade [completed qualification],,,fable-5-edu,crosswalk_edu_disced,medium,danish,EDU_disced_101010,program,1138829,1132222,0.125403,,
EDU_disced_10101014,EDU,disced,10101014,Grundskole til og med 6. klasse (compound: 10101014),4. klasse,,,4th grade [completed qualification],,,fable-5-edu,crosswalk_edu_disced,medium,danish,EDU_disced_101010,program,1126709,1120621,0.124118,,
EDU_disced_10101013,EDU,disced,10101013,Grundskole til og med 6. klasse (compound: 10101013),3. klasse,,,3rd grade [completed qualification],,,fable-5-edu,crosswalk_edu_disced,medium,danish,EDU_disced_101010,program,1115187,1108516,0.122777,,
EDU_disced_20103032,EDU,disced,20103032,Alment gymnasiale uddannelser (compound: 20103032),Sproglig studenterkursus 2. år,,,"Language-stream studenterkursus, 2nd year",,,fable-5-edu,crosswalk_edu_disced,medium,danish,EDU_disced_201030,program,11470,11448,0.001268,,
EDU_disced_40258010,EDU,disced,40258010,"Humanistisk og teologisk, KVU (compound: 40258010)","1 erhverssprog, korrespondent, KVU",,,"One business language, correspondent, KVU",,,fable-5-edu,crosswalk_edu_disced,medium,danish,EDU_disced_402580,program,21163,14730,0.001631,,
EDU_disced_20103022,EDU,disced,20103022,Alment gymnasiale uddannelser (compound: 20103022),Matematisk studenterkursus 2. år,,,"Mathematics-stream studenterkursus, 2nd year",,,fable-5-edu,crosswalk_edu_disced,medium,danish,EDU_disced_201030,program,11748,11716,0.001298,,
EDU_disced_20103031,EDU,disced,20103031,Alment gymnasiale uddannelser (compound: 20103031),Sproglig studenterkursus 1. år,,,"Language-stream studenterkursus, 1st year",,,fable-5-edu,crosswalk_edu_disced,medium,danish,EDU_disced_201030,program,10734,10124,0.001121,,
EDU_disced_60305020,EDU,disced,60305020,"Kunstnerisk, BACH (compound: 60305020)","Designer, grafisk design, BACH",,,"Designer, graphic design, BACH",,,fable-5-edu,crosswalk_edu_disced,medium,danish,EDU_disced_603050,program,1789,1787,0.000198,,
EDU_disced_20103021,EDU,disced,20103021,Alment gymnasiale uddannelser (compound: 20103021),Matematisk studenterkursus 1. år,,,"Mathematics-stream studenterkursus, 1st year",,,fable-5-edu,crosswalk_edu_disced,medium,danish,EDU_disced_201030,program,11537,10663,0.001181,,
EDU_disced_60305045,EDU,disced,60305045,"Kunstnerisk, BACH (compound: 60305045)","Designer, møbel, rum, indretning, BACH",,,"Designer, furniture, space, interior design, BACH",,,fable-5-edu,crosswalk_edu_disced,medium,danish,EDU_disced_603050,program,2148,2144,0.000237,,
EDU_disced_60306015,EDU,disced,60306015,"Kunstnerisk, BACH (compound: 60306015)","Konservering - restaurering, grafisk, BACH",,,"Conservation-restoration, graphic, BACH",,,fable-5-edu,crosswalk_edu_disced,medium,danish,EDU_disced_603060,program,71,71,8e-06,,
EDU_disced_60305040,EDU,disced,60305040,"Kunstnerisk, BACH (compound: 60305040)","Designer, mode, tekstil, beklædning, BACH",,,"Designer, fashion, textiles, clothing, BACH",,,fable-5-edu,crosswalk_edu_disced,medium,danish,EDU_disced_603050,program,2591,2447,0.000271,,
EDU_disced_60305035,EDU,disced,60305035,"Kunstnerisk, BACH (compound: 60305035)","Designer, keramik og glas, BACH",,,"Designer, ceramics and glass, BACH",,,fable-5-edu,crosswalk_edu_disced,medium,danish,EDU_disced_603050,program,1102,1100,0.000122,,
EDU_disced_70305045,EDU,disced,70305045,"Kunstnerisk, LVU (compound: 70305045)","Designer, møbel, rum, indretning, LVU",,,"Designer, furniture, space, interior design, LVU",,,fable-5-edu,crosswalk_edu_disced,medium,danish,EDU_disced_703050,program,429,429,4.8e-05,,
EDU_disced_30251527,EDU,disced,30251527,Jordbrug og natur (FJO) (compound: 30251527),Planteskolegartner,,,Plant-nursery gardener [completed qualification],,,fable-5-edu,crosswalk_edu_disced,medium,danish,EDU_disced_302515,program,209,209,2.3e-05,,
EDU_disced_70252625,EDU,disced,70252625,"Humanistisk og teologisk, LVU (compound: 70252625)","Musikvidenskab, LVU",,,"Musicology, LVU",,,fable-5-edu,crosswalk_edu_disced,medium,danish,EDU_disced_702526,program,552,551,6.1e-05,,
EDU_disced_60306020,EDU,disced,60306020,"Kunstnerisk, BACH (compound: 60306020)","Konservering - restaurering, kulturhistorisk, BACH",,,"Conservation-restoration, cultural history, BACH",,,fable-5-edu,crosswalk_edu_disced,medium,danish,EDU_disced_603060,program,102,102,1.1e-05,,
EDU_disced_60305015,EDU,disced,60305015,"Kunstnerisk, BACH (compound: 60305015)","Designer, digitale medier, kommunikation, BACH",,,"Designer, digital media, communication, BACH",,,fable-5-edu,crosswalk_edu_disced,medium,danish,EDU_disced_603050,program,378,378,4.2e-05,,
EDU_disced_70305020,EDU,disced,70305020,"Kunstnerisk, LVU (compound: 70305020)","Designer, grafisk design, LVU",,,"Designer, graphic design, LVU",,,fable-5-edu,crosswalk_edu_disced,medium,danish,EDU_disced_703050,program,289,289,3.2e-05,,
EDU_disced_70305030,EDU,disced,70305030,"Kunstnerisk, LVU (compound: 70305030)","Designer, industriel design, LVU",,,"Designer, industrial design, LVU",,,fable-5-edu,crosswalk_edu_disced,medium,danish,EDU_disced_703050,program,637,608,6.7e-05,,
EDU_disced_60305030,EDU,disced,60305030,"Kunstnerisk, BACH (compound: 60305030)","Designer, industriel design, BACH",,,"Designer, industrial design, BACH",,,fable-5-edu,crosswalk_edu_disced,medium,danish,EDU_disced_603050,program,343,262,2.9e-05,,
EDU_disced_70256025,EDU,disced,70256025,"Humanistisk og teologisk, LVU (compound: 70256025)","Russisk, LVU",,,"Russian, LVU",,,fable-5-edu,crosswalk_edu_disced,medium,danish,EDU_disced_702560,program,372,344,3.8e-05,,
EDU_disced_70256030,EDU,disced,70256030,"Humanistisk og teologisk, LVU (compound: 70256030)","Serbokroatisk, LVU",,,"Serbo-Croatian, LVU",,,fable-5-edu,crosswalk_edu_disced,medium,danish,EDU_disced_702560,program,86,82,9e-06,,
EDU_disced_10101010,EDU,disced,10101010,Grundskole til og med 6. klasse (compound: 10101010),0. klasse,,,Grade 0 (kindergarten class),,,fable-5-edu,crosswalk_edu_disced,medium,danish,EDU_disced_101010,program,1110754,1082006,0.119841,,
EDU_disced_50802016,EDU,disced,50802016,"Jordbrug, natur og miljø, MVU (compound: 50802016)","Jordbrugsbiologi, MVU",,,"Agricultural biology, MVU",,,fable-5-edu,crosswalk_edu_disced,medium,danish,EDU_disced_508020,program,491,348,3.9e-05,,
EDU_disced_60306025,EDU,disced,60306025,"Kunstnerisk, BACH (compound: 60306025)","Konservering - restaurering, kunst, BACH",,,"Conservation-restoration, art, BACH",,,fable-5-edu,crosswalk_edu_disced,medium,danish,EDU_disced_603060,program,83,83,9e-06,,
EDU_disced_70305040,EDU,disced,70305040,"Kunstnerisk, LVU (compound: 70305040)","Designer, mode, tekstil, beklædning, LVU",,,"Designer, fashion, textiles, clothing, LVU",,,fable-5-edu,crosswalk_edu_disced,medium,danish,EDU_disced_703050,program,438,386,4.3e-05,,
EDU_disced_70306550,EDU,disced,70306550,"Kunstnerisk, LVU (compound: 70306550)","Musikteori, LVU",,,"Music theory, LVU",,,fable-5-edu,crosswalk_edu_disced,medium,danish,EDU_disced_703065,program,9,9,1e-06,,
EDU_disced_70353510,EDU,disced,70353510,"Naturvidenskab, LVU (compound: 70353510)","Geodæsi og geoinformatik, LVU",,,"Geodesy and geoinformatics, LVU",,,fable-5-edu,crosswalk_edu_disced,medium,danish,EDU_disced_703535,program,444,347,3.8e-05,,
EDU_disced_70257020,EDU,disced,70257020,"Humanistisk og teologisk, LVU (compound: 70257020)","Latin, LVU",,,"Latin, LVU",,,fable-5-edu,crosswalk_edu_disced,medium,danish,EDU_disced_702570,program,360,333,3.7e-05,,
EDU_disced_70305035,EDU,disced,70305035,"Kunstnerisk, LVU (compound: 70305035)","Designer, keramik og glas, LVU",,,"Designer, ceramics and glass, LVU",,,fable-5-edu,crosswalk_edu_disced,medium,danish,EDU_disced_703050,program,65,65,7e-06,,
EDU_disced_10101011,EDU,disced,10101011,Grundskole til og med 6. klasse (compound: 10101011),1. klasse,,,First Class [completed qualification],,,fable-5-edu,crosswalk_edu_disced,medium,danish,EDU_disced_101010,program,1101896,1091762,0.120922,,
EDU_disced_70305050,EDU,disced,70305050,"Kunstnerisk, LVU (compound: 70305050)","Designer, unika design, LVU",,,"Designer, one-off (unika) design, LVU",,,fable-5-edu,crosswalk_edu_disced,medium,danish,EDU_disced_703050,program,262,262,2.9e-05,,
EDU_disced_60303520,EDU,disced,60303520,"Kunstnerisk, BACH (compound: 60303520)","Scenograf, BACH",,,"Scenographer, BACH",,,fable-5-edu,crosswalk_edu_disced,medium,danish,EDU_disced_603035,program,10,10,1e-06,,
EDU_disced_70256020,EDU,disced,70256020,"Humanistisk og teologisk, LVU (compound: 70256020)","Polsk, LVU",,,"Polish, LVU",,,fable-5-edu,crosswalk_edu_disced,medium,danish,EDU_disced_702560,program,41,31,3e-06,,
EDU_disced_60306030,EDU,disced,60306030,"Kunstnerisk, BACH (compound: 60306030)","Konservering - restaurering, monumental, BACH",,,"Conservation-restoration, monumental, BACH",,,fable-5-edu,crosswalk_edu_disced,medium,danish,EDU_disced_603060,program,20,20,2e-06,,
EDU_disced_60306035,EDU,disced,60306035,"Kunstnerisk, BACH (compound: 60306035)","Konservering - restaurering, naturhistorisk, BACH",,,"Conservation-restoration, natural history, BACH",,,fable-5-edu,crosswalk_edu_disced,medium,danish,EDU_disced_603060,program,17,17,2e-06,,
EDU_disced_60301010,EDU,disced,60301010,"Kunstnerisk, BACH (compound: 60301010)","Kunstnerisk uden nærmere angivelse, BACH",,,"Artistic, not further specified, BACH",,,fable-5-edu,crosswalk_edu_disced,medium,danish,EDU_disced_603010,program,19,19,2e-06,,
EDU_disced_70256035,EDU,disced,70256035,"Humanistisk og teologisk, LVU (compound: 70256035)","Tjekkisk, LVU",,,"Czech, LVU",,,fable-5-edu,crosswalk_edu_disced,medium,danish,EDU_disced_702560,program,13,13,1e-06,,
EDU_disced_70257015,EDU,disced,70257015,"Humanistisk og teologisk, LVU (compound: 70257015)","Klassisk græsk-romersk , LVU",,,"Classical Graeco-Roman, LVU",,,fable-5-edu,crosswalk_edu_disced,medium,danish,EDU_disced_702570,program,3,2,0.0,,
EDU_disced_60353015,EDU,disced,60353015,"Naturvidenskab, BACH (compound: 60353015)","Fysik, BACH",,,"Physics, BACH",,,fable-5-edu,crosswalk_edu_disced,medium,danish,EDU_disced_603530,program,1714,1714,0.00019,,
EDU_disced_60905010,EDU,disced,60905010,"Sundhedsvidenskab, BACH (compound: 60905010)","Medicin, BACH",,,"Medicine, BACH",,,fable-5-edu,crosswalk_edu_disced,medium,danish,EDU_disced_609050,program,13817,13802,0.001529,,
EDU_disced_60251215,EDU,disced,60251215,"Humanistisk og teologisk, BACH (compound: 60251215)","Arkæologi, klassisk, BACH",,,"Archaeology, classical, BACH",,,fable-5-edu,crosswalk_edu_disced,medium,danish,EDU_disced_602512,program,183,183,2e-05,,
EDU_disced_60355015,EDU,disced,60355015,"Naturvidenskab, BACH (compound: 60355015)","Matematik og økonomi, BACH",,,"Mathematics and economics, BACH",,,fable-5-edu,crosswalk_edu_disced,medium,danish,EDU_disced_603550,program,1067,1066,0.000118,,
EDU_disced_60256315,EDU,disced,60256315,"Humanistisk og teologisk, BACH (compound: 60256315)","Japanstudier, BACH",,,"Japanese studies, BACH",,,fable-5-edu,crosswalk_edu_disced,medium,danish,EDU_disced_602563,program,232,232,2.6e-05,,
EDU_disced_60905510,EDU,disced,60905510,"Sundhedsvidenskab, BACH (compound: 60905510)","Odontologi, BACH",,,"Odontology (dentistry), BACH",,,fable-5-edu,crosswalk_edu_disced,medium,danish,EDU_disced_609055,program,1526,1523,0.000169,,
EDU_disced_60301510,EDU,disced,60301510,"Kunstnerisk, BACH (compound: 60301510)","Arkitektur, BACH",,,"Architecture, BACH",,,fable-5-edu,crosswalk_edu_disced,medium,danish,EDU_disced_603015,program,1201,1200,0.000133,,
EDU_disced_60352015,EDU,disced,60352015,"Naturvidenskab, BACH (compound: 60352015)","Biomedicn og molekylær biomedicin, BACH",,,"Biomedicine and molecular biomedicine, BACH",,,fable-5-edu,crosswalk_edu_disced,medium,danish,EDU_disced_603520,program,926,926,0.000103,,
EDU_disced_60256210,EDU,disced,60256210,"Humanistisk og teologisk, BACH (compound: 60256210)","Indien og Sydasienstudier, BACH",,,"India and South Asia studies, BACH",,,fable-5-edu,crosswalk_edu_disced,medium,danish,EDU_disced_602562,program,92,92,1e-05,,
EDU_disced_60259710,EDU,disced,60259710,"Humanistisk og teologisk, BACH (compound: 60259710)","Teologi, BACH",,,"Theology, BACH",,,fable-5-edu,crosswalk_edu_disced,medium,danish,EDU_disced_602597,program,781,781,8.7e-05,,
EDU_disced_60256320,EDU,disced,60256320,"Humanistisk og teologisk, BACH (compound: 60256320)","Kinastudier, BACH",,,"China studies, BACH",,,fable-5-edu,crosswalk_edu_disced,medium,danish,EDU_disced_602563,program,341,341,3.8e-05,,
EDU_disced_60594510,EDU,disced,60594510,"Teknisk videnskab, BACH (compound: 60594510)","Landinspektørvidenskab, BACH",,,"Chartered surveying science, BACH",,,fable-5-edu,crosswalk_edu_disced,medium,danish,EDU_disced_605945,program,377,377,4.2e-05,,
EDU_disced_60305050,EDU,disced,60305050,"Kunstnerisk, BACH (compound: 60305050)","Designer,mode,accessories,BACH",,,"Designer, fashion, accessories, BACH",,,fable-5-edu,crosswalk_edu_disced,medium,danish,EDU_disced_603050,program,24,24,3e-06,,
EDU_disced_50384510,EDU,disced,50384510,"Samfundsfaglig, Økonomisk-Merkantil, MVU (compound: 50384510)","Erhvervsøkonomi, HD, MVU",,,"Business economics, HD, MVU",,,fable-5-edu,crosswalk_edu_disced,medium,danish,EDU_disced_503845,program,60706,58133,0.006439,,
EDU_disced_39155010,EDU,disced,39155010,"Kontor, handel og forretningsservice, AMU (compound: 39155010)","Ejendoms- og anden service, AMU",,,"Property and other services, AMU",,,fable-5-edu,crosswalk_edu_disced,medium,danish,EDU_disced_391550,program,1129,1129,0.000125,,
EDU_disced_20305010,EDU,disced,20305010,Internationale gymnasiale uddannelser (compound: 20305010),Andre udenlandske gymnasiale uddannelser,,,Other foreign upper secondary programmes,,,fable-5-edu,crosswalk_edu_disced,medium,danish,EDU_disced_203050,program,256779,243101,0.026925,,
EDU_disced_40891010,EDU,disced,40891010,"Sundhedsfaglig, KVU (compound: 40891010)","Sundhedsfaglig uddannelse uden nærmere angivelse, KVU",,,"Health programme, not further specified, KVU",,,fable-5-edu,crosswalk_edu_disced,medium,danish,EDU_disced_408910,program,2115,2115,0.000234,,
EDU_disced_90991020,EDU,disced,90991020,Uoplyst mv. (compound: 90991020),Uoplyst (indvandrernes uddannelse),,,Undefined (Immigrants' Education),,,fable-5-edu,crosswalk_edu_disced,medium,danish,EDU_disced_909910,program,102346,102346,0.011336,,
EDU_disced_10011010,EDU,disced,10011010,Ingen uddannelse (compound: 10011010),Ingen uddannelse Indv.udd,,,No education (immigrant education record),,,fable-5-edu,crosswalk_edu_disced,medium,danish,EDU_disced_100110,program,20110,20110,0.002227,,
EDU_disced_40241010,EDU,disced,40241010,"Medier og kommunikation, KVU (compound: 40241010)","Kommunikation og formidling uden nærmere angivelse, KVU",,,"Communication and dissemination, not further specified, KVU",,,fable-5-edu,crosswalk_edu_disced,medium,danish,EDU_disced_402410,program,2086,2086,0.000231,,
EDU_disced_50201010,EDU,disced,50201010,"Pædagogisk, MVU (compound: 50201010)","Pædagogiske uddannelser uden nærmere angivelse, MVU",,,"Pedagogical programmes, not further specified, MVU",,,fable-5-edu,crosswalk_edu_disced,medium,danish,EDU_disced_502010,program,4489,4488,0.000497,,
EDU_disced_40381010,EDU,disced,40381010,"Samfundsfaglig, Økonomisk-Merkantil, KVU (compound: 40381010)","Samfundsfaglig, Økonomisk-Merkantil uden nærmere angivelse, KVU",,,"Social science, economic-mercantile, not further specified, KVU",,,fable-5-edu,crosswalk_edu_disced,medium,danish,EDU_disced_403810,program,2709,2690,0.000298,,
EDU_disced_39101510,EDU,disced,39101510,"Omsorg, sundhed og pædagogik, AMU (compound: 39101510)","Pædagogisk arbejde med børn og unge i øvrigt, AMU",,,"Other pedagogical work with children and young people, AMU",,,fable-5-edu,crosswalk_edu_disced,medium,danish,EDU_disced_391015,program,2779,2779,0.000308,,
EDU_disced_50951010,EDU,disced,50951010,"Politi og forsvar mv., MVU (compound: 50951010)","Politi og forsvar uden nærmere angivelse, MVU",,,"Police and defence, not further specified, MVU",,,fable-5-edu,crosswalk_edu_disced,medium,danish,EDU_disced_509510,program,617,617,6.8e-05,,
EDU_disced_50241010,EDU,disced,50241010,"Medier og kommunikation, MVU (compound: 50241010)","Kommunikation og formidling uden nærmere angivelse, MVU",,,"Communication and dissemination, not further specified, MVU",,,fable-5-edu,crosswalk_edu_disced,medium,danish,EDU_disced_502410,program,2607,2607,0.000289,,
EDU_disced_50801010,EDU,disced,50801010,"Jordbrug, natur og miljø, MVU (compound: 50801010)","Jordbrug, natur og miljø uden nærmere angivelse, MVU",,,"Agriculture, nature and environment, not further specified, MVU",,,fable-5-edu,crosswalk_edu_disced,medium,danish,EDU_disced_508010,program,865,865,9.6e-05,,
EDU_disced_40581010,EDU,disced,40581010,"Teknisk, KVU (compound: 40581010)","Teknisk uden nærmere angivelse, KVU",,,"Technical, not further specified, KVU",,,fable-5-edu,crosswalk_edu_disced,medium,danish,EDU_disced_405810,program,3018,3018,0.000334,,
EDU_disced_70201010,EDU,disced,70201010,"Pædagogisk, LVU (compound: 70201010)","Pædagogiske uddannelser uden nærmere angivelse, LVU",,,"Pedagogical programmes, not further specified, LVU",,,fable-5-edu,crosswalk_edu_disced,medium,danish,EDU_disced_702010,program,844,844,9.3e-05,,
EDU_disced_50891010,EDU,disced,50891010,"Sundhedsfaglig, MVU (compound: 50891010)","Sundhedsfaglig uddannelse uden nærmere angivelse, MVU",,,"Health programme, not further specified, MVU",,,fable-5-edu,crosswalk_edu_disced,medium,danish,EDU_disced_508910,program,4214,4200,0.000465,,
EDU_disced_50258215,EDU,disced,50258215,"Humanistisk og teologisk, MVU (compound: 50258215)","Erhvervssprog, diplomprøve ED, MVU",,,"Business language, ED diploma examination, MVU",,,fable-5-edu,crosswalk_edu_disced,medium,danish,EDU_disced_502582,program,5276,3979,0.000441,,
EDU_disced_39654010,EDU,disced,39654010,"Transport og logistikområdet, AMU (compound: 39654010)","Transport- og logistik i øvrigt, AMU",,,"Other transport and logistics, AMU",,,fable-5-edu,crosswalk_edu_disced,medium,danish,EDU_disced_396540,program,424,424,4.7e-05,,
EDU_disced_70971010,EDU,disced,70971010,"Videregående uddannelser uden nærmere angivelse, LVU (compound: 70971010)","Videregående uddannelser uden nærmere angivelse, LVU",,,"Higher education, not further specified, LVU",,,fable-5-edu,crosswalk_edu_disced,medium,danish,EDU_disced_709710,program,125125,118890,0.013168,,
EDU_disced_40202515,EDU,disced,40202515,"Pædagogisk, KVU (compound: 40202515)","Andre pædagogiske uddannelser, KVU",,,"Other pedagogical programmes, KVU",,,fable-5-edu,crosswalk_edu_disced,medium,danish,EDU_disced_402025,program,2320,2319,0.000257,,
EDU_disced_80971010,EDU,disced,80971010,"Videregående uddannelser uden nærmere angivelse, Ph.d. (compound: 80971010)","Videregående uddannelser uden nærmere angivelse, Ph.d.",,,"Higher education, not further specified, Ph.d.",,,fable-5-edu,crosswalk_edu_disced,medium,danish,EDU_disced_809710,program,22564,22285,0.002468,,
EDU_disced_70901010,EDU,disced,70901010,"Sundhedsvidenskab, LVU (compound: 70901010)","Sundhedsvidenskab uden nærmere angivelse, LVU",,,"Health science, not further specified, LVU",,,fable-5-edu,crosswalk_edu_disced,medium,danish,EDU_disced_709010,program,1803,1803,0.0002,,
EDU_disced_39551060,EDU,disced,39551060,"Teknologiområdet, maskinteknik og produktion, AMU (compound: 39551060)","Maskinteknik og produktion uden nærmere angivelse, AMU",,,"Mechanical engineering and production, not further specified, AMU",,,fable-5-edu,crosswalk_edu_disced,medium,danish,EDU_disced_395510,program,716,716,7.9e-05,,
EDU_disced_39351010,EDU,disced,39351010,"Byggeriområdet, AMU (compound: 39351010)","Bygge og anlæg uden nærmere angivelse, AMU",,,"Building and construction, not further specified, AMU",,,fable-5-edu,crosswalk_edu_disced,medium,danish,EDU_disced_393510,program,154,154,1.7e-05,,
EDU_disced_15201010,EDU,disced,15201010,Introducerende og erhvervsrettede forløb (compound: 15201010),"Husholdningskursus, alment",,,"Household Course, General [completed qualification]",,,fable-5-edu,crosswalk_edu_disced,medium,danish,EDU_disced_152010,program,1514,1514,0.000168,,
EDU_disced_40301010,EDU,disced,40301010,"Kunstnerisk, KVU (compound: 40301010)","Kunstnerisk uden nærmere angivelse, KVU",,,"Artistic, not further specified, KVU",,,fable-5-edu,crosswalk_edu_disced,medium,danish,EDU_disced_403010,program,1249,1249,0.000138,,
EDU_disced_39553525,EDU,disced,39553525,"Teknologiområdet, maskinteknik og produktion, AMU (compound: 39553525)","Jern og metal, AMU",,,"Iron and metal, AMU",,,fable-5-edu,crosswalk_edu_disced,medium,danish,EDU_disced_395535,program,239,239,2.6e-05,,
EDU_disced_60971010,EDU,disced,60971010,"Videregående uddannelser uden nærmere angivelse, BACH (compound: 60971010)","Videregående uddannelser uden nærmere angivelse, BACH",,,"Higher education, not further specified, BACH",,,fable-5-edu,crosswalk_edu_disced,medium,danish,EDU_disced_609710,program,100721,95603,0.010589,,
EDU_disced_50971010,EDU,disced,50971010,"Videregående uddannelser uden nærmere angivelse, MVU (compound: 50971010)","Videregående uddannelser uden nærmere angivelse, MVU",,,"Higher education, not further specified, MVU",,,fable-5-edu,crosswalk_edu_disced,medium,danish,EDU_disced_509710,program,130814,127378,0.014108,,
EDU_disced_40751010,EDU,disced,40751010,"Fødevarer, bio- og laboratorieteknik, KVU (compound: 40751010)","Fødevarer, bio- og laboratorieteknik uden nærmere angivelse, KVU",,,"Food, bio- and laboratory technology, not further specified, KVU",,,fable-5-edu,crosswalk_edu_disced,medium,danish,EDU_disced_407510,program,412,412,4.6e-05,,
EDU_disced_70951010,EDU,disced,70951010,"Politi og forsvar mv., LVU (compound: 70951010)","Politi og forsvar uden nærmere angivelse, LVU",,,"Police and defence, not further specified, LVU",,,fable-5-edu,crosswalk_edu_disced,medium,danish,EDU_disced_709510,program,300,300,3.3e-05,,
EDU_disced_39152510,EDU,disced,39152510,"Kontor, handel og forretningsservice, AMU (compound: 39152510)","Engros- og detailhandel, AMU",,,"Wholesale and retail trade, AMU",,,fable-5-edu,crosswalk_edu_disced,medium,danish,EDU_disced_391525,program,1072,1072,0.000119,,
EDU_disced_40971010,EDU,disced,40971010,"Videregående uddannelser uden nærmere angivelse, KVU (compound: 40971010)","Videregående uddannelser uden nærmere angivelse, KVU",,,"Higher education, not further specified, KVU",,,fable-5-edu,crosswalk_edu_disced,medium,danish,EDU_disced_409710,program,48326,48256,0.005345,,
EDU_disced_39254010,EDU,disced,39254010,"Jordbrug og natur, AMU (compound: 39254010)","Jordbrug og natur i øvrigt, AMU",,,"Other agriculture and nature, AMU",,,fable-5-edu,crosswalk_edu_disced,medium,danish,EDU_disced_392540,program,211,211,2.3e-05,,
EDU_disced_30971010,EDU,disced,30971010,Erhvervsfaglige uddannelser uden nærmere angivelse (compound: 30971010),Erhvervsfaglige uddannelser uden nærmere angivelse,,,"Vocational programmes, not further specified",,,fable-5-edu,crosswalk_edu_disced,medium,danish,EDU_disced_309710,program,70388,70024,0.007756,,
EDU_disced_50202510,EDU,disced,50202510,"Pædagogisk, MVU (compound: 50202510)","Underviser i dansk som andetsprog, MVU",,,"Teacher of Danish as a second language, MVU",,,fable-5-edu,crosswalk_edu_disced,medium,danish,EDU_disced_502025,program,927,927,0.000103,,
EDU_disced_70952510,EDU,disced,70952510,"Politi og forsvar mv., LVU (compound: 70952510)","Officer i forsvaret uden nærmere angivelse, LVU",,,"Officer in the armed forces, not further specified, LVU",,,fable-5-edu,crosswalk_edu_disced,medium,danish,EDU_disced_709525,program,1566,1566,0.000173,,
EDU_disced_50952510,EDU,disced,50952510,"Politi og forsvar mv., MVU (compound: 50952510)","Officer i forsvaret uden nærmere angivelse, MVU",,,"Officer in the armed forces, not further specified, MVU",,,fable-5-edu,crosswalk_edu_disced,medium,danish,EDU_disced_509525,program,2197,2197,0.000243,,
EDU_disced_39101010,EDU,disced,39101010,"Omsorg, sundhed og pædagogik, AMU (compound: 39101010)","Sundhed og omsorg, AMU",,,"Health and care, AMU",,,fable-5-edu,crosswalk_edu_disced,medium,danish,EDU_disced_391010,program,287,287,3.2e-05,,
EDU_disced_70909515,EDU,disced,70909515,"Sundhedsvidenskab, LVU (compound: 70909515)","Ledelse i sundhedssektoren, LVU",,,"Management in the health sector, LVU",,,fable-5-edu,crosswalk_edu_disced,medium,danish,EDU_disced_709095,program,409,409,4.5e-05,,
EDU_disced_50203015,EDU,disced,50203015,"Pædagogisk, MVU (compound: 50203015)","Didaktik og undervisningsteori, MVU",,,"Didactics and teaching theory, MVU",,,fable-5-edu,crosswalk_edu_disced,medium,danish,EDU_disced_502030,program,49,49,5e-06,,
EDU_disced_39202030,EDU,disced,39202030,"Fødevarer, AMU (compound: 39202030)","Fødevarer i øvrigt, AMU",,,"Other food subjects, AMU",,,fable-5-edu,crosswalk_edu_disced,medium,danish,EDU_disced_392020,program,216,216,2.4e-05,,
EDU_disced_70202510,EDU,disced,70202510,"Pædagogisk, LVU (compound: 70202510)","Underviser i dansk som andetsprog, LVU",,,"Teacher of Danish as a second language, LVU",,,fable-5-edu,crosswalk_edu_disced,medium,danish,EDU_disced_702025,program,270,270,3e-05,,
EDU_disced_40584010,EDU,disced,40584010,"Teknisk, KVU (compound: 40584010)","Sundheds- og omsorgsteknologi, KVU",,,"Health and care technology, KVU",,,fable-5-edu,crosswalk_edu_disced,medium,danish,EDU_disced_405840,program,9,9,1e-06,,
EDU_disced_70301010,EDU,disced,70301010,"Kunstnerisk, LVU (compound: 70301010)","Kunstnerisk uden nærmere angivelse, LVU",,,"Artistic, not further specified, LVU",,,fable-5-edu,crosswalk_edu_disced,medium,danish,EDU_disced_703010,program,187,187,2.1e-05,,
EDU_disced_50805090,EDU,disced,50805090,"Jordbrug, natur og miljø, MVU (compound: 50805090)","Naturressourcer og miljø i øvrigt, MVU",,,"Other natural resources and environment, MVU",,,fable-5-edu,crosswalk_edu_disced,medium,danish,EDU_disced_508050,program,76,76,8e-06,,
EDU_disced_50589525,EDU,disced,50589525,"Teknisk, MVU (compound: 50589525)","Grafisk-teknisk, MVU",,,"Graphic-technical, MVU",,,fable-5-edu,crosswalk_edu_disced,medium,danish,EDU_disced_505895,program,60,60,7e-06,,
EDU_disced_70801010,EDU,disced,70801010,"Jordbrug, natur og miljø, LVU (compound: 70801010)","Jordbrug, natur og miljø uden nærmere angivelse, LVU",,,"Agriculture, nature and environment, not further specified, LVU",,,fable-5-edu,crosswalk_edu_disced,medium,danish,EDU_disced_708010,program,202,202,2.2e-05,,
EDU_disced_80203020,EDU,disced,80203020,"Pædagogisk, Ph.d. (compound: 80203020)","Pædagogik, Ph.d.",,,"Pedagogy, Ph.d.",,,fable-5-edu,crosswalk_edu_disced,medium,danish,EDU_disced_802030,program,5,5,1e-06,,
EDU_disced_80253510,EDU,disced,80253510,"Humanistisk og teologisk, Ph.d. (compound: 80253510)","Informationsvidenskab mv., Ph.d.",,,"Information science etc., Ph.d.",,,fable-5-edu,crosswalk_edu_disced,medium,danish,EDU_disced_802535,program,6,6,1e-06,,
EDU_disced_70252215,EDU,disced,70252215,"Humanistisk og teologisk, LVU (compound: 70252215)","Europas historie, LVU",,,"History of Europe, LVU",,,fable-5-edu,crosswalk_edu_disced,medium,danish,EDU_disced_702522,program,1,1,0.0,,
EDU_disced_39453010,EDU,disced,39453010,"Teknologiområdet, grafisk teknik og medieproduktion, AMU (compound: 39453010)","Grafisk teknik, AMU",,,"Graphic technology, AMU",,,fable-5-edu,crosswalk_edu_disced,medium,danish,EDU_disced_394530,program,3,3,0.0,,
