code,prefix,database,value,description,description_da,description_en,source,confidence,language,parent_code,hierarchy_level
EDU_audd_2509,EDU,audd,2509,"9. klasse, efterskole","9. klasse, efterskole","9th grade, post-compulsory education",CSV:EDU_audd,medium,danish,,
EDU_audd_1110,EDU,audd,1110,10. klasse,10. klasse,10th grade,CSV:EDU_audd,medium,danish,,
EDU_audd_0,EDU,audd,0,Afbrudt,Afbrudt,Afbrudt,CSV:EDU_audd,medium,danish,,
EDU_audd_4735,EDU,audd,4735,Mad til mennesker,Mad til mennesker,Food for humans,CSV:EDU_audd,medium,danish,,
EDU_audd_4425,EDU,audd,4425,"Gourmetslagter, butik","Gourmetslagter, butik","Gourmetslagter, butik",CSV:EDU_audd,medium,danish,,
EDU_audd_3598,EDU,audd,3598,Afsluttet grundforløb,Afsluttet grundforløb,Completed basic course,CSV:EDU_audd,medium,danish,,
EDU_audd_2005,EDU,audd,2005,"Skibsassistent, grundkursus modul 1+2","Skibsassistent, grundkursus modul 1+2","Skibsassistent, grundkursus modul 1+2",CSV:EDU_audd,medium,danish,,
EDU_audd_2008,EDU,audd,2008,"Befaren skibsassistent, modul 3","Befaren skibsassistent, modul 3","Befaren skibsassistent, modul 3",CSV:EDU_audd,medium,danish,,
EDU_audd_1209,EDU,audd,1209,9. klasse,9. klasse,9th grade,CSV:EDU_audd,medium,danish,,
EDU_audd_4713,EDU,audd,4713,Bygge og anlæg,Bygge og anlæg,Construction and facilities,CSV:EDU_audd,medium,danish,,
EDU_audd_4283,EDU,audd,4283,Tømrer,Tømrer,Carpenter,CSV:EDU_audd,medium,danish,,
EDU_audd_1108,EDU,audd,1108,8. klasse,8. klasse,8th grade,CSV:EDU_audd,medium,danish,,
EDU_audd_2510,EDU,audd,2510,"10. klasse, efterskole","10. klasse, efterskole","10th grade, post-compulsory education",CSV:EDU_audd,medium,danish,,
EDU_audd_4712,EDU,audd,4712,Teknologi og kommunikation,Teknologi og kommunikation,Technology and communication,CSV:EDU_audd,medium,danish,,
EDU_audd_1531,EDU,audd,1531,1. hf,1. hf,1. hf,CSV:EDU_audd,medium,danish,,
EDU_audd_1109,EDU,audd,1109,9. klasse,9. klasse,9th grade,CSV:EDU_audd,medium,danish,,
EDU_audd_5028,EDU,audd,5028,"1. år, hhx","1. år, hhx","1st year, upper secondary vocational education",CSV:EDU_audd,medium,danish,,
EDU_audd_5029,EDU,audd,5029,"2. år, hhx","2. år, hhx","2nd year, upper secondary vocational education",CSV:EDU_audd,medium,danish,,
EDU_audd_5098,EDU,audd,5098,"3. år, hhx","3. år, hhx","3rd year, upper secondary vocational education",CSV:EDU_audd,medium,danish,,
EDU_audd_5700,EDU,audd,5700,"HA almen erhvervsøkonomi, bach.","HA almen erhvervsøkonomi, bach.","General business administration, bach.",CSV:EDU_audd,medium,danish,,
EDU_audd_4610,EDU,audd,4610,"Lufthavnsuddannelse, airport service","Lufthavnsuddannelse, airport service","Airport education, airport service",CSV:EDU_audd,medium,danish,,
EDU_audd_1196,EDU,audd,1196,1.g,1.g,1.g,CSV:EDU_audd,medium,danish,,
EDU_audd_1197,EDU,audd,1197,2.g,2.g,2.g,CSV:EDU_audd,medium,danish,,
EDU_audd_1198,EDU,audd,1198,3.g,3.g,3.g,CSV:EDU_audd,medium,danish,,
EDU_audd_5127,EDU,audd,5127,"Socialrådgiver, prof.bach.","Socialrådgiver, prof.bach.","Social counselor, prof.bach.",CSV:EDU_audd,medium,danish,,
EDU_audd_2508,EDU,audd,2508,"8. klasse, efterskole","8. klasse, efterskole","8th grade, secondary school",CSV:EDU_audd,medium,danish,,
EDU_audd_5456,EDU,audd,5456,"Katastrofe- og risikomanager, prof.bach.","Katastrofe- og risikomanager, prof.bach.","Disaster and risk management, prof.bach.",CSV:EDU_audd,medium,danish,,
EDU_audd_5151,EDU,audd,5151,"Fysioterapi, prof.bach.","Fysioterapi, prof.bach.","Physiotherapy, prof.bach.",CSV:EDU_audd,medium,danish,,
EDU_audd_1141,EDU,audd,1141,"1.g, matematisk linie","1.g, matematisk linie","1st grade, mathematical track",CSV:EDU_audd,medium,danish,,
EDU_audd_1143,EDU,audd,1143,"2.g, matematisk linie","2.g, matematisk linie","2.g, mathematical stream",CSV:EDU_audd,medium,danish,,
EDU_audd_1145,EDU,audd,1145,"3.g, matematisk linie","3.g, matematisk linie","3.g, mathematical stream",CSV:EDU_audd,medium,danish,,
EDU_audd_7933,EDU,audd,7933,"Bioteknologi, ing.bach.","Bioteknologi, ing.bach.","Biotechnology, ing.bach.",CSV:EDU_audd,medium,danish,,
EDU_audd_8333,EDU,audd,8333,"Bioteknologi, civilingeniør cand.polyt.","Bioteknologi, civilingeniør cand.polyt.","Biotechnology, civil engineer cand.polyt.",CSV:EDU_audd,medium,danish,,
EDU_audd_7180,EDU,audd,7180,"Sundhedsvidenskab, ph.d.","Sundhedsvidenskab, ph.d.","Health Science, ph.d.",CSV:EDU_audd,medium,danish,,
EDU_audd_8135,EDU,audd,8135,"Datalogi, bach.","Datalogi, bach.","Datalogi, bach.",CSV:EDU_audd,medium,danish,,
EDU_audd_5147,EDU,audd,5147,Social- og sundhedshjælper,Social- og sundhedshjælper,Social and health care assistant,CSV:EDU_audd,medium,danish,,
EDU_audd_4424,EDU,audd,4424,Kok,Kok,Kok,CSV:EDU_audd,medium,danish,,
EDU_audd_9999,EDU,audd,9999,Igang,Igang,Igang,CSV:EDU_audd,medium,danish,,
EDU_audd_7548,EDU,audd,7548,"Medicin, bach.","Medicin, bach.","Medicin, bach.",CSV:EDU_audd,medium,danish,,
EDU_audd_7613,EDU,audd,7613,"Medicin, cand.med.","Medicin, cand.med.","Medicine, cand.med.",CSV:EDU_audd,medium,danish,,
EDU_audd_5158,EDU,audd,5158,"Radiograf, prof.bach.","Radiograf, prof.bach.","Radiography, prof.bach.",CSV:EDU_audd,medium,danish,,
EDU_audd_7436,EDU,audd,7436,"Medicin, bach.","Medicin, bach.","Medicin, bach.",CSV:EDU_audd,medium,danish,,
EDU_audd_7491,EDU,audd,7491,"Medicin, cand.med","Medicin, cand.med","Medicine, cand.med",CSV:EDU_audd,medium,danish,,
EDU_audd_1208,EDU,audd,1208,8. klasse,8. klasse,8th grade,CSV:EDU_audd,medium,danish,,
EDU_audd_1210,EDU,audd,1210,10. klasse,10. klasse,10th grade,CSV:EDU_audd,medium,danish,,
EDU_audd_4732,EDU,audd,4732,Bygnings- og brugerservice,Bygnings- og brugerservice,Building and user services,CSV:EDU_audd,medium,danish,,
EDU_audd_7930,EDU,audd,7930,"Ingeniør una, bach.","Ingeniør una, bach.","Engineer, bach.",CSV:EDU_audd,medium,danish,,
EDU_audd_5360,EDU,audd,5360,Civilingeniør una,Civilingeniør una,"Civil Engineer, una",CSV:EDU_audd,medium,danish,,
EDU_audd_5399,EDU,audd,5399,"Teknisk videnskab, ph.d.","Teknisk videnskab, ph.d.","Technical Science, ph.d.",CSV:EDU_audd,medium,danish,,
EDU_audd_1142,EDU,audd,1142,"1.g, sproglig linie","1.g, sproglig linie","1.g, sproglig linie",CSV:EDU_audd,medium,danish,,
EDU_audd_1144,EDU,audd,1144,"2.g, sproglig linie","2.g, sproglig linie","2.g, sproglig linie",CSV:EDU_audd,medium,danish,,
EDU_audd_1146,EDU,audd,1146,"3.g, sproglig linie","3.g, sproglig linie","3.g, sproglig linie",CSV:EDU_audd,medium,danish,,
EDU_audd_6560,EDU,audd,6560,"Filologi klassisk, bach.","Filologi klassisk, bach.","Classical Philology, bach.",CSV:EDU_audd,medium,danish,,
EDU_audd_6766,EDU,audd,6766,"Filologi klassisk, cand.mag.","Filologi klassisk, cand.mag.","Classical Philology, cand.mag.",CSV:EDU_audd,medium,danish,,
EDU_audd_4710,EDU,audd,4710,Det merkantile område,Det merkantile område,The Commercial Field,CSV:EDU_audd,medium,danish,,
EDU_audd_5444,EDU,audd,5444,"Pædagog, prof.bach.","Pædagog, prof.bach.","Teacher, prof.bach.",CSV:EDU_audd,medium,danish,,
EDU_audd_5124,EDU,audd,5124,Service- og oplevelsesøkonomi,Service- og oplevelsesøkonomi,Service and Experience Economy,CSV:EDU_audd,medium,danish,,
EDU_audd_5491,EDU,audd,5491,"International hospitality management (overbygning), prof.bach.","International hospitality management (overbygning), prof.bach.","International Hospitality Management (overlay), prof.bach.",CSV:EDU_audd,medium,danish,,
EDU_audd_7104,EDU,audd,7104,"Samfundsvidenskab una, bach.","Samfundsvidenskab una, bach.","Social Sciences, una, bach.",CSV:EDU_audd,medium,danish,,
EDU_audd_6723,EDU,audd,6723,"Filosofi, cand.mag.","Filosofi, cand.mag.","Filosofi, cand.mag.",CSV:EDU_audd,medium,danish,,
EDU_audd_4714,EDU,audd,4714,Håndværk og teknik,Håndværk og teknik,Craft and Technology,CSV:EDU_audd,medium,danish,,
EDU_audd_4338,EDU,audd,4338,"Industritekniker, maskin","Industritekniker, maskin","Industrial Engineer, Machine",CSV:EDU_audd,medium,danish,,
EDU_audd_1532,EDU,audd,1532,2. hf,2. hf,2. hf,CSV:EDU_audd,medium,danish,,
EDU_audd_4926,EDU,audd,4926,"Detail, tekstil","Detail, tekstil","Detail, tekstil",CSV:EDU_audd,medium,danish,,
EDU_audd_4269,EDU,audd,4269,Anlægsstruktør,Anlægsstruktør,Plant Structure Engineer,CSV:EDU_audd,medium,danish,,
EDU_audd_5440,EDU,audd,5440,"Folkeskolelærer, prof.bach.","Folkeskolelærer, prof.bach.","Public School Teacher, prof.bach.",CSV:EDU_audd,medium,danish,,
EDU_audd_4248,EDU,audd,4248,Landbrugsmaskinmekaniker,Landbrugsmaskinmekaniker,Landbrugsmaskinmekaniker,CSV:EDU_audd,medium,danish,,
EDU_audd_4737,EDU,audd,4737,Produktion og udvikling,Produktion og udvikling,Production and Development,CSV:EDU_audd,medium,danish,,
EDU_audd_7618,EDU,audd,7618,"Teologi, cand.theol.","Teologi, cand.theol.","Teologi, cand.theol.",CSV:EDU_audd,medium,danish,,
EDU_audd_9175,EDU,audd,9175,Præst i folkekirken,Præst i folkekirken,Pastor in the State Church,CSV:EDU_audd,medium,danish,,
EDU_audd_6201,EDU,audd,6201,"Arkitekt, bach.","Arkitekt, bach.","Arkitekt, bach.",CSV:EDU_audd,medium,danish,,
EDU_audd_6202,EDU,audd,6202,"Arkitekt, cand.arch.","Arkitekt, cand.arch.","Arkitekt, cand.arch.",CSV:EDU_audd,medium,danish,,
EDU_audd_4716,EDU,audd,4716,"Mekanik, transport og logistik","Mekanik, transport og logistik","Mechanics, Transport and Logistics",CSV:EDU_audd,medium,danish,,
EDU_audd_4731,EDU,audd,4731,Bygge og anlæg (ny),Bygge og anlæg (ny),Construction and Plant (new),CSV:EDU_audd,medium,danish,,
EDU_audd_4278,EDU,audd,4278,Murer,Murer,Murer,CSV:EDU_audd,medium,danish,,
EDU_audd_4725,EDU,audd,4725,Erhvervsgrunduddannelse EGU,Erhvervsgrunduddannelse EGU,Vocational Basic Education EGU,CSV:EDU_audd,medium,danish,,
EDU_audd_5860,EDU,audd,5860,"Officer, hæren","Officer, hæren","Officer, Army",CSV:EDU_audd,medium,danish,,
EDU_audd_4227,EDU,audd,4227,Plade- og konstruktionssmed,Plade- og konstruktionssmed,Plate and construction smith,CSV:EDU_audd,medium,danish,,
EDU_audd_4927,EDU,audd,4927,"Detail, møbler og boligudstyr","Detail, møbler og boligudstyr","Hardware, furniture and home accessories",CSV:EDU_audd,medium,danish,,
EDU_audd_6050,EDU,audd,6050,"Medialogi, bach.","Medialogi, bach.","Medialogi, bach.",CSV:EDU_audd,medium,danish,,
EDU_audd_5242,EDU,audd,5242,"Human-Centered Artificial Intelligence, cand.polyt.","Human-Centered Artificial Intelligence, cand.polyt.","Human-Centered Artificial Intelligence, cand.polyt.",CSV:EDU_audd,medium,danish,,
EDU_audd_5166,EDU,audd,5166,"Sygeplejerske, prof.bach.","Sygeplejerske, prof.bach.","Nurse, prof.bach.",CSV:EDU_audd,medium,danish,,
EDU_audd_4488,EDU,audd,4488,Frisør,Frisør,Hairdresser,CSV:EDU_audd,medium,danish,,
EDU_audd_5121,EDU,audd,5121,Finansøkonom,Finansøkonom,Financial economist,CSV:EDU_audd,medium,danish,,
EDU_audd_5426,EDU,audd,5426,"Innovation og entrepreneurship (overbygning), prof.bach.","Innovation og entrepreneurship (overbygning), prof.bach.","Innovation and entrepreneurship (overlay), prof.bach.",CSV:EDU_audd,medium,danish,,
EDU_audd_5123,EDU,audd,5123,Markedsføringsøkonom,Markedsføringsøkonom,Marketing economist,CSV:EDU_audd,medium,danish,,
EDU_audd_5703,EDU,audd,5703,"Erhvervsøkonomi, cand.merc.","Erhvervsøkonomi, cand.merc.","Business economics, cand.merc.",CSV:EDU_audd,medium,danish,,
EDU_audd_6570,EDU,audd,6570,"Humanistisk una, bach.","Humanistisk una, bach.","Humanistisk una, bach.",CSV:EDU_audd,medium,danish,,
EDU_audd_6043,EDU,audd,6043,"Journalistik, cand.comm.","Journalistik, cand.comm.","Journalism, cand.comm.",CSV:EDU_audd,medium,danish,,
EDU_audd_4736,EDU,audd,4736,Medieproduktion,Medieproduktion,Medieproduktion,CSV:EDU_audd,medium,danish,,
EDU_audd_4733,EDU,audd,4733,"Dyr, planter og natur","Dyr, planter og natur","Animals, plants and nature",CSV:EDU_audd,medium,danish,,
EDU_audd_3303,EDU,audd,3303,Havecentergartner,Havecentergartner,Havecentergartner,CSV:EDU_audd,medium,danish,,
EDU_audd_5081,EDU,audd,5081,"1. år, htx","1. år, htx","1st year, htx",CSV:EDU_audd,medium,danish,,
EDU_audd_5088,EDU,audd,5088,"2. år, htx","2. år, htx","2nd year, htx",CSV:EDU_audd,medium,danish,,
EDU_audd_5097,EDU,audd,5097,"3. år, htx","3. år, htx","3rd year, htx",CSV:EDU_audd,medium,danish,,
EDU_audd_7512,EDU,audd,7512,"Sundhedsteknologi, ing.prof.bach.","Sundhedsteknologi, ing.prof.bach.","Health Technology, ing.prof.bach.",CSV:EDU_audd,medium,danish,,
EDU_audd_8312,EDU,audd,8312,"Biomedicinsk teknologi, cand.polyt.","Biomedicinsk teknologi, cand.polyt.","Biomedicinsk teknologi, cand.polyt.",CSV:EDU_audd,medium,danish,,
EDU_audd_3195,EDU,audd,3195,"Økonomistyring, prof.bach.","Økonomistyring, prof.bach.","Business Administration, prof.bach.",CSV:EDU_audd,medium,danish,,
EDU_audd_4966,EDU,audd,4966,"Handelsassistent, service","Handelsassistent, service","Trade Assistant, Service",CSV:EDU_audd,medium,danish,,
EDU_audd_5950,EDU,audd,5950,"Erhvervssprog, bach.","Erhvervssprog, bach.","Erhvervssprog, bach.",CSV:EDU_audd,medium,danish,,
EDU_audd_3004,EDU,audd,3004,"Internat. virksomhedskomm., Amerikanske studier, cand.ling.merc.","Internat. virksomhedskomm., Amerikanske studier, cand.ling.merc.","Internat. virksomhedskomm., Amerikanske studier, cand.ling.merc.",CSV:EDU_audd,medium,danish,,
EDU_audd_5198,EDU,audd,5198,Polititjenestemand,Polititjenestemand,Polititjenestemand,CSV:EDU_audd,medium,danish,,
EDU_audd_7103,EDU,audd,7103,"Statskundskab, bach.","Statskundskab, bach.","Statskundskab, bach.",CSV:EDU_audd,medium,danish,,
EDU_audd_7102,EDU,audd,7102,"Statskundskab, cand.scient.pol.","Statskundskab, cand.scient.pol.","Statskundskab, cand.scient.pol.",CSV:EDU_audd,medium,danish,,
EDU_audd_4922,EDU,audd,4922,"Detail, materialhandel","Detail, materialhandel","Retail, Material Trade",CSV:EDU_audd,medium,danish,,
EDU_audd_5702,EDU,audd,5702,"HA kommunikation, bach.","HA kommunikation, bach.","HA kommunikation, bach.",CSV:EDU_audd,medium,danish,,
EDU_audd_5734,EDU,audd,5734,"Business Administration and Sociology, bach.","Business Administration and Sociology, bach.","Business Administration and Sociology, bach.",CSV:EDU_audd,medium,danish,,
EDU_audd_812,EDU,audd,812,Faglærer i idræt (privat udd.),Faglærer i idræt (privat udd.),Physical Education Teacher (private edu.),CSV:EDU_audd,medium,danish,,
EDU_audd_4984,EDU,audd,4984,"Kontor, offentlig administration","Kontor, offentlig administration","Office, Public Administration",CSV:EDU_audd,medium,danish,,
EDU_audd_5122,EDU,audd,5122,Handelsøkonom,Handelsøkonom,Commerce Economist,CSV:EDU_audd,medium,danish,,
EDU_audd_6179,EDU,audd,6179,"Communication Studies, cand.comm.","Communication Studies, cand.comm.","Communication Studies, cand.comm.",CSV:EDU_audd,medium,danish,,
EDU_audd_5733,EDU,audd,5733,"Interkulturel markedskommunikation, bach.","Interkulturel markedskommunikation, bach.","Interkulturel markedskommunikation, bach.",CSV:EDU_audd,medium,danish,,
EDU_audd_7630,EDU,audd,7630,"Pædagogisk sociologi, cand.pæd.","Pædagogisk sociologi, cand.pæd.","Pedagogical Sociology, cand.ped.",CSV:EDU_audd,medium,danish,,
EDU_audd_5270,EDU,audd,5270,"Kemiteknologi, ing.prof.bach.","Kemiteknologi, ing.prof.bach.","Chemical Engineering Technology, ing.prof.bach.",CSV:EDU_audd,medium,danish,,
EDU_audd_5488,EDU,audd,5488,"Webudvikling (overbygning), prof.bach.","Webudvikling (overbygning), prof.bach.","Web Development (overlay), prof.bach.",CSV:EDU_audd,medium,danish,,
EDU_audd_5299,EDU,audd,5299,Adgangseksamen til ingeniøruddannelsen,Adgangseksamen til ingeniøruddannelsen,Access Exam for Engineering Programs,CSV:EDU_audd,medium,danish,,
EDU_audd_4293,EDU,audd,4293,Vvs- og energispecialist,Vvs- og energispecialist,HVAC and Energy Specialist,CSV:EDU_audd,medium,danish,,
EDU_audd_4306,EDU,audd,4306,"Teknisk designer, industriel produktion","Teknisk designer, industriel produktion","Technical Designer, Industrial Production",CSV:EDU_audd,medium,danish,,
EDU_audd_7931,EDU,audd,7931,"Maskin - industri/produktion, ing.bach.","Maskin - industri/produktion, ing.bach.","Machine - Industry/Production, ing.bach.",CSV:EDU_audd,medium,danish,,
EDU_audd_8020,EDU,audd,8020,"Mathematical Modelling and Computation, cand.polyt.","Mathematical Modelling and Computation, cand.polyt.","Mathematical Modelling and Computation, cand.polyt.",CSV:EDU_audd,medium,danish,,
EDU_audd_1111,EDU,audd,1111,11. klasse,11. klasse,11th Grade,CSV:EDU_audd,medium,danish,,
EDU_audd_5144,EDU,audd,5144,"Social og sundhed, grundforløb","Social og sundhed, grundforløb","Social and Health, Basic Course",CSV:EDU_audd,medium,danish,,
EDU_audd_2425,EDU,audd,2425,Særlig tilrettelagt ungdomsuddannelse (STU),Særlig tilrettelagt ungdomsuddannelse (STU),Special Designed Youth Education (STU),CSV:EDU_audd,medium,danish,,
EDU_audd_7432,EDU,audd,7432,"Jura, bach.","Jura, bach.","Jura, bach.",CSV:EDU_audd,medium,danish,,
EDU_audd_7085,EDU,audd,7085,"Jura, cand.jur.","Jura, cand.jur.","Jura, cand.jur.",CSV:EDU_audd,medium,danish,,
EDU_audd_4938,EDU,audd,4938,"Detail, salgsassistent","Detail, salgsassistent","Detail, salgsassistent",CSV:EDU_audd,medium,danish,,
EDU_audd_3800,EDU,audd,3800,Financial controller,Financial controller,Financial controller,CSV:EDU_audd,medium,danish,,
EDU_audd_4978,EDU,audd,4978,"Kontor, administration","Kontor, administration","Office, Administration",CSV:EDU_audd,medium,danish,,
EDU_audd_7523,EDU,audd,7523,"HA(jur.) erhvervsøkonomi-jura, bach.","HA(jur.) erhvervsøkonomi-jura, bach.","Business Economics-Law (via jura), bach.",CSV:EDU_audd,medium,danish,,
EDU_audd_7541,EDU,audd,7541,"Moderne Indien og Sydasienstudier, bach.","Moderne Indien og Sydasienstudier, bach.","Modern India and South Asian Studies, bach.",CSV:EDU_audd,medium,danish,,
EDU_audd_7107,EDU,audd,7107,"International Security and Law, cand.soc.","International Security and Law, cand.soc.","International Security and Law, cand.soc.",CSV:EDU_audd,medium,danish,,
EDU_audd_2459,EDU,audd,2459,Landmand faglært modul 1a,Landmand faglært modul 1a,Agricultural Technician Module 1a,CSV:EDU_audd,medium,danish,,
EDU_audd_2460,EDU,audd,2460,Landmand faglært modul 1b,Landmand faglært modul 1b,Agricultural Technician Module 1b,CSV:EDU_audd,medium,danish,,
EDU_audd_4618,EDU,audd,4618,"Landmand, planter","Landmand, planter","Landmand, planter",CSV:EDU_audd,medium,danish,,
EDU_audd_5130,EDU,audd,5130,"Jordbrugsteknolog, planteproduktion","Jordbrugsteknolog, planteproduktion","Jordbrugsteknolog, planteproduktion",CSV:EDU_audd,medium,danish,,
EDU_audd_4808,EDU,audd,4808,"Erhvervsøkonomi, cand.merc.","Erhvervsøkonomi, cand.merc.","Business economics, cand.merc.",CSV:EDU_audd,medium,danish,,
EDU_audd_5253,EDU,audd,5253,"Byggeri og infrastruktur, ing.prof.bach.","Byggeri og infrastruktur, ing.prof.bach.","Construction and Infrastructure, ing.prof.bach.",CSV:EDU_audd,medium,danish,,
EDU_audd_4780,EDU,audd,4780,Social- og sundhedshjælper (eud),Social- og sundhedshjælper (eud),Social and Health Care Assistant (eud),CSV:EDU_audd,medium,danish,,
EDU_audd_4617,EDU,audd,4617,"Landmand, husdyr","Landmand, husdyr","Landmand, husdyr",CSV:EDU_audd,medium,danish,,
EDU_audd_5164,EDU,audd,5164,"Jordbrugsteknolog, natur og miljø","Jordbrugsteknolog, natur og miljø","Agriculture Technology, Nature and Environment",CSV:EDU_audd,medium,danish,,
EDU_audd_4977,EDU,audd,4977,"Kontor, økonomi","Kontor, økonomi","Office, Economics",CSV:EDU_audd,medium,danish,,
EDU_audd_4781,EDU,audd,4781,Social- og sundhedsassistent (eud),Social- og sundhedsassistent (eud),Social and Health Assistant (eud),CSV:EDU_audd,medium,danish,,
EDU_audd_3034,EDU,audd,3034,"Arabisk- og islamstudier, bach.","Arabisk- og islamstudier, bach.","Arabic and Islamic Studies, bach.",CSV:EDU_audd,medium,danish,,
EDU_audd_6861,EDU,audd,6861,"Tværkulturelle studier, cand.mag.","Tværkulturelle studier, cand.mag.","Cross-Cultural Studies, cand.mag.",CSV:EDU_audd,medium,danish,,
EDU_audd_4442,EDU,audd,4442,Receptionist,Receptionist,Receptionist,CSV:EDU_audd,medium,danish,,
EDU_audd_3187,EDU,audd,3187,"Social-og specialpædagogik, prof.bach.","Social-og specialpædagogik, prof.bach.","Social and Special Education, prof.bach.",CSV:EDU_audd,medium,danish,,
EDU_audd_5136,EDU,audd,5136,Produktionsteknolog,Produktionsteknolog,Produktionsteknolog,CSV:EDU_audd,medium,danish,,
EDU_audd_4057,EDU,audd,4057,"Værkstedsskoleforløb, maskinteknik","Værkstedsskoleforløb, maskinteknik","Workshop Program, Mechanical Engineering",CSV:EDU_audd,medium,danish,,
EDU_audd_4040,EDU,audd,4040,"Maskinmester m. maritimt valgfag (ledelse-drift), prof.bach.","Maskinmester m. maritimt valgfag (ledelse-drift), prof.bach.","Maskinmester m. maritimt valgfag (ledelse-drift), prof.bach.",CSV:EDU_audd,medium,danish,,
EDU_audd_816,EDU,audd,816,Børnehave- fritidspædagog (Rudolf Steiner) (privat udd.),Børnehave- fritidspædagog (Rudolf Steiner) (privat udd.),Kindergarten and Leisure Pedagogy (Rudolf Steiner) (private edu.),CSV:EDU_audd,medium,danish,,
EDU_audd_5490,EDU,audd,5490,"Finans, prof.bach.","Finans, prof.bach.","Finans, prof.bach.",CSV:EDU_audd,medium,danish,,
EDU_audd_7538,EDU,audd,7538,"Uddannelsesvidenskab, bach.","Uddannelsesvidenskab, bach.","Uddannelsesvidenskab, bach.",CSV:EDU_audd,medium,danish,,
EDU_audd_7696,EDU,audd,7696,"International Relations, cand.soc.","International Relations, cand.soc.","International Relations, cand.soc.",CSV:EDU_audd,medium,danish,,
EDU_audd_5232,EDU,audd,5232,"Designteknolog, produktion","Designteknolog, produktion","Design Technology, Production",CSV:EDU_audd,medium,danish,,
EDU_audd_3196,EDU,audd,3196,"Konstruktion (overbygning), prof.bach.","Konstruktion (overbygning), prof.bach.","Construction (superstructure), prof.bach.",CSV:EDU_audd,medium,danish,,
EDU_audd_5131,EDU,audd,5131,Designteknolog,Designteknolog,Designteknolog,CSV:EDU_audd,medium,danish,,
EDU_audd_4431,EDU,audd,4431,Ernæringsassistent,Ernæringsassistent,Nutrition Assistant,CSV:EDU_audd,medium,danish,,
EDU_audd_7120,EDU,audd,7120,"Samfundsvidenskab, ph.d.","Samfundsvidenskab, ph.d.","Social Science, ph.d.",CSV:EDU_audd,medium,danish,,
EDU_audd_7664,EDU,audd,7664,"Engelsk, bach.","Engelsk, bach.","Engelsk, bach.",CSV:EDU_audd,medium,danish,,
EDU_audd_4715,EDU,audd,4715,Fra jord til bord,Fra jord til bord,From Soil to Plate,CSV:EDU_audd,medium,danish,,
EDU_audd_4906,EDU,audd,4906,"Detail, forbrugerelektronik","Detail, forbrugerelektronik",Consumer Electronics,CSV:EDU_audd,medium,danish,,
EDU_audd_4738,EDU,audd,4738,"Strøm, styring og IT","Strøm, styring og IT","Power, Control and IT",CSV:EDU_audd,medium,danish,,
EDU_audd_4272,EDU,audd,4272,"Elektriker, installationsteknik","Elektriker, installationsteknik","Elektriker, installationsteknik",CSV:EDU_audd,medium,danish,,
EDU_audd_5203,EDU,audd,5203,Automationsteknolog,Automationsteknolog,Automationsteknolog,CSV:EDU_audd,medium,danish,,
EDU_audd_4730,EDU,audd,4730,"Bil, fly og andre transportmidler","Bil, fly og andre transportmidler","Cars, Aircraft and Other Vehicles",CSV:EDU_audd,medium,danish,,
EDU_audd_4125,EDU,audd,4125,Personvognsmekaniker,Personvognsmekaniker,Personvognsmekaniker,CSV:EDU_audd,medium,danish,,
EDU_audd_5153,EDU,audd,5153,"Ergoterapi, prof.bach.","Ergoterapi, prof.bach.","Occupational Therapy, prof.bach.",CSV:EDU_audd,medium,danish,,
EDU_audd_7185,EDU,audd,7185,"Folkesundhedsvidenskab, cand.scient.san.publ.","Folkesundhedsvidenskab, cand.scient.san.publ.","Folkesundhedsvidenskab, cand.scient.san.publ.",CSV:EDU_audd,medium,danish,,
EDU_audd_5110,EDU,audd,5110,"Jordbrugsteknolog, husdyrproduktion","Jordbrugsteknolog, husdyrproduktion","Agricultural Engineering, Livestock Production",CSV:EDU_audd,medium,danish,,
EDU_audd_7173,EDU,audd,7173,"Kriminologi, cand.soc.","Kriminologi, cand.soc.","Kriminologi, cand.soc.",CSV:EDU_audd,medium,danish,,
EDU_audd_5231,EDU,audd,5231,"Designteknolog, design","Designteknolog, design","Design Technology, Design",CSV:EDU_audd,medium,danish,,
EDU_audd_3203,EDU,audd,3203,"Miljø og etik (overbygning), prof.bach.","Miljø og etik (overbygning), prof.bach.","Environment and Ethics (overlay), prof.bach.",CSV:EDU_audd,medium,danish,,
EDU_audd_6051,EDU,audd,6051,"Digital design og interaktive teknologier, bach.","Digital design og interaktive teknologier, bach.","Digital Design and Interactive Technologies, bach.",CSV:EDU_audd,medium,danish,,
EDU_audd_6266,EDU,audd,6266,"Games, cand.it.","Games, cand.it.","Games, cand.it.",CSV:EDU_audd,medium,danish,,
EDU_audd_4918,EDU,audd,4918,"Detail, Tv og radio","Detail, Tv og radio","Retail, TV and Radio",CSV:EDU_audd,medium,danish,,
EDU_audd_4740,EDU,audd,4740,Transport og logistik,Transport og logistik,Transportation and Logistics,CSV:EDU_audd,medium,danish,,
EDU_audd_5119,EDU,audd,5119,"Offentlig administration, prof.bach.","Offentlig administration, prof.bach.","Public Administration, prof.bach.",CSV:EDU_audd,medium,danish,,
EDU_audd_4941,EDU,audd,4941,"Detail, kædebutik","Detail, kædebutik","Retail, Chain Store",CSV:EDU_audd,medium,danish,,
EDU_audd_4274,EDU,audd,4274,Bygningsmaler,Bygningsmaler,Bygningsmaler,CSV:EDU_audd,medium,danish,,
EDU_audd_4061,EDU,audd,4061,"Bygningskonstruktør, prof.bach.","Bygningskonstruktør, prof.bach.","Structural Engineering, prof.bach.",CSV:EDU_audd,medium,danish,,
EDU_audd_7413,EDU,audd,7413,"Historie, bach.","Historie, bach.","Historie, bach.",CSV:EDU_audd,medium,danish,,
EDU_audd_6735,EDU,audd,6735,"Historie, cand.mag.","Historie, cand.mag.","Historie, cand.mag.",CSV:EDU_audd,medium,danish,,
EDU_audd_6606,EDU,audd,6606,"Pædagogik, bach.","Pædagogik, bach.","Pedagogy, bach.",CSV:EDU_audd,medium,danish,,
EDU_audd_6841,EDU,audd,6841,"Teatervidenskab og performancestudier, cand.mag.","Teatervidenskab og performancestudier, cand.mag.","Theater Science and Performance Studies, cand.mag.",CSV:EDU_audd,medium,danish,,
EDU_audd_6628,EDU,audd,6628,"Maskinteknik, ing.prof.bach.","Maskinteknik, ing.prof.bach.","Mechanical Engineering, ing.prof.bach.",CSV:EDU_audd,medium,danish,,
EDU_audd_4432,EDU,audd,4432,Mejerist,Mejerist,Mejerist,CSV:EDU_audd,medium,danish,,
EDU_audd_4277,EDU,audd,4277,Maskinsnedker,Maskinsnedker,Maskinsnedker,CSV:EDU_audd,medium,danish,,
EDU_audd_5082,EDU,audd,5082,Multimediedesigner,Multimediedesigner,Multimediedesigner,CSV:EDU_audd,medium,danish,,
EDU_audd_4915,EDU,audd,4915,"Detail, isenkram, glas og porcelæn","Detail, isenkram, glas og porcelæn","Retail, Ice Cream, Glass and Porcelain",CSV:EDU_audd,medium,danish,,
EDU_audd_3597,EDU,audd,3597,Afsluttet studiekompetenceforløb,Afsluttet studiekompetenceforløb,Completed Study Competence Program,CSV:EDU_audd,medium,danish,,
EDU_audd_7188,EDU,audd,7188,"Klinisk videnskab og teknologi, cand.scient.","Klinisk videnskab og teknologi, cand.scient.","Clinical Science and Technology, cand.scient.",CSV:EDU_audd,medium,danish,,
EDU_audd_7732,EDU,audd,7732,"Socialt arbejde, cand.soc.","Socialt arbejde, cand.soc.","Socialt arbejde, cand.soc.",CSV:EDU_audd,medium,danish,,
EDU_audd_4739,EDU,audd,4739,"Sundhed, omsorg og pædagogik","Sundhed, omsorg og pædagogik","Health, Care and Pedagogy",CSV:EDU_audd,medium,danish,,
EDU_audd_5335,EDU,audd,5335,"Bygning, ing.prof.bach.","Bygning, ing.prof.bach.","Building, ing.prof.bach.",CSV:EDU_audd,medium,danish,,
EDU_audd_6536,EDU,audd,6536,"Kommunikation og digitale medier, bach.","Kommunikation og digitale medier, bach.","Communication and digital media, bach.",CSV:EDU_audd,medium,danish,,
EDU_audd_3101,EDU,audd,3101,"Informationsvidenskab, cand.it.","Informationsvidenskab, cand.it.","Informationsvidenskab, cand.it.",CSV:EDU_audd,medium,danish,,
EDU_audd_5481,EDU,audd,5481,"Visuel kommunikation, kreativ kommunikation, prof.bach.","Visuel kommunikation, kreativ kommunikation, prof.bach.","Visuel kommunikation, kreativ kommunikation, prof.bach.",CSV:EDU_audd,medium,danish,,
EDU_audd_8326,EDU,audd,8326,"Architecture, cand.polyt.","Architecture, cand.polyt.","Architecture, cand.polyt.",CSV:EDU_audd,medium,danish,,
EDU_audd_5441,EDU,audd,5441,Lærer fra Den frie Lærerskole,Lærer fra Den frie Lærerskole,Teacher from The Free Teachers' College,CSV:EDU_audd,medium,danish,,
EDU_audd_5714,EDU,audd,5714,"Business Administration and Service Management, bach.","Business Administration and Service Management, bach.","Business Administration and Service Management, bach.",CSV:EDU_audd,medium,danish,,
EDU_audd_3282,EDU,audd,3282,"Dagtilbudspædagogik, prof.bach.","Dagtilbudspædagogik, prof.bach.","Early childhood education, prof.bach.",CSV:EDU_audd,medium,danish,,
EDU_audd_2018,EDU,audd,2018,Erhvervsfisker,Erhvervsfisker,Erhvervsfisker,CSV:EDU_audd,medium,danish,,
EDU_audd_4241,EDU,audd,4241,Skibsmontør,Skibsmontør,Ship mechanic,CSV:EDU_audd,medium,danish,,
EDU_audd_4251,EDU,audd,4251,Klejnsmed,Klejnsmed,Klejnsmed,CSV:EDU_audd,medium,danish,,
EDU_audd_4286,EDU,audd,4286,Vvs-montør,Vvs-montør,HVAC mechanic,CSV:EDU_audd,medium,danish,,
EDU_audd_7934,EDU,audd,7934,"Kemi-miljø, ing.bach.","Kemi-miljø, ing.bach.","Chemistry-environment, ing.bach.",CSV:EDU_audd,medium,danish,,
EDU_audd_3140,EDU,audd,3140,"Applied Chemistry, cand.polyt.","Applied Chemistry, cand.polyt.","Applied Chemistry, cand.polyt.",CSV:EDU_audd,medium,danish,,
EDU_audd_5175,EDU,audd,5175,"Jordemoder, prof.bach.","Jordemoder, prof.bach.","Midwife, prof.bach.",CSV:EDU_audd,medium,danish,,
EDU_audd_5494,EDU,audd,5494,"Design og business (overbygning), prof.bach.","Design og business (overbygning), prof.bach.","Design and business (overlay program), prof.bach.",CSV:EDU_audd,medium,danish,,
EDU_audd_4235,EDU,audd,4235,Automekaniker,Automekaniker,Automekaniker,CSV:EDU_audd,medium,danish,,
EDU_audd_4668,EDU,audd,4668,Godschauffør,Godschauffør,Truck driver,CSV:EDU_audd,medium,danish,,
EDU_audd_5159,EDU,audd,5159,"Bioanalytiker, prof.bach.","Bioanalytiker, prof.bach.","Bioanalyst, prof.bach.",CSV:EDU_audd,medium,danish,,
EDU_audd_4193,EDU,audd,4193,Finansuddannelsen,Finansuddannelsen,Finansuddannelsen,CSV:EDU_audd,medium,danish,,
EDU_audd_7589,EDU,audd,7589,"Erhvervsøkonomi og jura, cand.merc.jur.","Erhvervsøkonomi og jura, cand.merc.jur.","Business Administration and Law, cand.merc.jur.",CSV:EDU_audd,medium,danish,,
EDU_audd_4262,EDU,audd,4262,Entreprenørmaskinmekaniker,Entreprenørmaskinmekaniker,Entrepreneurial Machine Mechanic,CSV:EDU_audd,medium,danish,,
EDU_audd_6355,EDU,audd,6355,"Kommunikationsdesign, bach.","Kommunikationsdesign, bach.","Communication Design, bach.",CSV:EDU_audd,medium,danish,,
EDU_audd_5056,EDU,audd,5056,"Designer kommunikation, cand.design","Designer kommunikation, cand.design","Designer kommunikation, cand.design",CSV:EDU_audd,medium,danish,,
EDU_audd_7421,EDU,audd,7421,"Dansk, bach.","Dansk, bach.","Dansk, bach.",CSV:EDU_audd,medium,danish,,
EDU_audd_7479,EDU,audd,7479,"Retorik, cand.mag.","Retorik, cand.mag.","Retorik, cand.mag.",CSV:EDU_audd,medium,danish,,
EDU_audd_3082,EDU,audd,3082,"Politik og Administration, cand.scient.adm.","Politik og Administration, cand.scient.adm.","Politics and Administration, cand.scient.adm.",CSV:EDU_audd,medium,danish,,
EDU_audd_4242,EDU,audd,4242,Automatiktekniker,Automatiktekniker,Automatiktekniker,CSV:EDU_audd,medium,danish,,
EDU_audd_4284,EDU,audd,4284,Blikkenslager og vvs,Blikkenslager og vvs,Sheet Metal Worker and HVAC Technician,CSV:EDU_audd,medium,danish,,
EDU_audd_4919,EDU,audd,4919,"Detail, kolonial","Detail, kolonial","Detail, kolonial",CSV:EDU_audd,medium,danish,,
EDU_audd_4218,EDU,audd,4218,IT-supporter,IT-supporter,IT-supporter,CSV:EDU_audd,medium,danish,,
EDU_audd_4014,EDU,audd,4014,Datamatiker,Datamatiker,Datamatiker,CSV:EDU_audd,medium,danish,,
EDU_audd_3447,EDU,audd,3447,"Idræt/Idræt og sundhed, bach.","Idræt/Idræt og sundhed, bach.","Sports/Sports and Health, bach.",CSV:EDU_audd,medium,danish,,
EDU_audd_3482,EDU,audd,3482,"Idræt/Idræt og sundhed, cand.scient.","Idræt/Idræt og sundhed, cand.scient.","Sports/Sports and Health, cand.scient.",CSV:EDU_audd,medium,danish,,
EDU_audd_4440,EDU,audd,4440,Bager,Bager,Bager,CSV:EDU_audd,medium,danish,,
EDU_audd_3436,EDU,audd,3436,"Økonomi, bach.","Økonomi, bach.","Economics, bach.",CSV:EDU_audd,medium,danish,,
EDU_audd_7065,EDU,audd,7065,"Økonomi, cand.oecon.","Økonomi, cand.oecon.","Economics, cand.oecon.",CSV:EDU_audd,medium,danish,,
EDU_audd_3423,EDU,audd,3423,"HA(jur.) erhvervsøkonomi-jura, bach.","HA(jur.) erhvervsøkonomi-jura, bach.","Business Economics-Law (via jura), bach.",CSV:EDU_audd,medium,danish,,
EDU_audd_6470,EDU,audd,6470,"Erhvervsøkonomi og jura, cand.merc.jur.","Erhvervsøkonomi og jura, cand.merc.jur.","Business Administration and Law, cand.merc.jur.",CSV:EDU_audd,medium,danish,,
EDU_audd_7939,EDU,audd,7939,"IT-informatik, ing.bach.","IT-informatik, ing.bach.","IT Computer Science, ing.bach.",CSV:EDU_audd,medium,danish,,
EDU_audd_8339,EDU,audd,8339,"IT-informatik, civilingeniør","IT-informatik, civilingeniør","IT Informatics, Master of Science (Engineering)",CSV:EDU_audd,medium,danish,,
EDU_audd_4965,EDU,audd,4965,"Handelsassistent, salg","Handelsassistent, salg",Sales Assistant,CSV:EDU_audd,medium,danish,,
EDU_audd_4252,EDU,audd,4252,Karrosserismed,Karrosserismed,Karrosserismed,CSV:EDU_audd,medium,danish,,
EDU_audd_5157,EDU,audd,5157,"Psykomotorik, prof.bach.","Psykomotorik, prof.bach.","Psykomotorik, prof.bach.",CSV:EDU_audd,medium,danish,,
EDU_audd_4301,EDU,audd,4301,Industrioperatør (skibsmontør),Industrioperatør (skibsmontør),Industrial Operator (Ship Mechanic),CSV:EDU_audd,medium,danish,,
EDU_audd_5666,EDU,audd,5666,"HA(mat.) erhvervsøkonomi-matematik, bach.","HA(mat.) erhvervsøkonomi-matematik, bach.","Business Economics-Mathematics (Health), bach.",CSV:EDU_audd,medium,danish,,
EDU_audd_5713,EDU,audd,5713,"International Business, bach.","International Business, bach.","International Business, bach.",CSV:EDU_audd,medium,danish,,
EDU_audd_5715,EDU,audd,5715,"Event management og økonomi, prof.bach.","Event management og økonomi, prof.bach.","Event Management and Economics, prof.bach.",CSV:EDU_audd,medium,danish,,
EDU_audd_4456,EDU,audd,4456,Webudvikler,Webudvikler,Webudvikler,CSV:EDU_audd,medium,danish,,
EDU_audd_4461,EDU,audd,4461,Fotograf,Fotograf,Fotograf,CSV:EDU_audd,medium,danish,,
EDU_audd_5405,EDU,audd,5405,"Global Business Engineering, ing.prof.bach.","Global Business Engineering, ing.prof.bach.","Global Business Engineering, ing.prof.bach.",CSV:EDU_audd,medium,danish,,
EDU_audd_4782,EDU,audd,4782,Pædagogisk assistentuddannelse (eud),Pædagogisk assistentuddannelse (eud),Pedagogical Assistant Education (EUD),CSV:EDU_audd,medium,danish,,
EDU_audd_4334,EDU,audd,4334,Låsesmed,Låsesmed,Locksmith,CSV:EDU_audd,medium,danish,,
EDU_audd_5716,EDU,audd,5716,"HA(psyk) erhvervsøkonomi-psykologi, bach.","HA(psyk) erhvervsøkonomi-psykologi, bach.","Business Economics-Psychology (Psych), bach.",CSV:EDU_audd,medium,danish,,
EDU_audd_5717,EDU,audd,5717,"Erhvervsøkonomi og psykologi, cand.merc.(psyk)","Erhvervsøkonomi og psykologi, cand.merc.(psyk)","Business Economics and Psychology, cand.merc.(psych)",CSV:EDU_audd,medium,danish,,
EDU_audd_5333,EDU,audd,5333,"Maskin, ing.prof.bach.","Maskin, ing.prof.bach.","Machine, eng.prof.bach.",CSV:EDU_audd,medium,danish,,
EDU_audd_5243,EDU,audd,5243,"Mechanical engineering, civilingeniør 2år, cand.polyt.","Mechanical engineering, civilingeniør 2år, cand.polyt.","Mechanical Engineering, Civil Engineer 2yr, cand.polyt.",CSV:EDU_audd,medium,danish,,
EDU_audd_5221,EDU,audd,5221,"Maskinmester - maskinteknisk ledelse og drift, prof.bach.","Maskinmester - maskinteknisk ledelse og drift, prof.bach.","Machine Master - Machine Technical Management and Operation, prof.bach.",CSV:EDU_audd,medium,danish,,
EDU_audd_8075,EDU,audd,8075,"Produkt- og designpsykologi, ingeniør bach.","Produkt- og designpsykologi, ingeniør bach.","Product and Design Psychology, Engineer bach.",CSV:EDU_audd,medium,danish,,
EDU_audd_8175,EDU,audd,8175,"Produkt og designpsykologi, cand.polyt.","Produkt og designpsykologi, cand.polyt.","Product and Design Psychology, cand.polyt.",CSV:EDU_audd,medium,danish,,
EDU_audd_4250,EDU,audd,4250,Elektronikfagtekniker,Elektronikfagtekniker,Elektronikfagtekniker,CSV:EDU_audd,medium,danish,,
EDU_audd_6930,EDU,audd,6930,"Business Administration and Leadership, cand.merc.","Business Administration and Leadership, cand.merc.","Business Administration and Leadership, cand.merc.",CSV:EDU_audd,medium,danish,,
EDU_audd_8134,EDU,audd,8134,"Softwareudvikling, bach.","Softwareudvikling, bach.","Softwareudvikling, bach.",CSV:EDU_audd,medium,danish,,
EDU_audd_5657,EDU,audd,5657,"Erhvervsøkonomi og informationsteknologi, cand.merc.(it)","Erhvervsøkonomi og informationsteknologi, cand.merc.(it)","Business Economics and Information Technology, cand.merc.(it)",CSV:EDU_audd,medium,danish,,
EDU_audd_820,EDU,audd,820,Trafikflyver (privat udd.),Trafikflyver (privat udd.),Traffic Pilot (private udd.),CSV:EDU_audd,medium,danish,,
EDU_audd_5589,EDU,audd,5589,"Multicultural Communication in Organisations, cand.ling.merc.","Multicultural Communication in Organisations, cand.ling.merc.","Multicultural Communication in Organizations, cand.ling.merc.",CSV:EDU_audd,medium,danish,,
EDU_audd_7412,EDU,audd,7412,"Fransk sprog, litteratur og kultur, bach.","Fransk sprog, litteratur og kultur, bach.","French Language, Literature and Culture, bach.",CSV:EDU_audd,medium,danish,,
EDU_audd_7472,EDU,audd,7472,"Fransk sprog, litteratur og kultur, cand.mag.","Fransk sprog, litteratur og kultur, cand.mag.","French Language, Literature and Culture, cand.mag.",CSV:EDU_audd,medium,danish,,
EDU_audd_4717,EDU,audd,4717,Service,Service,Service,CSV:EDU_audd,medium,danish,,
EDU_audd_5347,EDU,audd,5347,"Bæredygtig energiteknik, ing.prof.bach.","Bæredygtig energiteknik, ing.prof.bach.","Sustainable Energy Engineering, ing.prof.bach.",CSV:EDU_audd,medium,danish,,
EDU_audd_8347,EDU,audd,8347,"Oil and Gas Technology, cand.polyt.","Oil and Gas Technology, cand.polyt.","Oil and Gas Technology, cand.polyt.",CSV:EDU_audd,medium,danish,,
EDU_audd_7447,EDU,audd,7447,"Biologi, bach.","Biologi, bach.","Biologi, bach.",CSV:EDU_audd,medium,danish,,
EDU_audd_7175,EDU,audd,7175,"Human Biology, cand.scient.","Human Biology, cand.scient.","Human Biology, cand.scient.",CSV:EDU_audd,medium,danish,,
EDU_audd_5788,EDU,audd,5788,"Management of Creative Business Processes, cand.soc.","Management of Creative Business Processes, cand.soc.","Management of Creative Business Processes, cand.soc.",CSV:EDU_audd,medium,danish,,
EDU_audd_4811,EDU,audd,4811,"Revision, cand.merc.aud.","Revision, cand.merc.aud.","Auditing, cand.merc.aud.",CSV:EDU_audd,medium,danish,,
EDU_audd_7544,EDU,audd,7544,"Jura, bach.","Jura, bach.","Jura, bach.",CSV:EDU_audd,medium,danish,,
EDU_audd_7457,EDU,audd,7457,"Jura, cand.jur.","Jura, cand.jur.","Jura, cand.jur.",CSV:EDU_audd,medium,danish,,
EDU_audd_4925,EDU,audd,4925,"Detail, sko og læder","Detail, sko og læder","Retail, Shoes and Leather",CSV:EDU_audd,medium,danish,,
EDU_audd_4690,EDU,audd,4690,"Dyrepasser, heste","Dyrepasser, heste","Dyrepasser, heste",CSV:EDU_audd,medium,danish,,
EDU_audd_3077,EDU,audd,3077,"Erhvervsøkonomi-virksomhedskommunikation, cand.merc.(kom)","Erhvervsøkonomi-virksomhedskommunikation, cand.merc.(kom)","Business Administration/Business Communication, cand.merc.(kom)",CSV:EDU_audd,medium,danish,,
EDU_audd_4036,EDU,audd,4036,Laborant,Laborant,Laborant,CSV:EDU_audd,medium,danish,,
EDU_audd_4656,EDU,audd,4656,Lager- og transportoperatør,Lager- og transportoperatør,Warehouse and Transport Operator,CSV:EDU_audd,medium,danish,,
EDU_audd_7575,EDU,audd,7575,"Jura, cand.jur.","Jura, cand.jur.","Jura, cand.jur.",CSV:EDU_audd,medium,danish,,
EDU_audd_8081,EDU,audd,8081,"Computer Science, cand.scient.","Computer Science, cand.scient.","Computer Science, cand.scient.",CSV:EDU_audd,medium,danish,,
EDU_audd_3186,EDU,audd,3186,"Skole-og fritidspædagogik, prof.bach.","Skole-og fritidspædagogik, prof.bach.","School and Leisure Pedagogy, prof.bach.",CSV:EDU_audd,medium,danish,,
EDU_audd_8420,EDU,audd,8420,"Naturressourcer, bach.","Naturressourcer, bach.","Naturressourcer, bach.",CSV:EDU_audd,medium,danish,,
EDU_audd_8234,EDU,audd,8234,"Nature Management, cand.scient.","Nature Management, cand.scient.","Nature Management, cand.scient.",CSV:EDU_audd,medium,danish,,
EDU_audd_5199,EDU,audd,5199,Fængselsbetjent,Fængselsbetjent,Prison Officer,CSV:EDU_audd,medium,danish,,
EDU_audd_3249,EDU,audd,3249,Elektriker 2,Elektriker 2,Elektriker 2,CSV:EDU_audd,medium,danish,,
EDU_audd_7739,EDU,audd,7739,"Techno-Anthropology, cand.scient.","Techno-Anthropology, cand.scient.","Techno-Anthropology, cand.scient.",CSV:EDU_audd,medium,danish,,
EDU_audd_7441,EDU,audd,7441,"Farmaci, bach.","Farmaci, bach.","Farmaci, bach.",CSV:EDU_audd,medium,danish,,
EDU_audd_7495,EDU,audd,7495,"Farmaci, cand.pharm.","Farmaci, cand.pharm.","Farmaci, cand.pharm.",CSV:EDU_audd,medium,danish,,
EDU_audd_8404,EDU,audd,8404,"Miljø- og fødevareøkonomi, bach.","Miljø- og fødevareøkonomi, bach.","Environmental and Food Economics, bach.",CSV:EDU_audd,medium,danish,,
EDU_audd_5404,EDU,audd,5404,"Agricultural Economics, cand.oecon.agro.","Agricultural Economics, cand.oecon.agro.","Agricultural Economics, cand.oecon.agro.",CSV:EDU_audd,medium,danish,,
EDU_audd_7542,EDU,audd,7542,"Religion studier/Religionsvidenskab, bach.","Religion studier/Religionsvidenskab, bach.","Religious Studies/Theology, bach.",CSV:EDU_audd,medium,danish,,
EDU_audd_4279,EDU,audd,4279,Bygningssnedker,Bygningssnedker,Bygningssnedker,CSV:EDU_audd,medium,danish,,
EDU_audd_8322,EDU,audd,8322,"Urban Design, cand.polyt.","Urban Design, cand.polyt.","Urban Design, cand.polyt.",CSV:EDU_audd,medium,danish,,
EDU_audd_3409,EDU,audd,3409,"Produktion (Produktionsteknik), ing.prof.bach.","Produktion (Produktionsteknik), ing.prof.bach.","Produktion (Produktionsteknik), ing.prof.bach.",CSV:EDU_audd,medium,danish,,
EDU_audd_3331,EDU,audd,3331,"Operations Management, civilingeniør cand.polyt","Operations Management, civilingeniør cand.polyt","Operations Management, civil engineering cand.polyt",CSV:EDU_audd,medium,danish,,
EDU_audd_7529,EDU,audd,7529,"Antropologi, bach.","Antropologi, bach.","Antropologi, bach.",CSV:EDU_audd,medium,danish,,
EDU_audd_7405,EDU,audd,7405,"Statskundskab, bach.","Statskundskab, bach.","Statskundskab, bach.",CSV:EDU_audd,medium,danish,,
EDU_audd_7459,EDU,audd,7459,"Statskundskab, cand.scient.pol.","Statskundskab, cand.scient.pol.","Statskundskab, cand.scient.pol.",CSV:EDU_audd,medium,danish,,
EDU_audd_8362,EDU,audd,8362,"Ledelse og informatik i byggeriet, cand.scient.tech.","Ledelse og informatik i byggeriet, cand.scient.tech.","Leadership and information technology in construction, cand.scient.tech.",CSV:EDU_audd,medium,danish,,
EDU_audd_4255,EDU,audd,4255,Cykelmekaniker,Cykelmekaniker,Cykelmekaniker,CSV:EDU_audd,medium,danish,,
EDU_audd_5162,EDU,audd,5162,"IT-teknolog, netværksteknologi","IT-teknolog, netværksteknologi","IT Technology, Network Technology",CSV:EDU_audd,medium,danish,,
EDU_audd_3277,EDU,audd,3277,"E-handel (overbygning), prof.bach.","E-handel (overbygning), prof.bach.","E-commerce (overlay), prof.bach.",CSV:EDU_audd,medium,danish,,
EDU_audd_7514,EDU,audd,7514,"Statskundskab, bach.","Statskundskab, bach.","Statskundskab, bach.",CSV:EDU_audd,medium,danish,,
EDU_audd_7576,EDU,audd,7576,"Statskundskab, cand.scient.pol.","Statskundskab, cand.scient.pol.","Statskundskab, cand.scient.pol.",CSV:EDU_audd,medium,danish,,
EDU_audd_3301,EDU,audd,3301,Væksthusgartner,Væksthusgartner,Greenhouse Gardener,CSV:EDU_audd,medium,danish,,
EDU_audd_7651,EDU,audd,7651,"HA almen erhvervsøkonomi, bach.","HA almen erhvervsøkonomi, bach.","General business administration, bach.",CSV:EDU_audd,medium,danish,,
EDU_audd_7717,EDU,audd,7717,"Revision, cand.merc.aud.","Revision, cand.merc.aud.","Auditing, cand.merc.aud.",CSV:EDU_audd,medium,danish,,
EDU_audd_4983,EDU,audd,4983,"Kontor, regnskab og revision","Kontor, regnskab og revision","Office, Accounting and Auditing",CSV:EDU_audd,medium,danish,,
EDU_audd_5992,EDU,audd,5992,"International marketing erhvervssproglig, bach.","International marketing erhvervssproglig, bach.","International Marketing business bilingual, bach.",CSV:EDU_audd,medium,danish,,
EDU_audd_7596,EDU,audd,7596,"Retorik, cand.mag.","Retorik, cand.mag.","Retorik, cand.mag.",CSV:EDU_audd,medium,danish,,
EDU_audd_7431,EDU,audd,7431,"Økonomi, bach.","Økonomi, bach.","Economics, bach.",CSV:EDU_audd,medium,danish,,
EDU_audd_825,EDU,audd,825,Beklædningsdesigner-modelkonstruktør (privat udd.),Beklædningsdesigner-modelkonstruktør (privat udd.),Fashion Designer-patternmaker (private edu.),CSV:EDU_audd,medium,danish,,
EDU_audd_7455,EDU,audd,7455,"Økonomi, cand.oecon.","Økonomi, cand.oecon.","Economics, cand.oecon.",CSV:EDU_audd,medium,danish,,
EDU_audd_4990,EDU,audd,4990,Lægesekretær,Lægesekretær,Medical Secretary,CSV:EDU_audd,medium,danish,,
EDU_audd_8000,EDU,audd,8000,"Naturvidenskab, ph.d.","Naturvidenskab, ph.d.","Natural Sciences, ph.d.",CSV:EDU_audd,medium,danish,,
EDU_audd_4963,EDU,audd,4963,Logistikassistent,Logistikassistent,Logistikassistent,CSV:EDU_audd,medium,danish,,
EDU_audd_6509,EDU,audd,6509,"Humanistisk-teknologisk una, bach.","Humanistisk-teknologisk una, bach.","Humanities and technological sciences, bach.",CSV:EDU_audd,medium,danish,,
EDU_audd_7718,EDU,audd,7718,"Medialogy, cand.scient.","Medialogy, cand.scient.","Medialogy, cand.scient.",CSV:EDU_audd,medium,danish,,
EDU_audd_7437,EDU,audd,7437,"Folkesundhedsvidenskab, bach.","Folkesundhedsvidenskab, bach.","Folkesundhedsvidenskab, bach.",CSV:EDU_audd,medium,danish,,
EDU_audd_7464,EDU,audd,7464,"Folkesundhedsvidenskab, cand.scient.san.publ.","Folkesundhedsvidenskab, cand.scient.san.publ.","Folkesundhedsvidenskab, cand.scient.san.publ.",CSV:EDU_audd,medium,danish,,
EDU_audd_4296,EDU,audd,4296,"Elektriker, styrings- og reguleringsteknik","Elektriker, styrings- og reguleringsteknik","Electrician, control and regulation technology",CSV:EDU_audd,medium,danish,,
EDU_audd_3416,EDU,audd,3416,"HA almen erhvervsøkonomi, bach.","HA almen erhvervsøkonomi, bach.","General business administration, bach.",CSV:EDU_audd,medium,danish,,
EDU_audd_3449,EDU,audd,3449,"Erhvervsøkonomi, cand.merc.","Erhvervsøkonomi, cand.merc.","Business economics, cand.merc.",CSV:EDU_audd,medium,danish,,
EDU_audd_4041,EDU,audd,4041,"Maskinmester u. maritimt valgfag (ledelse-drift), prof.bach.","Maskinmester u. maritimt valgfag (ledelse-drift), prof.bach.","Maskinmester u. maritimt valgfag (ledelse-drift), prof.bach.",CSV:EDU_audd,medium,danish,,
EDU_audd_7517,EDU,audd,7517,"HA almen erhvervsøkonomi, bach.","HA almen erhvervsøkonomi, bach.","General business administration, bach.",CSV:EDU_audd,medium,danish,,
EDU_audd_7571,EDU,audd,7571,"Economics and Business Administration, cand.merc.","Economics and Business Administration, cand.merc.","Economics and Business Administration, cand.merc.",CSV:EDU_audd,medium,danish,,
EDU_audd_5034,EDU,audd,5034,Stærkstrømsinstallatør,Stærkstrømsinstallatør,High voltage installer,CSV:EDU_audd,medium,danish,,
EDU_audd_4246,EDU,audd,4246,Motorcykelmekaniker,Motorcykelmekaniker,Motorcykelmekaniker,CSV:EDU_audd,medium,danish,,
EDU_audd_5184,EDU,audd,5184,Skibsmaskinist,Skibsmaskinist,Skibsmaskinist,CSV:EDU_audd,medium,danish,,
EDU_audd_4670,EDU,audd,4670,Sikkerhedsvagt,Sikkerhedsvagt,Sikkerhedsvagt,CSV:EDU_audd,medium,danish,,
EDU_audd_4369,EDU,audd,4369,Byggemontagetekniker,Byggemontagetekniker,Byggemontagetekniker,CSV:EDU_audd,medium,danish,,
EDU_audd_5021,EDU,audd,5021,Politikadet,Politikadet,Politikadet,CSV:EDU_audd,medium,danish,,
EDU_audd_7674,EDU,audd,7674,"Jura, bach.","Jura, bach.","Jura, bach.",CSV:EDU_audd,medium,danish,,
EDU_audd_7704,EDU,audd,7704,"Jura, cand.jur.","Jura, cand.jur.","Jura, cand.jur.",CSV:EDU_audd,medium,danish,,
EDU_audd_8132,EDU,audd,8132,"Naturvidenskab una, bach.","Naturvidenskab una, bach.","Natural sciences, bach.",CSV:EDU_audd,medium,danish,,
EDU_audd_6127,EDU,audd,6127,"Medicinalbiologi, kombination (RUC)","Medicinalbiologi, kombination (RUC)","Medical biology, combination (RUC)",CSV:EDU_audd,medium,danish,,
EDU_audd_4958,EDU,audd,4958,"Engros, auto -reservedele","Engros, auto -reservedele","Wholesale, automotive spare parts",CSV:EDU_audd,medium,danish,,
EDU_audd_5485,EDU,audd,5485,"Grafisk kommunikation, prof.bach.","Grafisk kommunikation, prof.bach.","Graphic communication, prof.bach.",CSV:EDU_audd,medium,danish,,
EDU_audd_4917,EDU,audd,4917,"Detail, guld og sølv","Detail, guld og sølv","Retail, gold and silver",CSV:EDU_audd,medium,danish,,
EDU_audd_8412,EDU,audd,8412,"Husdyrvidenskab, bach.","Husdyrvidenskab, bach.","Husdyrvidenskab, bach.",CSV:EDU_audd,medium,danish,,
EDU_audd_8416,EDU,audd,8416,"Animal Science, cand.scient.","Animal Science, cand.scient.","Animal Science, cand.scient.",CSV:EDU_audd,medium,danish,,
EDU_audd_5667,EDU,audd,5667,"Erhvervsøkonomi og matematik, cand.merc.(mat.)","Erhvervsøkonomi og matematik, cand.merc.(mat.)","Business economics and mathematics, cand.merc.(math.)",CSV:EDU_audd,medium,danish,,
EDU_audd_3183,EDU,audd,3183,"Stråleterapi, prof.bach.","Stråleterapi, prof.bach.","Radiation therapy, prof.bach.",CSV:EDU_audd,medium,danish,,
EDU_audd_7446,EDU,audd,7446,"Matematik, bach.","Matematik, bach.","Matematik, bach.",CSV:EDU_audd,medium,danish,,
EDU_audd_1650,EDU,audd,1650,"1. år, studenterkursus","1. år, studenterkursus","1st year, student course",CSV:EDU_audd,medium,danish,,
EDU_audd_7546,EDU,audd,7546,"Psykologi, bach.","Psykologi, bach.","Psykologi, bach.",CSV:EDU_audd,medium,danish,,
EDU_audd_6520,EDU,audd,6520,"Film- og medievidenskab, bach.","Film- og medievidenskab, bach.","Film and media studies, bach.",CSV:EDU_audd,medium,danish,,
EDU_audd_6721,EDU,audd,6721,"Film- og medievidenskab, cand.mag.","Film- og medievidenskab, cand.mag.","Film and media studies, cand.mag.",CSV:EDU_audd,medium,danish,,
EDU_audd_7539,EDU,audd,7539,"Uddannelsesvidenskab, bach.","Uddannelsesvidenskab, bach.","Uddannelsesvidenskab, bach.",CSV:EDU_audd,medium,danish,,
EDU_audd_7623,EDU,audd,7623,"Pædagogisk filosofi, cand.pæd.","Pædagogisk filosofi, cand.pæd.","Pedagogical philosophy, cand.ped.",CSV:EDU_audd,medium,danish,,
EDU_audd_7845,EDU,audd,7845,"Rytmisk instrument.-sang-ensemble, bach.","Rytmisk instrument.-sang-ensemble, bach.","Rytmisk instrument.-sang-ensemble, bach.",CSV:EDU_audd,medium,danish,,
EDU_audd_7861,EDU,audd,7861,"Music, cand.musicae","Music, cand.musicae","Music, cand.musicae",CSV:EDU_audd,medium,danish,,
EDU_audd_7923,EDU,audd,7923,"Software engineering, ing.bach.","Software engineering, ing.bach.","Software engineering, ing.bach.",CSV:EDU_audd,medium,danish,,
EDU_audd_4557,EDU,audd,4557,"Ejendomsservicetekniker, boligservice","Ejendomsservicetekniker, boligservice","Property service technician, housing service",CSV:EDU_audd,medium,danish,,
EDU_audd_4991,EDU,audd,4991,Advokatsekretær,Advokatsekretær,Law clerk,CSV:EDU_audd,medium,danish,,
EDU_audd_5735,EDU,audd,5735,"Journalist, prof.bach.","Journalist, prof.bach.","Journalist, prof.bach.",CSV:EDU_audd,medium,danish,,
EDU_audd_6758,EDU,audd,6758,"Anvendt filosofi, cand.mag.","Anvendt filosofi, cand.mag.","Applied philosophy, cand.mag.",CSV:EDU_audd,medium,danish,,
EDU_audd_7702,EDU,audd,7702,"Erhvervsøkonomi, cand.merc.","Erhvervsøkonomi, cand.merc.","Business economics, cand.merc.",CSV:EDU_audd,medium,danish,,
EDU_audd_5685,EDU,audd,5685,"Økonomi og informationsteknologi, prof.bach.","Økonomi og informationsteknologi, prof.bach.","Economics and information technology, prof.bach.",CSV:EDU_audd,medium,danish,,
EDU_audd_7654,EDU,audd,7654,"Kommunikation og digitale medier, bach.","Kommunikation og digitale medier, bach.","Communication and digital media, bach.",CSV:EDU_audd,medium,danish,,
EDU_audd_3040,EDU,audd,3040,"Journalistik, cand.mag.","Journalistik, cand.mag.","Journalistik, cand.mag.",CSV:EDU_audd,medium,danish,,
EDU_audd_5055,EDU,audd,5055,"Designer, bach.","Designer, bach.","Designer, bach.",CSV:EDU_audd,medium,danish,,
EDU_audd_3244,EDU,audd,3244,Smørrebrød og catering,Smørrebrød og catering,Sandwich making and catering,CSV:EDU_audd,medium,danish,,
EDU_audd_5086,EDU,audd,5086,Logistikøkonom,Logistikøkonom,Logistics economics,CSV:EDU_audd,medium,danish,,
EDU_audd_4368,EDU,audd,4368,"Elektriker, bygningsautomatik","Elektriker, bygningsautomatik","Electrician, building automation",CSV:EDU_audd,medium,danish,,
EDU_audd_5133,EDU,audd,5133,IT-teknolog,IT-teknolog,IT-teknolog,CSV:EDU_audd,medium,danish,,
EDU_audd_5222,EDU,audd,5222,"Jordbrugsvirksomhed, husdyr (overbygning), prof.bach.","Jordbrugsvirksomhed, husdyr (overbygning), prof.bach.","Jordbrugsvirksomhed, husdyr (overbygning), prof.bach.",CSV:EDU_audd,medium,danish,,
EDU_audd_6652,EDU,audd,6652,"Sprog og internationale studier-spansk, bach.","Sprog og internationale studier-spansk, bach.","Language and international studies-Spanish, bach.",CSV:EDU_audd,medium,danish,,
EDU_audd_7509,EDU,audd,7509,"Softwareteknologi, ing.prof.bach.","Softwareteknologi, ing.prof.bach.","Software technology, ing.prof.bach.",CSV:EDU_audd,medium,danish,,
EDU_audd_5783,EDU,audd,5783,"International Business and Politics, bach.","International Business and Politics, bach.","International Business and Politics, bach.",CSV:EDU_audd,medium,danish,,
EDU_audd_5653,EDU,audd,5653,"International business and politics, cand.merc.pol.","International business and politics, cand.merc.pol.","International business and politics, cand.merc.pol.",CSV:EDU_audd,medium,danish,,
EDU_audd_1651,EDU,audd,1651,"2. år, studenterkursus","2. år, studenterkursus","2nd year, student course",CSV:EDU_audd,medium,danish,,
EDU_audd_3280,EDU,audd,3280,"Sundhedsfremme, forebyggelse og formidling, prof.bach.","Sundhedsfremme, forebyggelse og formidling, prof.bach.","Health promotion, prevention and communication, prof.bach.",CSV:EDU_audd,medium,danish,,
EDU_audd_5453,EDU,audd,5453,"Human nutrition, cand.scient.","Human nutrition, cand.scient.","Human nutrition, cand.scient.",CSV:EDU_audd,medium,danish,,
EDU_audd_3206,EDU,audd,3206,"Computer graphic Arts, prof.bach.","Computer graphic Arts, prof.bach.","Computer graphics arts, prof.bach.",CSV:EDU_audd,medium,danish,,
EDU_audd_5410,EDU,audd,5410,"Agricultural Development, cand.scient.","Agricultural Development, cand.scient.","Agricultural Development, cand.scient.",CSV:EDU_audd,medium,danish,,
EDU_audd_3047,EDU,audd,3047,"Engineering (Sustainable Fisheries and Aquaculture), cand.polyt.","Engineering (Sustainable Fisheries and Aquaculture), cand.polyt.","Engineering (Sustainable Fisheries and Aquaculture), cand.polyt.",CSV:EDU_audd,medium,danish,,
EDU_audd_7109,EDU,audd,7109,"Politik og administration, bach.","Politik og administration, bach.","Politics and administration, bach.",CSV:EDU_audd,medium,danish,,
EDU_audd_4809,EDU,audd,4809,"Economics and Business Administration, cand.merc.","Economics and Business Administration, cand.merc.","Economics and Business Administration, cand.merc.",CSV:EDU_audd,medium,danish,,
EDU_audd_8100,EDU,audd,8100,"Informationsteknologi, bach.","Informationsteknologi, bach.","Informationsteknologi, bach.",CSV:EDU_audd,medium,danish,,
EDU_audd_5489,EDU,audd,5489,"International handel og markedsføring (overbygning), prof.bach.","International handel og markedsføring (overbygning), prof.bach.","International trade and marketing (overlay), prof.bach.",CSV:EDU_audd,medium,danish,,
EDU_audd_4992,EDU,audd,4992,"Kontor, spedition og shipping","Kontor, spedition og shipping","Office, freight forwarding and shipping",CSV:EDU_audd,medium,danish,,
EDU_audd_7920,EDU,audd,7920,"Medicin med industriel speciale, bach.","Medicin med industriel speciale, bach.","Medicine with industrial specialization, bach.",CSV:EDU_audd,medium,danish,,
EDU_audd_7995,EDU,audd,7995,"Medicin med industriel specialisering, cand.scient.med.","Medicin med industriel specialisering, cand.scient.med.","Medicine with Industrial Specialization, cand.scient.med.",CSV:EDU_audd,medium,danish,,
EDU_audd_7553,EDU,audd,7553,"Matematik og økonomi, bach.","Matematik og økonomi, bach.","Mathematics and economics, bach.",CSV:EDU_audd,medium,danish,,
EDU_audd_8117,EDU,audd,8117,"Matematik-økonomi, cand.scient.oecon.","Matematik-økonomi, cand.scient.oecon.","Mathematics-economics, cand.scient.oecon.",CSV:EDU_audd,medium,danish,,
EDU_audd_7549,EDU,audd,7549,"Folkesundhedsvidenskab, bach.","Folkesundhedsvidenskab, bach.","Folkesundhedsvidenskab, bach.",CSV:EDU_audd,medium,danish,,
EDU_audd_7582,EDU,audd,7582,"Folkesundhedsvidenskab, cand.scient.san.publ.","Folkesundhedsvidenskab, cand.scient.san.publ.","Folkesundhedsvidenskab, cand.scient.san.publ.",CSV:EDU_audd,medium,danish,,
EDU_audd_4515,EDU,audd,4515,Beklædningshåndværker,Beklædningshåndværker,Tailoring craftsman,CSV:EDU_audd,medium,danish,,
EDU_audd_6507,EDU,audd,6507,"Interkulturel pædagogik og dansk som andetsprog, bach.","Interkulturel pædagogik og dansk som andetsprog, bach.","Intercultural pedagogy and Danish as a second language, bach.",CSV:EDU_audd,medium,danish,,
EDU_audd_6402,EDU,audd,6402,"Sprogpsykologi, cand.mag.","Sprogpsykologi, cand.mag.","Psycholinguistics, cand.mag.",CSV:EDU_audd,medium,danish,,
EDU_audd_4964,EDU,audd,4964,Indkøbsassistent,Indkøbsassistent,Purchasing assistant,CSV:EDU_audd,medium,danish,,
EDU_audd_5137,EDU,audd,5137,Entreprenørskab og design,Entreprenørskab og design,Entrepreneurship and Design,CSV:EDU_audd,medium,danish,,
EDU_audd_6592,EDU,audd,6592,"Nordisk sprog og litteratur, bach.","Nordisk sprog og litteratur, bach.","Nordic Language and Literature, bach.",CSV:EDU_audd,medium,danish,,
EDU_audd_7609,EDU,audd,7609,"Journalistik, cand.public.","Journalistik, cand.public.","Journalistik, cand.public.",CSV:EDU_audd,medium,danish,,
EDU_audd_4418,EDU,audd,4418,Cater,Cater,Cater,CSV:EDU_audd,medium,danish,,
EDU_audd_5501,EDU,audd,5501,"Fødevarer og Ledelse, prof.bach.","Fødevarer og Ledelse, prof.bach.","Food Products and Management, prof.bach.",CSV:EDU_audd,medium,danish,,
EDU_audd_6678,EDU,audd,6678,"Arkitekt, bach.","Arkitekt, bach.","Arkitekt, bach.",CSV:EDU_audd,medium,danish,,
EDU_audd_6664,EDU,audd,6664,"Arkitekt, cand.arch.","Arkitekt, cand.arch.","Arkitekt, cand.arch.",CSV:EDU_audd,medium,danish,,
EDU_audd_4141,EDU,audd,4141,Profil aftagelig protetik,Profil aftagelig protetik,Prosthodontic Profile,CSV:EDU_audd,medium,danish,,
EDU_audd_5432,EDU,audd,5432,Klinisk tandtekniker,Klinisk tandtekniker,Clinical Dental Technician,CSV:EDU_audd,medium,danish,,
EDU_audd_6562,EDU,audd,6562,"Film- og medievidenskab, bach.","Film- og medievidenskab, bach.","Film and media studies, bach.",CSV:EDU_audd,medium,danish,,
EDU_audd_7605,EDU,audd,7605,"Medievidenskab, cand.mag.","Medievidenskab, cand.mag.","Medievidenskab, cand.mag.",CSV:EDU_audd,medium,danish,,
EDU_audd_6016,EDU,audd,6016,"Sundhedsfremme og sundhedsstrategier, cand.mag.","Sundhedsfremme og sundhedsstrategier, cand.mag.","Health Promotion and Health Strategies, cand.mag.",CSV:EDU_audd,medium,danish,,
EDU_audd_3018,EDU,audd,3018,"International virksomhedskommunikation i 2 fremmedsprog, bach.","International virksomhedskommunikation i 2 fremmedsprog, bach.","International Business Communication in 2 Foreign Languages, bach.",CSV:EDU_audd,medium,danish,,
EDU_audd_3307,EDU,audd,3307,"Interkulturelle markedsstudier, cand.ling.merc.","Interkulturelle markedsstudier, cand.ling.merc.","Intercultural Market Studies, cand.ling.merc.",CSV:EDU_audd,medium,danish,,
EDU_audd_4619,EDU,audd,4619,"Anlægsgartner, plejeteknik","Anlægsgartner, plejeteknik","Landscape Gardener, Care Technician",CSV:EDU_audd,medium,danish,,
EDU_audd_3479,EDU,audd,3479,"Sundhedsfaglig kandidatuddannelse, cand.scient.san.","Sundhedsfaglig kandidatuddannelse, cand.scient.san.","Sundhedsfaglig kandidatuddannelse, cand.scient.san.",CSV:EDU_audd,medium,danish,,
EDU_audd_3414,EDU,audd,3414,"HA almen erhvervsøkonomi, bach.","HA almen erhvervsøkonomi, bach.","General business administration, bach.",CSV:EDU_audd,medium,danish,,
EDU_audd_3450,EDU,audd,3450,"Economics and Business Administration, cand.merc.","Economics and Business Administration, cand.merc.","Economics and Business Administration, cand.merc.",CSV:EDU_audd,medium,danish,,
EDU_audd_7690,EDU,audd,7690,"Idræt/Idræt og sundhed, bach.","Idræt/Idræt og sundhed, bach.","Sports/Sports and Health, bach.",CSV:EDU_audd,medium,danish,,
EDU_audd_7636,EDU,audd,7636,"IT, kommunikation og organisation, cand.it.","IT, kommunikation og organisation, cand.it.","IT, Communication and Organization, cand.it.",CSV:EDU_audd,medium,danish,,
EDU_audd_4803,EDU,audd,4803,"HA(jur.) erhvervsøkonomi-jura, bach.","HA(jur.) erhvervsøkonomi-jura, bach.","Business Economics-Law (via jura), bach.",CSV:EDU_audd,medium,danish,,
EDU_audd_3437,EDU,audd,3437,"Jura, bach.","Jura, bach.","Jura, bach.",CSV:EDU_audd,medium,danish,,
EDU_audd_3453,EDU,audd,3453,"Jura, cand.jur.","Jura, cand.jur.","Jura, cand.jur.",CSV:EDU_audd,medium,danish,,
EDU_audd_3248,EDU,audd,3248,Elektriker 1,Elektriker 1,Elektriker 1,CSV:EDU_audd,medium,danish,,
EDU_audd_4434,EDU,audd,4434,Svineslagter,Svineslagter,Svineslagter,CSV:EDU_audd,medium,danish,,
EDU_audd_3045,EDU,audd,3045,"Biokemi, bach.","Biokemi, bach.","Biokemi, bach.",CSV:EDU_audd,medium,danish,,
EDU_audd_4208,EDU,audd,4208,"Biochemistry, cand.scient.","Biochemistry, cand.scient.","Biochemistry, cand.scient.",CSV:EDU_audd,medium,danish,,
EDU_audd_7694,EDU,audd,7694,"Landinspektørvidenskab, bach.","Landinspektørvidenskab, bach.","Land inspection science, bach.",CSV:EDU_audd,medium,danish,,
EDU_audd_7738,EDU,audd,7738,"Surveying, Planning and Land Management, cand.geom.","Surveying, Planning and Land Management, cand.geom.","Surveying, Planning and Land Management, cand.geom.",CSV:EDU_audd,medium,danish,,
EDU_audd_4422,EDU,audd,4422,Tjener,Tjener,Tjener,CSV:EDU_audd,medium,danish,,
EDU_audd_5497,EDU,audd,5497,"Smykker, teknologi og business, prof.bach.","Smykker, teknologi og business, prof.bach.","Jewelry, technology and business, prof.bach.",CSV:EDU_audd,medium,danish,,
EDU_audd_3001,EDU,audd,3001,"Digital design og interaktive teknologier, cand.it.","Digital design og interaktive teknologier, cand.it.","Digital design and interactive technologies, cand.it.",CSV:EDU_audd,medium,danish,,
EDU_audd_840,EDU,audd,840,Kaospilot Education,Kaospilot Education,Kaospilot Education,CSV:EDU_audd,medium,danish,,
EDU_audd_6045,EDU,audd,6045,"Internat. virksomhedskommunikation, spansk, bach.","Internat. virksomhedskommunikation, spansk, bach.","International business communication, Spanish, bach.",CSV:EDU_audd,medium,danish,,
EDU_audd_5624,EDU,audd,5624,"Internat. virksomhedskommunikation, spansk, cand.mag.","Internat. virksomhedskommunikation, spansk, cand.mag.","International business communication, Spanish, cand.mag.",CSV:EDU_audd,medium,danish,,
EDU_audd_5326,EDU,audd,5326,"Produktudvikling og teknisk integration (overbygning), prof.bach.","Produktudvikling og teknisk integration (overbygning), prof.bach.","Product development and technical integration (overlay), prof.bach.",CSV:EDU_audd,medium,danish,,
EDU_audd_5254,EDU,audd,5254,"Bygning, ing.prof.bach.","Bygning, ing.prof.bach.","Building, ing.prof.bach.",CSV:EDU_audd,medium,danish,,
EDU_audd_8345,EDU,audd,8345,"Civil and Architectural Engineering, cand.polyt.","Civil and Architectural Engineering, cand.polyt.","Civil and Architectural Engineering, cand.polyt.",CSV:EDU_audd,medium,danish,,
EDU_audd_4937,EDU,audd,4937,"Detail, byggemarked","Detail, byggemarked","Detail, byggemarked",CSV:EDU_audd,medium,danish,,
EDU_audd_7681,EDU,audd,7681,"Teknoantropologi, bach.","Teknoantropologi, bach.","Teknoantropologi, bach.",CSV:EDU_audd,medium,danish,,
EDU_audd_6906,EDU,audd,6906,"Business Administration and Digital Business, cand.merc.it","Business Administration and Digital Business, cand.merc.it","Business Administration and Digital Business, cand.merc.it",CSV:EDU_audd,medium,danish,,
EDU_audd_3400,EDU,audd,3400,"Medicin, bach.","Medicin, bach.","Medicin, bach.",CSV:EDU_audd,medium,danish,,
EDU_audd_3477,EDU,audd,3477,"Medicin, cand.med.","Medicin, cand.med.","Medicine, cand.med.",CSV:EDU_audd,medium,danish,,
EDU_audd_7573,EDU,audd,7573,"Anthropology, cand.scient.anth.","Anthropology, cand.scient.anth.","Anthropology, cand.scient.anth.",CSV:EDU_audd,medium,danish,,
EDU_audd_7558,EDU,audd,7558,"Biologi, bach.","Biologi, bach.","Biologi, bach.",CSV:EDU_audd,medium,danish,,
EDU_audd_7586,EDU,audd,7586,"Biology, cand.scient.","Biology, cand.scient.","Biology, cand.scient.",CSV:EDU_audd,medium,danish,,
EDU_audd_5176,EDU,audd,5176,"Optometrist, prof.bach.","Optometrist, prof.bach.","Optometrist, prof.bach.",CSV:EDU_audd,medium,danish,,
EDU_audd_6665,EDU,audd,6665,"Journalistik, bach.","Journalistik, bach.","Journalistik, bach.",CSV:EDU_audd,medium,danish,,
EDU_audd_7410,EDU,audd,7410,"Antropologi, bach.","Antropologi, bach.","Antropologi, bach.",CSV:EDU_audd,medium,danish,,
EDU_audd_7394,EDU,audd,7394,"Antropologi, cand.scient.anth.","Antropologi, cand.scient.anth.","Antropologi, cand.scient.anth.",CSV:EDU_audd,medium,danish,,
EDU_audd_3433,EDU,audd,3433,"Dansk, bach.","Dansk, bach.","Dansk, bach.",CSV:EDU_audd,medium,danish,,
EDU_audd_3472,EDU,audd,3472,"Litteraturvidenskab, cand.mag.","Litteraturvidenskab, cand.mag.","Litteraturvidenskab, cand.mag.",CSV:EDU_audd,medium,danish,,
EDU_audd_4902,EDU,audd,4902,"Detail, dameekvipering","Detail, dameekvipering","Retail, women's clothing and accessories",CSV:EDU_audd,medium,danish,,
EDU_audd_3290,EDU,audd,3290,"Design (overbygning), prof.bach.","Design (overbygning), prof.bach.","Design (overbygning), prof.bach.",CSV:EDU_audd,medium,danish,,
EDU_audd_7475,EDU,audd,7475,"Dansk, cand.mag.","Dansk, cand.mag.","Dansk, cand.mag.",CSV:EDU_audd,medium,danish,,
EDU_audd_7469,EDU,audd,7469,"Biology, cand.scient.","Biology, cand.scient.","Biology, cand.scient.",CSV:EDU_audd,medium,danish,,
EDU_audd_4916,EDU,audd,4916,"Detail, sport og camping","Detail, sport og camping","Retail, sports and camping",CSV:EDU_audd,medium,danish,,
EDU_audd_7434,EDU,audd,7434,"Sociologi, bach.","Sociologi, bach.","Sociologi, bach.",CSV:EDU_audd,medium,danish,,
EDU_audd_7487,EDU,audd,7487,"Sociologi, cand.scient.soc","Sociologi, cand.scient.soc","Sociologi, cand.scient.soc",CSV:EDU_audd,medium,danish,,
EDU_audd_4271,EDU,audd,4271,Brolægger,Brolægger,Bricklayer,CSV:EDU_audd,medium,danish,,
EDU_audd_4234,EDU,audd,4234,Automontør,Automontør,Auto mechanic,CSV:EDU_audd,medium,danish,,
EDU_audd_5286,EDU,audd,5286,"Business analytics, cand.polyt.","Business analytics, cand.polyt.","Business analytics, cand.polyt.",CSV:EDU_audd,medium,danish,,
EDU_audd_3439,EDU,audd,3439,"Psykologi, bach.","Psykologi, bach.","Psykologi, bach.",CSV:EDU_audd,medium,danish,,
EDU_audd_3476,EDU,audd,3476,"Psykologi, cand.psych.","Psykologi, cand.psych.","Psykologi, cand.psych.",CSV:EDU_audd,medium,danish,,
EDU_audd_5791,EDU,audd,5791,"Dansk tegnsprog og tolkning, prof.bach.","Dansk tegnsprog og tolkning, prof.bach.","Danish sign language and interpretation, prof.bach.",CSV:EDU_audd,medium,danish,,
EDU_audd_4678,EDU,audd,4678,Lager- og logistikoperatør,Lager- og logistikoperatør,Warehouse and logistics operator,CSV:EDU_audd,medium,danish,,
EDU_audd_4224,EDU,audd,4224,Værktøjsmager,Værktøjsmager,Toolmaker,CSV:EDU_audd,medium,danish,,
EDU_audd_6528,EDU,audd,6528,"Arkæologi forhistorisk, bach.","Arkæologi forhistorisk, bach.","Prehistoric archaeology, bach.",CSV:EDU_audd,medium,danish,,
EDU_audd_6729,EDU,audd,6729,"Arkæologi forhistorisk, cand.mag.","Arkæologi forhistorisk, cand.mag.","Prehistoric archaeology, cand.mag.",CSV:EDU_audd,medium,danish,,
EDU_audd_7322,EDU,audd,7322,"Market and Management Anthropology, bach.","Market and Management Anthropology, bach.","Market and Management Anthropology, bach.",CSV:EDU_audd,medium,danish,,
EDU_audd_3190,EDU,audd,3190,"Ledelse,fødevarer og service, prof.bach.","Ledelse,fødevarer og service, prof.bach.","Leadership, food products and services, prof.bach.",CSV:EDU_audd,medium,danish,,
EDU_audd_3113,EDU,audd,3113,"Operations and Innivation Management, cand.scient.tech.","Operations and Innivation Management, cand.scient.tech.","Operations and Innovation Management, cand.scient.tech.",CSV:EDU_audd,medium,danish,,
EDU_audd_7603,EDU,audd,7603,"Uddannelsesvidenskab, cand.soc.","Uddannelsesvidenskab, cand.soc.","Uddannelsesvidenskab, cand.soc.",CSV:EDU_audd,medium,danish,,
EDU_audd_3197,EDU,audd,3197,"Kommunikation og trend (overbygning), prof.bach.","Kommunikation og trend (overbygning), prof.bach.","Communication and trends (overlay), prof.bach.",CSV:EDU_audd,medium,danish,,
EDU_audd_7680,EDU,audd,7680,"Energi, ing.bach.","Energi, ing.bach.","Energi, ing.bach.",CSV:EDU_audd,medium,danish,,
EDU_audd_3127,EDU,audd,3127,"Energy Engineering, cand.polyt.","Energy Engineering, cand.polyt.","Energy Engineering, cand.polyt.",CSV:EDU_audd,medium,danish,,
EDU_audd_7590,EDU,audd,7590,"Revision, cand.merc.aud.","Revision, cand.merc.aud.","Auditing, cand.merc.aud.",CSV:EDU_audd,medium,danish,,
EDU_audd_4622,EDU,audd,4622,"Anlægsgartner, anlægsteknik","Anlægsgartner, anlægsteknik","Site carpenter, site technology",CSV:EDU_audd,medium,danish,,
EDU_audd_7508,EDU,audd,7508,"Maskinteknik, ing.prof.bach.","Maskinteknik, ing.prof.bach.","Mechanical Engineering, ing.prof.bach.",CSV:EDU_audd,medium,danish,,
EDU_audd_8311,EDU,audd,8311,"Mechatronics, cand.polyt.","Mechatronics, cand.polyt.","Mechatronics, cand.polyt.",CSV:EDU_audd,medium,danish,,
EDU_audd_4497,EDU,audd,4497,Gulvlægger,Gulvlægger,Floor layer,CSV:EDU_audd,medium,danish,,
EDU_audd_7435,EDU,audd,7435,"Psykologi, bach.","Psykologi, bach.","Psykologi, bach.",CSV:EDU_audd,medium,danish,,
EDU_audd_7490,EDU,audd,7490,"Psykologi, cand.psych.","Psykologi, cand.psych.","Psykologi, cand.psych.",CSV:EDU_audd,medium,danish,,
EDU_audd_5473,EDU,audd,5473,"E-handel (overbygning), prof.bach.","E-handel (overbygning), prof.bach.","E-commerce (overlay), prof.bach.",CSV:EDU_audd,medium,danish,,
EDU_audd_2511,EDU,audd,2511,"11. klasse, efterskole","11. klasse, efterskole","11th grade, secondary school",CSV:EDU_audd,medium,danish,,
EDU_audd_6033,EDU,audd,6033,"Datalogi, cand.scient.","Datalogi, cand.scient.","Datalogi, cand.scient.",CSV:EDU_audd,medium,danish,,
EDU_audd_5234,EDU,audd,5234,"Designteknolog, marketing","Designteknolog, marketing","Designteknolog, marketing",CSV:EDU_audd,medium,danish,,
EDU_audd_8152,EDU,audd,8152,"Bioteknologi (NAT), bach.","Bioteknologi (NAT), bach.","Bioteknologi (NAT), bach.",CSV:EDU_audd,medium,danish,,
EDU_audd_8231,EDU,audd,8231,"Biotechnology, cand.scient.","Biotechnology, cand.scient.","Biotechnology, cand.scient.",CSV:EDU_audd,medium,danish,,
EDU_audd_7407,EDU,audd,7407,"Datalogi, bach.","Datalogi, bach.","Datalogi, bach.",CSV:EDU_audd,medium,danish,,
EDU_audd_7462,EDU,audd,7462,"Computer Science, cand.scient.","Computer Science, cand.scient.","Computer Science, cand.scient.",CSV:EDU_audd,medium,danish,,
EDU_audd_7626,EDU,audd,7626,"Pædagogisk antropologi, cand.pæd.","Pædagogisk antropologi, cand.pæd.","Pedagogical anthropology, cand.ped.",CSV:EDU_audd,medium,danish,,
EDU_audd_1107,EDU,audd,1107,7. klasse,7. klasse,7th grade,CSV:EDU_audd,medium,danish,,
EDU_audd_3451,EDU,audd,3451,"Economics and Business Administration, cand.merc.","Economics and Business Administration, cand.merc.","Economics and Business Administration, cand.merc.",CSV:EDU_audd,medium,danish,,
EDU_audd_5065,EDU,audd,5065,"IT-teknolog, elektronik","IT-teknolog, elektronik","IT technology, electronics",CSV:EDU_audd,medium,danish,,
EDU_audd_3184,EDU,audd,3184,"It og elektronik (overbygning), prof.bach.","It og elektronik (overbygning), prof.bach.","IT and electronics (overlay), prof.bach.",CSV:EDU_audd,medium,danish,,
EDU_audd_4691,EDU,audd,4691,Dyrepasserassistent,Dyrepasserassistent,Dyrepasserassistent,CSV:EDU_audd,medium,danish,,
EDU_audd_3240,EDU,audd,3240,Bank og realkredit,Bank og realkredit,Banking and real estate credit,CSV:EDU_audd,medium,danish,,
EDU_audd_7901,EDU,audd,7901,"Bæredygtigt design, ing.bach.","Bæredygtigt design, ing.bach.","Sustainable design, ing.bach.",CSV:EDU_audd,medium,danish,,
EDU_audd_8315,EDU,audd,8315,"Sustainable Design, cand.polyt.","Sustainable Design, cand.polyt.","Sustainable Design, cand.polyt.",CSV:EDU_audd,medium,danish,,
EDU_audd_7543,EDU,audd,7543,"Økonomi, bach.","Økonomi, bach.","Economics, bach.",CSV:EDU_audd,medium,danish,,
EDU_audd_7574,EDU,audd,7574,"Economics, cand.oecon.","Economics, cand.oecon.","Economics, cand.oecon.",CSV:EDU_audd,medium,danish,,
EDU_audd_1102,EDU,audd,1102,2. klasse,2. klasse,2nd grade,CSV:EDU_audd,medium,danish,,
EDU_audd_7966,EDU,audd,7966,"Miljøteknologi, ing.bach.","Miljøteknologi, ing.bach.","Environmental technology, ing.bach.",CSV:EDU_audd,medium,danish,,
EDU_audd_6736,EDU,audd,6736,"Environmental Engineering, cand.polyt.","Environmental Engineering, cand.polyt.","Environmental Engineering, cand.polyt.",CSV:EDU_audd,medium,danish,,
EDU_audd_5268,EDU,audd,5268,"It og økonomi, ing.prof.bach.","It og økonomi, ing.prof.bach.","IT and economics, ing.prof.bach.",CSV:EDU_audd,medium,danish,,
EDU_audd_5487,EDU,audd,5487,"TV- og medietilrettelæggelse, prof.bach.","TV- og medietilrettelæggelse, prof.bach.","Television and Media Accessibility, prof.bach.",CSV:EDU_audd,medium,danish,,
EDU_audd_7448,EDU,audd,7448,"Geologi/Geologi-Geoscience, bach.","Geologi/Geologi-Geoscience, bach.","Geology/Geology-Geoscience, bach.",CSV:EDU_audd,medium,danish,,
EDU_audd_7498,EDU,audd,7498,"Geology-Geoscience, cand.scient.","Geology-Geoscience, cand.scient.","Geology-Geoscience, cand.scient.",CSV:EDU_audd,medium,danish,,
EDU_audd_7450,EDU,audd,7450,"Geografi/Geografi og geoinformatik, bach.","Geografi/Geografi og geoinformatik, bach.","Geography/Geography and Geoinformatics, bach.",CSV:EDU_audd,medium,danish,,
EDU_audd_7470,EDU,audd,7470,"Geography/Geography and Geoinformatics, cand.scient.","Geography/Geography and Geoinformatics, cand.scient.","Geography/Geography and Geoinformatics, cand.scient.",CSV:EDU_audd,medium,danish,,
EDU_audd_7606,EDU,audd,7606,"Religion studier/Religionsvidenskab, cand.mag.","Religion studier/Religionsvidenskab, cand.mag.","Religion studier/Religionsvidenskab, cand.mag.",CSV:EDU_audd,medium,danish,,
EDU_audd_6640,EDU,audd,6640,"Teater- og performancestudier, bach.","Teater- og performancestudier, bach.","Theater and Performance Studies, bach.",CSV:EDU_audd,medium,danish,,
EDU_audd_7439,EDU,audd,7439,"Odontologi, bach.","Odontologi, bach.","Odontologi, bach.",CSV:EDU_audd,medium,danish,,
EDU_audd_7493,EDU,audd,7493,"Odontologi, cand.odont.","Odontologi, cand.odont.","Odontologi, cand.odont.",CSV:EDU_audd,medium,danish,,
EDU_audd_7419,EDU,audd,7419,"Musik/Musikvidenskab, bach.","Musik/Musikvidenskab, bach.","Music/Music Science, bach.",CSV:EDU_audd,medium,danish,,
EDU_audd_7474,EDU,audd,7474,"Musik/Musikvidenskab, cand.mag.","Musik/Musikvidenskab, cand.mag.","Musik/Musikvidenskab, cand.mag.",CSV:EDU_audd,medium,danish,,
EDU_audd_4802,EDU,audd,4802,"HA almen erhvervsøkonomi, bach.","HA almen erhvervsøkonomi, bach.","General business administration, bach.",CSV:EDU_audd,medium,danish,,
EDU_audd_7627,EDU,audd,7627,"Pædagogisk psykologi, cand.pæd.","Pædagogisk psykologi, cand.pæd.","Educational Psychology, cand.pæd.",CSV:EDU_audd,medium,danish,,
EDU_audd_1891,EDU,audd,1891,"1.g, pre-IB","1.g, pre-IB","1.g, pre-IB",CSV:EDU_audd,medium,danish,,
EDU_audd_1892,EDU,audd,1892,"2.g, IB år 1","2.g, IB år 1","2nd year, IB year 1",CSV:EDU_audd,medium,danish,,
EDU_audd_1893,EDU,audd,1893,"3.g, IB år 2","3.g, IB år 2","3rd year, IB year 2",CSV:EDU_audd,medium,danish,,
EDU_audd_3239,EDU,audd,3239,"Salgsassistent , køkken og bad","Salgsassistent , køkken og bad","Sales Assistant, Kitchen and Bath",CSV:EDU_audd,medium,danish,,
EDU_audd_3408,EDU,audd,3408,"Maskinteknik, ing.prof.bach.","Maskinteknik, ing.prof.bach.","Mechanical Engineering, ing.prof.bach.",CSV:EDU_audd,medium,danish,,
EDU_audd_4215,EDU,audd,4215,Lastvognsmekaniker,Lastvognsmekaniker,Lastvognsmekaniker,CSV:EDU_audd,medium,danish,,
EDU_audd_5163,EDU,audd,5163,"Jordbrugsteknolog, landskab og anlæg","Jordbrugsteknolog, landskab og anlæg","Agricultural Technology, Landscape and Design",CSV:EDU_audd,medium,danish,,
EDU_audd_5177,EDU,audd,5177,Farmakonom,Farmakonom,Farmakonom,CSV:EDU_audd,medium,danish,,
EDU_audd_3441,EDU,audd,3441,"Folkesundhedsvidenskab, bach.","Folkesundhedsvidenskab, bach.","Folkesundhedsvidenskab, bach.",CSV:EDU_audd,medium,danish,,
EDU_audd_7501,EDU,audd,7501,"Bioteknologi, ing.prof.bach.","Bioteknologi, ing.prof.bach.","Biotechnology, prof.bach.",CSV:EDU_audd,medium,danish,,
EDU_audd_5273,EDU,audd,5273,"Biotechnology and Chemical Engineering, cand.polyt.","Biotechnology and Chemical Engineering, cand.polyt.","Biotechnology and Chemical Engineering, cand.polyt.",CSV:EDU_audd,medium,danish,,
EDU_audd_3304,EDU,audd,3304,"Erhvervsøkonomi, bach.","Erhvervsøkonomi, bach.","Business Administration, bach.",CSV:EDU_audd,medium,danish,,
EDU_audd_3483,EDU,audd,3483,"Global Management and Manufacturing, ing.prof.bach.","Global Management and Manufacturing, ing.prof.bach.","Global Management and Manufacturing, ing.prof.bach.",CSV:EDU_audd,medium,danish,,
EDU_audd_5417,EDU,audd,5417,"Veterinær- jordbrugsvidenskab, ph.d.","Veterinær- jordbrugsvidenskab, ph.d.","Veterinary and Agricultural Science, ph.d.",CSV:EDU_audd,medium,danish,,
EDU_audd_5476,EDU,audd,5476,"Sportsmanagement (overbygning), prof.bach.","Sportsmanagement (overbygning), prof.bach.","Sportsmanagement (overbygning), prof.bach.",CSV:EDU_audd,medium,danish,,
EDU_audd_3431,EDU,audd,3431,"Historie, bach.","Historie, bach.","Historie, bach.",CSV:EDU_audd,medium,danish,,
EDU_audd_3470,EDU,audd,3470,"Historie, cand.mag.","Historie, cand.mag.","Historie, cand.mag.",CSV:EDU_audd,medium,danish,,
EDU_audd_6538,EDU,audd,6538,"Kommunikation og IT, bach.","Kommunikation og IT, bach.","Communication and IT, bach.",CSV:EDU_audd,medium,danish,,
EDU_audd_6742,EDU,audd,6742,"Kommunikation og IT, cand.it.","Kommunikation og IT, cand.it.","Communication and IT, cand.it.",CSV:EDU_audd,medium,danish,,
EDU_audd_7688,EDU,audd,7688,"Biologi, bach.","Biologi, bach.","Biologi, bach.",CSV:EDU_audd,medium,danish,,
EDU_audd_8200,EDU,audd,8200,"Biologi, cand.scient.","Biologi, cand.scient.","Biologi, cand.scient.",CSV:EDU_audd,medium,danish,,
EDU_audd_3429,EDU,audd,3429,"Engelsk, bach.","Engelsk, bach.","Engelsk, bach.",CSV:EDU_audd,medium,danish,,
EDU_audd_7601,EDU,audd,7601,"American Studies, cand.mag.","American Studies, cand.mag.","American Studies, cand.mag.",CSV:EDU_audd,medium,danish,,
EDU_audd_7532,EDU,audd,7532,"Historie, bach.","Historie, bach.","Historie, bach.",CSV:EDU_audd,medium,danish,,
EDU_audd_7604,EDU,audd,7604,"Historie, cand.mag.","Historie, cand.mag.","Historie, cand.mag.",CSV:EDU_audd,medium,danish,,
EDU_audd_6679,EDU,audd,6679,"Designkultur med rum og æstetik, bach.","Designkultur med rum og æstetik, bach.","Design Culture with Space and Aesthetics, bach.",CSV:EDU_audd,medium,danish,,
EDU_audd_5285,EDU,audd,5285,"Nordisk urban planlægning, cand.soc.","Nordisk urban planlægning, cand.soc.","Nordic Urban Planning, cand.soc.",CSV:EDU_audd,medium,danish,,
EDU_audd_3424,EDU,audd,3424,"International virksomhedskommunikation, engelsk, bach.","International virksomhedskommunikation, engelsk, bach.","International Corporate Communication, English, bach.",CSV:EDU_audd,medium,danish,,
EDU_audd_5779,EDU,audd,5779,"Human resource management, cand.soc.","Human resource management, cand.soc.","Human resource management, cand.soc.",CSV:EDU_audd,medium,danish,,
EDU_audd_4679,EDU,audd,4679,Lagermedhjælper,Lagermedhjælper,Warehouse Assistant,CSV:EDU_audd,medium,danish,,
EDU_audd_4659,EDU,audd,4659,"Chauffør, renovation","Chauffør, renovation","Driver, Renovation",CSV:EDU_audd,medium,danish,,
EDU_audd_4903,EDU,audd,4903,"Detail, herreekvipering","Detail, herreekvipering","Detail, horse riding",CSV:EDU_audd,medium,danish,,
EDU_audd_3278,EDU,audd,3278,"Finansielle forretninger, prof.bach.","Finansielle forretninger, prof.bach.","Finansielle forretninger, prof.bach.",CSV:EDU_audd,medium,danish,,
EDU_audd_7698,EDU,audd,7698,"IT, læring og organisatorisk omstilling, cand.it.","IT, læring og organisatorisk omstilling, cand.it.","IT, learning and organizational change, cand.it.",CSV:EDU_audd,medium,danish,,
EDU_audd_4985,EDU,audd,4985,"Kontor, rejsebranche","Kontor, rejsebranche","Kontor, rejsebranche",CSV:EDU_audd,medium,danish,,
EDU_audd_6656,EDU,audd,6656,"Global business og teknologi, ing.prof.bach.","Global business og teknologi, ing.prof.bach.","Global business and technology, ing.prof.bach.",CSV:EDU_audd,medium,danish,,
EDU_audd_5309,EDU,audd,5309,"Fødevaresikkerhed og -kvalitet, ing.prof.bach.","Fødevaresikkerhed og -kvalitet, ing.prof.bach.","Food safety and quality, ing.prof.bach.",CSV:EDU_audd,medium,danish,,
EDU_audd_3132,EDU,audd,3132,"Food Technology, cand.polyt.","Food Technology, cand.polyt.","Food Technology, cand.polyt.",CSV:EDU_audd,medium,danish,,
EDU_audd_7691,EDU,audd,7691,"Bioteknologi, ing.bach.","Bioteknologi, ing.bach.","Biotechnology, ing.bach.",CSV:EDU_audd,medium,danish,,
EDU_audd_7695,EDU,audd,7695,"Biotechnology, cand.polyt.","Biotechnology, cand.polyt.","Biotechnology, cand.polyt.",CSV:EDU_audd,medium,danish,,
EDU_audd_3428,EDU,audd,3428,"Medievidenskab, bach.","Medievidenskab, bach.","Medievidenskab, bach.",CSV:EDU_audd,medium,danish,,
EDU_audd_3100,EDU,audd,3100,"Informationsvidenskab, bach.","Informationsvidenskab, bach.","Informationsvidenskab, bach.",CSV:EDU_audd,medium,danish,,
EDU_audd_7587,EDU,audd,7587,"Informationsvidenskab, cand.it.","Informationsvidenskab, cand.it.","Informationsvidenskab, cand.it.",CSV:EDU_audd,medium,danish,,
EDU_audd_3084,EDU,audd,3084,"Marketing and management communication, bach.","Marketing and management communication, bach.","Marketing and management communication, bach.",CSV:EDU_audd,medium,danish,,
EDU_audd_7086,EDU,audd,7086,"Jura, cand.soc.","Jura, cand.soc.","Jura, cand.soc.",CSV:EDU_audd,medium,danish,,
EDU_audd_7942,EDU,audd,7942,"IT, Communication and New Media, ing.bach.","IT, Communication and New Media, ing.bach.","IT, Communication and New Media, ing.bach.",CSV:EDU_audd,medium,danish,,
EDU_audd_5502,EDU,audd,5502,"Sundhedsfremme og Diætetik, prof.bach.","Sundhedsfremme og Diætetik, prof.bach.","Health promotion and dietetics, prof.bach.",CSV:EDU_audd,medium,danish,,
EDU_audd_7727,EDU,audd,7727,"Læring og forandringsprocesser, cand.mag.","Læring og forandringsprocesser, cand.mag.","Learning and change processes, cand.mag.",CSV:EDU_audd,medium,danish,,
EDU_audd_7189,EDU,audd,7189,"Sygepleje, cand.cur.","Sygepleje, cand.cur.","Sygepleje, cand.cur.",CSV:EDU_audd,medium,danish,,
EDU_audd_6654,EDU,audd,6654,"Bygningsdesign, ing.prof.bach.","Bygningsdesign, ing.prof.bach.","Building design, ing.prof.bach.",CSV:EDU_audd,medium,danish,,
EDU_audd_7476,EDU,audd,7476,"Pædagogik, cand.mag.","Pædagogik, cand.mag.","Pedagogy, cand.mag.",CSV:EDU_audd,medium,danish,,
EDU_audd_3202,EDU,audd,3202,"Entreprenørskab (overbygning), prof.bach.","Entreprenørskab (overbygning), prof.bach.","Entrepreneurship (overlay), prof.bach.",CSV:EDU_audd,medium,danish,,
EDU_audd_5434,EDU,audd,5434,"Tandplejer, prof.bach.","Tandplejer, prof.bach.","Tandplejer, prof.bach.",CSV:EDU_audd,medium,danish,,
EDU_audd_7912,EDU,audd,7912,"Teknisk biomedicin, ing.bach.","Teknisk biomedicin, ing.bach.","Technical biomedicine, ing.bach.",CSV:EDU_audd,medium,danish,,
EDU_audd_4734,EDU,audd,4734,Krop og stil,Krop og stil,Body and form,CSV:EDU_audd,medium,danish,,
EDU_audd_7612,EDU,audd,7612,"Psykologi, cand.psych.","Psykologi, cand.psych.","Psykologi, cand.psych.",CSV:EDU_audd,medium,danish,,
EDU_audd_1106,EDU,audd,1106,6. klasse,6. klasse,6th grade,CSV:EDU_audd,medium,danish,,
EDU_audd_6580,EDU,audd,6580,"Litteraturhistorie, bach.","Litteraturhistorie, bach.","Litteraturhistorie, bach.",CSV:EDU_audd,medium,danish,,
EDU_audd_6781,EDU,audd,6781,"Litteraturhistorie, cand.mag.","Litteraturhistorie, cand.mag.","Litteraturhistorie, cand.mag.",CSV:EDU_audd,medium,danish,,
EDU_audd_4275,EDU,audd,4275,Skiltetekniker,Skiltetekniker,Skiltetekniker,CSV:EDU_audd,medium,danish,,
EDU_audd_7675,EDU,audd,7675,"Samfundsfag, bach.","Samfundsfag, bach.","Samfundsfag, bach.",CSV:EDU_audd,medium,danish,,
EDU_audd_4641,EDU,audd,4641,"Skov- og naturtekniker, skov- og naturpleje","Skov- og naturtekniker, skov- og naturpleje","Forest and nature technician, forest and nature care",CSV:EDU_audd,medium,danish,,
EDU_audd_7554,EDU,audd,7554,"Kemi, bach.","Kemi, bach.","Kemi, bach.",CSV:EDU_audd,medium,danish,,
EDU_audd_7581,EDU,audd,7581,"Chemistry, cand.scient.","Chemistry, cand.scient.","Chemistry, cand.scient.",CSV:EDU_audd,medium,danish,,
EDU_audd_4981,EDU,audd,4981,"Kontor, all round","Kontor, all round","Kontor, all round",CSV:EDU_audd,medium,danish,,
EDU_audd_4636,EDU,audd,4636,Jordbrugsmaskinfører,Jordbrugsmaskinfører,Farm machinery operator,CSV:EDU_audd,medium,danish,,
EDU_audd_3171,EDU,audd,3171,"Cognitive Science, bach.","Cognitive Science, bach.","Cognitive Science, bach.",CSV:EDU_audd,medium,danish,,
EDU_audd_2492,EDU,audd,2492,Kombineret ungdomsuddannelse,Kombineret ungdomsuddannelse,Kombineret ungdomsuddannelse,CSV:EDU_audd,medium,danish,,
EDU_audd_7900,EDU,audd,7900,"Matematik-teknologi, ing.bach.","Matematik-teknologi, ing.bach.","Mathematics-technology, ing.bach.",CSV:EDU_audd,medium,danish,,
EDU_audd_8309,EDU,audd,8309,"Matematik-teknologi, cand.polyt.","Matematik-teknologi, cand.polyt.","Mathematics-technology, cand.polyt.",CSV:EDU_audd,medium,danish,,
EDU_audd_4651,EDU,audd,4651,Kranfører,Kranfører,Crane operator,CSV:EDU_audd,medium,danish,,
EDU_audd_7678,EDU,audd,7678,"Medicin, bach.","Medicin, bach.","Medicin, bach.",CSV:EDU_audd,medium,danish,,
EDU_audd_5712,EDU,audd,5712,"HA(fil.) erhvervsøkonomi-filosofi, bach.","HA(fil.) erhvervsøkonomi-filosofi, bach.","BA(phil.) business economics-philosophy, bach.",CSV:EDU_audd,medium,danish,,
EDU_audd_5463,EDU,audd,5463,"Informationsstudier, bach.","Informationsstudier, bach.","Informationsstudier, bach.",CSV:EDU_audd,medium,danish,,
EDU_audd_3242,EDU,audd,3242,Skadesforskikring,Skadesforskikring,Damage Assessment,CSV:EDU_audd,medium,danish,,
EDU_audd_6660,EDU,audd,6660,"Elektroteknologi, ing.bach.","Elektroteknologi, ing.bach.","Electrical engineering, ing.bach.",CSV:EDU_audd,medium,danish,,
EDU_audd_6748,EDU,audd,6748,"Electrical Engineering, cand.polyt.","Electrical Engineering, cand.polyt.","Electrical Engineering, cand.polyt.",CSV:EDU_audd,medium,danish,,
EDU_audd_4909,EDU,audd,4909,"Detail, butiksmedhjælper","Detail, butiksmedhjælper","Retail, store assistant",CSV:EDU_audd,medium,danish,,
EDU_audd_5784,EDU,audd,5784,"Politisk kommunikation og ledelse, cand.soc.","Politisk kommunikation og ledelse, cand.soc.","Political Communication and Leadership, cand.soc.",CSV:EDU_audd,medium,danish,,
EDU_audd_7637,EDU,audd,7637,"Bioinformatics, cand.scient.","Bioinformatics, cand.scient.","Bioinformatics, cand.scient.",CSV:EDU_audd,medium,danish,,
EDU_audd_3443,EDU,audd,3443,"Kemi, bach.","Kemi, bach.","Kemi, bach.",CSV:EDU_audd,medium,danish,,
EDU_audd_3456,EDU,audd,3456,"Chemistry, cand.scient.","Chemistry, cand.scient.","Chemistry, cand.scient.",CSV:EDU_audd,medium,danish,,
EDU_audd_7936,EDU,audd,7936,"Design og innovation, ing.bach.","Design og innovation, ing.bach.","Design and Innovation, ing.bach.",CSV:EDU_audd,medium,danish,,
EDU_audd_3110,EDU,audd,3110,"Design and Innovation, cand.polyt.","Design and Innovation, cand.polyt.","Design and Innovation, cand.polyt.",CSV:EDU_audd,medium,danish,,
EDU_audd_8701,EDU,audd,8701,"Arbejdsliv, cand.soc.","Arbejdsliv, cand.soc.","Labour Studies, cand.soc.",CSV:EDU_audd,medium,danish,,
EDU_audd_4221,EDU,audd,4221,"Smed, rustfast","Smed, rustfast","Smed, rustfast",CSV:EDU_audd,medium,danish,,
EDU_audd_4810,EDU,audd,4810,"Erhvervsøkonomi og jura, cand.merc.jur.","Erhvervsøkonomi og jura, cand.merc.jur.","Business Administration and Law, cand.merc.jur.",CSV:EDU_audd,medium,danish,,
EDU_audd_7510,EDU,audd,7510,"Bygningsdesign, ing.prof.bach.","Bygningsdesign, ing.prof.bach.","Building design, ing.prof.bach.",CSV:EDU_audd,medium,danish,,
EDU_audd_8365,EDU,audd,8365,"Architectural Engineering, cand.polyt.","Architectural Engineering, cand.polyt.","Architectural Engineering, cand.polyt.",CSV:EDU_audd,medium,danish,,
EDU_audd_3426,EDU,audd,3426,"International virksomhedskommunikation, engelsk, bach.","International virksomhedskommunikation, engelsk, bach.","International Corporate Communication, English, bach.",CSV:EDU_audd,medium,danish,,
EDU_audd_5129,EDU,audd,5129,Autoteknolog,Autoteknolog,Autoteknolog,CSV:EDU_audd,medium,danish,,
EDU_audd_6622,EDU,audd,6622,"Mellemøstens sprog og samfund, bach.","Mellemøstens sprog og samfund, bach.","Middle Eastern Languages and Societies, bach.",CSV:EDU_audd,medium,danish,,
EDU_audd_6816,EDU,audd,6816,"Mellemøstens sprog og samfund, cand.mag.","Mellemøstens sprog og samfund, cand.mag.","Middle Eastern Languages and Societies, cand.mag.",CSV:EDU_audd,medium,danish,,
EDU_audd_8410,EDU,audd,8410,"Veterinærmedicin (KU), bach.","Veterinærmedicin (KU), bach.","Veterinary Medicine (University of Copenhagen), bach.",CSV:EDU_audd,medium,danish,,
EDU_audd_5415,EDU,audd,5415,"Veterinærmedicin, cand.med.vet.","Veterinærmedicin, cand.med.vet.","Veterinary Medicine, cand.med.vet.",CSV:EDU_audd,medium,danish,,
EDU_audd_5736,EDU,audd,5736,"Fotojournalist, prof.bach.","Fotojournalist, prof.bach.","Photojournalism, prof.bach.",CSV:EDU_audd,medium,danish,,
EDU_audd_1105,EDU,audd,1105,5. klasse,5. klasse,5th Grade,CSV:EDU_audd,medium,danish,,
EDU_audd_4548,EDU,audd,4548,Plastmager,Plastmager,Plastmager,CSV:EDU_audd,medium,danish,,
EDU_audd_5938,EDU,audd,5938,"Internat. virksomhedskommunik., engelsk - kommunikation, bach.","Internat. virksomhedskommunik., engelsk - kommunikation, bach.","International Business Communication, English - Communication, bach.",CSV:EDU_audd,medium,danish,,
EDU_audd_6624,EDU,audd,6624,"Elektrisk energiteknologi, ing.prof.bach.","Elektrisk energiteknologi, ing.prof.bach.","Electrical Energy Technology, ing.prof.bach.",CSV:EDU_audd,medium,danish,,
EDU_audd_8306,EDU,audd,8306,"Sustainable Energy Engineering, cand.polyt.","Sustainable Energy Engineering, cand.polyt.","Sustainable Energy Engineering, cand.polyt.",CSV:EDU_audd,medium,danish,,
EDU_audd_6663,EDU,audd,6663,"Bioteknologi, ing.bach.","Bioteknologi, ing.bach.","Biotechnology, ing.bach.",CSV:EDU_audd,medium,danish,,
EDU_audd_6728,EDU,audd,6728,"Biotechnology, cand.polyt.","Biotechnology, cand.polyt.","Biotechnology, cand.polyt.",CSV:EDU_audd,medium,danish,,
EDU_audd_4220,EDU,audd,4220,"Smed, energiteknik","Smed, energiteknik","Smed, energiteknik",CSV:EDU_audd,medium,danish,,
EDU_audd_5499,EDU,audd,5499,"Digital konceptudvikling (overbygning), prof.bach.","Digital konceptudvikling (overbygning), prof.bach.","Digital Concept Development (overlay), prof.bach.",CSV:EDU_audd,medium,danish,,
EDU_audd_7555,EDU,audd,7555,"Fysik, bach.","Fysik, bach.","Fysik, bach.",CSV:EDU_audd,medium,danish,,
EDU_audd_7584,EDU,audd,7584,"Physics, cand.scient.","Physics, cand.scient.","Physics, cand.scient.",CSV:EDU_audd,medium,danish,,
EDU_audd_8258,EDU,audd,8258,"Humanistisk-samfundsvidenskabelig idrætsvidenskab, c.scient.","Humanistisk-samfundsvidenskabelig idrætsvidenskab, c.scient.","Humanities and Social Science Sports Science, c.scient.",CSV:EDU_audd,medium,danish,,
EDU_audd_4449,EDU,audd,4449,Ernæringshjælper,Ernæringshjælper,Nutrition Helper,CSV:EDU_audd,medium,danish,,
EDU_audd_4765,EDU,audd,4765,"Forberedende grunduddannelse (FGU), almen grunduddannelse","Forberedende grunduddannelse (FGU), almen grunduddannelse","Preparatory Basic Education (PBE), General Basic Education",CSV:EDU_audd,medium,danish,,
EDU_audd_4934,EDU,audd,4934,Detailhandelsuddannelse una,Detailhandelsuddannelse una,Retail Education una,CSV:EDU_audd,medium,danish,,
EDU_audd_6576,EDU,audd,6576,"Europæisk business, bach.","Europæisk business, bach.","European Business, bach.",CSV:EDU_audd,medium,danish,,
EDU_audd_4129,EDU,audd,4129,Håndværksbager,Håndværksbager,Craft Baker,CSV:EDU_audd,medium,danish,,
EDU_audd_3121,EDU,audd,3121,"Produkt- og designpsykologi, ing.bach.","Produkt- og designpsykologi, ing.bach.","Product and Design Psychology, ing.bach.",CSV:EDU_audd,medium,danish,,
EDU_audd_3323,EDU,audd,3323,"1.år, HHX 2-årig","1.år, HHX 2-årig","1st Year, HHX 2-year",CSV:EDU_audd,medium,danish,,
EDU_audd_3324,EDU,audd,3324,"2.år, HHX 2-årig","2.år, HHX 2-årig","2nd year, HHX 2-year",CSV:EDU_audd,medium,danish,,
EDU_audd_4479,EDU,audd,4479,Film- og TV-produktionstekniker,Film- og TV-produktionstekniker,Film and TV Production Technician,CSV:EDU_audd,medium,danish,,
EDU_audd_4757,EDU,audd,4757,"Datatekniker, speciale i programmering","Datatekniker, speciale i programmering","Computer Technician, specialization in programming",CSV:EDU_audd,medium,danish,,
EDU_audd_3193,EDU,audd,3193,"Ejendomshandel, prof.bach.","Ejendomshandel, prof.bach.","Ejendomshandel, prof.bach.",CSV:EDU_audd,medium,danish,,
EDU_audd_7585,EDU,audd,7585,"Mathematics-Economics, cand.scient.oecon.","Mathematics-Economics, cand.scient.oecon.","Mathematics-Economics, cand.scient.oecon.",CSV:EDU_audd,medium,danish,,
EDU_audd_7562,EDU,audd,7562,"Idræt/Idræt og sundhed, bach.","Idræt/Idræt og sundhed, bach.","Sports/Sports and Health, bach.",CSV:EDU_audd,medium,danish,,
EDU_audd_3421,EDU,audd,3421,"Datalogi, bach.","Datalogi, bach.","Datalogi, bach.",CSV:EDU_audd,medium,danish,,
EDU_audd_3455,EDU,audd,3455,"Computer Science, cand.scient.","Computer Science, cand.scient.","Computer Science, cand.scient.",CSV:EDU_audd,medium,danish,,
EDU_audd_7417,EDU,audd,7417,"Asienstudier, Kinastudier, bach.","Asienstudier, Kinastudier, bach.","Asienstudier, Kinastudier, bach.",CSV:EDU_audd,medium,danish,,
EDU_audd_3024,EDU,audd,3024,"Business, Language and Culture, cand.merc.int.","Business, Language and Culture, cand.merc.int.","Business, Language and Culture, cand.merc.int.",CSV:EDU_audd,medium,danish,,
EDU_audd_4335,EDU,audd,4335,Bådebygger og skibstømrer,Bådebygger og skibstømrer,Shipbuilder and Deck Officer,CSV:EDU_audd,medium,danish,,
EDU_audd_4549,EDU,audd,4549,Procesoperatør,Procesoperatør,Process Operator,CSV:EDU_audd,medium,danish,,
EDU_audd_3192,EDU,audd,3192,"Forsikring og pension, prof.bach.","Forsikring og pension, prof.bach.","Insurance and Pensions, prof.bach.",CSV:EDU_audd,medium,danish,,
EDU_audd_3412,EDU,audd,3412,"Statskundskab, bach.","Statskundskab, bach.","Statskundskab, bach.",CSV:EDU_audd,medium,danish,,
EDU_audd_3454,EDU,audd,3454,"Statskundskab, cand.scient.pol.","Statskundskab, cand.scient.pol.","Statskundskab, cand.scient.pol.",CSV:EDU_audd,medium,danish,,
EDU_audd_8163,EDU,audd,8163,"Matematik og teknologi, ing.bach.","Matematik og teknologi, ing.bach.","Mathematics and Technology, ing.bach.",CSV:EDU_audd,medium,danish,,
EDU_audd_3231,EDU,audd,3231,"Fødevarer, jordbrug og oplevelser","Fødevarer, jordbrug og oplevelser","Food, Agriculture and Experiences",CSV:EDU_audd,medium,danish,,
EDU_audd_5940,EDU,audd,5940,"Engelsk og organisationskommunikation, bach.","Engelsk og organisationskommunikation, bach.","English and Organizational Communication, bach.",CSV:EDU_audd,medium,danish,,
EDU_audd_3097,EDU,audd,3097,"It-produktudvikling, bach.","It-produktudvikling, bach.","It-produktudvikling, bach.",CSV:EDU_audd,medium,danish,,
EDU_audd_3347,EDU,audd,3347,"IT Product Development, cand.scient.","IT Product Development, cand.scient.","IT Product Development, cand.scient.",CSV:EDU_audd,medium,danish,,
EDU_audd_6795,EDU,audd,6795,"Nordisk sprog og litteratur, cand.mag.","Nordisk sprog og litteratur, cand.mag.","Nordic Language and Literature, cand.mag.",CSV:EDU_audd,medium,danish,,
EDU_audd_5233,EDU,audd,5233,"Designteknolog, business","Designteknolog, business","Design technology, business",CSV:EDU_audd,medium,danish,,
EDU_audd_3200,EDU,audd,3200,"Business (overbygning), prof.bach.","Business (overbygning), prof.bach.","Business (overlay), prof.bach.",CSV:EDU_audd,medium,danish,,
EDU_audd_1104,EDU,audd,1104,4. klasse,4. klasse,4th grade,CSV:EDU_audd,medium,danish,,
EDU_audd_3259,EDU,audd,3259,Produktionsleder,Produktionsleder,Produktionsleder,CSV:EDU_audd,medium,danish,,
EDU_audd_5469,EDU,audd,5469,"Global nutrition and health, prof.bach.","Global nutrition and health, prof.bach.","Global nutrition and health, prof.bach.",CSV:EDU_audd,medium,danish,,
EDU_audd_2490,EDU,audd,2490,Agrarøkonom,Agrarøkonom,Agricultural economist,CSV:EDU_audd,medium,danish,,
EDU_audd_3174,EDU,audd,3174,"Cognitive Science, cand.it.","Cognitive Science, cand.it.","Cognitive Science, cand.it.",CSV:EDU_audd,medium,danish,,
EDU_audd_7621,EDU,audd,7621,"Amerikanske studier, bach.","Amerikanske studier, bach.","Amerikanske studier, bach.",CSV:EDU_audd,medium,danish,,
EDU_audd_5436,EDU,audd,5436,"Integreret design, ing.prof.bach.","Integreret design, ing.prof.bach.","Integrated design, ing.prof.bach.",CSV:EDU_audd,medium,danish,,
EDU_audd_7672,EDU,audd,7672,"Økonomi, bach.","Økonomi, bach.","Economics, bach.",CSV:EDU_audd,medium,danish,,
EDU_audd_1103,EDU,audd,1103,3. klasse,3. klasse,3rd grade,CSV:EDU_audd,medium,danish,,
EDU_audd_7648,EDU,audd,7648,"Software, ing.bach.","Software, ing.bach.","Software, ing.bach.",CSV:EDU_audd,medium,danish,,
EDU_audd_3106,EDU,audd,3106,"Software, cand.polyt.","Software, cand.polyt.","Software, cand.polyt.",CSV:EDU_audd,medium,danish,,
EDU_audd_3122,EDU,audd,3122,"Produktion og konstruktion, ing.bach.","Produktion og konstruktion, ing.bach.","Production and construction, ing.bach.",CSV:EDU_audd,medium,danish,,
EDU_audd_1681,EDU,audd,1681,"2. år, studenterkursus nysproglig","2. år, studenterkursus nysproglig","2nd year, language course new language",CSV:EDU_audd,medium,danish,,
EDU_audd_1523,EDU,audd,1523,"2. år, realkursus 2-årigt","2. år, realkursus 2-årigt","2nd year, real program 2-year",CSV:EDU_audd,medium,danish,,
EDU_audd_5145,EDU,audd,5145,Beskæftigelsesvejleder,Beskæftigelsesvejleder,Employment counselor,CSV:EDU_audd,medium,danish,,
EDU_audd_5636,EDU,audd,5636,"Erhvervssproglig korrespondent, spansk","Erhvervssproglig korrespondent, spansk","Erhvervssproglig korrespondent, spansk",CSV:EDU_audd,medium,danish,,
EDU_audd_5631,EDU,audd,5631,"Erhvervssproglig korrespondent, engelsk","Erhvervssproglig korrespondent, engelsk","Business Correspondence, English",CSV:EDU_audd,medium,danish,,
EDU_audd_4004,EDU,audd,4004,"Handelseksamen, butikslinie","Handelseksamen, butikslinie","Handelseksamen, butikslinie",CSV:EDU_audd,medium,danish,,
EDU_audd_5148,EDU,audd,5148,Sygehjælper,Sygehjælper,Health Care Aide,CSV:EDU_audd,medium,danish,,
EDU_audd_5146,EDU,audd,5146,Plejer,Plejer,Plejer,CSV:EDU_audd,medium,danish,,
EDU_audd_5149,EDU,audd,5149,Plejehjemsassistent,Plejehjemsassistent,Plejehjemsassistent,CSV:EDU_audd,medium,danish,,
EDU_audd_5115,EDU,audd,5115,"Socialpædagog, videreuddannelse","Socialpædagog, videreuddannelse","Social Pedagogy, Further Education",CSV:EDU_audd,medium,danish,,
EDU_audd_2481,EDU,audd,2481,Blomsterdekoratørkursus,Blomsterdekoratørkursus,Floristry Course,CSV:EDU_audd,medium,danish,,
EDU_audd_5169,EDU,audd,5169,Ledende sygeplejerske,Ledende sygeplejerske,Leading Nurse,CSV:EDU_audd,medium,danish,,
EDU_audd_5171,EDU,audd,5171,"Sundheds- og sygeplejerske, videreuddannelse","Sundheds- og sygeplejerske, videreuddannelse","Health and Nursing Care, Further Education",CSV:EDU_audd,medium,danish,,
EDU_audd_5741,EDU,audd,5741,"Psykologi-pædagogik, cand.psyk.pæd. (DPU)","Psykologi-pædagogik, cand.psyk.pæd. (DPU)","Psychology and Pedagogy, cand.psyped. (DPU)",CSV:EDU_audd,medium,danish,,
EDU_audd_5445,EDU,audd,5445,Børnehavepædagog,Børnehavepædagog,Kindergarten Teacher,CSV:EDU_audd,medium,danish,,
EDU_audd_5112,EDU,audd,5112,"Børneforsorgspædagog, almen linie","Børneforsorgspædagog, almen linie","Childcare Pedagogue, General Line",CSV:EDU_audd,medium,danish,,
EDU_audd_5190,EDU,audd,5190,Styrmand (skibsfører),Styrmand (skibsfører),Deck Officer (Master Mariner),CSV:EDU_audd,medium,danish,,
EDU_audd_4080,EDU,audd,4080,Maskinist,Maskinist,Maskinist,CSV:EDU_audd,medium,danish,,
EDU_audd_4082,EDU,audd,4082,Maskinmester (gl.ordning),Maskinmester (gl.ordning),Maskinmester (gl.ordning),CSV:EDU_audd,medium,danish,,
EDU_audd_4083,EDU,audd,4083,"Maskinmester, udvidet","Maskinmester, udvidet","Machine Master, Extended",CSV:EDU_audd,medium,danish,,
EDU_audd_5075,EDU,audd,5075,"Tekstildesign, -håndværk og formidling, prof.bach.","Tekstildesign, -håndværk og formidling, prof.bach.","Textile Design, Craft and Communication, prof.bach.",CSV:EDU_audd,medium,danish,,
EDU_audd_5433,EDU,audd,5433,"Tandlæge, cand.odont.","Tandlæge, cand.odont.","Dentist, cand.odont.",CSV:EDU_audd,medium,danish,,
EDU_audd_5447,EDU,audd,5447,Fritidspædagog,Fritidspædagog,Leisure Pedagogue,CSV:EDU_audd,medium,danish,,
EDU_audd_4001,EDU,audd,4001,"Handelseksamen, almen linie","Handelseksamen, almen linie","Commerce Exam, General Line",CSV:EDU_audd,medium,danish,,
EDU_audd_5017,EDU,audd,5017,"Gas-, vand- og sanitetsmester","Gas-, vand- og sanitetsmester","Gas, Water and Sanitation Master",CSV:EDU_audd,medium,danish,,
EDU_audd_1522,EDU,audd,1522,"1. år, realkursus 2-årigt","1. år, realkursus 2-årigt","1st Year, Real Program 2-year",CSV:EDU_audd,medium,danish,,
EDU_audd_5740,EDU,audd,5740,"Pædagogik, cand.pæd. (DPU)","Pædagogik, cand.pæd. (DPU)","Pedagogy, cand.pæd. (DPU)",CSV:EDU_audd,medium,danish,,
EDU_audd_4222,EDU,audd,4222,Maskinarbejder,Maskinarbejder,Maskinarbejder,CSV:EDU_audd,medium,danish,,
EDU_audd_7101,EDU,audd,7101,"Statskundskab, cand.scient.pol.","Statskundskab, cand.scient.pol.","Statskundskab, cand.scient.pol.",CSV:EDU_audd,medium,danish,,
EDU_audd_7106,EDU,audd,7106,"Samfundsfag, cand.phil.","Samfundsfag, cand.phil.","Social Sciences, cand.phil.",CSV:EDU_audd,medium,danish,,
EDU_audd_7170,EDU,audd,7170,"Medicin, cand.med.","Medicin, cand.med.","Medicine, cand.med.",CSV:EDU_audd,medium,danish,,
EDU_audd_7155,EDU,audd,7155,"Psykologi, cand.psych.","Psykologi, cand.psych.","Psykologi, cand.psych.",CSV:EDU_audd,medium,danish,,
EDU_audd_5113,EDU,audd,5113,Socialpædagog,Socialpædagog,Social Pedagogue,CSV:EDU_audd,medium,danish,,
EDU_audd_5128,EDU,audd,5128,"Socialrådgiver, årskursus","Socialrådgiver, årskursus","Social worker, year course",CSV:EDU_audd,medium,danish,,
EDU_audd_5357,EDU,audd,5357,"Maskin, akademiingeniør","Maskin, akademiingeniør","Machine, engineering graduate",CSV:EDU_audd,medium,danish,,
EDU_audd_2483,EDU,audd,2483,"Gartnerskole, andre kurser","Gartnerskole, andre kurser","Gardening school, other courses",CSV:EDU_audd,medium,danish,,
EDU_audd_5172,EDU,audd,5172,Undervisende sygeplejerske,Undervisende sygeplejerske,Educator nurse,CSV:EDU_audd,medium,danish,,
EDU_audd_2007,EDU,audd,2007,"Befaren matros, afslutningskursus","Befaren matros, afslutningskursus","Deck officer, completion course",CSV:EDU_audd,medium,danish,,
EDU_audd_6182,EDU,audd,6182,"Humanistisk, grunduddannelse/bifag (kand.)","Humanistisk, grunduddannelse/bifag (kand.)","Humanities, basic education/major subject (kand.)",CSV:EDU_audd,medium,danish,,
EDU_audd_8141,EDU,audd,8141,"Geologi/Geologi-geoscience, cand.scient.","Geologi/Geologi-geoscience, cand.scient.","Geologi/Geologi-geoscience, cand.scient.",CSV:EDU_audd,medium,danish,,
EDU_audd_8221,EDU,audd,8221,"Zoologi-biologi-matematik, cand.scient.","Zoologi-biologi-matematik, cand.scient.","Zoology-biology-mathematics, cand.scient.",CSV:EDU_audd,medium,danish,,
EDU_audd_5197,EDU,audd,5197,"Værkmester, fængselsvæsenet","Værkmester, fængselsvæsenet","Master craftsman, prison service",CSV:EDU_audd,medium,danish,,
EDU_audd_5354,EDU,audd,5354,"Svagstrøm, akademiingeniør","Svagstrøm, akademiingeniør","Low voltage, engineering graduate",CSV:EDU_audd,medium,danish,,
EDU_audd_4911,EDU,audd,4911,"Detail, boghandel","Detail, boghandel","Detail, boghandel",CSV:EDU_audd,medium,danish,,
EDU_audd_4065,EDU,audd,4065,Maskintekniker,Maskintekniker,Maskintekniker,CSV:EDU_audd,medium,danish,,
EDU_audd_5300,EDU,audd,5300,"Elektroteknik, teknikumingeniør","Elektroteknik, teknikumingeniør","Electrical engineering, technical college graduate",CSV:EDU_audd,medium,danish,,
EDU_audd_5608,EDU,audd,5608,"Musikledelse, musikpædagog","Musikledelse, musikpædagog","Music Leadership, Music Pedagogy",CSV:EDU_audd,medium,danish,,
EDU_audd_5152,EDU,audd,5152,Social- og sundhedsassistent,Social- og sundhedsassistent,Social and Health Assistant,CSV:EDU_audd,medium,danish,,
EDU_audd_6713,EDU,audd,6713,"English, cand.mag.","English, cand.mag.","English, cand.mag.",CSV:EDU_audd,medium,danish,,
EDU_audd_4199,EDU,audd,4199,Ti teknisk introduktionskursus,Ti teknisk introduktionskursus,Ten Technical Introduction Courses,CSV:EDU_audd,medium,danish,,
EDU_audd_5461,EDU,audd,5461,Bibliotekar,Bibliotekar,Bibliotekar,CSV:EDU_audd,medium,danish,,
EDU_audd_4198,EDU,audd,4198,Hg,Hg,Hg,CSV:EDU_audd,medium,danish,,
EDU_audd_6731,EDU,audd,6731,"Fransk sprog, litteratur og kultur, cand.mag.","Fransk sprog, litteratur og kultur, cand.mag.","French Language, Literature and Culture, cand.mag.",CSV:EDU_audd,medium,danish,,
EDU_audd_2015,EDU,audd,2015,Kystskipper,Kystskipper,Kystskipper,CSV:EDU_audd,medium,danish,,
EDU_audd_2461,EDU,audd,2461,"Driftlederkursus, udvidet 5 mdr.","Driftlederkursus, udvidet 5 mdr.","Operations Management Course, Expanded 5 Years",CSV:EDU_audd,medium,danish,,
EDU_audd_5312,EDU,audd,5312,"Maskin, mekanisk teknologi, teknikumingeniør","Maskin, mekanisk teknologi, teknikumingeniør","Machine, Mechanical Technology, Engineering Diploma",CSV:EDU_audd,medium,danish,,
EDU_audd_7804,EDU,audd,7804,"Norrøn filologi, cand.mag.","Norrøn filologi, cand.mag.","Nordic Philology, cand.mag.",CSV:EDU_audd,medium,danish,,
EDU_audd_7363,EDU,audd,7363,"Kultursociologi, mag.art.","Kultursociologi, mag.art.","Kultursociologi, mag.art.",CSV:EDU_audd,medium,danish,,
EDU_audd_5470,EDU,audd,5470,"Arkitekt, cand.arch.","Arkitekt, cand.arch.","Arkitekt, cand.arch.",CSV:EDU_audd,medium,danish,,
EDU_audd_5361,EDU,audd,5361,"Bygning, civilingeniør","Bygning, civilingeniør","Building, Civil Engineer",CSV:EDU_audd,medium,danish,,
EDU_audd_1683,EDU,audd,1683,"2. år, studenterkursus samfundsfag-sproglig","2. år, studenterkursus samfundsfag-sproglig","Second Year, Student Course Social Sciences-Linguistic",CSV:EDU_audd,medium,danish,,
EDU_audd_7230,EDU,audd,7230,"Teologi, cand.theol.","Teologi, cand.theol.","Teologi, cand.theol.",CSV:EDU_audd,medium,danish,,
EDU_audd_4245,EDU,audd,4245,Knallertmekaniker,Knallertmekaniker,Knallertmekaniker,CSV:EDU_audd,medium,danish,,
EDU_audd_6643,EDU,audd,6643,"Tysk, cand.phil.","Tysk, cand.phil.","Tysk, cand.phil.",CSV:EDU_audd,medium,danish,,
EDU_audd_6843,EDU,audd,6843,"Tysk sprog, litteratur og kultur, cand.mag.","Tysk sprog, litteratur og kultur, cand.mag.","German Language, Literature and Culture, cand.mag.",CSV:EDU_audd,medium,danish,,
EDU_audd_8226,EDU,audd,8226,"Biologi, cand.scient.","Biologi, cand.scient.","Biologi, cand.scient.",CSV:EDU_audd,medium,danish,,
EDU_audd_7298,EDU,audd,7298,"Forhistorisk arkæologi, mag.art.","Forhistorisk arkæologi, mag.art.","Prehistoric Archaeology, mag.art.",CSV:EDU_audd,medium,danish,,
EDU_audd_1671,EDU,audd,1671,"2. år, studenterkursus matematik-fysik","2. år, studenterkursus matematik-fysik","2nd year, student course mathematics-physics",CSV:EDU_audd,medium,danish,,
EDU_audd_1563,EDU,audd,1563,"1. år, studenterkursus samfundsfag-sproglig","1. år, studenterkursus samfundsfag-sproglig","1st year, student course social sciences-linguistic",CSV:EDU_audd,medium,danish,,
EDU_audd_5170,EDU,audd,5170,Afdelingssygeplejerske,Afdelingssygeplejerske,Department nurse,CSV:EDU_audd,medium,danish,,
EDU_audd_4045,EDU,audd,4045,Teknisk tegner,Teknisk tegner,Teknisk tegner,CSV:EDU_audd,medium,danish,,
EDU_audd_5403,EDU,audd,5403,"Food Science and Technology, cand.tech.al.","Food Science and Technology, cand.tech.al.","Food Science and Technology, cand.tech.al.",CSV:EDU_audd,medium,danish,,
EDU_audd_5167,EDU,audd,5167,"Ledende hjemme- og plejehjemssygeplejerske, diplomeksamen","Ledende hjemme- og plejehjemssygeplejerske, diplomeksamen","Leading home and nursing home nurse, diploma exam",CSV:EDU_audd,medium,danish,,
EDU_audd_6106,EDU,audd,6106,"Samfundsvidenskab, basis (kand.) (RUC)","Samfundsvidenskab, basis (kand.) (RUC)","Social science, foundation (kand.) (RUC)",CSV:EDU_audd,medium,danish,,
EDU_audd_4071,EDU,audd,4071,"Designer grafisk, bach.","Designer grafisk, bach.","Graphic designer, bach.",CSV:EDU_audd,medium,danish,,
EDU_audd_4050,EDU,audd,4050,"Laboratorietekniker, kemi","Laboratorietekniker, kemi","Laboratory technician, chemistry",CSV:EDU_audd,medium,danish,,
EDU_audd_4231,EDU,audd,4231,Radio- og tv fagtekniker,Radio- og tv fagtekniker,Radio and TV technical engineer,CSV:EDU_audd,medium,danish,,
EDU_audd_5363,EDU,audd,5363,"Chemistry, cand.polyt.","Chemistry, cand.polyt.","Chemistry, cand.polyt.",CSV:EDU_audd,medium,danish,,
EDU_audd_4060,EDU,audd,4060,Byggetekniker,Byggetekniker,Byggetekniker,CSV:EDU_audd,medium,danish,,
EDU_audd_8082,EDU,audd,8082,"Matematik, cand.scient.","Matematik, cand.scient.","Mathematics, cand.scient.",CSV:EDU_audd,medium,danish,,
EDU_audd_7622,EDU,audd,7622,"Generel pædagogik, cand.pæd.","Generel pædagogik, cand.pæd.","General pedagogy, cand.ped.",CSV:EDU_audd,medium,danish,,
EDU_audd_4986,EDU,audd,4986,Pengeinstitut,Pengeinstitut,Pengeinstitut,CSV:EDU_audd,medium,danish,,
EDU_audd_5855,EDU,audd,5855,Skuespiller,Skuespiller,Skuespiller,CSV:EDU_audd,medium,danish,,
EDU_audd_4029,EDU,audd,4029,"Procesteknolog, kemisk-bioteknologisk","Procesteknolog, kemisk-bioteknologisk","Process Technology, Chemical-Biotechnological",CSV:EDU_audd,medium,danish,,
EDU_audd_5156,EDU,audd,5156,Økonoma,Økonoma,Economics,CSV:EDU_audd,medium,danish,,
EDU_audd_1410,EDU,audd,1410,1-årigt grundskolekursus,1-årigt grundskolekursus,1-Year Primary School Course,CSV:EDU_audd,medium,danish,,
EDU_audd_5315,EDU,audd,5315,"Produktion, teknikumingeniør","Produktion, teknikumingeniør","Production, Technician Engineer",CSV:EDU_audd,medium,danish,,
EDU_audd_4484,EDU,audd,4484,Laboratorietandtekniker,Laboratorietandtekniker,Laboratorietandtekniker,CSV:EDU_audd,medium,danish,,
EDU_audd_5400,EDU,audd,5400,"Agriculture, cand.agro.","Agriculture, cand.agro.","Agriculture, cand.agro.",CSV:EDU_audd,medium,danish,,
EDU_audd_7045,EDU,audd,7045,"Statsvidenskab, cand.polit.","Statsvidenskab, cand.polit.","Statsvidenskab, cand.polit.",CSV:EDU_audd,medium,danish,,
EDU_audd_4003,EDU,audd,4003,"Handelseksamen, regnskabslinie","Handelseksamen, regnskabslinie","Commerce Exam, Accounting Line",CSV:EDU_audd,medium,danish,,
EDU_audd_1559,EDU,audd,1559,"1. år, studenterkursus matematik","1. år, studenterkursus matematik","1st Year, Student Course Mathematics",CSV:EDU_audd,medium,danish,,
EDU_audd_4223,EDU,audd,4223,Værktøjstekniker,Værktøjstekniker,Toolmaker,CSV:EDU_audd,medium,danish,,
EDU_audd_5576,EDU,audd,5576,"Spansk, cand.interpret.","Spansk, cand.interpret.","Spansk, cand.interpret.",CSV:EDU_audd,medium,danish,,
EDU_audd_4064,EDU,audd,4064,Elektroniktekniker,Elektroniktekniker,Elektroniktekniker,CSV:EDU_audd,medium,danish,,
EDU_audd_5168,EDU,audd,5168,Sundhedsplejerske,Sundhedsplejerske,Nursing Assistant,CSV:EDU_audd,medium,danish,,
EDU_audd_1689,EDU,audd,1689,"2. år, studenterkursus sproglig","2. år, studenterkursus sproglig","2nd Year, Language Student Course",CSV:EDU_audd,medium,danish,,
EDU_audd_4853,EDU,audd,4853,Karetmager og karrosseribygger,Karetmager og karrosseribygger,Carriage Maker and Body Builder,CSV:EDU_audd,medium,danish,,
EDU_audd_8083,EDU,audd,8083,"Physics, cand.scient.","Physics, cand.scient.","Physics, cand.scient.",CSV:EDU_audd,medium,danish,,
EDU_audd_5180,EDU,audd,5180,"Sygeplejevidenskab, cand.scient.","Sygeplejevidenskab, cand.scient.","Sygeplejevidenskab, cand.scient.",CSV:EDU_audd,medium,danish,,
EDU_audd_6531,EDU,audd,6531,"Fransk, cand.phil.","Fransk, cand.phil.","Fransk, cand.phil.",CSV:EDU_audd,medium,danish,,
EDU_audd_5425,EDU,audd,5425,"Farmaceut, cand.pharm.","Farmaceut, cand.pharm.","Farmaceut, cand.pharm.",CSV:EDU_audd,medium,danish,,
EDU_audd_4002,EDU,audd,4002,"Handelseksamen, sproglig linie","Handelseksamen, sproglig linie","Handelseksamen, sproglig linie",CSV:EDU_audd,medium,danish,,
EDU_audd_5450,EDU,audd,5450,"Ernærings- og husholdningsøkonomi, prof.bach.","Ernærings- og husholdningsøkonomi, prof.bach.","Nutrition and Household Economics, prof.bach.",CSV:EDU_audd,medium,danish,,
EDU_audd_2485,EDU,audd,2485,Landmand faglært modul 2,Landmand faglært modul 2,Farming Skilled Worker Module 2,CSV:EDU_audd,medium,danish,,
EDU_audd_2486,EDU,audd,2486,Driftsleder grønt bevis,Driftsleder grønt bevis,Green Proof Operations Manager,CSV:EDU_audd,medium,danish,,
EDU_audd_5033,EDU,audd,5033,El-installatør,El-installatør,Electrician,CSV:EDU_audd,medium,danish,,
EDU_audd_5516,EDU,audd,5516,"Erhvervssprogligt grundstudium, engelsk-tysk","Erhvervssprogligt grundstudium, engelsk-tysk","Business Language Foundation Course, English-German",CSV:EDU_audd,medium,danish,,
EDU_audd_1171,EDU,audd,1171,"3.g, matematisk-fysisk linie","3.g, matematisk-fysisk linie","3rd year, Mathematical-Physical Line",CSV:EDU_audd,medium,danish,,
EDU_audd_7397,EDU,audd,7397,"Nordisk sprog og litteratur, mag.art.","Nordisk sprog og litteratur, mag.art.","Nordic Language and Literature, mag.art.",CSV:EDU_audd,medium,danish,,
EDU_audd_4280,EDU,audd,4280,Møbelsnedker,Møbelsnedker,Furniture Joiner,CSV:EDU_audd,medium,danish,,
EDU_audd_5307,EDU,audd,5307,"Svagstrøm, teknikumingeniør","Svagstrøm, teknikumingeniør","Low Voltage, Technician Engineer",CSV:EDU_audd,medium,danish,,
EDU_audd_4254,EDU,audd,4254,Elektrotekniker,Elektrotekniker,Elektrotekniker,CSV:EDU_audd,medium,danish,,
EDU_audd_4331,EDU,audd,4331,Skruestikarbejder,Skruestikarbejder,Skruestikarbejder,CSV:EDU_audd,medium,danish,,
EDU_audd_4069,EDU,audd,4069,Vvs-installatør,Vvs-installatør,Plumbing and Heating Installer,CSV:EDU_audd,medium,danish,,
EDU_audd_5498,EDU,audd,5498,Tresproglig korrespondent,Tresproglig korrespondent,Trilingual Correspondence,CSV:EDU_audd,medium,danish,,
EDU_audd_5637,EDU,audd,5637,"Erhvervssproglig korrespondent, tysk","Erhvervssproglig korrespondent, tysk","Erhvervssproglig korrespondent, tysk",CSV:EDU_audd,medium,danish,,
EDU_audd_5603,EDU,audd,5603,Klassisk musik hovedskole 3-år,Klassisk musik hovedskole 3-år,Classical Music Conservatory 3-year Program,CSV:EDU_audd,medium,danish,,
EDU_audd_5607,EDU,audd,5607,Musikpædagog,Musikpædagog,Music Pedagogue,CSV:EDU_audd,medium,danish,,
EDU_audd_5901,EDU,audd,5901,"Instrument-sang-komposition, diplom","Instrument-sang-komposition, diplom","Instrument-Singing-Composition, Diploma",CSV:EDU_audd,medium,danish,,
EDU_audd_1123,EDU,audd,1123,3. real,3. real,3. real,CSV:EDU_audd,medium,danish,,
EDU_audd_5571,EDU,audd,5571,"Engelsk, cand.interpret.","Engelsk, cand.interpret.","English, cand.interpret.",CSV:EDU_audd,medium,danish,,
EDU_audd_4201,EDU,audd,4201,Kontoruddannelse una,Kontoruddannelse una,Kontoruddannelse una,CSV:EDU_audd,medium,danish,,
EDU_audd_4307,EDU,audd,4307,"Teknisk designer, bygge og anlæg","Teknisk designer, bygge og anlæg","Technical Designer, Construction and Facilities",CSV:EDU_audd,medium,danish,,
EDU_audd_5111,EDU,audd,5111,"Børneforsorgspædagog, småbørnslinie","Børneforsorgspædagog, småbørnslinie","Childcare Pedagogue, Toddler Line",CSV:EDU_audd,medium,danish,,
EDU_audd_4249,EDU,audd,4249,Bygnings- og landbrugssmed,Bygnings- og landbrugssmed,Building and Agricultural Blacksmith,CSV:EDU_audd,medium,danish,,
EDU_audd_5350,EDU,audd,5350,"Bygning, akademiingeniør","Bygning, akademiingeniør","Construction, Academy Engineer",CSV:EDU_audd,medium,danish,,
EDU_audd_7114,EDU,audd,7114,"Samfundsfag, cand.mag.","Samfundsfag, cand.mag.","Social Sciences, cand.mag.",CSV:EDU_audd,medium,danish,,
EDU_audd_4010,EDU,audd,4010,Edb-assistent,Edb-assistent,Edb-assistent,CSV:EDU_audd,medium,danish,,
EDU_audd_7190,EDU,audd,7190,"Humaniora, ph.d.","Humaniora, ph.d.","Humaniora, ph.d.",CSV:EDU_audd,medium,danish,,
EDU_audd_6105,EDU,audd,6105,"Humanistisk, basis (kand.) (RUC)","Humanistisk, basis (kand.) (RUC)","Humanities, Bachelor (kand.) (RUC)",CSV:EDU_audd,medium,danish,,
EDU_audd_4970,EDU,audd,4970,Engros med detail,Engros med detail,Wholesale with retail,CSV:EDU_audd,medium,danish,,
EDU_audd_1551,EDU,audd,1551,"1. år, studenterkursus matematik-fysik","1. år, studenterkursus matematik-fysik","1st year, student course mathematics-physics",CSV:EDU_audd,medium,danish,,
EDU_audd_1181,EDU,audd,1181,"3.g, nysproglig linie","3.g, nysproglig linie","3rd grade, foreign language line",CSV:EDU_audd,medium,danish,,
EDU_audd_1172,EDU,audd,1172,"3.g, matematisk-naturfaglig linie","3.g, matematisk-naturfaglig linie","3rd grade, mathematical-scientific line",CSV:EDU_audd,medium,danish,,
EDU_audd_4074,EDU,audd,4074,"Designer møbe og rum, bach.","Designer møbe og rum, bach.","Furniture and space design, bach.",CSV:EDU_audd,medium,danish,,
EDU_audd_4076,EDU,audd,4076,"Designer indretning, bach.","Designer indretning, bach.","Interior design, bach.",CSV:EDU_audd,medium,danish,,
EDU_audd_5391,EDU,audd,5391,"Energi, civilingeniør","Energi, civilingeniør","Energy, Civil Engineer",CSV:EDU_audd,medium,danish,,
EDU_audd_5195,EDU,audd,5195,Skibsfører (uden gymnasial baggrund),Skibsfører (uden gymnasial baggrund),Ship Captain (without upper secondary background),CSV:EDU_audd,medium,danish,,
EDU_audd_5206,EDU,audd,5206,Toldassistent,Toldassistent,Toldassistent,CSV:EDU_audd,medium,danish,,
EDU_audd_5443,EDU,audd,5443,Pædagogisk grunduddannelse PGU,Pædagogisk grunduddannelse PGU,Pedagogical Basic Education PGU,CSV:EDU_audd,medium,danish,,
EDU_audd_4236,EDU,audd,4236,Finmekaniker,Finmekaniker,Finmekaniker,CSV:EDU_audd,medium,danish,,
EDU_audd_4435,EDU,audd,4435,Pølsemager,Pølsemager,Sausagemaker,CSV:EDU_audd,medium,danish,,
EDU_audd_4067,EDU,audd,4067,"Maskintekniker, driftsteknik","Maskintekniker, driftsteknik","Maskintekniker, driftsteknik",CSV:EDU_audd,medium,danish,,
EDU_audd_4470,EDU,audd,4470,Håndbogbinder,Håndbogbinder,Bookbinder,CSV:EDU_audd,medium,danish,,
EDU_audd_4229,EDU,audd,4229,Vvs-rørsmed,Vvs-rørsmed,Plumbing Fitter,CSV:EDU_audd,medium,danish,,
EDU_audd_4923,EDU,audd,4923,"Detail, blomster","Detail, blomster","Detail, blomster",CSV:EDU_audd,medium,danish,,
EDU_audd_4486,EDU,audd,4486,Skrædder,Skrædder,Tailor,CSV:EDU_audd,medium,danish,,
EDU_audd_7151,EDU,audd,7151,"Psykologi, mag.art.psych.","Psykologi, mag.art.psych.","Psykologi, mag.art.psych.",CSV:EDU_audd,medium,danish,,
EDU_audd_5511,EDU,audd,5511,"Erhvervssprogligt grundstudium, engelsk-fransk","Erhvervssprogligt grundstudium, engelsk-fransk","Vocational Language Foundation Program, English-French",CSV:EDU_audd,medium,danish,,
EDU_audd_2478,EDU,audd,2478,"Gartnerskole, planteskole kursus","Gartnerskole, planteskole kursus","Gardening School, Botanical School Course",CSV:EDU_audd,medium,danish,,
EDU_audd_5044,EDU,audd,5044,Tf-gartneriteknik,Tf-gartneriteknik,Tf-gartneriteknik,CSV:EDU_audd,medium,danish,,
EDU_audd_4880,EDU,audd,4880,Defektrice,Defektrice,Defektrice,CSV:EDU_audd,medium,danish,,
EDU_audd_4921,EDU,audd,4921,"Detail, farve og tapet","Detail, farve og tapet","Retail, Color and Wallpaper",CSV:EDU_audd,medium,danish,,
EDU_audd_4912,EDU,audd,4912,"Detail, fotohandel","Detail, fotohandel","Detail, fotohandel",CSV:EDU_audd,medium,danish,,
EDU_audd_4056,EDU,audd,4056,"Værkstedsskoleforløb, bygningsteknik","Værkstedsskoleforløb, bygningsteknik","Workshop Program, Building Technology",CSV:EDU_audd,medium,danish,,
EDU_audd_5600,EDU,audd,5600,"Forskole, musikkonservatorium","Forskole, musikkonservatorium","Forskole, musikkonservatorium",CSV:EDU_audd,medium,danish,,
EDU_audd_6535,EDU,audd,6535,"Historie, cand.phil.","Historie, cand.phil.","Historie, cand.phil.",CSV:EDU_audd,medium,danish,,
EDU_audd_4674,EDU,audd,4674,Rutebilchauffør,Rutebilchauffør,Bus Driver,CSV:EDU_audd,medium,danish,,
EDU_audd_5116,EDU,audd,5116,Omsorgsassistent ved åndsvageforsorgen,Omsorgsassistent ved åndsvageforsorgen,Care Assistant at Respiratory Care Facility,CSV:EDU_audd,medium,danish,,
EDU_audd_7263,EDU,audd,7263,"Historie, mag.art.","Historie, mag.art.","Historie, mag.art.",CSV:EDU_audd,medium,danish,,
EDU_audd_4465,EDU,audd,4465,"Grafiker, ombryd-databehandling","Grafiker, ombryd-databehandling","Graphic Designer, Data Processing",CSV:EDU_audd,medium,danish,,
EDU_audd_5118,EDU,audd,5118,"Omsorgspersonale, fortsætteruddannelse","Omsorgspersonale, fortsætteruddannelse","Care Staff, Continuing Education",CSV:EDU_audd,medium,danish,,
EDU_audd_4068,EDU,audd,4068,"Maskintekniker, værktøjskonstruktion","Maskintekniker, værktøjskonstruktion","Machine Technician, Tool Design",CSV:EDU_audd,medium,danish,,
EDU_audd_5431,EDU,audd,5431,Tandplejer,Tandplejer,Tandplejer,CSV:EDU_audd,medium,danish,,
EDU_audd_7614,EDU,audd,7614,"Sundhedsfaglig kandidatuddannelse, cand.scient.san.","Sundhedsfaglig kandidatuddannelse, cand.scient.san.","Sundhedsfaglig kandidatuddannelse, cand.scient.san.",CSV:EDU_audd,medium,danish,,
EDU_audd_1173,EDU,audd,1173,"3.g, matematisk-samfundsfaglig linie","3.g, matematisk-samfundsfaglig linie","3rd Year, Mathematical-Social Science Track",CSV:EDU_audd,medium,danish,,
EDU_audd_3292,EDU,audd,3292,Buschauffør,Buschauffør,Bus Driver,CSV:EDU_audd,medium,danish,,
EDU_audd_4464,EDU,audd,4464,Reprokopist,Reprokopist,Reprokopist,CSV:EDU_audd,medium,danish,,
EDU_audd_1182,EDU,audd,1182,"3.g, klassisksproglig linie","3.g, klassisksproglig linie","3rd Year, Classical Languages Track",CSV:EDU_audd,medium,danish,,
EDU_audd_4273,EDU,audd,4273,"Glarmester, glas","Glarmester, glas","Glarmester, glas",CSV:EDU_audd,medium,danish,,
EDU_audd_6114,EDU,audd,6114,"Tek-Sam - miljøplanlægning, cand.techn.soc.","Tek-Sam - miljøplanlægning, cand.techn.soc.","Tech-Soc - Environmental Planning, cand.techn.soc.",CSV:EDU_audd,medium,danish,,
EDU_audd_2470,EDU,audd,2470,Produktionsassistent landbrug,Produktionsassistent landbrug,Agricultural Production Assistant,CSV:EDU_audd,medium,danish,,
EDU_audd_2473,EDU,audd,2473,"Landbrugskurser, andre","Landbrugskurser, andre",Other Agricultural Courses,CSV:EDU_audd,medium,danish,,
EDU_audd_5310,EDU,audd,5310,"Maskinretning, teknikumingeniør","Maskinretning, teknikumingeniør","Machine Direction, Engineering Technician",CSV:EDU_audd,medium,danish,,
EDU_audd_1151,EDU,audd,1151,"2.g, matematisk-fysisk linie","2.g, matematisk-fysisk linie","2nd year, mathematical-physics track",CSV:EDU_audd,medium,danish,,
EDU_audd_1184,EDU,audd,1184,"3.g, musiksproglig linie","3.g, musiksproglig linie","3rd year, musical speech line",CSV:EDU_audd,medium,danish,,
EDU_audd_6591,EDU,audd,6591,"Dansk, cand.phil.","Dansk, cand.phil.","Dansk, cand.phil.",CSV:EDU_audd,medium,danish,,
EDU_audd_5355,EDU,audd,5355,"Kemi, akademiingeniør","Kemi, akademiingeniør","Chemistry, engineering graduate",CSV:EDU_audd,medium,danish,,
EDU_audd_1672,EDU,audd,1672,"2. år, studenterkursus matematik-naturfag","2. år, studenterkursus matematik-naturfag","2nd year, student course mathematics-science",CSV:EDU_audd,medium,danish,,
EDU_audd_1185,EDU,audd,1185,"3.g, sproglig forsøgslinie","3.g, sproglig forsøgslinie","3rd year, linguistic experimental line",CSV:EDU_audd,medium,danish,,
EDU_audd_1561,EDU,audd,1561,"1. år, studenterkursus nysproglig","1. år, studenterkursus nysproglig","1st year, student course new language",CSV:EDU_audd,medium,danish,,
EDU_audd_2462,EDU,audd,2462,"Landmand, efteruddannelse","Landmand, efteruddannelse","Farmer, further education",CSV:EDU_audd,medium,danish,,
EDU_audd_4058,EDU,audd,4058,"Værkstedsskoleforløb, svagstrømsteknik","Værkstedsskoleforløb, svagstrømsteknik","Workshop program, low voltage technology",CSV:EDU_audd,medium,danish,,
EDU_audd_4049,EDU,audd,4049,"Laboratorietekniker, biologi","Laboratorietekniker, biologi","Laboratory technician, biology",CSV:EDU_audd,medium,danish,,
EDU_audd_5120,EDU,audd,5120,"Socialpædagog, fællesuddannelse","Socialpædagog, fællesuddannelse","Social pedagogue, joint training",CSV:EDU_audd,medium,danish,,
EDU_audd_1175,EDU,audd,1175,"3.g, matematisk forsøgslinie","3.g, matematisk forsøgslinie","3.g, mathematical experimental line",CSV:EDU_audd,medium,danish,,
EDU_audd_6104,EDU,audd,6104,"Naturvidenskab, basis (kand.) (RUC)","Naturvidenskab, basis (kand.) (RUC)","Natural sciences, foundation (kand.) (RUC)",CSV:EDU_audd,medium,danish,,
EDU_audd_4375,EDU,audd,4375,"Serviceassistent, virksomhedsservice","Serviceassistent, virksomhedsservice","Service assistant, business service",CSV:EDU_audd,medium,danish,,
EDU_audd_1153,EDU,audd,1153,"2.g, matematisk-samfundsfaglig linie","2.g, matematisk-samfundsfaglig linie","2.g, mathematical-social scientific line",CSV:EDU_audd,medium,danish,,
EDU_audd_5352,EDU,audd,5352,"Elektronik, akademiingeniør","Elektronik, akademiingeniør","Electronics, engineering diploma",CSV:EDU_audd,medium,danish,,
EDU_audd_4498,EDU,audd,4498,Optometrist (erhvervsfaglig),Optometrist (erhvervsfaglig),Optometry (vocational),CSV:EDU_audd,medium,danish,,
EDU_audd_5306,EDU,audd,5306,"Stærkstrøm, teknikumingeniør","Stærkstrøm, teknikumingeniør","High voltage, technical college engineer",CSV:EDU_audd,medium,danish,,
EDU_audd_4008,EDU,audd,4008,"Hhx, 1-årig","Hhx, 1-årig","Hhx, 1-year",CSV:EDU_audd,medium,danish,,
EDU_audd_5185,EDU,audd,5185,Radiotelegrafist,Radiotelegrafist,Radiotelegrafist,CSV:EDU_audd,medium,danish,,
EDU_audd_5393,EDU,audd,5393,"Proces-teknik, civilingeniør","Proces-teknik, civilingeniør","Process technology, civil engineer",CSV:EDU_audd,medium,danish,,
EDU_audd_1161,EDU,audd,1161,"2.g, nysproglig linie","2.g, nysproglig linie","2.g, foreign language line",CSV:EDU_audd,medium,danish,,
EDU_audd_5376,EDU,audd,5376,"Svagstrøm, civilingeniør","Svagstrøm, civilingeniør","Weak current, civil engineer",CSV:EDU_audd,medium,danish,,
EDU_audd_2477,EDU,audd,2477,"Gartnerskole, væksthus kursus","Gartnerskole, væksthus kursus","Gartner school, greenhouse course",CSV:EDU_audd,medium,danish,,
EDU_audd_1149,EDU,audd,1149,"2.g, matematisk-sproglig fælleslinie","2.g, matematisk-sproglig fælleslinie","2nd year, mathematical-linguistic common line",CSV:EDU_audd,medium,danish,,
EDU_audd_1169,EDU,audd,1169,"3.g, matematisk-sproglig fælleslinie","3.g, matematisk-sproglig fælleslinie","3rd year, mathematical-linguistic common line",CSV:EDU_audd,medium,danish,,
EDU_audd_4481,EDU,audd,4481,Pottemager,Pottemager,Pottemager,CSV:EDU_audd,medium,danish,,
EDU_audd_8092,EDU,audd,8092,"Kemi, cand.scient.","Kemi, cand.scient.","Kemi, cand.scient.",CSV:EDU_audd,medium,danish,,
EDU_audd_1163,EDU,audd,1163,"2.g, samfundssproglig linie","2.g, samfundssproglig linie","2nd year, social-linguistic line",CSV:EDU_audd,medium,danish,,
EDU_audd_1183,EDU,audd,1183,"3.g, samfundssproglig linie","3.g, samfundssproglig linie","3rd year, social-linguistic line",CSV:EDU_audd,medium,danish,,
EDU_audd_4093,EDU,audd,4093,"Skov- og landskabsingeniør, prof.bach.","Skov- og landskabsingeniør, prof.bach.","Forestry and landscape engineer, prof.bach.",CSV:EDU_audd,medium,danish,,
EDU_audd_4264,EDU,audd,4264,Autoelektromekaniker,Autoelektromekaniker,Autoelektromekaniker,CSV:EDU_audd,medium,danish,,
EDU_audd_5413,EDU,audd,5413,"Landinspektør, cand.geom.","Landinspektør, cand.geom.","Inspector, cand.geom.",CSV:EDU_audd,medium,danish,,
EDU_audd_5632,EDU,audd,5632,"Erhvervssproglig korrespondent, fransk","Erhvervssproglig korrespondent, fransk","Vocational linguistic correspondence, French",CSV:EDU_audd,medium,danish,,
EDU_audd_1155,EDU,audd,1155,"2.g, matematisk forsøgslinie","2.g, matematisk forsøgslinie","2nd year, mathematical experimental line",CSV:EDU_audd,medium,danish,,
EDU_audd_4467,EDU,audd,4467,Grafisk tekniker,Grafisk tekniker,Grafisk tekniker,CSV:EDU_audd,medium,danish,,
EDU_audd_2413,EDU,audd,2413,Køkkenleder 1,Køkkenleder 1,Kitchen Supervisor 1,CSV:EDU_audd,medium,danish,,
EDU_audd_2419,EDU,audd,2419,Køkkenleder 2,Køkkenleder 2,Kitchen Supervisor 2,CSV:EDU_audd,medium,danish,,
EDU_audd_4263,EDU,audd,4263,Traktormekaniker,Traktormekaniker,Traktormekaniker,CSV:EDU_audd,medium,danish,,
EDU_audd_1152,EDU,audd,1152,"2.g, matematisk-naturfaglig linie","2.g, matematisk-naturfaglig linie","2nd grade, mathematical-scientific line",CSV:EDU_audd,medium,danish,,
EDU_audd_4238,EDU,audd,4238,"Finmekaniker, måleinstrumenter","Finmekaniker, måleinstrumenter","Precision Mechanic, measuring instruments",CSV:EDU_audd,medium,danish,,
EDU_audd_1164,EDU,audd,1164,"2.g, musiksproglig linie","2.g, musiksproglig linie","2nd grade, musical-instrumental line",CSV:EDU_audd,medium,danish,,
EDU_audd_6039,EDU,audd,6039,"Dansk, cand.mag.","Dansk, cand.mag.","Dansk, cand.mag.",CSV:EDU_audd,medium,danish,,
EDU_audd_1121,EDU,audd,1121,1. real,1. real,1. real,CSV:EDU_audd,medium,danish,,
EDU_audd_4276,EDU,audd,4276,Autolakerer,Autolakerer,Autolakerer,CSV:EDU_audd,medium,danish,,
EDU_audd_4055,EDU,audd,4055,Industriel designer,Industriel designer,Industriel designer,CSV:EDU_audd,medium,danish,,
EDU_audd_4924,EDU,audd,4924,"Detail, sæbe og parfume","Detail, sæbe og parfume","Retail, soap and perfume",CSV:EDU_audd,medium,danish,,
EDU_audd_4189,EDU,audd,4189,Sundhedsservicesekretær,Sundhedsservicesekretær,Health Service Secretary,CSV:EDU_audd,medium,danish,,
EDU_audd_6513,EDU,audd,6513,"Engelsk, cand.phil.","Engelsk, cand.phil.","Engelsk, cand.phil.",CSV:EDU_audd,medium,danish,,
EDU_audd_6511,EDU,audd,6511,"Dramaturgi, cand.phil.","Dramaturgi, cand.phil.","Dramaturgi, cand.phil.",CSV:EDU_audd,medium,danish,,
EDU_audd_5803,EDU,audd,5803,"Instruktør, film og tv produktion","Instruktør, film og tv produktion","Instructor, film and TV production",CSV:EDU_audd,medium,danish,,
EDU_audd_5577,EDU,audd,5577,"Tysk, cand.interpret.","Tysk, cand.interpret.","German, cand.interpret.",CSV:EDU_audd,medium,danish,,
EDU_audd_1122,EDU,audd,1122,2. real,2. real,2. real,CSV:EDU_audd,medium,danish,,
EDU_audd_2022,EDU,audd,2022,Fiskeskipper af 3.grad,Fiskeskipper af 3.grad,Fish Skipper of 3rd grade,CSV:EDU_audd,medium,danish,,
EDU_audd_5750,EDU,audd,5750,"Officer A-linien, hæren","Officer A-linien, hæren",Army Officer A-line,CSV:EDU_audd,medium,danish,,
EDU_audd_6787,EDU,audd,6787,"Musikvidenskab/Musik, cand.mag.","Musikvidenskab/Musik, cand.mag.","Musikvidenskab/Musik, cand.mag.",CSV:EDU_audd,medium,danish,,
EDU_audd_5353,EDU,audd,5353,"Stærkstrøm, akademiingeniør","Stærkstrøm, akademiingeniør","Strong Current, Engineering Diploma",CSV:EDU_audd,medium,danish,,
EDU_audd_5362,EDU,audd,5362,"Elektronik, civilingeniør","Elektronik, civilingeniør","Electronics, Civil Engineer",CSV:EDU_audd,medium,danish,,
EDU_audd_5755,EDU,audd,5755,"Officer B-linien, hæren","Officer B-linien, hæren",Army Officer B-line,CSV:EDU_audd,medium,danish,,
EDU_audd_5134,EDU,audd,5134,Jordbrugsteknolog,Jordbrugsteknolog,Jordbrugsteknolog,CSV:EDU_audd,medium,danish,,
EDU_audd_1423,EDU,audd,1423,1-årigt realkursus,1-årigt realkursus,One-year Real Course,CSV:EDU_audd,medium,danish,,
EDU_audd_4428,EDU,audd,4428,Kantinemedhjælper,Kantinemedhjælper,Cafeteria Helper,CSV:EDU_audd,medium,danish,,
EDU_audd_6143,EDU,audd,6143,"Kommunikation, kombination (RUC)","Kommunikation, kombination (RUC)","Communication, Combination (RUC)",CSV:EDU_audd,medium,danish,,
EDU_audd_1165,EDU,audd,1165,"2.g, sproglig forsøgslinie","2.g, sproglig forsøgslinie","2nd grade, Linguistic Experiment Line",CSV:EDU_audd,medium,danish,,
EDU_audd_6860,EDU,audd,6860,"Æstetik og kultur, cand.mag.","Æstetik og kultur, cand.mag.","Aesthetics and Culture, cand.mag.",CSV:EDU_audd,medium,danish,,
EDU_audd_4230,EDU,audd,4230,Skibsbygger,Skibsbygger,Skibsbygger,CSV:EDU_audd,medium,danish,,
EDU_audd_5325,EDU,audd,5325,"Modulordning, teknikumingeniør","Modulordning, teknikumingeniør","Module Order, Technical College Engineer",CSV:EDU_audd,medium,danish,,
EDU_audd_6777,EDU,audd,6777,"Kristendomshistorie, cand.mag.","Kristendomshistorie, cand.mag.","Kristendomshistorie, cand.mag.",CSV:EDU_audd,medium,danish,,
EDU_audd_2476,EDU,audd,2476,"Mejeriskolekurser, andre","Mejeriskolekurser, andre","Dairy School Courses, Other",CSV:EDU_audd,medium,danish,,
EDU_audd_2475,EDU,audd,2475,Mejeriteknolog,Mejeriteknolog,Mejeriteknolog,CSV:EDU_audd,medium,danish,,
EDU_audd_4989,EDU,audd,4989,"Kontor, kommune og amtskommune","Kontor, kommune og amtskommune","Office, Municipality and County Administration",CSV:EDU_audd,medium,danish,,
EDU_audd_5838,EDU,audd,5838,"Konserveringsteknik, grafisk, bach.","Konserveringsteknik, grafisk, bach.","Canning Technology, Graphic Design, bach.",CSV:EDU_audd,medium,danish,,
EDU_audd_6087,EDU,audd,6087,"Naturvidenskab kombination, cand.nat.komb.","Naturvidenskab kombination, cand.nat.komb.","Natural Science Combination, cand.nat.komb.",CSV:EDU_audd,medium,danish,,
EDU_audd_4666,EDU,audd,4666,Havne- og terminalarbejder,Havne- og terminalarbejder,Harbor and Terminal Worker,CSV:EDU_audd,medium,danish,,
EDU_audd_5850,EDU,audd,5850,Scenografi,Scenografi,Scenografi,CSV:EDU_audd,medium,danish,,
EDU_audd_4611,EDU,audd,4611,"Lufthavnsuddannelse, aircraft service","Lufthavnsuddannelse, aircraft service","Airport Education, Aircraft Service",CSV:EDU_audd,medium,danish,,
EDU_audd_4930,EDU,audd,4930,"Detail, autohandel","Detail, autohandel","Detail, autohandel",CSV:EDU_audd,medium,danish,,
EDU_audd_1140,EDU,audd,1140,"1.g, matematisk-sproglig fælleslinie","1.g, matematisk-sproglig fælleslinie","1st Year, Mathematical-Linguistic Common Line",CSV:EDU_audd,medium,danish,,
EDU_audd_5908,EDU,audd,5908,"Rytmisk musik, musikpædagog","Rytmisk musik, musikpædagog","Rhythmic Music, Music Pedagogy",CSV:EDU_audd,medium,danish,,
EDU_audd_4626,EDU,audd,4626,Væksthusgartner,Væksthusgartner,Greenhouse Gardener,CSV:EDU_audd,medium,danish,,
EDU_audd_4558,EDU,audd,4558,"Ejendomsservicetekniker, erhvervs- og institutionsservice","Ejendomsservicetekniker, erhvervs- og institutionsservice","Property Service Technician, Business and Institutional Services",CSV:EDU_audd,medium,danish,,
EDU_audd_7528,EDU,audd,7528,"Engelsk, bach.","Engelsk, bach.","Engelsk, bach.",CSV:EDU_audd,medium,danish,,
EDU_audd_6590,EDU,audd,6590,"Dansk, bach.","Dansk, bach.","Dansk, bach.",CSV:EDU_audd,medium,danish,,
EDU_audd_4511,EDU,audd,4511,Tandklinikassistent,Tandklinikassistent,Tandklinikassistent,CSV:EDU_audd,medium,danish,,
EDU_audd_5319,EDU,audd,5319,"Maskin, mekanisk anlæg, teknikumingeniør","Maskin, mekanisk anlæg, teknikumingeniør","Machine, Mechanical Plant, Technical College Engineer",CSV:EDU_audd,medium,danish,,
EDU_audd_2027,EDU,audd,2027,Fiskeskipper af 1.grad,Fiskeskipper af 1.grad,First Degree Fisherman,CSV:EDU_audd,medium,danish,,
EDU_audd_1552,EDU,audd,1552,"1. år, studenterkursus matematik-naturfag","1. år, studenterkursus matematik-naturfag","Year 1, Mathematics and Natural Science Student Course",CSV:EDU_audd,medium,danish,,
EDU_audd_4478,EDU,audd,4478,Film- og TV-assistent,Film- og TV-assistent,Film and TV Assistant,CSV:EDU_audd,medium,danish,,
EDU_audd_4244,EDU,audd,4244,Lastvognsmekaniker (gl.),Lastvognsmekaniker (gl.),Lastvognsmekaniker (gl.),CSV:EDU_audd,medium,danish,,
EDU_audd_5207,EDU,audd,5207,Toldfaglig grunduddannelse,Toldfaglig grunduddannelse,Toldfaglig grunduddannelse,CSV:EDU_audd,medium,danish,,
EDU_audd_1162,EDU,audd,1162,"2.g, klassisksproglig linie","2.g, klassisksproglig linie","2nd Year, Classical Language Line",CSV:EDU_audd,medium,danish,,
EDU_audd_5317,EDU,audd,5317,"Maskin, konstruktion, teknikumingeniør","Maskin, konstruktion, teknikumingeniør","Machine, Construction, Technical Engineering Technician",CSV:EDU_audd,medium,danish,,
EDU_audd_5364,EDU,audd,5364,"Maskin, civilingeniør","Maskin, civilingeniør","Machine, Civil Engineer",CSV:EDU_audd,medium,danish,,
EDU_audd_8181,EDU,audd,8181,"Geografi-kultur A, cand.scient.","Geografi-kultur A, cand.scient.","Geografi-kultur A, cand.scient.",CSV:EDU_audd,medium,danish,,
EDU_audd_2003,EDU,audd,2003,"Skibskok, grundkursus","Skibskok, grundkursus","Ship Cook, Basic Course",CSV:EDU_audd,medium,danish,,
EDU_audd_4260,EDU,audd,4260,Datatekniker,Datatekniker,Datatekniker,CSV:EDU_audd,medium,danish,,
EDU_audd_4996,EDU,audd,4996,Informatikassistent,Informatikassistent,Informatikassistent,CSV:EDU_audd,medium,danish,,
EDU_audd_4988,EDU,audd,4988,Forsikring,Forsikring,Forsikring,CSV:EDU_audd,medium,danish,,
EDU_audd_6578,EDU,audd,6578,"Kunsthistorie, bach.","Kunsthistorie, bach.","Kunsthistorie, bach.",CSV:EDU_audd,medium,danish,,
EDU_audd_4982,EDU,audd,4982,"Kontor, korrespondance","Kontor, korrespondance","Office, Correspondence",CSV:EDU_audd,medium,danish,,
EDU_audd_5351,EDU,audd,5351,"Anlæg, akademiingeniør","Anlæg, akademiingeniør","Plant, Academy Engineer",CSV:EDU_audd,medium,danish,,
EDU_audd_4878,EDU,audd,4878,Bacontilvirker,Bacontilvirker,Bacontilvirker,CSV:EDU_audd,medium,danish,,
EDU_audd_6785,EDU,audd,6785,"Middelalder- og renæssancearkæologi, cand.mag.","Middelalder- og renæssancearkæologi, cand.mag.","Medieval and Renaissance Archaeology, cand.mag.",CSV:EDU_audd,medium,danish,,
EDU_audd_5708,EDU,audd,5708,"Revision, cand.merc.aud.","Revision, cand.merc.aud.","Auditing, cand.merc.aud.",CSV:EDU_audd,medium,danish,,
EDU_audd_4066,EDU,audd,4066,"Maskintekniker, konstruktion","Maskintekniker, konstruktion","Mechanical Engineer, Construction",CSV:EDU_audd,medium,danish,,
EDU_audd_4920,EDU,audd,4920,"Detail, viktualie","Detail, viktualie","Detail, viktualie",CSV:EDU_audd,medium,danish,,
EDU_audd_5534,EDU,audd,5534,"Tysk, cand.negot. (udelt 4år)","Tysk, cand.negot. (udelt 4år)","German, cand.negot. (special 4yr)",CSV:EDU_audd,medium,danish,,
EDU_audd_4914,EDU,audd,4914,"Detail, isenkram-værktøj","Detail, isenkram-værktøj",Precision Machining Tools,CSV:EDU_audd,medium,danish,,
EDU_audd_8085,EDU,audd,8085,"Geofysik-meteorologi, cand.scient.","Geofysik-meteorologi, cand.scient.","Geofysik-meteorologi, cand.scient.",CSV:EDU_audd,medium,danish,,
EDU_audd_5305,EDU,audd,5305,"Elektro, teknikumingeniør","Elektro, teknikumingeniør","Electrical, Technical Engineering",CSV:EDU_audd,medium,danish,,
EDU_audd_4437,EDU,audd,4437,Tarmrenser,Tarmrenser,Tarmrenser,CSV:EDU_audd,medium,danish,,
EDU_audd_5672,EDU,audd,5672,"Erhvervssprog engelsk-tysk, korrespondent","Erhvervssprog engelsk-tysk, korrespondent","Business Languages English-German, Correspondence",CSV:EDU_audd,medium,danish,,
EDU_audd_5155,EDU,audd,5155,Fodterapeut,Fodterapeut,Fodterapeut,CSV:EDU_audd,medium,danish,,
EDU_audd_7883,EDU,audd,7883,"Teatervidenskab, mag.art.","Teatervidenskab, mag.art.","Theatre Science, mag.art.",CSV:EDU_audd,medium,danish,,
EDU_audd_4654,EDU,audd,4654,"Chauffør, tankbilchauffør","Chauffør, tankbilchauffør","Driver, Tank Truck Driver",CSV:EDU_audd,medium,danish,,
EDU_audd_4954,EDU,audd,4954,"Engros, trælast mv.","Engros, trælast mv.","Wholesale, Timber Pallets etc.",CSV:EDU_audd,medium,danish,,
EDU_audd_5744,EDU,audd,5744,"Matematik-nat.-pædagogik, cand.mat.pæd. (DPU)","Matematik-nat.-pædagogik, cand.mat.pæd. (DPU)","Mathematics-natural science pedagogy, cand.math.ped. (DPU)",CSV:EDU_audd,medium,danish,,
EDU_audd_5822,EDU,audd,5822,"Skulptur, videregående","Skulptur, videregående","Sculpture, Upper Secondary",CSV:EDU_audd,medium,danish,,
EDU_audd_4373,EDU,audd,4373,"Serviceassistent, hospitalservice","Serviceassistent, hospitalservice","Serviceassistent, hospitalservice",CSV:EDU_audd,medium,danish,,
EDU_audd_4025,EDU,audd,4025,Akademiøkonom i udenrigshandel,Akademiøkonom i udenrigshandel,International Business Economist in Foreign Trade,CSV:EDU_audd,medium,danish,,
EDU_audd_6111,EDU,audd,6111,"Forvaltning, kombination (RUC)","Forvaltning, kombination (RUC)","Forvaltning, kombination (RUC)",CSV:EDU_audd,medium,danish,,
EDU_audd_4530,EDU,audd,4530,Sejlmager,Sejlmager,Sejlmager,CSV:EDU_audd,medium,danish,,
EDU_audd_5811,EDU,audd,5811,"Billedkunst, grund- og normaluddannelse","Billedkunst, grund- og normaluddannelse","Visual Arts, Primary and Lower Secondary Teacher Education",CSV:EDU_audd,medium,danish,,
EDU_audd_5824,EDU,audd,5824,Kunstteori og -formidling.kand.,Kunstteori og -formidling.kand.,Art Theory and Communication.kand.,CSV:EDU_audd,medium,danish,,
EDU_audd_2479,EDU,audd,2479,"Gartnerskole, anlæg kursus","Gartnerskole, anlæg kursus","Gardening School, Landscape Design Course",CSV:EDU_audd,medium,danish,,
EDU_audd_5678,EDU,audd,5678,"Erhvervssprog engelsk-italiensk, korrespondent","Erhvervssprog engelsk-italiensk, korrespondent","Business Languages English-Italian, Correspondence",CSV:EDU_audd,medium,danish,,
EDU_audd_4933,EDU,audd,4933,"Detail, hårde hvidevarer","Detail, hårde hvidevarer","Retail, Hard White Goods",CSV:EDU_audd,medium,danish,,
EDU_audd_4098,EDU,audd,4098,Levnedsmiddelassistent,Levnedsmiddelassistent,Levnedsmiddelassistent,CSV:EDU_audd,medium,danish,,
EDU_audd_4052,EDU,audd,4052,Fødevareteknolog,Fødevareteknolog,Food Technologist,CSV:EDU_audd,medium,danish,,
EDU_audd_5902,EDU,audd,5902,"Instrument-sang-ledelse, musikpædagog","Instrument-sang-ledelse, musikpædagog","Instrumental Singing Conducting, Music Pedagogy",CSV:EDU_audd,medium,danish,,
EDU_audd_2487,EDU,audd,2487,"Landbrugsskole, grundskole afkortet","Landbrugsskole, grundskole afkortet","Landbrugsskole, grundskole afkortet",CSV:EDU_audd,medium,danish,,
EDU_audd_3465,EDU,audd,3465,"Revision, cand.merc.aud.","Revision, cand.merc.aud.","Auditing, cand.merc.aud.",CSV:EDU_audd,medium,danish,,
EDU_audd_2489,EDU,audd,2489,Landbrugets driftlederkursus,Landbrugets driftlederkursus,Agriculture Business Management Course,CSV:EDU_audd,medium,danish,,
EDU_audd_6584,EDU,audd,6584,"Middelalder- og renæssancearkæologi, bach.","Middelalder- og renæssancearkæologi, bach.","Medieval and Renaissance Archaeology, bach.",CSV:EDU_audd,medium,danish,,
EDU_audd_6518,EDU,audd,6518,"Etnologi europæisk, bach","Etnologi europæisk, bach","European Ethnology, bach",CSV:EDU_audd,medium,danish,,
EDU_audd_6719,EDU,audd,6719,"Europæisk etnologi, cand.mag.","Europæisk etnologi, cand.mag.","European Ethnology, cand.mag.",CSV:EDU_audd,medium,danish,,
EDU_audd_4381,EDU,audd,4381,Rengøringstekniker,Rengøringstekniker,Cleaning Technician,CSV:EDU_audd,medium,danish,,
EDU_audd_4684,EDU,audd,4684,"Lufthavnsuddannelse, transportarbejder","Lufthavnsuddannelse, transportarbejder","Lufthavnsuddannelse, transportarbejder",CSV:EDU_audd,medium,danish,,
EDU_audd_4059,EDU,audd,4059,"Værkstedsskoleforløb, stærkstrømsteknik","Værkstedsskoleforløb, stærkstrømsteknik","Workshop Program, Strong Current Technology",CSV:EDU_audd,medium,danish,,
EDU_audd_4355,EDU,audd,4355,Telesystemtekniker,Telesystemtekniker,Telesystemtekniker,CSV:EDU_audd,medium,danish,,
EDU_audd_4072,EDU,audd,4072,"Designer - Beklædningsdesign, bach.","Designer - Beklædningsdesign, bach.","Fashion Design, bach.",CSV:EDU_audd,medium,danish,,
EDU_audd_6734,EDU,audd,6734,"Historie, kombination (RUC)","Historie, kombination (RUC)","Historie, kombination (RUC)",CSV:EDU_audd,medium,danish,,
EDU_audd_6262,EDU,audd,6262,"Digital design og kommunikation, cand.it.","Digital design og kommunikation, cand.it.","Digital Design and Communication, cand.it.",CSV:EDU_audd,medium,danish,,
EDU_audd_4928,EDU,audd,4928,"Detail, el-installation","Detail, el-installation","Detail, el-installation",CSV:EDU_audd,medium,danish,,
EDU_audd_5675,EDU,audd,5675,"Erhvervssprog engelsk-spansk, korrespondent","Erhvervssprog engelsk-spansk, korrespondent","Business Languages English-Spanish, Correspondence",CSV:EDU_audd,medium,danish,,
EDU_audd_5031,EDU,audd,5031,Anlægstekniker,Anlægstekniker,Facility Technician,CSV:EDU_audd,medium,danish,,
EDU_audd_4289,EDU,audd,4289,Skorstensfejer,Skorstensfejer,Skorstensfejer,CSV:EDU_audd,medium,danish,,
EDU_audd_8185,EDU,audd,8185,"Geografi/Geografi og geoinformatik, cand.scient.","Geografi/Geografi og geoinformatik, cand.scient.","Geography/Geography and Geoinformatics, cand.scient.",CSV:EDU_audd,medium,danish,,
EDU_audd_2491,EDU,audd,2491,Grønt diplom modul 4,Grønt diplom modul 4,Green Diploma Module 4,CSV:EDU_audd,medium,danish,,
EDU_audd_4728,EDU,audd,4728,Social- og sundhedsuddannelsen una,Social- og sundhedsuddannelsen una,Social and Health Education una,CSV:EDU_audd,medium,danish,,
EDU_audd_4441,EDU,audd,4441,Konditor,Konditor,Konditor,CSV:EDU_audd,medium,danish,,
EDU_audd_5671,EDU,audd,5671,"Erhvervssprog engelsk-fransk, korrespondent","Erhvervssprog engelsk-fransk, korrespondent","Business Languages English-French, Correspondence",CSV:EDU_audd,medium,danish,,
EDU_audd_6152,EDU,audd,6152,"Humanistisk-teologisk, grunduddannelse bach.","Humanistisk-teologisk, grunduddannelse bach.",Humanities-Theological Basic Education bach.,CSV:EDU_audd,medium,danish,,
EDU_audd_5661,EDU,audd,5661,"HA sprog, bach.","HA sprog, bach.","HA sprog, bach.",CSV:EDU_audd,medium,danish,,
EDU_audd_5662,EDU,audd,5662,"Interpret, cand.merc.","Interpret, cand.merc.","Interpreter, cand.merc.",CSV:EDU_audd,medium,danish,,
EDU_audd_4971,EDU,audd,4971,"Engros, kontor all round","Engros, kontor all round",Wholesale Office Clerk All Round,CSV:EDU_audd,medium,danish,,
EDU_audd_4510,EDU,audd,4510,Beklædningsoperatør,Beklædningsoperatør,Clothing Operator,CSV:EDU_audd,medium,danish,,
EDU_audd_4053,EDU,audd,4053,Konfektionsassistent,Konfektionsassistent,Konfektionsassistent,CSV:EDU_audd,medium,danish,,
EDU_audd_4037,EDU,audd,4037,Produktudvikler,Produktudvikler,Produktudvikler,CSV:EDU_audd,medium,danish,,
EDU_audd_4168,EDU,audd,4168,Hotel- og fritidsassistent,Hotel- og fritidsassistent,Hotel and Leisure Assistant,CSV:EDU_audd,medium,danish,,
EDU_audd_4247,EDU,audd,4247,Flymekaniker,Flymekaniker,Flymekaniker,CSV:EDU_audd,medium,danish,,
EDU_audd_7139,EDU,audd,7139,"Klinisk sygepleje, cand.cur.","Klinisk sygepleje, cand.cur.","Clinical Nursing, cand.cur.",CSV:EDU_audd,medium,danish,,
EDU_audd_5132,EDU,audd,5132,Installatør,Installatør,Installer,CSV:EDU_audd,medium,danish,,
EDU_audd_1673,EDU,audd,1673,"2. år, studenterkursus matematik-samfundsfag","2. år, studenterkursus matematik-samfundsfag","2nd Year, Student Course Mathematics-Social Sciences",CSV:EDU_audd,medium,danish,,
EDU_audd_5591,EDU,audd,5591,"Erhvervsspr.-internat. erhvervskomm, engelsk, cand.ling.merc.","Erhvervsspr.-internat. erhvervskomm, engelsk, cand.ling.merc.","Business Communication - International Business Communication, English, cand.ling.merc.",CSV:EDU_audd,medium,danish,,
EDU_audd_5673,EDU,audd,5673,"Erhvervssprog fransk-tysk, korrespondent","Erhvervssprog fransk-tysk, korrespondent","Erhvervssprog fransk-tysk, korrespondent",CSV:EDU_audd,medium,danish,,
EDU_audd_4959,EDU,audd,4959,"Engros, landbrugsmaskiner","Engros, landbrugsmaskiner","Engros, landbrugsmaskiner",CSV:EDU_audd,medium,danish,,
EDU_audd_4664,EDU,audd,4664,Fragtchauffør,Fragtchauffør,Freight Driver,CSV:EDU_audd,medium,danish,,
EDU_audd_1553,EDU,audd,1553,"1. år, studenterkursus matematik-samfundsfag","1. år, studenterkursus matematik-samfundsfag","1st Year, Mathematics and Social Sciences Student Course",CSV:EDU_audd,medium,danish,,
EDU_audd_7659,EDU,audd,7659,"HA(jur.) erhvervsøkonomi-jura, bach.","HA(jur.) erhvervsøkonomi-jura, bach.","Business Economics-Law (via jura), bach.",CSV:EDU_audd,medium,danish,,
EDU_audd_5054,EDU,audd,5054,Tf-svagstrømsteknik,Tf-svagstrømsteknik,Tf-Low Voltage Technology,CSV:EDU_audd,medium,danish,,
EDU_audd_6833,EDU,audd,6833,"Spanske og spanskamerikanske studier, cand.mag.","Spanske og spanskamerikanske studier, cand.mag.","Spanish and Spanish American Studies, cand.mag.",CSV:EDU_audd,medium,danish,,
EDU_audd_5186,EDU,audd,5186,"Kommunikationsoperatør, søfart","Kommunikationsoperatør, søfart","Communications Operator, Maritime",CSV:EDU_audd,medium,danish,,
EDU_audd_6504,EDU,audd,6504,"Sprogvidenskab og lingvistik, bach.","Sprogvidenskab og lingvistik, bach.","Linguistics and Language Science, bach.",CSV:EDU_audd,medium,danish,,
EDU_audd_5870,EDU,audd,5870,"Officer, flyvevåbnet","Officer, flyvevåbnet","Officer, Air Force",CSV:EDU_audd,medium,danish,,
EDU_audd_5408,EDU,audd,5408,"Havebrugsvidenskab, cand.hort.","Havebrugsvidenskab, cand.hort.","Havebrugsvidenskab, cand.hort.",CSV:EDU_audd,medium,danish,,
EDU_audd_5905,EDU,audd,5905,"Instrument-sang, musikpædagog","Instrument-sang, musikpædagog","Instrumental Singing, Music Pedagogy",CSV:EDU_audd,medium,danish,,
EDU_audd_2488,EDU,audd,2488,"Gartner, driftslederkursus","Gartner, driftslederkursus","Gartner, driftslederkursus",CSV:EDU_audd,medium,danish,,
EDU_audd_5676,EDU,audd,5676,"Erhvervssprog fransk-spansk, korrespondent","Erhvervssprog fransk-spansk, korrespondent","Business Languages French-Spanish, Correspondence",CSV:EDU_audd,medium,danish,,
EDU_audd_5051,EDU,audd,5051,Tf-byggeteknik,Tf-byggeteknik,Tf-byggeteknik,CSV:EDU_audd,medium,danish,,
EDU_audd_6739,EDU,audd,6739,"Kommunikation, cand.comm.","Kommunikation, cand.comm.","Communication, cand.comm.",CSV:EDU_audd,medium,danish,,
EDU_audd_2472,EDU,audd,2472,Tf-landbrugsteknik,Tf-landbrugsteknik,Tf-landbrugsteknik,CSV:EDU_audd,medium,danish,,
EDU_audd_4953,EDU,audd,4953,"Engros, manufaktur","Engros, manufaktur","Engros, manufaktur",CSV:EDU_audd,medium,danish,,
EDU_audd_5330,EDU,audd,5330,"Kemi, teknikumingeniør","Kemi, teknikumingeniør","Chemistry, engineering diploma",CSV:EDU_audd,medium,danish,,
EDU_audd_4092,EDU,audd,4092,Kort- og landmålingstekniker,Kort- og landmålingstekniker,Surveying technician,CSV:EDU_audd,medium,danish,,
EDU_audd_5345,EDU,audd,5345,"Arktisk byggeri og infrastruktur, ing.prof.bach.","Arktisk byggeri og infrastruktur, ing.prof.bach.","Arctic construction and infrastructure, ing.prof.bach.",CSV:EDU_audd,medium,danish,,
EDU_audd_4202,EDU,audd,4202,Hi handel introduktionskursus,Hi handel introduktionskursus,HI commerce introductory course,CSV:EDU_audd,medium,danish,,
EDU_audd_5656,EDU,audd,5656,"HA(it) erhvervsøkonomi-informationsteknologi, bach.","HA(it) erhvervsøkonomi-informationsteknologi, bach.","HA business-economics and information technology, bach.",CSV:EDU_audd,medium,danish,,
EDU_audd_6783,EDU,audd,6783,"Litteraturvidenskab, cand.mag.","Litteraturvidenskab, cand.mag.","Litteraturvidenskab, cand.mag.",CSV:EDU_audd,medium,danish,,
EDU_audd_8256,EDU,audd,8256,"Idræt/Idræt og sundhed, c.scient.","Idræt/Idræt og sundhed, c.scient.","Sports/Sports and health, c.scient.",CSV:EDU_audd,medium,danish,,
EDU_audd_1174,EDU,audd,1174,"3.g, matematisk-musisk linie","3.g, matematisk-musisk linie","3rd grade, mathematical-musical track",CSV:EDU_audd,medium,danish,,
EDU_audd_5409,EDU,audd,5409,"Landscape Architecture, cand.hort.arch.","Landscape Architecture, cand.hort.arch.","Landscape Architecture, cand.hort.arch.",CSV:EDU_audd,medium,danish,,
EDU_audd_4662,EDU,audd,4662,Eksportchauffør,Eksportchauffør,Export driver,CSV:EDU_audd,medium,danish,,
EDU_audd_5092,EDU,audd,5092,"3. år, htx","3. år, htx","3rd year, htx",CSV:EDU_audd,medium,danish,,
EDU_audd_4429,EDU,audd,4429,Smørrebrødsjomfru,Smørrebrødsjomfru,Sandwich making maid,CSV:EDU_audd,medium,danish,,
EDU_audd_4054,EDU,audd,4054,Konfektionstekniker,Konfektionstekniker,Konfektionstekniker,CSV:EDU_audd,medium,danish,,
EDU_audd_5189,EDU,audd,5189,Maskinmester,Maskinmester,Maskinmester,CSV:EDU_audd,medium,danish,,
EDU_audd_1569,EDU,audd,1569,"1. år, studenterkursus sproglig","1. år, studenterkursus sproglig","First year, language student course",CSV:EDU_audd,medium,danish,,
EDU_audd_5201,EDU,audd,5201,Teleelev,Teleelev,Teleelev,CSV:EDU_audd,medium,danish,,
EDU_audd_4956,EDU,audd,4956,"Engros, jern-stål","Engros, jern-stål","Wholesale, iron-steel",CSV:EDU_audd,medium,danish,,
EDU_audd_5412,EDU,audd,5412,"Forest and Nature Management, cand.silv.","Forest and Nature Management, cand.silv.","Forest and Nature Management, cand.silv.",CSV:EDU_audd,medium,danish,,
EDU_audd_4070,EDU,audd,4070,"Designer keramik og glas, bach.","Designer keramik og glas, bach.","Ceramic and Glass Design, bach.",CSV:EDU_audd,medium,danish,,
EDU_audd_2010,EDU,audd,2010,"Skibskok, afslutningskursus","Skibskok, afslutningskursus","Ship Cook, final course",CSV:EDU_audd,medium,danish,,
EDU_audd_5402,EDU,audd,5402,"Landbrugsvidenskab, cand.agro.","Landbrugsvidenskab, cand.agro.","Landbrugsvidenskab, cand.agro.",CSV:EDU_audd,medium,danish,,
EDU_audd_4625,EDU,audd,4625,"Planteskolegartner, produktion","Planteskolegartner, produktion","Plant School Gardener, production",CSV:EDU_audd,medium,danish,,
EDU_audd_5070,EDU,audd,5070,"Gartneritekniker, produktion","Gartneritekniker, produktion","Horticulturist Technician, production",CSV:EDU_audd,medium,danish,,
EDU_audd_5187,EDU,audd,5187,Vagtofficer,Vagtofficer,Vagtofficer,CSV:EDU_audd,medium,danish,,
EDU_audd_2021,EDU,audd,2021,Sætteskipper,Sætteskipper,Setter Skipper,CSV:EDU_audd,medium,danish,,
EDU_audd_4661,EDU,audd,4661,Flyttechauffør,Flyttechauffør,Moving Van Driver,CSV:EDU_audd,medium,danish,,
EDU_audd_1154,EDU,audd,1154,"2.g, matematisk-musisk linie","2.g, matematisk-musisk linie","2nd year, mathematical-musical track",CSV:EDU_audd,medium,danish,,
EDU_audd_6632,EDU,audd,6632,"Spansk og spanskamerikanske studier, bach.","Spansk og spanskamerikanske studier, bach.","Spanish and Spanish American Studies, bach.",CSV:EDU_audd,medium,danish,,
EDU_audd_8099,EDU,audd,8099,"Actuarial Mathematics, cand.act.","Actuarial Mathematics, cand.act.","Actuarial Mathematics, cand.act.",CSV:EDU_audd,medium,danish,,
EDU_audd_6062,EDU,audd,6062,"Anlæg, civilingeniør","Anlæg, civilingeniør",Civil Engineering Design,CSV:EDU_audd,medium,danish,,
EDU_audd_4443,EDU,audd,4443,Møller,Møller,Miller,CSV:EDU_audd,medium,danish,,
EDU_audd_4298,EDU,audd,4298,Orgelbygger,Orgelbygger,Orgelbygger,CSV:EDU_audd,medium,danish,,
EDU_audd_4475,EDU,audd,4475,"Grafiker, billedfremstilling","Grafiker, billedfremstilling","Grafiker, billedfremstilling",CSV:EDU_audd,medium,danish,,
EDU_audd_4913,EDU,audd,4913,"Detail, papirhandel","Detail, papirhandel","Detail, papirhandel",CSV:EDU_audd,medium,danish,,
EDU_audd_4268,EDU,audd,4268,Modelsnedker,Modelsnedker,Modelsnedker,CSV:EDU_audd,medium,danish,,
EDU_audd_8080,EDU,audd,8080,"Naturvidenskab una, cand.scient.","Naturvidenskab una, cand.scient.","Natural Science, cand.scient.",CSV:EDU_audd,medium,danish,,
EDU_audd_4623,EDU,audd,4623,Frilandsgartner,Frilandsgartner,Frilandsgartner,CSV:EDU_audd,medium,danish,,
EDU_audd_1555,EDU,audd,1555,"1. år, studenterkursus matematik-forsøg","1. år, studenterkursus matematik-forsøg","First Year, Mathematics Experiment Student Course",CSV:EDU_audd,medium,danish,,
EDU_audd_5921,EDU,audd,5921,Rytmisk musik-sang,Rytmisk musik-sang,Rytmisk musik-sang,CSV:EDU_audd,medium,danish,,
EDU_audd_5465,EDU,audd,5465,"Informationsvidenskab og kulturformidling, c.scient.bibl","Informationsvidenskab og kulturformidling, c.scient.bibl","Information Science and Cultural Communication, c.scient.bibl",CSV:EDU_audd,medium,danish,,
EDU_audd_5083,EDU,audd,5083,Mediekoordinator,Mediekoordinator,Mediekoordinator,CSV:EDU_audd,medium,danish,,
EDU_audd_6537,EDU,audd,6537,"Informatik, cand.phil.","Informatik, cand.phil.","Informatik, cand.phil.",CSV:EDU_audd,medium,danish,,
EDU_audd_4955,EDU,audd,4955,"Engros, værktøj-maskiner","Engros, værktøj-maskiner","Wholesale, Tools-Machines",CSV:EDU_audd,medium,danish,,
EDU_audd_7477,EDU,audd,7477,"Tysk sprog, litteratur og kultur, cand.mag.","Tysk sprog, litteratur og kultur, cand.mag.","German Language, Literature and Culture, cand.mag.",CSV:EDU_audd,medium,danish,,
EDU_audd_5701,EDU,audd,5701,"HA informatik, bach.","HA informatik, bach.","HA informatik, bach.",CSV:EDU_audd,medium,danish,,
EDU_audd_6737,EDU,audd,6737,"Informatik, cand.mag.","Informatik, cand.mag.","Computer Science, cand.mag.",CSV:EDU_audd,medium,danish,,
EDU_audd_5181,EDU,audd,5181,"Sygeplejerske, diplomeksamen","Sygeplejerske, diplomeksamen","Nurse, Diploma Exam",CSV:EDU_audd,medium,danish,,
EDU_audd_4265,EDU,audd,4265,Træskibstømrer,Træskibstømrer,Sail Training Ship Bosun,CSV:EDU_audd,medium,danish,,
EDU_audd_5036,EDU,audd,5036,Modeltekniker,Modeltekniker,Modeltekniker,CSV:EDU_audd,medium,danish,,
EDU_audd_5342,EDU,audd,5342,Levnedsmiddelingeniør,Levnedsmiddelingeniør,Food Engineer,CSV:EDU_audd,medium,danish,,
EDU_audd_4468,EDU,audd,4468,Tryktekniker,Tryktekniker,Tryktekniker,CSV:EDU_audd,medium,danish,,
EDU_audd_4877,EDU,audd,4877,"Slagter, privat mester","Slagter, privat mester","Slagter, privat mester",CSV:EDU_audd,medium,danish,,
EDU_audd_4490,EDU,audd,4490,Tekstiloperatør,Tekstiloperatør,Textile Operator,CSV:EDU_audd,medium,danish,,
EDU_audd_4951,EDU,audd,4951,"Engros, korn og foderstof","Engros, korn og foderstof","Wholesale, Grain and Feedstuff",CSV:EDU_audd,medium,danish,,
EDU_audd_4627,EDU,audd,4627,"Skov- og naturtekniker, skovbrug","Skov- og naturtekniker, skovbrug","Forest and Nature Technician, Forestry",CSV:EDU_audd,medium,danish,,
EDU_audd_5040,EDU,audd,5040,Tekstiltekniker,Tekstiltekniker,Tekstiltekniker,CSV:EDU_audd,medium,danish,,
EDU_audd_4979,EDU,audd,4979,"Kontor, administration med IT","Kontor, administration med IT",Office Administration with IT,CSV:EDU_audd,medium,danish,,
EDU_audd_5047,EDU,audd,5047,"Bygningskonstruktør, byggeteknik","Bygningskonstruktør, byggeteknik","Building Constructor, Construction Technology",CSV:EDU_audd,medium,danish,,
EDU_audd_4000,EDU,audd,4000,Markedsøkonom,Markedsøkonom,Marketing Economist,CSV:EDU_audd,medium,danish,,
EDU_audd_5215,EDU,audd,5215,Lokomotivfører,Lokomotivfører,Locomotive Driver,CSV:EDU_audd,medium,danish,,
EDU_audd_5331,EDU,audd,5331,"Global business og teknologi, ing.prof.bach.","Global business og teknologi, ing.prof.bach.","Global business and technology, ing.prof.bach.",CSV:EDU_audd,medium,danish,,
EDU_audd_5592,EDU,audd,5592,"Erhvervsspr.-internat. erhvervskomm, fransk, cand.ling.merc.","Erhvervsspr.-internat. erhvervskomm, fransk, cand.ling.merc.","Erhvervsspr.-internat. erhvervskomm, fransk, cand.ling.merc.",CSV:EDU_audd,medium,danish,,
EDU_audd_4952,EDU,audd,4952,"Engros, kolonial","Engros, kolonial","Engros, kolonial",CSV:EDU_audd,medium,danish,,
EDU_audd_3444,EDU,audd,3444,"Fysik, bach.","Fysik, bach.","Fysik, bach.",CSV:EDU_audd,medium,danish,,
EDU_audd_4957,EDU,audd,4957,"Engros, isenkram","Engros, isenkram","Engros, isenkram",CSV:EDU_audd,medium,danish,,
EDU_audd_5406,EDU,audd,5406,"Fødevarevidenskab, cand.brom.","Fødevarevidenskab, cand.brom.","Food Science, cand.brom.",CSV:EDU_audd,medium,danish,,
EDU_audd_4436,EDU,audd,4436,Kreaturslagter,Kreaturslagter,Kreaturslagter,CSV:EDU_audd,medium,danish,,
EDU_audd_4063,EDU,audd,4063,Gastekniker,Gastekniker,Gastekniker,CSV:EDU_audd,medium,danish,,
EDU_audd_6065,EDU,audd,6065,"Information, civilingeniør","Information, civilingeniør","Information technology, civil engineer",CSV:EDU_audd,medium,danish,,
EDU_audd_4929,EDU,audd,4929,"Detail, legetøj og hobby","Detail, legetøj og hobby",Toy and Hobby Retailing,CSV:EDU_audd,medium,danish,,
EDU_audd_6871,EDU,audd,6871,"Religion studier/religionsvidenskab, cand.mag.","Religion studier/religionsvidenskab, cand.mag.","Religion studier/religionsvidenskab, cand.mag.",CSV:EDU_audd,medium,danish,,
EDU_audd_4474,EDU,audd,4474,"Fotojournalist, prof.bach.","Fotojournalist, prof.bach.","Photojournalism, prof.bach.",CSV:EDU_audd,medium,danish,,
EDU_audd_1679,EDU,audd,1679,"2. år, studenterkursus matematik","2. år, studenterkursus matematik","Second Year, Mathematics Student Course",CSV:EDU_audd,medium,danish,,
EDU_audd_5596,EDU,audd,5596,"Erhvervsspr.-internat. erhvervskomm, spansk, cand.ling.merc.","Erhvervsspr.-internat. erhvervskomm, spansk, cand.ling.merc.","Erhvervsspr.-internat. erhvervskomm, spansk, cand.ling.merc.",CSV:EDU_audd,medium,danish,,
EDU_audd_6733,EDU,audd,6733,"Fransk samfund- og kulturdokumentation, cand.mag.","Fransk samfund- og kulturdokumentation, cand.mag.","French Social and Cultural Documentation, cand.mag.",CSV:EDU_audd,medium,danish,,
EDU_audd_3250,EDU,audd,3250,Vvs-installationstekniker,Vvs-installationstekniker,Vvs-installationstekniker,CSV:EDU_audd,medium,danish,,
EDU_audd_6583,EDU,audd,6583,"Litteraturvidenskab, cand.phil.","Litteraturvidenskab, cand.phil.","Litteraturvidenskab, cand.phil.",CSV:EDU_audd,medium,danish,,
EDU_audd_5052,EDU,audd,5052,Tf-maskinteknik,Tf-maskinteknik,Tf-maskinteknik,CSV:EDU_audd,medium,danish,,
EDU_audd_4858,EDU,audd,4858,Industrisnedker,Industrisnedker,Industrisnedker,CSV:EDU_audd,medium,danish,,
EDU_audd_4931,EDU,audd,4931,"Detail, vin og tobak","Detail, vin og tobak",Wine and Tobacco Retailing,CSV:EDU_audd,medium,danish,,
EDU_audd_6452,EDU,audd,6452,"Multimedia arts, cand.mag.","Multimedia arts, cand.mag.","Multimedia arts, cand.mag.",CSV:EDU_audd,medium,danish,,
EDU_audd_5880,EDU,audd,5880,"V.O.U., hæren","V.O.U., hæren","V.O.U., Army",CSV:EDU_audd,medium,danish,,
EDU_audd_6847,EDU,audd,6847,"Asienstudier, Japanstudier, cand.mag.","Asienstudier, Japanstudier, cand.mag.","Asian Studies, Japanese Studies, cand.mag.",CSV:EDU_audd,medium,danish,,
EDU_audd_6864,EDU,audd,6864,"Sprog og internat. virksomhedskommunikation, cand.mag.","Sprog og internat. virksomhedskommunikation, cand.mag.","Language and International Business Communication, cand.mag.",CSV:EDU_audd,medium,danish,,
EDU_audd_7473,EDU,audd,7473,"Kunsthistorie, cand.mag.","Kunsthistorie, cand.mag.","Kunsthistorie, cand.mag.",CSV:EDU_audd,medium,danish,,
EDU_audd_4512,EDU,audd,4512,Møbelpolstrer,Møbelpolstrer,Upholstery,CSV:EDU_audd,medium,danish,,
EDU_audd_6751,EDU,audd,6751,"Italiensk sprog og kultur, cand.mag.","Italiensk sprog og kultur, cand.mag.","Italian Language and Culture, cand.mag.",CSV:EDU_audd,medium,danish,,
EDU_audd_4285,EDU,audd,4285,Rustfast industriblikkenslager,Rustfast industriblikkenslager,Corrosion-resistant Industrial Riveter,CSV:EDU_audd,medium,danish,,
EDU_audd_6701,EDU,audd,6701,"Audiologopædi, cand.mag.","Audiologopædi, cand.mag.","Audiology, cand.mag.",CSV:EDU_audd,medium,danish,,
EDU_audd_6620,EDU,audd,6620,"Østeuropastudier, bach.","Østeuropastudier, bach.","East European Studies, bach.",CSV:EDU_audd,medium,danish,,
EDU_audd_6831,EDU,audd,6831,"Øststatskundskab, cand.mag.","Øststatskundskab, cand.mag.","East European Studies, cand.mag.",CSV:EDU_audd,medium,danish,,
EDU_audd_4997,EDU,audd,4997,"Kontor, stat","Kontor, stat","Kontor, stat",CSV:EDU_audd,medium,danish,,
EDU_audd_5451,EDU,audd,5451,Klinisk diætist,Klinisk diætist,Clinical Dietitian,CSV:EDU_audd,medium,danish,,
EDU_audd_8049,EDU,audd,8049,"Geofysik, bach.","Geofysik, bach.","Geofysik, bach.",CSV:EDU_audd,medium,danish,,
EDU_audd_8089,EDU,audd,8089,"Geophysics, cand scient.","Geophysics, cand scient.","Geophysics, cand scient.",CSV:EDU_audd,medium,danish,,
EDU_audd_5057,EDU,audd,5057,"Designer møbel og rum, cand.design","Designer møbel og rum, cand.design","Furniture and Interior Design, cand.design",CSV:EDU_audd,medium,danish,,
EDU_audd_4091,EDU,audd,4091,Trætekniker,Trætekniker,Timber Technician,CSV:EDU_audd,medium,danish,,
EDU_audd_7395,EDU,audd,7395,"Nordisk filologi, mag.art.","Nordisk filologi, mag.art.","Nordisk filologi, mag.art.",CSV:EDU_audd,medium,danish,,
EDU_audd_3253,EDU,audd,3253,Plastmager med speciale i termoplast,Plastmager med speciale i termoplast,Plastics Technician with Specialization in Thermoplastics,CSV:EDU_audd,medium,danish,,
EDU_audd_5460,EDU,audd,5460,"Ernæring og sundhed, prof.bach.","Ernæring og sundhed, prof.bach.","Nutrition and Health, prof.bach.",CSV:EDU_audd,medium,danish,,
EDU_audd_3466,EDU,audd,3466,"Dansk, cand.mag.","Dansk, cand.mag.","Dansk, cand.mag.",CSV:EDU_audd,medium,danish,,
EDU_audd_4755,EDU,audd,4755,"Datatekniker, speciale i infrastruktur","Datatekniker, speciale i infrastruktur","Data Technician, specialization in infrastructure",CSV:EDU_audd,medium,danish,,
EDU_audd_5320,EDU,audd,5320,"Skibsbygning, teknikumingeniør","Skibsbygning, teknikumingeniør","Shipbuilding, engineering technician",CSV:EDU_audd,medium,danish,,
EDU_audd_4288,EDU,audd,4288,Bygningsstruktør,Bygningsstruktør,Building Structure Engineer,CSV:EDU_audd,medium,danish,,
EDU_audd_5651,EDU,audd,5651,"HA(jur.) erhvervsøkonomi-jura, bach.","HA(jur.) erhvervsøkonomi-jura, bach.","Business Economics-Law (via jura), bach.",CSV:EDU_audd,medium,danish,,
EDU_audd_4253,EDU,audd,4253,Svejser,Svejser,Svejser,CSV:EDU_audd,medium,danish,,
EDU_audd_5483,EDU,audd,5483,"Visuel kommunikation una., prof.bach.","Visuel kommunikation una., prof.bach.","Visual Communication, prof.bach.",CSV:EDU_audd,medium,danish,,
EDU_audd_4005,EDU,audd,4005,Akademiøkonom i indkøb og import,Akademiøkonom i indkøb og import,Academic Economist in Procurement and Import,CSV:EDU_audd,medium,danish,,
EDU_audd_3223,EDU,audd,3223,"Energi management (overbygning), prof.bach.","Energi management (overbygning), prof.bach.","Energy Management (overlay), prof.bach.",CSV:EDU_audd,medium,danish,,
EDU_audd_7530,EDU,audd,7530,"Filosofi, bach.","Filosofi, bach.","Filosofi, bach.",CSV:EDU_audd,medium,danish,,
EDU_audd_5076,EDU,audd,5076,Akademiøkonom i designmanagement,Akademiøkonom i designmanagement,Academic Economist in Design Management,CSV:EDU_audd,medium,danish,,
EDU_audd_4532,EDU,audd,4532,Modelsyer,Modelsyer,Modelsyer,CSV:EDU_audd,medium,danish,,
EDU_audd_5336,EDU,audd,5336,"Produktion, ing.prof.bach.","Produktion, ing.prof.bach.","Production, ing.prof.bach.",CSV:EDU_audd,medium,danish,,
EDU_audd_5339,EDU,audd,5339,"Kemi, ing.prof.bach.","Kemi, ing.prof.bach.","Kemi, ing.prof.bach.",CSV:EDU_audd,medium,danish,,
EDU_audd_4663,EDU,audd,4663,Redder,Redder,Redder,CSV:EDU_audd,medium,danish,,
EDU_audd_7011,EDU,audd,7011,"Socialvidenskab, kand.","Socialvidenskab, kand.","Social Science, kand.",CSV:EDU_audd,medium,danish,,
EDU_audd_7418,EDU,audd,7418,"Litteraturvidenskab, bach.","Litteraturvidenskab, bach.","Litteraturvidenskab, bach.",CSV:EDU_audd,medium,danish,,
EDU_audd_6863,EDU,audd,6863,"Kultur og kulturformidling, cand.mag.","Kultur og kulturformidling, cand.mag.","Culture and Cultural Mediation, cand.mag.",CSV:EDU_audd,medium,danish,,
EDU_audd_7665,EDU,audd,7665,"Historie, bach.","Historie, bach.","Historie, bach.",CSV:EDU_audd,medium,danish,,
EDU_audd_8411,EDU,audd,8411,"Skovbrugsvidenskab, bach.","Skovbrugsvidenskab, bach.","Skovbrugsvidenskab, bach.",CSV:EDU_audd,medium,danish,,
EDU_audd_7629,EDU,audd,7629,"Pædagogisk psykologi, cand.pæd.","Pædagogisk psykologi, cand.pæd.","Educational Psychology, cand.pæd.",CSV:EDU_audd,medium,danish,,
EDU_audd_7619,EDU,audd,7619,"Generel pædagogik, cand.pæd.","Generel pædagogik, cand.pæd.","General pedagogy, cand.ped.",CSV:EDU_audd,medium,danish,,
EDU_audd_5209,EDU,audd,5209,Toldfuldmægtig,Toldfuldmægtig,Customs Broker,CSV:EDU_audd,medium,danish,,
EDU_audd_6717,EDU,audd,6717,"Antropologi, cand.scient.anth.","Antropologi, cand.scient.anth.","Antropologi, cand.scient.anth.",CSV:EDU_audd,medium,danish,,
EDU_audd_4228,EDU,audd,4228,Industriel rørsmed,Industriel rørsmed,Industrial Pipefitter,CSV:EDU_audd,medium,danish,,
EDU_audd_5955,EDU,audd,5955,"Engelsk-tysk erhvervssprog, bach.","Engelsk-tysk erhvervssprog, bach.","English-German Business Languages, bach.",CSV:EDU_audd,medium,danish,,
EDU_audd_5599,EDU,audd,5599,"Sproglig informatik, cand.ling.merc.","Sproglig informatik, cand.ling.merc.","Linguistic Informatics, cand.ling.merc.",CSV:EDU_audd,medium,danish,,
EDU_audd_5049,EDU,audd,5049,Tf-tekstilteknik,Tf-tekstilteknik,Tf-tekstilteknik,CSV:EDU_audd,medium,danish,,
EDU_audd_8050,EDU,audd,8050,"Biokemi, bach.","Biokemi, bach.","Biokemi, bach.",CSV:EDU_audd,medium,danish,,
EDU_audd_7113,EDU,audd,7113,"Forvaltning, cand.scient.adm.","Forvaltning, cand.scient.adm.","Management, cand.scient.adm.",CSV:EDU_audd,medium,danish,,
EDU_audd_6581,EDU,audd,6581,"Litteraturhistorie, cand.phil.","Litteraturhistorie, cand.phil.","Litteraturhistorie, cand.phil.",CSV:EDU_audd,medium,danish,,
EDU_audd_5025,EDU,audd,5025,Eksamineret eksportør,Eksamineret eksportør,Certified Exporter,CSV:EDU_audd,medium,danish,,
EDU_audd_5781,EDU,audd,5781,"HA japansk, bach.","HA japansk, bach.","HA japansk, bach.",CSV:EDU_audd,medium,danish,,
EDU_audd_4019,EDU,audd,4019,Eksporttekniker,Eksporttekniker,Eksporttekniker,CSV:EDU_audd,medium,danish,,
EDU_audd_6908,EDU,audd,6908,"Pædagogik og uddannelsesstudier, cand.mag.","Pædagogik og uddannelsesstudier, cand.mag.","Pedagogy and Educational Studies, cand.mag.",CSV:EDU_audd,medium,danish,,
EDU_audd_4024,EDU,audd,4024,Akademiøkonom i detailhandel,Akademiøkonom i detailhandel,Academy Economist in Retail Trade,CSV:EDU_audd,medium,danish,,
EDU_audd_4629,EDU,audd,4629,Dyrepasser,Dyrepasser,Dyrepasser,CSV:EDU_audd,medium,danish,,
EDU_audd_4308,EDU,audd,4308,Teknisk designer,Teknisk designer,Teknisk designer,CSV:EDU_audd,medium,danish,,
EDU_audd_4472,EDU,audd,4472,"Grafiker, layout og montage","Grafiker, layout og montage","Graphic Design, Layout and Editing",CSV:EDU_audd,medium,danish,,
EDU_audd_6064,EDU,audd,6064,"Industri, civilingeniør","Industri, civilingeniør","Industry, civil engineer",CSV:EDU_audd,medium,danish,,
EDU_audd_4299,EDU,audd,4299,Vvs- og ventilationsmontør,Vvs- og ventilationsmontør,HVAC and Ventilation Installer,CSV:EDU_audd,medium,danish,,
EDU_audd_4683,EDU,audd,4683,Ambulanceassistent,Ambulanceassistent,Ambulanceassistent,CSV:EDU_audd,medium,danish,,
EDU_audd_8405,EDU,audd,8405,"Sundhed og ernæring, bach.","Sundhed og ernæring, bach.","Health and Nutrition, bach.",CSV:EDU_audd,medium,danish,,
EDU_audd_4788,EDU,audd,4788,"Mad til mennesker, individuel eud","Mad til mennesker, individuel eud","Food for humans, individual dietetics",CSV:EDU_audd,medium,danish,,
EDU_audd_7903,EDU,audd,7903,"Kunsthistorie, mag.art.","Kunsthistorie, mag.art.","Kunsthistorie, mag.art.",CSV:EDU_audd,medium,danish,,
EDU_audd_7631,EDU,audd,7631,"Pædagogisk sociologi, cand.pæd.","Pædagogisk sociologi, cand.pæd.","Pedagogical Sociology, cand.ped.",CSV:EDU_audd,medium,danish,,
EDU_audd_5338,EDU,audd,5338,"Elektronik og IT, ing.prof.bach.","Elektronik og IT, ing.prof.bach.","Electronics and IT, ing.prof.bach.",CSV:EDU_audd,medium,danish,,
EDU_audd_5954,EDU,audd,5954,"Engelsk-spansk erhvervssprog, bach.","Engelsk-spansk erhvervssprog, bach.","English-Spanish business language, bach.",CSV:EDU_audd,medium,danish,,
EDU_audd_5371,EDU,audd,5371,"Systemkonstruktion, civilingeniør","Systemkonstruktion, civilingeniør","Systems construction, civil engineer",CSV:EDU_audd,medium,danish,,
EDU_audd_4026,EDU,audd,4026,Akademiøkonom i markedsføring og service,Akademiøkonom i markedsføring og service,Marketing and service business economist,CSV:EDU_audd,medium,danish,,
EDU_audd_4240,EDU,audd,4240,Kontorservicetekniker,Kontorservicetekniker,Office service technician,CSV:EDU_audd,medium,danish,,
EDU_audd_7409,EDU,audd,7409,"Engelsk, bach","Engelsk, bach","Engelsk, bach",CSV:EDU_audd,medium,danish,,
EDU_audd_5337,EDU,audd,5337,"Svagstrøm, ing.prof.bach.","Svagstrøm, ing.prof.bach.","Low voltage, ing.prof.bach.",CSV:EDU_audd,medium,danish,,
EDU_audd_5952,EDU,audd,5952,"Engelsk-italiensk erhvervssprog, bach.","Engelsk-italiensk erhvervssprog, bach.","English-Italian business language, bach.",CSV:EDU_audd,medium,danish,,
EDU_audd_5594,EDU,audd,5594,"Virksomhedskommunikation (engelsk), cand.ling.merc.","Virksomhedskommunikation (engelsk), cand.ling.merc.","Business communication (English), cand.ling.merc.",CSV:EDU_audd,medium,danish,,
EDU_audd_2029,EDU,audd,2029,"Juniorofficer, 1.teoridel","Juniorofficer, 1.teoridel","Juniorofficer, 1.teoridel",CSV:EDU_audd,medium,danish,,
EDU_audd_5220,EDU,audd,5220,Skibsfører (uden gymnasial uddannelse),Skibsfører (uden gymnasial uddannelse),Ship captain (without upper secondary education),CSV:EDU_audd,medium,danish,,
EDU_audd_2530,EDU,audd,2530,Den fri ungdomsuddannelse (FUU),Den fri ungdomsuddannelse (FUU),Den fri ungdomsuddannelse (FUU),CSV:EDU_audd,medium,danish,,
EDU_audd_5962,EDU,audd,5962,"Business, Language and Culture, english, cand.negot.","Business, Language and Culture, english, cand.negot.","Business, Language and Culture, english, cand.negot.",CSV:EDU_audd,medium,danish,,
EDU_audd_5611,EDU,audd,5611,"Solist musisk, instrumental/vokal","Solist musisk, instrumental/vokal","Solist musisk, instrumental/vokal",CSV:EDU_audd,medium,danish,,
EDU_audd_2464,EDU,audd,2464,"Landbrugstekniker, biologi","Landbrugstekniker, biologi","Agricultural Engineer, Biology",CSV:EDU_audd,medium,danish,,
EDU_audd_5298,EDU,audd,5298,"Adgangseksamen til ingeniøruddannelsen 1,5 år","Adgangseksamen til ingeniøruddannelsen 1,5 år","Access Exam to Engineering Programs, 1.5 years",CSV:EDU_audd,medium,danish,,
EDU_audd_4012,EDU,audd,4012,Akademiøkonom i international markedsføring,Akademiøkonom i international markedsføring,Academy Economist in International Marketing,CSV:EDU_audd,medium,danish,,
EDU_audd_7443,EDU,audd,7443,"Matematik og økonomi, bach.","Matematik og økonomi, bach.","Mathematics and economics, bach.",CSV:EDU_audd,medium,danish,,
EDU_audd_6500,EDU,audd,6500,"Audiologopædi, bach.","Audiologopædi, bach.","Audiology, bach.",CSV:EDU_audd,medium,danish,,
EDU_audd_6265,EDU,audd,6265,"Softwaredesign, cand.it.","Softwaredesign, cand.it.","Software Design, cand.it.",CSV:EDU_audd,medium,danish,,
EDU_audd_8400,EDU,audd,8400,"Landbrugsvidenskab, bach.","Landbrugsvidenskab, bach.","Landbrugsvidenskab, bach.",CSV:EDU_audd,medium,danish,,
EDU_audd_8270,EDU,audd,8270,"Bioteknologi, cand.scient.","Bioteknologi, cand.scient.","Bioteknologi, cand.scient.",CSV:EDU_audd,medium,danish,,
EDU_audd_3209,EDU,audd,3209,"Sundhedsplejerske,diplomeksamen","Sundhedsplejerske,diplomeksamen","Health Care Assistant, Diploma Exam",CSV:EDU_audd,medium,danish,,
EDU_audd_4961,EDU,audd,4961,"Engros, vvs-branchen","Engros, vvs-branchen","Engros, vvs-branchen",CSV:EDU_audd,medium,danish,,
EDU_audd_6791,EDU,audd,6791,"Dansk, cand.mag.","Dansk, cand.mag.","Dansk, cand.mag.",CSV:EDU_audd,medium,danish,,
EDU_audd_6321,EDU,audd,6321,"Contemporary Middle Eastern Studies, cand.mag.","Contemporary Middle Eastern Studies, cand.mag.","Contemporary Middle Eastern Studies, cand.mag.",CSV:EDU_audd,medium,danish,,
EDU_audd_7935,EDU,audd,7935,"Bygge og anlæg, ing.bach.","Bygge og anlæg, ing.bach.","Construction and Plant Engineering, ing.bach.",CSV:EDU_audd,medium,danish,,
EDU_audd_8335,EDU,audd,8335,"Byggeri og anlæg, cand.polyt.","Byggeri og anlæg, cand.polyt.","Construction and Plant Technology, cand.polyt.",CSV:EDU_audd,medium,danish,,
EDU_audd_7670,EDU,audd,7670,"Dansk, bach.","Dansk, bach.","Dansk, bach.",CSV:EDU_audd,medium,danish,,
EDU_audd_7565,EDU,audd,7565,"Didaktik, dansk, cand.pæd.","Didaktik, dansk, cand.pæd.","Didactics, Danish, cand.ped.",CSV:EDU_audd,medium,danish,,
EDU_audd_4387,EDU,audd,4387,"Skibstekniker, konstruktion","Skibstekniker, konstruktion","Ship Technician, Construction",CSV:EDU_audd,medium,danish,,
EDU_audd_5973,EDU,audd,5973,"Internat. virksomhedskommunik., engelsk-spansk, bach.","Internat. virksomhedskommunik., engelsk-spansk, bach.","International business communication, English-Spanish, bach.",CSV:EDU_audd,medium,danish,,
EDU_audd_7724,EDU,audd,7724,"Tourism, cand.mag.","Tourism, cand.mag.","Tourism, cand.mag.",CSV:EDU_audd,medium,danish,,
EDU_audd_3006,EDU,audd,3006,"International virksomhedskommunikation i arabisk, bach.","International virksomhedskommunikation i arabisk, bach.","International business communication in Arabic, bach.",CSV:EDU_audd,medium,danish,,
EDU_audd_3446,EDU,audd,3446,"Biologi, bach.","Biologi, bach.","Biologi, bach.",CSV:EDU_audd,medium,danish,,
EDU_audd_7841,EDU,audd,7841,"Klassisk instrument-sang-ensemble, bach.","Klassisk instrument-sang-ensemble, bach.","Classical instrumental-singing ensemble, bach.",CSV:EDU_audd,medium,danish,,
EDU_audd_7941,EDU,audd,7941,"Klassisk instrument-sang-ensemble, kand.","Klassisk instrument-sang-ensemble, kand.","Klassisk instrument-sang-ensemble, kand.",CSV:EDU_audd,medium,danish,,
EDU_audd_7183,EDU,audd,7183,"Fysioterapi, cand.scient.","Fysioterapi, cand.scient.","Physiotherapy, cand.scient.",CSV:EDU_audd,medium,danish,,
EDU_audd_4688,EDU,audd,4688,"Dyrepasser, ZOO","Dyrepasser, ZOO","Dyrepasser, ZOO",CSV:EDU_audd,medium,danish,,
EDU_audd_7948,EDU,audd,7948,"Bygge- og anlægskonstruktion, ing.bach.","Bygge- og anlægskonstruktion, ing.bach.","Construction engineering, ing.bach.",CSV:EDU_audd,medium,danish,,
EDU_audd_8355,EDU,audd,8355,"Structural and Civil Engineering, cand.polyt.","Structural and Civil Engineering, cand.polyt.","Structural and Civil Engineering, cand.polyt.",CSV:EDU_audd,medium,danish,,
EDU_audd_7451,EDU,audd,7451,"Idræt/Idræt og sundhed, bach.","Idræt/Idræt og sundhed, bach.","Sports/Sports and Health, bach.",CSV:EDU_audd,medium,danish,,
EDU_audd_8259,EDU,audd,8259,"Humanfysiologi, cand.scient.","Humanfysiologi, cand.scient.","Humanfysiologi, cand.scient.",CSV:EDU_audd,medium,danish,,
EDU_audd_8409,EDU,audd,8409,"Landskabsarkitektur, bach.","Landskabsarkitektur, bach.","Landskabsarkitektur, bach.",CSV:EDU_audd,medium,danish,,
EDU_audd_3117,EDU,audd,3117,"Electro-Mechanical System Design, cand.polyt.","Electro-Mechanical System Design, cand.polyt.","Electro-Mechanical System Design, cand.polyt.",CSV:EDU_audd,medium,danish,,
EDU_audd_7416,EDU,audd,7416,"Asienstudier, Japanstudier, bach.","Asienstudier, Japanstudier, bach.","Asienstudier, Japanstudier, bach.",CSV:EDU_audd,medium,danish,,
EDU_audd_4458,EDU,audd,4458,Mediegrafiker,Mediegrafiker,Mediegrafiker,CSV:EDU_audd,medium,danish,,
EDU_audd_8334,EDU,audd,8334,"Kemi-miljø, civilingeniør","Kemi-miljø, civilingeniør","Chemistry-environment, civil engineer",CSV:EDU_audd,medium,danish,,
EDU_audd_4237,EDU,audd,4237,Materielmekaniker,Materielmekaniker,Materielmekaniker,CSV:EDU_audd,medium,danish,,
EDU_audd_5284,EDU,audd,5284,"Robotteknologi, ing.prof.bach.","Robotteknologi, ing.prof.bach.","Robotics technology, ing.prof.bach.",CSV:EDU_audd,medium,danish,,
EDU_audd_8149,EDU,audd,8149,"Molekylærbiologi, bach.","Molekylærbiologi, bach.","Molecular biology, bach.",CSV:EDU_audd,medium,danish,,
EDU_audd_3058,EDU,audd,3058,"Molekylærbiologi, cand.scient.","Molekylærbiologi, cand.scient.","Molecular biology, cand.scient.",CSV:EDU_audd,medium,danish,,
EDU_audd_3090,EDU,audd,3090,"Oldtidskundskab, bach.","Oldtidskundskab, bach.","Oldtidskundskab, bach.",CSV:EDU_audd,medium,danish,,
EDU_audd_6775,EDU,audd,6775,"Oldtidskundskab, cand.mag.","Oldtidskundskab, cand.mag.","Ancient studies, cand.mag.",CSV:EDU_audd,medium,danish,,
EDU_audd_5684,EDU,audd,5684,"Kristendom, kultur og kommunikation, prof.bach.","Kristendom, kultur og kommunikation, prof.bach.","Christianity, Culture and Communication, prof.bach.",CSV:EDU_audd,medium,danish,,
EDU_audd_4575,EDU,audd,4575,Veterinærsygeplejerske,Veterinærsygeplejerske,Veterinary Nurse,CSV:EDU_audd,medium,danish,,
EDU_audd_6245,EDU,audd,6245,"Management Engineering, cand.polyt.","Management Engineering, cand.polyt.","Management Engineering, cand.polyt.",CSV:EDU_audd,medium,danish,,
EDU_audd_7534,EDU,audd,7534,"Asienstudier, Japanstudier, bach.","Asienstudier, Japanstudier, bach.","Asienstudier, Japanstudier, bach.",CSV:EDU_audd,medium,danish,,
EDU_audd_3348,EDU,audd,3348,"Politik og forvaltning, cand.scient.adm.","Politik og forvaltning, cand.scient.adm.","Politics and Administration, cand.scient.adm.",CSV:EDU_audd,medium,danish,,
EDU_audd_7504,EDU,audd,7504,"Elektrisk energiteknologi, ing.prof.bach.","Elektrisk energiteknologi, ing.prof.bach.","Electrical Energy Technology, ing.prof.bach.",CSV:EDU_audd,medium,danish,,
EDU_audd_7660,EDU,audd,7660,"International virksomhedskommunikation, engelsk, bach.","International virksomhedskommunikation, engelsk, bach.","International Corporate Communication, English, bach.",CSV:EDU_audd,medium,danish,,
EDU_audd_5621,EDU,audd,5621,"Internat. virksomhedskommunikation, engelsk, cand.mag.","Internat. virksomhedskommunikation, engelsk, cand.mag.","International Business Communication, English, cand.mag.",CSV:EDU_audd,medium,danish,,
EDU_audd_3435,EDU,audd,3435,"Religion studier/Religionsvidenskab, bach.","Religion studier/Religionsvidenskab, bach.","Religious Studies/Theology, bach.",CSV:EDU_audd,medium,danish,,
EDU_audd_6550,EDU,audd,6550,"Italiensk sprog og kultur, bach.","Italiensk sprog og kultur, bach.","Italian Language and Culture, bach.",CSV:EDU_audd,medium,danish,,
EDU_audd_7676,EDU,audd,7676,"Sociologi, bach.","Sociologi, bach.","Sociologi, bach.",CSV:EDU_audd,medium,danish,,
EDU_audd_7445,EDU,audd,7445,"Fysik, bach.","Fysik, bach.","Fysik, bach.",CSV:EDU_audd,medium,danish,,
EDU_audd_7908,EDU,audd,7908,"Elektronik og system-design, ing.bach.","Elektronik og system-design, ing.bach.","Electronics and System Design, ing.bach.",CSV:EDU_audd,medium,danish,,
EDU_audd_5216,EDU,audd,5216,"Regulation and automation, civilingeniør cand.polyt.","Regulation and automation, civilingeniør cand.polyt.","Regulation and automation, civil engineer, cand.polyt.",CSV:EDU_audd,medium,danish,,
EDU_audd_3274,EDU,audd,3274,"Laboratorieteknologi (overbygning), prof.bach.","Laboratorieteknologi (overbygning), prof.bach.","Laboratorieteknologi (overbygning), prof.bach.",CSV:EDU_audd,medium,danish,,
EDU_audd_7496,EDU,audd,7496,"Statistics, cand.scient.","Statistics, cand.scient.","Statistics, cand.scient.",CSV:EDU_audd,medium,danish,,
EDU_audd_3387,EDU,audd,3387,"Kemi og bioteknologi, ing.bach.","Kemi og bioteknologi, ing.bach.","Chemistry and Biotechnology, ing.bach.",CSV:EDU_audd,medium,danish,,
EDU_audd_5544,EDU,audd,5544,"Chemistry and Biotechnology, cand.polyt.","Chemistry and Biotechnology, cand.polyt.","Chemistry and Biotechnology, cand.polyt.",CSV:EDU_audd,medium,danish,,
EDU_audd_3094,EDU,audd,3094,"Digital design, bach.","Digital design, bach.","Digital design, bach.",CSV:EDU_audd,medium,danish,,
EDU_audd_3095,EDU,audd,3095,"Digital design, cand.it.","Digital design, cand.it.","Digital design, cand.it.",CSV:EDU_audd,medium,danish,,
EDU_audd_6680,EDU,audd,6680,"Designkultur med mode og erhvervsøkonomi, bach.","Designkultur med mode og erhvervsøkonomi, bach.","Design Culture with Fashion and Business Economics, bach.",CSV:EDU_audd,medium,danish,,
EDU_audd_7736,EDU,audd,7736,"Idræt/Idræt og sundhed, cand.scient.","Idræt/Idræt og sundhed, cand.scient.","Sports/Sports and Health, cand.scient.",CSV:EDU_audd,medium,danish,,
EDU_audd_3471,EDU,audd,3471,"Medievidenskab, cand.mag.","Medievidenskab, cand.mag.","Medievidenskab, cand.mag.",CSV:EDU_audd,medium,danish,,
EDU_audd_5359,EDU,audd,5359,"Teknisk manager offshore (overbygning), prof.bach.","Teknisk manager offshore (overbygning), prof.bach.","Technical Manager Offshore (Bridge Construction), prof.bach.",CSV:EDU_audd,medium,danish,,
EDU_audd_8350,EDU,audd,8350,"IT-ledelse, cand.it.","IT-ledelse, cand.it.","IT-ledelse, cand.it.",CSV:EDU_audd,medium,danish,,
EDU_audd_3096,EDU,audd,3096,"Interaktive digitale medier, cand.it.","Interaktive digitale medier, cand.it.","Interaktive digitale medier, cand.it.",CSV:EDU_audd,medium,danish,,
EDU_audd_7918,EDU,audd,7918,"Arkitektur og design,ing.bach","Arkitektur og design,ing.bach","Architecture and Design, ing.bach",CSV:EDU_audd,medium,danish,,
EDU_audd_5324,EDU,audd,5324,"Lyddesign, prof.bach.","Lyddesign, prof.bach.","Sound Design, prof.bach.",CSV:EDU_audd,medium,danish,,
EDU_audd_6648,EDU,audd,6648,"Softwareteknologi, ing.prof.bach.","Softwareteknologi, ing.prof.bach.","Software technology, ing.prof.bach.",CSV:EDU_audd,medium,danish,,
EDU_audd_3112,EDU,audd,3112,"Industrial Engineering and Management, cand.polyt.","Industrial Engineering and Management, cand.polyt.","Industrial Engineering and Management, cand.polyt.",CSV:EDU_audd,medium,danish,,
EDU_audd_6901,EDU,audd,6901,"Socialt entreprenørskab og management, cand.soc.","Socialt entreprenørskab og management, cand.soc.","Social Entrepreneurship and Management, cand.soc.",CSV:EDU_audd,medium,danish,,
EDU_audd_7550,EDU,audd,7550,"Odontologi, bach.","Odontologi, bach.","Odontologi, bach.",CSV:EDU_audd,medium,danish,,
EDU_audd_7617,EDU,audd,7617,"Odontologi, cand.odont.","Odontologi, cand.odont.","Odontologi, cand.odont.",CSV:EDU_audd,medium,danish,,
EDU_audd_3205,EDU,audd,3205,"E-design (overbygning), prof.bach.","E-design (overbygning), prof.bach.","E-design (overbygning), prof.bach.",CSV:EDU_audd,medium,danish,,
EDU_audd_6456,EDU,audd,6456,"Globale studier, cand.soc.","Globale studier, cand.soc.","Global Studies, cand.soc.",CSV:EDU_audd,medium,danish,,
EDU_audd_5937,EDU,audd,5937,"Internat. virksomhedskommunik., spansk - kommunikation, bach.","Internat. virksomhedskommunik., spansk - kommunikation, bach.","International Business Communication, Spanish - Communication, bach.",CSV:EDU_audd,medium,danish,,
EDU_audd_7551,EDU,audd,7551,"Teologi, bach.","Teologi, bach.","Teologi, bach.",CSV:EDU_audd,medium,danish,,
EDU_audd_3026,EDU,audd,3026,"Business, Language and Culture, bach.","Business, Language and Culture, bach.","Business, Language and Culture, bach.",CSV:EDU_audd,medium,danish,,
EDU_audd_7712,EDU,audd,7712,"Kommunikation, cand.mag.","Kommunikation, cand.mag.","Communication, cand.mag.",CSV:EDU_audd,medium,danish,,
EDU_audd_7456,EDU,audd,7456,"Economics, cand.oecon.","Economics, cand.oecon.","Economics, cand.oecon.",CSV:EDU_audd,medium,danish,,
EDU_audd_3238,EDU,audd,3238,"Salgsassistent , dagligvarer","Salgsassistent , dagligvarer","Salgsassistent , dagligvarer",CSV:EDU_audd,medium,danish,,
EDU_audd_5472,EDU,audd,5472,"It-sikkerhed (overbygning), prof.bach.","It-sikkerhed (overbygning), prof.bach.","It-sikkerhed (overbygning), prof.bach.",CSV:EDU_audd,medium,danish,,
EDU_audd_7677,EDU,audd,7677,"Psykologi, bach.","Psykologi, bach.","Psykologi, bach.",CSV:EDU_audd,medium,danish,,
EDU_audd_7734,EDU,audd,7734,"Psykologi, cand.psych.","Psykologi, cand.psych.","Psykologi, cand.psych.",CSV:EDU_audd,medium,danish,,
EDU_audd_3406,EDU,audd,3406,"Elektrisk energiteknologi, ing.prof.bach.","Elektrisk energiteknologi, ing.prof.bach.","Electrical Energy Technology, ing.prof.bach.",CSV:EDU_audd,medium,danish,,
EDU_audd_5260,EDU,audd,5260,"Jordbrugsteknolog, jordbrugsøkonomi og ledelse","Jordbrugsteknolog, jordbrugsøkonomi og ledelse","Agricultural Technology, Agriculture Economics and Management",CSV:EDU_audd,medium,danish,,
EDU_audd_7511,EDU,audd,7511,"Global Management and Manufacturing, ing.prof.bach.","Global Management and Manufacturing, ing.prof.bach.","Global Management and Manufacturing, ing.prof.bach.",CSV:EDU_audd,medium,danish,,
EDU_audd_7545,EDU,audd,7545,"Samfundsfag, bach.","Samfundsfag, bach.","Samfundsfag, bach.",CSV:EDU_audd,medium,danish,,
EDU_audd_7513,EDU,audd,7513,"Lingvistik, bach.","Lingvistik, bach.","Lingvistik, bach.",CSV:EDU_audd,medium,danish,,
EDU_audd_3488,EDU,audd,3488,"Linguistics, cand.mag.","Linguistics, cand.mag.","Linguistics, cand.mag.",CSV:EDU_audd,medium,danish,,
EDU_audd_6532,EDU,audd,6532,"Biblioteksvidenskab, it og kommunikation, bach.","Biblioteksvidenskab, it og kommunikation, bach.","Library Science, IT and Communication, bach.",CSV:EDU_audd,medium,danish,,
EDU_audd_4314,EDU,audd,4314,Teatertekniker,Teatertekniker,Teatertekniker,CSV:EDU_audd,medium,danish,,
EDU_audd_6700,EDU,audd,6700,"Oplevelsesøkonomi, cand.mag.","Oplevelsesøkonomi, cand.mag.","Experience Economy, cand.mag.",CSV:EDU_audd,medium,danish,,
EDU_audd_4317,EDU,audd,4317,"Produktionsassistent, teater og udstilling mv","Produktionsassistent, teater og udstilling mv","Production Assistant, Theater and Exhibition etc.",CSV:EDU_audd,medium,danish,,
EDU_audd_5706,EDU,audd,5706,"Natur- og kulturformidling, prof.bach.","Natur- og kulturformidling, prof.bach.","Nature and Cultural Communication, prof.bach.",CSV:EDU_audd,medium,danish,,
EDU_audd_3201,EDU,audd,3201,"Marketing (overbygning), prof.bach.","Marketing (overbygning), prof.bach.","Marketing (overbygning), prof.bach.",CSV:EDU_audd,medium,danish,,
EDU_audd_4603,EDU,audd,4603,Tagdækker,Tagdækker,Roof Coverer,CSV:EDU_audd,medium,danish,,
EDU_audd_8402,EDU,audd,8402,"Agrobiologi, bach.","Agrobiologi, bach.","Agrobiologi, bach.",CSV:EDU_audd,medium,danish,,
EDU_audd_6200,EDU,audd,6200,"Agrobiology, cand.scient.","Agrobiology, cand.scient.","Agrobiology, cand.scient.",CSV:EDU_audd,medium,danish,,
EDU_audd_7481,EDU,audd,7481,"Historie, cand.mag.","Historie, cand.mag.","Historie, cand.mag.",CSV:EDU_audd,medium,danish,,
EDU_audd_3388,EDU,audd,3388,"Chemistry-biotechnology, ing.bach.","Chemistry-biotechnology, ing.bach.","Chemistry-biotechnology, ing.bach.",CSV:EDU_audd,medium,danish,,
EDU_audd_5240,EDU,audd,5240,"Chemical engineering, cand.polyt.","Chemical engineering, cand.polyt.","Chemical engineering, cand.polyt.",CSV:EDU_audd,medium,danish,,
EDU_audd_7579,EDU,audd,7579,"Engelsk, cand.mag.","Engelsk, cand.mag.","Engelsk, cand.mag.",CSV:EDU_audd,medium,danish,,
EDU_audd_5174,EDU,audd,5174,Energiteknolog,Energiteknolog,Energiteknolog,CSV:EDU_audd,medium,danish,,
EDU_audd_5385,EDU,audd,5385,"Technology Based Business Development, cand.polyt.","Technology Based Business Development, cand.polyt.","Technology Based Business Development, cand.polyt.",CSV:EDU_audd,medium,danish,,
EDU_audd_4127,EDU,audd,4127,Personvognsmontør,Personvognsmontør,Passenger Vehicle Mechanic,CSV:EDU_audd,medium,danish,,
EDU_audd_4421,EDU,audd,4421,"Gourmetslagter, slagtning","Gourmetslagter, slagtning","Gourmetslagter, slagtning",CSV:EDU_audd,medium,danish,,
EDU_audd_3191,EDU,audd,3191,"Lifestyle and Health Education, prof.bach.","Lifestyle and Health Education, prof.bach.","Lifestyle and Health Education, prof.bach.",CSV:EDU_audd,medium,danish,,
EDU_audd_8059,EDU,audd,8059,"Forsikringsmatematik, bach.","Forsikringsmatematik, bach.","Forsikringsmatematik, bach.",CSV:EDU_audd,medium,danish,,
EDU_audd_7522,EDU,audd,7522,"Datalogi, bach.","Datalogi, bach.","Datalogi, bach.",CSV:EDU_audd,medium,danish,,
EDU_audd_7580,EDU,audd,7580,"Computer Science, cand.scient.","Computer Science, cand.scient.","Computer Science, cand.scient.",CSV:EDU_audd,medium,danish,,
EDU_audd_3432,EDU,audd,3432,"Litteraturvidenskab, bach.","Litteraturvidenskab, bach.","Litteraturvidenskab, bach.",CSV:EDU_audd,medium,danish,,
EDU_audd_4300,EDU,audd,4300,Mureruddannelse una,Mureruddannelse una,Mureruddannelse una,CSV:EDU_audd,medium,danish,,
EDU_audd_5683,EDU,audd,5683,"Kommunikation, prof.bach.","Kommunikation, prof.bach.","Communication, prof.bach.",CSV:EDU_audd,medium,danish,,
EDU_audd_7449,EDU,audd,7449,"Molekylær biomedicin/Molekylær medicin, bach.","Molekylær biomedicin/Molekylær medicin, bach.","Molecular Biomedicine/Molecular Medicine, bach.",CSV:EDU_audd,medium,danish,,
EDU_audd_3490,EDU,audd,3490,"Molecular Biomedicine, cand.scient.","Molecular Biomedicine, cand.scient.","Molecular Biomedicine, cand.scient.",CSV:EDU_audd,medium,danish,,
EDU_audd_7860,EDU,audd,7860,"Musik og musikpædagogik, bach.","Musik og musikpædagogik, bach.","Music and Music Pedagogy, bach.",CSV:EDU_audd,medium,danish,,
EDU_audd_4621,EDU,audd,4621,"Planteskolegartner, handel","Planteskolegartner, handel","School Gardener, trade",CSV:EDU_audd,medium,danish,,
EDU_audd_6662,EDU,audd,6662,"Kemi og teknologi, ing.bach.","Kemi og teknologi, ing.bach.","Chemistry and Technology, ing.bach.",CSV:EDU_audd,medium,danish,,
EDU_audd_8358,EDU,audd,8358,"Chemical and Biochemical Engineering, cand.polyt.","Chemical and Biochemical Engineering, cand.polyt.","Chemical and Biochemical Engineering, cand.polyt.",CSV:EDU_audd,medium,danish,,
EDU_audd_7952,EDU,audd,7952,"Komponist, cand.musicae","Komponist, cand.musicae","Composer, cand.musicae",CSV:EDU_audd,medium,danish,,
EDU_audd_4448,EDU,audd,4448,Gastronomassistent,Gastronomassistent,Gastronomassistent,CSV:EDU_audd,medium,danish,,
EDU_audd_8042,EDU,audd,8042,"Sundhedsteknologi, ing.bach.","Sundhedsteknologi, ing.bach.","Health Technology, ing.bach.",CSV:EDU_audd,medium,danish,,
EDU_audd_7730,EDU,audd,7730,"Sociologi, cand.scient.soc.","Sociologi, cand.scient.soc.","Sociologi, cand.scient.soc.",CSV:EDU_audd,medium,danish,,
EDU_audd_7422,EDU,audd,7422,"Tysk sprog, litteratur og kultur, bach.","Tysk sprog, litteratur og kultur, bach.","German language, literature and culture, bach.",CSV:EDU_audd,medium,danish,,
EDU_audd_7697,EDU,audd,7697,"International Relations, cand.soc.","International Relations, cand.soc.","International Relations, cand.soc.",CSV:EDU_audd,medium,danish,,
EDU_audd_6626,EDU,audd,6626,"Kemi og bioteknologi, ing.prof.bach.","Kemi og bioteknologi, ing.prof.bach.","Chemistry and biotechnology, ing.prof.bach.",CSV:EDU_audd,medium,danish,,
EDU_audd_6458,EDU,audd,6458,"Culture, Communication and Globalization, cand.mag.","Culture, Communication and Globalization, cand.mag.","Culture, Communication and Globalization, cand.mag.",CSV:EDU_audd,medium,danish,,
EDU_audd_4574,EDU,audd,4574,Ambulancebehandler,Ambulancebehandler,Ambulancebehandler,CSV:EDU_audd,medium,danish,,
EDU_audd_5688,EDU,audd,5688,Scenekunstner med speciale i skuespil,Scenekunstner med speciale i skuespil,Stage actor specializing in drama,CSV:EDU_audd,medium,danish,,
EDU_audd_7147,EDU,audd,7147,"Sociale interventionsstudier, cand.soc.","Sociale interventionsstudier, cand.soc.","Sociale interventionsstudier, cand.soc.",CSV:EDU_audd,medium,danish,,
EDU_audd_7148,EDU,audd,7148,"Muskuloskeletal fysioterapi, cand.san.","Muskuloskeletal fysioterapi, cand.san.","Musculoskeletal physiotherapy, cand.san.",CSV:EDU_audd,medium,danish,,
EDU_audd_5482,EDU,audd,5482,"Visuel kommunikation, fotografisk kommunikation, prof.bach.","Visuel kommunikation, fotografisk kommunikation, prof.bach.","Visuel kommunikation, fotografisk kommunikation, prof.bach.",CSV:EDU_audd,medium,danish,,
EDU_audd_7916,EDU,audd,7916,"Teknisk videnskab (Fysik og ingeniørvidenskab), ing.bach.","Teknisk videnskab (Fysik og ingeniørvidenskab), ing.bach.","Technical science (Physics and engineering), ing.bach.",CSV:EDU_audd,medium,danish,,
EDU_audd_8368,EDU,audd,8368,"Engineering (Engineering Physics), cand.polyt.","Engineering (Engineering Physics), cand.polyt.","Engineering (Engineering Physics), cand.polyt.",CSV:EDU_audd,medium,danish,,
EDU_audd_6159,EDU,audd,6159,"Kultur- og sprogmødestudier, cand.mag.","Kultur- og sprogmødestudier, cand.mag.","Cultural and language studies, cand.mag.",CSV:EDU_audd,medium,danish,,
EDU_audd_7429,EDU,audd,7429,"Religion studier/Religionsvidenskab, bach.","Religion studier/Religionsvidenskab, bach.","Religious Studies/Theology, bach.",CSV:EDU_audd,medium,danish,,
EDU_audd_6263,EDU,audd,6263,"Digital Innovation and Management, cand.it.","Digital Innovation and Management, cand.it.","Digital Innovation and Management, cand.it.",CSV:EDU_audd,medium,danish,,
EDU_audd_4801,EDU,audd,4801,"Globale forretningssystemer, ing.bach.","Globale forretningssystemer, ing.bach.","Globale forretningssystemer, ing.bach.",CSV:EDU_audd,medium,danish,,
EDU_audd_3194,EDU,audd,3194,"Ejendomsadministration, prof.bach.","Ejendomsadministration, prof.bach.","Ejendomsadministration, prof.bach.",CSV:EDU_audd,medium,danish,,
EDU_audd_4389,EDU,audd,4389,"Smed, bearbejdning","Smed, bearbejdning","Smed, bearbejdning",CSV:EDU_audd,medium,danish,,
EDU_audd_6568,EDU,audd,6568,"Anvendt filosofi, bach.","Anvendt filosofi, bach.","Anvendt filosofi, bach.",CSV:EDU_audd,medium,danish,,
EDU_audd_5479,EDU,audd,5479,"Visuel kommunikation, interaktivt design, prof.bach.","Visuel kommunikation, interaktivt design, prof.bach.","Visuel kommunikation, interaktivt design, prof.bach.",CSV:EDU_audd,medium,danish,,
EDU_audd_7467,EDU,audd,7467,"Mathematics-Economics, cand.scient.oecon.","Mathematics-Economics, cand.scient.oecon.","Mathematics-Economics, cand.scient.oecon.",CSV:EDU_audd,medium,danish,,
EDU_audd_5982,EDU,audd,5982,"Erhvervsøkonomi-erhvervssprog, engelsk, bach.negot.","Erhvervsøkonomi-erhvervssprog, engelsk, bach.negot.","Business economics-business language, English, bach.negot.",CSV:EDU_audd,medium,danish,,
EDU_audd_8328,EDU,audd,8328,"Pharmaceutical Design and Engineering, cand.polyt.","Pharmaceutical Design and Engineering, cand.polyt.","Pharmaceutical Design and Engineering, cand.polyt.",CSV:EDU_audd,medium,danish,,
EDU_audd_3413,EDU,audd,3413,"HA almen erhvervsøkonomi, bach.","HA almen erhvervsøkonomi, bach.","General business administration, bach.",CSV:EDU_audd,medium,danish,,
EDU_audd_5475,EDU,audd,5475,"Softwareudvikling (overbygning), prof.bach.","Softwareudvikling (overbygning), prof.bach.","Software development (add-on), prof.bach.",CSV:EDU_audd,medium,danish,,
EDU_audd_3182,EDU,audd,3182,"Radiologisk billeddiagnostik, prof.bach.","Radiologisk billeddiagnostik, prof.bach.","Radiologisk billeddiagnostik, prof.bach.",CSV:EDU_audd,medium,danish,,
EDU_audd_6666,EDU,audd,6666,"Retorik, bach.","Retorik, bach.","Retorik, bach.",CSV:EDU_audd,medium,danish,,
EDU_audd_5438,EDU,audd,5438,"Multiplatform storytelling and production, prof.bach.","Multiplatform storytelling and production, prof.bach.","Multiplatform storytelling and production, prof.bach.",CSV:EDU_audd,medium,danish,,
EDU_audd_7716,EDU,audd,7716,"Erhvervsøkonomi og jura, cand.merc.jur.","Erhvervsøkonomi og jura, cand.merc.jur.","Business Administration and Law, cand.merc.jur.",CSV:EDU_audd,medium,danish,,
EDU_audd_2493,EDU,audd,2493,"Produktionsleder, landbrug","Produktionsleder, landbrug","Produktionsleder, landbrug",CSV:EDU_audd,medium,danish,,
EDU_audd_3031,EDU,audd,3031,"Virksomhedskommunikation,cand.ling.merc.","Virksomhedskommunikation,cand.ling.merc.","Business communication, cand.ling.merc.",CSV:EDU_audd,medium,danish,,
EDU_audd_3123,EDU,audd,3123,"Produktion, cand.scient.tech.","Produktion, cand.scient.tech.","Production, cand.scient.tech.",CSV:EDU_audd,medium,danish,,
EDU_audd_3417,EDU,audd,3417,"Economics and Business Administration, bach.","Economics and Business Administration, bach.","Economics and Business Administration, bach.",CSV:EDU_audd,medium,danish,,
EDU_audd_3463,EDU,audd,3463,"Electronics, cand.polyt.","Electronics, cand.polyt.","Electronics, cand.polyt.",CSV:EDU_audd,medium,danish,,
EDU_audd_4607,EDU,audd,4607,"Lufthavnsuddannelse, ground handling","Lufthavnsuddannelse, ground handling","Lufthavnsuddannelse, ground handling",CSV:EDU_audd,medium,danish,,
EDU_audd_7638,EDU,audd,7638,"Idræt/Idræt og sundhed, cand.scient.","Idræt/Idræt og sundhed, cand.scient.","Sports/Sports and Health, cand.scient.",CSV:EDU_audd,medium,danish,,
EDU_audd_7726,EDU,audd,7726,"Historie, cand.mag.","Historie, cand.mag.","Historie, cand.mag.",CSV:EDU_audd,medium,danish,,
EDU_audd_6049,EDU,audd,6049,"Psykologi, cand.mag.","Psykologi, cand.mag.","Psykologi, cand.mag.",CSV:EDU_audd,medium,danish,,
EDU_audd_3083,EDU,audd,3083,"HA(kom.) erhvervsøkonomi-virksomhedskommunikation, bach.","HA(kom.) erhvervsøkonomi-virksomhedskommunikation, bach.","Business economics-enterprise communication (HA), bach.",CSV:EDU_audd,medium,danish,,
EDU_audd_7708,EDU,audd,7708,"Folkesundhedsvidenskab, cand.scient.san.publ.","Folkesundhedsvidenskab, cand.scient.san.publ.","Folkesundhedsvidenskab, cand.scient.san.publ.",CSV:EDU_audd,medium,danish,,
EDU_audd_3302,EDU,audd,3302,Planteskolegartner,Planteskolegartner,Planteskolegartner,CSV:EDU_audd,medium,danish,,
EDU_audd_4545,EDU,audd,4545,"Kosmetiker, hud- og skønhedspleje","Kosmetiker, hud- og skønhedspleje",Cosmetology-skin and beauty care,CSV:EDU_audd,medium,danish,,
EDU_audd_6618,EDU,audd,6618,"Sprog og internationale studier-engelsk, bach.","Sprog og internationale studier-engelsk, bach.","Language and international studies-English, bach.",CSV:EDU_audd,medium,danish,,
EDU_audd_7526,EDU,audd,7526,"Medievidenskab, bach.","Medievidenskab, bach.","Medievidenskab, bach.",CSV:EDU_audd,medium,danish,,
EDU_audd_6038,EDU,audd,6038,"Kommunikation, cand.comm.","Kommunikation, cand.comm.","Communication, cand.comm.",CSV:EDU_audd,medium,danish,,
EDU_audd_7143,EDU,audd,7143,"Security Risk Management, cand.soc.","Security Risk Management, cand.soc.","Security Risk Management, cand.soc.",CSV:EDU_audd,medium,danish,,
EDU_audd_5865,EDU,audd,5865,"Officer, søværnet","Officer, søværnet","Officer, navy",CSV:EDU_audd,medium,danish,,
EDU_audd_7943,EDU,audd,7943,"Bygningsdesign, ing.bach.","Bygningsdesign, ing.bach.","Bygningsdesign, ing.bach.",CSV:EDU_audd,medium,danish,,
EDU_audd_7853,EDU,audd,7853,"Sangskrivning, bach.","Sangskrivning, bach.","Sangskrivning, bach.",CSV:EDU_audd,medium,danish,,
EDU_audd_6510,EDU,audd,6510,"Dramaturgi, bach.","Dramaturgi, bach.","Dramaturgi, bach.",CSV:EDU_audd,medium,danish,,
EDU_audd_6711,EDU,audd,6711,"Dramaturgi, cand.mag.","Dramaturgi, cand.mag.","Dramaturgi, cand.mag.",CSV:EDU_audd,medium,danish,,
EDU_audd_4329,EDU,audd,4329,CNC-drejer,CNC-drejer,CNC-drejer,CSV:EDU_audd,medium,danish,,
EDU_audd_5114,EDU,audd,5114,"Børneforsorgspædagog, kursus 4 mdr.","Børneforsorgspædagog, kursus 4 mdr.",Childcare pedagogy course 4 years,CSV:EDU_audd,medium,danish,,
EDU_audd_3870,EDU,audd,3870,Tilsynstekniker,Tilsynstekniker,Tilsynstekniker,CSV:EDU_audd,medium,danish,,
EDU_audd_6725,EDU,audd,6725,"Finsk, cand.mag.","Finsk, cand.mag.","Finsk, cand.mag.",CSV:EDU_audd,medium,danish,,
EDU_audd_5321,EDU,audd,5321,"Skibsbygning, produktion, teknikumingeniør","Skibsbygning, produktion, teknikumingeniør","Shipbuilding-production, technical engineering",CSV:EDU_audd,medium,danish,,
EDU_audd_7012,EDU,audd,7012,"Socialvidenskab, cand.rer.soc.","Socialvidenskab, cand.rer.soc.","Socialvidenskab, cand.rer.soc.",CSV:EDU_audd,medium,danish,,
EDU_audd_7141,EDU,audd,7141,"Sociologi, mag.scient.soc","Sociologi, mag.scient.soc","Sociologi, mag.scient.soc",CSV:EDU_audd,medium,danish,,
EDU_audd_5311,EDU,audd,5311,"Maskin, mekanisk-termisk, teknikumingeniør","Maskin, mekanisk-termisk, teknikumingeniør","Machine, mechanical-thermal, technical engineering",CSV:EDU_audd,medium,danish,,
EDU_audd_6587,EDU,audd,6587,"Musikvidenskab, cand.phil.","Musikvidenskab, cand.phil.","Musikvidenskab, cand.phil.",CSV:EDU_audd,medium,danish,,
EDU_audd_6515,EDU,audd,6515,"Eskimologi, cand.phil.","Eskimologi, cand.phil.","Eskimologi, cand.phil.",CSV:EDU_audd,medium,danish,,
EDU_audd_4073,EDU,audd,4073,"Designer tekstil, bach.","Designer tekstil, bach.","Designer tekstil, bach.",CSV:EDU_audd,medium,danish,,
EDU_audd_4327,EDU,audd,4327,Skibsbygningsarbejder,Skibsbygningsarbejder,Skibsbygningsarbejder,CSV:EDU_audd,medium,danish,,
EDU_audd_6184,EDU,audd,6184,"Samfundsvidenskab, grunduddannelse/basis","Samfundsvidenskab, grunduddannelse/basis","Social sciences, basic education/basis",CSV:EDU_audd,medium,danish,,
EDU_audd_5521,EDU,audd,5521,"Erhvervssprogligt grundstudium, fransk-tysk","Erhvervssprogligt grundstudium, fransk-tysk","Erhvervssprogligt grundstudium, fransk-tysk",CSV:EDU_audd,medium,danish,,
EDU_audd_5496,EDU,audd,5496,"Erhvervssproglig begynderprøve, spansk","Erhvervssproglig begynderprøve, spansk","Vocational language beginner's exam, Spanish",CSV:EDU_audd,medium,danish,,
EDU_audd_4084,EDU,audd,4084,Grafonom i teknik og økonomi,Grafonom i teknik og økonomi,Graphic design in technology and economics,CSV:EDU_audd,medium,danish,,
EDU_audd_5742,EDU,audd,5742,"Pædagogik faglig, cand.pæd. (DPU)","Pædagogik faglig, cand.pæd. (DPU)","Pedagogy, cand.ped. (DPU)",CSV:EDU_audd,medium,danish,,
EDU_audd_8084,EDU,audd,8084,"Astronomy, cand.scient.","Astronomy, cand.scient.","Astronomy, cand.scient.",CSV:EDU_audd,medium,danish,,
EDU_audd_4462,EDU,audd,4462,Reprofotograf,Reprofotograf,Reprofotograf,CSV:EDU_audd,medium,danish,,
EDU_audd_5302,EDU,audd,5302,"Husbygning, teknikumingeniør","Husbygning, teknikumingeniør","Building construction, engineering technician",CSV:EDU_audd,medium,danish,,
EDU_audd_1509,EDU,audd,1509,"1. år, grundsskolekursus 2-årigt","1. år, grundsskolekursus 2-årigt","First year, primary school course 2-year",CSV:EDU_audd,medium,danish,,
EDU_audd_8255,EDU,audd,8255,"Legemsøvelser, faglærer","Legemsøvelser, faglærer","Physical education, subject teacher",CSV:EDU_audd,medium,danish,,
EDU_audd_5004,EDU,audd,5004,"Akademiøkonom, salgskonsulent","Akademiøkonom, salgskonsulent","Business academy economics, sales consultant",CSV:EDU_audd,medium,danish,,
EDU_audd_8222,EDU,audd,8222,"Zoologi-biologi-geologi, cand.scient.","Zoologi-biologi-geologi, cand.scient.","Zoology-biology-geology, cand.scient.",CSV:EDU_audd,medium,danish,,
EDU_audd_4672,EDU,audd,4672,Buschauffør,Buschauffør,Bus Driver,CSV:EDU_audd,medium,danish,,
EDU_audd_8090,EDU,audd,8090,"Biokemi, cand.scient.","Biokemi, cand.scient.","Biokemi, cand.scient.",CSV:EDU_audd,medium,danish,,
EDU_audd_5301,EDU,audd,5301,"Bygge og anlæg, teknikumingeniør","Bygge og anlæg, teknikumingeniør","Construction and facilities, engineering technician",CSV:EDU_audd,medium,danish,,
EDU_audd_5358,EDU,audd,5358,"Industri, akademiingeniør","Industri, akademiingeniør","Industry, engineering academy",CSV:EDU_audd,medium,danish,,
EDU_audd_4342,EDU,audd,4342,Guldsmed,Guldsmed,Guldsmed,CSV:EDU_audd,medium,danish,,
EDU_audd_4075,EDU,audd,4075,"Kunsthåndværker, guld- og sølvformgivning","Kunsthåndværker, guld- og sølvformgivning","Artisan, gold and silver forming",CSV:EDU_audd,medium,danish,,
EDU_audd_4665,EDU,audd,4665,"Chauffør, persontransport","Chauffør, persontransport","Driver, passenger transport",CSV:EDU_audd,medium,danish,,
EDU_audd_4871,EDU,audd,4871,Porteføljemager,Porteføljemager,Portfolio Management,CSV:EDU_audd,medium,danish,,
EDU_audd_5743,EDU,audd,5743,"Humanistisk pædagogik, cand.hum.pæd. (DPU)","Humanistisk pædagogik, cand.hum.pæd. (DPU)","Humanities Pedagogy, cand.hum.ped. (DPU)",CSV:EDU_audd,medium,danish,,
EDU_audd_2468,EDU,audd,2468,"Landbrugstekniker, landbrug diplomuddannelse","Landbrugstekniker, landbrug diplomuddannelse","Landbrugstekniker, landbrug diplomuddannelse",CSV:EDU_audd,medium,danish,,
EDU_audd_5200,EDU,audd,5200,Postelev,Postelev,Postelev,CSV:EDU_audd,medium,danish,,
EDU_audd_5365,EDU,audd,5365,"Bygning-almen, civilingeniør","Bygning-almen, civilingeniør","Building-General, Civil Engineer",CSV:EDU_audd,medium,danish,,
EDU_audd_5609,EDU,audd,5609,"Musikledelse, musikpædagog","Musikledelse, musikpædagog","Music Leadership, Music Pedagogy",CSV:EDU_audd,medium,danish,,
EDU_audd_5837,EDU,audd,5837,"Konserveringsteknik, kulturhistorisk, bach.","Konserveringsteknik, kulturhistorisk, bach.","Konserveringsteknik, kulturhistorisk, bach.",CSV:EDU_audd,medium,danish,,
EDU_audd_5349,EDU,audd,5349,"Information, akademiingeniør","Information, akademiingeniør","Information Technology, Engineering Diploma",CSV:EDU_audd,medium,danish,,
EDU_audd_6659,EDU,audd,6659,"Østasiatisk sprog og kultur, cand.phil.","Østasiatisk sprog og kultur, cand.phil.","East Asian Language and Culture, cand phil.",CSV:EDU_audd,medium,danish,,
EDU_audd_8091,EDU,audd,8091,"Statistics, cand.scient.","Statistics, cand.scient.","Statistics, cand.scient.",CSV:EDU_audd,medium,danish,,
EDU_audd_7323,EDU,audd,7323,"Etnografi og antropologi, mag.art.","Etnografi og antropologi, mag.art.","Ethnography and Anthropology, Mag.Art.",CSV:EDU_audd,medium,danish,,
EDU_audd_6011,EDU,audd,6011,"Samfundsvindenskab, cand.samf. (AAU)","Samfundsvindenskab, cand.samf. (AAU)","Samfundsvindenskab, cand.samf. (AAU)",CSV:EDU_audd,medium,danish,,
EDU_audd_8224,EDU,audd,8224,"Botanik-biologi-geografi, cand.scient.","Botanik-biologi-geografi, cand.scient.","Botany-Biology-Geography, cand.scient.",CSV:EDU_audd,medium,danish,,
EDU_audd_5318,EDU,audd,5318,"Maskin, produktion, teknikumingeniør","Maskin, produktion, teknikumingeniør",Machine-Production-Tech College Engineer,CSV:EDU_audd,medium,danish,,
EDU_audd_5394,EDU,audd,5394,"Driftsteknik, civilingeniør","Driftsteknik, civilingeniør","Operation Technology, Civil Engineer",CSV:EDU_audd,medium,danish,,
EDU_audd_5367,EDU,audd,5367,"Husbygning, civilingeniør","Husbygning, civilingeniør","Residential Building, Civil Engineer",CSV:EDU_audd,medium,danish,,
EDU_audd_2463,EDU,audd,2463,"Landbrugstekniker, regnskab","Landbrugstekniker, regnskab","Agricultural Engineer, Accounting",CSV:EDU_audd,medium,danish,,
EDU_audd_2467,EDU,audd,2467,"Landbrugstekniker, planteavl","Landbrugstekniker, planteavl","Agricultural Engineer, Plant Cultivation",CSV:EDU_audd,medium,danish,,
EDU_audd_4332,EDU,audd,4332,Skibsmekaniker,Skibsmekaniker,Skibsmekaniker,CSV:EDU_audd,medium,danish,,
EDU_audd_4483,EDU,audd,4483,Urmager,Urmager,Urmager,CSV:EDU_audd,medium,danish,,
EDU_audd_4514,EDU,audd,4514,"Tandtekniker, aftagelig protetik","Tandtekniker, aftagelig protetik","Dental Technician, Removable Prosthodontics",CSV:EDU_audd,medium,danish,,
EDU_audd_5462,EDU,audd,5462,Bibliotekar ved forsknings- og fagbibliotek,Bibliotekar ved forsknings- og fagbibliotek,Librarian at Research and Academic Libraries,CSV:EDU_audd,medium,danish,,
EDU_audd_8180,EDU,audd,8180,"Kulturgeografi, bach.","Kulturgeografi, bach.","Kulturgeografi, bach.",CSV:EDU_audd,medium,danish,,
EDU_audd_5384,EDU,audd,5384,"Indeklima, civilingeniør","Indeklima, civilingeniør","Indoor Climate, Civil Engineer",CSV:EDU_audd,medium,danish,,
EDU_audd_7667,EDU,audd,7667,Smykkeformgiver,Smykkeformgiver,Smykkeformgiver,CSV:EDU_audd,medium,danish,,
EDU_audd_4326,EDU,audd,4326,"Klejnsmed, rustfast","Klejnsmed, rustfast","Klejnsmed, rustfast",CSV:EDU_audd,medium,danish,,
EDU_audd_5374,EDU,audd,5374,"Procesregulering, civilingeniør","Procesregulering, civilingeniør","Process Control, Civil Engineer",CSV:EDU_audd,medium,danish,,
EDU_audd_4028,EDU,audd,4028,Akademiøkonom i turisme,Akademiøkonom i turisme,Academic Economist in Tourism,CSV:EDU_audd,medium,danish,,
EDU_audd_7494,EDU,audd,7494,"Teologi, cand.theol.","Teologi, cand.theol.","Teologi, cand.theol.",CSV:EDU_audd,medium,danish,,
EDU_audd_5467,EDU,audd,5467,Bibliotekar DB,Bibliotekar DB,Bibliotekar DB,CSV:EDU_audd,medium,danish,,
EDU_audd_5471,EDU,audd,5471,Bibliotekar DB,Bibliotekar DB,Bibliotekar DB,CSV:EDU_audd,medium,danish,,
EDU_audd_4256,EDU,audd,4256,Beslagsmed,Beslagsmed,Beslagsmed,CSV:EDU_audd,medium,danish,,
EDU_audd_2465,EDU,audd,2465,"Landbrugstekniker, husdyrbrug","Landbrugstekniker, husdyrbrug","Agricultural Engineer, Livestock Management",CSV:EDU_audd,medium,danish,,
EDU_audd_6121,EDU,audd,6121,"Administrativ databehandling, kombination (RUC)","Administrativ databehandling, kombination (RUC)","Administrative Data Processing, Combination (RUC)",CSV:EDU_audd,medium,danish,,
EDU_audd_6671,EDU,audd,6671,"Religionsvidenskab, cand.phil.","Religionsvidenskab, cand.phil.","Religionsvidenskab, cand.phil.",CSV:EDU_audd,medium,danish,,
EDU_audd_5536,EDU,audd,5536,"Arabisk, cand.negot. (udelt 4år)","Arabisk, cand.negot. (udelt 4år)","Arabic, cand.negot. (special 4 years)",CSV:EDU_audd,medium,danish,,
EDU_audd_4291,EDU,audd,4291,"Elektriker, kommunikationsteknik","Elektriker, kommunikationsteknik","Elektriker, kommunikationsteknik",CSV:EDU_audd,medium,danish,,
EDU_audd_7440,EDU,audd,7440,"Teologi, bach.","Teologi, bach.","Teologi, bach.",CSV:EDU_audd,medium,danish,,
EDU_audd_4259,EDU,audd,4259,Køletekniker,Køletekniker,Refrigeration Technician,CSV:EDU_audd,medium,danish,,
EDU_audd_6540,EDU,audd,6540,"Idehistorie, bach.","Idehistorie, bach.","Idehistorie, bach.",CSV:EDU_audd,medium,danish,,
EDU_audd_6741,EDU,audd,6741,"Idehistorie, cand.mag.","Idehistorie, cand.mag.","Idehistorie, cand.mag.",CSV:EDU_audd,medium,danish,,
EDU_audd_5356,EDU,audd,5356,"Energi, akademiingeniør","Energi, akademiingeniør","Energy, Engineering Diploma",CSV:EDU_audd,medium,danish,,
EDU_audd_4518,EDU,audd,4518,Strikkeoperatør,Strikkeoperatør,Knitting Operator,CSV:EDU_audd,medium,danish,,
EDU_audd_7408,EDU,audd,7408,"Audiologopædi, bach.","Audiologopædi, bach.","Audiology, bach.",CSV:EDU_audd,medium,danish,,
EDU_audd_7471,EDU,audd,7471,"Audiologopædi, cand.mag.","Audiologopædi, cand.mag.","Audiology, cand.mag.",CSV:EDU_audd,medium,danish,,
EDU_audd_4011,EDU,audd,4011,Akademiøkonom i international handel,Akademiøkonom i international handel,International Trade Business Administrator,CSV:EDU_audd,medium,danish,,
EDU_audd_1510,EDU,audd,1510,"2. år, grundsskolekursus 2-årigt","2. år, grundsskolekursus 2-årigt","2nd Year, Two-Year Primary School Course",CSV:EDU_audd,medium,danish,,
EDU_audd_5695,EDU,audd,5695,"Tegnsprogstolkning, overbygning","Tegnsprogstolkning, overbygning","Sign Language Interpretation, Postgraduate",CSV:EDU_audd,medium,danish,,
EDU_audd_4020,EDU,audd,4020,Akademiøkonom i transport,Akademiøkonom i transport,Transportation Business Administrator,CSV:EDU_audd,medium,danish,,
EDU_audd_5053,EDU,audd,5053,Tf-stærkstrømsteknik,Tf-stærkstrømsteknik,Tf-High Voltage Technology,CSV:EDU_audd,medium,danish,,
EDU_audd_6523,EDU,audd,6523,"Filosofi, cand.phil.","Filosofi, cand.phil.","Filosofi, cand.phil.",CSV:EDU_audd,medium,danish,,
EDU_audd_7492,EDU,audd,7492,"Sundhedsfaglig kandidatuddannelse, cand.scient.san.","Sundhedsfaglig kandidatuddannelse, cand.scient.san.","Sundhedsfaglig kandidatuddannelse, cand.scient.san.",CSV:EDU_audd,medium,danish,,
EDU_audd_4243,EDU,audd,4243,Stærkstrømsmekaniker,Stærkstrømsmekaniker,High Voltage Mechanic,CSV:EDU_audd,medium,danish,,
EDU_audd_5875,EDU,audd,5875,"V.U.T., flyvevåbnet","V.U.T., flyvevåbnet","V.U.T., Air Force (via 51)",CSV:EDU_audd,medium,danish,,
EDU_audd_4313,EDU,audd,4313,Forsyningsoperatør,Forsyningsoperatør,Supply Operator,CSV:EDU_audd,medium,danish,,
EDU_audd_2016,EDU,audd,2016,Kystskipper og fiskeskipper af 3.grad,Kystskipper og fiskeskipper af 3.grad,"Coastal and Fishing Vessel Captain, 3rd Class",CSV:EDU_audd,medium,danish,,
EDU_audd_5006,EDU,audd,5006,Akademiøkonom i internationalt salg,Akademiøkonom i internationalt salg,International Sales Business Administrator,CSV:EDU_audd,medium,danish,,
EDU_audd_4022,EDU,audd,4022,Akademiøkonom i eksport,Akademiøkonom i eksport,Export Business Administrator,CSV:EDU_audd,medium,danish,,
EDU_audd_4097,EDU,audd,4097,Miljøtekniker,Miljøtekniker,Environmental Technician,CSV:EDU_audd,medium,danish,,
EDU_audd_4086,EDU,audd,4086,"Designer mode, bach.","Designer mode, bach.","Designer mode, bach.",CSV:EDU_audd,medium,danish,,
EDU_audd_7373,EDU,audd,7373,"Litteraturvidenskab, mag.art.","Litteraturvidenskab, mag.art.","Literary Studies, Mag.art.",CSV:EDU_audd,medium,danish,,
EDU_audd_6077,EDU,audd,6077,"Samfundsvidnenskab kombination, cand.mag.","Samfundsvidnenskab kombination, cand.mag.","Social Science Combination, cand.mag.",CSV:EDU_audd,medium,danish,,
EDU_audd_5091,EDU,audd,5091,"Laborant, forskole","Laborant, forskole","Laborant, forskole",CSV:EDU_audd,medium,danish,,
EDU_audd_7005,EDU,audd,7005,"Virksomhedsstudier, cand.soc.","Virksomhedsstudier, cand.soc.","Business Studies, cand.soc.",CSV:EDU_audd,medium,danish,,
EDU_audd_6774,EDU,audd,6774,"Oldtidskundskab, overbygning","Oldtidskundskab, overbygning","Oldtidskundskab, overbygning",CSV:EDU_audd,medium,danish,,
EDU_audd_4904,EDU,audd,4904,"Detail, hvidevarer og sengeudstyr","Detail, hvidevarer og sengeudstyr","Retail, White Goods and Bedding",CSV:EDU_audd,medium,danish,,
EDU_audd_3178,EDU,audd,3178,"Undervisning i tekstildesign og håndværk, prof.bach.","Undervisning i tekstildesign og håndværk, prof.bach.","Education in Textile Design and Craft, prof.bach.",CSV:EDU_audd,medium,danish,,
EDU_audd_4096,EDU,audd,4096,Kvalitets- og måletekniker,Kvalitets- og måletekniker,Quality and measuring technician,CSV:EDU_audd,medium,danish,,
EDU_audd_5068,EDU,audd,5068,"Gartneritekniker, væksthus","Gartneritekniker, væksthus",Greenhouse technology technician,CSV:EDU_audd,medium,danish,,
EDU_audd_7243,EDU,audd,7243,"Filosofi, mag.art.","Filosofi, mag.art.","Filosofi, mag.art.",CSV:EDU_audd,medium,danish,,
EDU_audd_5951,EDU,audd,5951,"Engelsk-fransk erhvervssprog, bach.","Engelsk-fransk erhvervssprog, bach.","English-French business language, bach.",CSV:EDU_audd,medium,danish,,
EDU_audd_4473,EDU,audd,4473,Serigraf,Serigraf,Serigraf,CSV:EDU_audd,medium,danish,,
EDU_audd_5805,EDU,audd,5805,"Manuskriptuddannelse, film og tv produktion","Manuskriptuddannelse, film og tv produktion","Manuscript education, film and TV production",CSV:EDU_audd,medium,danish,,
EDU_audd_4667,EDU,audd,4667,"Postoperatør, center","Postoperatør, center","Postoperator, center",CSV:EDU_audd,medium,danish,,
EDU_audd_6612,EDU,audd,6612,"Religionshistorie, bach.","Religionshistorie, bach.","Religionshistorie, bach.",CSV:EDU_audd,medium,danish,,
EDU_audd_6151,EDU,audd,6151,"Samfundsvidenskab, grunduddannelse bach.","Samfundsvidenskab, grunduddannelse bach.","Samfundsvidenskab, grunduddannelse bach.",CSV:EDU_audd,medium,danish,,
EDU_audd_5866,EDU,audd,5866,"Officer, operativ søværnet","Officer, operativ søværnet","Officer, operational navy network",CSV:EDU_audd,medium,danish,,
EDU_audd_5885,EDU,audd,5885,"V.O.U., søværnet","V.O.U., søværnet","V.O.U., navy network",CSV:EDU_audd,medium,danish,,
EDU_audd_5016,EDU,audd,5016,Tf-kemiteknik,Tf-kemiteknik,Tf-kemiteknik,CSV:EDU_audd,medium,danish,,
EDU_audd_6517,EDU,audd,6517,"Etnografi og antropologi, cand.phil.","Etnografi og antropologi, cand.phil.","Ethnography and anthropology, cand.phil.",CSV:EDU_audd,medium,danish,,
EDU_audd_5946,EDU,audd,5946,"Engelsk erhvervssprog kombineret una, bach.","Engelsk erhvervssprog kombineret una, bach.","English business language combined una, bach.",CSV:EDU_audd,medium,danish,,
EDU_audd_5126,EDU,audd,5126,"FIF flygtninge, adgangskursus til videregående uddannelse","FIF flygtninge, adgangskursus til videregående uddannelse","FIF refugees, access course for further education",CSV:EDU_audd,medium,danish,,
EDU_audd_1565,EDU,audd,1565,"1. år, studenterkursus sproglig-forsøg","1. år, studenterkursus sproglig-forsøg","First year, language and experimental course",CSV:EDU_audd,medium,danish,,
EDU_audd_5018,EDU,audd,5018,Tf-produktionsteknik,Tf-produktionsteknik,Tf-produktionsteknik,CSV:EDU_audd,medium,danish,,
EDU_audd_5061,EDU,audd,5061,Laboratorietekniker,Laboratorietekniker,Laboratorietekniker,CSV:EDU_audd,medium,danish,,
EDU_audd_4524,EDU,audd,4524,Kosmetiker,Kosmetiker,Kosmetiker,CSV:EDU_audd,medium,danish,,
EDU_audd_5709,EDU,audd,5709,"HA erhvervsanalyse, bach.","HA erhvervsanalyse, bach.","HA erhvervsanalyse, bach.",CSV:EDU_audd,medium,danish,,
EDU_audd_5598,EDU,audd,5598,"Datalingvistik, cand.ling.merc.","Datalingvistik, cand.ling.merc.","Computational linguistics, cand.ling.merc.",CSV:EDU_audd,medium,danish,,
EDU_audd_6819,EDU,audd,6819,"Mellemøstens sprog og samfund-hebraisk, cand.mag.","Mellemøstens sprog og samfund-hebraisk, cand.mag.","Languages and societies of the Middle East-Hebrew, cand.mag.",CSV:EDU_audd,medium,danish,,
EDU_audd_7722,EDU,audd,7722,"Tysk sprog, litteratur og kultur, cand.mag.","Tysk sprog, litteratur og kultur, cand.mag.","German Language, Literature and Culture, cand.mag.",CSV:EDU_audd,medium,danish,,
EDU_audd_5334,EDU,audd,5334,"Stærkstrøm, ing.prof.bach.","Stærkstrøm, ing.prof.bach.","High Voltage Technology, ing.prof.bach.",CSV:EDU_audd,medium,danish,,
EDU_audd_5711,EDU,audd,5711,"HA turisme, bach.","HA turisme, bach.","HA turisme, bach.",CSV:EDU_audd,medium,danish,,
EDU_audd_4367,EDU,audd,4367,Ventilationstekniker,Ventilationstekniker,Ventilationstekniker,CSV:EDU_audd,medium,danish,,
EDU_audd_6356,EDU,audd,6356,"Beklædnings- og modedesign, bach.","Beklædnings- og modedesign, bach.","Fashion and Apparel Design, bach.",CSV:EDU_audd,medium,danish,,
EDU_audd_4507,EDU,audd,4507,Blåmaler,Blåmaler,Painter (blue collar trade),CSV:EDU_audd,medium,danish,,
EDU_audd_5890,EDU,audd,5890,"P.O.G.U., flyvevåbnet","P.O.G.U., flyvevåbnet","P.O.G.U., Air Force",CSV:EDU_audd,medium,danish,,
EDU_audd_5046,EDU,audd,5046,"Bygningskonstruktør, anlægsteknik","Bygningskonstruktør, anlægsteknik","Building Constructor, Plant Engineering",CSV:EDU_audd,medium,danish,,
EDU_audd_5867,EDU,audd,5867,"Officer, teknisk søværnet","Officer, teknisk søværnet","Officer, Technical Navy",CSV:EDU_audd,medium,danish,,
EDU_audd_4655,EDU,audd,4655,Stationsbetjent,Stationsbetjent,Stationsbetjent,CSV:EDU_audd,medium,danish,,
EDU_audd_6646,EDU,audd,6646,"Østasiatisk sprog og kultur, bach.","Østasiatisk sprog og kultur, bach.","East Asian Language and Culture, bach.",CSV:EDU_audd,medium,danish,,
EDU_audd_6849,EDU,audd,6849,"Asienstudier, Kinastudier, cand.mag.","Asienstudier, Kinastudier, cand.mag.","Asienstudier, Kinastudier, cand.mag.",CSV:EDU_audd,medium,danish,,
EDU_audd_5038,EDU,audd,5038,Modelkonstruktør,Modelkonstruktør,Model Constructor,CSV:EDU_audd,medium,danish,,
EDU_audd_5652,EDU,audd,5652,"Erhvervsøkonomi og jura, cand.merc.(jur.)","Erhvervsøkonomi og jura, cand.merc.(jur.)","Business Administration and Law, cand.merc.(jur.)",CSV:EDU_audd,medium,danish,,
EDU_audd_6554,EDU,audd,6554,"Grønlandske og arktiske studier, bach.","Grønlandske og arktiske studier, bach.","Greenlandic and Arctic Studies, bach.",CSV:EDU_audd,medium,danish,,
EDU_audd_6715,EDU,audd,6715,"Grønlandske og arktiske studier, cand.mag.","Grønlandske og arktiske studier, cand.mag.","Greenlandic and Arctic Studies, cand.mag.",CSV:EDU_audd,medium,danish,,
EDU_audd_5332,EDU,audd,5332,"Diplomingeniør, prof.bach. una","Diplomingeniør, prof.bach. una","Engineering Diploma, prof.bach. una",CSV:EDU_audd,medium,danish,,
EDU_audd_7669,EDU,audd,7669,"Musik/Musikvidenskab, bach.","Musik/Musikvidenskab, bach.","Music/Music Science, bach.",CSV:EDU_audd,medium,danish,,
EDU_audd_6030,EDU,audd,6030,"Musikterapi, bach.","Musikterapi, bach.","Musikterapi, bach.",CSV:EDU_audd,medium,danish,,
EDU_audd_6031,EDU,audd,6031,"Musikterapi (AAU), overbygning","Musikterapi (AAU), overbygning","Musikterapi (AAU), overbygning",CSV:EDU_audd,medium,danish,,
EDU_audd_8041,EDU,audd,8041,"Statistik, bach.","Statistik, bach.","Statistik, bach.",CSV:EDU_audd,medium,danish,,
EDU_audd_4489,EDU,audd,4489,Farverioperatør,Farverioperatør,Dye Operator,CSV:EDU_audd,medium,danish,,
EDU_audd_5961,EDU,audd,5961,"Tysk-spansk erhvervssprog, bach.","Tysk-spansk erhvervssprog, bach.","Tysk-spansk erhvervssprog, bach.",CSV:EDU_audd,medium,danish,,
EDU_audd_4033,EDU,audd,4033,"Designer digital, bach.","Designer digital, bach.","Designer digital, bach.",CSV:EDU_audd,medium,danish,,
EDU_audd_5104,EDU,audd,5104,"Designer illustration, cand.design","Designer illustration, cand.design","Designer illustration, cand.design",CSV:EDU_audd,medium,danish,,
EDU_audd_4312,EDU,audd,4312,Elektronikoperatør,Elektronikoperatør,Electronics Operator,CSV:EDU_audd,medium,danish,,
EDU_audd_7119,EDU,audd,7119,"Samfundsfag og forvaltning kombineret, cand.mag.","Samfundsfag og forvaltning kombineret, cand.mag.","Social Sciences and Management Combined, cand.mag.",CSV:EDU_audd,medium,danish,,
EDU_audd_7721,EDU,audd,7721,"Dansk, cand.mag.","Dansk, cand.mag.","Dansk, cand.mag.",CSV:EDU_audd,medium,danish,,
EDU_audd_5964,EDU,audd,5964,"Business, Language and Culture, german, cand.negot.","Business, Language and Culture, german, cand.negot.","Business, Language and Culture, german, cand.negot.",CSV:EDU_audd,medium,danish,,
EDU_audd_5963,EDU,audd,5963,"Erhvervsøkonomi-erhvervssprog, fransk, cand.negot.","Erhvervsøkonomi-erhvervssprog, fransk, cand.negot.","Business Administration-French Business Language, cand.negot.",CSV:EDU_audd,medium,danish,,
EDU_audd_8155,EDU,audd,8155,"Biomedicin, bach.","Biomedicin, bach.","Biomedicin, bach.",CSV:EDU_audd,medium,danish,,
EDU_audd_6261,EDU,audd,6261,"IT til organisationer, cand.it.","IT til organisationer, cand.it.","IT for Organizations, cand.it.",CSV:EDU_audd,medium,danish,,
EDU_audd_4939,EDU,audd,4939,"Detail, servicestation og kiosk","Detail, servicestation og kiosk","Detail, service station and kiosk",CSV:EDU_audd,medium,danish,,
EDU_audd_8202,EDU,audd,8202,"Molekylærbiologi, cand.scient.","Molekylærbiologi, cand.scient.","Molecular biology, cand.scient.",CSV:EDU_audd,medium,danish,,
EDU_audd_4660,EDU,audd,4660,"Chauffør, all round","Chauffør, all round","Driver, all round",CSV:EDU_audd,medium,danish,,
EDU_audd_4932,EDU,audd,4932,Dekoratør,Dekoratør,Decorator,CSV:EDU_audd,medium,danish,,
EDU_audd_5680,EDU,audd,5680,Cand.ling.merc. una,Cand.ling.merc. una,Cand.ling.merc. una,CSV:EDU_audd,medium,danish,,
EDU_audd_6726,EDU,audd,6726,"Medievidenskab, cand.mag.","Medievidenskab, cand.mag.","Medievidenskab, cand.mag.",CSV:EDU_audd,medium,danish,,
EDU_audd_5084,EDU,audd,5084,Innovation og entrepreneurship,Innovation og entrepreneurship,Innovation and entrepreneurship,CSV:EDU_audd,medium,danish,,
EDU_audd_4640,EDU,audd,4640,Veterinærsygeplejerske,Veterinærsygeplejerske,Veterinary Nurse,CSV:EDU_audd,medium,danish,,
EDU_audd_5808,EDU,audd,5808,"Karakteranimation,prof.bach.","Karakteranimation,prof.bach.","Karakteranimation,prof.bach.",CSV:EDU_audd,medium,danish,,
EDU_audd_5801,EDU,audd,5801,"Fotograf, film og tv produktion","Fotograf, film og tv produktion","Photographer, film and TV production",CSV:EDU_audd,medium,danish,,
EDU_audd_5787,EDU,audd,5787,"Kommunikationsledelse og erhvervsøkonomi, cand.merc.","Kommunikationsledelse og erhvervsøkonomi, cand.merc.","Communication management and business administration, cand.merc.",CSV:EDU_audd,medium,danish,,
EDU_audd_5059,EDU,audd,5059,"Designer industriel, cand.design","Designer industriel, cand.design","Designer industriel, cand.design",CSV:EDU_audd,medium,danish,,
EDU_audd_7728,EDU,audd,7728,"Læring og forandringsprocesser, cand.mag.","Læring og forandringsprocesser, cand.mag.","Learning and change processes, cand.mag.",CSV:EDU_audd,medium,danish,,
EDU_audd_7556,EDU,audd,7556,"Matematik, bach.","Matematik, bach.","Matematik, bach.",CSV:EDU_audd,medium,danish,,
EDU_audd_5125,EDU,audd,5125,Administrationsøkonom,Administrationsøkonom,Administrative economics,CSV:EDU_audd,medium,danish,,
EDU_audd_5343,EDU,audd,5343,"IT, ing.prof.bach.","IT, ing.prof.bach.","IT, ing.prof.bach.",CSV:EDU_audd,medium,danish,,
EDU_audd_5271,EDU,audd,5271,"Computerteknologi, cand.polyt.","Computerteknologi, cand.polyt.","Computer technology, cand.polyt.",CSV:EDU_audd,medium,danish,,
EDU_audd_8261,EDU,audd,8261,"Datateknik, ingeniør bach.","Datateknik, ingeniør bach.","Data technology, engineer bach.",CSV:EDU_audd,medium,danish,,
EDU_audd_8262,EDU,audd,8262,"Datateknik, civilingeniør","Datateknik, civilingeniør","Data technology, civil engineer",CSV:EDU_audd,medium,danish,,
EDU_audd_4453,EDU,audd,4453,Multimedie integrator,Multimedie integrator,Multimedie integrator,CSV:EDU_audd,medium,danish,,
EDU_audd_4943,EDU,audd,4943,"Detail, musik-video-software","Detail, musik-video-software","Details, music-video-software",CSV:EDU_audd,medium,danish,,
EDU_audd_4094,EDU,audd,4094,Herregårdsskytte,Herregårdsskytte,Hunting with firearms on estates,CSV:EDU_audd,medium,danish,,
EDU_audd_7411,EDU,audd,7411,"Filosofi, bach.","Filosofi, bach.","Filosofi, bach.",CSV:EDU_audd,medium,danish,,
EDU_audd_5227,EDU,audd,5227,"Jordbrugsvirksomhed, miljø og natur (overbygning), prof.bach.","Jordbrugsvirksomhed, miljø og natur (overbygning), prof.bach.","Agriculture business, environment and nature (specialization), prof.bach.",CSV:EDU_audd,medium,danish,,
EDU_audd_4454,EDU,audd,4454,Multimedie animator,Multimedie animator,Multimedie animator,CSV:EDU_audd,medium,danish,,
EDU_audd_6778,EDU,audd,6778,"Kunsthistorie, overbygning","Kunsthistorie, overbygning","Kunsthistorie, overbygning",CSV:EDU_audd,medium,danish,,
EDU_audd_5138,EDU,audd,5138,"Industriel designer (overbygning), prof.bach.","Industriel designer (overbygning), prof.bach.","Industrial design (specialization), prof.bach.",CSV:EDU_audd,medium,danish,,
EDU_audd_4356,EDU,audd,4356,Teleinstallationstekniker,Teleinstallationstekniker,Teleinstallationstekniker,CSV:EDU_audd,medium,danish,,
EDU_audd_4722,EDU,audd,4722,Vejgodstransportudd. una,Vejgodstransportudd. una,Vejgodstransportudd. una,CSV:EDU_audd,medium,danish,,
EDU_audd_4477,EDU,audd,4477,Ernæringsassistent una,Ernæringsassistent una,Unqualified nutrition assistant,CSV:EDU_audd,medium,danish,,
EDU_audd_7846,EDU,audd,7846,"Klassisk musikpædagogik (AM), bach.","Klassisk musikpædagogik (AM), bach.","Classical music pedagogy (AM), bach.",CSV:EDU_audd,medium,danish,,
EDU_audd_7946,EDU,audd,7946,"Klassisk musikpædagog (AM), kand.","Klassisk musikpædagog (AM), kand.","Classical music teacher (AM), kand.",CSV:EDU_audd,medium,danish,,
EDU_audd_5988,EDU,audd,5988,"Engelsk-amerikanske studier erhvervssproglig, bach.","Engelsk-amerikanske studier erhvervssproglig, bach.","Business English-American studies, bach.",CSV:EDU_audd,medium,danish,,
EDU_audd_6881,EDU,audd,6881,"Uddannelsesantropologi og globalisering, cand.pæd.","Uddannelsesantropologi og globalisering, cand.pæd.","Educational anthropology and globalization, cand.ped.",CSV:EDU_audd,medium,danish,,
EDU_audd_803,EDU,audd,803,Billedkunst (privat udd.),Billedkunst (privat udd.),Fine arts (private education),CSV:EDU_audd,medium,danish,,
EDU_audd_4945,EDU,audd,4945,"Detail, stormagasin","Detail, stormagasin","Detail, stormagasin",CSV:EDU_audd,medium,danish,,
EDU_audd_7731,EDU,audd,7731,"Socialt arbejde, cand.soc.","Socialt arbejde, cand.soc.","Socialt arbejde, cand.soc.",CSV:EDU_audd,medium,danish,,
EDU_audd_4509,EDU,audd,4509,Overglasurmaler,Overglasurmaler,Overglasurmaler,CSV:EDU_audd,medium,danish,,
EDU_audd_5344,EDU,audd,5344,"IT for datamatiker, ingeniør prof.bach.","IT for datamatiker, ingeniør prof.bach.","IT for computer scientists, engineer prof.bach.",CSV:EDU_audd,medium,danish,,
EDU_audd_4310,EDU,audd,4310,"Eventtekniker, illuminationsteknik","Eventtekniker, illuminationsteknik","Event technology, lighting technology",CSV:EDU_audd,medium,danish,,
EDU_audd_6940,EDU,audd,6940,"Internationale udviklingsstudier, cand.mag.","Internationale udviklingsstudier, cand.mag.","Internationale udviklingsstudier, cand.mag.",CSV:EDU_audd,medium,danish,,
EDU_audd_5993,EDU,audd,5993,"Kommunikation, bach.","Kommunikation, bach.","Kommunikation, bach.",CSV:EDU_audd,medium,danish,,
EDU_audd_7138,EDU,audd,7138,"Optometri og synsvidenskab, cand.san.","Optometri og synsvidenskab, cand.san.","Optometry and visual science, cand.san.",CSV:EDU_audd,medium,danish,,
EDU_audd_5192,EDU,audd,5192,"Juniorofficer, 2.teoridel","Juniorofficer, 2.teoridel","Juniorofficer, 2.teoridel",CSV:EDU_audd,medium,danish,,
EDU_audd_6120,EDU,audd,6120,"Performance-design, kand.","Performance-design, kand.","Performance design, kand.",CSV:EDU_audd,medium,danish,,
EDU_audd_8331,EDU,audd,8331,"Industriel produktion, civilingeniør","Industriel produktion, civilingeniør","Industrial production, Master of Science in Engineering",CSV:EDU_audd,medium,danish,,
EDU_audd_5786,EDU,audd,5786,"Business Administration and Philosophy, cand.merc.(fil.)","Business Administration and Philosophy, cand.merc.(fil.)","Business Administration and Philosophy, cand.merc.(fil.)",CSV:EDU_audd,medium,danish,,
EDU_audd_4639,EDU,audd,4639,Jordbrugsassistent,Jordbrugsassistent,Jordbrugsassistent,CSV:EDU_audd,medium,danish,,
EDU_audd_6732,EDU,audd,6732,"Visuel kultur, cand.mag.","Visuel kultur, cand.mag.","Visual culture, cand.mag.",CSV:EDU_audd,medium,danish,,
EDU_audd_4433,EDU,audd,4433,"Gourmetslagter, delikatesse","Gourmetslagter, delikatesse","Gourmetslagter, delikatesse",CSV:EDU_audd,medium,danish,,
EDU_audd_5420,EDU,audd,5420,"Environmental and Natural Resource Economics, cand.scient.oceon","Environmental and Natural Resource Economics, cand.scient.oceon","Environmental and Natural Resource Economics, cand.scient.oceon",CSV:EDU_audd,medium,danish,,
EDU_audd_5991,EDU,audd,5991,"Erhvervssprog og europæiske studier, bach.","Erhvervssprog og europæiske studier, bach.","Business languages and European studies, bach.",CSV:EDU_audd,medium,danish,,
EDU_audd_3246,EDU,audd,3246,Klargøring og rangering af godstog,Klargøring og rangering af godstog,Cargo clearance and sorting,CSV:EDU_audd,medium,danish,,
EDU_audd_7420,EDU,audd,7420,"Farmaci, bach.","Farmaci, bach.","Farmaci, bach.",CSV:EDU_audd,medium,danish,,
EDU_audd_7425,EDU,audd,7425,"Farmaci, c.pharm.","Farmaci, c.pharm.","Farmaci, c.pharm.",CSV:EDU_audd,medium,danish,,
EDU_audd_6141,EDU,audd,6141,"Politik, kombination (RUC)","Politik, kombination (RUC)","Politik, kombination (RUC)",CSV:EDU_audd,medium,danish,,
EDU_audd_6837,EDU,audd,6837,"Sprogvidenskab-lingvistik, cand.mag.","Sprogvidenskab-lingvistik, cand.mag.","Sprogvidenskab-lingvistik, cand.mag.",CSV:EDU_audd,medium,danish,,
EDU_audd_4196,EDU,audd,4196,"Kontoruddannelse, kundekontaktcenter","Kontoruddannelse, kundekontaktcenter","Kontoruddannelse, kundekontaktcenter",CSV:EDU_audd,medium,danish,,
EDU_audd_5135,EDU,audd,5135,Procesteknolog (fødevarer),Procesteknolog (fødevarer),Process technology (food products),CSV:EDU_audd,medium,danish,,
EDU_audd_4522,EDU,audd,4522,Fitnessinstruktør,Fitnessinstruktør,Fitness instructor,CSV:EDU_audd,medium,danish,,
EDU_audd_6790,EDU,audd,6790,"Dansk, kombination (RUC)","Dansk, kombination (RUC)","Danish, combination (RUC)",CSV:EDU_audd,medium,danish,,
EDU_audd_7735,EDU,audd,7735,"Medicin, cand.med.","Medicin, cand.med.","Medicine, cand.med.",CSV:EDU_audd,medium,danish,,
EDU_audd_7945,EDU,audd,7945,"Rytmisk instrument-sang-ensemble, kand.","Rytmisk instrument-sang-ensemble, kand.","Rytmisk instrument-sang-ensemble, kand.",CSV:EDU_audd,medium,danish,,
EDU_audd_7632,EDU,audd,7632,"Statistics, cand.scient.","Statistics, cand.scient.","Statistics, cand.scient.",CSV:EDU_audd,medium,danish,,
EDU_audd_2028,EDU,audd,2028,Maritimt forberedelseskursus,Maritimt forberedelseskursus,Maritimt forberedelseskursus,CSV:EDU_audd,medium,danish,,
EDU_audd_5183,EDU,audd,5183,"Styrmand, 1-årig","Styrmand, 1-årig","Deck Officer, 1-year",CSV:EDU_audd,medium,danish,,
EDU_audd_2017,EDU,audd,2017,Sætteskipper og fiskeskipper af 1.grad,Sætteskipper og fiskeskipper af 1.grad,Master Mariner and Fishing Skipper of 1st Class,CSV:EDU_audd,medium,danish,,
EDU_audd_7616,EDU,audd,7616,"Sygepleje, cand.cur.","Sygepleje, cand.cur.","Sygepleje, cand.cur.",CSV:EDU_audd,medium,danish,,
EDU_audd_5236,EDU,audd,5236,"Acoustics and audiotechnology, cand.polyt.","Acoustics and audiotechnology, cand.polyt.","Acoustics and audiotechnology, cand.polyt.",CSV:EDU_audd,medium,danish,,
EDU_audd_5990,EDU,audd,5990,"Erhvervssprog og medie, bach.","Erhvervssprog og medie, bach.","Business Language and Media, bach.",CSV:EDU_audd,medium,danish,,
EDU_audd_6424,EDU,audd,6424,"Arbejdslivsstudier, kand.","Arbejdslivsstudier, kand.","Arbejdslivsstudier, kand.",CSV:EDU_audd,medium,danish,,
EDU_audd_8343,EDU,audd,8343,"Energi, civilingeniør","Energi, civilingeniør","Energy, Civil Engineer",CSV:EDU_audd,medium,danish,,
EDU_audd_8147,EDU,audd,8147,"Geologi, bach.","Geologi, bach.","Geologi, bach.",CSV:EDU_audd,medium,danish,,
EDU_audd_7634,EDU,audd,7634,"Geology-Geoscience, cand.scient.","Geology-Geoscience, cand.scient.","Geology-Geoscience, cand.scient.",CSV:EDU_audd,medium,danish,,
EDU_audd_7961,EDU,audd,7961,"Musik (Music Creation), cand. musicae","Musik (Music Creation), cand. musicae","Musik (Music Creation), cand. musicae",CSV:EDU_audd,medium,danish,,
EDU_audd_5060,EDU,audd,5060,"Værkstedsteknisk grundskole, bandagist","Værkstedsteknisk grundskole, bandagist","Technical Workshop Basic School, Bandaging Technician",CSV:EDU_audd,medium,danish,,
EDU_audd_5161,EDU,audd,5161,"Bandagist, prof.bach.","Bandagist, prof.bach.","Bandagist, prof.bach.",CSV:EDU_audd,medium,danish,,
EDU_audd_3141,EDU,audd,3141,"Biomedical Engineering, cand.polyt.","Biomedical Engineering, cand.polyt.","Biomedical Engineering, cand.polyt.",CSV:EDU_audd,medium,danish,,
EDU_audd_7535,EDU,audd,7535,"Asienstudier, Kinastudier, bach.","Asienstudier, Kinastudier, bach.","Asienstudier, Kinastudier, bach.",CSV:EDU_audd,medium,danish,,
EDU_audd_8167,EDU,audd,8167,"Naturvidenskab og IT, bach.","Naturvidenskab og IT, bach.","Natural Science and IT, bach.",CSV:EDU_audd,medium,danish,,
EDU_audd_7499,EDU,audd,7499,"Bioinformatics, cand.scient.","Bioinformatics, cand.scient.","Bioinformatics, cand.scient.",CSV:EDU_audd,medium,danish,,
EDU_audd_7415,EDU,audd,7415,"Lægemiddelvidenskab, bach.","Lægemiddelvidenskab, bach.","Pharmaceutical Science, bach.",CSV:EDU_audd,medium,danish,,
EDU_audd_3481,EDU,audd,3481,"Medicinal Chemistry, cand.scient.","Medicinal Chemistry, cand.scient.","Medicinal Chemistry, cand.scient.",CSV:EDU_audd,medium,danish,,
EDU_audd_5430,EDU,audd,5430,"Klinisk ernæring, c.scient.","Klinisk ernæring, c.scient.","Clinical Nutrition, c.scient.",CSV:EDU_audd,medium,danish,,
EDU_audd_4089,EDU,audd,4089,Byggekoordinator,Byggekoordinator,Byggekoordinator,CSV:EDU_audd,medium,danish,,
EDU_audd_8250,EDU,audd,8250,"Kommunikation, cand.mag.","Kommunikation, cand.mag.","Communication, cand.mag.",CSV:EDU_audd,medium,danish,,
EDU_audd_4322,EDU,audd,4322,CNC-assistent,CNC-assistent,CNC-assistent,CSV:EDU_audd,medium,danish,,
EDU_audd_5989,EDU,audd,5989,"Erhvervsøk.-erhv.spr., internat. turisme-fritidsman., bach.negot.","Erhvervsøk.-erhv.spr., internat. turisme-fritidsman., bach.negot.","Business Communication and Business Language, International Tourism-Leisure Management, bach.negot.",CSV:EDU_audd,medium,danish,,
EDU_audd_5856,EDU,audd,5856,Dancer,Dancer,Dancer,CSV:EDU_audd,medium,danish,,
EDU_audd_8265,EDU,audd,8265,"Bioteknologi, ing.bach.","Bioteknologi, ing.bach.","Biotechnology, ing.bach.",CSV:EDU_audd,medium,danish,,
EDU_audd_8336,EDU,audd,8336,"Design og innovation, civilingeniør cand.polyt.","Design og innovation, civilingeniør cand.polyt.","Design and Innovation, Civil Engineer cand.polyt.",CSV:EDU_audd,medium,danish,,
EDU_audd_8300,EDU,audd,8300,"Sustainable Cities, cand.polyt.","Sustainable Cities, cand.polyt.","Sustainable Cities, cand.polyt.",CSV:EDU_audd,medium,danish,,
EDU_audd_7938,EDU,audd,7938,"Nanoteknologi, ing.bach.","Nanoteknologi, ing.bach.","Nanotechnology, ing.bach.",CSV:EDU_audd,medium,danish,,
EDU_audd_8373,EDU,audd,8373,"Sound and Music Computing, cand.polyt.","Sound and Music Computing, cand.polyt.","Sound and Music Computing, cand.polyt.",CSV:EDU_audd,medium,danish,,
EDU_audd_845,EDU,audd,845,3D Digital Artist (privat udd.),3D Digital Artist (privat udd.),3D Digital Artist (private edu.),CSV:EDU_audd,medium,danish,,
EDU_audd_4319,EDU,audd,4319,Karrosseriopretter,Karrosseriopretter,Karrosseriopretter,CSV:EDU_audd,medium,danish,,
EDU_audd_5851,EDU,audd,5851,Dramatiker,Dramatiker,Dramatiker,CSV:EDU_audd,medium,danish,,
EDU_audd_5809,EDU,audd,5809,"Billedkunst, cand.art.perit.","Billedkunst, cand.art.perit.","Billedkunst, cand.art.perit.",CSV:EDU_audd,medium,danish,,
EDU_audd_4471,EDU,audd,4471,Industribogbinder,Industribogbinder,Industribogbinder,CSV:EDU_audd,medium,danish,,
EDU_audd_2494,EDU,audd,2494,"Virksomhedsleder, landbrug","Virksomhedsleder, landbrug","Business Leader, Agriculture",CSV:EDU_audd,medium,danish,,
EDU_audd_8314,EDU,audd,8314,"Technology (Entrepreneurial Business Engieneering), cand.scient.tech.","Technology (Entrepreneurial Business Engieneering), cand.scient.tech.","Technology (Entrepreneurial Business Engieneering), cand.scient.tech.",CSV:EDU_audd,medium,danish,,
EDU_audd_7655,EDU,audd,7655,"Kommunikation og digitale medier, bach.","Kommunikation og digitale medier, bach.","Communication and digital media, bach.",CSV:EDU_audd,medium,danish,,
EDU_audd_5267,EDU,audd,5267,"Softwareteknologi, ing.prof.bach.","Softwareteknologi, ing.prof.bach.","Software technology, ing.prof.bach.",CSV:EDU_audd,medium,danish,,
EDU_audd_4962,EDU,audd,4962,"Engros, tekstil","Engros, tekstil","Engros, tekstil",CSV:EDU_audd,medium,danish,,
EDU_audd_4413,EDU,audd,4413,Brødbager med profil,Brødbager med profil,Bread Baker with Profile,CSV:EDU_audd,medium,danish,,
EDU_audd_5235,EDU,audd,5235,"Designteknolog, retail","Designteknolog, retail","Designteknolog, retail",CSV:EDU_audd,medium,danish,,
EDU_audd_8406,EDU,audd,8406,"Fødevarevidenskab, bach.","Fødevarevidenskab, bach.","Food Science, bach.",CSV:EDU_audd,medium,danish,,
EDU_audd_4225,EDU,audd,4225,Vvs-energiteknik,Vvs-energiteknik,Vvs-energiteknik,CSV:EDU_audd,medium,danish,,
EDU_audd_7701,EDU,audd,7701,"Surveying and Planning, cand.tech.","Surveying and Planning, cand.tech.","Surveying and Planning, cand.tech.",CSV:EDU_audd,medium,danish,,
EDU_audd_4568,EDU,audd,4568,Møbelsnedker,Møbelsnedker,Furniture Joiner,CSV:EDU_audd,medium,danish,,
EDU_audd_3147,EDU,audd,3147,"Moderne kultur, cand.mag.","Moderne kultur, cand.mag.","Modern Culture, cand.mag.",CSV:EDU_audd,medium,danish,,
EDU_audd_3430,EDU,audd,3430,"Filosofi, bach.","Filosofi, bach.","Filosofi, bach.",CSV:EDU_audd,medium,danish,,
EDU_audd_3469,EDU,audd,3469,"Filosofi, cand.mag.","Filosofi, cand.mag.","Filosofi, cand.mag.",CSV:EDU_audd,medium,danish,,
EDU_audd_8290,EDU,audd,8290,"Fysik og teknologi, ing.bach.","Fysik og teknologi, ing.bach.","Physics and Technology, ing.bach.",CSV:EDU_audd,medium,danish,,
EDU_audd_7639,EDU,audd,7639,"Nanoscience, cand.scient.","Nanoscience, cand.scient.","Nanoscience, cand.scient.",CSV:EDU_audd,medium,danish,,
EDU_audd_5099,EDU,audd,5099,Sundhedsadministrativ koordinator,Sundhedsadministrativ koordinator,Sundhedsadministrativ koordinator,CSV:EDU_audd,medium,danish,,
EDU_audd_5255,EDU,audd,5255,"Bygningsteknik, ing.prof.bach.","Bygningsteknik, ing.prof.bach.","Building Technology, ing.prof.bach.",CSV:EDU_audd,medium,danish,,
EDU_audd_4232,EDU,audd,4232,Kranmekaniker,Kranmekaniker,Kranmekaniker,CSV:EDU_audd,medium,danish,,
EDU_audd_4519,EDU,audd,4519,Textil- og beklædningsassistent,Textil- og beklædningsassistent,Textile and Apparel Assistant,CSV:EDU_audd,medium,danish,,
EDU_audd_6206,EDU,audd,6206,"Designer, cand.des.","Designer, cand.des.","Designer, cand.des.",CSV:EDU_audd,medium,danish,,
EDU_audd_8130,EDU,audd,8130,"Global Business Informatics, bach.","Global Business Informatics, bach.","Global Business Informatics, bach.",CSV:EDU_audd,medium,danish,,
EDU_audd_5686,EDU,audd,5686,"Fremmedsprog og digital markedskommunikation, prof.bach.","Fremmedsprog og digital markedskommunikation, prof.bach.","Foreign Languages and Digital Marketing Communication, prof.bach.",CSV:EDU_audd,medium,danish,,
EDU_audd_5984,EDU,audd,5984,"Erhvervsøkonomi-erhvervssprog, tysk, bach.negot.","Erhvervsøkonomi-erhvervssprog, tysk, bach.negot.","Business Economics-Business Languages, German, bach.negot.",CSV:EDU_audd,medium,danish,,
EDU_audd_7720,EDU,audd,7720,"Musik/Musikvidenskab, cand.mag.","Musik/Musikvidenskab, cand.mag.","Musik/Musikvidenskab, cand.mag.",CSV:EDU_audd,medium,danish,,
EDU_audd_4759,EDU,audd,4759,"Autohjælp, redderuddannelsen","Autohjælp, redderuddannelsen","First Aid, Rescue Training",CSV:EDU_audd,medium,danish,,
EDU_audd_4580,EDU,audd,4580,Digital handel B2B,Digital handel B2B,Digital Commerce B2B,CSV:EDU_audd,medium,danish,,
EDU_audd_4698,EDU,audd,4698,"Veterinærsygeplejerske, smådyr","Veterinærsygeplejerske, smådyr",Small Animal Veterinary Nurse,CSV:EDU_audd,medium,danish,,
EDU_audd_3119,EDU,audd,3119,"Engineering Design and Applied Mechanics, cand.polyt.","Engineering Design and Applied Mechanics, cand.polyt.","Engineering Design and Applied Mechanics, cand.polyt.",CSV:EDU_audd,medium,danish,,
EDU_audd_5165,EDU,audd,5165,"Klinisk biomekanik, bach.","Klinisk biomekanik, bach.","Clinical Biomechanics, bach.",CSV:EDU_audd,medium,danish,,
EDU_audd_5265,EDU,audd,5265,"Klinisk biomekanik, cand.manu.","Klinisk biomekanik, cand.manu.","Clinical Biomechanics, cand.manu.",CSV:EDU_audd,medium,danish,,
EDU_audd_4546,EDU,audd,4546,"Kosmetiker, spa- og wellnessbehandling","Kosmetiker, spa- og wellnessbehandling","Cosmetologist, Spa and Wellness Treatments",CSV:EDU_audd,medium,danish,,
EDU_audd_7711,EDU,audd,7711,"Kommunikation, cand.mag.","Kommunikation, cand.mag.","Communication, cand.mag.",CSV:EDU_audd,medium,danish,,
EDU_audd_7583,EDU,audd,7583,"Mathematics, cand.scient.","Mathematics, cand.scient.","Mathematics, cand.scient.",CSV:EDU_audd,medium,danish,,
EDU_audd_5813,EDU,audd,5813,"Billedkunst, bach.","Billedkunst, bach.","Billedkunst, bach.",CSV:EDU_audd,medium,danish,,
EDU_audd_5933,EDU,audd,5933,"Internat. virksomhedskommunik, eng.-europæiske studier, bach.","Internat. virksomhedskommunik, eng.-europæiske studier, bach.","Int. Business Communication, Eng.-European Studies, bach.",CSV:EDU_audd,medium,danish,,
EDU_audd_800,EDU,audd,800,Forfatteruddannelsen (privat udd.),Forfatteruddannelsen (privat udd.),Writer's Program (private educ.),CSV:EDU_audd,medium,danish,,
EDU_audd_5327,EDU,audd,5327,"Business Development Engineer, ing.prof.bach.","Business Development Engineer, ing.prof.bach.","Business Development Engineer, ing.prof.bach.",CSV:EDU_audd,medium,danish,,
EDU_audd_4675,EDU,audd,4675,Lastbilchauffør,Lastbilchauffør,Truck Driver,CSV:EDU_audd,medium,danish,,
EDU_audd_3120,EDU,audd,3120,"Food Innovation and Health, cand.scient.","Food Innovation and Health, cand.scient.","Food Innovation and Health, cand.scient.",CSV:EDU_audd,medium,danish,,
EDU_audd_7919,EDU,audd,7919,"Energisystemer, ing.bach.","Energisystemer, ing.bach.","Energisystemer, ing.bach.",CSV:EDU_audd,medium,danish,,
EDU_audd_8353,EDU,audd,8353,"Energisystemer, cand.polyt.","Energisystemer, cand.polyt.","Energy Systems, cand.polyt.",CSV:EDU_audd,medium,danish,,
EDU_audd_5439,EDU,audd,5439,"Mechatronics, ing.prof.bach.","Mechatronics, ing.prof.bach.","Mechatronics, ing.prof.bach.",CSV:EDU_audd,medium,danish,,
EDU_audd_8366,EDU,audd,8366,"Civil Engineering, cand.polyt.","Civil Engineering, cand.polyt.","Civil Engineering, cand.polyt.",CSV:EDU_audd,medium,danish,,
EDU_audd_6313,EDU,audd,6313,"Interreligiøse islamstudier, cand.mag.","Interreligiøse islamstudier, cand.mag.","Interreligious Islamic Studies, cand.mag.",CSV:EDU_audd,medium,danish,,
EDU_audd_7321,EDU,audd,7321,"Human security, cand.soc.","Human security, cand.soc.","Human security, cand.soc.",CSV:EDU_audd,medium,danish,,
EDU_audd_3462,EDU,audd,3462,"Robotics, cand.polyt.","Robotics, cand.polyt.","Robotics, cand.polyt.",CSV:EDU_audd,medium,danish,,
EDU_audd_7181,EDU,audd,7181,"Global Health, cand.scient.","Global Health, cand.scient.","Global Health, cand.scient.",CSV:EDU_audd,medium,danish,,
EDU_audd_7506,EDU,audd,7506,"Elektronik, ing.prof.bach.","Elektronik, ing.prof.bach.","Electronics, ing.prof.bach.",CSV:EDU_audd,medium,danish,,
EDU_audd_3228,EDU,audd,3228,"Teknologi, byggeri og transport, Individuel EUD","Teknologi, byggeri og transport, Individuel EUD","Technology, Construction and Transport, Individual EUD",CSV:EDU_audd,medium,danish,,
EDU_audd_7406,EDU,audd,7406,"Kunsthistorie, bach.","Kunsthistorie, bach.","Kunsthistorie, bach.",CSV:EDU_audd,medium,danish,,
EDU_audd_3402,EDU,audd,3402,"Omsorg, sundhed og pædagogik (grundforløb plus)","Omsorg, sundhed og pædagogik (grundforløb plus)","Care, Health and Pedagogy (basic program plus)",CSV:EDU_audd,medium,danish,,
EDU_audd_7909,EDU,audd,7909,"Computerteknologi, ing.bach.","Computerteknologi, ing.bach.","Computerteknologi, ing.bach.",CSV:EDU_audd,medium,danish,,
EDU_audd_5218,EDU,audd,5218,"Vision, graphics and inveractive systems, cand.polyt.","Vision, graphics and inveractive systems, cand.polyt.","Vision, Graphics and Interactive Systems, cand.polyt.",CSV:EDU_audd,medium,danish,,
EDU_audd_4577,EDU,audd,4577,Arborist,Arborist,Arborist,CSV:EDU_audd,medium,danish,,
EDU_audd_3093,EDU,audd,3093,"Oplevelsesdesign, cand.it.","Oplevelsesdesign, cand.it.","Oplevelsesdesign, cand.it.",CSV:EDU_audd,medium,danish,,
EDU_audd_3221,EDU,audd,3221,"International kommunikation og multimedier, bach.","International kommunikation og multimedier, bach.","International Communication and Multimedia, bach.",CSV:EDU_audd,medium,danish,,
EDU_audd_7561,EDU,audd,7561,"Molekylær biomedicin/Molekylær medicin, bach.","Molekylær biomedicin/Molekylær medicin, bach.","Molecular Biomedicine/Molecular Medicine, bach.",CSV:EDU_audd,medium,danish,,
EDU_audd_3489,EDU,audd,3489,"Molekylær medicin, cand.scient.","Molekylær medicin, cand.scient.","Molecular Medicine, cand.scient.",CSV:EDU_audd,medium,danish,,
EDU_audd_3289,EDU,audd,3289,"Karakteranimation, prof.bach.","Karakteranimation, prof.bach.","Karakteranimation, prof.bach.",CSV:EDU_audd,medium,danish,,
EDU_audd_7424,EDU,audd,7424,Farmaceutisk videnskab (cand.scient.pharm.),Farmaceutisk videnskab (cand.scient.pharm.),Farmaceutisk videnskab (cand.scient.pharm.),CSV:EDU_audd,medium,danish,,
EDU_audd_7719,EDU,audd,7719,"Medialogy, cand.scient.","Medialogy, cand.scient.","Medialogy, cand.scient.",CSV:EDU_audd,medium,danish,,
EDU_audd_7500,EDU,audd,7500,"Nanoscience, cand.scient.","Nanoscience, cand.scient.","Nanoscience, cand.scient.",CSV:EDU_audd,medium,danish,,
EDU_audd_7132,EDU,audd,7132,"Sociologi og kulturanalyse, bach.","Sociologi og kulturanalyse, bach.","Sociology and Cultural Analysis, bach.",CSV:EDU_audd,medium,danish,,
EDU_audd_3318,EDU,audd,3318,"Intercultural Studies, cand.ling.merc.","Intercultural Studies, cand.ling.merc.","Intercultural Studies, cand.ling.merc.",CSV:EDU_audd,medium,danish,,
EDU_audd_3025,EDU,audd,3025,"Business, Asian Language and Culture, bach.","Business, Asian Language and Culture, bach.","Business, Asian Language and Culture, bach.",CSV:EDU_audd,medium,danish,,
EDU_audd_8348,EDU,audd,8348,"Engineering Acoustics, cand.polyt.","Engineering Acoustics, cand.polyt.","Engineering Acoustics, cand.polyt.",CSV:EDU_audd,medium,danish,,
EDU_audd_4088,EDU,audd,4088,"Crafts in Glass and Ceramics, prof.bach.","Crafts in Glass and Ceramics, prof.bach.","Crafts in Glass and Ceramics, prof.bach.",CSV:EDU_audd,medium,danish,,
EDU_audd_4527,EDU,audd,4527,Lager- og terminaldisponent,Lager- og terminaldisponent,Warehouse and Terminal Dispatcher,CSV:EDU_audd,medium,danish,,
EDU_audd_7689,EDU,audd,7689,"Geografi/Geografi og geoinformatik, bach.","Geografi/Geografi og geoinformatik, bach.","Geography/Geography and Geoinformatics, bach.",CSV:EDU_audd,medium,danish,,
EDU_audd_3125,EDU,audd,3125,"Urban Energy and Environmental Planning, cand.polyt.","Urban Energy and Environmental Planning, cand.polyt.","Urban Energy and Environmental Planning, cand.polyt.",CSV:EDU_audd,medium,danish,,
EDU_audd_5789,EDU,audd,5789,"Organisational Innovation and Entrepreneurship, cand.soc.","Organisational Innovation and Entrepreneurship, cand.soc.","Organisational Innovation and Entrepreneurship, cand.soc.",CSV:EDU_audd,medium,danish,,
EDU_audd_7444,EDU,audd,7444,"Kemi, bach.","Kemi, bach.","Kemi, bach.",CSV:EDU_audd,medium,danish,,
EDU_audd_3072,EDU,audd,3072,"Øst- og sydøsteuropastudier, grækenlandsstudier, bach.","Øst- og sydøsteuropastudier, grækenlandsstudier, bach.","East and Southeast European Studies, Greek Studies, bach.",CSV:EDU_audd,medium,danish,,
EDU_audd_7482,EDU,audd,7482,"Litteraturvidenskab, cand.mag.","Litteraturvidenskab, cand.mag.","Litteraturvidenskab, cand.mag.",CSV:EDU_audd,medium,danish,,
EDU_audd_3427,EDU,audd,3427,"International virksomhedskommunikation, tysk, bach.","International virksomhedskommunikation, tysk, bach.","International Business Communication, German, bach.",CSV:EDU_audd,medium,danish,,
EDU_audd_6941,EDU,audd,6941,"International virksomhedskommunikation, cand.mag.","International virksomhedskommunikation, cand.mag.","International Business Communication, cand.mag.",CSV:EDU_audd,medium,danish,,
EDU_audd_7865,EDU,audd,7865,"Musik og musikpædagogik, cand.musicae","Musik og musikpædagogik, cand.musicae","Music and Music Pedagogy, cand.musicae",CSV:EDU_audd,medium,danish,,
EDU_audd_5774,EDU,audd,5774,"Interaktionsdesign, c.scient.","Interaktionsdesign, c.scient.","Interaction Design, c.scient.",CSV:EDU_audd,medium,danish,,
EDU_audd_3422,EDU,audd,3422,"Audiologopædi, bach.","Audiologopædi, bach.","Audiology, bach.",CSV:EDU_audd,medium,danish,,
EDU_audd_3461,EDU,audd,3461,"Audiologopædi, cand.mag.","Audiologopædi, cand.mag.","Audiology, cand.mag.",CSV:EDU_audd,medium,danish,,
EDU_audd_4417,EDU,audd,4417,Industrislagter,Industrislagter,Industrislagter,CSV:EDU_audd,medium,danish,,
EDU_audd_3403,EDU,audd,3403,"Kontor, handel og forretningsservice (grundforløb plus)","Kontor, handel og forretningsservice (grundforløb plus)","Office, Trade and Business Services (basic course plus)",CSV:EDU_audd,medium,danish,,
EDU_audd_7536,EDU,audd,7536,"Musik/Musikvidenskab, bach.","Musik/Musikvidenskab, bach.","Music/Music Science, bach.",CSV:EDU_audd,medium,danish,,
EDU_audd_7594,EDU,audd,7594,"Musik/Musikvidenskab, cand.mag.","Musik/Musikvidenskab, cand.mag.","Musik/Musikvidenskab, cand.mag.",CSV:EDU_audd,medium,danish,,
EDU_audd_6457,EDU,audd,6457,"Internationale studier, cand.mag.","Internationale studier, cand.mag.","Internationale studier, cand.mag.",CSV:EDU_audd,medium,danish,,
EDU_audd_3189,EDU,audd,3189,"Klinisk diætetik, prof.bach.","Klinisk diætetik, prof.bach.","Clinical Dietetics, prof.bach.",CSV:EDU_audd,medium,danish,,
EDU_audd_7174,EDU,audd,7174,"Biomedicine, cand.scient.","Biomedicine, cand.scient.","Biomedicine, cand.scient.",CSV:EDU_audd,medium,danish,,
EDU_audd_7906,EDU,audd,7906,"Data science og datamangament, ing.bach.","Data science og datamangament, ing.bach.","Data Science and Data Management, ing.bach.",CSV:EDU_audd,medium,danish,,
EDU_audd_7741,EDU,audd,7741,"Economics and Business Administration, bach.","Economics and Business Administration, bach.","Economics and Business Administration, bach.",CSV:EDU_audd,medium,danish,,
EDU_audd_5160,EDU,audd,5160,"Urban landskabsingeniør, prof.bach.","Urban landskabsingeniør, prof.bach.","Urban Landscape Engineer, prof.bach.",CSV:EDU_audd,medium,danish,,
EDU_audd_7705,EDU,audd,7705,"Engelsk, cand.mag.","Engelsk, cand.mag.","Engelsk, cand.mag.",CSV:EDU_audd,medium,danish,,
EDU_audd_4078,EDU,audd,4078,"Designer - Colour Material Finish Design, bach.","Designer - Colour Material Finish Design, bach.","Designer - Colour Material Finish Design, bach.",CSV:EDU_audd,medium,danish,,
EDU_audd_8156,EDU,audd,8156,"Biokemi og molekylær biologi, bach.","Biokemi og molekylær biologi, bach.","Biochemistry and Molecular Biology, bach.",CSV:EDU_audd,medium,danish,,
EDU_audd_8227,EDU,audd,8227,"Biochemistry and Molecular Biology, cand.scient.","Biochemistry and Molecular Biology, cand.scient.","Biochemistry and Molecular Biology, cand.scient.",CSV:EDU_audd,medium,danish,,
EDU_audd_7184,EDU,audd,7184,"Sundhed og Informatik, bach.","Sundhed og Informatik, bach.","Health and Informatics, bach.",CSV:EDU_audd,medium,danish,,
EDU_audd_5764,EDU,audd,5764,"HA erhvervsøkonomi og projektledelse, bach.","HA erhvervsøkonomi og projektledelse, bach.","Business Administration and Project Management, bach.",CSV:EDU_audd,medium,danish,,
EDU_audd_3283,EDU,audd,3283,"Udvikling af produkter og produktion (overbygning), prof.bach.","Udvikling af produkter og produktion (overbygning), prof.bach.","Product and Production Development (overbaking), prof.bach.",CSV:EDU_audd,medium,danish,,
EDU_audd_3420,EDU,audd,3420,"Robotteknologi, ing.bach.","Robotteknologi, ing.bach.","Robotteknologi, ing.bach.",CSV:EDU_audd,medium,danish,,
EDU_audd_6041,EDU,audd,6041,"Filosofi, cand.mag.","Filosofi, cand.mag.","Filosofi, cand.mag.",CSV:EDU_audd,medium,danish,,
EDU_audd_7663,EDU,audd,7663,"Medialogi, bach.","Medialogi, bach.","Medialogi, bach.",CSV:EDU_audd,medium,danish,,
EDU_audd_7525,EDU,audd,7525,"International virksomhedskommunikation, tysk, bach.","International virksomhedskommunikation, tysk, bach.","International Business Communication, German, bach.",CSV:EDU_audd,medium,danish,,
EDU_audd_5597,EDU,audd,5597,"Erhvervsspr.-internat. erhvervskomm, tysk, cand.ling.merc.","Erhvervsspr.-internat. erhvervskomm, tysk, cand.ling.merc.","Erhvervsspr.-internat. erhvervskomm, tysk, cand.ling.merc.",CSV:EDU_audd,medium,danish,,
EDU_audd_4620,EDU,audd,4620,Anlægsgartnerassistent,Anlægsgartnerassistent,Landscape Gardening Assistant,CSV:EDU_audd,medium,danish,,
EDU_audd_5606,EDU,audd,5606,"International shipping and trade, bach.","International shipping and trade, bach.","International shipping and trade, bach.",CSV:EDU_audd,medium,danish,,
EDU_audd_7552,EDU,audd,7552,"Medicinalkemi, bach.","Medicinalkemi, bach.","Medicinalkemi, bach.",CSV:EDU_audd,medium,danish,,
EDU_audd_6042,EDU,audd,6042,"Historie, cand.mag.","Historie, cand.mag.","Historie, cand.mag.",CSV:EDU_audd,medium,danish,,
EDU_audd_4614,EDU,audd,4614,Landbrugsassistent,Landbrugsassistent,Landbrugsassistent,CSV:EDU_audd,medium,danish,,
EDU_audd_3284,EDU,audd,3284,"Nuklearmedicinsk billeddiagnostik, prof.bach.","Nuklearmedicinsk billeddiagnostik, prof.bach.","Nuklearmedicinsk billeddiagnostik, prof.bach.",CSV:EDU_audd,medium,danish,,
EDU_audd_6668,EDU,audd,6668,"Europæisk business, HA i europæisk business, bach.","Europæisk business, HA i europæisk business, bach.","European Business, HA in European Business, bach.",CSV:EDU_audd,medium,danish,,
EDU_audd_7564,EDU,audd,7564,"Nanoscience, bach.","Nanoscience, bach.","Nanoscience, bach.",CSV:EDU_audd,medium,danish,,
EDU_audd_8367,EDU,audd,8367,"Materials and Manufacturing Engineering, cand.polyt.","Materials and Manufacturing Engineering, cand.polyt.","Materials and Manufacturing Engineering, cand.polyt.",CSV:EDU_audd,medium,danish,,
EDU_audd_4767,EDU,audd,4767,"Forberedende grunduddannelse (FGU), erhvervsgrunduddannelse","Forberedende grunduddannelse (FGU), erhvervsgrunduddannelse","Forberedende grunduddannelse (FGU), erhvervsgrunduddannelse",CSV:EDU_audd,medium,danish,,
EDU_audd_3467,EDU,audd,3467,"Pædagogik, cand.mag.","Pædagogik, cand.mag.","Pedagogy, cand.mag.",CSV:EDU_audd,medium,danish,,
EDU_audd_2009,EDU,audd,2009,"Befaren motormand, afslutningskursus","Befaren motormand, afslutningskursus","Motorboat Operator, completion course",CSV:EDU_audd,medium,danish,,
EDU_audd_6815,EDU,audd,6815,"Religionssociologi, cand.mag.","Religionssociologi, cand.mag.","Religionssociologi, cand.mag.",CSV:EDU_audd,medium,danish,,
EDU_audd_5173,EDU,audd,5173,Ledende og undervisende jordemoder,Ledende og undervisende jordemoder,Leading and Teaching Midwife,CSV:EDU_audd,medium,danish,,
EDU_audd_5205,EDU,audd,5205,Toldbetjent,Toldbetjent,Toldbetjent,CSV:EDU_audd,medium,danish,,
EDU_audd_5316,EDU,audd,5316,"Maskin, energi, teknikumingeniør","Maskin, energi, teknikumingeniør","Machine, Energy, Technical Engineering",CSV:EDU_audd,medium,danish,,
EDU_audd_1682,EDU,audd,1682,"2. år, studenterkursus klassisksproglig","2. år, studenterkursus klassisksproglig","2nd Year, Student Course in Classical Languages",CSV:EDU_audd,medium,danish,,
EDU_audd_8223,EDU,audd,8223,"Botanik-biologi-matematik, cand.scient.","Botanik-biologi-matematik, cand.scient.","Botany-Biology-Mathematics, cand.scient.",CSV:EDU_audd,medium,danish,,
EDU_audd_6552,EDU,audd,6552,"Persisk, bach.","Persisk, bach.","Persisk, bach.",CSV:EDU_audd,medium,danish,,
EDU_audd_4085,EDU,audd,4085,Grafonom i kommunikation,Grafonom i kommunikation,Graphic Design in Communication,CSV:EDU_audd,medium,danish,,
EDU_audd_1562,EDU,audd,1562,"1. år, studenterkursus klassisksproglig","1. år, studenterkursus klassisksproglig","1st Year, Classical Language Student Course",CSV:EDU_audd,medium,danish,,
EDU_audd_5767,EDU,audd,5767,"Officer B-linien, teknisk, søværnet","Officer B-linien, teknisk, søværnet","Officer B-line, Technical, Navy",CSV:EDU_audd,medium,danish,,
EDU_audd_5495,EDU,audd,5495,"Erhvervssproglig begynderprøve, russisk","Erhvervssproglig begynderprøve, russisk","Vocational Language Beginner's Exam, Russian",CSV:EDU_audd,medium,danish,,
EDU_audd_5635,EDU,audd,5635,"Erhvervssproglig korrespondent, russisk","Erhvervssproglig korrespondent, russisk","Erhvervssproglig korrespondent, russisk",CSV:EDU_audd,medium,danish,,
EDU_audd_5633,EDU,audd,5633,"Erhvervssproglig korrespondent, italiensk","Erhvervssproglig korrespondent, italiensk","Vocational Language Correspondence, Italian",CSV:EDU_audd,medium,danish,,
EDU_audd_4676,EDU,audd,4676,Buschauffør med speciale,Buschauffør med speciale,Bus Driver with Specialization,CSV:EDU_audd,medium,danish,,
EDU_audd_6825,EDU,audd,6825,"Russisk, cand.mag.","Russisk, cand.mag.","Russisk, cand.mag.",CSV:EDU_audd,medium,danish,,
EDU_audd_7279,EDU,audd,7279,"Arkæologi klassisk, mag.art.","Arkæologi klassisk, mag.art.","Classical Archaeology, Mag.art.",CSV:EDU_audd,medium,danish,,
EDU_audd_6145,EDU,audd,6145,"Pædagogik og uddannelsesstudier, kombination (RUC)","Pædagogik og uddannelsesstudier, kombination (RUC)","Pedagogy and Education Studies, Combined Program (RUC)",CSV:EDU_audd,medium,danish,,
EDU_audd_2414,EDU,audd,2414,Husholdningstekniker,Husholdningstekniker,Husholdningstekniker,CSV:EDU_audd,medium,danish,,
EDU_audd_4855,EDU,audd,4855,Skibssnedker,Skibssnedker,Skibssnedker,CSV:EDU_audd,medium,danish,,
EDU_audd_7253,EDU,audd,7253,"Idehistorie, mag.art.","Idehistorie, mag.art.","Intellectual History, Mag.art.",CSV:EDU_audd,medium,danish,,
EDU_audd_5375,EDU,audd,5375,"Stærkstrøm, civilingeniør","Stærkstrøm, civilingeniør","High Voltage, Civil Engineer",CSV:EDU_audd,medium,danish,,
EDU_audd_4266,EDU,audd,4266,"Bådebygger, træ","Bådebygger, træ",Wooden Boat Building,CSV:EDU_audd,medium,danish,,
EDU_audd_4487,EDU,audd,4487,Buntmager,Buntmager,Buntmager,CSV:EDU_audd,medium,danish,,
EDU_audd_7396,EDU,audd,7396,"Nordisk litteratur, mag.art.","Nordisk litteratur, mag.art.","Nordic Literature, Mag.art.",CSV:EDU_audd,medium,danish,,
EDU_audd_4726,EDU,audd,4726,Transportuddannelse una,Transportuddannelse una,Unspecified Transportation Training,CSV:EDU_audd,medium,danish,,
EDU_audd_4257,EDU,audd,4257,Industriformer,Industriformer,Industriformer,CSV:EDU_audd,medium,danish,,
EDU_audd_5804,EDU,audd,5804,"Filmklipper, film og tv produktion","Filmklipper, film og tv produktion","Film Editing, Film and TV Production",CSV:EDU_audd,medium,danish,,
EDU_audd_4445,EDU,audd,4445,Cafeteria- og kantineassistent,Cafeteria- og kantineassistent,Cafeteria and Kitchen Assistant,CSV:EDU_audd,medium,danish,,
EDU_audd_3293,EDU,audd,3293,Buschauffør i kollektiv trafik,Buschauffør i kollektiv trafik,Bus Driver in Public Transport,CSV:EDU_audd,medium,danish,,
EDU_audd_5602,EDU,audd,5602,Klassisk musik hovedskole 2-år,Klassisk musik hovedskole 2-år,Classical Music Main School 2-year,CSV:EDU_audd,medium,danish,,
EDU_audd_5372,EDU,audd,5372,"Konstruktion anlæg, civilingeniør","Konstruktion anlæg, civilingeniør","Construction Plants, Civil Engineer",CSV:EDU_audd,medium,danish,,
EDU_audd_7593,EDU,audd,7593,"Kunsthistorie, cand.mag.","Kunsthistorie, cand.mag.","Kunsthistorie, cand.mag.",CSV:EDU_audd,medium,danish,,
EDU_audd_7746,EDU,audd,7746,"Dansk, cand.pæd. (DPU)","Dansk, cand.pæd. (DPU)","Danish Language, Master of Education (DPU)",CSV:EDU_audd,medium,danish,,
EDU_audd_835,EDU,audd,835,Danish addiction counselor (privat udd.),Danish addiction counselor (privat udd.),Danish Addiction Counselor (private training),CSV:EDU_audd,medium,danish,,
EDU_audd_4439,EDU,audd,4439,Industripølsemager,Industripølsemager,Industrial Sausage Maker,CSV:EDU_audd,medium,danish,,
EDU_audd_5388,EDU,audd,5388,"Management Engineering, cand.polyt.","Management Engineering, cand.polyt.","Management Engineering, cand.polyt.",CSV:EDU_audd,medium,danish,,
EDU_audd_6859,EDU,audd,6859,"Østasiatisk sprog og kultur, cand.mag.","Østasiatisk sprog og kultur, cand.mag.","East Asian Language and Culture, cand.mag.",CSV:EDU_audd,medium,danish,,
EDU_audd_4648,EDU,audd,4648,"Chauffør, dagligvaretransport","Chauffør, dagligvaretransport","Freight Driver, Consumer Goods Transport",CSV:EDU_audd,medium,danish,,
EDU_audd_6627,EDU,audd,6627,"Serbokroatisk, cand.phil.","Serbokroatisk, cand.phil.","Serbokroatisk, cand.phil.",CSV:EDU_audd,medium,danish,,
EDU_audd_5380,EDU,audd,5380,"Medikoteknisk, civilingeniør","Medikoteknisk, civilingeniør","Medical Technologist, Civil Engineer",CSV:EDU_audd,medium,danish,,
EDU_audd_5323,EDU,audd,5323,"Skibskonstruktion, teknikumingeniør","Skibskonstruktion, teknikumingeniør","Ship Construction, Technical College Engineer",CSV:EDU_audd,medium,danish,,
EDU_audd_5508,EDU,audd,5508,"Erhvervssprog administrativ, grunduddannelse","Erhvervssprog administrativ, grunduddannelse","Business Language, Administrative, Basic Education",CSV:EDU_audd,medium,danish,,
EDU_audd_5533,EDU,audd,5533,"Fransk, cand.negot. (udelt 4år)","Fransk, cand.negot. (udelt 4år)","French, cand.negot. (special 4 year)",CSV:EDU_audd,medium,danish,,
EDU_audd_4021,EDU,audd,4021,Akademiøkonom i afsætning,Akademiøkonom i afsætning,Sales Academy Economist,CSV:EDU_audd,medium,danish,,
EDU_audd_4135,EDU,audd,4135,Produktør,Produktør,Producer,CSV:EDU_audd,medium,danish,,
EDU_audd_5748,EDU,audd,5748,"Diplomuddannelse, humanistisk pædagogik exam. (DPU)","Diplomuddannelse, humanistisk pædagogik exam. (DPU)","Diploma Education, Humanities Pedagogy Exam. (DPU)",CSV:EDU_audd,medium,danish,,
EDU_audd_5378,EDU,audd,5378,"Maskinkonstruktion, civilingeniør","Maskinkonstruktion, civilingeniør","Mechanical Engineering, Civil Engineer",CSV:EDU_audd,medium,danish,,
EDU_audd_4493,EDU,audd,4493,Buntmagersyer,Buntmagersyer,Buntmagersyer,CSV:EDU_audd,medium,danish,,
EDU_audd_8337,EDU,audd,8337,"Elektronik og IT, civilingeniør","Elektronik og IT, civilingeniør","Electronics and IT, Civil Engineer",CSV:EDU_audd,medium,danish,,
EDU_audd_4681,EDU,audd,4681,"Postoperatør, transport","Postoperatør, transport","Post Operator, Transport",CSV:EDU_audd,medium,danish,,
EDU_audd_7624,EDU,audd,7624,"Pædagogisk filosofi, cand.pæd.","Pædagogisk filosofi, cand.pæd.","Pedagogical philosophy, cand.ped.",CSV:EDU_audd,medium,danish,,
EDU_audd_3134,EDU,audd,3134,"Molecular Nutrition and Food Technology, cand.scient.","Molecular Nutrition and Food Technology, cand.scient.","Molecular Nutrition and Food Technology, cand.scient.",CSV:EDU_audd,medium,danish,,
EDU_audd_5718,EDU,audd,5718,"HA erhvervsøkonomi-sports management, bach.","HA erhvervsøkonomi-sports management, bach.","Business Economics-Sports Management, bach.",CSV:EDU_audd,medium,danish,,
EDU_audd_6630,EDU,audd,6630,"Produktion (Produktionsteknik), ing.prof.bach.","Produktion (Produktionsteknik), ing.prof.bach.","Produktion (Produktionsteknik), ing.prof.bach.",CSV:EDU_audd,medium,danish,,
EDU_audd_7641,EDU,audd,7641,"Kemi og bioteknologi, ing.prof.bach.","Kemi og bioteknologi, ing.prof.bach.","Chemistry and biotechnology, ing.prof.bach.",CSV:EDU_audd,medium,danish,,
EDU_audd_4377,EDU,audd,4377,Industriassistent,Industriassistent,Industriassistent,CSV:EDU_audd,medium,danish,,
EDU_audd_3099,EDU,audd,3099,"Information Architecture, cand.it.","Information Architecture, cand.it.","Information Architecture, cand.it.",CSV:EDU_audd,medium,danish,,
EDU_audd_7505,EDU,audd,7505,"Elektronik, ing.prof.bach.","Elektronik, ing.prof.bach.","Electronics, ing.prof.bach.",CSV:EDU_audd,medium,danish,,
EDU_audd_7591,EDU,audd,7591,"Electrical Engineering, cand.polyt.","Electrical Engineering, cand.polyt.","Electrical Engineering, cand.polyt.",CSV:EDU_audd,medium,danish,,
EDU_audd_5969,EDU,audd,5969,"Business, Language and Culture - International Tourism and Leisure Management, cand.negot.","Business, Language and Culture - International Tourism and Leisure Management, cand.negot.","Business, Language and Culture - International Tourism and Leisure Management, cand.negot.",CSV:EDU_audd,medium,danish,,
EDU_audd_850,EDU,audd,850,Kosmetolog (privat udd.),Kosmetolog (privat udd.),Cosmetology (private edu.),CSV:EDU_audd,medium,danish,,
EDU_audd_7684,EDU,audd,7684,"Matematik og økonomi, bach.","Matematik og økonomi, bach.","Mathematics and economics, bach.",CSV:EDU_audd,medium,danish,,
EDU_audd_8118,EDU,audd,8118,"Mathematics-Economics, cand.scient.oecon.","Mathematics-Economics, cand.scient.oecon.","Mathematics-Economics, cand.scient.oecon.",CSV:EDU_audd,medium,danish,,
EDU_audd_6806,EDU,audd,6806,"Diakoni, cand.mag.","Diakoni, cand.mag.","Diakoni, cand.mag.",CSV:EDU_audd,medium,danish,,
EDU_audd_2495,EDU,audd,2495,Landbrugets lederuddannelse una,Landbrugets lederuddannelse una,Leadership Development for Agriculture una,CSV:EDU_audd,medium,danish,,
EDU_audd_8349,EDU,audd,8349,"IT-produktudvikling, c.scient.","IT-produktudvikling, c.scient.","IT Product Development, c.scient.",CSV:EDU_audd,medium,danish,,
EDU_audd_6658,EDU,audd,6658,"Sundhedsteknologi, ing.prof.bach.","Sundhedsteknologi, ing.prof.bach.","Health Technology, ing.prof.bach.",CSV:EDU_audd,medium,danish,,
EDU_audd_5737,EDU,audd,5737,"Service management, cand.soc.","Service management, cand.soc.","Service management, cand.soc.",CSV:EDU_audd,medium,danish,,
EDU_audd_5486,EDU,audd,5486,"Medieproduktion og ledelse, prof.bach.","Medieproduktion og ledelse, prof.bach.","Media Production and Management, prof.bach.",CSV:EDU_audd,medium,danish,,
EDU_audd_5217,EDU,audd,5217,"Wireless communication systems, cand.polyt.","Wireless communication systems, cand.polyt.","Wireless communication systems, cand.polyt.",CSV:EDU_audd,medium,danish,,
EDU_audd_3425,EDU,audd,3425,"International virksomhedskommunikation, engelsk, bach.","International virksomhedskommunikation, engelsk, bach.","International Corporate Communication, English, bach.",CSV:EDU_audd,medium,danish,,
EDU_audd_3346,EDU,audd,3346,"Ruslandstudier, bach.","Ruslandstudier, bach.","Russian Studies, bach.",CSV:EDU_audd,medium,danish,,
EDU_audd_8263,EDU,audd,8263,"Operations and Management Engineering, cand.polyt.","Operations and Management Engineering, cand.polyt.","Operations and Management Engineering, cand.polyt.",CSV:EDU_audd,medium,danish,,
EDU_audd_3089,EDU,audd,3089,"Latin, bach.","Latin, bach.","Latin, bach.",CSV:EDU_audd,medium,danish,,
EDU_audd_7625,EDU,audd,7625,"Pædagogisk antropologi, cand.pæd.","Pædagogisk antropologi, cand.pæd.","Pedagogical anthropology, cand.ped.",CSV:EDU_audd,medium,danish,,
EDU_audd_3163,EDU,audd,3163,"Webkommunikation, cand.it.","Webkommunikation, cand.it.","Web Communication, cand.it.",CSV:EDU_audd,medium,danish,,
EDU_audd_6158,EDU,audd,6158,"Global development, cand.soc.","Global development, cand.soc.","Global development, cand.soc.",CSV:EDU_audd,medium,danish,,
EDU_audd_3340,EDU,audd,3340,"Computer Engineering, cand.polyt.","Computer Engineering, cand.polyt.","Computer Engineering, cand.polyt.",CSV:EDU_audd,medium,danish,,
EDU_audd_1100,EDU,audd,1100,Børnehaveklasse,Børnehaveklasse,Daycare Class,CSV:EDU_audd,medium,danish,,
EDU_audd_7984,EDU,audd,7984,"Maskinteknologi, ing.prof.bach.","Maskinteknologi, ing.prof.bach.","Mechanical Engineering, ing.prof.bach.",CSV:EDU_audd,medium,danish,,
EDU_audd_5308,EDU,audd,5308,"Proces og innovation, ing.prof.bach.","Proces og innovation, ing.prof.bach.","Process and Innovation, ing.prof.bach.",CSV:EDU_audd,medium,danish,,
EDU_audd_811,EDU,audd,811,Bevægelsespædagog (privat udd.),Bevægelsespædagog (privat udd.),Physical Education Teacher (private edu.),CSV:EDU_audd,medium,danish,,
EDU_audd_3078,EDU,audd,3078,"Advanced Economics and Finance, cand.oecon.","Advanced Economics and Finance, cand.oecon.","Advanced Economics and Finance, cand.oecon.",CSV:EDU_audd,medium,danish,,
EDU_audd_3179,EDU,audd,3179,"Fødevareteknologi (overbygning), prof.bach.","Fødevareteknologi (overbygning), prof.bach.","Food Technology (add-on program), prof.bach.",CSV:EDU_audd,medium,danish,,
EDU_audd_7917,EDU,audd,7917,"Geofysik og rumteknologi, ing.bach.","Geofysik og rumteknologi, ing.bach.","Geophysics and Space Technology, ing.bach.",CSV:EDU_audd,medium,danish,,
EDU_audd_5500,EDU,audd,5500,"Skat, prof.bach.","Skat, prof.bach.","Skat, prof.bach.",CSV:EDU_audd,medium,danish,,
EDU_audd_7577,EDU,audd,7577,"Political Science, cand.scient.pol.","Political Science, cand.scient.pol.","Political Science, cand.scient.pol.",CSV:EDU_audd,medium,danish,,
EDU_audd_4399,EDU,audd,4399,Data- og kommunikationsuddannelse una,Data- og kommunikationsuddannelse una,Data and Communication Education una,CSV:EDU_audd,medium,danish,,
EDU_audd_4693,EDU,audd,4693,"Kørselsdisponent, persontransport","Kørselsdisponent, persontransport","Driver, Passenger Transport",CSV:EDU_audd,medium,danish,,
EDU_audd_3361,EDU,audd,3361,"Husdyrproduktion (overbygning), prof.bach.","Husdyrproduktion (overbygning), prof.bach.","Husdyrproduktion (overbygning), prof.bach.",CSV:EDU_audd,medium,danish,,
EDU_audd_7516,EDU,audd,7516,"HA almen erhvervsøkonomi, bach.","HA almen erhvervsøkonomi, bach.","General business administration, bach.",CSV:EDU_audd,medium,danish,,
EDU_audd_7599,EDU,audd,7599,"Uddannelsesvidenskab, cand.soc.","Uddannelsesvidenskab, cand.soc.","Uddannelsesvidenskab, cand.soc.",CSV:EDU_audd,medium,danish,,
EDU_audd_7915,EDU,audd,7915,"Product Development and Innovation, ing.bach.","Product Development and Innovation, ing.bach.","Product Development and Innovation, ing.bach.",CSV:EDU_audd,medium,danish,,
EDU_audd_8375,EDU,audd,8375,"Engineering, Innovation and Business, cand.polyt.","Engineering, Innovation and Business, cand.polyt.","Engineering, Innovation and Business, cand.polyt.",CSV:EDU_audd,medium,danish,,
EDU_audd_3042,EDU,audd,3042,"Food Science and Technology, cand.tech.al.","Food Science and Technology, cand.tech.al.","Food Science and Technology, cand.tech.al.",CSV:EDU_audd,medium,danish,,
EDU_audd_7703,EDU,audd,7703,"Økonomi, cand.oecon.","Økonomi, cand.oecon.","Economics, cand.oecon.",CSV:EDU_audd,medium,danish,,
EDU_audd_3076,EDU,audd,3076,"Economics and Business administration, cand.soc.","Economics and Business administration, cand.soc.","Economics and Business administration, cand.soc.",CSV:EDU_audd,medium,danish,,
EDU_audd_7452,EDU,audd,7452,"Nanoscience, bach.","Nanoscience, bach.","Nanoscience, bach.",CSV:EDU_audd,medium,danish,,
EDU_audd_3156,EDU,audd,3156,"Product Development and Innovation, cand.polyt.","Product Development and Innovation, cand.polyt.","Product Development and Innovation, cand.polyt.",CSV:EDU_audd,medium,danish,,
EDU_audd_3367,EDU,audd,3367,"Klimatilpasning, AO","Klimatilpasning, AO","Klimatilpasning, AO",CSV:EDU_audd,medium,danish,,
EDU_audd_5948,EDU,audd,5948,"Information management, bach.","Information management, bach.","Information management, bach.",CSV:EDU_audd,medium,danish,,
EDU_audd_4786,EDU,audd,4786,"Produktion og udvikling, individuel eud","Produktion og udvikling, individuel eud","Production and Development, individual eedu",CSV:EDU_audd,medium,danish,,
EDU_audd_5283,EDU,audd,5283,"Mobilitet, Transport og Logistik, ing.prof.bach.","Mobilitet, Transport og Logistik, ing.prof.bach.","Mobility, Transportation and Logistics, ing.prof.bach.",CSV:EDU_audd,medium,danish,,
EDU_audd_8302,EDU,audd,8302,"Transport and Logistics, cand.polyt.","Transport and Logistics, cand.polyt.","Transport and Logistics, cand.polyt.",CSV:EDU_audd,medium,danish,,
EDU_audd_6810,EDU,audd,6810,"Diakoni og socialpædagogik, prof.bach.","Diakoni og socialpædagogik, prof.bach.","Diakonia and Social Pedagogy, prof.bach.",CSV:EDU_audd,medium,danish,,
EDU_audd_3288,EDU,audd,3288,"Formidling af tekstildesign og håndværk i kulturel kontekst, prof.bach.","Formidling af tekstildesign og håndværk i kulturel kontekst, prof.bach.","Communication of Textile Design and Craft in Cultural Context, prof.bach.",CSV:EDU_audd,medium,danish,,
EDU_audd_4563,EDU,audd,4563,Bygningssnedker,Bygningssnedker,Bygningssnedker,CSV:EDU_audd,medium,danish,,
EDU_audd_7521,EDU,audd,7521,"Kunsthistorie, bach.","Kunsthistorie, bach.","Kunsthistorie, bach.",CSV:EDU_audd,medium,danish,,
EDU_audd_3440,EDU,audd,3440,"Farmaci, bach.","Farmaci, bach.","Farmaci, bach.",CSV:EDU_audd,medium,danish,,
EDU_audd_3480,EDU,audd,3480,"Farmaci, cand.pharm.","Farmaci, cand.pharm.","Farmaci, cand.pharm.",CSV:EDU_audd,medium,danish,,
EDU_audd_7692,EDU,audd,7692,"Landinspektørvidenskab, bach.","Landinspektørvidenskab, bach.","Land inspection science, bach.",CSV:EDU_audd,medium,danish,,
EDU_audd_7737,EDU,audd,7737,"Surveying, Planning and Land Management, cand.geom.","Surveying, Planning and Land Management, cand.geom.","Surveying, Planning and Land Management, cand.geom.",CSV:EDU_audd,medium,danish,,
EDU_audd_3473,EDU,audd,3473,"Religion studier/Religionsvidenskab, cand.mag.","Religion studier/Religionsvidenskab, cand.mag.","Religion studier/Religionsvidenskab, cand.mag.",CSV:EDU_audd,medium,danish,,
EDU_audd_1120,EDU,audd,1120,Børnehaveklasse,Børnehaveklasse,Daycare Class,CSV:EDU_audd,medium,danish,,
EDU_audd_3062,EDU,audd,3062,"Audiologi, bach.","Audiologi, bach.","Audiologi, bach.",CSV:EDU_audd,medium,danish,,
EDU_audd_3063,EDU,audd,3063,"Audiologi, cand.mag.","Audiologi, cand.mag.","Audiologi, cand.mag.",CSV:EDU_audd,medium,danish,,
EDU_audd_5761,EDU,audd,5761,"Officer A-linien, administration, søværnet","Officer A-linien, administration, søværnet","Officer A-line, Administration, Navy",CSV:EDU_audd,medium,danish,,
EDU_audd_6807,EDU,audd,6807,"Pædagogik, cand.mag.","Pædagogik, cand.mag.","Pedagogy, cand.mag.",CSV:EDU_audd,medium,danish,,
EDU_audd_6462,EDU,audd,6462,"Humanistisk kombination, kombination (RUC)","Humanistisk kombination, kombination (RUC)","Humanities Combination, combination (RUC)",CSV:EDU_audd,medium,danish,,
EDU_audd_5889,EDU,audd,5889,"V.O.U., teknisk søværnet","V.O.U., teknisk søværnet","V.O.U., Technical Navy",CSV:EDU_audd,medium,danish,,
EDU_audd_5179,EDU,audd,5179,"Sygepleje supplering, adgangsgivende til videre uddannelse","Sygepleje supplering, adgangsgivende til videre uddannelse","Nursing Supplement, Access to Further Education",CSV:EDU_audd,medium,danish,,
EDU_audd_5515,EDU,audd,5515,"Erhvervssprogligt grundstudium, engelsk-spansk","Erhvervssprogligt grundstudium, engelsk-spansk","Vocational Language Foundation Program, English-Spanish",CSV:EDU_audd,medium,danish,,
EDU_audd_5154,EDU,audd,5154,"Ergo- og fysioterapeut ledende/undervisende, videreuddannelse","Ergo- og fysioterapeut ledende/undervisende, videreuddannelse","Leading/Teaching in Physiotherapy and Occupational Therapy, Further Education",CSV:EDU_audd,medium,danish,,
EDU_audd_4325,EDU,audd,4325,Grovsmed,Grovsmed,Grovsmed,CSV:EDU_audd,medium,danish,,
EDU_audd_6534,EDU,audd,6534,"Historie, bach.","Historie, bach.","Historie, bach.",CSV:EDU_audd,medium,danish,,
EDU_audd_5763,EDU,audd,5763,"Officer A-linien, taktisk, søværnet","Officer A-linien, taktisk, søværnet","Officer A-line, Tactical, Navy",CSV:EDU_audd,medium,danish,,
EDU_audd_7414,EDU,audd,7414,"Arkæologi klassisk, bach.","Arkæologi klassisk, bach.","Classical Archaeology, bach.",CSV:EDU_audd,medium,danish,,
EDU_audd_5386,EDU,audd,5386,"Fiskeriteknik, civilingeniør","Fiskeriteknik, civilingeniør","Fisheries Engineering, Civil Engineer",CSV:EDU_audd,medium,danish,,
EDU_audd_5572,EDU,audd,5572,"Fransk, cand.interpret.","Fransk, cand.interpret.","Fransk, cand.interpret.",CSV:EDU_audd,medium,danish,,
EDU_audd_4616,EDU,audd,4616,Groundman,Groundman,Groundman,CSV:EDU_audd,medium,danish,,
EDU_audd_4517,EDU,audd,4517,Serviceskomager,Serviceskomager,Serviceskomager,CSV:EDU_audd,medium,danish,,
EDU_audd_7913,EDU,audd,7913,"Filmvidenskab, mag.art.","Filmvidenskab, mag.art.","Filmvidenskab, mag.art.",CSV:EDU_audd,medium,danish,,
EDU_audd_6753,EDU,audd,6753,"Iransk, cand.mag.","Iransk, cand.mag.","Iransk, cand.mag.",CSV:EDU_audd,medium,danish,,
EDU_audd_4696,EDU,audd,4696,Lufthavnsoperatør,Lufthavnsoperatør,Airport Operator,CSV:EDU_audd,medium,danish,,
EDU_audd_5382,EDU,audd,5382,"Telekommunikation, civilingeniør","Telekommunikation, civilingeniør","Telecommunications, Civil Engineer",CSV:EDU_audd,medium,danish,,
EDU_audd_6839,EDU,audd,6839,"Indoeuropæisk, cand.mag.","Indoeuropæisk, cand.mag.","Indo-European, cand.mag.",CSV:EDU_audd,medium,danish,,
EDU_audd_6539,EDU,audd,6539,"Kommunikation, cand.phil.","Kommunikation, cand.phil.","Communication, cand.phil.",CSV:EDU_audd,medium,danish,,
EDU_audd_4038,EDU,audd,4038,Trikotageassistent,Trikotageassistent,Trikotageassistent,CSV:EDU_audd,medium,danish,,
EDU_audd_5821,EDU,audd,5821,"Maleri, videregående","Maleri, videregående","Painting, Upper Secondary Education",CSV:EDU_audd,medium,danish,,
EDU_audd_4013,EDU,audd,4013,Mikroinstruktør,Mikroinstruktør,Microassembler,CSV:EDU_audd,medium,danish,,
EDU_audd_4612,EDU,audd,4612,"Lufthavnsuddannelse, cargo","Lufthavnsuddannelse, cargo","Airport Training, Cargo",CSV:EDU_audd,medium,danish,,
EDU_audd_5907,EDU,audd,5907,"Kor- og ensembleledelse, musikpædagog","Kor- og ensembleledelse, musikpædagog","Choir and Ensemble Conducting, Music Pedagogy",CSV:EDU_audd,medium,danish,,
EDU_audd_4615,EDU,audd,4615,Greenkeeper,Greenkeeper,Greenkeeper,CSV:EDU_audd,medium,danish,,
EDU_audd_3144,EDU,audd,3144,"Didaktik, matematik, cand.pæd.","Didaktik, matematik, cand.pæd.","Pedagogy, Mathematics, Master of Education",CSV:EDU_audd,medium,danish,,
EDU_audd_4044,EDU,audd,4044,Farveriassistent,Farveriassistent,Farveriassistent,CSV:EDU_audd,medium,danish,,
EDU_audd_5042,EDU,audd,5042,Indkøbstekniker,Indkøbstekniker,Purchasing Technician,CSV:EDU_audd,medium,danish,,
EDU_audd_4496,EDU,audd,4496,Gardindekoratør,Gardindekoratør,Curtain Decorator,CSV:EDU_audd,medium,danish,,
EDU_audd_5387,EDU,audd,5387,"Environmental engineering, cand.polyt.","Environmental engineering, cand.polyt.","Environmental Engineering, cand.polyt.",CSV:EDU_audd,medium,danish,,
EDU_audd_8093,EDU,audd,8093,"Science Studies, cand.scient.","Science Studies, cand.scient.","Science Studies, cand.scient.",CSV:EDU_audd,medium,danish,,
EDU_audd_6625,EDU,audd,6625,"Russisk, cand.phil.","Russisk, cand.phil.","Russisk, cand.phil.",CSV:EDU_audd,medium,danish,,
EDU_audd_6529,EDU,audd,6529,"Arkæologi forhistorisk, cand.phil.","Arkæologi forhistorisk, cand.phil.","Prehistoric Archaeology, cand.phil.",CSV:EDU_audd,medium,danish,,
EDU_audd_8142,EDU,audd,8142,"Geologi-endogen, cand.scient.","Geologi-endogen, cand.scient.","Geologi-endogen, cand.scient.",CSV:EDU_audd,medium,danish,,
EDU_audd_6763,EDU,audd,6763,"Græsk, klassisk, cand.mag.","Græsk, klassisk, cand.mag.","Classical Greek, cand.mag.",CSV:EDU_audd,medium,danish,,
EDU_audd_5836,EDU,audd,5836,"Konserveringsteknik, kunst, bach.","Konserveringsteknik, kunst, bach.","Konserveringsteknik, kunst, bach.",CSV:EDU_audd,medium,danish,,
EDU_audd_4533,EDU,audd,4533,"Audiologiassistent, hospitalsteknisk","Audiologiassistent, hospitalsteknisk","Audiologiassistent, hospitalsteknisk",CSV:EDU_audd,medium,danish,,
EDU_audd_8633,EDU,audd,8633,"Kræftsygepleje, specialsygeplejerske","Kræftsygepleje, specialsygeplejerske","Cancer Nursing, Specialist Nurse",CSV:EDU_audd,medium,danish,,
EDU_audd_4292,EDU,audd,4292,Teknisk isolatør,Teknisk isolatør,Technical Insulator,CSV:EDU_audd,medium,danish,,
EDU_audd_7531,EDU,audd,7531,"Fransk sprog, litteratur og kultur, bach.","Fransk sprog, litteratur og kultur, bach.","French Language, Literature and Culture, bach.",CSV:EDU_audd,medium,danish,,
EDU_audd_7592,EDU,audd,7592,"Fransk sprog, litteratur og kultur, cand.mag.","Fransk sprog, litteratur og kultur, cand.mag.","French Language, Literature and Culture, cand.mag.",CSV:EDU_audd,medium,danish,,
EDU_audd_4290,EDU,audd,4290,"Produktionsassistent, døre og vinduer","Produktionsassistent, døre og vinduer","Production Assistant, Doors and Windows",CSV:EDU_audd,medium,danish,,
EDU_audd_4650,EDU,audd,4650,"Chauffør, temperaturtransport","Chauffør, temperaturtransport",Temperature Transport Driver,CSV:EDU_audd,medium,danish,,
EDU_audd_6541,EDU,audd,6541,"Idehistorie, cand.phil.","Idehistorie, cand.phil.","Idehistorie, cand.phil.",CSV:EDU_audd,medium,danish,,
EDU_audd_6604,EDU,audd,6604,"Portugisisk, bach.","Portugisisk, bach.","Portugisisk, bach.",CSV:EDU_audd,medium,danish,,
EDU_audd_6021,EDU,audd,6021,Basislinje orgel,Basislinje orgel,Basislinje orgel,CSV:EDU_audd,medium,danish,,
EDU_audd_6264,EDU,audd,6264,"Tværfaglig IT-udvikling, cand.it","Tværfaglig IT-udvikling, cand.it","Interdisciplinary IT Development, cand.it",CSV:EDU_audd,medium,danish,,
EDU_audd_5965,EDU,audd,5965,"Business, Language and Culture, spanish, cand.negot.","Business, Language and Culture, spanish, cand.negot.","Business, Language and Culture, Spanish, cand.negot.",CSV:EDU_audd,medium,danish,,
EDU_audd_5790,EDU,audd,5790,"Tegnsprog- og mundhåndsystem, basisuddannelse","Tegnsprog- og mundhåndsystem, basisuddannelse","Sign Language and Oral Communication System, Basic Education",CSV:EDU_audd,medium,danish,,
EDU_audd_8225,EDU,audd,8225,"Biologi og miljøkontrol, cand.scient.","Biologi og miljøkontrol, cand.scient.","Biology and Environmental Control, cand.scient.",CSV:EDU_audd,medium,danish,,
EDU_audd_5983,EDU,audd,5983,"Fransk, bach.negot.","Fransk, bach.negot.","Fransk, bach.negot.",CSV:EDU_audd,medium,danish,,
EDU_audd_4635,EDU,audd,4635,"Skov- og naturtekniker, træ- og landskabspleje","Skov- og naturtekniker, træ- og landskabspleje","Forestry and Nature Technician, Tree and Landscape Care",CSV:EDU_audd,medium,danish,,
EDU_audd_4427,EDU,audd,4427,Industritarmrenser,Industritarmrenser,Industritarmrenser,CSV:EDU_audd,medium,danish,,
EDU_audd_5048,EDU,audd,5048,Tf-skibsteknik,Tf-skibsteknik,Tf-skibsteknik,CSV:EDU_audd,medium,danish,,
EDU_audd_6804,EDU,audd,6804,"Designstudier, cand.mag.","Designstudier, cand.mag.","Designstudier, cand.mag.",CSV:EDU_audd,medium,danish,,
EDU_audd_4397,EDU,audd,4397,Elektronik- og svagstrømsuddannelse una,Elektronik- og svagstrømsuddannelse una,Electronics and Weak Current Education una,CSV:EDU_audd,medium,danish,,
EDU_audd_4998,EDU,audd,4998,Realkredit,Realkredit,Realkredit,CSV:EDU_audd,medium,danish,,
EDU_audd_4513,EDU,audd,4513,Autosadelmager,Autosadelmager,Autosadelmager,CSV:EDU_audd,medium,danish,,
EDU_audd_4960,EDU,audd,4960,"Engros, el-engros","Engros, el-engros","Engros, el-engros",CSV:EDU_audd,medium,danish,,
EDU_audd_5094,EDU,audd,5094,Akademiøkonom i østeuropæisk handel,Akademiøkonom i østeuropæisk handel,Academic Economist in East European Trade,CSV:EDU_audd,medium,danish,,
EDU_audd_6793,EDU,audd,6793,"Nordisk filologi, cand.mag.","Nordisk filologi, cand.mag.","Nordisk filologi, cand.mag.",CSV:EDU_audd,medium,danish,,
EDU_audd_5009,EDU,audd,5009,Akademiøkonom i hotel- og restaurantledelse,Akademiøkonom i hotel- og restaurantledelse,Academic Economist in Hotel and Restaurant Management,CSV:EDU_audd,medium,danish,,
EDU_audd_8039,EDU,audd,8039,"Miljøkemi, bach.","Miljøkemi, bach.","Environmental Chemistry, bach.",CSV:EDU_audd,medium,danish,,
EDU_audd_8079,EDU,audd,8079,"Miljøkemi, cand.scient.","Miljøkemi, cand.scient.","Environmental Chemistry, cand.scient.",CSV:EDU_audd,medium,danish,,
EDU_audd_4783,EDU,audd,4783,"Bil, fly og andre transportmidler, individuel eud","Bil, fly og andre transportmidler, individuel eud","Vehicle, Aircraft and Other Transport Means, Individual Further Education",CSV:EDU_audd,medium,danish,,
EDU_audd_6136,EDU,audd,6136,"Geografi, kombination (RUC)","Geografi, kombination (RUC)","Geography, combination (RUC)",CSV:EDU_audd,medium,danish,,
EDU_audd_4081,EDU,audd,4081,"Maskintekniker, stålkonstruktion","Maskintekniker, stålkonstruktion","Mechanical engineer, steel construction",CSV:EDU_audd,medium,danish,,
EDU_audd_5379,EDU,audd,5379,"Planlægning, civilingeniør","Planlægning, civilingeniør","Planning, civil engineer",CSV:EDU_audd,medium,danish,,
EDU_audd_4294,EDU,audd,4294,Trædrejer,Trædrejer,Woodworker,CSV:EDU_audd,medium,danish,,
EDU_audd_6813,EDU,audd,6813,"Religionshistorie, cand.mag.","Religionshistorie, cand.mag.","Religionshistorie, cand.mag.",CSV:EDU_audd,medium,danish,,
EDU_audd_5150,EDU,audd,5150,"Kiropraktor, forskole","Kiropraktor, forskole","Chiropractor, preschool",CSV:EDU_audd,medium,danish,,
EDU_audd_5848,EDU,audd,5848,"Teaterteknik, scene","Teaterteknik, scene","Teaterteknik, scene",CSV:EDU_audd,medium,danish,,
EDU_audd_6140,EDU,audd,6140,"Psykologi, kombination (RUC)","Psykologi, kombination (RUC)","Psykologi, kombination (RUC)",CSV:EDU_audd,medium,danish,,
EDU_audd_4669,EDU,audd,4669,Togklargøring,Togklargøring,Train clearance,CSV:EDU_audd,medium,danish,,
EDU_audd_5182,EDU,audd,5182,Sikkerhedsfunktionær,Sikkerhedsfunktionær,Safety officer,CSV:EDU_audd,medium,danish,,
EDU_audd_6708,EDU,audd,6708,"Datalingvistik spansk, cand.mag.","Datalingvistik spansk, cand.mag.","Computational linguistics Spanish, cand.mag.",CSV:EDU_audd,medium,danish,,
EDU_audd_6832,EDU,audd,6832,"Spansk, overbygning","Spansk, overbygning","Spansk, overbygning",CSV:EDU_audd,medium,danish,,
EDU_audd_4200,EDU,audd,4200,Hg una,Hg una,Hg una,CSV:EDU_audd,medium,danish,,
EDU_audd_3442,EDU,audd,3442,"Matematik og økonomi, bach.","Matematik og økonomi, bach.","Mathematics and economics, bach.",CSV:EDU_audd,medium,danish,,
EDU_audd_4006,EDU,audd,4006,Akademiøkonom i logistik og transport,Akademiøkonom i logistik og transport,Academy economist in logistics and transport,CSV:EDU_audd,medium,danish,,
EDU_audd_8183,EDU,audd,8183,"Geografi-natur, cand.scient.","Geografi-natur, cand.scient.","Geografi-natur, cand.scient.",CSV:EDU_audd,medium,danish,,
EDU_audd_5532,EDU,audd,5532,"Engelsk, cand.negot. (udelt 4år)","Engelsk, cand.negot. (udelt 4år)","English, cand.negot. (special 4yr)",CSV:EDU_audd,medium,danish,,
EDU_audd_6805,EDU,audd,6805,"Portugisisk, cand.mag.","Portugisisk, cand.mag.","Portuguese, cand.mag.",CSV:EDU_audd,medium,danish,,
EDU_audd_5917,EDU,audd,5917,"Rytmisk musik, diplomeksamen musikpædagog","Rytmisk musik, diplomeksamen musikpædagog","Rhythmic music, diploma music pedagogy",CSV:EDU_audd,medium,danish,,
EDU_audd_5096,EDU,audd,5096,Akademiøkonom i grafisk kommunikation,Akademiøkonom i grafisk kommunikation,Academy economist in graphic communication,CSV:EDU_audd,medium,danish,,
EDU_audd_7754,EDU,audd,7754,"IT-didaktisk design, cand.pæd.","IT-didaktisk design, cand.pæd.","IT Pedagogical Design, Master of Education",CSV:EDU_audd,medium,danish,,
EDU_audd_5831,EDU,audd,5831,"Konserveringsteknik, bach.","Konserveringsteknik, bach.","Konserveringsteknik, bach.",CSV:EDU_audd,medium,danish,,
EDU_audd_5066,EDU,audd,5066,"Gartneritekniker, anlæg","Gartneritekniker, anlæg","Landscape gardener, installation",CSV:EDU_audd,medium,danish,,
EDU_audd_3337,EDU,audd,3337,"Kultur og kulturformidling, cand.mag.","Kultur og kulturformidling, cand.mag.","Culture and Cultural Mediation, cand.mag.",CSV:EDU_audd,medium,danish,,
EDU_audd_4295,EDU,audd,4295,El-montør,El-montør,Electrician,CSV:EDU_audd,medium,danish,,
EDU_audd_8045,EDU,audd,8045,"Biofysik, bach.","Biofysik, bach.","Biofysik, bach.",CSV:EDU_audd,medium,danish,,
EDU_audd_5958,EDU,audd,5958,"Fransk-tysk erhvervssprog, bach.","Fransk-tysk erhvervssprog, bach.","French-German business language, bach.",CSV:EDU_audd,medium,danish,,
EDU_audd_7186,EDU,audd,7186,"Folkesundhedsvidenskab, bach.","Folkesundhedsvidenskab, bach.","Folkesundhedsvidenskab, bach.",CSV:EDU_audd,medium,danish,,
EDU_audd_5849,EDU,audd,5849,Teaterinstruktør,Teaterinstruktør,Theater instructor,CSV:EDU_audd,medium,danish,,
EDU_audd_5918,EDU,audd,5918,"Solist-ensemble-rystmisk musik, diplom","Solist-ensemble-rystmisk musik, diplom","Solo ensemble rhythmic music, diploma",CSV:EDU_audd,medium,danish,,
EDU_audd_5452,EDU,audd,5452,"Miljøkemi, cand.scient.","Miljøkemi, cand.scient.","Environmental Chemistry, cand.scient.",CSV:EDU_audd,medium,danish,,
EDU_audd_4537,EDU,audd,4537,Gastronom una,Gastronom una,Gastronom una,CSV:EDU_audd,medium,danish,,
EDU_audd_3300,EDU,audd,3300,Gartnerassistent,Gartnerassistent,Gartnerassistent,CSV:EDU_audd,medium,danish,,
EDU_audd_5193,EDU,audd,5193,"Juniorofficer, 3.teoridel","Juniorofficer, 3.teoridel","Juniorofficer, 3.teoridel",CSV:EDU_audd,medium,danish,,
EDU_audd_5225,EDU,audd,5225,"Seniorofficer dual purpose, skibschef, prof.bach.","Seniorofficer dual purpose, skibschef, prof.bach.","Senior officer dual purpose, ship captain, prof.bach.",CSV:EDU_audd,medium,danish,,
EDU_audd_8021,EDU,audd,8021,"Meteorologi, bach.","Meteorologi, bach.","Meteorologi, bach.",CSV:EDU_audd,medium,danish,,
EDU_audd_8098,EDU,audd,8098,"Teknisk fysik, c.scient.","Teknisk fysik, c.scient.","Technical physics, c.scient.",CSV:EDU_audd,medium,danish,,
EDU_audd_3474,EDU,audd,3474,"Journalistik, cand.public.","Journalistik, cand.public.","Journalistik, cand.public.",CSV:EDU_audd,medium,danish,,
EDU_audd_7142,EDU,audd,7142,"Jordemodervidenskab, cand.san.","Jordemodervidenskab, cand.san.","Midwifery science, cand.san.",CSV:EDU_audd,medium,danish,,
EDU_audd_5810,EDU,audd,5810,"Billedkunst, videregående","Billedkunst, videregående","Fine arts, advanced level",CSV:EDU_audd,medium,danish,,
EDU_audd_4637,EDU,audd,4637,"Skov- og naturtekniker, naturformidler","Skov- og naturtekniker, naturformidler","Forestry and nature technician, nature communicator",CSV:EDU_audd,medium,danish,,
EDU_audd_5806,EDU,audd,5806,"Filmproducer, film og tv produktion","Filmproducer, film og tv produktion","Film producer, film and TV production",CSV:EDU_audd,medium,danish,,
EDU_audd_8340,EDU,audd,8340,"Teknisk una, cand.scient.","Teknisk una, cand.scient.","Technical uno, cand.scient.",CSV:EDU_audd,medium,danish,,
EDU_audd_5107,EDU,audd,5107,"Designer tekstil, cand.design","Designer tekstil, cand.design","Designer tekstil, cand.design",CSV:EDU_audd,medium,danish,,
EDU_audd_5103,EDU,audd,5103,"Designer grafisk, cand.design","Designer grafisk, cand.design","Designer grafisk, cand.design",CSV:EDU_audd,medium,danish,,
EDU_audd_5944,EDU,audd,5944,"Erhvervssprog og IT, bach.","Erhvervssprog og IT, bach.","Business languages and IT, bach.",CSV:EDU_audd,medium,danish,,
EDU_audd_6454,EDU,audd,6454,"Sprog og internat. virksomhedskommunikation, overbygning","Sprog og internat. virksomhedskommunikation, overbygning","Language and international business communication, postgraduate",CSV:EDU_audd,medium,danish,,
EDU_audd_5109,EDU,audd,5109,"Designer mode, cand.design","Designer mode, cand.design","Designer mode, cand.design",CSV:EDU_audd,medium,danish,,
EDU_audd_4540,EDU,audd,4540,Mediegrafisk assistent,Mediegrafisk assistent,Mediegrafisk assistent,CSV:EDU_audd,medium,danish,,
EDU_audd_3145,EDU,audd,3145,"Didaktik, materiel kultur, cand.pæd.","Didaktik, materiel kultur, cand.pæd.","Pedagogy, Material Culture, Master of Education",CSV:EDU_audd,medium,danish,,
EDU_audd_6512,EDU,audd,6512,"Engelsk, bach.","Engelsk, bach.","Engelsk, bach.",CSV:EDU_audd,medium,danish,,
EDU_audd_6714,EDU,audd,6714,"Amerikanske studier, cand.mag.","Amerikanske studier, cand.mag.","Amerikanske studier, cand.mag.",CSV:EDU_audd,medium,danish,,
EDU_audd_7533,EDU,audd,7533,"Arkæologi klassisk, bach.","Arkæologi klassisk, bach.","Classical Archaeology, bach.",CSV:EDU_audd,medium,danish,,
EDU_audd_6757,EDU,audd,6757,"Arkæologi klassisk, cand.mag.","Arkæologi klassisk, cand.mag.","Classical archaeology, cand.mag.",CSV:EDU_audd,medium,danish,,
EDU_audd_7847,EDU,audd,7847,"Rytmisk musikpædagogik (AM), bach.","Rytmisk musikpædagogik (AM), bach.","Rhythmic music pedagogy (AM), bach.",CSV:EDU_audd,medium,danish,,
EDU_audd_7947,EDU,audd,7947,"Rytmisk musikpædagog (AM), kand.","Rytmisk musikpædagog (AM), kand.","Rhythmic music educator (AM), kand.",CSV:EDU_audd,medium,danish,,
EDU_audd_8717,EDU,audd,8717,"Tværvidenskabelige sundhedsstudier, cand.san.","Tværvidenskabelige sundhedsstudier, cand.san.","Interdisciplinary health studies, cand.san.",CSV:EDU_audd,medium,danish,,
EDU_audd_8342,EDU,audd,8342,"Teknologi og ledelse, civilingeniør","Teknologi og ledelse, civilingeniør","Technology and leadership, civilingenieur",CSV:EDU_audd,medium,danish,,
EDU_audd_5328,EDU,audd,5328,"Teknologi og økonomi, ing.prof.bach.","Teknologi og økonomi, ing.prof.bach.","Technology and economics, ing.prof.bach.",CSV:EDU_audd,medium,danish,,
EDU_audd_4702,EDU,audd,4702,"Jern og metal, indgangsår (gl)","Jern og metal, indgangsår (gl)","Iron and metal, entry year (gl)",CSV:EDU_audd,medium,danish,,
EDU_audd_5985,EDU,audd,5985,"Erhvervsøkonomi-erhvervssprog, spansk, bach.negot.","Erhvervsøkonomi-erhvervssprog, spansk, bach.negot.","Business economics-business language, Spanish, bach.negot.",CSV:EDU_audd,medium,danish,,
EDU_audd_7950,EDU,audd,7950,"Kirkemusik, kand.","Kirkemusik, kand.","Kirkemusik, kand.",CSV:EDU_audd,medium,danish,,
EDU_audd_8361,EDU,audd,8361,"Management in the Building Industry, kand.2år, cand.scient.tech.","Management in the Building Industry, kand.2år, cand.scient.tech.","Management in the Building Industry, kand.2yr, cand.scient.tech.",CSV:EDU_audd,medium,danish,,
EDU_audd_5852,EDU,audd,5852,"Teaterteknik, regi","Teaterteknik, regi","Teaterteknik, regi",CSV:EDU_audd,medium,danish,,
EDU_audd_8415,EDU,audd,8415,"Veterinærvidenskab, cand.med.vet.","Veterinærvidenskab, cand.med.vet.","Veterinary Science, Master of Veterinary Medicine",CSV:EDU_audd,medium,danish,,
EDU_audd_6524,EDU,audd,6524,"Finsk, bach.","Finsk, bach.","Finsk, bach.",CSV:EDU_audd,medium,danish,,
EDU_audd_4499,EDU,audd,4499,Frisør una,Frisør una,Hairdressing una,CSV:EDU_audd,medium,danish,,
EDU_audd_4570,EDU,audd,4570,"Skov- og naturtekniker, biotop-vildtpleje","Skov- og naturtekniker, biotop-vildtpleje","Forest and Nature Technician, Habitat-Wildlife Management",CSV:EDU_audd,medium,danish,,
EDU_audd_4197,EDU,audd,4197,Eventkoordinator,Eventkoordinator,Eventkoordinator,CSV:EDU_audd,medium,danish,,
EDU_audd_8338,EDU,audd,8338,"Nanoteknologi, civilingeniør","Nanoteknologi, civilingeniør","Nanotechnology, Civil Engineer",CSV:EDU_audd,medium,danish,,
EDU_audd_6862,EDU,audd,6862,"Designledelse, cand.mag.","Designledelse, cand.mag.","Design Leadership, cand.mag.",CSV:EDU_audd,medium,danish,,
EDU_audd_8364,EDU,audd,8364,"Integrated Food Studies, cand.scient.tech.","Integrated Food Studies, cand.scient.tech.","Integrated Food Studies, cand.scient.tech.",CSV:EDU_audd,medium,danish,,
EDU_audd_5226,EDU,audd,5226,"Skibsfører, prof.bach.","Skibsfører, prof.bach.","Ship Captain, prof.bach.",CSV:EDU_audd,medium,danish,,
EDU_audd_7862,EDU,audd,7862,"Musikpædagog, cand.musicae","Musikpædagog, cand.musicae","Music Pedagogy, cand.musicae",CSV:EDU_audd,medium,danish,,
EDU_audd_5986,EDU,audd,5986,"Erhvervsøkonomi-erhvervssprog, arabisk, bach.negot.","Erhvervsøkonomi-erhvervssprog, arabisk, bach.negot.","Business Economics-Business Language, Arabic, bach.negot.",CSV:EDU_audd,medium,danish,,
EDU_audd_5188,EDU,audd,5188,"Juniorofficer dual purpose, prof.bach.","Juniorofficer dual purpose, prof.bach.","Junior Officer Dual Purpose, prof.bach.",CSV:EDU_audd,medium,danish,,
EDU_audd_5228,EDU,audd,5228,"Seniorofficer dual purpose, maskinchef med el-aut., prof.bach.","Seniorofficer dual purpose, maskinchef med el-aut., prof.bach.","Senior Officer Dual Purpose, Engine Chief with Electrical Automation, prof.bach.",CSV:EDU_audd,medium,danish,,
EDU_audd_4633,EDU,audd,4633,Savværks- og træindustriarbejder,Savværks- og træindustriarbejder,Sawmill and Timber Industry Worker,CSV:EDU_audd,medium,danish,,
EDU_audd_6113,EDU,audd,6113,"Offentlig driftsøkonomi, kombination (RUC)","Offentlig driftsøkonomi, kombination (RUC)","Public Sector Economics, Combination (RUC)",CSV:EDU_audd,medium,danish,,
EDU_audd_5019,EDU,audd,5019,Tf-mejeriteknik,Tf-mejeriteknik,Tf-mejeriteknik,CSV:EDU_audd,medium,danish,,
EDU_audd_5077,EDU,audd,5077,Akademiøkonom i sprog og økonomi,Akademiøkonom i sprog og økonomi,Academic economist in language and economics,CSV:EDU_audd,medium,danish,,
EDU_audd_6598,EDU,audd,6598,"Nærorientalsk oldtidskultur, bach.","Nærorientalsk oldtidskultur, bach.","Near Eastern ancient culture, bach.",CSV:EDU_audd,medium,danish,,
EDU_audd_6801,EDU,audd,6801,"Nærorientalsk oldtidskultur, cand.mag.","Nærorientalsk oldtidskultur, cand.mag.","Near Eastern ancient culture, cand.mag.",CSV:EDU_audd,medium,danish,,
EDU_audd_6803,EDU,audd,6803,"Ægyptologi, cand.mag.","Ægyptologi, cand.mag.","Egyptology, cand.mag.",CSV:EDU_audd,medium,danish,,
EDU_audd_5102,EDU,audd,5102,"Designer rum-produktion, cand.design","Designer rum-produktion, cand.design","Designer rum-produktion, cand.design",CSV:EDU_audd,medium,danish,,
EDU_audd_3460,EDU,audd,3460,"Biology, cand.scient.","Biology, cand.scient.","Biology, cand.scient.",CSV:EDU_audd,medium,danish,,
EDU_audd_5087,EDU,audd,5087,Visualizer,Visualizer,Visualizer,CSV:EDU_audd,medium,danish,,
EDU_audd_5909,EDU,audd,5909,"Musikteori-komposition, musikpædagog","Musikteori-komposition, musikpædagog","Music theory-composition, music pedagogy",CSV:EDU_audd,medium,danish,,
EDU_audd_8310,EDU,audd,8310,"Security Risk Management, cand.scient.tech.","Security Risk Management, cand.scient.tech.","Security Risk Management, cand.scient.tech.",CSV:EDU_audd,medium,danish,,
EDU_audd_6817,EDU,audd,6817,"Mellemøstens sprog og samfund-arabisk, cand.mag.","Mellemøstens sprog og samfund-arabisk, cand.mag.","Middle Eastern languages and society-Arabic, cand.mag.",CSV:EDU_audd,medium,danish,,
EDU_audd_4211,EDU,audd,4211,"Automatiktekniker, elevatorbranchen","Automatiktekniker, elevatorbranchen","Automation engineer, elevator industry",CSV:EDU_audd,medium,danish,,
EDU_audd_5238,EDU,audd,5238,Miljøteknolog,Miljøteknolog,Environmental technologist,CSV:EDU_audd,medium,danish,,
EDU_audd_7207,EDU,audd,7207,"EU-studier, cand.soc.","EU-studier, cand.soc.","EU-studier, cand.soc.",CSV:EDU_audd,medium,danish,,
EDU_audd_4077,EDU,audd,4077,"Designer interaktive medier, bach.","Designer interaktive medier, bach.","Designer interaktive medier, bach.",CSV:EDU_audd,medium,danish,,
EDU_audd_7960,EDU,audd,7960,"Klassisk musik, solist","Klassisk musik, solist","Klassisk musik, solist",CSV:EDU_audd,medium,danish,,
EDU_audd_7857,EDU,audd,7857,"Musikformidling, bach.","Musikformidling, bach.","Musikformidling, bach.",CSV:EDU_audd,medium,danish,,
EDU_audd_7957,EDU,audd,7957,"Musikformidling, kand.","Musikformidling, kand.","Musikformidling, kand.",CSV:EDU_audd,medium,danish,,
EDU_audd_5230,EDU,audd,5230,"Adgangskursus, skov- og landskabsingeniør","Adgangskursus, skov- og landskabsingeniør","Access course, forestry and landscape engineering",CSV:EDU_audd,medium,danish,,
EDU_audd_5459,EDU,audd,5459,"Laboratorie-, fødevare- og procestekn. (overbygning), prof.bach.","Laboratorie-, fødevare- og procestekn. (overbygning), prof.bach.","Laboratory, food and process technology (overlay), prof.bach.",CSV:EDU_audd,medium,danish,,
EDU_audd_8332,EDU,audd,8332,"Medicin og teknologi, civilingeniør cand.polyt.","Medicin og teknologi, civilingeniør cand.polyt.","Medicine and Technology, Civil Engineer cand.polyt.",CSV:EDU_audd,medium,danish,,
EDU_audd_3230,EDU,audd,3230,"Svagstrøm, ing.prof.bach.","Svagstrøm, ing.prof.bach.","Low voltage, ing.prof.bach.",CSV:EDU_audd,medium,danish,,
EDU_audd_802,EDU,audd,802,Musicalperformer (privat udd.),Musicalperformer (privat udd.),Music Performer (private edu.),CSV:EDU_audd,medium,danish,,
EDU_audd_4559,EDU,audd,4559,Ejendomsmedhjælper,Ejendomsmedhjælper,Property Assistant,CSV:EDU_audd,medium,danish,,
EDU_audd_5780,EDU,audd,5780,"Business Administration and Digital Management, bach.","Business Administration and Digital Management, bach.","Business Administration and Digital Management, bach.",CSV:EDU_audd,medium,danish,,
EDU_audd_5141,EDU,audd,5141,Ernæringsteknolog,Ernæringsteknolog,Food Technologist,CSV:EDU_audd,medium,danish,,
EDU_audd_7426,EDU,audd,7426,"Farmaceutisk videnskab, cand.scient.pharm.","Farmaceutisk videnskab, cand.scient.pharm.","Farmaceutisk videnskab, cand.scient.pharm.",CSV:EDU_audd,medium,danish,,
EDU_audd_6413,EDU,audd,6413,"Maritime Archaeology, cand.mag.","Maritime Archaeology, cand.mag.","Maritime Archaeology, cand.mag.",CSV:EDU_audd,medium,danish,,
EDU_audd_4999,EDU,audd,4999,Transportbetjent,Transportbetjent,Transportbetjent,CSV:EDU_audd,medium,danish,,
EDU_audd_8189,EDU,audd,8189,"Geoinformatik, cand.scient.","Geoinformatik, cand.scient.","Geoinformatik, cand.scient.",CSV:EDU_audd,medium,danish,,
EDU_audd_5101,EDU,audd,5101,"Designer digital, cand.design","Designer digital, cand.design","Designer digital, cand.design",CSV:EDU_audd,medium,danish,,
EDU_audd_5492,EDU,audd,5492,"Eksport og teknologi, prof.bach.","Eksport og teknologi, prof.bach.","Export and Technology, prof.bach.",CSV:EDU_audd,medium,danish,,
EDU_audd_5972,EDU,audd,5972,"Internat. virksomhedskommunik., engelsk-fransk, bach.","Internat. virksomhedskommunik., engelsk-fransk, bach.","Int. Business Communication, English-French, bach.",CSV:EDU_audd,medium,danish,,
EDU_audd_3410,EDU,audd,3410,"Softwareteknologi, ing.prof.bach.","Softwareteknologi, ing.prof.bach.","Software technology, ing.prof.bach.",CSV:EDU_audd,medium,danish,,
EDU_audd_6987,EDU,audd,6987,"Sundhed og Informatik, cand.san.","Sundhed og Informatik, cand.san.","Health and Informatics, cand.san.",CSV:EDU_audd,medium,danish,,
EDU_audd_5258,EDU,audd,5258,"Elektronik og datateknik, ing.prof.bach.","Elektronik og datateknik, ing.prof.bach.","Electronics and Data Technology, ing.prof.bach.",CSV:EDU_audd,medium,danish,,
EDU_audd_7932,EDU,audd,7932,"Medicin og teknologi, ing.bach.","Medicin og teknologi, ing.bach.","Medicine and Technology, ing.bach.",CSV:EDU_audd,medium,danish,,
EDU_audd_7699,EDU,audd,7699,"IT, læring og organisatorisk omstilling, cand.it.","IT, læring og organisatorisk omstilling, cand.it.","IT, learning and organizational change, cand.it.",CSV:EDU_audd,medium,danish,,
EDU_audd_3066,EDU,audd,3066,"Brasilianske studier, bach.","Brasilianske studier, bach.","Brasilianske studier, bach.",CSV:EDU_audd,medium,danish,,
EDU_audd_8244,EDU,audd,8244,"Operations and Management Engineering, cand.polyt.","Operations and Management Engineering, cand.polyt.","Operations and Management Engineering, cand.polyt.",CSV:EDU_audd,medium,danish,,
EDU_audd_3017,EDU,audd,3017,"International virksomhedskommunikation, sproglig og kulturel formidling, bach.","International virksomhedskommunikation, sproglig og kulturel formidling, bach.","Int. Business Communication, Linguistic and Cultural Communication, bach.",CSV:EDU_audd,medium,danish,,
EDU_audd_7404,EDU,audd,7404,"Lingvistik, bach.","Lingvistik, bach.","Lingvistik, bach.",CSV:EDU_audd,medium,danish,,
EDU_audd_7633,EDU,audd,7633,"Medicinal Chemistry, cand.scient.","Medicinal Chemistry, cand.scient.","Medicinal Chemistry, cand.scient.",CSV:EDU_audd,medium,danish,,
EDU_audd_5429,EDU,audd,5429,"Bioteknologi, ing.prof.bach.","Bioteknologi, ing.prof.bach.","Biotechnology, prof.bach.",CSV:EDU_audd,medium,danish,,
EDU_audd_4447,EDU,audd,4447,"Detailslagter, fisk og vildt","Detailslagter, fisk og vildt","Advanced Butchery, Fish and Game",CSV:EDU_audd,medium,danish,,
EDU_audd_5348,EDU,audd,5348,"Civil Engineering, ing.prof.bach.","Civil Engineering, ing.prof.bach.","Civil Engineering, ing.prof.bach.",CSV:EDU_audd,medium,danish,,
EDU_audd_7063,EDU,audd,7063,"Plan, by og proces, cand.soc.","Plan, by og proces, cand.soc.","Planning, City and Process, cand.soc.",CSV:EDU_audd,medium,danish,,
EDU_audd_7566,EDU,audd,7566,"Didaktik, dansk, cand.pæd.","Didaktik, dansk, cand.pæd.","Didactics, Danish, cand.ped.",CSV:EDU_audd,medium,danish,,
EDU_audd_7643,EDU,audd,7643,"Maskinteknik, ing.prof.bach.","Maskinteknik, ing.prof.bach.","Mechanical Engineering, ing.prof.bach.",CSV:EDU_audd,medium,danish,,
EDU_audd_3247,EDU,audd,3247,Installationsmontør,Installationsmontør,Installation Technician,CSV:EDU_audd,medium,danish,,
EDU_audd_7958,EDU,audd,7958,"Cyberteknologi, ing.bach.","Cyberteknologi, ing.bach.","Cyberteknologi, ing.bach.",CSV:EDU_audd,medium,danish,,
EDU_audd_8308,EDU,audd,8308,"Communication Technologies and System Design, cand.polyt.","Communication Technologies and System Design, cand.polyt.","Communication Technologies and System Design, cand.polyt.",CSV:EDU_audd,medium,danish,,
EDU_audd_3070,EDU,audd,3070,"European Studies, cand.mag.","European Studies, cand.mag.","European Studies, cand.mag.",CSV:EDU_audd,medium,danish,,
EDU_audd_7136,EDU,audd,7136,"By, bolig og bosætning, cand.soc.","By, bolig og bosætning, cand.soc.","City, Housing and Settlement, cand.soc.",CSV:EDU_audd,medium,danish,,
EDU_audd_8173,EDU,audd,8173,"Datavidenskab, cand.scient.","Datavidenskab, cand.scient.","Datavidenskab, cand.scient.",CSV:EDU_audd,medium,danish,,
EDU_audd_8324,EDU,audd,8324,"Industrial Design, cand.polyt.","Industrial Design, cand.polyt.","Industrial Design, cand.polyt.",CSV:EDU_audd,medium,danish,,
EDU_audd_6040,EDU,audd,6040,"European studies, bach.","European studies, bach.","European studies, bach.",CSV:EDU_audd,medium,danish,,
EDU_audd_8072,EDU,audd,8072,"Computer Science, cand.scient.","Computer Science, cand.scient.","Computer Science, cand.scient.",CSV:EDU_audd,medium,danish,,
EDU_audd_3229,EDU,audd,3229,Dyr i zoologiske anlæg,Dyr i zoologiske anlæg,Animals in Zoological Parks,CSV:EDU_audd,medium,danish,,
EDU_audd_4090,EDU,audd,4090,Vildtforvalter,Vildtforvalter,Vildtforvalter,CSV:EDU_audd,medium,danish,,
EDU_audd_8076,EDU,audd,8076,"Earth and Space Physics and Engineering, cand.polyt.","Earth and Space Physics and Engineering, cand.polyt.","Earth and Space Physics and Engineering, cand.polyt.",CSV:EDU_audd,medium,danish,,
EDU_audd_7911,EDU,audd,7911,"Mechatronics, ing.bach.","Mechatronics, ing.bach.","Mechatronics, ing.bach.",CSV:EDU_audd,medium,danish,,
EDU_audd_5259,EDU,audd,5259,"Elektroteknologi, ing.prof.bach.","Elektroteknologi, ing.prof.bach.","Electrical Engineering, ing.prof.bach.",CSV:EDU_audd,medium,danish,,
EDU_audd_4764,EDU,audd,4764,"Forberedende grunduddannelse (FGU), basis","Forberedende grunduddannelse (FGU), basis","Forberedende grunduddannelse (FGU), basis",CSV:EDU_audd,medium,danish,,
EDU_audd_3220,EDU,audd,3220,"Arkæologi, bach.","Arkæologi, bach.","Archaeology, bach.",CSV:EDU_audd,medium,danish,,
EDU_audd_7480,EDU,audd,7480,"Philosophy, cand.mag.","Philosophy, cand.mag.","Philosophy, cand.mag.",CSV:EDU_audd,medium,danish,,
EDU_audd_7570,EDU,audd,7570,"Economics and Business Administration, cand.merc.","Economics and Business Administration, cand.merc.","Economics and Business Administration, cand.merc.",CSV:EDU_audd,medium,danish,,
EDU_audd_7144,EDU,audd,7144,"Ergoterapi, cand.san.","Ergoterapi, cand.san.","Occupational Therapy, cand.san.",CSV:EDU_audd,medium,danish,,
EDU_audd_5478,EDU,audd,5478,"Visuel kommunikation, grafisk design, prof.bach.","Visuel kommunikation, grafisk design, prof.bach.","Visual Communication, Graphic Design, prof.bach.",CSV:EDU_audd,medium,danish,,
EDU_audd_5437,EDU,audd,5437,"Graphic Storytelling, prof.bach.","Graphic Storytelling, prof.bach.","Graphic Storytelling, prof.bach.",CSV:EDU_audd,medium,danish,,
EDU_audd_8251,EDU,audd,8251,"Construction Management and Building Informatics, cand.scient.tech.","Construction Management and Building Informatics, cand.scient.tech.","Construction Management and Building Informatics, cand.scient.tech.",CSV:EDU_audd,medium,danish,,
EDU_audd_7682,EDU,audd,7682,"Teknoantropologi, bach.","Teknoantropologi, bach.","Teknoantropologi, bach.",CSV:EDU_audd,medium,danish,,
EDU_audd_6718,EDU,audd,6718,"Applied Cultural Analysis, cand.mag.","Applied Cultural Analysis, cand.mag.","Applied Cultural Analysis, cand.mag.",CSV:EDU_audd,medium,danish,,
EDU_audd_6502,EDU,audd,6502,"Mellemøstens sprog og samfund-Nærorientalsk arkæologi, bach.","Mellemøstens sprog og samfund-Nærorientalsk arkæologi, bach.","Middle Eastern Languages and Society-Near Eastern Archaeology, bach.",CSV:EDU_audd,medium,danish,,
EDU_audd_6322,EDU,audd,6322,"Nærorientalsk arkæologi, cand.mag.","Nærorientalsk arkæologi, cand.mag.","Near Eastern Archaeology, cand.mag.",CSV:EDU_audd,medium,danish,,
EDU_audd_5397,EDU,audd,5397,"Software Engineering, cand.polyt.","Software Engineering, cand.polyt.","Software Engineering, cand.polyt.",CSV:EDU_audd,medium,danish,,
EDU_audd_7642,EDU,audd,7642,"Kemi og bioteknologi, ing.prof.bach.","Kemi og bioteknologi, ing.prof.bach.","Chemistry and biotechnology, ing.prof.bach.",CSV:EDU_audd,medium,danish,,
EDU_audd_7656,EDU,audd,7656,"Datalogi, bach.","Datalogi, bach.","Datalogi, bach.",CSV:EDU_audd,medium,danish,,
EDU_audd_7706,EDU,audd,7706,"Datalogi, cand.scient.","Datalogi, cand.scient.","Datalogi, cand.scient.",CSV:EDU_audd,medium,danish,,
EDU_audd_3415,EDU,audd,3415,"HA almen erhvervsøkonomi, bach.","HA almen erhvervsøkonomi, bach.","General business administration, bach.",CSV:EDU_audd,medium,danish,,
EDU_audd_3222,EDU,audd,3222,"Information Technology, cand.polyt.","Information Technology, cand.polyt.","Information Technology, cand.polyt.",CSV:EDU_audd,medium,danish,,
EDU_audd_7776,EDU,audd,7776,"Latin, mag.art.","Latin, mag.art.","Latin, mag.art.",CSV:EDU_audd,medium,danish,,
EDU_audd_4281,EDU,audd,4281,Stenhugger,Stenhugger,Stenhugger,CSV:EDU_audd,medium,danish,,
EDU_audd_6526,EDU,audd,6526,"Folkemindevidenskab, bach.","Folkemindevidenskab, bach.","Folkemindevidenskab, bach.",CSV:EDU_audd,medium,danish,,
EDU_audd_5377,EDU,audd,5377,"Elektro-fysik, civilingeniør","Elektro-fysik, civilingeniør","Electro-Physics, Master of Science in Engineering",CSV:EDU_audd,medium,danish,,
EDU_audd_5766,EDU,audd,5766,"Officer B-linien, dæk, søværnet","Officer B-linien, dæk, søværnet","Officer B-line, deck, navy",CSV:EDU_audd,medium,danish,,
EDU_audd_6779,EDU,audd,6779,"Kunsthistorie, cand.mag.","Kunsthistorie, cand.mag.","Kunsthistorie, cand.mag.",CSV:EDU_audd,medium,danish,,
EDU_audd_4017,EDU,audd,4017,Hotel- og restaurationstekniker,Hotel- og restaurationstekniker,Hotel and Restaurant Technology,CSV:EDU_audd,medium,danish,,
EDU_audd_4062,EDU,audd,4062,Byggetekniker una,Byggetekniker una,Byggetekniker una,CSV:EDU_audd,medium,danish,,
EDU_audd_7458,EDU,audd,7458,"Fransk, mag.art.","Fransk, mag.art.","Fransk, mag.art.",CSV:EDU_audd,medium,danish,,
EDU_audd_4459,EDU,audd,4459,Trykker,Trykker,Trykker,CSV:EDU_audd,medium,danish,,
EDU_audd_6637,EDU,audd,6637,"Lingvistik, cand.phil.","Lingvistik, cand.phil.","Lingvistik, cand.phil.",CSV:EDU_audd,medium,danish,,
EDU_audd_7135,EDU,audd,7135,"Sociologi, cand.scient.soc.","Sociologi, cand.scient.soc.","Sociologi, cand.scient.soc.",CSV:EDU_audd,medium,danish,,
EDU_audd_5390,EDU,audd,5390,"Fysik, civilingeniør","Fysik, civilingeniør","Physics, Master of Science in Engineering",CSV:EDU_audd,medium,danish,,
EDU_audd_6649,EDU,audd,6649,"Kinesisk, cand.phil.","Kinesisk, cand.phil.","Kinesisk, cand.phil.",CSV:EDU_audd,medium,danish,,
EDU_audd_7362,EDU,audd,7362,"Kultursociologi, cand.phil.","Kultursociologi, cand.phil.","Kultursociologi, cand.phil.",CSV:EDU_audd,medium,danish,,
EDU_audd_2466,EDU,audd,2466,"Landbrugstekniker, maskiner","Landbrugstekniker, maskiner",Agricultural Machinery Engineer,CSV:EDU_audd,medium,danish,,
EDU_audd_5778,EDU,audd,5778,"Officer B-linien, operativ, flyvevåbnet","Officer B-linien, operativ, flyvevåbnet","Officer B-line, operational, air force",CSV:EDU_audd,medium,danish,,
EDU_audd_5389,EDU,audd,5389,"Bygningskonstruktion, civilingeniør","Bygningskonstruktion, civilingeniør","Building construction, civil engineer",CSV:EDU_audd,medium,danish,,
EDU_audd_6521,EDU,audd,6521,"Filmvidenskab, cand.phil.","Filmvidenskab, cand.phil.","Filmvidenskab, cand.phil.",CSV:EDU_audd,medium,danish,,
EDU_audd_6029,EDU,audd,6029,"Musikterapi, cand.mag.","Musikterapi, cand.mag.","Music Therapy, cand.mag.",CSV:EDU_audd,medium,danish,,
EDU_audd_4534,EDU,audd,4534,"Neurofysiologiassistent, hospitalsteknisk","Neurofysiologiassistent, hospitalsteknisk","Neurophysiology Assistant, Hospital Technical",CSV:EDU_audd,medium,danish,,
EDU_audd_5398,EDU,audd,5398,"Optiklinien, civilingeniør","Optiklinien, civilingeniør","Optical Clinic, civil engineer",CSV:EDU_audd,medium,danish,,
EDU_audd_6596,EDU,audd,6596,"Øst- og sydøsteuropastudier, balkanstudier, bach.","Øst- og sydøsteuropastudier, balkanstudier, bach.","East and Southeast European Studies, Balkan Studies, bach.",CSV:EDU_audd,medium,danish,,
EDU_audd_4500,EDU,audd,4500,Ortopædiskomager,Ortopædiskomager,Orthopedic Technician,CSV:EDU_audd,medium,danish,,
EDU_audd_6285,EDU,audd,6285,"Teknisk informationsteknologi, civilingeniør","Teknisk informationsteknologi, civilingeniør","Technical Information Technology, civil engineer",CSV:EDU_audd,medium,danish,,
EDU_audd_5295,EDU,audd,5295,Fiskeriteknolog,Fiskeriteknolog,Fiskeriteknolog,CSV:EDU_audd,medium,danish,,
EDU_audd_5071,EDU,audd,5071,Jordbrugstekniker una,Jordbrugstekniker una,Soil Engineering Technician,CSV:EDU_audd,medium,danish,,
EDU_audd_5957,EDU,audd,5957,"Fransk-spansk erhvervssprog, bach.","Fransk-spansk erhvervssprog, bach.","French-Spanish Business Language, bach.",CSV:EDU_audd,medium,danish,,
EDU_audd_4354,EDU,audd,4354,Tækkemand,Tækkemand,Roofer,CSV:EDU_audd,medium,danish,,
EDU_audd_5005,EDU,audd,5005,Akademiøkonom i international erhvervsinformation,Akademiøkonom i international erhvervsinformation,Academic Economist in International Business Information,CSV:EDU_audd,medium,danish,,
EDU_audd_6915,EDU,audd,6915,"Politik, cand.soc.","Politik, cand.soc.","Politik, cand.soc.",CSV:EDU_audd,medium,danish,,
EDU_audd_5926,EDU,audd,5926,"Musik-sang-rytmisk musik, musikpædagog","Musik-sang-rytmisk musik, musikpædagog","Music-Vocal-Rhythmic Music, music pedagogue",CSV:EDU_audd,medium,danish,,
EDU_audd_8146,EDU,audd,8146,"Geologi-fysisk geografi, cand.scient.","Geologi-fysisk geografi, cand.scient.","Geology-Physical Geography, cand.scient.",CSV:EDU_audd,medium,danish,,
EDU_audd_4363,EDU,audd,4363,"Overfladebehandler, konstruktion","Overfladebehandler, konstruktion","Surface Treatment, Construction",CSV:EDU_audd,medium,danish,,
EDU_audd_8077,EDU,audd,8077,"E-science, c.scient.","E-science, c.scient.","E-science, c.scient.",CSV:EDU_audd,medium,danish,,
EDU_audd_6991,EDU,audd,6991,"Samfundsvindenskab una, kand.","Samfundsvindenskab una, kand.","Social Science, B.A.",CSV:EDU_audd,medium,danish,,
EDU_audd_4398,EDU,audd,4398,Automatik- og procesuddannelse una,Automatik- og procesuddannelse una,Automation and Process Engineering,CSV:EDU_audd,medium,danish,,
EDU_audd_4360,EDU,audd,4360,Smedeuddannelsen una,Smedeuddannelsen una,Smedeuddannelsen una,CSV:EDU_audd,medium,danish,,
EDU_audd_8095,EDU,audd,8095,"Biofysik, c.scient.","Biofysik, c.scient.","Biofysik, c.scient.",CSV:EDU_audd,medium,danish,,
EDU_audd_4203,EDU,audd,4203,Finansuddannelse una,Finansuddannelse una,Finansuddannelse una,CSV:EDU_audd,medium,danish,,
EDU_audd_5900,EDU,audd,5900,Konservatorieuddannelse 1 (musik),Konservatorieuddannelse 1 (musik),Konservatorieuddannelse 1 (musik),CSV:EDU_audd,medium,danish,,
EDU_audd_5008,EDU,audd,5008,Akademiøkonom i sport og fritid,Akademiøkonom i sport og fritid,Sports and Leisure Business Economist,CSV:EDU_audd,medium,danish,,
EDU_audd_4426,EDU,audd,4426,Juniorreceptionist,Juniorreceptionist,Juniorreceptionist,CSV:EDU_audd,medium,danish,,
EDU_audd_4647,EDU,audd,4647,Flyttearbejder,Flyttearbejder,Flyttearbejder,CSV:EDU_audd,medium,danish,,
EDU_audd_6616,EDU,audd,6616,"Semitisk, bach.","Semitisk, bach.","Semitisk, bach.",CSV:EDU_audd,medium,danish,,
EDU_audd_3445,EDU,audd,3445,"Matematik, bach.","Matematik, bach.","Matematik, bach.",CSV:EDU_audd,medium,danish,,
EDU_audd_5223,EDU,audd,5223,"Seniorofficer dual purpose, maskinchef, prof.bach.","Seniorofficer dual purpose, maskinchef, prof.bach.","Seniorofficer dual purpose, maskinchef, prof.bach.",CSV:EDU_audd,medium,danish,,
EDU_audd_4910,EDU,audd,4910,"Detail, optik","Detail, optik","Detail, optik",CSV:EDU_audd,medium,danish,,
EDU_audd_4547,EDU,audd,4547,Plastspecialist,Plastspecialist,Plastspecialist,CSV:EDU_audd,medium,danish,,
EDU_audd_6769,EDU,audd,6769,"Latin, klassisk, cand.mag.","Latin, klassisk, cand.mag.","Latin and Classical Studies, M.A.",CSV:EDU_audd,medium,danish,,
EDU_audd_7620,EDU,audd,7620,"African Studies, cand.mag.","African Studies, cand.mag.","African Studies, cand.mag.",CSV:EDU_audd,medium,danish,,
EDU_audd_4689,EDU,audd,4689,"Dyrepasser, forsøgsdyr","Dyrepasser, forsøgsdyr","Animal Care, Laboratory Animals",CSV:EDU_audd,medium,danish,,
EDU_audd_5252,EDU,audd,5252,"Civil Engineering, ing.prof.bach.","Civil Engineering, ing.prof.bach.","Civil Engineering, ing.prof.bach.",CSV:EDU_audd,medium,danish,,
EDU_audd_4194,EDU,audd,4194,"Kontoruddannelse, kontorservice","Kontoruddannelse, kontorservice","Kontoruddannelse, kontorservice",CSV:EDU_audd,medium,danish,,
EDU_audd_7540,EDU,audd,7540,"Tysk sprog, litteratur og kultur, bach.","Tysk sprog, litteratur og kultur, bach.","German language, literature and culture, bach.",CSV:EDU_audd,medium,danish,,
EDU_audd_7595,EDU,audd,7595,"Tysk sprog, litteratur og kultur, cand.mag.","Tysk sprog, litteratur og kultur, cand.mag.","German Language, Literature and Culture, cand.mag.",CSV:EDU_audd,medium,danish,,
EDU_audd_3041,EDU,audd,3041,"Spansk og latinamerikansk sprog og kultur, bach.","Spansk og latinamerikansk sprog og kultur, bach.","Spanish and Latin American Language and Culture, B.A.",CSV:EDU_audd,medium,danish,,
EDU_audd_5493,EDU,audd,5493,"Erhvervssproglig begynderprøve, italiensk","Erhvervssproglig begynderprøve, italiensk","Vocational Language Beginner's Exam, Italian",CSV:EDU_audd,medium,danish,,
EDU_audd_5314,EDU,audd,5314,"Maskin, procesteknologi, teknikumingeniør","Maskin, procesteknologi, teknikumingeniør","Machine, Process Technology, Engineering Diploma",CSV:EDU_audd,medium,danish,,
EDU_audd_6577,EDU,audd,6577,"Kristendomshistorie, cand.phil.","Kristendomshistorie, cand.phil.","Kristendomshistorie, cand.phil.",CSV:EDU_audd,medium,danish,,
EDU_audd_6641,EDU,audd,6641,"Teatervidenskab, cand.phil.","Teatervidenskab, cand.phil.","Teatervidenskab, cand.phil.",CSV:EDU_audd,medium,danish,,
EDU_audd_5370,EDU,audd,5370,"Vandbygning-fundament, civilingeniør","Vandbygning-fundament, civilingeniør","Water Construction-Foundation, Civil Engineer",CSV:EDU_audd,medium,danish,,
EDU_audd_5392,EDU,audd,5392,"Konstruktion maskin, civilingeniør","Konstruktion maskin, civilingeniør","Construction machinery, civil engineer",CSV:EDU_audd,medium,danish,,
EDU_audd_4414,EDU,audd,4414,Bager og konditor una,Bager og konditor una,Baker and confectioner una,CSV:EDU_audd,medium,danish,,
EDU_audd_4341,EDU,audd,4341,Ciselør,Ciselør,Engraver,CSV:EDU_audd,medium,danish,,
EDU_audd_5322,EDU,audd,5322,"Skibsbygning, maskin, teknikumingeniør","Skibsbygning, maskin, teknikumingeniør","Shipbuilding, machine, technical engineer",CSV:EDU_audd,medium,danish,,
EDU_audd_4694,EDU,audd,4694,"Buschauffør, international kørsel","Buschauffør, international kørsel","Bus driver, international driving",CSV:EDU_audd,medium,danish,,
EDU_audd_5677,EDU,audd,5677,"Erhvervssprog tysk-spansk, korrespondent","Erhvervssprog tysk-spansk, korrespondent","Erhvervssprog tysk-spansk, korrespondent",CSV:EDU_audd,medium,danish,,
EDU_audd_7118,EDU,audd,7118,"Forvaltning og datalogi, cand.scient.adm.","Forvaltning og datalogi, cand.scient.adm.","Management and computer science, cand.scient.adm.",CSV:EDU_audd,medium,danish,,
EDU_audd_6603,EDU,audd,6603,"Ægyptologi, cand.phil.","Ægyptologi, cand.phil.","Egyptology, cand.phil.",CSV:EDU_audd,medium,danish,,
EDU_audd_6872,EDU,audd,6872,"Religionsvidenskab, overbygning","Religionsvidenskab, overbygning","Religionsvidenskab, overbygning",CSV:EDU_audd,medium,danish,,
EDU_audd_5202,EDU,audd,5202,Postassistent,Postassistent,Postassistent,CSV:EDU_audd,medium,danish,,
EDU_audd_6357,EDU,audd,6357,"Tekstildesign, bach.","Tekstildesign, bach.","Tekstildesign, bach.",CSV:EDU_audd,medium,danish,,
EDU_audd_6786,EDU,audd,6786,"Musikvidenskab, overbygning","Musikvidenskab, overbygning","Musikvidenskab, overbygning",CSV:EDU_audd,medium,danish,,
EDU_audd_4609,EDU,audd,4609,"Lufthavnsuddannelse, fuel","Lufthavnsuddannelse, fuel","Airport training, fuel",CSV:EDU_audd,medium,danish,,
EDU_audd_5039,EDU,audd,5039,Trikotagetekniker,Trikotagetekniker,Trikotagetekniker,CSV:EDU_audd,medium,danish,,
EDU_audd_7203,EDU,audd,7203,"Religionsvidenskab, mag.art.","Religionsvidenskab, mag.art.","Religionsvidenskab, mag.art.",CSV:EDU_audd,medium,danish,,
EDU_audd_806,EDU,audd,806,Præliminær organistuddannelse 2 år (privat udd.),Præliminær organistuddannelse 2 år (privat udd.),Preliminary organist training 2 years (private educ.),CSV:EDU_audd,medium,danish,,
EDU_audd_4348,EDU,audd,4348,Gørtler,Gørtler,Leather worker,CSV:EDU_audd,medium,danish,,
EDU_audd_6760,EDU,audd,6760,"Humanistisk kombination, cand.mag.","Humanistisk kombination, cand.mag.","Humanities Combination, cand.mag.",CSV:EDU_audd,medium,danish,,
EDU_audd_8096,EDU,audd,8096,"Materialefysik og kemi, cand.scient.","Materialefysik og kemi, cand.scient.","Materials Physics and Chemistry, cand.scient.",CSV:EDU_audd,medium,danish,,
EDU_audd_5095,EDU,audd,5095,Akademiøkonom i markedskommunikation,Akademiøkonom i markedskommunikation,Marketing Communication Business Economist,CSV:EDU_audd,medium,danish,,
EDU_audd_4087,EDU,audd,4087,Bygningskonstruktør una,Bygningskonstruktør una,Building Constructor una,CSV:EDU_audd,medium,danish,,
EDU_audd_8211,EDU,audd,8211,"Multimedia science, kand.","Multimedia science, kand.","Multimedia science, kand.",CSV:EDU_audd,medium,danish,,
EDU_audd_7671,EDU,audd,7671,"Tysk sprog, litteratur og kultur, bach.","Tysk sprog, litteratur og kultur, bach.","German language, literature and culture, bach.",CSV:EDU_audd,medium,danish,,
EDU_audd_5923,EDU,audd,5923,Tonemester (musik) (gl.),Tonemester (musik) (gl.),Tonemester (musik) (gl.),CSV:EDU_audd,medium,danish,,
EDU_audd_8229,EDU,audd,8229,"IT, kommunikation og organisation, cand.it.","IT, kommunikation og organisation, cand.it.","IT, Communication and Organization, cand.it.",CSV:EDU_audd,medium,danish,,
EDU_audd_5912,EDU,audd,5912,"Music management, bach.","Music management, bach.","Music management, bach.",CSV:EDU_audd,medium,danish,,
EDU_audd_7725,EDU,audd,7725,"Tourism, cand.mag.","Tourism, cand.mag.","Tourism, cand.mag.",CSV:EDU_audd,medium,danish,,
EDU_audd_7733,EDU,audd,7733,"Sprogvidenskab, mag.art.","Sprogvidenskab, mag.art.","Sprogvidenskab, mag.art.",CSV:EDU_audd,medium,danish,,
EDU_audd_5108,EDU,audd,5108,"Designer keramik og glas, cand.design","Designer keramik og glas, cand.design","Ceramic and Glass Designer, cand.design",CSV:EDU_audd,medium,danish,,
EDU_audd_6147,EDU,audd,6147,"Journalistik, kombination (RUC)","Journalistik, kombination (RUC)","Journalistik, kombination (RUC)",CSV:EDU_audd,medium,danish,,
EDU_audd_4908,EDU,audd,4908,"Detail, boligtekstil og montering","Detail, boligtekstil og montering","Details, Home Textiles and Mounting",CSV:EDU_audd,medium,danish,,
EDU_audd_4287,EDU,audd,4287,"Produktionsassistent, plademøbler","Produktionsassistent, plademøbler","Production Assistant, Panel Furniture",CSV:EDU_audd,medium,danish,,
EDU_audd_5078,EDU,audd,5078,Akademiøkonom i handel med fast ejendom,Akademiøkonom i handel med fast ejendom,Real Estate Trading Business Economist,CSV:EDU_audd,medium,danish,,
EDU_audd_3286,EDU,audd,3286,"Jordbrugsbiologi (overbygning), prof.bach.","Jordbrugsbiologi (overbygning), prof.bach.","Jordbrugsbiologi (overbygning), prof.bach.",CSV:EDU_audd,medium,danish,,
EDU_audd_7856,EDU,audd,7856,"Lydtekniker (musik), bach.","Lydtekniker (musik), bach.","Sound Technician (music), bach.",CSV:EDU_audd,medium,danish,,
EDU_audd_7061,EDU,audd,7061,"Miljø og ressource management, bach.","Miljø og ressource management, bach.","Environment and Resource Management, bach.",CSV:EDU_audd,medium,danish,,
EDU_audd_6112,EDU,audd,6112,"Environmental and resource management, cand.techn.soc.","Environmental and resource management, cand.techn.soc.","Environmental and resource management, cand.techn.soc.",CSV:EDU_audd,medium,danish,,
EDU_audd_6740,EDU,audd,6740,"IT og kognition, cand.mag.","IT og kognition, cand.mag.","IT and Cognition, cand.mag.",CSV:EDU_audd,medium,danish,,
EDU_audd_5251,EDU,audd,5251,"Stærkstrømsteknologi, ing.prof.bach.","Stærkstrømsteknologi, ing.prof.bach.","High Voltage Technology, ing.prof.bach.",CSV:EDU_audd,medium,danish,,
EDU_audd_6205,EDU,audd,6205,"Designer, bach.","Designer, bach.","Designer, bach.",CSV:EDU_audd,medium,danish,,
EDU_audd_6119,EDU,audd,6119,"Medicinalbiologi, cand.scient.","Medicinalbiologi, cand.scient.","Medicinalbiologi, cand.scient.",CSV:EDU_audd,medium,danish,,
EDU_audd_5943,EDU,audd,5943,"Erhvervssprog og kulturformidling, bach.","Erhvervssprog og kulturformidling, bach.","Business Languages and Cultural Communication, bach.",CSV:EDU_audd,medium,danish,,
EDU_audd_3434,EDU,audd,3434,"Tysk sprog, litteratur og kultur, bach.","Tysk sprog, litteratur og kultur, bach.","German language, literature and culture, bach.",CSV:EDU_audd,medium,danish,,
EDU_audd_3468,EDU,audd,3468,"Tysk sprog, litteratur og kultur, cand.mag.","Tysk sprog, litteratur og kultur, cand.mag.","German Language, Literature and Culture, cand.mag.",CSV:EDU_audd,medium,danish,,
EDU_audd_6870,EDU,audd,6870,"European journalism, cand.mag.","European journalism, cand.mag.","European journalism, cand.mag.",CSV:EDU_audd,medium,danish,,
EDU_audd_9920,EDU,audd,9920,Kompositoperatør,Kompositoperatør,Composite Operator,CSV:EDU_audd,medium,danish,,
EDU_audd_5407,EDU,audd,5407,"Software Technology, ing.prof.bach.","Software Technology, ing.prof.bach.","Software Technology, ing.prof.bach.",CSV:EDU_audd,medium,danish,,
EDU_audd_5932,EDU,audd,5932,"Tysk erhvervssprog og europæiske studier, bach.","Tysk erhvervssprog og europæiske studier, bach.","German Business Language and European Studies, bach.",CSV:EDU_audd,medium,danish,,
EDU_audd_7611,EDU,audd,7611,"Samfundsfag, cand.soc.","Samfundsfag, cand.soc.","Social Sciences, cand.soc.",CSV:EDU_audd,medium,danish,,
EDU_audd_6885,EDU,audd,6885,"Kultur- og sprogmødestudier (komb.HUM), cand.mag.","Kultur- og sprogmødestudier (komb.HUM), cand.mag.","Cultural and Linguistic Encounters (combined HUM), cand.mag.",CSV:EDU_audd,medium,danish,,
EDU_audd_4353,EDU,audd,4353,"Glarmester, aluminium","Glarmester, aluminium","Glarmester, aluminium",CSV:EDU_audd,medium,danish,,
EDU_audd_4758,EDU,audd,4758,"Merkantile område, individuel eud","Merkantile område, individuel eud","Commercial Field, individual eud",CSV:EDU_audd,medium,danish,,
EDU_audd_3139,EDU,audd,3139,"Kemi, cand.scient.","Kemi, cand.scient.","Kemi, cand.scient.",CSV:EDU_audd,medium,danish,,
EDU_audd_3137,EDU,audd,3137,"Pharmaceutical Sciences, cand.scient.","Pharmaceutical Sciences, cand.scient.","Pharmaceutical Sciences, cand.scient.",CSV:EDU_audd,medium,danish,,
EDU_audd_3108,EDU,audd,3108,"Computer Engineering, cand.scient.tech.","Computer Engineering, cand.scient.tech.","Computer Engineering, cand.scient.tech.",CSV:EDU_audd,medium,danish,,
EDU_audd_4233,EDU,audd,4233,Landbrugssmed,Landbrugssmed,Landbrugssmed,CSV:EDU_audd,medium,danish,,
EDU_audd_4949,EDU,audd,4949,Retail Manager,Retail Manager,Retail Manager,CSV:EDU_audd,medium,danish,,
EDU_audd_5241,EDU,audd,5241,"Bioinformatics and systems biology, cand.polyt.","Bioinformatics and systems biology, cand.polyt.","Bioinformatics and systems biology, cand.polyt.",CSV:EDU_audd,medium,danish,,
EDU_audd_4789,EDU,audd,4789,"Strøm, styring og it, individuel eud","Strøm, styring og it, individuel eud","Electricity, Control and IT, individual eud",CSV:EDU_audd,medium,danish,,
EDU_audd_5282,EDU,audd,5282,"Kemiteknik og International Business, ing.prof.bach.","Kemiteknik og International Business, ing.prof.bach.","Chemical Engineering and International Business, ing.prof.bach.",CSV:EDU_audd,medium,danish,,
EDU_audd_8060,EDU,audd,8060,"Climate Change, cand.scient.","Climate Change, cand.scient.","Climate Change, cand.scient.",CSV:EDU_audd,medium,danish,,
EDU_audd_9919,EDU,audd,9919,Montageoperatør,Montageoperatør,Assembly Operator,CSV:EDU_audd,medium,danish,,
EDU_audd_4207,EDU,audd,4207,"Træoperatør, møbel","Træoperatør, møbel","Woodworking Operator, Furniture",CSV:EDU_audd,medium,danish,,
EDU_audd_3148,EDU,audd,3148,"Æstetik og kultur, bach.","Æstetik og kultur, bach.","Aesthetics and Culture, bach.",CSV:EDU_audd,medium,danish,,
EDU_audd_7661,EDU,audd,7661,"International virksomhedskommunikation, tysk, bach.","International virksomhedskommunikation, tysk, bach.","International Business Communication, German, bach.",CSV:EDU_audd,medium,danish,,
EDU_audd_4412,EDU,audd,4412,Brødbager,Brødbager,Bread Baker,CSV:EDU_audd,medium,danish,,
EDU_audd_4336,EDU,audd,4336,"Industritekniker, produktion","Industritekniker, produktion","Industrial Engineer, Production",CSV:EDU_audd,medium,danish,,
EDU_audd_6401,EDU,audd,6401,"Advanced migration studies, cand.mag.","Advanced migration studies, cand.mag.","Advanced migration studies, cand.mag.",CSV:EDU_audd,medium,danish,,
EDU_audd_8026,EDU,audd,8026,"Byggeri og anlæg, ing.bach.","Byggeri og anlæg, ing.bach.","Construction and Plant Engineering, ing.bach.",CSV:EDU_audd,medium,danish,,
EDU_audd_8354,EDU,audd,8354,"Indoor Environmental and Energy Engineering, cand.polyt.","Indoor Environmental and Energy Engineering, cand.polyt.","Indoor Environmental and Energy Engineering, cand.polyt.",CSV:EDU_audd,medium,danish,,
EDU_audd_7953,EDU,audd,7953,"Byggeri og anlæg, vand og miljø, ingeniør bach.","Byggeri og anlæg, vand og miljø, ingeniør bach.","Construction and facilities, water and environment, engineer bach.",CSV:EDU_audd,medium,danish,,
EDU_audd_8357,EDU,audd,8357,"Water and Environment Engineering, cand.polyt.","Water and Environment Engineering, cand.polyt.","Water and Environment Engineering, cand.polyt.",CSV:EDU_audd,medium,danish,,
EDU_audd_1101,EDU,audd,1101,1. klasse,1. klasse,First Class,CSV:EDU_audd,medium,danish,,
EDU_audd_4316,EDU,audd,4316,"Eventtekniker, audioteknik","Eventtekniker, audioteknik","Eventtekniker, audioteknik",CSV:EDU_audd,medium,danish,,
EDU_audd_7650,EDU,audd,7650,"By-, energi- og miljøplanlægning, ing.bach.","By-, energi- og miljøplanlægning, ing.bach.","Urban, Energy, and Environmental Planning, ing.bach.",CSV:EDU_audd,medium,danish,,
EDU_audd_8369,EDU,audd,8369,"Nanomaterials and Nanophysics, cand.polyt.","Nanomaterials and Nanophysics, cand.polyt.","Nanomaterials and Nanophysics, cand.polyt.",CSV:EDU_audd,medium,danish,,
EDU_audd_4567,EDU,audd,4567,Procesoperatør med speciale i pharma og fødevareingrediens,Procesoperatør med speciale i pharma og fødevareingrediens,Process Operator with Specialization in Pharma and Food Ingredients,CSV:EDU_audd,medium,danish,,
EDU_audd_3207,EDU,audd,3207,"Business Administration and Innovation in Health Care, cand.merc.(sund.)","Business Administration and Innovation in Health Care, cand.merc.(sund.)","Business Administration and Innovation in Health Care, cand.merc.(sund.)",CSV:EDU_audd,medium,danish,,
EDU_audd_3068,EDU,audd,3068,"Portugisiske og brasilianske studier, bach.","Portugisiske og brasilianske studier, bach.","Portuguese and Brazilian Studies, bach.",CSV:EDU_audd,medium,danish,,
EDU_audd_7572,EDU,audd,7572,"Antropologi, cand.scient.anth.","Antropologi, cand.scient.anth.","Antropologi, cand.scient.anth.",CSV:EDU_audd,medium,danish,,
EDU_audd_7465,EDU,audd,7465,"Mathematics, cand.scient.","Mathematics, cand.scient.","Mathematics, cand.scient.",CSV:EDU_audd,medium,danish,,
EDU_audd_7100,EDU,audd,7100,"Politik og økonomi, bach","Politik og økonomi, bach","Politics and Economics, bach",CSV:EDU_audd,medium,danish,,
EDU_audd_7928,EDU,audd,7928,"Sundheds- og velfærdsteknologi (teknisk videnskab), ing.bach.","Sundheds- og velfærdsteknologi (teknisk videnskab), ing.bach.","Health and Welfare Technology (technical science), ing.bach.",CSV:EDU_audd,medium,danish,,
EDU_audd_8329,EDU,audd,8329,"Sundheds- og velfærdsteknologi (teknisk videnskab), cand.polyt.","Sundheds- og velfærdsteknologi (teknisk videnskab), cand.polyt.","Health and Welfare Technology (technical science), cand.polyt.",CSV:EDU_audd,medium,danish,,
EDU_audd_5981,EDU,audd,5981,"Business, Language and Culture, chinese, bach.negot.","Business, Language and Culture, chinese, bach.negot.","Business, Language and Culture, chinese, bach.negot.",CSV:EDU_audd,medium,danish,,
EDU_audd_5968,EDU,audd,5968,"Business, Language and Culture, chinese, cand.negot.","Business, Language and Culture, chinese, cand.negot.","Business, Language and Culture, chinese, cand.negot.",CSV:EDU_audd,medium,danish,,
EDU_audd_7461,EDU,audd,7461,"Engelsk, cand.mag.","Engelsk, cand.mag.","Engelsk, cand.mag.",CSV:EDU_audd,medium,danish,,
EDU_audd_5886,EDU,audd,5886,"V.O.U., operativ søværnet","V.O.U., operativ søværnet","V.O.U., operational naval defense",CSV:EDU_audd,medium,danish,,
EDU_audd_4645,EDU,audd,4645,Lagerarbejder,Lagerarbejder,Lagerarbejder,CSV:EDU_audd,medium,danish,,
EDU_audd_5776,EDU,audd,5776,"Officer B-linien, administration, flyvevåbnet","Officer B-linien, administration, flyvevåbnet","Officer B-line, administration, air force",CSV:EDU_audd,medium,danish,,
EDU_audd_1723,EDU,audd,1723,"3. år, realkursus 3-årigt","3. år, realkursus 3-årigt","3rd year, real course 3-year",CSV:EDU_audd,medium,danish,,
EDU_audd_6150,EDU,audd,6150,"Virksomhedsstudier, kombination (RUC)","Virksomhedsstudier, kombination (RUC)","Business Studies, combination (RUC)",CSV:EDU_audd,medium,danish,,
EDU_audd_6827,EDU,audd,6827,"Serbokroatisk, cand.mag.","Serbokroatisk, cand.mag.","Serbokroatisk, cand.mag.",CSV:EDU_audd,medium,danish,,
EDU_audd_6563,EDU,audd,6563,"Græsk, cand.phil.","Græsk, cand.phil.","Greek, cand.phil.",CSV:EDU_audd,medium,danish,,
EDU_audd_5341,EDU,audd,5341,"Datamatik, akademiingeniør","Datamatik, akademiingeniør","Computer science, engineering graduate",CSV:EDU_audd,medium,danish,,
EDU_audd_7752,EDU,audd,7752,"Didaktik, kand.","Didaktik, kand.","Didaktik, kand.",CSV:EDU_audd,medium,danish,,
EDU_audd_4564,EDU,audd,4564,"Væksthusgartner, produktion","Væksthusgartner, produktion","Greenhouse Technician, Production",CSV:EDU_audd,medium,danish,,
EDU_audd_6530,EDU,audd,6530,"Fransk sprog,litteratur og kultur, bach.","Fransk sprog,litteratur og kultur, bach.","French Language, Literature and Culture, bach.",CSV:EDU_audd,medium,danish,,
EDU_audd_4267,EDU,audd,4267,"Bådebygger, plast","Bådebygger, plast","Boat Builder, Plastic",CSV:EDU_audd,medium,danish,,
EDU_audd_5074,EDU,audd,5074,Food business engineer,Food business engineer,Food business engineer,CSV:EDU_audd,medium,danish,,
EDU_audd_6579,EDU,audd,6579,"Kunsthistorie, cand.phil.","Kunsthistorie, cand.phil.","Kunsthistorie, cand.phil.",CSV:EDU_audd,medium,danish,,
EDU_audd_6144,EDU,audd,6144,"International udvikling, kombination (RUC)","International udvikling, kombination (RUC)","International udvikling, kombination (RUC)",CSV:EDU_audd,medium,danish,,
EDU_audd_5674,EDU,audd,5674,"Erhvervssprog engelsk-russisk, korrespondent","Erhvervssprog engelsk-russisk, korrespondent","Business Languages English-Russian, Correspondence",CSV:EDU_audd,medium,danish,,
EDU_audd_6811,EDU,audd,6811,"Voksenpædagogik, cand.mag.","Voksenpædagogik, cand.mag.","Adult Education, cand.mag.",CSV:EDU_audd,medium,danish,,
EDU_audd_4657,EDU,audd,4657,"Chauffør, specialtransport","Chauffør, specialtransport","Driver, Special Transport",CSV:EDU_audd,medium,danish,,
EDU_audd_5578,EDU,audd,5578,"Konferencetolkning, master","Konferencetolkning, master","Conference Interpretation, master",CSV:EDU_audd,medium,danish,,
EDU_audd_5058,EDU,audd,5058,"Designer unika design, cand.design","Designer unika design, cand.design","Unique Design Designer, cand.design",CSV:EDU_audd,medium,danish,,
EDU_audd_8169,EDU,audd,8169,"Biologi, industribach.","Biologi, industribach.","Biology, Industrial bach.",CSV:EDU_audd,medium,danish,,
EDU_audd_4727,EDU,audd,4727,Postuddannelse una,Postuddannelse una,Postuddannelse una,CSV:EDU_audd,medium,danish,,
EDU_audd_4685,EDU,audd,4685,"Kørselsdisponent, vejgodstransport","Kørselsdisponent, vejgodstransport","Route Dispatcher, Road Freight Transport",CSV:EDU_audd,medium,danish,,
EDU_audd_6542,EDU,audd,6542,"Indianske sprog og kulturer, bach.","Indianske sprog og kulturer, bach.","Indian Languages and Cultures, bach.",CSV:EDU_audd,medium,danish,,
EDU_audd_6743,EDU,audd,6743,"Indiansk sprog og kultur, cand.mag.","Indiansk sprog og kultur, cand.mag.","Indian Language and Culture, cand.mag.",CSV:EDU_audd,medium,danish,,
EDU_audd_6730,EDU,audd,6730,"Fransk, kombination (RUC)","Fransk, kombination (RUC)","Fransk, kombination (RUC)",CSV:EDU_audd,medium,danish,,
EDU_audd_5823,EDU,audd,5823,"Mur- og rumkunst, videregående","Mur- og rumkunst, videregående","Wall and Ceiling Art, upper secondary",CSV:EDU_audd,medium,danish,,
EDU_audd_5073,EDU,audd,5073,"Landbrugstekniker, økonomisk-merkantilt speciale","Landbrugstekniker, økonomisk-merkantilt speciale","Agricultural Engineer, economic-commercial specialization",CSV:EDU_audd,medium,danish,,
EDU_audd_4394,EDU,audd,4394,Mekaniker una,Mekaniker una,Mekaniker una,CSV:EDU_audd,medium,danish,,
EDU_audd_4572,EDU,audd,4572,Karrosseritekniker - opretter,Karrosseritekniker - opretter,Karrosseritekniker - opretter,CSV:EDU_audd,medium,danish,,
EDU_audd_4419,EDU,audd,4419,Forædler,Forædler,Dietician,CSV:EDU_audd,medium,danish,,
EDU_audd_6025,EDU,audd,6025,Kirkemusiker Sang og Korledelse (KSOK),Kirkemusiker Sang og Korledelse (KSOK),Church Music Singing and Choral Conducting (KSOK),CSV:EDU_audd,medium,danish,,
EDU_audd_4304,EDU,audd,4304,Træfagenes byggeuddannelse,Træfagenes byggeuddannelse,Timber Frame Building Education,CSV:EDU_audd,medium,danish,,
EDU_audd_3151,EDU,audd,3151,"Information Studies, cand.mag.","Information Studies, cand.mag.","Information Studies, cand.mag.",CSV:EDU_audd,medium,danish,,
EDU_audd_6600,EDU,audd,6600,"Mellemøstens sprog og samfund-arabisk, bach.","Mellemøstens sprog og samfund-arabisk, bach.","Middle Eastern Languages and Society-Arabic, bach.",CSV:EDU_audd,medium,danish,,
EDU_audd_8266,EDU,audd,8266,"Bioteknologi, ing.prof.bach.","Bioteknologi, ing.prof.bach.","Biotechnology, prof.bach.",CSV:EDU_audd,medium,danish,,
EDU_audd_6508,EDU,audd,6508,"Interkulturel pædagogik og arabisk, bach.","Interkulturel pædagogik og arabisk, bach.","Intercultural Pedagogy and Arabic, bach.",CSV:EDU_audd,medium,danish,,
EDU_audd_4032,EDU,audd,4032,"Designer - Kommunikationsdesign, bach.","Designer - Kommunikationsdesign, bach.","Designer - Communication Design, bach.",CSV:EDU_audd,medium,danish,,
EDU_audd_5105,EDU,audd,5105,"Designer interaktive medier, cand.design","Designer interaktive medier, cand.design","Designer interaktive medier, cand.design",CSV:EDU_audd,medium,danish,,
EDU_audd_5224,EDU,audd,5224,"Seniorofficer dual purpose, skibsfører, prof.bach.","Seniorofficer dual purpose, skibsfører, prof.bach.","Senior Officer Dual Purpose, Ship Driver, prof.bach.",CSV:EDU_audd,medium,danish,,
EDU_audd_3075,EDU,audd,3075,"Østeuropastudier, cand.mag.","Østeuropastudier, cand.mag.","East European Studies, cand.mag.",CSV:EDU_audd,medium,danish,,
EDU_audd_5043,EDU,audd,5043,Installatør una,Installatør una,Installer Una,CSV:EDU_audd,medium,danish,,
EDU_audd_6873,EDU,audd,6873,"Religious Roots of Europe, cand.mag.","Religious Roots of Europe, cand.mag.","Religious Roots of Europe, cand.mag.",CSV:EDU_audd,medium,danish,,
EDU_audd_4673,EDU,audd,4673,"Skov- og naturtekniker, natur- og friluftsformidling","Skov- og naturtekniker, natur- og friluftsformidling","Forest and Nature Technician, Nature and Outdoor Education",CSV:EDU_audd,medium,danish,,
EDU_audd_3459,EDU,audd,3459,"Matematik-økonomi, cand.scient.oecon.","Matematik-økonomi, cand.scient.oecon.","Mathematics-economics, cand.scient.oecon.",CSV:EDU_audd,medium,danish,,
EDU_audd_7937,EDU,audd,7937,"Elektronik og IT, ing.bach.","Elektronik og IT, ing.bach.","Electronics and IT, ing.bach.",CSV:EDU_audd,medium,danish,,
EDU_audd_7559,EDU,audd,7559,"Kemi og teknologi, ing.bach.","Kemi og teknologi, ing.bach.","Chemistry and Technology, ing.bach.",CSV:EDU_audd,medium,danish,,
EDU_audd_3212,EDU,audd,3212,"Fødevareingeniør, bach.","Fødevareingeniør, bach.","Food Engineer, bach.",CSV:EDU_audd,medium,danish,,
EDU_audd_5816,EDU,audd,5816,Tv studieproducer / flerkamerainstruktør,Tv studieproducer / flerkamerainstruktør,TV Production Manager / Multi-Camera Instructor,CSV:EDU_audd,medium,danish,,
EDU_audd_4556,EDU,audd,4556,"Bygnings- og brugerservice, individuel eud","Bygnings- og brugerservice, individuel eud","Building and User Services, Individual EUd",CSV:EDU_audd,medium,danish,,
EDU_audd_6681,EDU,audd,6681,"Art and technology, bach.","Art and technology, bach.","Art and technology, bach.",CSV:EDU_audd,medium,danish,,
EDU_audd_4634,EDU,audd,4634,Greenkeeperassistent,Greenkeeperassistent,Greenkeeperassistent,CSV:EDU_audd,medium,danish,,
EDU_audd_4386,EDU,audd,4386,"Skibstekniker, reparation","Skibstekniker, reparation","Ship Technician, Repair",CSV:EDU_audd,medium,danish,,
EDU_audd_7929,EDU,audd,7929,"Spiludvikling og læringsteknologi, ing.bach.","Spiludvikling og læringsteknologi, ing.bach.","Game Development and Learning Technology, ing.bach.",CSV:EDU_audd,medium,danish,,
EDU_audd_7466,EDU,audd,7466,"Physics, cand.scient.","Physics, cand.scient.","Physics, cand.scient.",CSV:EDU_audd,medium,danish,,
EDU_audd_3438,EDU,audd,3438,"Samfundsfag, bach.","Samfundsfag, bach.","Samfundsfag, bach.",CSV:EDU_audd,medium,danish,,
EDU_audd_3475,EDU,audd,3475,"Samfundsfag, cand.soc.","Samfundsfag, cand.soc.","Social Sciences, cand.soc.",CSV:EDU_audd,medium,danish,,
EDU_audd_5540,EDU,audd,5540,"Elektronik (SDU), ing.prof.bach.","Elektronik (SDU), ing.prof.bach.","Elektronik (SDU), ing.prof.bach.",CSV:EDU_audd,medium,danish,,
EDU_audd_4766,EDU,audd,4766,"Forberedende grunduddannelse (FGU), produktionsgrunduddannelse","Forberedende grunduddannelse (FGU), produktionsgrunduddannelse","Forberedende grunduddannelse (FGU), produktionsgrunduddannelse",CSV:EDU_audd,medium,danish,,
EDU_audd_5620,EDU,audd,5620,Operaakademi,Operaakademi,Operaakademi,CSV:EDU_audd,medium,danish,,
EDU_audd_4039,EDU,audd,4039,Tekstilassistent,Tekstilassistent,Tekstilassistent,CSV:EDU_audd,medium,danish,,
EDU_audd_8086,EDU,audd,8086,"Geofysik-oceanografi, cand.scient.","Geofysik-oceanografi, cand.scient.","Geofysik-oceanografi, cand.scient.",CSV:EDU_audd,medium,danish,,
EDU_audd_5139,EDU,audd,5139,Driftsteknolog offshore,Driftsteknolog offshore,Driftsteknolog offshore,CSV:EDU_audd,medium,danish,,
EDU_audd_4343,EDU,audd,4343,"Sølvsmed, korpus","Sølvsmed, korpus","Silver Smith, Body",CSV:EDU_audd,medium,danish,,
EDU_audd_4365,EDU,audd,4365,Automatikmontør,Automatikmontør,Automatic Assembly Technician,CSV:EDU_audd,medium,danish,,
EDU_audd_5035,EDU,audd,5035,Plasttekniker,Plasttekniker,Plasttekniker,CSV:EDU_audd,medium,danish,,
EDU_audd_5003,EDU,audd,5003,Akademiøkonom i kommunikation og reklame,Akademiøkonom i kommunikation og reklame,Academy Economist in Communication and Advertising,CSV:EDU_audd,medium,danish,,
EDU_audd_5707,EDU,audd,5707,Registreret revisor,Registreret revisor,Registreret revisor,CSV:EDU_audd,medium,danish,,
EDU_audd_7850,EDU,audd,7850,"Kirkemusik, bach.","Kirkemusik, bach.","Kirkemusik, bach.",CSV:EDU_audd,medium,danish,,
EDU_audd_4628,EDU,audd,4628,Godsarbejder,Godsarbejder,Godsarbejder,CSV:EDU_audd,medium,danish,,
EDU_audd_4351,EDU,audd,4351,Jern- og metalsliber,Jern- og metalsliber,Iron and Metal Polisher,CSV:EDU_audd,medium,danish,,
EDU_audd_6148,EDU,audd,6148,"Kultur og sprogmødestudier, kombination (RUC)","Kultur og sprogmødestudier, kombination (RUC)","Cultural and Language Studies, Combination (RUC)",CSV:EDU_audd,medium,danish,,
EDU_audd_6516,EDU,audd,6516,"Antropologi, bach.","Antropologi, bach.","Antropologi, bach.",CSV:EDU_audd,medium,danish,,
EDU_audd_7195,EDU,audd,7195,"Biomedicinsk teknik, cand.scient.med.","Biomedicinsk teknik, cand.scient.med.","Biomedical engineering, cand.scient.med.",CSV:EDU_audd,medium,danish,,
EDU_audd_5802,EDU,audd,5802,"Tonemester, film og tv produktion","Tonemester, film og tv produktion","Sound Master, Film and TV Production",CSV:EDU_audd,medium,danish,,
EDU_audd_6762,EDU,audd,6762,"Klassisk filologi, overbygning","Klassisk filologi, overbygning","Classical Philology, Postgraduate",CSV:EDU_audd,medium,danish,,
EDU_audd_5140,EDU,audd,5140,Teknisk manager offshore,Teknisk manager offshore,Teknisk manager offshore,CSV:EDU_audd,medium,danish,,
EDU_audd_8114,EDU,audd,8114,"Data science, bach.","Data science, bach.","Data science, bach.",CSV:EDU_audd,medium,danish,,
EDU_audd_7686,EDU,audd,7686,"Fysik, bach.","Fysik, bach.","Fysik, bach.",CSV:EDU_audd,medium,danish,,
EDU_audd_3039,EDU,audd,3039,"Spansk og spanskamerikansk sprog, litteratur og kultur, bach.","Spansk og spanskamerikansk sprog, litteratur og kultur, bach.","Spanish and Spanish-American Language, Literature and Culture, bach.",CSV:EDU_audd,medium,danish,,
EDU_audd_5785,EDU,audd,5785,"Erhvervsøkonomi og erhvervssprog, cand.merc.int.","Erhvervsøkonomi og erhvervssprog, cand.merc.int.","Business Economics and Business Languages, cand.merc.int.",CSV:EDU_audd,medium,danish,,
EDU_audd_5454,EDU,audd,5454,"Landskabsforvaltning, cand.scient.","Landskabsforvaltning, cand.scient.","Landskabsforvaltning, cand.scient.",CSV:EDU_audd,medium,danish,,
EDU_audd_6744,EDU,audd,6744,"Cognition and Communikation, cand.mag.","Cognition and Communikation, cand.mag.","Cognition and Communication, cand.mag.",CSV:EDU_audd,medium,danish,,
EDU_audd_4416,EDU,audd,4416,Selskabstjener,Selskabstjener,Selskabstjener,CSV:EDU_audd,medium,danish,,
EDU_audd_8376,EDU,audd,8376,"Konstruktionsteknik, cand.polyt.","Konstruktionsteknik, cand.polyt.","Construction Engineering, cand.polyt.",CSV:EDU_audd,medium,danish,,
EDU_audd_4166,EDU,audd,4166,Ferskvareassistent,Ferskvareassistent,Ferskvareassistent,CSV:EDU_audd,medium,danish,,
EDU_audd_8257,EDU,audd,8257,"Idrætsteknologi, cand.scient.tech.","Idrætsteknologi, cand.scient.tech.","Sports Technology, cand.scient.tech.",CSV:EDU_audd,medium,danish,,
EDU_audd_7519,EDU,audd,7519,"Economics and Business Administration, bach.","Economics and Business Administration, bach.","Economics and Business Administration, bach.",CSV:EDU_audd,medium,danish,,
EDU_audd_5663,EDU,audd,5663,"HA (int.) erhvervsøkonomi med tysk, bach.","HA (int.) erhvervsøkonomi med tysk, bach.","HA (int.) Business Economics with German, bach.",CSV:EDU_audd,medium,danish,,
EDU_audd_5212,EDU,audd,5212,"IT product design, cand.it.","IT product design, cand.it.","IT product design, cand.it.",CSV:EDU_audd,medium,danish,,
EDU_audd_3457,EDU,audd,3457,"Mathematics, cand.scient.","Mathematics, cand.scient.","Mathematics, cand.scient.",CSV:EDU_audd,medium,danish,,
EDU_audd_8330,EDU,audd,8330,"Spiludvikling og læringsteknologi, cand.polyt.","Spiludvikling og læringsteknologi, cand.polyt.","Game Development and Learning Technology, cand.polyt.",CSV:EDU_audd,medium,danish,,
EDU_audd_7568,EDU,audd,7568,"Didaktik, musikpædagogik, cand.pæd.","Didaktik, musikpædagogik, cand.pæd.","Pedagogy, music education, cand.ped.",CSV:EDU_audd,medium,danish,,
EDU_audd_3226,EDU,audd,3226,"Kontor, handel og forretningsservice, Individuel EUD","Kontor, handel og forretningsservice, Individuel EUD","Office, Trade and Business Services, Individual EUD",CSV:EDU_audd,medium,danish,,
EDU_audd_7460,EDU,audd,7460,"Political Science, cand.scient.pol.","Political Science, cand.scient.pol.","Political Science, cand.scient.pol.",CSV:EDU_audd,medium,danish,,
EDU_audd_7560,EDU,audd,7560,"Geologi/Geologi-Geoscience, bach.","Geologi/Geologi-Geoscience, bach.","Geology/Geology-Geoscience, bach.",CSV:EDU_audd,medium,danish,,
EDU_audd_7644,EDU,audd,7644,"Maskinteknik, ing.prof.bach.","Maskinteknik, ing.prof.bach.","Mechanical Engineering, ing.prof.bach.",CSV:EDU_audd,medium,danish,,
EDU_audd_8709,EDU,audd,8709,"Digital transformation, cand.it.","Digital transformation, cand.it.","Digital transformation, cand.it.",CSV:EDU_audd,medium,danish,,
EDU_audd_8105,EDU,audd,8105,"Informatik, bach.","Informatik, bach.","Informatik, bach.",CSV:EDU_audd,medium,danish,,
EDU_audd_7133,EDU,audd,7133,"Cultural Sociology, cand.soc.","Cultural Sociology, cand.soc.","Cultural Sociology, cand.soc.",CSV:EDU_audd,medium,danish,,
EDU_audd_8116,EDU,audd,8116,"Anvendt matematik, bach.","Anvendt matematik, bach.","Applied Mathematics, bach.",CSV:EDU_audd,medium,danish,,
EDU_audd_6032,EDU,audd,6032,"Engelsk, cand.mag.","Engelsk, cand.mag.","Engelsk, cand.mag.",CSV:EDU_audd,medium,danish,,
EDU_audd_2019,EDU,audd,2019,Færgenavigatør,Færgenavigatør,Ferry Navigator,CSV:EDU_audd,medium,danish,,
EDU_audd_8356,EDU,audd,8356,"Veje og trafik, cand.polyt.","Veje og trafik, cand.polyt.","Roads and Traffic, cand.polyt.",CSV:EDU_audd,medium,danish,,
EDU_audd_3027,EDU,audd,3027,"Maskinkonstruktion, ing.bach.","Maskinkonstruktion, ing.bach.","Maskinkonstruktion, ing.bach.",CSV:EDU_audd,medium,danish,,
EDU_audd_5693,EDU,audd,5693,"Scenekunstner med speciale i iscenesættelse, scenografi","Scenekunstner med speciale i iscenesættelse, scenografi",Stage Art with Specialization in Staging and Scenography,CSV:EDU_audd,medium,danish,,
EDU_audd_8073,EDU,audd,8073,"Computer Science (IT), cand.scient.","Computer Science (IT), cand.scient.","Computer Science (IT), cand.scient.",CSV:EDU_audd,medium,danish,,
EDU_audd_5820,EDU,audd,5820,"Grafik, videregående","Grafik, videregående","Graphic Design, Advanced",CSV:EDU_audd,medium,danish,,
EDU_audd_5762,EDU,audd,5762,"Officer A-linien, teknisk, søværnet","Officer A-linien, teknisk, søværnet","Officer A-line, Technical, Navy",CSV:EDU_audd,medium,danish,,
EDU_audd_6633,EDU,audd,6633,"Spansk, cand.phil.","Spansk, cand.phil.","Spansk, cand.phil.",CSV:EDU_audd,medium,danish,,
EDU_audd_5561,EDU,audd,5561,"Engelsk-fransk, erhvervssproglig afgangseksamen EA","Engelsk-fransk, erhvervssproglig afgangseksamen EA",Business English-French Exit Exam EA,CSV:EDU_audd,medium,danish,,
EDU_audd_2484,EDU,audd,2484,Skovbrugskursus,Skovbrugskursus,Skovbrugskursus,CSV:EDU_audd,medium,danish,,
EDU_audd_4350,EDU,audd,4350,Metaltrykker,Metaltrykker,Metaltrykker,CSV:EDU_audd,medium,danish,,
EDU_audd_6623,EDU,audd,6623,"Polsk, cand.phil.","Polsk, cand.phil.","Polsk, cand.phil.",CSV:EDU_audd,medium,danish,,
EDU_audd_6661,EDU,audd,6661,"Kultur og kulturformidling, cand.phil","Kultur og kulturformidling, cand.phil","Culture and Cultural Communication, cand.phil",CSV:EDU_audd,medium,danish,,
EDU_audd_5383,EDU,audd,5383,"Anlægskonstruktion, civilingeniør","Anlægskonstruktion, civilingeniør",Civil Engineering - Structural Design,CSV:EDU_audd,medium,danish,,
EDU_audd_5396,EDU,audd,5396,"Data, civilingeniør","Data, civilingeniør","Computer Engineering, Civil Engineer",CSV:EDU_audd,medium,danish,,
EDU_audd_4124,EDU,audd,4124,"Sundhed, omsorg og pædagogik, individuel eud","Sundhed, omsorg og pædagogik, individuel eud","Health, Care and Pedagogy, Individual EU Degree",CSV:EDU_audd,medium,danish,,
EDU_audd_4376,EDU,audd,4376,Finmekanikassistent,Finmekanikassistent,Finmekanikassistent,CSV:EDU_audd,medium,danish,,
EDU_audd_5679,EDU,audd,5679,"Erhvervssprog fransk-italiensk, korrespondent","Erhvervssprog fransk-italiensk, korrespondent",Business French-Italian Correspondence Course,CSV:EDU_audd,medium,danish,,
EDU_audd_4644,EDU,audd,4644,Lager- og procesoperatør,Lager- og procesoperatør,Warehouse and Process Operator,CSV:EDU_audd,medium,danish,,
EDU_audd_4624,EDU,audd,4624,Frugt- og bæravler,Frugt- og bæravler,Fruit and berry cultivation,CSV:EDU_audd,medium,danish,,
EDU_audd_4901,EDU,audd,4901,"Detail, babyudstyr og børnekonfektion","Detail, babyudstyr og børnekonfektion","Retail, baby products and children's clothing",CSV:EDU_audd,medium,danish,,
EDU_audd_4653,EDU,audd,4653,"Chauffør, entreprenørkørsel","Chauffør, entreprenørkørsel","Driver, entrepreneurial driving",CSV:EDU_audd,medium,danish,,
EDU_audd_3255,EDU,audd,3255,Specialist i plastproduktion,Specialist i plastproduktion,Specialist i plastproduktion,CSV:EDU_audd,medium,danish,,
EDU_audd_4638,EDU,audd,4638,Fiskeassistent,Fiskeassistent,Fiskeassistent,CSV:EDU_audd,medium,danish,,
EDU_audd_4792,EDU,audd,4792,Fitness manager,Fitness manager,Fitness manager,CSV:EDU_audd,medium,danish,,
EDU_audd_4212,EDU,audd,4212,Medicotekniker,Medicotekniker,Medicotekniker,CSV:EDU_audd,medium,danish,,
EDU_audd_8634,EDU,audd,8634,"Sygeplejerske, suppleringsuddannelse","Sygeplejerske, suppleringsuddannelse","Nurse, supplementary education",CSV:EDU_audd,medium,danish,,
EDU_audd_4119,EDU,audd,4119,"Støberitekniker, sandstøbning","Støberitekniker, sandstøbning","Foundry technician, sand casting",CSV:EDU_audd,medium,danish,,
EDU_audd_5106,EDU,audd,5106,"Designer beklædning, cand.design","Designer beklædning, cand.design","Clothing designer, cand.design",CSV:EDU_audd,medium,danish,,
EDU_audd_5898,EDU,audd,5898,"Performing Arts, cand.art.scen","Performing Arts, cand.art.scen","Performing Arts, cand.art.scen",CSV:EDU_audd,medium,danish,,
EDU_audd_8344,EDU,audd,8344,"Innovative Communication Technologies Entrepreneurship, cand.polyt.","Innovative Communication Technologies Entrepreneurship, cand.polyt.","Innovative Communication Technologies Entrepreneurship, cand.polyt.",CSV:EDU_audd,medium,danish,,
EDU_audd_4463,EDU,audd,4463,Detailslagter una,Detailslagter una,Detailslagter una,CSV:EDU_audd,medium,danish,,
EDU_audd_5832,EDU,audd,5832,"Konservator, cand.scient.cons.","Konservator, cand.scient.cons.","Konservator, cand.scient.cons.",CSV:EDU_audd,medium,danish,,
EDU_audd_6505,EDU,audd,6505,"Mellemøstens sprog og samfund - Assyriologi, bach.","Mellemøstens sprog og samfund - Assyriologi, bach.","Languages and societies of the Middle East - Assyriology, bach.",CSV:EDU_audd,medium,danish,,
EDU_audd_6469,EDU,audd,6469,"Environmental Engineering, cand.polyt.","Environmental Engineering, cand.polyt.","Environmental Engineering, cand.polyt.",CSV:EDU_audd,medium,danish,,
EDU_audd_8327,EDU,audd,8327,"Sundhedsteknologi, cand.polyt.","Sundhedsteknologi, cand.polyt.","Health technology, cand.polyt.",CSV:EDU_audd,medium,danish,,
EDU_audd_8216,EDU,audd,8216,"Environmental Risk, cand.scient.","Environmental Risk, cand.scient.","Environmental Risk, cand.scient.",CSV:EDU_audd,medium,danish,,
EDU_audd_5974,EDU,audd,5974,"Internat. virksomhedskommunik., engelsk-tysk, bach.","Internat. virksomhedskommunik., engelsk-tysk, bach.","International business communication, English-German, bach.",CSV:EDU_audd,medium,danish,,
EDU_audd_3104,EDU,audd,3104,"Digitalisering og applikationsudvikling, cand.it.","Digitalisering og applikationsudvikling, cand.it.","Digitization and application development, cand.it.",CSV:EDU_audd,medium,danish,,
EDU_audd_7314,EDU,audd,7314,"Immunology and Inflammation, cand.scient","Immunology and Inflammation, cand.scient","Immunology and Inflammation, cand.scient",CSV:EDU_audd,medium,danish,,
EDU_audd_4460,EDU,audd,4460,Mediegrafiker una,Mediegrafiker una,Mediegrafiker una,CSV:EDU_audd,medium,danish,,
EDU_audd_7635,EDU,audd,7635,"IT, kommunikation og organisation, cand.it.","IT, kommunikation og organisation, cand.it.","IT, Communication and Organization, cand.it.",CSV:EDU_audd,medium,danish,,
EDU_audd_5936,EDU,audd,5936,"Internat. virksomhedskommunik., tysk - kommunikation, bach.","Internat. virksomhedskommunik., tysk - kommunikation, bach.","International business communication, German - communication, bach.",CSV:EDU_audd,medium,danish,,
EDU_audd_5085,EDU,audd,5085,Akademiøkonom i kommunikation og formidling,Akademiøkonom i kommunikation og formidling,Academy economist in communication and dissemination,CSV:EDU_audd,medium,danish,,
EDU_audd_6020,EDU,audd,6020,Kirkemusiker Orgel og Korledelse (KMOK),Kirkemusiker Orgel og Korledelse (KMOK),Church musician Organ and Choral Conducting (KMOK),CSV:EDU_audd,medium,danish,,
EDU_audd_8187,EDU,audd,8187,"Naturgeografi, bach.","Naturgeografi, bach.","Naturgeografi, bach.",CSV:EDU_audd,medium,danish,,
EDU_audd_3295,EDU,audd,3295,Turistbuschauffør,Turistbuschauffør,Tour bus driver,CSV:EDU_audd,medium,danish,,
EDU_audd_6235,EDU,audd,6235,"Fødevarevidenskab, cand.brom.","Fødevarevidenskab, cand.brom.","Food Science, cand.brom.",CSV:EDU_audd,medium,danish,,
EDU_audd_7955,EDU,audd,7955,"Tonemester (musik), cand.musicae","Tonemester (musik), cand.musicae","Tonemester (musik), cand.musicae",CSV:EDU_audd,medium,danish,,
EDU_audd_4034,EDU,audd,4034,"Designer rum og produktion, bach.","Designer rum og produktion, bach.","Design of space and production, bach.",CSV:EDU_audd,medium,danish,,
EDU_audd_7687,EDU,audd,7687,"Matematik, bach.","Matematik, bach.","Matematik, bach.",CSV:EDU_audd,medium,danish,,
EDU_audd_3314,EDU,audd,3314,"Globale områdestudier, cand. mag.","Globale områdestudier, cand. mag.","Global regional studies, cand. mag.",CSV:EDU_audd,medium,danish,,
EDU_audd_4318,EDU,audd,4318,Industrimontør,Industrimontør,Industrial mechanic,CSV:EDU_audd,medium,danish,,
EDU_audd_7685,EDU,audd,7685,"Kemi, bach.","Kemi, bach.","Kemi, bach.",CSV:EDU_audd,medium,danish,,
EDU_audd_4258,EDU,audd,4258,Former,Former,Former,CSV:EDU_audd,medium,danish,,
EDU_audd_5971,EDU,audd,5971,"Internat. virksomhedskommunik., tysk-spansk, bach.","Internat. virksomhedskommunik., tysk-spansk, bach.","Internat. virksomhedskommunik., tysk-spansk, bach.",CSV:EDU_audd,medium,danish,,
EDU_audd_3452,EDU,audd,3452,"Economics, cand.oecon.","Economics, cand.oecon.","Economics, cand.oecon.",CSV:EDU_audd,medium,danish,,
EDU_audd_6564,EDU,audd,6564,"Asienstudier, Koreastudier, bach.","Asienstudier, Koreastudier, bach.","Asian studies, Korean studies, bach.",CSV:EDU_audd,medium,danish,,
EDU_audd_3150,EDU,audd,3150,"Journalism, Media and Globalisation, cand.mag.","Journalism, Media and Globalisation, cand.mag.","Journalism, Media and Globalisation, cand.mag.",CSV:EDU_audd,medium,danish,,
EDU_audd_3049,EDU,audd,3049,"Biomedicinsk teknik, cand.scient.med.","Biomedicinsk teknik, cand.scient.med.","Biomedical engineering, cand.scient.med.",CSV:EDU_audd,medium,danish,,
EDU_audd_5847,EDU,audd,5847,"Teaterteknik, lyd","Teaterteknik, lyd","Teaterteknik, lyd",CSV:EDU_audd,medium,danish,,
EDU_audd_7921,EDU,audd,7921,"Miljøvidenskab, ing.bach.","Miljøvidenskab, ing.bach.","Environmental science, ing.bach.",CSV:EDU_audd,medium,danish,,
EDU_audd_7433,EDU,audd,7433,"Samfundsfag, bach.","Samfundsfag, bach.","Samfundsfag, bach.",CSV:EDU_audd,medium,danish,,
EDU_audd_7486,EDU,audd,7486,"Samfundsfag, cand.soc.","Samfundsfag, cand.soc.","Social Sciences, cand.soc.",CSV:EDU_audd,medium,danish,,
EDU_audd_4323,EDU,audd,4323,CNC-tekniker,CNC-tekniker,CNC-tekniker,CSV:EDU_audd,medium,danish,,
EDU_audd_3019,EDU,audd,3019,"Softwareteknologi, ing.bach.","Softwareteknologi, ing.bach.","Software technology, ing.bach.",CSV:EDU_audd,medium,danish,,
EDU_audd_5419,EDU,audd,5419,"Environmental science, cand.scient.","Environmental science, cand.scient.","Environmental science, cand.scient.",CSV:EDU_audd,medium,danish,,
EDU_audd_3279,EDU,audd,3279,"Public Health Nutrition and food Policy, prof.bach.","Public Health Nutrition and food Policy, prof.bach.","Public Health Nutrition and food Policy, prof.bach.",CSV:EDU_audd,medium,danish,,
EDU_audd_3298,EDU,audd,3298,Kranfører,Kranfører,Crane operator,CSV:EDU_audd,medium,danish,,
EDU_audd_5428,EDU,audd,5428,"Agro-environmental management, cand.scient.","Agro-environmental management, cand.scient.","Agro-environmental management, cand.scient.",CSV:EDU_audd,medium,danish,,
EDU_audd_8305,EDU,audd,8305,"Wind Energy, cand.polyt.","Wind Energy, cand.polyt.","Wind Energy, cand.polyt.",CSV:EDU_audd,medium,danish,,
EDU_audd_5579,EDU,audd,5579,"It-arkitektur, prof.bach.","It-arkitektur, prof.bach.","IT Architecture, prof.bach.",CSV:EDU_audd,medium,danish,,
EDU_audd_6354,EDU,audd,6354,"Industrielt design, bach.","Industrielt design, bach.","Industrielt design, bach.",CSV:EDU_audd,medium,danish,,
EDU_audd_5769,EDU,audd,5769,"Organisatorisk læring, bach.","Organisatorisk læring, bach.","Organizational Learning, bach.",CSV:EDU_audd,medium,danish,,
EDU_audd_7111,EDU,audd,7111,"Comparative Public Policy and Welfare Studies, cand.soc.","Comparative Public Policy and Welfare Studies, cand.soc.","Comparative Public Policy and Welfare Studies, cand.soc.",CSV:EDU_audd,medium,danish,,
EDU_audd_8291,EDU,audd,8291,"Nanobioscience, bach.","Nanobioscience, bach.","Nanobioscience, bach.",CSV:EDU_audd,medium,danish,,
EDU_audd_7981,EDU,audd,7981,"Produktion (Produktionsteknik), ing.prof.bach.","Produktion (Produktionsteknik), ing.prof.bach.","Produktion (Produktionsteknik), ing.prof.bach.",CSV:EDU_audd,medium,danish,,
EDU_audd_6024,EDU,audd,6024,Kirkemusiker Sang (KMS),Kirkemusiker Sang (KMS),Kirkemusiker Sang (KMS),CSV:EDU_audd,medium,danish,,
EDU_audd_6359,EDU,audd,6359,"Design for People, cand.des.","Design for People, cand.des.","Design for People, cand.des.",CSV:EDU_audd,medium,danish,,
EDU_audd_7924,EDU,audd,7924,"Sustainable Biotechnology, ing.bach.","Sustainable Biotechnology, ing.bach.","Sustainable Biotechnology, ing.bach.",CSV:EDU_audd,medium,danish,,
EDU_audd_5687,EDU,audd,5687,"Procesøkonomi og værdikædeledelse, prof.bach.","Procesøkonomi og værdikædeledelse, prof.bach.","Process Economics and Value Chain Management, prof.bach.",CSV:EDU_audd,medium,danish,,
EDU_audd_7743,EDU,audd,7743,"Lingvistik indoeuropæisk, mag.art.","Lingvistik indoeuropæisk, mag.art.","Indo-European Linguistics, mag.art.",CSV:EDU_audd,medium,danish,,
EDU_audd_6557,EDU,audd,6557,"Arkæologi klassisk, cand.phil.","Arkæologi klassisk, cand.phil.","Classical Archaeology, cand.phil.",CSV:EDU_audd,medium,danish,,
EDU_audd_7887,EDU,audd,7887,"Æstetisk kulturarbejde, cand.phil.","Æstetisk kulturarbejde, cand.phil.","Aesthetic Cultural Work, cand.phil.",CSV:EDU_audd,medium,danish,,
EDU_audd_5772,EDU,audd,5772,"Officer A-linien, raket, flyvevåbnet","Officer A-linien, raket, flyvevåbnet","Officer A-line, missile, air force",CSV:EDU_audd,medium,danish,,
EDU_audd_4423,EDU,audd,4423,Juniortjener,Juniortjener,Juniortjener,CSV:EDU_audd,medium,danish,,
EDU_audd_8019,EDU,audd,8019,"Lighting Design, cand.scient.","Lighting Design, cand.scient.","Lighting Design, cand.scient.",CSV:EDU_audd,medium,danish,,
EDU_audd_8360,EDU,audd,8360,"Byggeledelse, cand.polyt.","Byggeledelse, cand.polyt.","Construction Management, cand.polyt.",CSV:EDU_audd,medium,danish,,
EDU_audd_4630,EDU,audd,4630,Væksthusgartnerassistent,Væksthusgartnerassistent,Growth House Gardener Assistant,CSV:EDU_audd,medium,danish,,
EDU_audd_8563,EDU,audd,8563,"Sundhedsteknologi, ing.prof.bach.","Sundhedsteknologi, ing.prof.bach.","Health Technology, ing.prof.bach.",CSV:EDU_audd,medium,danish,,
EDU_audd_8319,EDU,audd,8319,"Business Administration and Bioentrepreneurship, cand.merc.(bio)","Business Administration and Bioentrepreneurship, cand.merc.(bio)","Business Administration and Bioentrepreneurship, cand.merc.(bio)",CSV:EDU_audd,medium,danish,,
EDU_audd_4613,EDU,audd,4613,Landbrugsuddannelse una (ny),Landbrugsuddannelse una (ny),Agricultural Education una (new),CSV:EDU_audd,medium,danish,,
EDU_audd_3257,EDU,audd,3257,Flyelektronik,Flyelektronik,Flyelektronik,CSV:EDU_audd,medium,danish,,
EDU_audd_6822,EDU,audd,6822,"Religionsvidenskab, cand.mag.","Religionsvidenskab, cand.mag.","Religionsvidenskab, cand.mag.",CSV:EDU_audd,medium,danish,,
EDU_audd_7485,EDU,audd,7485,"STEM-undervisning, cand.scient.","STEM-undervisning, cand.scient.","STEM Education, cand.scient.",CSV:EDU_audd,medium,danish,,
EDU_audd_7914,EDU,audd,7914,"Engineering, Innovation and Business, ing.bach.","Engineering, Innovation and Business, ing.bach.","Engineering, Innovation and Business, ing.bach.",CSV:EDU_audd,medium,danish,,
EDU_audd_6459,EDU,audd,6459,"Sustainable heritage management, cand.mag.","Sustainable heritage management, cand.mag.","Sustainable heritage management, cand.mag.",CSV:EDU_audd,medium,danish,,
EDU_audd_7729,EDU,audd,7729,"Samfundsfag, cand.soc.","Samfundsfag, cand.soc.","Social Sciences, cand.soc.",CSV:EDU_audd,medium,danish,,
EDU_audd_8320,EDU,audd,8320,"Autonomous Systems, cand.polyt.","Autonomous Systems, cand.polyt.","Autonomous Systems, cand.polyt.",CSV:EDU_audd,medium,danish,,
EDU_audd_7646,EDU,audd,7646,"Byggeri og anlæg, ing.prof.bach.","Byggeri og anlæg, ing.prof.bach.","Construction and Facilities Management, ing.prof.bach.",CSV:EDU_audd,medium,danish,,
EDU_audd_7904,EDU,audd,7904,"Fysik og teknologi, ing.bach.","Fysik og teknologi, ing.bach.","Physics and Technology, ing.bach.",CSV:EDU_audd,medium,danish,,
EDU_audd_8018,EDU,audd,8018,"Physics and Technology, cand.polyt.","Physics and Technology, cand.polyt.","Physics and Technology, cand.polyt.",CSV:EDU_audd,medium,danish,,
EDU_audd_3241,EDU,audd,3241,Liv og Pension,Liv og Pension,Life and Pensions,CSV:EDU_audd,medium,danish,,
EDU_audd_4697,EDU,audd,4697,"Veterinærsygeplejerske, heste","Veterinærsygeplejerske, heste","Veterinary Nurse, Horses",CSV:EDU_audd,medium,danish,,
EDU_audd_5698,EDU,audd,5698,Scenekunstner med speciale i musical,Scenekunstner med speciale i musical,Stage Artist with Specialization in Musical,CSV:EDU_audd,medium,danish,,
EDU_audd_3357,EDU,audd,3357,"Forretningsudvikling, ing.prof.bach.","Forretningsudvikling, ing.prof.bach.","Business Development, ing.prof.bach.",CSV:EDU_audd,medium,danish,,
EDU_audd_5474,EDU,audd,5474,"Social Data Science, cand.soc.","Social Data Science, cand.soc.","Social Data Science, cand.soc.",CSV:EDU_audd,medium,danish,,
EDU_audd_7497,EDU,audd,7497,"Medicinal Chemistry, cand.scient.","Medicinal Chemistry, cand.scient.","Medicinal Chemistry, cand.scient.",CSV:EDU_audd,medium,danish,,
EDU_audd_4364,EDU,audd,4364,"Overfladebehandler, komponenter","Overfladebehandler, komponenter","Overfladebehandler, komponenter",CSV:EDU_audd,medium,danish,,
EDU_audd_5373,EDU,audd,5373,"Planlægning-miljø, civilingeniør","Planlægning-miljø, civilingeniør","Environmental planning, civil engineer",CSV:EDU_audd,medium,danish,,
EDU_audd_6139,EDU,audd,6139,"Matematik, kombination (RUC)","Matematik, kombination (RUC)","Matematik, kombination (RUC)",CSV:EDU_audd,medium,danish,,
EDU_audd_5872,EDU,audd,5872,"Officer, stat. flyvevåbnet","Officer, stat. flyvevåbnet","Officer, Statutory Air Force",CSV:EDU_audd,medium,danish,,
EDU_audd_5915,EDU,audd,5915,"Instrument-sang-korledelse, musikpædagog","Instrument-sang-korledelse, musikpædagog","Instrument-Singing-Choir Conducting, Music Pedagogy",CSV:EDU_audd,medium,danish,,
EDU_audd_5895,EDU,audd,5895,Musikprofil,Musikprofil,Musikprofil,CSV:EDU_audd,medium,danish,,
EDU_audd_6023,EDU,audd,6023,Basislinje sang,Basislinje sang,Basislinje sang,CSV:EDU_audd,medium,danish,,
EDU_audd_4504,EDU,audd,4504,Glasrørsblæser,Glasrørsblæser,Glass Blower,CSV:EDU_audd,medium,danish,,
EDU_audd_5041,EDU,audd,5041,Farveritekniker,Farveritekniker,Farveritekniker,CSV:EDU_audd,medium,danish,,
EDU_audd_5020,EDU,audd,5020,Akademiøkonom i bilbranchen,Akademiøkonom i bilbranchen,Academic economist in the automotive industry,CSV:EDU_audd,medium,danish,,
EDU_audd_6855,EDU,audd,6855,"Sydøstasienstudier, Thai, cand.mag.","Sydøstasienstudier, Thai, cand.mag.","Southeast Asian Studies, Thai, cand.mag.",CSV:EDU_audd,medium,danish,,
EDU_audd_6703,EDU,audd,6703,"Østeuropastudier, balkanistik, cand.mag.","Østeuropastudier, balkanistik, cand.mag.","East European Studies, Balkanistics, cand.mag.",CSV:EDU_audd,medium,danish,,
EDU_audd_1190,EDU,audd,1190,Gymnasial indslusning for flygtninge GIF,Gymnasial indslusning for flygtninge GIF,Upper Secondary Integration Program for Refugees GIF,CSV:EDU_audd,medium,danish,,
EDU_audd_5269,EDU,audd,5269,"It-elektronik, ing.prof.bach.","It-elektronik, ing.prof.bach.","IT Electronics, ing.prof.bach.",CSV:EDU_audd,medium,danish,,
EDU_audd_7740,EDU,audd,7740,"Techno-Anthropology, cand.scient.","Techno-Anthropology, cand.scient.","Techno-Anthropology, cand.scient.",CSV:EDU_audd,medium,danish,,
EDU_audd_8282,EDU,audd,8282,"Byggeri, ing.bach.","Byggeri, ing.bach.","Byggeri, ing.bach.",CSV:EDU_audd,medium,danish,,
EDU_audd_3065,EDU,audd,3065,"Pædagogisk audiologi, bach.","Pædagogisk audiologi, bach.","Pedagogical Audiology, bach.",CSV:EDU_audd,medium,danish,,
EDU_audd_9914,EDU,audd,9914,"Vindmølleoperatør, mekanik og montage","Vindmølleoperatør, mekanik og montage","Wind Turbine Operator, Mechanics and Assembly",CSV:EDU_audd,medium,danish,,
EDU_audd_8074,EDU,audd,8074,"Applied Mathematics, cand.scient.","Applied Mathematics, cand.scient.","Applied Mathematics, cand.scient.",CSV:EDU_audd,medium,danish,,
EDU_audd_6599,EDU,audd,6599,"Signal Processing and Acoustics, cand.polyt.","Signal Processing and Acoustics, cand.polyt.","Signal Processing and Acoustics, cand.polyt.",CSV:EDU_audd,medium,danish,,
EDU_audd_3149,EDU,audd,3149,"Kognitiv semiotik, cand.mag.","Kognitiv semiotik, cand.mag.","Cognitive Semiotics, cand.mag.",CSV:EDU_audd,medium,danish,,
EDU_audd_4359,EDU,audd,4359,Flisemontør,Flisemontør,Tile Installer,CSV:EDU_audd,medium,danish,,
EDU_audd_7709,EDU,audd,7709,"Matematik, cand.scient.","Matematik, cand.scient.","Mathematics, cand.scient.",CSV:EDU_audd,medium,danish,,
EDU_audd_3458,EDU,audd,3458,"Physics, cand.scient.","Physics, cand.scient.","Physics, cand.scient.",CSV:EDU_audd,medium,danish,,
EDU_audd_3028,EDU,audd,3028,"Mechanical Design, cand.polyt.","Mechanical Design, cand.polyt.","Mechanical Design, cand.polyt.",CSV:EDU_audd,medium,danish,,
EDU_audd_4400,EDU,audd,4400,Teknisk designer una,Teknisk designer una,Teknisk designer una,CSV:EDU_audd,medium,danish,,
EDU_audd_4361,EDU,audd,4361,Butiksguldsmed,Butiksguldsmed,Butiksguldsmed,CSV:EDU_audd,medium,danish,,
EDU_audd_8044,EDU,audd,8044,"Astronomi, bach.","Astronomi, bach.","Astronomi, bach.",CSV:EDU_audd,medium,danish,,
EDU_audd_4940,EDU,audd,4940,"Detail, bager","Detail, bager","Detail, bager",CSV:EDU_audd,medium,danish,,
EDU_audd_5256,EDU,audd,5256,"Globale forretningssystemer, ing.prof.bach.","Globale forretningssystemer, ing.prof.bach.","Global Business Systems, ing.prof.bach.",CSV:EDU_audd,medium,danish,,
EDU_audd_4756,EDU,audd,4756,"Krop og stil, individuel eud","Krop og stil, individuel eud","Body and form, individual art ed",CSV:EDU_audd,medium,danish,,
EDU_audd_5100,EDU,audd,5100,"Jordbrugsteknolog, bygninger og teknik","Jordbrugsteknolog, bygninger og teknik","Agriculture technology, buildings and tech",CSV:EDU_audd,medium,danish,,
EDU_audd_7679,EDU,audd,7679,"Energi, ing.bach.","Energi, ing.bach.","Energi, ing.bach.",CSV:EDU_audd,medium,danish,,
EDU_audd_6100,EDU,audd,6100,"Politik og international forvaltning, cand.scient.adm.","Politik og international forvaltning, cand.scient.adm.","Politics and international administration, cand.scient.adm.",CSV:EDU_audd,medium,danish,,
EDU_audd_5919,EDU,audd,5919,"Rytmisk musik, solistklasse","Rytmisk musik, solistklasse","Rytmisk musik, solistklasse",CSV:EDU_audd,medium,danish,,
EDU_audd_4967,EDU,audd,4967,Handelsuddannelse una,Handelsuddannelse una,Commerce education una,CSV:EDU_audd,medium,danish,,
EDU_audd_4188,EDU,audd,4188,Eventassistent,Eventassistent,Eventassistent,CSV:EDU_audd,medium,danish,,
EDU_audd_7910,EDU,audd,7910,"Robotteknologi, ing.bach.","Robotteknologi, ing.bach.","Robotteknologi, ing.bach.",CSV:EDU_audd,medium,danish,,
EDU_audd_6268,EDU,audd,6268,"Informatik, cand.scient.","Informatik, cand.scient.","Informatik, cand.scient.",CSV:EDU_audd,medium,danish,,
EDU_audd_3168,EDU,audd,3168,"Cyber Security, cand.polyt.","Cyber Security, cand.polyt.","Cyber Security, cand.polyt.",CSV:EDU_audd,medium,danish,,
EDU_audd_5873,EDU,audd,5873,Sprogofficer,Sprogofficer,Sprogofficer,CSV:EDU_audd,medium,danish,,
EDU_audd_7951,EDU,audd,7951,"Byggeri og anlæg, veje og trafik, ingeniør bach.","Byggeri og anlæg, veje og trafik, ingeniør bach.","Construction and facilities, roads and traffic, eng. bach.",CSV:EDU_audd,medium,danish,,
EDU_audd_1897,EDU,audd,1897,"2. år, anden international studentereksamen","2. år, anden international studentereksamen","2nd year, second international student exam",CSV:EDU_audd,medium,danish,,
EDU_audd_1898,EDU,audd,1898,"3. år, anden international studentereksamen","3. år, anden international studentereksamen","3rd year, second international student exam",CSV:EDU_audd,medium,danish,,
EDU_audd_3235,EDU,audd,3235,Forsøgsdyr,Forsøgsdyr,Laboratory animals,CSV:EDU_audd,medium,danish,,
EDU_audd_8370,EDU,audd,8370,"Nanobioteknology, cand.polyt.","Nanobioteknology, cand.polyt.","Nanobiotechnology, cand.polyt.",CSV:EDU_audd,medium,danish,,
EDU_audd_7520,EDU,audd,7520,"Economics and Business Administration, bach.","Economics and Business Administration, bach.","Economics and Business Administration, bach.",CSV:EDU_audd,medium,danish,,
EDU_audd_7905,EDU,audd,7905,"Manufacturing and operations engineering, ing.bach.","Manufacturing and operations engineering, ing.bach.","Manufacturing and operations engineering, ing.bach.",CSV:EDU_audd,medium,danish,,
EDU_audd_5196,EDU,audd,5196,"Enhedsfunktionær, fængselsvæsenet","Enhedsfunktionær, fængselsvæsenet","Unit functionary, prison system",CSV:EDU_audd,medium,danish,,
EDU_audd_4526,EDU,audd,4526,Nådler,Nådler,Needles,CSV:EDU_audd,medium,danish,,
EDU_audd_5369,EDU,audd,5369,"Trafik- og byplanlægning, civilingeniør","Trafik- og byplanlægning, civilingeniør","Traffic and urban planning, civil engineer",CSV:EDU_audd,medium,danish,,
EDU_audd_5840,EDU,audd,5840,"Konservator, kunst, cand.scient.cons.","Konservator, kunst, cand.scient.cons.","Conservator, art, cand.scient.cons.",CSV:EDU_audd,medium,danish,,
EDU_audd_6615,EDU,audd,6615,"Religionssociologi, cand.phil.","Religionssociologi, cand.phil.","Religionssociologi, cand.phil.",CSV:EDU_audd,medium,danish,,
EDU_audd_8235,EDU,audd,8235,"Parasitologi, c.scient.","Parasitologi, c.scient.","Parasitology, c.scient.",CSV:EDU_audd,medium,danish,,
EDU_audd_8363,EDU,audd,8363,"Akvatisk videnskab og teknologi, cand.polyt.","Akvatisk videnskab og teknologi, cand.polyt.","Aquatic science and technology, cand.polyt.",CSV:EDU_audd,medium,danish,,
EDU_audd_4677,EDU,audd,4677,Lager- og produktionsoperatør,Lager- og produktionsoperatør,Warehouse and production operator,CSV:EDU_audd,medium,danish,,
EDU_audd_4723,EDU,audd,4723,Personbefordringsuddannelse una,Personbefordringsuddannelse una,Passenger transport training una,CSV:EDU_audd,medium,danish,,
EDU_audd_3407,EDU,audd,3407,"Kemi og bioteknologi, ing.prof.bach.","Kemi og bioteknologi, ing.prof.bach.","Chemistry and biotechnology, ing.prof.bach.",CSV:EDU_audd,medium,danish,,
EDU_audd_5277,EDU,audd,5277,"Maskinteknologi, ing.prof.bach.","Maskinteknologi, ing.prof.bach.","Mechanical Engineering, ing.prof.bach.",CSV:EDU_audd,medium,danish,,
EDU_audd_7563,EDU,audd,7563,"Bioteknologi, ing.bach.","Bioteknologi, ing.bach.","Biotechnology, ing.bach.",CSV:EDU_audd,medium,danish,,
EDU_audd_7715,EDU,audd,7715,"Robotics, cand.polyt.","Robotics, cand.polyt.","Robotics, cand.polyt.",CSV:EDU_audd,medium,danish,,
EDU_audd_7710,EDU,audd,7710,"Matematik-økonomi, cand.scient.oecon.","Matematik-økonomi, cand.scient.oecon.","Mathematics-economics, cand.scient.oecon.",CSV:EDU_audd,medium,danish,,
EDU_audd_8372,EDU,audd,8372,"Sustainable Energy Engineering, cand.polyt.","Sustainable Energy Engineering, cand.polyt.","Sustainable Energy Engineering, cand.polyt.",CSV:EDU_audd,medium,danish,,
EDU_audd_7707,EDU,audd,7707,"Kemi, cand.scient.","Kemi, cand.scient.","Kemi, cand.scient.",CSV:EDU_audd,medium,danish,,
EDU_audd_3356,EDU,audd,3356,"Østeuropastudier, bach.","Østeuropastudier, bach.","East European Studies, bach.",CSV:EDU_audd,medium,danish,,
EDU_audd_7478,EDU,audd,7478,"Spansk, mag.art.","Spansk, mag.art.","Spansk, mag.art.",CSV:EDU_audd,medium,danish,,
EDU_audd_4850,EDU,audd,4850,Kedelsmed,Kedelsmed,Kedelsmed,CSV:EDU_audd,medium,danish,,
EDU_audd_4345,EDU,audd,4345,Stempelgravør,Stempelgravør,Stamp engraver,CSV:EDU_audd,medium,danish,,
EDU_audd_6076,EDU,audd,6076,"Samfundsvidenskab kombination, kombination (RUC)","Samfundsvidenskab kombination, kombination (RUC)","Social sciences combination, combination (RUC)",CSV:EDU_audd,medium,danish,,
EDU_audd_5914,EDU,audd,5914,"Instrument-sang, musikpædagog","Instrument-sang, musikpædagog","Instrumental Singing, Music Pedagogy",CSV:EDU_audd,medium,danish,,
EDU_audd_6823,EDU,audd,6823,"Polsk, cand.mag.","Polsk, cand.mag.","Polsk, cand.mag.",CSV:EDU_audd,medium,danish,,
EDU_audd_4027,EDU,audd,4027,Akademiøkonom i økonomi og informatik,Akademiøkonom i økonomi og informatik,Academy economist in economics and informatics,CSV:EDU_audd,medium,danish,,
EDU_audd_5945,EDU,audd,5945,"Erhvervssprog og pædagogik, bach.","Erhvervssprog og pædagogik, bach.","Business Languages and Pedagogy, bach.",CSV:EDU_audd,medium,danish,,
EDU_audd_4485,EDU,audd,4485,Modist,Modist,Modist,CSV:EDU_audd,medium,danish,,
EDU_audd_5208,EDU,audd,5208,Toldsekretær,Toldsekretær,Customs Clerk,CSV:EDU_audd,medium,danish,,
EDU_audd_7751,EDU,audd,7751,"Matematik, cand.pæd. (DPU)","Matematik, cand.pæd. (DPU)","Mathematics, cand.ped. (DPU)",CSV:EDU_audd,medium,danish,,
EDU_audd_7849,EDU,audd,7849,"Elektronisk musik og lydkunst, bach.","Elektronisk musik og lydkunst, bach.","Electronic Music and Sound Art, bach.",CSV:EDU_audd,medium,danish,,
EDU_audd_6034,EDU,audd,6034,"Kemi, cand.scient.","Kemi, cand.scient.","Kemi, cand.scient.",CSV:EDU_audd,medium,danish,,
EDU_audd_7649,EDU,audd,7649,"By-, energi- og miljøplanlægning, ing.bach.","By-, energi- og miljøplanlægning, ing.bach.","Urban, Energy, and Environmental Planning, ing.bach.",CSV:EDU_audd,medium,danish,,
EDU_audd_7986,EDU,audd,7986,"Global business og teknologi, ing.prof.bach.","Global business og teknologi, ing.prof.bach.","Global business and technology, ing.prof.bach.",CSV:EDU_audd,medium,danish,,
EDU_audd_7640,EDU,audd,7640,"Elektronik, ing.prof.bach.","Elektronik, ing.prof.bach.","Electronics, ing.prof.bach.",CSV:EDU_audd,medium,danish,,
EDU_audd_4521,EDU,audd,4521,Basistandtekniker,Basistandtekniker,Basistandtekniker,CSV:EDU_audd,medium,danish,,
EDU_audd_3487,EDU,audd,3487,"Lingvistik, cand.mag.","Lingvistik, cand.mag.","Lingvistik, cand.mag.",CSV:EDU_audd,medium,danish,,
EDU_audd_5768,EDU,audd,5768,"Officer B-linien, forvaltning, søværnet","Officer B-linien, forvaltning, søværnet","Officer B-line, Management, Navy",CSV:EDU_audd,medium,danish,,
EDU_audd_7873,EDU,audd,7873,"Musik, mag.art.","Musik, mag.art.","Musik, mag.art.",CSV:EDU_audd,medium,danish,,
EDU_audd_5746,EDU,audd,5746,"Pædagogik, exam.pæd. (DPU)","Pædagogik, exam.pæd. (DPU)","Pedagogy, baccalaureate of education (DPU)",CSV:EDU_audd,medium,danish,,
EDU_audd_5303,EDU,audd,5303,"Agroanlæg, teknikumingeniør","Agroanlæg, teknikumingeniør","Farm Structures, Engineering Diploma",CSV:EDU_audd,medium,danish,,
EDU_audd_8036,EDU,audd,8036,"Videnskabshistorie, hovedfag","Videnskabshistorie, hovedfag","History of Science, main subject",CSV:EDU_audd,medium,danish,,
EDU_audd_5366,EDU,audd,5366,"Anvendt mekanik, civilingeniør cand.polyt.","Anvendt mekanik, civilingeniør cand.polyt.","Applied Mechanics, Civil Engineer cand.polyt.",CSV:EDU_audd,medium,danish,,
EDU_audd_8407,EDU,audd,8407,"Havebrugsvidenskab, bach.","Havebrugsvidenskab, bach.","Havebrugsvidenskab, bach.",CSV:EDU_audd,medium,danish,,
EDU_audd_6585,EDU,audd,6585,"Arkæologi middelalder, cand.phil.","Arkæologi middelalder, cand.phil.","Archaeology Middle Ages, cand.phil.",CSV:EDU_audd,medium,danish,,
EDU_audd_6613,EDU,audd,6613,"Religionshistorie, cand.phil.","Religionshistorie, cand.phil.","Religionshistorie, cand.phil.",CSV:EDU_audd,medium,danish,,
EDU_audd_6130,EDU,audd,6130,"Biologi, kombination (RUC)","Biologi, kombination (RUC)","Biologi, kombination (RUC)",CSV:EDU_audd,medium,danish,,
EDU_audd_6840,EDU,audd,6840,"Datalingvistik, cand.mag.","Datalingvistik, cand.mag.","Computational Linguistics, cand.mag.",CSV:EDU_audd,medium,danish,,
EDU_audd_6869,EDU,audd,6869,"Sovjetkundskab og økonomi, cand.mag.","Sovjetkundskab og økonomi, cand.mag.","Soviet Studies and Economics, cand.mag.",CSV:EDU_audd,medium,danish,,
EDU_audd_5194,EDU,audd,5194,"Skibsfører, seniorofficer, prof.bach.","Skibsfører, seniorofficer, prof.bach.","Ship Captain, Senior Officer, prof.bach.",CSV:EDU_audd,medium,danish,,
EDU_audd_4270,EDU,audd,4270,"Produktionsassistent, massivtræsmøbler","Produktionsassistent, massivtræsmøbler","Production Assistant, Mass Timber Furniture",CSV:EDU_audd,medium,danish,,
EDU_audd_5833,EDU,audd,5833,"Konserveringsteknik, monumentalkunst, bach.","Konserveringsteknik, monumentalkunst, bach.","Konserveringsteknik, monumentalkunst, bach.",CSV:EDU_audd,medium,danish,,
EDU_audd_4282,EDU,audd,4282,Stukkatør,Stukkatør,Plasterer,CSV:EDU_audd,medium,danish,,
EDU_audd_4576,EDU,audd,4576,Skovbrugsmaskinfører,Skovbrugsmaskinfører,Forest Machine Operator,CSV:EDU_audd,medium,danish,,
EDU_audd_6900,EDU,audd,6900,"Rumlige design og samfund, cand.soc.","Rumlige design og samfund, cand.soc.","Spatial Design and Society, cand.soc.",CSV:EDU_audd,medium,danish,,
EDU_audd_4494,EDU,audd,4494,Beklædningshåndværker una,Beklædningshåndværker una,Tailor una,CSV:EDU_audd,medium,danish,,
EDU_audd_5593,EDU,audd,5593,"Italiensk, cand.ling.merc.","Italiensk, cand.ling.merc.","Italian, cand.ling.merc.",CSV:EDU_audd,medium,danish,,
EDU_audd_3227,EDU,audd,3227,"Fødevarer, jordbrug og oplevelser, Individuel EUD","Fødevarer, jordbrug og oplevelser, Individuel EUD","Food Products, Agriculture and Experiences, Individual EUD",CSV:EDU_audd,medium,danish,,
EDU_audd_4565,EDU,audd,4565,"Væksthusgartner, handel","Væksthusgartner, handel","Greenhouse Technician, Commerce",CSV:EDU_audd,medium,danish,,
EDU_audd_4358,EDU,audd,4358,Frontline PC-supporter,Frontline PC-supporter,Frontline PC Support Technician,CSV:EDU_audd,medium,danish,,
EDU_audd_4642,EDU,audd,4642,Skov- og naturassistent,Skov- og naturassistent,Forest and Nature Assistant,CSV:EDU_audd,medium,danish,,
EDU_audd_8321,EDU,audd,8321,"Urban Design, cand.scient.tech.","Urban Design, cand.scient.tech.","Urban Design, cand.scient.tech.",CSV:EDU_audd,medium,danish,,
EDU_audd_5884,EDU,audd,5884,Adgangskursus til maritime uddannelser,Adgangskursus til maritime uddannelser,Access Course for Maritime Programs,CSV:EDU_audd,medium,danish,,
EDU_audd_7463,EDU,audd,7463,"Chemistry, cand.scient.","Chemistry, cand.scient.","Chemistry, cand.scient.",CSV:EDU_audd,medium,danish,,
EDU_audd_4784,EDU,audd,4784,"Dyr, planter og natur, individuel eud","Dyr, planter og natur, individuel eud","Animals, Plants and Nature, Individual EUDE",CSV:EDU_audd,medium,danish,,
EDU_audd_7982,EDU,audd,7982,"Byggeri og anlæg, ing.prof.bach.","Byggeri og anlæg, ing.prof.bach.","Construction and Facilities Management, ing.prof.bach.",CSV:EDU_audd,medium,danish,,
EDU_audd_6802,EDU,audd,6802,"Assyriologi, cand.mag.","Assyriologi, cand.mag.","Assyriologi, cand.mag.",CSV:EDU_audd,medium,danish,,
EDU_audd_6084,EDU,audd,6084,"Machine learning og data science, bach.","Machine learning og data science, bach.","Machine Learning and Data Science, bach.",CSV:EDU_audd,medium,danish,,
EDU_audd_8027,EDU,audd,8027,"Data Science (ITU), cand.scient.","Data Science (ITU), cand.scient.","Data Science (ITU), cand.scient.",CSV:EDU_audd,medium,danish,,
EDU_audd_7922,EDU,audd,7922,"Kemiteknologi, ing.bach.","Kemiteknologi, ing.bach.","Kemiteknologi, ing.bach.",CSV:EDU_audd,medium,danish,,
EDU_audd_3353,EDU,audd,3353,"Engineering (General Engineering), ing.bach.","Engineering (General Engineering), ing.bach.","Engineering (General Engineering), ing.bach.",CSV:EDU_audd,medium,danish,,
EDU_audd_5368,EDU,audd,5368,"Teknisk hygiejne, civilingeniør","Teknisk hygiejne, civilingeniør","Technical Hygiene, Civil Engineer",CSV:EDU_audd,medium,danish,,
EDU_audd_4347,EDU,audd,4347,Kobbersmed,Kobbersmed,Kobbersmed,CSV:EDU_audd,medium,danish,,
EDU_audd_4340,EDU,audd,4340,"Sølvsmed, bestik","Sølvsmed, bestik","Silver Smithing, Bestick",CSV:EDU_audd,medium,danish,,
EDU_audd_6867,EDU,audd,6867,"Retorik, cand.mag.","Retorik, cand.mag.","Retorik, cand.mag.",CSV:EDU_audd,medium,danish,,
EDU_audd_6611,EDU,audd,6611,"Voksenpædagogik, cand.phil.","Voksenpædagogik, cand.phil.","Adult Education, cand.phil.",CSV:EDU_audd,medium,danish,,
EDU_audd_5825,EDU,audd,5825,"Mediekunst, videregående","Mediekunst, videregående","Media Art, Upper Secondary",CSV:EDU_audd,medium,danish,,
EDU_audd_5799,EDU,audd,5799,"Dataanalyse (overbygning), prof.bach.","Dataanalyse (overbygning), prof.bach.","Dataanalyse (overbygning), prof.bach.",CSV:EDU_audd,medium,danish,,
EDU_audd_4680,EDU,audd,4680,Groundsmanassistent,Groundsmanassistent,Groundsmanassistent,CSV:EDU_audd,medium,danish,,
EDU_audd_4631,EDU,audd,4631,Skovbrugsmaskinfører,Skovbrugsmaskinfører,Forest Machine Operator,CSV:EDU_audd,medium,danish,,
EDU_audd_7364,EDU,audd,7364,"Kultursociologi, cand.mag.","Kultursociologi, cand.mag.","Kultursociologi, cand.mag.",CSV:EDU_audd,medium,danish,,
EDU_audd_6712,EDU,audd,6712,"Engelsk (RUC), overbygning","Engelsk (RUC), overbygning","English (RUC),叠加层",CSV:EDU_audd,medium,danish,,
EDU_audd_4305,EDU,audd,4305,Snedkeruddannelsen,Snedkeruddannelsen,Snedkeruddannelsen,CSV:EDU_audd,medium,danish,,
EDU_audd_805,EDU,audd,805,Kirkesanger (privat udd.),Kirkesanger (privat udd.),Kirkesanger (privat udd.),CSV:EDU_audd,medium,danish,,
EDU_audd_6824,EDU,audd,6824,"Russisk, overbygning","Russisk, overbygning","Russisk, overbygning",CSV:EDU_audd,medium,danish,,
EDU_audd_4905,EDU,audd,4905,"Detail, fiskehandel","Detail, fiskehandel","Detail, fiskehandel",CSV:EDU_audd,medium,danish,,
EDU_audd_6052,EDU,audd,6052,"Sygepleje, cand.cur.","Sygepleje, cand.cur.","Sygepleje, cand.cur.",CSV:EDU_audd,medium,danish,,
EDU_audd_9911,EDU,audd,9911,"Vindmølleoperatør, vingeproduktion","Vindmølleoperatør, vingeproduktion","Wind turbine operator, wind power production",CSV:EDU_audd,medium,danish,,
EDU_audd_5229,EDU,audd,5229,"Seniorofficer dual purpose, skibschef med el-aut., prof.bach.","Seniorofficer dual purpose, skibschef med el-aut., prof.bach.","Senior officer dual purpose, ship captain with electrical automation, prof.bach.",CSV:EDU_audd,medium,danish,,
EDU_audd_5590,EDU,audd,5590,"Kommunikationsdesign, c.ling.merc.","Kommunikationsdesign, c.ling.merc.","Communication design, c.ling.merc.",CSV:EDU_audd,medium,danish,,
EDU_audd_5807,EDU,audd,5807,"Animationsinstruktør, film tv og interaktive medier","Animationsinstruktør, film tv og interaktive medier","Animation instructor, film TV and interactive media",CSV:EDU_audd,medium,danish,,
EDU_audd_5773,EDU,audd,5773,"Officer A-linien, kontrol, flyvevåbnet","Officer A-linien, kontrol, flyvevåbnet","Officer A-line, control, air force",CSV:EDU_audd,medium,danish,,
EDU_audd_6754,EDU,audd,6754,"Japansk-kinesisk, cand.mag.","Japansk-kinesisk, cand.mag.","Japansk-kinesisk, cand.mag.",CSV:EDU_audd,medium,danish,,
EDU_audd_5868,EDU,audd,5868,"Officer, teknisk søværnet","Officer, teknisk søværnet","Officer, Technical Navy",CSV:EDU_audd,medium,danish,,
EDU_audd_4516,EDU,audd,4516,Modelindretter,Modelindretter,Modelindretter,CSV:EDU_audd,medium,danish,,
EDU_audd_5817,EDU,audd,5817,Tv tilrettelægger / dokumentarinstruktør,Tv tilrettelægger / dokumentarinstruktør,TV setup / documentary instructor,CSV:EDU_audd,medium,danish,,
EDU_audd_5922,EDU,audd,5922,"Musik-sang-rytmisk musik, diplom","Musik-sang-rytmisk musik, diplom","Music-singing-rhythmic music, diploma",CSV:EDU_audd,medium,danish,,
EDU_audd_6146,EDU,audd,6146,"Filosofi, kombination (RUC)","Filosofi, kombination (RUC)","Philosophy, combination (RUC)",CSV:EDU_audd,medium,danish,,
EDU_audd_4395,EDU,audd,4395,Entreprenør- og landbrugsmaskinmekanik una,Entreprenør- og landbrugsmaskinmekanik una,Entrepreneurship and agricultural machinery mechanics una,CSV:EDU_audd,medium,danish,,
EDU_audd_7430,EDU,audd,7430,"Lægemiddelvidenskab, kand.","Lægemiddelvidenskab, kand.","Pharmacology, kand.",CSV:EDU_audd,medium,danish,,
EDU_audd_4704,EDU,audd,4704,"Teknik og industri, indgangsår (gl)","Teknik og industri, indgangsår (gl)","Technology and Industry, entry year (gl)",CSV:EDU_audd,medium,danish,,
EDU_audd_3245,EDU,audd,3245,Klargøring og rangering af persontog,Klargøring og rangering af persontog,Personnel sorting and ranking,CSV:EDU_audd,medium,danish,,
EDU_audd_4506,EDU,audd,4506,Keramisk former,Keramisk former,Keramisk former,CSV:EDU_audd,medium,danish,,
EDU_audd_5925,EDU,audd,5925,"Kor- ensemble -høreledelse-node, diplom","Kor- ensemble -høreledelse-node, diplom","Choral conducting, diploma",CSV:EDU_audd,medium,danish,,
EDU_audd_6722,EDU,audd,6722,"Filosofi, overbygning","Filosofi, overbygning","Filosofi, overbygning",CSV:EDU_audd,medium,danish,,
EDU_audd_4321,EDU,audd,4321,Elektriker una,Elektriker una,Elektriker una,CSV:EDU_audd,medium,danish,,
EDU_audd_6128,EDU,audd,6128,"Miljøbiologi, kombination (RUC)","Miljøbiologi, kombination (RUC)","Environmental Biology, combination (RUC)",CSV:EDU_audd,medium,danish,,
EDU_audd_4719,EDU,audd,4719,"Handel og kontor, indgangsår (gl)","Handel og kontor, indgangsår (gl)","Trade and Office, entry year (gl)",CSV:EDU_audd,medium,danish,,
EDU_audd_4303,EDU,audd,4303,Brolægger- og struktøruddannelse una,Brolægger- og struktøruddannelse una,Midwifery and structural training una,CSV:EDU_audd,medium,danish,,
EDU_audd_3252,EDU,audd,3252,Glarmester,Glarmester,Glarmester,CSV:EDU_audd,medium,danish,,
EDU_audd_6142,EDU,audd,6142,"Socialvidenskab, kombination (RUC)","Socialvidenskab, kombination (RUC)","Social Science, combination (RUC)",CSV:EDU_audd,medium,danish,,
EDU_audd_8351,EDU,audd,8351,"Biosystemteknologi, cand.polyt.","Biosystemteknologi, cand.polyt.","Biosystemteknologi, cand.polyt.",CSV:EDU_audd,medium,danish,,
EDU_audd_6501,EDU,audd,6501,"Audiologopædi, cand.phil.","Audiologopædi, cand.phil.","Audiology, cand.phil.",CSV:EDU_audd,medium,danish,,
EDU_audd_7223,EDU,audd,7223,"Kristendomskundskab, mag.art.","Kristendomskundskab, mag.art.","Kristendomskundskab, mag.art.",CSV:EDU_audd,medium,danish,,
EDU_audd_6519,EDU,audd,6519,"Etnologi europæisk, cand.phil.","Etnologi europæisk, cand.phil.","European Ethnology, cand.phil.",CSV:EDU_audd,medium,danish,,
EDU_audd_5535,EDU,audd,5535,"Spansk, cand.negot. (udelt 4år)","Spansk, cand.negot. (udelt 4år)","Spanish, cand.negot. (awarded 4yr)",CSV:EDU_audd,medium,danish,,
EDU_audd_5966,EDU,audd,5966,"Business, Language and Culture, arabic, cand.negot.","Business, Language and Culture, arabic, cand.negot.","Business, Language and Culture, arabic, cand.negot.",CSV:EDU_audd,medium,danish,,
EDU_audd_6727,EDU,audd,6727,"Folkemindevidenskab, cand.mag.","Folkemindevidenskab, cand.mag.","Folkemindevidenskab, cand.mag.",CSV:EDU_audd,medium,danish,,
EDU_audd_4101,EDU,audd,4101,"Industrioperatør, produktivitet","Industrioperatør, produktivitet","Industrial operator, productivity",CSV:EDU_audd,medium,danish,,
EDU_audd_4469,EDU,audd,4469,Grafisk tekniker una,Grafisk tekniker una,Grafisk tekniker una,CSV:EDU_audd,medium,danish,,
EDU_audd_4219,EDU,audd,4219,Ventilationssmed,Ventilationssmed,Ventilationssmed,CSV:EDU_audd,medium,danish,,
EDU_audd_7859,EDU,audd,7859,"Folkemusik, bach.","Folkemusik, bach.","Folkemusik, bach.",CSV:EDU_audd,medium,danish,,
EDU_audd_7959,EDU,audd,7959,"Folkemusik, kand.","Folkemusik, kand.","Folkemusik, kand.",CSV:EDU_audd,medium,danish,,
EDU_audd_8275,EDU,audd,8275,"Procesanalytisk teknologi, cand.scient.","Procesanalytisk teknologi, cand.scient.","Procesanalytisk teknologi, cand.scient.",CSV:EDU_audd,medium,danish,,
EDU_audd_8097,EDU,audd,8097,"Matematisk planlægning, cand.scient.","Matematisk planlægning, cand.scient.","Mathematical planning, cand.scient.",CSV:EDU_audd,medium,danish,,
EDU_audd_4315,EDU,audd,4315,Teater- og udstillingstekniker,Teater- og udstillingstekniker,Theater and exhibition technology,CSV:EDU_audd,medium,danish,,
EDU_audd_4444,EDU,audd,4444,Chokolade- og konfektureassistent,Chokolade- og konfektureassistent,Chocolate and confectionery assistant,CSV:EDU_audd,medium,danish,,
EDU_audd_4554,EDU,audd,4554,Plastmedhjælper,Plastmedhjælper,Plastic helper,CSV:EDU_audd,medium,danish,,
EDU_audd_4525,EDU,audd,4525,Ortopædist,Ortopædist,Orthopedist,CSV:EDU_audd,medium,danish,,
EDU_audd_2469,EDU,audd,2469,"Inseminør, kvæg","Inseminør, kvæg","Inseminator, cattle",CSV:EDU_audd,medium,danish,,
EDU_audd_3035,EDU,audd,3035,"Arabisk- og islamstudier, cand.mag.","Arabisk- og islamstudier, cand.mag.","Arabic and Islamic studies, cand.mag.",CSV:EDU_audd,medium,danish,,
EDU_audd_4388,EDU,audd,4388,"Skibstekniker, rør","Skibstekniker, rør","Ship technician, pipe",CSV:EDU_audd,medium,danish,,
EDU_audd_4217,EDU,audd,4217,Bådmekaniker,Bådmekaniker,Boat mechanic,CSV:EDU_audd,medium,danish,,
EDU_audd_7079,EDU,audd,7079,"International ret, økonomi og ledelse, cand.soc.","International ret, økonomi og ledelse, cand.soc.","International law, economics and leadership, cand.soc.",CSV:EDU_audd,medium,danish,,
EDU_audd_5975,EDU,audd,5975,"Internat. virksomhedskommunik., fransk-spansk, bach.","Internat. virksomhedskommunik., fransk-spansk, bach.","Int. business communication, French-Spanish, bach.",CSV:EDU_audd,medium,danish,,
EDU_audd_7645,EDU,audd,7645,"Byggeri og anlæg, ing.prof.bach.","Byggeri og anlæg, ing.prof.bach.","Construction and Facilities Management, ing.prof.bach.",CSV:EDU_audd,medium,danish,,
EDU_audd_8317,EDU,audd,8317,"Service systems design, cand.scient.","Service systems design, cand.scient.","Service systems design, cand.scient.",CSV:EDU_audd,medium,danish,,
EDU_audd_5214,EDU,audd,5214,"Netværk og distribuerede systemer, civilingeniør cand.polyt.","Netværk og distribuerede systemer, civilingeniør cand.polyt.","Networks and distributed systems, civil engineer cand.polyt.",CSV:EDU_audd,medium,danish,,
EDU_audd_3199,EDU,audd,3199,"Retail management (overbygning), prof.bach.","Retail management (overbygning), prof.bach.","Retail management (overbygning), prof.bach.",CSV:EDU_audd,medium,danish,,
EDU_audd_3177,EDU,audd,3177,"Kvantitativ biologi og sygdomsmodellering, ingeniør bach.","Kvantitativ biologi og sygdomsmodellering, ingeniør bach.","Quantitative biology and disease modeling, engineer bach.",CSV:EDU_audd,medium,danish,,
EDU_audd_5694,EDU,audd,5694,"Scenekunstner med speciale i iscenesættelse, lys","Scenekunstner med speciale i iscenesættelse, lys","Stage artist with specialization in staging, lighting",CSV:EDU_audd,medium,danish,,
EDU_audd_6246,EDU,audd,6246,"Materials and Nanotechnology, cand.polyt.","Materials and Nanotechnology, cand.polyt.","Materials and Nanotechnology, cand.polyt.",CSV:EDU_audd,medium,danish,,
EDU_audd_4415,EDU,audd,4415,Slagter,Slagter,Slagter,CSV:EDU_audd,medium,danish,,
EDU_audd_7333,EDU,audd,7333,"Etnologi europæisk, mag.art.","Etnologi europæisk, mag.art.","European ethnology, mag.art.",CSV:EDU_audd,medium,danish,,
EDU_audd_7547,EDU,audd,7547,"Polsk, mag.art.","Polsk, mag.art.","Polsk, mag.art.",CSV:EDU_audd,medium,danish,,
EDU_audd_5841,EDU,audd,5841,"Konservator, kulturhistorisk, cand.scient.cons.","Konservator, kulturhistorisk, cand.scient.cons.","Conservator, cultural history, cand.scient.cons.",CSV:EDU_audd,medium,danish,,
EDU_audd_5871,EDU,audd,5871,"Officer, taktisk flyvevåbnet","Officer, taktisk flyvevåbnet","Officer, tactical air force",CSV:EDU_audd,medium,danish,,
EDU_audd_8403,EDU,audd,8403,"Mejeribrugsvidenskab, bach.","Mejeribrugsvidenskab, bach.","Mejeribrugsvidenskab, bach.",CSV:EDU_audd,medium,danish,,
EDU_audd_5595,EDU,audd,5595,"Russisk, cand.ling.merc.","Russisk, cand.ling.merc.","Russian, cand.ling.merc.",CSV:EDU_audd,medium,danish,,
EDU_audd_6846,EDU,audd,6846,"Østasiatisk sprog og kultur, overbygning","Østasiatisk sprog og kultur, overbygning","East Asian Language and Culture, Overlay Program",CSV:EDU_audd,medium,danish,,
EDU_audd_6569,EDU,audd,6569,"Latin, cand.phil.","Latin, cand.phil.","Latin, cand.phil.",CSV:EDU_audd,medium,danish,,
EDU_audd_4396,EDU,audd,4396,Cykel- og motorcykelmekanik una,Cykel- og motorcykelmekanik una,Bicycle and Motorcycle Mechanics,CSV:EDU_audd,medium,danish,,
EDU_audd_5834,EDU,audd,5834,"Konserveringsteknik, naturhistorisk, bach.","Konserveringsteknik, naturhistorisk, bach.","Konserveringsteknik, naturhistorisk, bach.",CSV:EDU_audd,medium,danish,,
EDU_audd_7062,EDU,audd,7062,"Økonomi, bach.","Økonomi, bach.","Economics, bach.",CSV:EDU_audd,medium,danish,,
EDU_audd_3217,EDU,audd,3217,"Mekanik og produktion, ing.bach.","Mekanik og produktion, ing.bach.","Mechanics and Production, Ing.bach.",CSV:EDU_audd,medium,danish,,
EDU_audd_8316,EDU,audd,8316,"Materials Technology, cand.polyt.","Materials Technology, cand.polyt.","Materials Technology, cand.polyt.",CSV:EDU_audd,medium,danish,,
EDU_audd_3243,EDU,audd,3243,Bagværker,Bagværker,Background Work,CSV:EDU_audd,medium,danish,,
EDU_audd_6055,EDU,audd,6055,"Medialogy, cand.scient.","Medialogy, cand.scient.","Medialogy, cand.scient.",CSV:EDU_audd,medium,danish,,
EDU_audd_3158,EDU,audd,3158,"Latinamerikastudier, cand.mag.","Latinamerikastudier, cand.mag.","Latinamerikastudier, cand.mag.",CSV:EDU_audd,medium,danish,,
EDU_audd_4333,EDU,audd,4333,Våbenmekaniker,Våbenmekaniker,Weapon Mechanic,CSV:EDU_audd,medium,danish,,
EDU_audd_3401,EDU,audd,3401,"Fødevarer, jordbrug og oplevelser (grundforløb plus)","Fødevarer, jordbrug og oplevelser (grundforløb plus)","Food, Agriculture and Experiences (Basic Course Plus)",CSV:EDU_audd,medium,danish,,
EDU_audd_7713,EDU,audd,7713,"Informationsvidenskab, cand.it.","Informationsvidenskab, cand.it.","Informationsvidenskab, cand.it.",CSV:EDU_audd,medium,danish,,
EDU_audd_3118,EDU,audd,3118,"Design of Mechanical Systems, cand.polyt.","Design of Mechanical Systems, cand.polyt.","Design of Mechanical Systems, cand.polyt.",CSV:EDU_audd,medium,danish,,
EDU_audd_5266,EDU,audd,5266,"Climate and Supply Engineering, ing.prof.bach.","Climate and Supply Engineering, ing.prof.bach.","Climate and Supply Engineering, ing.prof.bach.",CSV:EDU_audd,medium,danish,,
EDU_audd_8210,EDU,audd,8210,"Biologi, hovedfag","Biologi, hovedfag","Biologi, hovedfag",CSV:EDU_audd,medium,danish,,
EDU_audd_5395,EDU,audd,5395,"Skibs- og havteknik, civilingeniør","Skibs- og havteknik, civilingeniør","Ship and Marine Technology, Civil Engineer",CSV:EDU_audd,medium,danish,,
EDU_audd_7383,EDU,audd,7383,"Litteraturhistorie, mag.art.","Litteraturhistorie, mag.art.","Literary History, Mag.art.",CSV:EDU_audd,medium,danish,,
EDU_audd_6809,EDU,audd,6809,"Ulandspædagogik, cand.mag.","Ulandspædagogik, cand.mag.","Foreign Education, cand.mag.",CSV:EDU_audd,medium,danish,,
EDU_audd_6595,EDU,audd,6595,"Nordisk litteratur, cand.phil.","Nordisk litteratur, cand.phil.","Nordisk litteratur, cand.phil.",CSV:EDU_audd,medium,danish,,
EDU_audd_4541,EDU,audd,4541,Lager- og terminaluddannelse una,Lager- og terminaluddannelse una,Warehouse and Terminal Training Una,CSV:EDU_audd,medium,danish,,
EDU_audd_5093,EDU,audd,5093,Akademiøkonom i servicesektor management,Akademiøkonom i servicesektor management,Service Sector Management Academy Economist,CSV:EDU_audd,medium,danish,,
EDU_audd_4330,EDU,audd,4330,CNC-fræser,CNC-fræser,CNC Machine Operator,CSV:EDU_audd,medium,danish,,
EDU_audd_4420,EDU,audd,4420,Detailslagteraspirant,Detailslagteraspirant,Butcher's Detail Assistant,CSV:EDU_audd,medium,danish,,
EDU_audd_4608,EDU,audd,4608,"Lufthavnsuddannelse, cleaning","Lufthavnsuddannelse, cleaning","Airport Training, Cleaning",CSV:EDU_audd,medium,danish,,
EDU_audd_6260,EDU,audd,6260,"IT una, cand.it.","IT una, cand.it.","IT una, cand.it.",CSV:EDU_audd,medium,danish,,
EDU_audd_4643,EDU,audd,4643,Veterinærsygehjælper,Veterinærsygehjælper,Veterinary Care Assistant,CSV:EDU_audd,medium,danish,,
EDU_audd_5846,EDU,audd,5846,"Teaterteknik, lys","Teaterteknik, lys","Teaterteknik, lys",CSV:EDU_audd,medium,danish,,
EDU_audd_8318,EDU,audd,8318,"Engineering (Engineering Light), cand.polyt.","Engineering (Engineering Light), cand.polyt.","Engineering (Engineering Light), cand.polyt.",CSV:EDU_audd,medium,danish,,
EDU_audd_6361,EDU,audd,6361,"Design for Play, cand.des.","Design for Play, cand.des.","Design for Play, cand.des.",CSV:EDU_audd,medium,danish,,
EDU_audd_6588,EDU,audd,6588,"Nederlandsk, bach.","Nederlandsk, bach.","Nederlandsk, bach.",CSV:EDU_audd,medium,danish,,
EDU_audd_6789,EDU,audd,6789,"Nederlandsk, cand.mag.","Nederlandsk, cand.mag.","Nederlandsk, cand.mag.",CSV:EDU_audd,medium,danish,,
EDU_audd_4346,EDU,audd,4346,Stålgravør,Stålgravør,Steel Engraver,CSV:EDU_audd,medium,danish,,
EDU_audd_5777,EDU,audd,5777,"Officer B-linien, materiel, flyvevåbnet","Officer B-linien, materiel, flyvevåbnet","Officer B-line, Materiel, Air Force",CSV:EDU_audd,medium,danish,,
EDU_audd_4403,EDU,audd,4403,"Forsyningsoperatør, el-forsyning","Forsyningsoperatør, el-forsyning","Supply Operator, Electrical Supply",CSV:EDU_audd,medium,danish,,
EDU_audd_6017,EDU,audd,6017,"Interaktionsdesign, bach.","Interaktionsdesign, bach.","Interaktionsdesign, bach.",CSV:EDU_audd,medium,danish,,
EDU_audd_4523,EDU,audd,4523,Kosmetikerassistent,Kosmetikerassistent,Kosmetikerassistent,CSV:EDU_audd,medium,danish,,
EDU_audd_4754,EDU,audd,4754,"Mekanik, transport og logistik, individuel eud","Mekanik, transport og logistik, individuel eud","Mechanics, Transportation and Logistics, Individual External Degree",CSV:EDU_audd,medium,danish,,
EDU_audd_5692,EDU,audd,5692,"Scenekunstner med speciale i iscenesættelse, sceneinstruktion","Scenekunstner med speciale i iscenesættelse, sceneinstruktion","Stage Artist with Specialization in Production, Stage Direction",CSV:EDU_audd,medium,danish,,
EDU_audd_8727,EDU,audd,8727,"Virksomhedsledelse, cand.merc.","Virksomhedsledelse, cand.merc.","Business Administration, cand.merc.",CSV:EDU_audd,medium,danish,,
EDU_audd_3074,EDU,audd,3074,"Øst- og sydøsteuropastudier, russisk, bach.","Øst- og sydøsteuropastudier, russisk, bach.","East and Southeast European Studies, Russian, bach.",CSV:EDU_audd,medium,danish,,
EDU_audd_5697,EDU,audd,5697,"Scenekunstner med speciale i iscenesættelse, dramatisk skrivekunst","Scenekunstner med speciale i iscenesættelse, dramatisk skrivekunst","Stage Artist with Specialization in Staging, Dramatic Writing",CSV:EDU_audd,medium,danish,,
EDU_audd_7662,EDU,audd,7662,"Medialogi, bach.","Medialogi, bach.","Medialogi, bach.",CSV:EDU_audd,medium,danish,,
EDU_audd_4946,EDU,audd,4946,Digital handel,Digital handel,Digital Commerce,CSV:EDU_audd,medium,danish,,
EDU_audd_3185,EDU,audd,3185,"Installation og automation (overbygning), prof.bach.","Installation og automation (overbygning), prof.bach.","Installation and Automation (overlay), prof.bach.",CSV:EDU_audd,medium,danish,,
EDU_audd_7423,EDU,audd,7423,"Engelsk, mag art.","Engelsk, mag art.","Engelsk, mag art.",CSV:EDU_audd,medium,danish,,
EDU_audd_6138,EDU,audd,6138,"Kemi, kombination (RUC)","Kemi, kombination (RUC)","Chemistry, combination (RUC)",CSV:EDU_audd,medium,danish,,
EDU_audd_4380,EDU,audd,4380,Maskinuddannelse una,Maskinuddannelse una,Maskinuddannelse una,CSV:EDU_audd,medium,danish,,
EDU_audd_6842,EDU,audd,6842,"Tysk, kombination (RUC)","Tysk, kombination (RUC)","German, combination (RUC)",CSV:EDU_audd,medium,danish,,
EDU_audd_6533,EDU,audd,6533,"Fransk samfund- og kulturdokumentation, cand.phil.","Fransk samfund- og kulturdokumentation, cand.phil.","French Social and Cultural Documentation, cand.phil.",CSV:EDU_audd,medium,danish,,
EDU_audd_7597,EDU,audd,7597,"Filosofi, cand.mag.","Filosofi, cand.mag.","Filosofi, cand.mag.",CSV:EDU_audd,medium,danish,,
EDU_audd_4239,EDU,audd,4239,Cykelmontør,Cykelmontør,Bicycle Mechanic,CSV:EDU_audd,medium,danish,,
EDU_audd_8374,EDU,audd,8374,"Building Energy Design, cand.tech.","Building Energy Design, cand.tech.","Building Energy Design, cand.tech.",CSV:EDU_audd,medium,danish,,
EDU_audd_5696,EDU,audd,5696,"Scenekunstner med speciale i iscenesættelse, lyd","Scenekunstner med speciale i iscenesættelse, lyd","Stage Artist with Specialization in Staging, Sound",CSV:EDU_audd,medium,danish,,
EDU_audd_6047,EDU,audd,6047,"Internat. virksomhedskommunikation, fransk, bach.","Internat. virksomhedskommunikation, fransk, bach.","International business communication, French, bach.",CSV:EDU_audd,medium,danish,,
EDU_audd_6797,EDU,audd,6797,"Grækenlandsstudier, cand.mag.","Grækenlandsstudier, cand.mag.","Greek studies, cand.mag.",CSV:EDU_audd,medium,danish,,
EDU_audd_8131,EDU,audd,8131,"Geologi, hovedfag","Geologi, hovedfag","Geologi, hovedfag",CSV:EDU_audd,medium,danish,,
EDU_audd_5210,EDU,audd,5210,"Laboratorie-, fødevare- og procestekn. (overbygning), prof.bach.","Laboratorie-, fødevare- og procestekn. (overbygning), prof.bach.","Laboratory, food and process technology (overlay), prof.bach.",CSV:EDU_audd,medium,danish,,
EDU_audd_4402,EDU,audd,4402,Serviceassistent una,Serviceassistent una,Serviceassistent una,CSV:EDU_audd,medium,danish,,
EDU_audd_6593,EDU,audd,6593,"Nordisk filologi, cand.phil.","Nordisk filologi, cand.phil.","Nordisk filologi, cand.phil.",CSV:EDU_audd,medium,danish,,
EDU_audd_8188,EDU,audd,8188,"Geoinformatik, bach.","Geoinformatik, bach.","Geoinformatik, bach.",CSV:EDU_audd,medium,danish,,
EDU_audd_3251,EDU,audd,3251,Alubygger,Alubygger,Alubygger,CSV:EDU_audd,medium,danish,,
EDU_audd_3358,EDU,audd,3358,"Natur og miljø (overbygning), prof.bach.","Natur og miljø (overbygning), prof.bach.","Nature and environment (overlay), prof.bach.",CSV:EDU_audd,medium,danish,,
EDU_audd_6850,EDU,audd,6850,"Asienstudier, cand.mag.","Asienstudier, cand.mag.","Asienstudier, cand.mag.",CSV:EDU_audd,medium,danish,,
EDU_audd_3087,EDU,audd,3087,"Klassisk filologi, bach.","Klassisk filologi, bach.","Klassisk filologi, bach.",CSV:EDU_audd,medium,danish,,
EDU_audd_3360,EDU,audd,3360,"Planteproduktion (overbygning), prof.bach.","Planteproduktion (overbygning), prof.bach.","Planteproduktion (overbygning), prof.bach.",CSV:EDU_audd,medium,danish,,
EDU_audd_4430,EDU,audd,4430,Køkkenhjælper,Køkkenhjælper,Kitchen helper,CSV:EDU_audd,medium,danish,,
EDU_audd_6132,EDU,audd,6132,"Datalogi, kombination (RUC)","Datalogi, kombination (RUC)","Computer science, combination (RUC)",CSV:EDU_audd,medium,danish,,
EDU_audd_5869,EDU,audd,5869,"Officer, teknisk søværnet","Officer, teknisk søværnet","Officer, Technical Navy",CSV:EDU_audd,medium,danish,,
EDU_audd_4099,EDU,audd,4099,"Laboratorie-, kemo- og miljøtekniker una","Laboratorie-, kemo- og miljøtekniker una","Laboratory, chemical and environmental technician una",CSV:EDU_audd,medium,danish,,
EDU_audd_4699,EDU,audd,4699,Landbrugsuddannelse una,Landbrugsuddannelse una,Agriculture education una,CSV:EDU_audd,medium,danish,,
EDU_audd_6129,EDU,audd,6129,"Molekylærbiologi, kombination (RUC)","Molekylærbiologi, kombination (RUC)","Molecular biology, combination (RUC)",CSV:EDU_audd,medium,danish,,
EDU_audd_7864,EDU,audd,7864,"Solist musisk, komposition","Solist musisk, komposition",Solo musical composition,CSV:EDU_audd,medium,danish,,
EDU_audd_5045,EDU,audd,5045,Tekstil- og beklædningsteknik una,Tekstil- og beklædningsteknik una,Textile and clothing technology una,CSV:EDU_audd,medium,danish,,
EDU_audd_4538,EDU,audd,4538,Tjener una,Tjener una,Tjener una,CSV:EDU_audd,medium,danish,,
EDU_audd_4328,EDU,audd,4328,"Industritekniker, plast","Industritekniker, plast","Industrial engineer, plastics",CSV:EDU_audd,medium,danish,,
EDU_audd_4370,EDU,audd,4370,Karrosserismed una,Karrosserismed una,Karrosserismed una,CSV:EDU_audd,medium,danish,,
EDU_audd_4785,EDU,audd,4785,"Medieproduktion, individuel eud","Medieproduktion, individuel eud","Media production, individual external",CSV:EDU_audd,medium,danish,,
EDU_audd_6461,EDU,audd,6461,"Arkæologi, cand.mag.","Arkæologi, cand.mag.","Archaeology, cand.mag.",CSV:EDU_audd,medium,danish,,
EDU_audd_5980,EDU,audd,5980,"Hotelmanagement, bach.negot.","Hotelmanagement, bach.negot.","Hotelmanagement, bach.negot.",CSV:EDU_audd,medium,danish,,
EDU_audd_4213,EDU,audd,4213,Elektronik udviklingstekniker,Elektronik udviklingstekniker,Elektronik udviklingstekniker,CSV:EDU_audd,medium,danish,,
EDU_audd_6594,EDU,audd,6594,"Mellemøstens sprog og samfund - Ægyptologi, bach.","Mellemøstens sprog og samfund - Ægyptologi, bach.","Languages and societies of the Middle East - Egyptology, bach.",CSV:EDU_audd,medium,danish,,
EDU_audd_5738,EDU,audd,5738,"Computer science, cand.scient.","Computer science, cand.scient.","Computer science, cand.scient.",CSV:EDU_audd,medium,danish,,
EDU_audd_6244,EDU,audd,6244,"Mechanical Engineering, cand.polyt.","Mechanical Engineering, cand.polyt.","Mechanical Engineering, cand.polyt.",CSV:EDU_audd,medium,danish,,
EDU_audd_7985,EDU,audd,7985,"Mechanical Engineering, ing.prof.bach.","Mechanical Engineering, ing.prof.bach.","Mechanical Engineering, ing.prof.bach.",CSV:EDU_audd,medium,danish,,
EDU_audd_6037,EDU,audd,6037,"Mathematics, cand.scient.","Mathematics, cand.scient.","Mathematics, cand.scient.",CSV:EDU_audd,medium,danish,,
EDU_audd_7438,EDU,audd,7438,"Germansk filologi, mag.art.","Germansk filologi, mag.art.","Germanic philology, mag.art.",CSV:EDU_audd,medium,danish,,
EDU_audd_6545,EDU,audd,6545,"Indologi, cand.phil.","Indologi, cand.phil.","Indologi, cand.phil.",CSV:EDU_audd,medium,danish,,
EDU_audd_4695,EDU,audd,4695,Planteskolegartnerassistent,Planteskolegartnerassistent,Planteskolegartnerassistent,CSV:EDU_audd,medium,danish,,
EDU_audd_5015,EDU,audd,5015,Tf-kursus,Tf-kursus,Tf-kursus,CSV:EDU_audd,medium,danish,,
EDU_audd_8245,EDU,audd,8245,"Gastronomi og sundhed, cand.scient.","Gastronomi og sundhed, cand.scient.","Gastronomy and health, cand.scient.",CSV:EDU_audd,medium,danish,,
EDU_audd_4143,EDU,audd,4143,Profil fast protetik,Profil fast protetik,Profil fast protetik,CSV:EDU_audd,medium,danish,,
EDU_audd_8346,EDU,audd,8346,"Sustainable Biotechnology, cand.polyt.","Sustainable Biotechnology, cand.polyt.","Sustainable Biotechnology, cand.polyt.",CSV:EDU_audd,medium,danish,,
EDU_audd_3114,EDU,audd,3114,"Manufacturing Technology, cand.polyt.","Manufacturing Technology, cand.polyt.","Manufacturing Technology, cand.polyt.",CSV:EDU_audd,medium,danish,,
EDU_audd_3198,EDU,audd,3198,"Konceptdesign (overbygning), prof.bach.","Konceptdesign (overbygning), prof.bach.","Concept design (add-on), prof.bach.",CSV:EDU_audd,medium,danish,,
EDU_audd_3354,EDU,audd,3354,"Quantitative Biology and Disease Modelling, cand.polyt.","Quantitative Biology and Disease Modelling, cand.polyt.","Quantitative Biology and Disease Modeling, cand.polyt.",CSV:EDU_audd,medium,danish,,
EDU_audd_3419,EDU,audd,3419,"Economics and Business Administration, bach.","Economics and Business Administration, bach.","Economics and Business Administration, bach.",CSV:EDU_audd,medium,danish,,
EDU_audd_5278,EDU,audd,5278,"Materials Science, ing.prof.bach.","Materials Science, ing.prof.bach.","Materials Science, ing.prof.bach.",CSV:EDU_audd,medium,danish,,
EDU_audd_3273,EDU,audd,3273,"Klassisk filologi, cand.mag.","Klassisk filologi, cand.mag.","Klassisk filologi, cand.mag.",CSV:EDU_audd,medium,danish,,
EDU_audd_3404,EDU,audd,3404,"Teknologi, byggeri og transport (grundforløb plus)","Teknologi, byggeri og transport (grundforløb plus)","Technology, construction and transportation (foundation course plus)",CSV:EDU_audd,medium,danish,,
EDU_audd_4320,EDU,audd,4320,"Forsyningsoperatør, kraftværkssektor","Forsyningsoperatør, kraftværkssektor","Utility operator, power sector",CSV:EDU_audd,medium,danish,,
EDU_audd_2480,EDU,audd,2480,"Gartnerskole, frugtavl kursus","Gartnerskole, frugtavl kursus","Horticultural School, Fruit Growing Course",CSV:EDU_audd,medium,danish,,
EDU_audd_8706,EDU,audd,8706,"Filosofi og videnskabsteori, cand.mag.","Filosofi og videnskabsteori, cand.mag.","Philosophy and Theory of Science, cand.mag.",CSV:EDU_audd,medium,danish,,
EDU_audd_4718,EDU,audd,4718,Produktionsgartner una,Produktionsgartner una,Production Gardener una,CSV:EDU_audd,medium,danish,,
EDU_audd_4790,EDU,audd,4790,Fysisk træning,Fysisk træning,Physical Training,CSV:EDU_audd,medium,danish,,
EDU_audd_5247,EDU,audd,5247,"Interaction Design, ing.prof.bach.","Interaction Design, ing.prof.bach.","Interaction Design, ing.prof.bach.",CSV:EDU_audd,medium,danish,,
EDU_audd_5858,EDU,audd,5858,"Dance and Participation, cand.art.scen","Dance and Participation, cand.art.scen","Dance and Participation, cand.art.scen",CSV:EDU_audd,medium,danish,,
EDU_audd_8296,EDU,audd,8296,"Nanobioscience, cand.scient.","Nanobioscience, cand.scient.","Nanobioscience, cand.scient.",CSV:EDU_audd,medium,danish,,
EDU_audd_6857,EDU,audd,6857,"Tibetologi, cand.mag.","Tibetologi, cand.mag.","Tibetologi, cand.mag.",CSV:EDU_audd,medium,danish,,
EDU_audd_6647,EDU,audd,6647,"Japansk, cand.phil.","Japansk, cand.phil.","Japansk, cand.phil.",CSV:EDU_audd,medium,danish,,
EDU_audd_6514,EDU,audd,6514,"Amerikansk samfundsstudie, cand.phil.","Amerikansk samfundsstudie, cand.phil.","Amerikansk samfundsstudie, cand.phil.",CSV:EDU_audd,medium,danish,,
EDU_audd_5079,EDU,audd,5079,Akademiøkonom i international telekommunikation,Akademiøkonom i international telekommunikation,Telecommunications Business Administrator at an Academy Level,CSV:EDU_audd,medium,danish,,
EDU_audd_4035,EDU,audd,4035,"Designer illustration, bach.","Designer illustration, bach.","Designer illustration, bach.",CSV:EDU_audd,medium,danish,,
EDU_audd_4721,EDU,audd,4721,Skov- og naturtekniker una,Skov- og naturtekniker una,Forestry and Nature Technician una,CSV:EDU_audd,medium,danish,,
EDU_audd_8341,EDU,audd,8341,"Fødevareteknologi, cand.polyt.","Fødevareteknologi, cand.polyt.","Food Technology, cand.polyt.",CSV:EDU_audd,medium,danish,,
EDU_audd_3341,EDU,audd,3341,"Technical Geology, cand.scient.tech.","Technical Geology, cand.scient.tech.","Technical Geology, cand.scient.tech.",CSV:EDU_audd,medium,danish,,
EDU_audd_3055,EDU,audd,3055,"International erhvervsøkonomi med fremmedsprog, engelsk og tysk, bach.","International erhvervsøkonomi med fremmedsprog, engelsk og tysk, bach.","International Business Administration with Foreign Languages, English and German, bach.",CSV:EDU_audd,medium,danish,,
EDU_audd_5237,EDU,audd,5237,"Signal processing and computing, cand.polyt.","Signal processing and computing, cand.polyt.","Signal processing and computing, cand.polyt.",CSV:EDU_audd,medium,danish,,
EDU_audd_4600,EDU,audd,4600,"Lufthavnsoperatør, brand og redning","Lufthavnsoperatør, brand og redning","Airport Operator, Firefighting and Rescue",CSV:EDU_audd,medium,danish,,
EDU_audd_7454,EDU,audd,7454,"Antropology, cand.scient.anth.","Antropology, cand.scient.anth.","Antropology, cand.scient.anth.",CSV:EDU_audd,medium,danish,,
EDU_audd_7527,EDU,audd,7527,"Russisk, mag.art.","Russisk, mag.art.","Russisk, mag.art.",CSV:EDU_audd,medium,danish,,
EDU_audd_5313,EDU,audd,5313,"Maskin, skibsteknik, teknikumingeniør","Maskin, skibsteknik, teknikumingeniør","Machine, maritime engineering, engineering diploma",CSV:EDU_audd,medium,danish,,
EDU_audd_5771,EDU,audd,5771,"Officer A-linien, pilot, flyvevåbnet","Officer A-linien, pilot, flyvevåbnet","Air Force Officer Line A, Pilot, Air Force",CSV:EDU_audd,medium,danish,,
EDU_audd_4882,EDU,audd,4882,Ortopædimekaniker,Ortopædimekaniker,Orthopedic Mechanic,CSV:EDU_audd,medium,danish,,
EDU_audd_6838,EDU,audd,6838,"Teatervidenskab, overbygning","Teatervidenskab, overbygning","Teatervidenskab, overbygning",CSV:EDU_audd,medium,danish,,
EDU_audd_4508,EDU,audd,4508,Figur- og vasemaler,Figur- og vasemaler,Figure and Portrait Painter,CSV:EDU_audd,medium,danish,,
EDU_audd_4018,EDU,audd,4018,Rejselivstekniker,Rejselivstekniker,Rejselivstekniker,CSV:EDU_audd,medium,danish,,
EDU_audd_8033,EDU,audd,8033,"Fysik, hovedfag","Fysik, hovedfag","Fysik, hovedfag",CSV:EDU_audd,medium,danish,,
EDU_audd_5906,EDU,audd,5906,"Ledelse-høreledelse, diplomeksamen musikpædagog","Ledelse-høreledelse, diplomeksamen musikpædagog","Management Hearing Management, Diploma Exam Music Pedagogy",CSV:EDU_audd,medium,danish,,
EDU_audd_4349,EDU,audd,4349,"Gørtler, armatur","Gørtler, armatur",Gutter and Valve Fitter,CSV:EDU_audd,medium,danish,,
EDU_audd_5274,EDU,audd,5274,"Teknisk geologi, cand.polyt.","Teknisk geologi, cand.polyt.","Technical Geology, cand.polyt.",CSV:EDU_audd,medium,danish,,
EDU_audd_4492,EDU,audd,4492,Pottemager una,Pottemager una,Pottemager una,CSV:EDU_audd,medium,danish,,
EDU_audd_7137,EDU,audd,7137,"Innovation og digitalisering, bach.","Innovation og digitalisering, bach.","Innovation and Digitalization, bach.",CSV:EDU_audd,medium,danish,,
EDU_audd_7353,EDU,audd,7353,"Folkemindevidenskab, mag.art.","Folkemindevidenskab, mag.art.","Folklore Studies, mag.art.",CSV:EDU_audd,medium,danish,,
EDU_audd_5953,EDU,audd,5953,"Engelsk-russisk erhvervssprog, bach.","Engelsk-russisk erhvervssprog, bach.","English-Russian Business Language, bach.",CSV:EDU_audd,medium,danish,,
EDU_audd_4551,EDU,audd,4551,Procesarbejder,Procesarbejder,Procesarbejder,CSV:EDU_audd,medium,danish,,
EDU_audd_6720,EDU,audd,6720,"Filmvidenskab, overbygning","Filmvidenskab, overbygning","Filmvidenskab, overbygning",CSV:EDU_audd,medium,danish,,
EDU_audd_4391,EDU,audd,4391,Industrioperatør una,Industrioperatør una,Industrial Operator,CSV:EDU_audd,medium,danish,,
EDU_audd_4226,EDU,audd,4226,"Smed, aluminium","Smed, aluminium","Smed, aluminium",CSV:EDU_audd,medium,danish,,
EDU_audd_6548,EDU,audd,6548,"Asienstudier, Indonesisk/Sydøstasienstudier, bach.","Asienstudier, Indonesisk/Sydøstasienstudier, bach.","Asian Studies, Indonesian/Southeast Asian Studies, bach.",CSV:EDU_audd,medium,danish,,
EDU_audd_6125,EDU,audd,6125,"Performance-design, kombination (RUC)","Performance-design, kombination (RUC)","Performance-design, kombination (RUC)",CSV:EDU_audd,medium,danish,,
EDU_audd_5859,EDU,audd,5859,Koreograf,Koreograf,Koreograf,CSV:EDU_audd,medium,danish,,
EDU_audd_3073,EDU,audd,3073,"Øst- og sydøsteuropastudier, polsk, bach.","Øst- og sydøsteuropastudier, polsk, bach.","East and Southeast European Studies, Polish, bach.",CSV:EDU_audd,medium,danish,,
EDU_audd_4602,EDU,audd,4602,"Lufthavnsoperatør, bagage sorting","Lufthavnsoperatør, bagage sorting","Airport Operator, Baggage Sorting",CSV:EDU_audd,medium,danish,,
EDU_audd_6546,EDU,audd,6546,"Digital design med interaktionsstudier og IT, bach.","Digital design med interaktionsstudier og IT, bach.","Digital Design with Interaction Studies and IT, bach.",CSV:EDU_audd,medium,danish,,
EDU_audd_8704,EDU,audd,8704,"Computer Science, cand.scient.","Computer Science, cand.scient.","Computer Science, cand.scient.",CSV:EDU_audd,medium,danish,,
EDU_audd_5970,EDU,audd,5970,"Internat. virksomhedskommunik., tysk-fransk, bach.","Internat. virksomhedskommunik., tysk-fransk, bach.","Internat. virksomhedskommunik., tysk-fransk, bach.",CSV:EDU_audd,medium,danish,,
EDU_audd_4128,EDU,audd,4128,Lastvognsmontør,Lastvognsmontør,Truck Mechanic,CSV:EDU_audd,medium,danish,,
EDU_audd_4366,EDU,audd,4366,Personliftmekaniker,Personliftmekaniker,Personliftmekaniker,CSV:EDU_audd,medium,danish,,
EDU_audd_7949,EDU,audd,7949,"Elektronisk musik og lydkunst, cand.musicae","Elektronisk musik og lydkunst, cand.musicae","Electronic Music and Sound Art, cand.musicae",CSV:EDU_audd,medium,danish,,
EDU_audd_7428,EDU,audd,7428,"Moderne Indien og Sydasienstudier, bach.","Moderne Indien og Sydasienstudier, bach.","Modern India and South Asian Studies, bach.",CSV:EDU_audd,medium,danish,,
EDU_audd_3233,EDU,audd,3233,"Kontor, handel og forretningsservice","Kontor, handel og forretningsservice","Office, Trade and Business Services",CSV:EDU_audd,medium,danish,,
EDU_audd_7588,EDU,audd,7588,"Arabisk som hovedsprog, mag.art.","Arabisk som hovedsprog, mag.art.","Arabic as Primary Language, mag.art.",CSV:EDU_audd,medium,danish,,
EDU_audd_7003,EDU,audd,7003,"Pædagogik, mag.art.","Pædagogik, mag.art.","Pedagogy, mag.art.",CSV:EDU_audd,medium,danish,,
EDU_audd_6022,EDU,audd,6022,Kirkemusiker,Kirkemusiker,Kirkemusiker,CSV:EDU_audd,medium,danish,,
EDU_audd_6607,EDU,audd,6607,"Pædagogik, cand.phil.","Pædagogik, cand.phil.","Pedagogy, cand.phil.",CSV:EDU_audd,medium,danish,,
EDU_audd_4550,EDU,audd,4550,Plast- og procesoperatør una,Plast- og procesoperatør una,Plastic and process operator una,CSV:EDU_audd,medium,danish,,
EDU_audd_4371,EDU,audd,4371,Guld- og sølvsmedeuddannelsen una,Guld- og sølvsmedeuddannelsen una,Gold and silver smithing education una,CSV:EDU_audd,medium,danish,,
EDU_audd_4297,EDU,audd,4297,Rustfast industrimontør,Rustfast industrimontør,Corrosion-resistant industrial mechanic,CSV:EDU_audd,medium,danish,,
EDU_audd_6153,EDU,audd,6153,"Arbejdslivsstudier, kombination (RUC)","Arbejdslivsstudier, kombination (RUC)","Worklife studies, combination (RUC)",CSV:EDU_audd,medium,danish,,
EDU_audd_6126,EDU,audd,6126,"Globale studier, kombination (RUC)","Globale studier, kombination (RUC)","Global studies, combination (RUC)",CSV:EDU_audd,medium,danish,,
EDU_audd_5623,EDU,audd,5623,"Internat. virksomhedskommunikation, tysk, cand.mag.","Internat. virksomhedskommunikation, tysk, cand.mag.","International business communication, German, cand.mag.",CSV:EDU_audd,medium,danish,,
EDU_audd_3363,EDU,audd,3363,"Business Administration and Data Science, cand.merc.","Business Administration and Data Science, cand.merc.","Business Administration and Data Science, cand.merc.",CSV:EDU_audd,medium,danish,,
EDU_audd_7714,EDU,audd,7714,"Geography/Geography and Geoinformatics, cand.scient.","Geography/Geography and Geoinformatics, cand.scient.","Geography/Geography and Geoinformatics, cand.scient.",CSV:EDU_audd,medium,danish,,
EDU_audd_5563,EDU,audd,5563,"Engelsk-tysk, erhvervssproglig afgangseksamen EA","Engelsk-tysk, erhvervssproglig afgangseksamen EA","Engelsk-tysk, erhvervssproglig afgangseksamen EA",CSV:EDU_audd,medium,danish,,
EDU_audd_7105,EDU,audd,7105,"Samfundsfag, overbygning","Samfundsfag, overbygning","Social sciences, supplementary",CSV:EDU_audd,medium,danish,,
EDU_audd_810,EDU,audd,810,Holistisk afspændingspædagog (privat udd.),Holistisk afspændingspædagog (privat udd.),Holistic stress relief pedagogy (private edu.),CSV:EDU_audd,medium,danish,,
EDU_audd_4411,EDU,audd,4411,Kagekonditor med profil,Kagekonditor med profil,Pastry chef with profile,CSV:EDU_audd,medium,danish,,
EDU_audd_3315,EDU,audd,3315,"Intercultural Studies, German, cand.ling.merc.","Intercultural Studies, German, cand.ling.merc.","Intercultural Studies, German, cand.ling.merc.",CSV:EDU_audd,medium,danish,,
EDU_audd_4446,EDU,audd,4446,Mejerioperatør,Mejerioperatør,Dairy operator,CSV:EDU_audd,medium,danish,,
EDU_audd_4706,EDU,audd,4706,"Levnedsmiddel/husholdning, indgangsår (gl)","Levnedsmiddel/husholdning, indgangsår (gl)","Food/ Household, Entry Year (gl)",CSV:EDU_audd,medium,danish,,
EDU_audd_6605,EDU,audd,6605,"Portugisisk, cand.phil.","Portugisisk, cand.phil.","Portugisisk, cand.phil.",CSV:EDU_audd,medium,danish,,
EDU_audd_5531,EDU,audd,5531,"Erhvervssprogligt grundstudium, spansk-tysk","Erhvervssprogligt grundstudium, spansk-tysk","Erhvervssprogligt grundstudium, spansk-tysk",CSV:EDU_audd,medium,danish,,
EDU_audd_4601,EDU,audd,4601,"Lufthavnsoperatør, bagage loading","Lufthavnsoperatør, bagage loading","Airport Operator, Baggage Loading",CSV:EDU_audd,medium,danish,,
EDU_audd_3810,EDU,audd,3810,"Mellemøstens sprog og samfund-arabisk,cand.mag.","Mellemøstens sprog og samfund-arabisk,cand.mag.","Middle Eastern Languages and Societies-Arabic, cand.mag.",CSV:EDU_audd,medium,danish,,
EDU_audd_3088,EDU,audd,3088,"Græsk, klassisk, bach.","Græsk, klassisk, bach.","Greek, Classical, bach.",CSV:EDU_audd,medium,danish,,
EDU_audd_5211,EDU,audd,5211,"Jordbrugsvirksomhed (overbygning), prof.bach.","Jordbrugsvirksomhed (overbygning), prof.bach.","Jordbrugsvirksomhed (overbygning), prof.bach.",CSV:EDU_audd,medium,danish,,
EDU_audd_3236,EDU,audd,3236,Dyrehandel,Dyrehandel,Dyrehandel,CSV:EDU_audd,medium,danish,,
EDU_audd_6466,EDU,audd,6466,"Spansk og spanskamerikansk sprog, litteratur og kultur (AU), cand.mag.","Spansk og spanskamerikansk sprog, litteratur og kultur (AU), cand.mag.","Spanish and Spanish-American Language, Literature and Culture (AU), cand.mag.",CSV:EDU_audd,medium,danish,,
EDU_audd_7852,EDU,audd,7852,"Komponist, bach.","Komponist, bach.","Komponist, bach.",CSV:EDU_audd,medium,danish,,
EDU_audd_3276,EDU,audd,3276,"Jordbrugsøkonomi (overbygning), prof.bach.","Jordbrugsøkonomi (overbygning), prof.bach.","Agricultural Economics (overlay), prof.bach.",CSV:EDU_audd,medium,danish,,
EDU_audd_4581,EDU,audd,4581,Automatiseringstekniker,Automatiseringstekniker,Automatiseringstekniker,CSV:EDU_audd,medium,danish,,
EDU_audd_3155,EDU,audd,3155,"Computational Biomedicine, cand.scient.","Computational Biomedicine, cand.scient.","Computational Biomedicine, cand.scient.",CSV:EDU_audd,medium,danish,,
EDU_audd_1721,EDU,audd,1721,"1. år, realkursus 3-årigt","1. år, realkursus 3-årigt","1st Year, Real Program 3-year",CSV:EDU_audd,medium,danish,,
EDU_audd_6567,EDU,audd,6567,"Filologi klassisk, cand.phil.","Filologi klassisk, cand.phil.","Classical Philology, cand.phil.",CSV:EDU_audd,medium,danish,,
EDU_audd_7902,EDU,audd,7902,"Kemi og bioteknologi, ing.bach.","Kemi og bioteknologi, ing.bach.","Chemistry and Biotechnology, ing.bach.",CSV:EDU_audd,medium,danish,,
EDU_audd_1722,EDU,audd,1722,"2. år, realkursus 3-årigt","2. år, realkursus 3-årigt","2nd Year, Real Program 3-year",CSV:EDU_audd,medium,danish,,
EDU_audd_6746,EDU,audd,6746,"Sydøstasienstudier, Indonesisk, cand.mag.","Sydøstasienstudier, Indonesisk, cand.mag.","Southeast Asian Studies-Indonesian, cand.mag.",CSV:EDU_audd,medium,danish,,
EDU_audd_5947,EDU,audd,5947,"Markedsføringsøkonomi og engelsk erhvervssprog, bach.","Markedsføringsøkonomi og engelsk erhvervssprog, bach.","Marketing Economics and English Business Language, bach.",CSV:EDU_audd,medium,danish,,
EDU_audd_7647,EDU,audd,7647,"Software, ing.bach.","Software, ing.bach.","Software, ing.bach.",CSV:EDU_audd,medium,danish,,
EDU_audd_7343,EDU,audd,7343,"Eskimologi, mag.art.","Eskimologi, mag.art.","Eskimologi, mag.art.",CSV:EDU_audd,medium,danish,,
EDU_audd_4686,EDU,audd,4686,"Lufthavnsuddannelse, bagage og cargo","Lufthavnsuddannelse, bagage og cargo","Airport Education, Baggage and Cargo",CSV:EDU_audd,medium,danish,,
EDU_audd_6544,EDU,audd,6544,"Asienstudier, Indologi, bach.","Asienstudier, Indologi, bach.","Asienstudier, Indologi, bach.",CSV:EDU_audd,medium,danish,,
EDU_audd_8716,EDU,audd,8716,"Socialpsykologi og læring, cand.mag.","Socialpsykologi og læring, cand.mag.","Social Psychology and Learning, cand.mag.",CSV:EDU_audd,medium,danish,,
EDU_audd_6555,EDU,audd,6555,"Asienstudier, Thai/Sydøstasienstudier, bach.","Asienstudier, Thai/Sydøstasienstudier, bach.","Asian Studies, Thai/Southeast Asian Studies, bach.",CSV:EDU_audd,medium,danish,,
EDU_audd_7844,EDU,audd,7844,"Grønlandsk filologi, cand.mag.","Grønlandsk filologi, cand.mag.","Greenlandic Philology, cand.mag.",CSV:EDU_audd,medium,danish,,
EDU_audd_3210,EDU,audd,3210,Driftteknolog offshore,Driftteknolog offshore,Driftteknolog offshore,CSV:EDU_audd,medium,danish,,
EDU_audd_6527,EDU,audd,6527,"Folkemindevidenskab, cand.phil.","Folkemindevidenskab, cand.phil.","Folklore Studies, cand.phil.",CSV:EDU_audd,medium,danish,,
EDU_audd_5381,EDU,audd,5381,"Offshore, civilingeniør","Offshore, civilingeniør","Offshore, Civil Engineer",CSV:EDU_audd,medium,danish,,
EDU_audd_4682,EDU,audd,4682,"Postoperatør, distribution","Postoperatør, distribution","Post Operator, Distribution",CSV:EDU_audd,medium,danish,,
EDU_audd_5877,EDU,audd,5877,"V.O.U., operativ flyvevåbnet","V.O.U., operativ flyvevåbnet","V.O.U., Operational Air Force Weapon",CSV:EDU_audd,medium,danish,,
EDU_audd_5072,EDU,audd,5072,"Landbrugstekniker, teknisk speciale","Landbrugstekniker, teknisk speciale","Agricultural Technician, Technical Specialization",CSV:EDU_audd,medium,danish,,
EDU_audd_4452,EDU,audd,4452,Digital integrator,Digital integrator,Digital integrator,CSV:EDU_audd,medium,danish,,
EDU_audd_7503,EDU,audd,7503,"Elektrisk energiteknologi, ing.prof.bach.","Elektrisk energiteknologi, ing.prof.bach.","Electrical Energy Technology, ing.prof.bach.",CSV:EDU_audd,medium,danish,,
EDU_audd_7753,EDU,audd,7753,"Lifelong learning, policy - management, kand.","Lifelong learning, policy - management, kand.","Lifelong learning, policy - management, kand.",CSV:EDU_audd,medium,danish,,
EDU_audd_5916,EDU,audd,5916,"Tidlig musik, cand.musicae.","Tidlig musik, cand.musicae.","Tidlig musik, cand.musicae.",CSV:EDU_audd,medium,danish,,
EDU_audd_6738,EDU,audd,6738,"Informatik, kombination (RUC)","Informatik, kombination (RUC)","Informatik, kombination (RUC)",CSV:EDU_audd,medium,danish,,
EDU_audd_6800,EDU,audd,6800,"Asienstudier (Indien og Sydasien), cand.mag.","Asienstudier (Indien og Sydasien), cand.mag.","Asian Studies (India and South Asia), cand.mag.",CSV:EDU_audd,medium,danish,,
EDU_audd_8171,EDU,audd,8171,"Geografi, hovedfag","Geografi, hovedfag","Geografi, hovedfag",CSV:EDU_audd,medium,danish,,
EDU_audd_5782,EDU,audd,5782,"Japansk, cand.merc.","Japansk, cand.merc.","Japansk, cand.merc.",CSV:EDU_audd,medium,danish,,
EDU_audd_815,EDU,audd,815,Pædagog (Rudolf Steiner) (privat udd.),Pædagog (Rudolf Steiner) (privat udd.),Pedagogue (Rudolf Steiner) (private edu.),CSV:EDU_audd,medium,danish,,
EDU_audd_8378,EDU,audd,8378,"Technology Entrepreneurship, cand.tech.","Technology Entrepreneurship, cand.tech.","Technology Entrepreneurship, cand.tech.",CSV:EDU_audd,medium,danish,,
EDU_audd_4579,EDU,audd,4579,Av-tekniker,Av-tekniker,Av-tekniker,CSV:EDU_audd,medium,danish,,
EDU_audd_5622,EDU,audd,5622,"Fransk-internat. virksomhedskommunikation, cand.mag.","Fransk-internat. virksomhedskommunikation, cand.mag.","French-Intercultural Business Communication, cand.mag.",CSV:EDU_audd,medium,danish,,
EDU_audd_4947,EDU,audd,4947,"Convenience, bageriudsalg","Convenience, bageriudsalg","Convenience, bakery sales",CSV:EDU_audd,medium,danish,,
EDU_audd_4768,EDU,audd,4768,"Forberedende grunduddannelse (FGU), uden specialisering","Forberedende grunduddannelse (FGU), uden specialisering","Preparatory General Education (PGE), no specialization",CSV:EDU_audd,medium,danish,,
EDU_audd_6134,EDU,audd,6134,"Plan, by og proces, kombination (RUC)","Plan, by og proces, kombination (RUC)","Planning, City and Process, combination (RUC)",CSV:EDU_audd,medium,danish,,
EDU_audd_5244,EDU,audd,5244,"Maritime technology, cand.tech.","Maritime technology, cand.tech.","Maritime technology, cand.tech.",CSV:EDU_audd,medium,danish,,
EDU_audd_7700,EDU,audd,7700,"Surveying and Planning, cand.tech.","Surveying and Planning, cand.tech.","Surveying and Planning, cand.tech.",CSV:EDU_audd,medium,danish,,
EDU_audd_5770,EDU,audd,5770,"Officer A-linien, flyvevåbnet","Officer A-linien, flyvevåbnet","Officer A-line, Air Force",CSV:EDU_audd,medium,danish,,
EDU_audd_4023,EDU,audd,4023,Akademiøkonom i indenlandsk afsætning,Akademiøkonom i indenlandsk afsætning,Academic Economist in Domestic Assignment,CSV:EDU_audd,medium,danish,,
EDU_audd_6035,EDU,audd,6035,"Chemistry, cand.scient.","Chemistry, cand.scient.","Chemistry, cand.scient.",CSV:EDU_audd,medium,danish,,
EDU_audd_5935,EDU,audd,5935,"Internat. virksomhedskommunik, spansk-europæiske studier, bach.","Internat. virksomhedskommunik, spansk-europæiske studier, bach.","International Business Communication, Spanish-European Studies, bach.",CSV:EDU_audd,medium,danish,,
EDU_audd_7653,EDU,audd,7653,"Indiansk sprog og kultur, mag.art.","Indiansk sprog og kultur, mag.art.","Indian Language and Culture, mag.art.",CSV:EDU_audd,medium,danish,,
EDU_audd_7399,EDU,audd,7399,"Nordisk, mag.art.","Nordisk, mag.art.","Nordisk, mag.art.",CSV:EDU_audd,medium,danish,,
EDU_audd_6750,EDU,audd,6750,"Italiensk, overbygning","Italiensk, overbygning","Italian, superstructure",CSV:EDU_audd,medium,danish,,
EDU_audd_6360,EDU,audd,6360,"Design for Planet, cand.des.","Design for Planet, cand.des.","Design for Planet, cand.des.",CSV:EDU_audd,medium,danish,,
EDU_audd_5690,EDU,audd,5690,"Scenekunstner med speciale i produktion, ledelse","Scenekunstner med speciale i produktion, ledelse","Stage artist with specialization in production, direction",CSV:EDU_audd,medium,danish,,
EDU_audd_5939,EDU,audd,5939,"Internat. virksomhedskommunik., fransk - kommunikation, bach.","Internat. virksomhedskommunik., fransk - kommunikation, bach.","Int. business communication, French - communication, bach.",CSV:EDU_audd,medium,danish,,
EDU_audd_5842,EDU,audd,5842,"Konservator, grafisk, cand.scient.cons.","Konservator, grafisk, cand.scient.cons.","Conservator, graphic, cand.scient.cons.",CSV:EDU_audd,medium,danish,,
EDU_audd_6990,EDU,audd,6990,"Humanistisk una, kand.","Humanistisk una, kand.","Humanities, kand.",CSV:EDU_audd,medium,danish,,
EDU_audd_6644,EDU,audd,6644,"Ungarsk, bach.","Ungarsk, bach.","Ungarsk, bach.",CSV:EDU_audd,medium,danish,,
EDU_audd_6845,EDU,audd,6845,"Ungarsk, cand.mag.","Ungarsk, cand.mag.","Ungarsk, cand.mag.",CSV:EDU_audd,medium,danish,,
EDU_audd_4404,EDU,audd,4404,Udstillingstekniker,Udstillingstekniker,Udstillingstekniker,CSV:EDU_audd,medium,danish,,
EDU_audd_5239,EDU,audd,5239,"Environmental Science, cand.tech.","Environmental Science, cand.tech.","Environmental Science, cand.tech.",CSV:EDU_audd,medium,danish,,
EDU_audd_3092,EDU,audd,3092,"Interdisciplinære naturvidenskabelige studier, cand.scient.","Interdisciplinære naturvidenskabelige studier, cand.scient.","Interdisciplinary natural science studies, cand.scient.",CSV:EDU_audd,medium,danish,,
EDU_audd_5897,EDU,audd,5897,"Koreografi, cand.art.scen","Koreografi, cand.art.scen","Koreografi, cand.art.scen",CSV:EDU_audd,medium,danish,,
EDU_audd_6301,EDU,audd,6301,"Neuroscience, cand.scient","Neuroscience, cand.scient","Neuroscience, cand.scient",CSV:EDU_audd,medium,danish,,
EDU_audd_8721,EDU,audd,8721,"Kommunikation, cand.comm.","Kommunikation, cand.comm.","Communication, cand.comm.",CSV:EDU_audd,medium,danish,,
EDU_audd_4357,EDU,audd,4357,Frontline radio-tv-supporter,Frontline radio-tv-supporter,Frontline radio-TV supporter,CSV:EDU_audd,medium,danish,,
EDU_audd_7971,EDU,audd,7971,"Kunstig intelligens og data, ing.bach.","Kunstig intelligens og data, ing.bach.","Artificial intelligence and data, ing.bach.",CSV:EDU_audd,medium,danish,,
EDU_audd_4339,EDU,audd,4339,Gravør,Gravør,Grave digger,CSV:EDU_audd,medium,danish,,
EDU_audd_4729,EDU,audd,4729,Havnemedhjælper,Havnemedhjælper,Harbor helper,CSV:EDU_audd,medium,danish,,
EDU_audd_5987,EDU,audd,5987,"Polsk, bach.negot.","Polsk, bach.negot.","Polsk, bach.negot.",CSV:EDU_audd,medium,danish,,
EDU_audd_5967,EDU,audd,5967,"Polsk, cand.negot.","Polsk, cand.negot.","Polsk, cand.negot.",CSV:EDU_audd,medium,danish,,
EDU_audd_6522,EDU,audd,6522,"Filosofi, bach.","Filosofi, bach.","Filosofi, bach.",CSV:EDU_audd,medium,danish,,
EDU_audd_4382,EDU,audd,4382,"Støberitekniker, sandstøbning","Støberitekniker, sandstøbning","Foundry technician, sand casting",CSV:EDU_audd,medium,danish,,
EDU_audd_8051,EDU,audd,8051,"Byggeteknik og arkitektonisk projektering, kand.2år.","Byggeteknik og arkitektonisk projektering, kand.2år.","Building Technology and Architectural Design, kand.2yr.",CSV:EDU_audd,medium,danish,,
EDU_audd_8371,EDU,audd,8371,"Medical biotechnology, cand.polyt.","Medical biotechnology, cand.polyt.","Medical biotechnology, cand.polyt.",CSV:EDU_audd,medium,danish,,
EDU_audd_4582,EDU,audd,4582,"B2-flytekniker, elektronik","B2-flytekniker, elektronik","B2 Aircraft Technician, Electronics",CSV:EDU_audd,medium,danish,,
EDU_audd_6243,EDU,audd,6243,"Communication Technologies, cand.polyt.","Communication Technologies, cand.polyt.","Communication Technologies, cand.polyt.",CSV:EDU_audd,medium,danish,,
EDU_audd_6551,EDU,audd,6551,"Italiensk, cand.phil.","Italiensk, cand.phil.","Italiensk, cand.phil.",CSV:EDU_audd,medium,danish,,
EDU_audd_6710,EDU,audd,6710,"Dramaturgi, overbygning","Dramaturgi, overbygning","Dramaturgi, overbygning",CSV:EDU_audd,medium,danish,,
EDU_audd_3484,EDU,audd,3484,"Economics and Business Administration, cand.merc.","Economics and Business Administration, cand.merc.","Economics and Business Administration, cand.merc.",CSV:EDU_audd,medium,danish,,
EDU_audd_4571,EDU,audd,4571,Elevatortekniker,Elevatortekniker,Elevatortekniker,CSV:EDU_audd,medium,danish,,
EDU_audd_4206,EDU,audd,4206,"Træoperatør, døre og vinduer","Træoperatør, døre og vinduer","Timber Operator, Doors and Windows",CSV:EDU_audd,medium,danish,,
EDU_audd_4385,EDU,audd,4385,Industriteknikeruddannelse una,Industriteknikeruddannelse una,Industrial Technician Education una,CSV:EDU_audd,medium,danish,,
EDU_audd_4942,EDU,audd,4942,"Detail, frugt og grønt","Detail, frugt og grønt","Provisions, Fruit and Vegetables",CSV:EDU_audd,medium,danish,,
EDU_audd_5747,EDU,audd,5747,"Psykologi-pædagogisk, exam.psyk.pæd. (DPU)","Psykologi-pædagogisk, exam.psyk.pæd. (DPU)","Psychology-Educational Studies, exam.psych.ped. (DPU)",CSV:EDU_audd,medium,danish,,
EDU_audd_5903,EDU,audd,5903,"Musikteori-historie, diplomeksamen musikpædagog","Musikteori-historie, diplomeksamen musikpædagog","Music Theory-History, diploma exam music pedagogy",CSV:EDU_audd,medium,danish,,
EDU_audd_5874,EDU,audd,5874,Civil-militær tolk,Civil-militær tolk,Civil-Military Interpreter,CSV:EDU_audd,medium,danish,,
EDU_audd_7803,EDU,audd,7803,"Bygningsteknik, ing.bach.","Bygningsteknik, ing.bach.","Bygningsteknik, ing.bach.",CSV:EDU_audd,medium,danish,,
EDU_audd_8172,EDU,audd,8172,"Datavidenskab, bach.","Datavidenskab, bach.","Datavidenskab, bach.",CSV:EDU_audd,medium,danish,,
EDU_audd_7668,EDU,audd,7668,"Sinologi, mag.art.","Sinologi, mag.art.","Sinologi, mag.art.",CSV:EDU_audd,medium,danish,,
EDU_audd_8031,EDU,audd,8031,"Datalogi, hovedfag","Datalogi, hovedfag","Datalogi, hovedfag",CSV:EDU_audd,medium,danish,,
EDU_audd_4352,EDU,audd,4352,Bygningsmontør,Bygningsmontør,Building Fitter,CSV:EDU_audd,medium,danish,,
EDU_audd_4606,EDU,audd,4606,"Lufthavnsuddannelse, rampe service","Lufthavnsuddannelse, rampe service","Lufthavnsuddannelse, rampe service",CSV:EDU_audd,medium,danish,,
EDU_audd_3405,EDU,audd,3405,"Global ledelse og design af produktionsnetværk (GMM), ing.prof.bach.","Global ledelse og design af produktionsnetværk (GMM), ing.prof.bach.","Global Management and Design of Production Networks (GMM), ing.prof.bach.",CSV:EDU_audd,medium,danish,,
EDU_audd_6865,EDU,audd,6865,"Journalistik, cand.public.","Journalistik, cand.public.","Journalistik, cand.public.",CSV:EDU_audd,medium,danish,,
EDU_audd_7855,EDU,audd,7855,"Tonemester (musik), bach.","Tonemester (musik), bach.","Tone master (music), bach.",CSV:EDU_audd,medium,danish,,
EDU_audd_6614,EDU,audd,6614,"Mellemøstens sprog og samfund-tyrkisk, bach.","Mellemøstens sprog og samfund-tyrkisk, bach.","Middle Eastern languages and societies-Turkish, bach.",CSV:EDU_audd,medium,danish,,
EDU_audd_8726,EDU,audd,8726,"Bæredygtig omstilling (Tek-Sam), cand.tech.soc.","Bæredygtig omstilling (Tek-Sam), cand.tech.soc.","Sustainable transition (Tech-Sam), cand.tech.soc.",CSV:EDU_audd,medium,danish,,
EDU_audd_8710,EDU,audd,8710,"Journalistik, cand.comm.","Journalistik, cand.comm.","Journalism, cand.comm.",CSV:EDU_audd,medium,danish,,
EDU_audd_6464,EDU,audd,6464,"Sustainable Tourism and Hospitality Management, AO","Sustainable Tourism and Hospitality Management, AO","Sustainable Tourism and Hospitality Management, AO",CSV:EDU_audd,medium,danish,,
EDU_audd_5037,EDU,audd,5037,El-installatøruddannelse una,El-installatøruddannelse una,Electrical installation training una,CSV:EDU_audd,medium,danish,,
EDU_audd_6667,EDU,audd,6667,"Retorik, cand.phil.","Retorik, cand.phil.","Retorik, cand.phil.",CSV:EDU_audd,medium,danish,,
EDU_audd_4552,EDU,audd,4552,Plastmager una,Plastmager una,Plastmager una,CSV:EDU_audd,medium,danish,,
EDU_audd_6018,EDU,audd,6018,"International virksomhedskommunikation, bach.","International virksomhedskommunikation, bach.","International business communication, bach.",CSV:EDU_audd,medium,danish,,
EDU_audd_5934,EDU,audd,5934,"Internat. virksomhedskommunik, fransk-europæiske studier, bach.","Internat. virksomhedskommunik, fransk-europæiske studier, bach.","Int. bus. comm., French-European studies, bach.",CSV:EDU_audd,medium,danish,,
EDU_audd_4379,EDU,audd,4379,Karrosseribygger,Karrosseribygger,Karrosseribygger,CSV:EDU_audd,medium,danish,,
EDU_audd_5899,EDU,audd,5899,"Kor- og ensembleledelse, musikpædagog","Kor- og ensembleledelse, musikpædagog","Choir and Ensemble Conducting, Music Pedagogy",CSV:EDU_audd,medium,danish,,
EDU_audd_8267,EDU,audd,8267,"Maskinteknologi, ing.prof.bach.","Maskinteknologi, ing.prof.bach.","Mechanical Engineering, ing.prof.bach.",CSV:EDU_audd,medium,danish,,
EDU_audd_5272,EDU,audd,5272,"Miljø, civilingeniør","Miljø, civilingeniør","Environment, civil engineer",CSV:EDU_audd,medium,danish,,
EDU_audd_8038,EDU,audd,8038,"Geofysik, hovedfag","Geofysik, hovedfag","Geofysik, hovedfag",CSV:EDU_audd,medium,danish,,
EDU_audd_4700,EDU,audd,4700,Dyrepasser una,Dyrepasser una,Dyrepasser una,CSV:EDU_audd,medium,danish,,
EDU_audd_4123,EDU,audd,4123,Ædelmetalstøber,Ædelmetalstøber,Precious metal foundry worker,CSV:EDU_audd,medium,danish,,
EDU_audd_4118,EDU,audd,4118,Støberiassistent,Støberiassistent,Foundry assistant,CSV:EDU_audd,medium,danish,,
EDU_audd_5650,EDU,audd,5650,"Industriel 3D-print (overbygning), prof.bach.","Industriel 3D-print (overbygning), prof.bach.","Industriel 3D-print (overbygning), prof.bach.",CSV:EDU_audd,medium,danish,,
EDU_audd_8032,EDU,audd,8032,"Matematik, hovedfag","Matematik, hovedfag","Matematik, hovedfag",CSV:EDU_audd,medium,danish,,
EDU_audd_3237,EDU,audd,3237,Hestemanager,Hestemanager,Hestemanager,CSV:EDU_audd,medium,danish,,
EDU_audd_7607,EDU,audd,7607,"Assyriologi, mag.art.","Assyriologi, mag.art.","Assyriology, mag.art.",CSV:EDU_audd,medium,danish,,
EDU_audd_7983,EDU,audd,7983,"Softwareteknologi, ing.prof.bach.","Softwareteknologi, ing.prof.bach.","Software technology, ing.prof.bach.",CSV:EDU_audd,medium,danish,,
EDU_audd_5995,EDU,audd,5995,Folkemusik,Folkemusik,Folkemusik,CSV:EDU_audd,medium,danish,,
EDU_audd_5257,EDU,audd,5257,"Elektronik, ing.prof.bach.","Elektronik, ing.prof.bach.","Electronics, ing.prof.bach.",CSV:EDU_audd,medium,danish,,
EDU_audd_4536,EDU,audd,4536,Kosmetiker una,Kosmetiker una,Kosmetiker una,CSV:EDU_audd,medium,danish,,
EDU_audd_5248,EDU,audd,5248,"Fødevareteknologi, ing.prof.bach.","Fødevareteknologi, ing.prof.bach.","Food Technology, ing.prof.bach.",CSV:EDU_audd,medium,danish,,
EDU_audd_6358,EDU,audd,6358,"Accessory design, bach.","Accessory design, bach.","Accessory design, bach.",CSV:EDU_audd,medium,danish,,
EDU_audd_7524,EDU,audd,7524,"International virksomhedskommunikation, engelsk, bach.","International virksomhedskommunikation, engelsk, bach.","International Corporate Communication, English, bach.",CSV:EDU_audd,medium,danish,,
EDU_audd_6525,EDU,audd,6525,"Finsk, cand.phil.","Finsk, cand.phil.","Finsk, cand.phil.",CSV:EDU_audd,medium,danish,,
EDU_audd_5509,EDU,audd,5509,"Fødevarekemi og bioteknologi, prof.bach.","Fødevarekemi og bioteknologi, prof.bach.","Food Chemistry and Biotechnology, prof.bach.",CSV:EDU_audd,medium,danish,,
EDU_audd_8252,EDU,audd,8252,"Legemsøvelser, hovedfag","Legemsøvelser, hovedfag","Physical Education, main subject",CSV:EDU_audd,medium,danish,,
EDU_audd_3069,EDU,audd,3069,"Portugisiske og brasilianske studier, cand.mag.","Portugisiske og brasilianske studier, cand.mag.","Portuguese and Brazilian Studies, cand.mag.",CSV:EDU_audd,medium,danish,,
EDU_audd_8170,EDU,audd,8170,"Datavidenskab og machine learning (AAU), bach.","Datavidenskab og machine learning (AAU), bach.","Computer Science and Machine Learning (AAU), bach.",CSV:EDU_audd,medium,danish,,
EDU_audd_4122,EDU,audd,4122,Ædelstensfatter,Ædelstensfatter,Jeweler,CSV:EDU_audd,medium,danish,,
EDU_audd_6645,EDU,audd,6645,"Ungarsk, cand.phil.","Ungarsk, cand.phil.","Ungarsk, cand.phil.",CSV:EDU_audd,medium,danish,,
EDU_audd_4501,EDU,audd,4501,Modellør,Modellør,Model Maker,CSV:EDU_audd,medium,danish,,
EDU_audd_6503,EDU,audd,6503,"Balkanstik, cand.phil.","Balkanstik, cand.phil.","Balkanstik, cand.phil.",CSV:EDU_audd,medium,danish,,
EDU_audd_5996,EDU,audd,5996,"Tidlig musik, diplom 5år","Tidlig musik, diplom 5år","Early Music, 5-year diploma",CSV:EDU_audd,medium,danish,,
EDU_audd_4117,EDU,audd,4117,Støberitekniker,Støberitekniker,Foundry Technician,CSV:EDU_audd,medium,danish,,
EDU_audd_4543,EDU,audd,4543,Laboratorietandtekniker una,Laboratorietandtekniker una,Laboratory Dental Technician una,CSV:EDU_audd,medium,danish,,
EDU_audd_4969,EDU,audd,4969,"Engros, storkundeprofil","Engros, storkundeprofil","Wholesale, specialist profile",CSV:EDU_audd,medium,danish,,
EDU_audd_4142,EDU,audd,4142,"Teater-, event- og av-teknisk produktionsassistent","Teater-, event- og av-teknisk produktionsassistent","Theater, event, and AV technical production assistant",CSV:EDU_audd,medium,danish,,
EDU_audd_4560,EDU,audd,4560,Ejendomsservice una,Ejendomsservice una,Ejendomsservice una,CSV:EDU_audd,medium,danish,,
EDU_audd_8711,EDU,audd,8711,"Kulturmødestudier, cand.mag.","Kulturmødestudier, cand.mag.","Cultural meetings studies, cand.mag.",CSV:EDU_audd,medium,danish,,
EDU_audd_3313,EDU,audd,3313,"Intercultural Studies in Latin America and Spain, cand.ling.merc.","Intercultural Studies in Latin America and Spain, cand.ling.merc.","Intercultural Studies in Latin America and Spain, cand.ling.merc.",CSV:EDU_audd,medium,danish,,
EDU_audd_7652,EDU,audd,7652,"Robotteknologi, ing.bach.","Robotteknologi, ing.bach.","Robotteknologi, ing.bach.",CSV:EDU_audd,medium,danish,,
EDU_audd_5562,EDU,audd,5562,"Engelsk-spansk, erhvervssproglig afgangseksamen EA","Engelsk-spansk, erhvervssproglig afgangseksamen EA","English-Spanish, vocational language exit exam EA",CSV:EDU_audd,medium,danish,,
EDU_audd_4362,EDU,audd,4362,Overfladebehandler,Overfladebehandler,Overfladebehandler,CSV:EDU_audd,medium,danish,,
EDU_audd_4311,EDU,audd,4311,Vvs-uddannelse una,Vvs-uddannelse una,Vvs education una,CSV:EDU_audd,medium,danish,,
EDU_audd_4393,EDU,audd,4393,Finmekaniker una,Finmekaniker una,Finmekaniker una,CSV:EDU_audd,medium,danish,,
EDU_audd_3067,EDU,audd,3067,"Brasilianske studier, cand.mag.","Brasilianske studier, cand.mag.","Brasilianske studier, cand.mag.",CSV:EDU_audd,medium,danish,,
EDU_audd_6574,EDU,audd,6574,"Indoeuropæisk, bach.","Indoeuropæisk, bach.","Indo-European, bach.",CSV:EDU_audd,medium,danish,,
EDU_audd_8708,EDU,audd,8708,"Historie, cand.mag.","Historie, cand.mag.","Historie, cand.mag.",CSV:EDU_audd,medium,danish,,
EDU_audd_7484,EDU,audd,7484,"Rumænsk, cand.phil.","Rumænsk, cand.phil.","Romanian, cand.phil.",CSV:EDU_audd,medium,danish,,
EDU_audd_5007,EDU,audd,5007,Akademiøkonom i miljø og økonomi,Akademiøkonom i miljø og økonomi,Environmental and economic business academy economist,CSV:EDU_audd,medium,danish,,
EDU_audd_8718,EDU,audd,8718,"Business Administration and Leadership, cand.merc.","Business Administration and Leadership, cand.merc.","Business Administration and Leadership, cand.merc.",CSV:EDU_audd,medium,danish,,
EDU_audd_6553,EDU,audd,6553,"Iransk, cand.phil.","Iransk, cand.phil.","Iransk, cand.phil.",CSV:EDU_audd,medium,danish,,
EDU_audd_5520,EDU,audd,5520,"Erhvervssprogligt grundstudium, fransk-spansk","Erhvervssprogligt grundstudium, fransk-spansk","Vocational language basic study, French-Spanish",CSV:EDU_audd,medium,danish,,
EDU_audd_6821,EDU,audd,6821,"Bulgarsk, cand.mag.","Bulgarsk, cand.mag.","Bulgarsk, cand.mag.",CSV:EDU_audd,medium,danish,,
EDU_audd_5857,EDU,audd,5857,Dansepædagog,Dansepædagog,Dance pedagogy,CSV:EDU_audd,medium,danish,,
EDU_audd_4566,EDU,audd,4566,Væksthusgartner una,Væksthusgartner una,Greenhouse gardener una,CSV:EDU_audd,medium,danish,,
EDU_audd_7944,EDU,audd,7944,"Byggeri og anlæg, indeklima og energi, ingeniør bach.","Byggeri og anlæg, indeklima og energi, ingeniør bach.","Construction and facilities, indoor climate and energy, engineer bach.",CSV:EDU_audd,medium,danish,,
EDU_audd_4337,EDU,audd,4337,Industrimekaniker,Industrimekaniker,Industrimekaniker,CSV:EDU_audd,medium,danish,,
EDU_audd_4015,EDU,audd,4015,Eksportkonsulent,Eksportkonsulent,Eksportkonsulent,CSV:EDU_audd,medium,danish,,
EDU_audd_3022,EDU,audd,3022,"International erhvervsøkonomi med fremmedsprog, dansk og engelsk, bach.","International erhvervsøkonomi med fremmedsprog, dansk og engelsk, bach.","International business economics with foreign languages, Danish and English, bach.",CSV:EDU_audd,medium,danish,,
EDU_audd_6566,EDU,audd,6566,"Asienstudier, Tibetologi, bach.","Asienstudier, Tibetologi, bach.","Asienstudier, Tibetologi, bach.",CSV:EDU_audd,medium,danish,,
EDU_audd_7213,EDU,audd,7213,"Religionssociologi, mag.art.","Religionssociologi, mag.art.","Sociology of religion, mag.art.",CSV:EDU_audd,medium,danish,,
EDU_audd_7893,EDU,audd,7893,"Dramaturgi, mag.art.","Dramaturgi, mag.art.","Dramaturgi, mag.art.",CSV:EDU_audd,medium,danish,,
EDU_audd_7598,EDU,audd,7598,"Hebraisk som hovedsprog, mag.art.","Hebraisk som hovedsprog, mag.art.","Hebrew as main language, mag.art.",CSV:EDU_audd,medium,danish,,
EDU_audd_4392,EDU,audd,4392,Flymekaniker una,Flymekaniker una,Flymekaniker una,CSV:EDU_audd,medium,danish,,
EDU_audd_6629,EDU,audd,6629,"Tjekkisk, cand.phil.","Tjekkisk, cand.phil.","Tjekkisk, cand.phil.",CSV:EDU_audd,medium,danish,,
EDU_audd_6617,EDU,audd,6617,"Arabisk, cand.phil.","Arabisk, cand.phil.","Arabisk, cand.phil.",CSV:EDU_audd,medium,danish,,
EDU_audd_4502,EDU,audd,4502,Glasmager,Glasmager,Glasmager,CSV:EDU_audd,medium,danish,,
EDU_audd_4503,EDU,audd,4503,Glassliber,Glassliber,Glassliber,CSV:EDU_audd,medium,danish,,
EDU_audd_4531,EDU,audd,4531,Skomager una,Skomager una,Skomager una,CSV:EDU_audd,medium,danish,,
EDU_audd_6135,EDU,audd,6135,"Fysik, kombination (RUC)","Fysik, kombination (RUC)","Fysik, kombination (RUC)",CSV:EDU_audd,medium,danish,,
EDU_audd_5956,EDU,audd,5956,"Fransk-italiensk erhvervssprog, bach.","Fransk-italiensk erhvervssprog, bach.","Fransk-italiensk erhvervssprog, bach.",CSV:EDU_audd,medium,danish,,
EDU_audd_4466,EDU,audd,4466,Industrislagter una,Industrislagter una,Industrislagter una,CSV:EDU_audd,medium,danish,,
EDU_audd_5504,EDU,audd,5504,"Fødevareproduktion, prof.bach.","Fødevareproduktion, prof.bach.","Food production, prof.bach.",CSV:EDU_audd,medium,danish,,
EDU_audd_4144,EDU,audd,4144,Tandtekniker i fast protetik,Tandtekniker i fast protetik,Dental technician in fixed prosthodontics,CSV:EDU_audd,medium,danish,,
EDU_audd_7842,EDU,audd,7842,"Grønlandsk filologi, cand.phil.","Grønlandsk filologi, cand.phil.","Greenlandic philology, cand.phil.",CSV:EDU_audd,medium,danish,,
EDU_audd_6543,EDU,audd,6543,"Indiansk sprog og kultur, cand.phil.","Indiansk sprog og kultur, cand.phil.","Indian language and culture, cand.phil.",CSV:EDU_audd,medium,danish,,
EDU_audd_4907,EDU,audd,4907,"Detail, skibsproviantering","Detail, skibsproviantering","Detail, ship provisioning",CSV:EDU_audd,medium,danish,,
EDU_audd_7303,EDU,audd,7303,"Arkæologi middelalder, mag.art.","Arkæologi middelalder, mag.art.","Archaeology medieval, mag.art.",CSV:EDU_audd,medium,danish,,
EDU_audd_5691,EDU,audd,5691,"Scenekunstner med speciale i produktion, realisering","Scenekunstner med speciale i produktion, realisering","Stage artist with specialization in production, realization",CSV:EDU_audd,medium,danish,,
EDU_audd_5904,EDU,audd,5904,Præliminær orgelprøve,Præliminær orgelprøve,Preliminary organ trial,CSV:EDU_audd,medium,danish,,
EDU_audd_6709,EDU,audd,6709,"Sundhedsfremme og sundhedsstrategier, kombination (RUC)","Sundhedsfremme og sundhedsstrategier, kombination (RUC)","Health promotion and health strategies, combination (RUC)",CSV:EDU_audd,medium,danish,,
EDU_audd_7802,EDU,audd,7802,"Norrøn filologi, cand.phil.","Norrøn filologi, cand.phil.","Nordic philology, cand.phil.",CSV:EDU_audd,medium,danish,,
EDU_audd_4854,EDU,audd,4854,Instrumentmager,Instrumentmager,Instrumentmager,CSV:EDU_audd,medium,danish,,
EDU_audd_5913,EDU,audd,5913,"Musikledelse, cand.musicae.","Musikledelse, cand.musicae.","Music conducting, cand.musicae.",CSV:EDU_audd,medium,danish,,
EDU_audd_5448,EDU,audd,5448,"Global Forestry, cand.scient.","Global Forestry, cand.scient.","Global Forestry, cand.scient.",CSV:EDU_audd,medium,danish,,
EDU_audd_4048,EDU,audd,4048,"Computerteknologi, bach.","Computerteknologi, bach.","Computer technology, bach.",CSV:EDU_audd,medium,danish,,
EDU_audd_4140,EDU,audd,4140,Kloakrørlægger,Kloakrørlægger,Sewer pipe layer,CSV:EDU_audd,medium,danish,,
EDU_audd_8046,EDU,audd,8046,"Bioengineering, cand.polyt.","Bioengineering, cand.polyt.","Bioengineering, cand.polyt.",CSV:EDU_audd,medium,danish,,
EDU_audd_5245,EDU,audd,5245,"Kemi og bioteknologi, cand.scient.tech.","Kemi og bioteknologi, cand.scient.tech.","Chemistry and biotechnology, cand.scient.tech.",CSV:EDU_audd,medium,danish,,
EDU_audd_6745,EDU,audd,6745,"Indologi, cand.mag.","Indologi, cand.mag.","Indologi, cand.mag.",CSV:EDU_audd,medium,danish,,
EDU_audd_6782,EDU,audd,6782,"Litteraturvidenskab, overbygning","Litteraturvidenskab, overbygning","Litteraturvidenskab, overbygning",CSV:EDU_audd,medium,danish,,
EDU_audd_4261,EDU,audd,4261,Motormekaniker,Motormekaniker,Motormekaniker,CSV:EDU_audd,medium,danish,,
EDU_audd_4505,EDU,audd,4505,Cafeteria- og kantineassistent una,Cafeteria- og kantineassistent una,Cafeteria and kitchen assistant una,CSV:EDU_audd,medium,danish,,
EDU_audd_4495,EDU,audd,4495,Autopolstrer,Autopolstrer,Autopolstrer,CSV:EDU_audd,medium,danish,,
EDU_audd_3254,EDU,audd,3254,Plastmager med speciale i hærdeplast,Plastmager med speciale i hærdeplast,Plastic surgeon with specialization in herd plastic,CSV:EDU_audd,medium,danish,,
EDU_audd_8728,EDU,audd,8728,"Environmental Science, cand.scient.","Environmental Science, cand.scient.","Environmental Science, cand.scient.",CSV:EDU_audd,medium,danish,,
EDU_audd_4539,EDU,audd,4539,Receptionist una,Receptionist una,Receptionist una,CSV:EDU_audd,medium,danish,,
EDU_audd_4860,EDU,audd,4860,Billedskærer,Billedskærer,Picture cutter,CSV:EDU_audd,medium,danish,,
EDU_audd_7833,EDU,audd,7833,"Indisk filologi, mag.art.","Indisk filologi, mag.art.","Indian philology, mag.art.",CSV:EDU_audd,medium,danish,,
EDU_audd_4407,EDU,audd,4407,Gourmetslagteraspirant,Gourmetslagteraspirant,Gourmet butcher apprentice,CSV:EDU_audd,medium,danish,,
EDU_audd_6920,EDU,audd,6920,"Psykologi (RUC), cand.mag.","Psykologi (RUC), cand.mag.","Psykologi (RUC), cand.mag.",CSV:EDU_audd,medium,danish,,
EDU_audd_5911,EDU,audd,5911,"Rytmisk musik, lydtekniker (gl)","Rytmisk musik, lydtekniker (gl)","Rytmisk musik, lydtekniker (gl)",CSV:EDU_audd,medium,danish,,
EDU_audd_7507,EDU,audd,7507,"Maskinteknik, ing.prof.bach.","Maskinteknik, ing.prof.bach.","Mechanical Engineering, ing.prof.bach.",CSV:EDU_audd,medium,danish,,
EDU_audd_8703,EDU,audd,8703,"Media and Communication, cand.comm.","Media and Communication, cand.comm.","Media and Communication, cand.comm.",CSV:EDU_audd,medium,danish,,
EDU_audd_4707,EDU,audd,4707,"Jordbrug og fiskeri, indgangsår (gl)","Jordbrug og fiskeri, indgangsår (gl)","Agriculture and fisheries, entry year (gl)",CSV:EDU_audd,medium,danish,,
EDU_audd_5689,EDU,audd,5689,Scenekunstner med speciale i dans og koreografi,Scenekunstner med speciale i dans og koreografi,Stage artist with specialization in dance and choreography,CSV:EDU_audd,medium,danish,,
EDU_audd_6829,EDU,audd,6829,"Tjekkisk, cand.mag.","Tjekkisk, cand.mag.","Tjekkisk, cand.mag.",CSV:EDU_audd,medium,danish,,
EDU_audd_3131,EDU,audd,3131,"Environmental Studies, civilingeniør 2år","Environmental Studies, civilingeniør 2år","Environmental Studies, civil engineer 2 years",CSV:EDU_audd,medium,danish,,
EDU_audd_3328,EDU,audd,3328,"Biotechnology, ing.prof.bach.","Biotechnology, ing.prof.bach.","Biotechnology, ing.prof.bach.",CSV:EDU_audd,medium,danish,,
EDU_audd_3464,EDU,audd,3464,"Electronics, cand.polyt.","Electronics, cand.polyt.","Electronics, cand.polyt.",CSV:EDU_audd,medium,danish,,
EDU_audd_4861,EDU,audd,4861,Forgylder,Forgylder,Forgylder,CSV:EDU_audd,medium,danish,,
EDU_audd_8723,EDU,audd,8723,"Politik og forvaltning, cand.scient.adm.","Politik og forvaltning, cand.scient.adm.","Politics and Administration, cand.scient.adm.",CSV:EDU_audd,medium,danish,,
EDU_audd_4724,EDU,audd,4724,Redderuddannelse una,Redderuddannelse una,Redderuddannelse una,CSV:EDU_audd,medium,danish,,
EDU_audd_3272,EDU,audd,3272,"Klassisk filologi, bach.","Klassisk filologi, bach.","Klassisk filologi, bach.",CSV:EDU_audd,medium,danish,,
EDU_audd_4451,EDU,audd,4451,Grafisk integrator,Grafisk integrator,Grafisk integrator,CSV:EDU_audd,medium,danish,,
EDU_audd_3258,EDU,audd,3258,Smed (maritim),Smed (maritim),Smed (maritim),CSV:EDU_audd,medium,danish,,
EDU_audd_3310,EDU,audd,3310,"Intercultural Studies, French, cand.ling.merc.","Intercultural Studies, French, cand.ling.merc.","Intercultural Studies, French, cand.ling.merc.",CSV:EDU_audd,medium,danish,,
EDU_audd_7628,EDU,audd,7628,"Ægyptologi-realia, mag.art.","Ægyptologi-realia, mag.art.","Egyptology-real, mag.art.",CSV:EDU_audd,medium,danish,,
EDU_audd_6610,EDU,audd,6610,"Mellemøstens sprog og samfund-persisk, bach.","Mellemøstens sprog og samfund-persisk, bach.","Middle Eastern languages and societies-Persian, bach.",CSV:EDU_audd,medium,danish,,
EDU_audd_7657,EDU,audd,7657,"Teknisk videnskab (Cyber- og computerteknologi), bach.","Teknisk videnskab (Cyber- og computerteknologi), bach.","Technical Science (Cyber and Computer Technology), bach.",CSV:EDU_audd,medium,danish,,
EDU_audd_5525,EDU,audd,5525,"Erhvervssprogligt grundstudium, italiensk-tysk","Erhvervssprogligt grundstudium, italiensk-tysk","Erhvervssprogligt grundstudium, italiensk-tysk",CSV:EDU_audd,medium,danish,,
EDU_audd_5067,EDU,audd,5067,"Gartneritekniker, planteskole","Gartneritekniker, planteskole","Gartneritekniker, planteskole",CSV:EDU_audd,medium,danish,,
EDU_audd_5064,EDU,audd,5064,"Designer Accessory Design, cand.design","Designer Accessory Design, cand.design","Designer Accessory Design, cand.design",CSV:EDU_audd,medium,danish,,
EDU_audd_6575,EDU,audd,6575,"Oldtidskundskab, cand.phil.","Oldtidskundskab, cand.phil.","Ancient Studies, cand.phil.",CSV:EDU_audd,medium,danish,,
EDU_audd_4079,EDU,audd,4079,Bygningskonstruktør una,Bygningskonstruktør una,Building Constructor una,CSV:EDU_audd,medium,danish,,
EDU_audd_5924,EDU,audd,5924,"Kor- høreledelse-node, diplomeksamen musikpædagog","Kor- høreledelse-node, diplomeksamen musikpædagog","Voice-Hearing Impairment Care, music pedagogy diploma",CSV:EDU_audd,medium,danish,,
EDU_audd_8720,EDU,audd,8720,"International Politics and Governance, cand.soc.","International Politics and Governance, cand.soc.","International Politics and Governance, cand.soc.",CSV:EDU_audd,medium,danish,,
EDU_audd_4652,EDU,audd,4652,Chaufførmedhjælper,Chaufførmedhjælper,Driver Assistant,CSV:EDU_audd,medium,danish,,
EDU_audd_6048,EDU,audd,6048,"Internat. virksomhedskommunikation, tysk, bach.","Internat. virksomhedskommunikation, tysk, bach.","International Business Communication, German, bach.",CSV:EDU_audd,medium,danish,,
EDU_audd_7515,EDU,audd,7515,"Elektroteknologi, ing.bach.","Elektroteknologi, ing.bach.","Electrical engineering, ing.bach.",CSV:EDU_audd,medium,danish,,
EDU_audd_7907,EDU,audd,7907,"Applied Industrial Electronics, ing.bach.","Applied Industrial Electronics, ing.bach.","Applied Industrial Electronics, ing.bach.",CSV:EDU_audd,medium,danish,,
EDU_audd_6131,EDU,audd,6131,"Almen biologi, cand.scient.","Almen biologi, cand.scient.","General Biology, cand.scient.",CSV:EDU_audd,medium,danish,,
EDU_audd_8719,EDU,audd,8719,"Global and Development Studies, cand.soc.","Global and Development Studies, cand.soc.","Global and Development Studies, cand.soc.",CSV:EDU_audd,medium,danish,,
EDU_audd_8359,EDU,audd,8359,"Bygningsinformatik, cand.scient.tech.","Bygningsinformatik, cand.scient.tech.","Bygningsinformatik, cand.scient.tech.",CSV:EDU_audd,medium,danish,,
EDU_audd_6631,EDU,audd,6631,"Øststatskundskab, cand.phil.","Øststatskundskab, cand.phil.","East Asian Studies, cand.phil.",CSV:EDU_audd,medium,danish,,
EDU_audd_4302,EDU,audd,4302,Bådserviceassistent,Bådserviceassistent,Boat Service Assistant,CSV:EDU_audd,medium,danish,,
EDU_audd_6083,EDU,audd,6083,"Datalogi-økonomi, bach.","Datalogi-økonomi, bach.","Computer Science-Economics, bach.",CSV:EDU_audd,medium,danish,,
EDU_audd_6149,EDU,audd,6149,"Tek-Sam - miljøplanlægning, kombination (RUC)","Tek-Sam - miljøplanlægning, kombination (RUC)","Tech-Sam - Environmental Planning, combination (RUC)",CSV:EDU_audd,medium,danish,,
EDU_audd_4482,EDU,audd,4482,Frisøraspirant,Frisøraspirant,Hairdresser apprentice,CSV:EDU_audd,medium,danish,,
EDU_audd_8715,EDU,audd,8715,"Socialvidenskab, cand.scient.soc.","Socialvidenskab, cand.scient.soc.","Socialvidenskab, cand.scient.soc.",CSV:EDU_audd,medium,danish,,
EDU_audd_5449,EDU,audd,5449,"Sustainable Forest and Nature Management, cand.scient.","Sustainable Forest and Nature Management, cand.scient.","Sustainable Forest and Nature Management, cand.scient.",CSV:EDU_audd,medium,danish,,
EDU_audd_7693,EDU,audd,7693,"Japansk, mag.art.","Japansk, mag.art.","Japansk, mag.art.",CSV:EDU_audd,medium,danish,,
EDU_audd_5830,EDU,audd,5830,Restaureringstekniker,Restaureringstekniker,Restaureringstekniker,CSV:EDU_audd,medium,danish,,
EDU_audd_6465,EDU,audd,6465,"Spanske- og spanskamerikanske studier (SDU), cand.mag.","Spanske- og spanskamerikanske studier (SDU), cand.mag.","Spanish and Spanish American Studies (SDU), cand.mag.",CSV:EDU_audd,medium,danish,,
EDU_audd_6670,EDU,audd,6670,"Religion studier/videnskab, bach.","Religion studier/videnskab, bach.","Religious studies/science, bach.",CSV:EDU_audd,medium,danish,,
EDU_audd_8285,EDU,audd,8285,"HA i markeds- og kulturanalyse, bach.","HA i markeds- og kulturanalyse, bach.","HA in market and cultural analysis, bach.",CSV:EDU_audd,medium,danish,,
EDU_audd_6270,EDU,audd,6270,"Electrical Engineering, cand.scient.tech.","Electrical Engineering, cand.scient.tech.","Electrical Engineering, cand.scient.tech.",CSV:EDU_audd,medium,danish,,
EDU_audd_8325,EDU,audd,8325,"Architecture, cand.scient.tech.","Architecture, cand.scient.tech.","Architecture, cand.scient.tech.",CSV:EDU_audd,medium,danish,,
EDU_audd_4455,EDU,audd,4455,Digital media uddannelse una,Digital media uddannelse una,Digital media education una,CSV:EDU_audd,medium,danish,,
EDU_audd_8722,EDU,audd,8722,"Nordic Urban Planning Studies, cand.soc.","Nordic Urban Planning Studies, cand.soc.","Nordic Urban Planning Studies, cand.soc.",CSV:EDU_audd,medium,danish,,
EDU_audd_8707,EDU,audd,8707,"By og plan, cand.soc.","By og plan, cand.soc.","City and planning, cand.soc.",CSV:EDU_audd,medium,danish,,
EDU_audd_3232,EDU,audd,3232,"Sundhed, omsorg og pædagogik","Sundhed, omsorg og pædagogik","Health, Care and Pedagogy",CSV:EDU_audd,medium,danish,,
EDU_audd_4720,EDU,audd,4720,Anlægsgartner una,Anlægsgartner una,Landscape gardener una,CSV:EDU_audd,medium,danish,,
EDU_audd_6582,EDU,audd,6582,"Litteraturvidenskab, bach.","Litteraturvidenskab, bach.","Litteraturvidenskab, bach.",CSV:EDU_audd,medium,danish,,
EDU_audd_5681,EDU,audd,5681,"Erhvervssprog tysk-italiensk, korrespondent","Erhvervssprog tysk-italiensk, korrespondent","Erhvervssprog tysk-italiensk, korrespondent",CSV:EDU_audd,medium,danish,,
EDU_audd_5566,EDU,audd,5566,"Spansk-tysk, erhvervssproglig afgangseksamen EA","Spansk-tysk, erhvervssproglig afgangseksamen EA","Spansk-tysk, erhvervssproglig afgangseksamen EA",CSV:EDU_audd,medium,danish,,
EDU_audd_4480,EDU,audd,4480,Film- og TV produktionsuddannelse una,Film- og TV produktionsuddannelse una,Film and TV production education una,CSV:EDU_audd,medium,danish,,
EDU_audd_7940,EDU,audd,7940,"Infrastruktur, bach.","Infrastruktur, bach.","Infrastruktur, bach.",CSV:EDU_audd,medium,danish,,
EDU_audd_6771,EDU,audd,6771,"Latin middelalder, cand.mag.","Latin middelalder, cand.mag.","Latin Middle Ages, cand.mag.",CSV:EDU_audd,medium,danish,,
EDU_audd_6071,EDU,audd,6071,"Humanistisk kombination, overbygning (AAU)","Humanistisk kombination, overbygning (AAU)","Humanistisk kombination, overbygning (AAU)",CSV:EDU_audd,medium,danish,,
EDU_audd_5565,EDU,audd,5565,"Fransk-tysk, erhvervssproglig afgangseksamen EA","Fransk-tysk, erhvervssproglig afgangseksamen EA","Fransk-tysk, erhvervssproglig afgangseksamen EA",CSV:EDU_audd,medium,danish,,
EDU_audd_8725,EDU,audd,8725,"Social intervention, cand.soc.","Social intervention, cand.soc.","Social intervention, cand.soc.",CSV:EDU_audd,medium,danish,,
EDU_audd_9933,EDU,audd,9933,Køleassistent,Køleassistent,Refrigeration assistant,CSV:EDU_audd,medium,danish,,
EDU_audd_4708,EDU,audd,4708,"Transport, indgangsår (gl)","Transport, indgangsår (gl)","Transportation, entry year (gl)",CSV:EDU_audd,medium,danish,,
EDU_audd_6589,EDU,audd,6589,"Nederlandsk, cand.phil.","Nederlandsk, cand.phil.","Nederlandsk, cand.phil.",CSV:EDU_audd,medium,danish,,
EDU_audd_8253,EDU,audd,8253,"Idræt/Idræt og sundhed, bach.","Idræt/Idræt og sundhed, bach.","Sports/Sports and Health, bach.",CSV:EDU_audd,medium,danish,,
EDU_audd_8307,EDU,audd,8307,"Intelligent Reliable Systems, cand.polyt.","Intelligent Reliable Systems, cand.polyt.","Intelligent Reliable Systems, cand.polyt.",CSV:EDU_audd,medium,danish,,
EDU_audd_8143,EDU,audd,8143,"Geologi-exogen, cand.scient.","Geologi-exogen, cand.scient.","Geology - Exogenic Processes, cand.scient.",CSV:EDU_audd,medium,danish,,
EDU_audd_8705,EDU,audd,8705,"Dansk, cand.mag.","Dansk, cand.mag.","Dansk, cand.mag.",CSV:EDU_audd,medium,danish,,
EDU_audd_5959,EDU,audd,5959,"Tysk-italiensk erhvervssprog, bach.","Tysk-italiensk erhvervssprog, bach.","Tysk-italiensk erhvervssprog, bach.",CSV:EDU_audd,medium,danish,,
EDU_audd_6820,EDU,audd,6820,"Mellemøstens sprog og samfund-tyrkisk, cand.mag.","Mellemøstens sprog og samfund-tyrkisk, cand.mag.","Middle Eastern Languages and Societies - Turkish, cand.mag.",CSV:EDU_audd,medium,danish,,
EDU_audd_3297,EDU,audd,3297,Lastbilchauffør med kran,Lastbilchauffør med kran,Truck Driver with Crane Operation,CSV:EDU_audd,medium,danish,,
EDU_audd_7832,EDU,audd,7832,"Indisk filologi, cand.phil.","Indisk filologi, cand.phil.","Indisk filologi, cand.phil.",CSV:EDU_audd,medium,danish,,
EDU_audd_8198,EDU,audd,8198,"Datavidenskab (AU), cand.scient.","Datavidenskab (AU), cand.scient.","Datavidenskab (AU), cand.scient.",CSV:EDU_audd,medium,danish,,
EDU_audd_5032,EDU,audd,5032,Orgelbygger,Orgelbygger,Orgelbygger,CSV:EDU_audd,medium,danish,,
EDU_audd_4410,EDU,audd,4410,Kagekonditor,Kagekonditor,Kagekonditor,CSV:EDU_audd,medium,danish,,
EDU_audd_4529,EDU,audd,4529,Håndsyer,Håndsyer,Hand Sewing,CSV:EDU_audd,medium,danish,,
EDU_audd_7673,EDU,audd,7673,"Kinesisk kultur, mag.art.","Kinesisk kultur, mag.art.","Chinese Culture, mag.art.",CSV:EDU_audd,medium,danish,,
EDU_audd_6082,EDU,audd,6082,"Teknisk kombination, kand.","Teknisk kombination, kand.","Technical Combination, kand.",CSV:EDU_audd,medium,danish,,
EDU_audd_4578,EDU,audd,4578,Detailbager,Detailbager,Detailbager,CSV:EDU_audd,medium,danish,,
EDU_audd_3234,EDU,audd,3234,"Teknologi, byggeri og transport","Teknologi, byggeri og transport","Technology, Construction and Transport",CSV:EDU_audd,medium,danish,,
EDU_audd_3164,EDU,audd,3164,"Informations- og kommunikationsvidenskab, cand.mag.","Informations- og kommunikationsvidenskab, cand.mag.","Information and Communication Studies, cand.mag.",CSV:EDU_audd,medium,danish,,
EDU_audd_8724,EDU,audd,8724,"Social Entrepreneurship and Management, cand.soc.","Social Entrepreneurship and Management, cand.soc.","Social Entrepreneurship and Management, cand.soc.",CSV:EDU_audd,medium,danish,,
EDU_audd_4324,EDU,audd,4324,Metalstøber,Metalstøber,Metal Foundry,CSV:EDU_audd,medium,danish,,
EDU_audd_7779,EDU,audd,7779,"Filologi klassisk, mag.art.","Filologi klassisk, mag.art.","Classical Philology, mag.art.",CSV:EDU_audd,medium,danish,,
EDU_audd_7398,EDU,audd,7398,"Nyere dansk sprog, mag.art.","Nyere dansk sprog, mag.art.","Modern Danish Language, mag.art.",CSV:EDU_audd,medium,danish,,
EDU_audd_8094,EDU,audd,8094,"Geodæsi, cand.scient.","Geodæsi, cand.scient.","Geodesy, cand.scient.",CSV:EDU_audd,medium,danish,,
EDU_audd_5424,EDU,audd,5424,"Global Management and Manufacturing, ing.prof.bach.","Global Management and Manufacturing, ing.prof.bach.","Global Management and Manufacturing, ing.prof.bach.",CSV:EDU_audd,medium,danish,,
EDU_audd_6642,EDU,audd,6642,"Tysk sprog, litteratur og kultur, bach.","Tysk sprog, litteratur og kultur, bach.","German language, literature and culture, bach.",CSV:EDU_audd,medium,danish,,
EDU_audd_4378,EDU,audd,4378,Maritime håndværksfag una,Maritime håndværksfag una,Maritime Trades una,CSV:EDU_audd,medium,danish,,
EDU_audd_6602,EDU,audd,6602,"Mellemøstens sprog og samfund-hebraisk, bach.","Mellemøstens sprog og samfund-hebraisk, bach.","Middle Eastern Languages and Society-Hebrew, bach.",CSV:EDU_audd,medium,danish,,
EDU_audd_4520,EDU,audd,4520,Porcelænsmaler una,Porcelænsmaler una,Porcelain Painting una,CSV:EDU_audd,medium,danish,,
EDU_audd_8078,EDU,audd,8078,"Naturvidenskab kombination, kombination (RUC)","Naturvidenskab kombination, kombination (RUC)","Natural Science Combination, combination (RUC)",CSV:EDU_audd,medium,danish,,
EDU_audd_6818,EDU,audd,6818,"Mellemøstens sprog og samfund-persisk, cand.mag.","Mellemøstens sprog og samfund-persisk, cand.mag.","Middle Eastern Languages and Society-Persian, cand.mag.",CSV:EDU_audd,medium,danish,,
EDU_audd_4787,EDU,audd,4787,"Bygge og anlæg, individuel eud","Bygge og anlæg, individuel eud","Construction and Installation, individual eud",CSV:EDU_audd,medium,danish,,
EDU_audd_4692,EDU,audd,4692,Veterinærsygeplejerske una,Veterinærsygeplejerske una,Veterinary Nurse una,CSV:EDU_audd,medium,danish,,
EDU_audd_5554,EDU,audd,5554,"Electronic Systems, cand.polyt.","Electronic Systems, cand.polyt.","Electronic Systems, cand.polyt.",CSV:EDU_audd,medium,danish,,
EDU_audd_1896,EDU,audd,1896,"1. år, anden international studentereksamen","1. år, anden international studentereksamen","First year, second international student examination",CSV:EDU_audd,medium,danish,,
EDU_audd_7926,EDU,audd,7926,"Byggeteknologi, ing.bach.","Byggeteknologi, ing.bach.","Byggeteknologi, ing.bach.",CSV:EDU_audd,medium,danish,,
EDU_audd_4646,EDU,audd,4646,Transportarbejder,Transportarbejder,Transportarbejder,CSV:EDU_audd,medium,danish,,
EDU_audd_4204,EDU,audd,4204,Stenindustriarbejder,Stenindustriarbejder,Stenindustriarbejder,CSV:EDU_audd,medium,danish,,
EDU_audd_3050,EDU,audd,3050,"Biosystemteknologi, cand.scient.tech.","Biosystemteknologi, cand.scient.tech.","Biosystemteknologi, cand.scient.tech.",CSV:EDU_audd,medium,danish,,
EDU_audd_7972,EDU,audd,7972,"Bæredygtigt energidesign, ing.bach.","Bæredygtigt energidesign, ing.bach.","Sustainable energy design, ing.bach.",CSV:EDU_audd,medium,danish,,
EDU_audd_6765,EDU,audd,6765,"Græsk, middelalder, cand.mag.","Græsk, middelalder, cand.mag.","Greek, medieval studies, cand.mag.",CSV:EDU_audd,medium,danish,,
EDU_audd_8246,EDU,audd,8246,"Mekanik, ing.bach.","Mekanik, ing.bach.","Mekanik, ing.bach.",CSV:EDU_audd,medium,danish,,
EDU_audd_6558,EDU,audd,6558,"Rumænsk, bach.","Rumænsk, bach.","Romanian, bach.",CSV:EDU_audd,medium,danish,,
EDU_audd_3275,EDU,audd,3275,"B1-flytekniker, mekanik","B1-flytekniker, mekanik","B1-flight engineer, mechanics",CSV:EDU_audd,medium,danish,,
EDU_audd_8174,EDU,audd,8174,"Engineering (Biomaterial Engineering for Medicine), cand.polyt.","Engineering (Biomaterial Engineering for Medicine), cand.polyt.","Engineering (Biomaterial Engineering for Medicine), cand.polyt.",CSV:EDU_audd,medium,danish,,
EDU_audd_3294,EDU,audd,3294,Kørselsdisponent,Kørselsdisponent,Driver dispatcher,CSV:EDU_audd,medium,danish,,
EDU_audd_4438,EDU,audd,4438,Kogejomfru,Kogejomfru,Kogejomfru,CSV:EDU_audd,medium,danish,,
EDU_audd_8283,EDU,audd,8283,"Soils and Global Change, cand.scient.","Soils and Global Change, cand.scient.","Soils and Global Change, cand.scient.",CSV:EDU_audd,medium,danish,,
EDU_audd_7081,EDU,audd,7081,"Jura, bach.","Jura, bach.","Jura, bach.",CSV:EDU_audd,medium,danish,,
EDU_audd_8714,EDU,audd,8714,"Molecular Health Science, cand.scient.","Molecular Health Science, cand.scient.","Molecular Health Science, cand.scient.",CSV:EDU_audd,medium,danish,,
EDU_audd_4856,EDU,audd,4856,Jernskibstømrer,Jernskibstømrer,Iron ship trimmer,CSV:EDU_audd,medium,danish,,
EDU_audd_7348,EDU,audd,7348,"Eskimologi lingvistisk retning, mag.art.","Eskimologi lingvistisk retning, mag.art.","Eskimology linguistic direction, mag.art.",CSV:EDU_audd,medium,danish,,
EDU_audd_3344,EDU,audd,3344,"Biosystemteknologi, cand.polyt.","Biosystemteknologi, cand.polyt.","Biosystemteknologi, cand.polyt.",CSV:EDU_audd,medium,danish,,
EDU_audd_7442,EDU,audd,7442,"Medicinalkemi, bach.","Medicinalkemi, bach.","Medicinalkemi, bach.",CSV:EDU_audd,medium,danish,,
EDU_audd_6571,EDU,audd,6571,"Latin middelalder, cand.phil.","Latin middelalder, cand.phil.","Latin medieval studies, cand.phil.",CSV:EDU_audd,medium,danish,,
EDU_audd_6185,EDU,audd,6185,"Naturvidenskab, grunduddannelse/bifag (kand.)","Naturvidenskab, grunduddannelse/bifag (kand.)","Natural sciences, primary education/major subject (kand.)",CSV:EDU_audd,medium,danish,,
EDU_audd_8034,EDU,audd,8034,"Kemi, hovedfag","Kemi, hovedfag","Kemi, hovedfag",CSV:EDU_audd,medium,danish,,
EDU_audd_7723,EDU,audd,7723,"Tibetansk, mag.art.","Tibetansk, mag.art.","Tibetansk, mag.art.",CSV:EDU_audd,medium,danish,,
EDU_audd_4573,EDU,audd,4573,A-flymekaniker,A-flymekaniker,A-flymekaniker,CSV:EDU_audd,medium,danish,,
EDU_audd_7964,EDU,audd,7964,"Life Science og Teknologi, ing.bach.","Life Science og Teknologi, ing.bach.","Life Sciences and Technology, ing.bach.",CSV:EDU_audd,medium,danish,,
EDU_audd_3368,EDU,audd,3368,"Teknisk videnskab (ingeniørvidenskab), bach.","Teknisk videnskab (ingeniørvidenskab), bach.","Technical Science (Engineering Science), bach.",CSV:EDU_audd,medium,danish,,
EDU_audd_5588,EDU,audd,5588,"Computer Engineering, cand.polyt.","Computer Engineering, cand.polyt.","Computer Engineering, cand.polyt.",CSV:EDU_audd,medium,danish,,
EDU_audd_6247,EDU,audd,6247,"Structural Design and Analysis, cand.polyt.","Structural Design and Analysis, cand.polyt.","Structural Design and Analysis, cand.polyt.",CSV:EDU_audd,medium,danish,,
EDU_audd_8702,EDU,audd,8702,"Chemical Biology, cand.scient.","Chemical Biology, cand.scient.","Chemical Biology, cand.scient.",CSV:EDU_audd,medium,danish,,
EDU_audd_4994,EDU,audd,4994,Iværksætter,Iværksætter,Entrepreneur,CSV:EDU_audd,medium,danish,,
EDU_audd_8284,EDU,audd,8284,"Advanced Power Electronics, cand.polyt.","Advanced Power Electronics, cand.polyt.","Advanced Power Electronics, cand.polyt.",CSV:EDU_audd,medium,danish,,
EDU_audd_5812,EDU,audd,5812,"Billedkunst, kunstteori og formidling, cand.art.perit.","Billedkunst, kunstteori og formidling, cand.art.perit.","Visual Arts, Art Theory and Communication, cand.art.perit.",CSV:EDU_audd,medium,danish,,
EDU_audd_5569,EDU,audd,5569,"Fiskeriteknologi, ing.prof.bach.","Fiskeriteknologi, ing.prof.bach.","Fisheries Technology, ing.prof.bach.",CSV:EDU_audd,medium,danish,,
EDU_audd_8281,EDU,audd,8281,"Children's Literature, Media and Cultural Entrepreneurship, kand.2år","Children's Literature, Media and Cultural Entrepreneurship, kand.2år","Children's Literature, Media and Cultural Entrepreneurship, kand.2yr",CSV:EDU_audd,medium,danish,,
EDU_audd_8199,EDU,audd,8199,"Datavidenskab og machine learning (AAU), cand.scient.","Datavidenskab og machine learning (AAU), cand.scient.","Computer Science and Machine Learning (AAU), cand.scient.",CSV:EDU_audd,medium,danish,,
EDU_audd_4542,EDU,audd,4542,Hospitalsteknisk assistent una,Hospitalsteknisk assistent una,Hospital Technical Assistant una,CSV:EDU_audd,medium,danish,,
EDU_audd_3091,EDU,audd,3091,"Vestasiens oldtidshistorie, cand.mag.","Vestasiens oldtidshistorie, cand.mag.","History of Ancient East Asia, cand.mag.",CSV:EDU_audd,medium,danish,,
EDU_audd_5537,EDU,audd,5537,"Polsk, cand.negot. (udelt 4år)","Polsk, cand.negot. (udelt 4år)","Polish Studies, cand.negot. (special 4yr)",CSV:EDU_audd,medium,danish,,
EDU_audd_4120,EDU,audd,4120,"Støberitekniker, støbning i permanente forme","Støberitekniker, støbning i permanente forme","Foundry Technician, Permanent Mold Casting",CSV:EDU_audd,medium,danish,,
EDU_audd_3267,EDU,audd,3267,Lastbilchauffør med kran,Lastbilchauffør med kran,Truck Driver with Crane Operation,CSV:EDU_audd,medium,danish,,
EDU_audd_3161,EDU,audd,3161,"Urban Studies, kand.","Urban Studies, kand.","Urban Studies, kand.",CSV:EDU_audd,medium,danish,,
EDU_audd_4948,EDU,audd,4948,Convenience,Convenience,Convenience,CSV:EDU_audd,medium,danish,,
EDU_audd_4192,EDU,audd,4192,"Convenience, Coffee shop","Convenience, Coffee shop","Convenience, Coffee shop",CSV:EDU_audd,medium,danish,,
EDU_audd_7973,EDU,audd,7973,"Engineering (Electronics), ing.bach.","Engineering (Electronics), ing.bach.","Engineering (Electronics), ing.bach.",CSV:EDU_audd,medium,danish,,
EDU_audd_3204,EDU,audd,3204,"Produktion (overbygning), prof.bach.","Produktion (overbygning), prof.bach.","Produktion (overbygning), prof.bach.",CSV:EDU_audd,medium,danish,,
EDU_audd_6851,EDU,audd,6851,"Kinesisk kultur, cand.mag.","Kinesisk kultur, cand.mag.","Chinese Culture, cand.mag.",CSV:EDU_audd,medium,danish,,
EDU_audd_3373,EDU,audd,3373,"Mekanik, ing.bach.","Mekanik, ing.bach.","Mekanik, ing.bach.",CSV:EDU_audd,medium,danish,,
EDU_audd_4528,EDU,audd,4528,Handskemager,Handskemager,Handskemager,CSV:EDU_audd,medium,danish,,
EDU_audd_1881,EDU,audd,1881,"1. år, EB","1. år, EB","1st Year, EB",CSV:EDU_audd,medium,danish,,
EDU_audd_1882,EDU,audd,1882,"2. år, EB","2. år, EB","2nd Year, EB",CSV:EDU_audd,medium,danish,,
EDU_audd_1883,EDU,audd,1883,"3. år, EB","3. år, EB","3rd Year, EB",CSV:EDU_audd,medium,danish,,
EDU_audd_8713,EDU,audd,8713,"Physics and Scientific Modelling, cand.scient.","Physics and Scientific Modelling, cand.scient.","Physics and Scientific Modelling, cand.scient.",CSV:EDU_audd,medium,danish,,
EDU_audd_7666,EDU,audd,7666,"Musik/Musikvidenskab, bach.","Musik/Musikvidenskab, bach.","Music/Music Science, bach.",CSV:EDU_audd,medium,danish,,
EDU_audd_4121,EDU,audd,4121,Industriel reparatør,Industriel reparatør,Industrial Repairer,CSV:EDU_audd,medium,danish,,
EDU_audd_6137,EDU,audd,6137,"EU studier, kombination (RUC)","EU studier, kombination (RUC)","EU Studies, Combination (RUC)",CSV:EDU_audd,medium,danish,,
EDU_audd_8323,EDU,audd,8323,"Industrial Design, cand.scient.tech.","Industrial Design, cand.scient.tech.","Industrial Design, cand.scient.tech.",CSV:EDU_audd,medium,danish,,
EDU_audd_8303,EDU,audd,8303,"Sustainable animal nutrition-feeding, cand.scient.","Sustainable animal nutrition-feeding, cand.scient.","Sustainable animal nutrition-feeding, cand.scient.",CSV:EDU_audd,medium,danish,,
EDU_audd_5422,EDU,audd,5422,"Sustainable development in agriculture, kand.","Sustainable development in agriculture, kand.","Sustainable development in agriculture, kand.",CSV:EDU_audd,medium,danish,,
EDU_audd_5219,EDU,audd,5219,"Embedded Software Design, cand.polyt.","Embedded Software Design, cand.polyt.","Embedded Software Design, cand.polyt.",CSV:EDU_audd,medium,danish,,
EDU_audd_5739,EDU,audd,5739,"Data science, cand.scient.","Data science, cand.scient.","Data science, cand.scient.",CSV:EDU_audd,medium,danish,,
EDU_audd_3317,EDU,audd,3317,Master of Arts (MA) in Media Arts Cultures,Master of Arts (MA) in Media Arts Cultures,Master of Arts (MA) in Media Arts Cultures,CSV:EDU_audd,medium,danish,,
EDU_audd_7146,EDU,audd,7146,"Advanced Development in Social Work, cand.soc.","Advanced Development in Social Work, cand.soc.","Advanced Development in Social Work, cand.soc.",CSV:EDU_audd,medium,danish,,
EDU_audd_3061,EDU,audd,3061,"Digital Communication Leadership, cand.it.","Digital Communication Leadership, cand.it.","Digital Communication Leadership, cand.it.",CSV:EDU_audd,medium,danish,,
EDU_audd_3371,EDU,audd,3371,"Mechanical Engineering, bach.","Mechanical Engineering, bach.","Mechanical Engineering, bach.",CSV:EDU_audd,medium,danish,,
EDU_audd_5466,EDU,audd,5466,"Ocean Engineering, cand.polyt.","Ocean Engineering, cand.polyt.","Ocean Engineering, cand.polyt.",CSV:EDU_audd,medium,danish,,
EDU_audd_6036,EDU,audd,6036,"Mathematics, cand.scient.","Mathematics, cand.scient.","Mathematics, cand.scient.",CSV:EDU_audd,medium,danish,,
EDU_audd_8115,EDU,audd,8115,"Quantum Technologies and Engineering, cand.scient.","Quantum Technologies and Engineering, cand.scient.","Quantum Technologies and Engineering, cand.scient.",CSV:EDU_audd,medium,danish,,
EDU_audd_3397,EDU,audd,3397,"Economics and Business Administration in Management of Innovation and Business Develop, cand.merc.","Economics and Business Administration in Management of Innovation and Business Develop, cand.merc.","Economics and Business Administration in Management of Innovation and Business Development, cand.merc.",CSV:EDU_audd,medium,danish,,
EDU_audd_5457,EDU,audd,5457,"Fødevareteknologi og -applikation, prof.bach.","Fødevareteknologi og -applikation, prof.bach.","Food Technology and Application, prof.bach.",CSV:EDU_audd,medium,danish,,
EDU_audd_4800,EDU,audd,4800,"Global Innovation Management, cand.merc.","Global Innovation Management, cand.merc.","Global Innovation Management, cand.merc.",CSV:EDU_audd,medium,danish,,
EDU_audd_4145,EDU,audd,4145,Tandtekniker i aftagelig protetik,Tandtekniker i aftagelig protetik,Dental Technician in Removable Prosthetics,CSV:EDU_audd,medium,danish,,
EDU_audd_1539,EDU,audd,1539,Hf,Hf,Hf,CSV:EDU_audd,medium,danish,,
EDU_audd_5090,EDU,audd,5090,"Hhx, 3-årig","Hhx, 3-årig","HHX, 3-year",CSV:EDU_audd,medium,danish,,
EDU_audd_1199,EDU,audd,1199,Stx,Stx,Stx,CSV:EDU_audd,medium,danish,,
EDU_audd_3325,EDU,audd,3325,Erhvervsuddannelse uden nærmere angivelse (EUX),Erhvervsuddannelse uden nærmere angivelse (EUX),Vocational education unspecified (EUX),CSV:EDU_audd,medium,danish,,
EDU_audd_5080,EDU,audd,5080,"Htx, 3-årig","Htx, 3-årig","HTX, 3-year",CSV:EDU_audd,medium,danish,,
EDU_audd_1549,EDU,audd,1549,HF-enkeltfag,HF-enkeltfag,HF-enkeltfag,CSV:EDU_audd,medium,danish,,
EDU_audd_1652,EDU,audd,1652,Studenterkursus,Studenterkursus,Studenterkursus,CSV:EDU_audd,medium,danish,,
EDU_audd_8623,EDU,audd,8623,"Management and manufacturing, ing.prof.bach.","Management and manufacturing, ing.prof.bach.","Management and manufacturing, ing.prof.bach.",CSV:EDU_audd,medium,danish,,
EDU_audd_6586,EDU,audd,6586,"Musik/Musikvidenskab, bach.","Musik/Musikvidenskab, bach.","Music/Music Science, bach.",CSV:EDU_audd,medium,danish,,
EDU_audd_6506,EDU,audd,6506,"Medievidenskab, bach.","Medievidenskab, bach.","Medievidenskab, bach.",CSV:EDU_audd,medium,danish,,
EDU_audd_8137,EDU,audd,8137,"Fysik, bach.","Fysik, bach.","Fysik, bach.",CSV:EDU_audd,medium,danish,,
EDU_audd_8138,EDU,audd,8138,"Matematik, bach.","Matematik, bach.","Matematik, bach.",CSV:EDU_audd,medium,danish,,
EDU_audd_7172,EDU,audd,7172,"Medicin, bach.","Medicin, bach.","Medicin, bach.",CSV:EDU_audd,medium,danish,,
EDU_audd_6455,EDU,audd,6455,"Turisme, cand.mag.","Turisme, cand.mag.","Turisme, cand.mag.",CSV:EDU_audd,medium,danish,,
EDU_audd_8139,EDU,audd,8139,"Biologi, bach.","Biologi, bach.","Biologi, bach.",CSV:EDU_audd,medium,danish,,
EDU_audd_6890,EDU,audd,6890,"Arkitekt, cand.arch.","Arkitekt, cand.arch.","Arkitekt, cand.arch.",CSV:EDU_audd,medium,danish,,
EDU_audd_7153,EDU,audd,7153,"Psykologi, bach.","Psykologi, bach.","Psykologi, bach.",CSV:EDU_audd,medium,danish,,
EDU_audd_7749,EDU,audd,7749,"Pædagogisk psykologi, cand.pæd.","Pædagogisk psykologi, cand.pæd.","Educational Psychology, cand.pæd.",CSV:EDU_audd,medium,danish,,
EDU_audd_3080,EDU,audd,3080,"Statskundskab, bach.","Statskundskab, bach.","Statskundskab, bach.",CSV:EDU_audd,medium,danish,,
EDU_audd_6556,EDU,audd,6556,"Arkæologi klassisk, bach.","Arkæologi klassisk, bach.","Classical Archaeology, bach.",CSV:EDU_audd,medium,danish,,
EDU_audd_6046,EDU,audd,6046,"Internat. virksomhedskommunikation, engelsk, bach.","Internat. virksomhedskommunikation, engelsk, bach.","International business communication, English, bach.",CSV:EDU_audd,medium,danish,,
EDU_audd_7131,EDU,audd,7131,"Sociologi, bach.","Sociologi, bach.","Sociologi, bach.",CSV:EDU_audd,medium,danish,,
EDU_audd_7145,EDU,audd,7145,"Socialt arbejde, cand.soc.","Socialt arbejde, cand.soc.","Socialt arbejde, cand.soc.",CSV:EDU_audd,medium,danish,,
EDU_audd_3216,EDU,audd,3216,"Int.forhold. udviklingsstudier, cand.soc","Int.forhold. udviklingsstudier, cand.soc","Intercultural developmental studies, cand.soc",CSV:EDU_audd,medium,danish,,
EDU_audd_3342,EDU,audd,3342,"Datalogi, bach.","Datalogi, bach.","Datalogi, bach.",CSV:EDU_audd,medium,danish,,
EDU_audd_7108,EDU,audd,7108,"Samfundsfag, bach.","Samfundsfag, bach.","Samfundsfag, bach.",CSV:EDU_audd,medium,danish,,
EDU_audd_8133,EDU,audd,8133,"Matematik og økonomi, bach.","Matematik og økonomi, bach.","Mathematics and economics, bach.",CSV:EDU_audd,medium,danish,,
EDU_audd_3116,EDU,audd,3116,"Elektroteknologi, ing.bach.","Elektroteknologi, ing.bach.","Electrical engineering, ing.bach.",CSV:EDU_audd,medium,danish,,
EDU_audd_8233,EDU,audd,8233,"Bioinformatics, cand.scient.","Bioinformatics, cand.scient.","Bioinformatics, cand.scient.",CSV:EDU_audd,medium,danish,,
EDU_audd_7748,EDU,audd,7748,"Pædagogisk antropologi, c.pæd.","Pædagogisk antropologi, c.pæd.","Pedagogical anthropology, c.ped.",CSV:EDU_audd,medium,danish,,
EDU_audd_3021,EDU,audd,3021,"International Relations, cand.soc","International Relations, cand.soc","International Relations, cand.soc",CSV:EDU_audd,medium,danish,,
EDU_audd_7220,EDU,audd,7220,"Odontologi, cand.odont.","Odontologi, cand.odont.","Odontologi, cand.odont.",CSV:EDU_audd,medium,danish,,
EDU_audd_3143,EDU,audd,3143,"Didaktik, dansk, cand.pæd.","Didaktik, dansk, cand.pæd.","Didactics, Danish, cand.ped.",CSV:EDU_audd,medium,danish,,
EDU_audd_5063,EDU,audd,5063,"Designer, cand.design","Designer, cand.design","Designer, cand.design",CSV:EDU_audd,medium,danish,,
EDU_audd_7187,EDU,audd,7187,"Sundhedsfaglige kandidatudd., cand.scient.san.","Sundhedsfaglige kandidatudd., cand.scient.san.","Health sciences candidate degree, cand.scient.san.",CSV:EDU_audd,medium,danish,,
EDU_audd_7750,EDU,audd,7750,"Pædagogisk sociologi, c.pæd.","Pædagogisk sociologi, c.pæd.","Sociological pedagogy, c.ped.",CSV:EDU_audd,medium,danish,,
EDU_audd_6559,EDU,audd,6559,"Asienstudier, Japanstudier, bach.","Asienstudier, Japanstudier, bach.","Asienstudier, Japanstudier, bach.",CSV:EDU_audd,medium,danish,,
EDU_audd_8295,EDU,audd,8295,"Nanoscience, cand.scient.","Nanoscience, cand.scient.","Nanoscience, cand.scient.",CSV:EDU_audd,medium,danish,,
EDU_audd_6608,EDU,audd,6608,"Uddannelsesvidenskab, bach.","Uddannelsesvidenskab, bach.","Uddannelsesvidenskab, bach.",CSV:EDU_audd,medium,danish,,
EDU_audd_7927,EDU,audd,7927,"Energi, ing.bach.","Energi, ing.bach.","Energi, ing.bach.",CSV:EDU_audd,medium,danish,,
EDU_audd_6880,EDU,audd,6880,"Læring og forandringsprocesser, cand.mag.","Læring og forandringsprocesser, cand.mag.","Learning and change processes, cand.mag.",CSV:EDU_audd,medium,danish,,
EDU_audd_5346,EDU,audd,5346,"Bygningsdesign, ing.prof.bach.","Bygningsdesign, ing.prof.bach.","Building design, ing.prof.bach.",CSV:EDU_audd,medium,danish,,
EDU_audd_5275,EDU,audd,5275,"Kemi- og bioteknologi, ing.prof.bach.","Kemi- og bioteknologi, ing.prof.bach.","Chemistry and biotechnology, ing.prof.bach.",CSV:EDU_audd,medium,danish,,
EDU_audd_5276,EDU,audd,5276,"Maskinteknik, ing.prof.bach.","Maskinteknik, ing.prof.bach.","Mechanical Engineering, ing.prof.bach.",CSV:EDU_audd,medium,danish,,
EDU_audd_5280,EDU,audd,5280,"Produktion (Produktionsteknik), ing.prof.bach.","Produktion (Produktionsteknik), ing.prof.bach.","Produktion (Produktionsteknik), ing.prof.bach.",CSV:EDU_audd,medium,danish,,
EDU_audd_8148,EDU,audd,8148,"Geologi-geoscience, bach.","Geologi-geoscience, bach.","Geologi-geoscience, bach.",CSV:EDU_audd,medium,danish,,
EDU_audd_3098,EDU,audd,3098,"It og læring, organisatorisk omstilling, cand.it.","It og læring, organisatorisk omstilling, cand.it.","IT and learning, organizational change, cand.it.",CSV:EDU_audd,medium,danish,,
EDU_audd_5250,EDU,audd,5250,"Elektrisk energiteknologi, ing.prof.bach.","Elektrisk energiteknologi, ing.prof.bach.","Electrical Energy Technology, ing.prof.bach.",CSV:EDU_audd,medium,danish,,
EDU_audd_6572,EDU,audd,6572,"Uddannelsesvidenskab, c.soc.","Uddannelsesvidenskab, c.soc.","Education Science, etc. social sciences.",CSV:EDU_audd,medium,danish,,
EDU_audd_8205,EDU,audd,8205,"Molekylær biomedicin /Molekylær medicin, cand.scient.","Molekylær biomedicin /Molekylær medicin, cand.scient.","Molecular Biomedicine / Molecular Medicine, cand.scient.",CSV:EDU_audd,medium,danish,,
EDU_audd_7215,EDU,audd,7215,"Odontologi, bach.","Odontologi, bach.","Odontologi, bach.",CSV:EDU_audd,medium,danish,,
EDU_audd_7745,EDU,audd,7745,"Generel pædagogik, cand.pæd.","Generel pædagogik, cand.pæd.","General pedagogy, cand.ped.",CSV:EDU_audd,medium,danish,,
EDU_audd_3336,EDU,audd,3336,"Audiologopædi, cand.mag.","Audiologopædi, cand.mag.","Audiology, cand.mag.",CSV:EDU_audd,medium,danish,,
EDU_audd_6690,EDU,audd,6690,"Arkitekt, bach.","Arkitekt, bach.","Arkitekt, bach.",CSV:EDU_audd,medium,danish,,
EDU_audd_8136,EDU,audd,8136,"Kemi, bach.","Kemi, bach.","Kemi, bach.",CSV:EDU_audd,medium,danish,,
EDU_audd_3339,EDU,audd,3339,"Kunsthistorie, bach.","Kunsthistorie, bach.","Kunsthistorie, bach.",CSV:EDU_audd,medium,danish,,
EDU_audd_7232,EDU,audd,7232,"Teologi, cand.theol.","Teologi, cand.theol.","Teologi, cand.theol.",CSV:EDU_audd,medium,danish,,
EDU_audd_8150,EDU,audd,8150,"Molekylær biomedicin /Molekylær medicin, bach.","Molekylær biomedicin /Molekylær medicin, bach.","Molecular Biomedicine / Molecular Medicine, bach.",CSV:EDU_audd,medium,danish,,
EDU_audd_8052,EDU,audd,8052,"Teknoantropologi, bach.","Teknoantropologi, bach.","Teknoantropologi, bach.",CSV:EDU_audd,medium,danish,,
EDU_audd_6650,EDU,audd,6650,"Moderne Indien og Sydasienstudier, bach.","Moderne Indien og Sydasienstudier, bach.","Modern India and South Asian Studies, bach.",CSV:EDU_audd,medium,danish,,
EDU_audd_7231,EDU,audd,7231,"Teologi, bach.","Teologi, bach.","Teologi, bach.",CSV:EDU_audd,medium,danish,,
EDU_audd_3033,EDU,audd,3033,"Sprogvidenskab-lingvistik, cand.mag.","Sprogvidenskab-lingvistik, cand.mag.","Sprogvidenskab-lingvistik, cand.mag.",CSV:EDU_audd,medium,danish,,
EDU_audd_3335,EDU,audd,3335,"Kommunikation og digitale medier, bach.","Kommunikation og digitale medier, bach.","Communication and digital media, bach.",CSV:EDU_audd,medium,danish,,
EDU_audd_3000,EDU,audd,3000,"Bioteknologi, cand.polyt.","Bioteknologi, cand.polyt.","Biotechnology, cand.polyt.",CSV:EDU_audd,medium,danish,,
EDU_audd_6269,EDU,audd,6269,"Electrical Engineering, cand.polyt.","Electrical Engineering, cand.polyt.","Electrical Engineering, cand.polyt.",CSV:EDU_audd,medium,danish,,
EDU_audd_7747,EDU,audd,7747,"Pædagogisk filosofi, c.pæd.","Pædagogisk filosofi, c.pæd.","Pedagogical Philosophy, c.ped.",CSV:EDU_audd,medium,danish,,
EDU_audd_6814,EDU,audd,6814,"Religion studier/religionsvidenskab, kand.","Religion studier/religionsvidenskab, kand.","Religious Studies / Science of Religion, kand.",CSV:EDU_audd,medium,danish,,
EDU_audd_6561,EDU,audd,6561,"Asienstudier, Kinastudier, bach.","Asienstudier, Kinastudier, bach.","Asienstudier, Kinastudier, bach.",CSV:EDU_audd,medium,danish,,
EDU_audd_8040,EDU,audd,8040,"Medicinalkemi, bach.","Medicinalkemi, bach.","Medicinalkemi, bach.",CSV:EDU_audd,medium,danish,,
EDU_audd_3124,EDU,audd,3124,"By-, energi- og miljøplanlægning, ing.bach.","By-, energi- og miljøplanlægning, ing.bach.","Urban, Energy, and Environmental Planning, ing.bach.",CSV:EDU_audd,medium,danish,,
EDU_audd_8352,EDU,audd,8352,"Techno-Anthropology, cand.scient.","Techno-Anthropology, cand.scient.","Techno-Anthropology, cand.scient.",CSV:EDU_audd,medium,danish,,
EDU_audd_5281,EDU,audd,5281,"Softwareteknologi, ing.prof.bach.","Softwareteknologi, ing.prof.bach.","Software technology, ing.prof.bach.",CSV:EDU_audd,medium,danish,,
EDU_audd_5213,EDU,audd,5213,"Robotics, civilingeniør cand.polyt.","Robotics, civilingeniør cand.polyt.","Robotics, Civil Engineer cand.polyt.",CSV:EDU_audd,medium,danish,,
EDU_audd_3343,EDU,audd,3343,"Audiologopædi, bach.","Audiologopædi, bach.","Audiology, bach.",CSV:EDU_audd,medium,danish,,
EDU_audd_8271,EDU,audd,8271,"Landinspektørvidenskab, bach.","Landinspektørvidenskab, bach.","Land inspection science, bach.",CSV:EDU_audd,medium,danish,,
EDU_audd_8151,EDU,audd,8151,"Medicinal Chemistry, cand.scient.","Medicinal Chemistry, cand.scient.","Medicinal Chemistry, cand.scient.",CSV:EDU_audd,medium,danish,,
EDU_audd_3126,EDU,audd,3126,"Surveying Planning and Land Management,cand.scient.tech.","Surveying Planning and Land Management,cand.scient.tech.","Surveying Planning and Land Management, cand.scient.tech.",CSV:EDU_audd,medium,danish,,
EDU_audd_8140,EDU,audd,8140,"Kemi og teknologi, ing.bach.","Kemi og teknologi, ing.bach.","Chemistry and Technology, ing.bach.",CSV:EDU_audd,medium,danish,,
EDU_audd_8186,EDU,audd,8186,"Geografi/Geografi og geoinformatik, bach.","Geografi/Geografi og geoinformatik, bach.","Geography/Geography and Geoinformatics, bach.",CSV:EDU_audd,medium,danish,,
EDU_audd_3105,EDU,audd,3105,"Software, ing.bach.","Software, ing.bach.","Software, ing.bach.",CSV:EDU_audd,medium,danish,,
EDU_audd_3032,EDU,audd,3032,"Lingvistik, bach.","Lingvistik, bach.","Lingvistik, bach.",CSV:EDU_audd,medium,danish,,
EDU_audd_5249,EDU,audd,5249,"Electronics, civilingeniør cand.polyt.","Electronics, civilingeniør cand.polyt.","Electronics, Civil Engineer cand.polyt.",CSV:EDU_audd,medium,danish,,
EDU_audd_8292,EDU,audd,8292,"Nanoscience, bach.","Nanoscience, bach.","Nanoscience, bach.",CSV:EDU_audd,medium,danish,,
EDU_audd_7116,EDU,audd,7116,"Samfundsfag, cand.soc.","Samfundsfag, cand.soc.","Social Sciences, cand.soc.",CSV:EDU_audd,medium,danish,,
EDU_audd_8272,EDU,audd,8272,"Surveying, Planning and Land Management, cand.geom.","Surveying, Planning and Land Management, cand.geom.","Surveying, Planning and Land Management, cand.geom.",CSV:EDU_audd,medium,danish,,
EDU_audd_5022,EDU,audd,5022,"Designer Design for People, cand.design","Designer Design for People, cand.design","Designer Design for People, cand.design",CSV:EDU_audd,medium,danish,,
EDU_audd_5514,EDU,audd,5514,"Erhvervssprogligt grundstudium, engelsk-russisk","Erhvervssprogligt grundstudium, engelsk-russisk","Business Language Basic Study, English-Russian.",CSV:EDU_audd,medium,danish,,
EDU_audd_9041,EDU,audd,9041,Pædagogikum i fransk,Pædagogikum i fransk,French Early Childhood Education,CSV:EDU_audd,medium,danish,,
EDU_audd_5023,EDU,audd,5023,"Designer Design for Planet, cand.design","Designer Design for Planet, cand.design","Designer Design for Planet, cand.design",CSV:EDU_audd,medium,danish,,
EDU_audd_5024,EDU,audd,5024,"Designer Design for Play, cand.design","Designer Design for Play, cand.design","Designer Design for Play, cand.design",CSV:EDU_audd,medium,danish,,
EDU_audd_3146,EDU,audd,3146,"Didaktik, musikpædagogik, cand.pæd.","Didaktik, musikpædagogik, cand.pæd.","Pedagogy, music education, cand.ped.",CSV:EDU_audd,medium,danish,,
EDU_audd_5513,EDU,audd,5513,"Erhvervssprogligt grundstudium, engelsk-portugisisk","Erhvervssprogligt grundstudium, engelsk-portugisisk","Business Language Studies Foundation Program, English-Portuguese",CSV:EDU_audd,medium,danish,,
EDU_audd_9040,EDU,audd,9040,Pædagogikum i tysk,Pædagogikum i tysk,Early Childhood Education in German,CSV:EDU_audd,medium,danish,,
EDU_audd_7004,EDU,audd,7004,"STEM-undervisning, cand.scient.","STEM-undervisning, cand.scient.","STEM Education, cand.scient.",CSV:EDU_audd,medium,danish,,
EDU_audd_3043,EDU,audd,3043,"Designer - Industrielt design og Accessory, bach.","Designer - Industrielt design og Accessory, bach.","Designer - Industrial Design and Accessories, bach.",CSV:EDU_audd,medium,danish,,
EDU_audd_5512,EDU,audd,5512,"Erhvervssprogligt grundstudium, engelsk-italiensk","Erhvervssprogligt grundstudium, engelsk-italiensk","Business Language Studies Foundation Program, English-Italian",CSV:EDU_audd,medium,danish,,
EDU_audd_5089,EDU,audd,5089,"Global ledelse og design af produktionsnetværk (GMM), ing.prof.bach.","Global ledelse og design af produktionsnetværk (GMM), ing.prof.bach.","Global Management and Design of Production Networks (GMM), ing.prof.bach.",CSV:EDU_audd,medium,danish,,
EDU_audd_1008,EDU,audd,1008,8. klasse,8. klasse,8th grade,CSV:EDU_audd,medium,danish,,
EDU_audd_1023,EDU,audd,1023,3. real,3. real,3. real,CSV:EDU_audd,medium,danish,,
EDU_audd_1007,EDU,audd,1007,7. klasse,7. klasse,7th grade,CSV:EDU_audd,medium,danish,,
EDU_audd_1097,EDU,audd,1097,Anden dansk studentereksamen,Anden dansk studentereksamen,Other Danish High School Exam,CSV:EDU_audd,medium,danish,,
EDU_audd_5724,EDU,audd,5724,"Organisation, HD-2.del","Organisation, HD-2.del","Organization, HD-Part 2",CSV:EDU_audd,medium,danish,,
EDU_audd_1009,EDU,audd,1009,9. klasse,9. klasse,9th grade,CSV:EDU_audd,medium,danish,,
EDU_audd_1010,EDU,audd,1010,10. klasse,10. klasse,10th grade,CSV:EDU_audd,medium,danish,,
EDU_audd_1081,EDU,audd,1081,"3.g, nysproglig linie","3.g, nysproglig linie","3rd grade, foreign language line",CSV:EDU_audd,medium,danish,,
EDU_audd_260,EDU,audd,260,"Service, ivu (amu)","Service, ivu (amu)","Service, ivu (amu)",CSV:EDU_audd,medium,danish,,
EDU_audd_200,EDU,audd,200,1-6 år ivu,1-6 år ivu,1-6 years old integrated early childhood education,CSV:EDU_audd,medium,danish,,
EDU_audd_210,EDU,audd,210,9-10 år ivu,9-10 år ivu,9-10 years old integrated early childhood education,CSV:EDU_audd,medium,danish,,
EDU_audd_215,EDU,audd,215,"Studentereksamen mv., ivu","Studentereksamen mv., ivu","High School Exam etc., integrated upper secondary education",CSV:EDU_audd,medium,danish,,
EDU_audd_539,EDU,audd,539,Samfundsvidenskab ivu (mvu),Samfundsvidenskab ivu (mvu),Social Science ivu (mvu),CSV:EDU_audd,medium,danish,,
EDU_audd_490,EDU,audd,490,"Social/sundhed, ivu (kvu)","Social/sundhed, ivu (kvu)","Social/Health, ivu (kvu)",CSV:EDU_audd,medium,danish,,
EDU_audd_360,EDU,audd,360,"Service, ivu (eud)","Service, ivu (eud)","Service, ivu (eud)",CSV:EDU_audd,medium,danish,,
EDU_audd_1095,EDU,audd,1095,Uoplyst (indvandrernes uddannelse),Uoplyst (indvandrernes uddannelse),Unspecified (immigrants' education),CSV:EDU_audd,medium,danish,,
EDU_audd_339,EDU,audd,339,"Handel/kontor, ivu (eud)","Handel/kontor, ivu (eud)","Commerce/Office, ivu (eud)",CSV:EDU_audd,medium,danish,,
EDU_audd_1,EDU,audd,1,Ingen uddannelse ivu,Ingen uddannelse ivu,No education ivu,CSV:EDU_audd,medium,danish,,
EDU_audd_425,EDU,audd,425,"Formidling/erhvervssprog, ivu (kvu)","Formidling/erhvervssprog, ivu (kvu)","Communication/Business Language, ivu (kvu)",CSV:EDU_audd,medium,danish,,
EDU_audd_1071,EDU,audd,1071,"3.g, matematisk-fysisk linie","3.g, matematisk-fysisk linie","3rd year, Mathematical-Physical Line",CSV:EDU_audd,medium,danish,,
EDU_audd_9661,EDU,audd,9661,Værkstedsskoleforløb una,Værkstedsskoleforløb una,Workshop Program una,CSV:EDU_audd,medium,danish,,
EDU_audd_9144,EDU,audd,9144,Korrespondent,Korrespondent,Korrespondent,CSV:EDU_audd,medium,danish,,
EDU_audd_1049,EDU,audd,1049,"2.g, matematisk-sproglig fælleslinie","2.g, matematisk-sproglig fælleslinie","2nd year, mathematical-linguistic common line",CSV:EDU_audd,medium,danish,,
EDU_audd_1022,EDU,audd,1022,2. real,2. real,2. real,CSV:EDU_audd,medium,danish,,
EDU_audd_1080,EDU,audd,1080,"3.g, sproglig linie una","3.g, sproglig linie una","3rd grade, linguistic track una",CSV:EDU_audd,medium,danish,,
EDU_audd_1072,EDU,audd,1072,"3.g, matematisk-naturfaglig linie","3.g, matematisk-naturfaglig linie","3rd grade, mathematical-scientific line",CSV:EDU_audd,medium,danish,,
EDU_audd_8805,EDU,audd,8805,"Gymnasiepædagogik ledelse, master","Gymnasiepædagogik ledelse, master","Secondary School Teacher Leadership, master",CSV:EDU_audd,medium,danish,,
EDU_audd_9224,EDU,audd,9224,HD una,HD una,HD una,CSV:EDU_audd,medium,danish,,
EDU_audd_1032,EDU,audd,1032,2. hf,2. hf,2. hf,CSV:EDU_audd,medium,danish,,
EDU_audd_5725,EDU,audd,5725,"Regnskabsvæsen, HD-2.del","Regnskabsvæsen, HD-2.del","Accounting, HD-2.part",CSV:EDU_audd,medium,danish,,
EDU_audd_520,EDU,audd,520,"Pædagogik, ivu (mvu)","Pædagogik, ivu (mvu)","Pedagogy, ivu (mvu)",CSV:EDU_audd,medium,danish,,
EDU_audd_439,EDU,audd,439,"Samfundsfaglig, ivu (kvu)","Samfundsfaglig, ivu (kvu)","Social Science, ivu (kvu)",CSV:EDU_audd,medium,danish,,
EDU_audd_380,EDU,audd,380,"Jordbrug/fiskeri, ivu (eud)","Jordbrug/fiskeri, ivu (eud)","Jordbrug/fiskeri, ivu (eud)",CSV:EDU_audd,medium,danish,,
EDU_audd_220,EDU,audd,220,"Pædagogik, ivu (amu)","Pædagogik, ivu (amu)","Pedagogy, ivu (amu)",CSV:EDU_audd,medium,danish,,
EDU_audd_595,EDU,audd,595,"Forsvar, ivu (mvu)","Forsvar, ivu (mvu)","Forsvar, ivu (mvu)",CSV:EDU_audd,medium,danish,,
EDU_audd_9468,EDU,audd,9468,Barneplejerske,Barneplejerske,Barneplejerske,CSV:EDU_audd,medium,danish,,
EDU_audd_1082,EDU,audd,1082,"3.g, klassisksproglig linie","3.g, klassisksproglig linie","3rd Year, Classical Languages Track",CSV:EDU_audd,medium,danish,,
EDU_audd_1006,EDU,audd,1006,6. klasse,6. klasse,6th grade,CSV:EDU_audd,medium,danish,,
EDU_audd_525,EDU,audd,525,"Formidling/erhvervssprog, ivu (mvu)","Formidling/erhvervssprog, ivu (mvu)","Communication/Business Language, ivu (mvu)",CSV:EDU_audd,medium,danish,,
EDU_audd_358,EDU,audd,358,"Teknik/industri i øvrigt, ivu (eud)","Teknik/industri i øvrigt, ivu (eud)","Technology/Industry Miscellaneous, ivu (eud)",CSV:EDU_audd,medium,danish,,
EDU_audd_659,EDU,audd,659,"Teknisk, ivu (lvu)","Teknisk, ivu (lvu)","Teknisk, ivu (lvu)",CSV:EDU_audd,medium,danish,,
EDU_audd_580,EDU,audd,580,"Jordbrug/fiskeri, ivu (mvu)","Jordbrug/fiskeri, ivu (mvu)","Agriculture/Fishing, ivu (mvu)",CSV:EDU_audd,medium,danish,,
EDU_audd_639,EDU,audd,639,"Samfundsvidenskab, ivu (lvu)","Samfundsvidenskab, ivu (lvu)","Social Sciences, ivu (lvu)",CSV:EDU_audd,medium,danish,,
EDU_audd_459,EDU,audd,459,"Teknisk, ivu (kvu)","Teknisk, ivu (kvu)","Teknisk, ivu (kvu)",CSV:EDU_audd,medium,danish,,
EDU_audd_559,EDU,audd,559,"Teknisk, ivu (mvu)","Teknisk, ivu (mvu)","Teknisk, ivu (mvu)",CSV:EDU_audd,medium,danish,,
EDU_audd_385,EDU,audd,385,"Transport mv., ivu (eud)","Transport mv., ivu (eud)","Transportation etc., ivu (eud)",CSV:EDU_audd,medium,danish,,
EDU_audd_9636,EDU,audd,9636,Gulvbelægningsarbejder,Gulvbelægningsarbejder,Floor Covering Workers,CSV:EDU_audd,medium,danish,,
EDU_audd_3965,EDU,audd,3965,Blomsterbinder,Blomsterbinder,Blomsterbinder,CSV:EDU_audd,medium,danish,,
EDU_audd_1084,EDU,audd,1084,"3.g, musiksproglig linie","3.g, musiksproglig linie","3rd year, musical speech line",CSV:EDU_audd,medium,danish,,
EDU_audd_5117,EDU,audd,5117,"Pædagogisk arbejde, diplomuddannelse","Pædagogisk arbejde, diplomuddannelse","Pedagogical Work, Diploma Program",CSV:EDU_audd,medium,danish,,
EDU_audd_8850,EDU,audd,8850,"Offentlig administration (MPA), master","Offentlig administration (MPA), master","Offentlig administration (MPA), master",CSV:EDU_audd,medium,danish,,
EDU_audd_8601,EDU,audd,8601,"Skat, diplomuddannelse","Skat, diplomuddannelse","Tax, diploma education",CSV:EDU_audd,medium,danish,,
EDU_audd_8857,EDU,audd,8857,"Humanistisk organisationsudvikling, master","Humanistisk organisationsudvikling, master","Humanities organizational development, master",CSV:EDU_audd,medium,danish,,
EDU_audd_205,EDU,audd,205,7-8 år ivu,7-8 år ivu,7-8 years ivu,CSV:EDU_audd,medium,danish,,
EDU_audd_1098,EDU,audd,1098,Udenlandsk studentereksamen,Udenlandsk studentereksamen,Foreign student examination,CSV:EDU_audd,medium,danish,,
EDU_audd_375,EDU,audd,375,"Levnedsmiddel/husholdning, ivu (eud)","Levnedsmiddel/husholdning, ivu (eud)","Food/household, ivu (eud)",CSV:EDU_audd,medium,danish,,
EDU_audd_620,EDU,audd,620,"Pædagogik, ivu (lvu)","Pædagogik, ivu (lvu)","Pedagogy, ivu (lvu)",CSV:EDU_audd,medium,danish,,
EDU_audd_353,EDU,audd,353,"Bygge/anlæg, ivu (eud)","Bygge/anlæg, ivu (eud)","Construction/facilities, ivu (eud)",CSV:EDU_audd,medium,danish,,
EDU_audd_9197,EDU,audd,9197,Kunsthåndværker una,Kunsthåndværker una,Artisan una,CSV:EDU_audd,medium,danish,,
EDU_audd_8816,EDU,audd,8816,"Retorik, master","Retorik, master","Retorik, master",CSV:EDU_audd,medium,danish,,
EDU_audd_8632,EDU,audd,8632,Sundhedsfaglig diplomuddannelse,Sundhedsfaglig diplomuddannelse,Sundhedsfaglig diplomuddannelse,CSV:EDU_audd,medium,danish,,
EDU_audd_5557,EDU,audd,5557,"Tysk, erhvervssproglig diplomprøve ED","Tysk, erhvervssproglig diplomprøve ED","German, vocational language diploma examination ED",CSV:EDU_audd,medium,danish,,
EDU_audd_5552,EDU,audd,5552,"Fransk, erhvervssproglig diplomprøve ED","Fransk, erhvervssproglig diplomprøve ED","French, vocational language diploma examination ED",CSV:EDU_audd,medium,danish,,
EDU_audd_285,EDU,audd,285,"Transport mv., ivu (amu)","Transport mv., ivu (amu)","Transport logistics, ivu (amu)",CSV:EDU_audd,medium,danish,,
EDU_audd_600,EDU,audd,600,"Kandidat una, ivu (lvu)","Kandidat una, ivu (lvu)","Candidate una, ivu (lvu)",CSV:EDU_audd,medium,danish,,
EDU_audd_3851,EDU,audd,3851,Akademiuddannelse i Ungdomspædagogik,Akademiuddannelse i Ungdomspædagogik,Academy education in Youth Pedagogy,CSV:EDU_audd,medium,danish,,
EDU_audd_354,EDU,audd,354,"Jern/metal, ivu (eud)","Jern/metal, ivu (eud)","Jern/metal, ivu (eud)",CSV:EDU_audd,medium,danish,,
EDU_audd_720,EDU,audd,720,"Ph.d. una, ivu (ph.d.)","Ph.d. una, ivu (ph.d.)","Ph.d. una, ivu (ph.d.)",CSV:EDU_audd,medium,danish,,
EDU_audd_690,EDU,audd,690,"Social/sundhed, ivu (lvu)","Social/sundhed, ivu (lvu)","Social/health, ivu (lvu)",CSV:EDU_audd,medium,danish,,
EDU_audd_1069,EDU,audd,1069,"3.g, matematisk-sproglig fælleslinie","3.g, matematisk-sproglig fælleslinie","3rd year, mathematical-linguistic common line",CSV:EDU_audd,medium,danish,,
EDU_audd_390,EDU,audd,390,"Social/sundhed, ivu (eud)","Social/sundhed, ivu (eud)","Social/health, ivu (eud)",CSV:EDU_audd,medium,danish,,
EDU_audd_258,EDU,audd,258,"Teknik/industri i øvrigt, ivu (amu)","Teknik/industri i øvrigt, ivu (amu)","Technology/industry in other, ivu (amu)",CSV:EDU_audd,medium,danish,,
EDU_audd_253,EDU,audd,253,"Bygge/anlæg, ivu (amu)","Bygge/anlæg, ivu (amu)","Construction/installation, ivu (amu)",CSV:EDU_audd,medium,danish,,
EDU_audd_625,EDU,audd,625,"Humanistisk/teologisk, ivu (lvu)","Humanistisk/teologisk, ivu (lvu)","Humanistisk/teologisk, ivu (lvu)",CSV:EDU_audd,medium,danish,,
EDU_audd_3834,EDU,audd,3834,Merkonom i økonomistyring,Merkonom i økonomistyring,Management economist in business management,CSV:EDU_audd,medium,danish,,
EDU_audd_3824,EDU,audd,3824,Merkonom i regnskabsvæsen,Merkonom i regnskabsvæsen,Management economist in accounting profession,CSV:EDU_audd,medium,danish,,
EDU_audd_5722,EDU,audd,5722,"Finansiering, HD-2.del","Finansiering, HD-2.del","Finansiering, HD-2.del",CSV:EDU_audd,medium,danish,,
EDU_audd_9564,EDU,audd,9564,Søfartskoleuddannelse una,Søfartskoleuddannelse una,Nautical School Education una,CSV:EDU_audd,medium,danish,,
EDU_audd_3826,EDU,audd,3826,Merkonom i personaleadministration,Merkonom i personaleadministration,Personnel Administration Wage Specialist,CSV:EDU_audd,medium,danish,,
EDU_audd_5556,EDU,audd,5556,"Spansk, erhvervssproglig diplomprøve ED","Spansk, erhvervssproglig diplomprøve ED","Spanish, Vocational Language Diploma ED",CSV:EDU_audd,medium,danish,,
EDU_audd_1011,EDU,audd,1011,11. klasse,11. klasse,11th Grade,CSV:EDU_audd,medium,danish,,
EDU_audd_480,EDU,audd,480,"Jordbrug/fiskeri, ivu (kvu)","Jordbrug/fiskeri, ivu (kvu)","Jordbrug/fiskeri, ivu (kvu)",CSV:EDU_audd,medium,danish,,
EDU_audd_495,EDU,audd,495,"Forsvar/politi, ivu (kvu)","Forsvar/politi, ivu (kvu)","Forsvar/politi, ivu (kvu)",CSV:EDU_audd,medium,danish,,
EDU_audd_8519,EDU,audd,8519,"Ledelse, diplomuddannelse","Ledelse, diplomuddannelse","Ledelse, diplomuddannelse",CSV:EDU_audd,medium,danish,,
EDU_audd_2411,EDU,audd,2411,"Husholdningskursus, alment","Husholdningskursus, alment","Household Course, General",CSV:EDU_audd,medium,danish,,
EDU_audd_3746,EDU,audd,3746,Datanom i systemudvikling,Datanom i systemudvikling,Data Specialist in System Development,CSV:EDU_audd,medium,danish,,
EDU_audd_1040,EDU,audd,1040,"1.g, matematisk-sproglig fælleslinie","1.g, matematisk-sproglig fælleslinie","1st Year, Mathematical-Linguistic Common Line",CSV:EDU_audd,medium,danish,,
EDU_audd_590,EDU,audd,590,"Social/sundhed, ivu (mvu)","Social/sundhed, ivu (mvu)","Social/Healthcare, ivu (mvu)",CSV:EDU_audd,medium,danish,,
EDU_audd_1070,EDU,audd,1070,"3.g, matematisk linie una","3.g, matematisk linie una","3rd Year, Mathematical Track una",CSV:EDU_audd,medium,danish,,
EDU_audd_430,EDU,audd,430,"Kunstnerisk, ivu (kvu)","Kunstnerisk, ivu (kvu)","Kunstnerisk, ivu (kvu)",CSV:EDU_audd,medium,danish,,
EDU_audd_645,EDU,audd,645,"Naturvidenskab, ivu (lvu)","Naturvidenskab, ivu (lvu)","Natural Science, ivu (lvu)",CSV:EDU_audd,medium,danish,,
EDU_audd_8854,EDU,audd,8854,"Organisationspsykologi, master","Organisationspsykologi, master","Organisationspsykologi, master",CSV:EDU_audd,medium,danish,,
EDU_audd_8848,EDU,audd,8848,"Business administration (MBA), master","Business administration (MBA), master","Business administration (MBA), master",CSV:EDU_audd,medium,danish,,
EDU_audd_5721,EDU,audd,5721,"Afsætningsøkonomi, HD-2.del","Afsætningsøkonomi, HD-2.del","Distribution Economics, HD-2nd Part",CSV:EDU_audd,medium,danish,,
EDU_audd_254,EDU,audd,254,"Jern/metal, ivu (amu)","Jern/metal, ivu (amu)","Jern/metal, ivu (amu)",CSV:EDU_audd,medium,danish,,
EDU_audd_700,EDU,audd,700,"Bachelor una, ivu (bachelor)","Bachelor una, ivu (bachelor)","Bachelor una, ivu (bachelor)",CSV:EDU_audd,medium,danish,,
EDU_audd_500,EDU,audd,500,"Mellemlang videregående uddannelse una, ivu(MVU)","Mellemlang videregående uddannelse una, ivu(MVU)","Intermediate vocational education, una, ivu(MVU)",CSV:EDU_audd,medium,danish,,
EDU_audd_5726,EDU,audd,5726,"Udenrigshandel, HD-2.del","Udenrigshandel, HD-2.del","Udenrigshandel, HD-2.del",CSV:EDU_audd,medium,danish,,
EDU_audd_8503,EDU,audd,8503,"Pædagogik, diplomuddannelse","Pædagogik, diplomuddannelse","Pedagogy, diploma education",CSV:EDU_audd,medium,danish,,
EDU_audd_1021,EDU,audd,1021,1. real,1. real,1. real,CSV:EDU_audd,medium,danish,,
EDU_audd_8864,EDU,audd,8864,"Sundhedsantropologi, master","Sundhedsantropologi, master","Sundhedsantropologi, master",CSV:EDU_audd,medium,danish,,
EDU_audd_475,EDU,audd,475,"Levnedsmiddel/husholdning, ivu (kvu)","Levnedsmiddel/husholdning, ivu (kvu)","Food/nutrition/household management, ivu (kvu)",CSV:EDU_audd,medium,danish,,
EDU_audd_585,EDU,audd,585,"Transport mv., ivu (mvu)","Transport mv., ivu (mvu)","Transportation etc., ivu (mvu)",CSV:EDU_audd,medium,danish,,
EDU_audd_8849,EDU,audd,8849,"Ledelsesudvikling, master","Ledelsesudvikling, master","Ledelsesudvikling, master",CSV:EDU_audd,medium,danish,,
EDU_audd_8801,EDU,audd,8801,"Voksnes læring og kompetenceudvikling, master","Voksnes læring og kompetenceudvikling, master","Adult learning and competence development, master",CSV:EDU_audd,medium,danish,,
EDU_audd_8586,EDU,audd,8586,"Sundhedsøkonomi og ledelse, diplomuddannelse","Sundhedsøkonomi og ledelse, diplomuddannelse","Health economics and leadership, diploma education",CSV:EDU_audd,medium,danish,,
EDU_audd_530,EDU,audd,530,"Kunstnerisk, ivu (mvu)","Kunstnerisk, ivu (mvu)","Kunstnerisk, ivu (mvu)",CSV:EDU_audd,medium,danish,,
EDU_audd_695,EDU,audd,695,"Forsvar, ivu (lvu)","Forsvar, ivu (lvu)","Forsvar, ivu (lvu)",CSV:EDU_audd,medium,danish,,
EDU_audd_8826,EDU,audd,8826,"IT (MIT), master","IT (MIT), master","IT (MIT), master",CSV:EDU_audd,medium,danish,,
EDU_audd_5551,EDU,audd,5551,"Engelsk, erhvervssproglig diplomprøve ED","Engelsk, erhvervssproglig diplomprøve ED","English, professional language diploma examination ED",CSV:EDU_audd,medium,danish,,
EDU_audd_8600,EDU,audd,8600,"Offentlig administration, diplomuddannelse","Offentlig administration, diplomuddannelse","Offentlig administration, diplomuddannelse",CSV:EDU_audd,medium,danish,,
EDU_audd_3821,EDU,audd,3821,Merkonom i markedsføring,Merkonom i markedsføring,Marketing manager,CSV:EDU_audd,medium,danish,,
EDU_audd_8508,EDU,audd,8508,"Erhvervspædagogik, diplomuddannelse","Erhvervspædagogik, diplomuddannelse","Vocational pedagogy, diploma education",CSV:EDU_audd,medium,danish,,
EDU_audd_485,EDU,audd,485,"Transport mv., ivu (kvu)","Transport mv., ivu (kvu)","Transportation etc., ivu (kvu)",CSV:EDU_audd,medium,danish,,
EDU_audd_3839,EDU,audd,3839,Akademiuddannelse i økonomi- og ressourcestyring,Akademiuddannelse i økonomi- og ressourcestyring,Academic program in economics and resource management,CSV:EDU_audd,medium,danish,,
EDU_audd_3833,EDU,audd,3833,Merkonom i personaleudvikling,Merkonom i personaleudvikling,Personnel development expert,CSV:EDU_audd,medium,danish,,
EDU_audd_8855,EDU,audd,8855,"Offentlig organisation og ledelse (MPM), master","Offentlig organisation og ledelse (MPM), master","Public organization and leadership (MPM), master",CSV:EDU_audd,medium,danish,,
EDU_audd_3849,EDU,audd,3849,Akademiuddannelse i offentlig forvaltning og administration,Akademiuddannelse i offentlig forvaltning og administration,Academic program in public administration,CSV:EDU_audd,medium,danish,,
EDU_audd_3838,EDU,audd,3838,Akademiuddannelse i international salg og markedsføring,Akademiuddannelse i international salg og markedsføring,Academic program in international sales and marketing,CSV:EDU_audd,medium,danish,,
EDU_audd_8603,EDU,audd,8603,"Socialformidling, diplomuddannelse","Socialformidling, diplomuddannelse","Socialformidling, diplomuddannelse",CSV:EDU_audd,medium,danish,,
EDU_audd_8443,EDU,audd,8443,Voksenunderviser,Voksenunderviser,Voksenunderviser,CSV:EDU_audd,medium,danish,,
EDU_audd_239,EDU,audd,239,"Handel/kontor, ivu (amu)","Handel/kontor, ivu (amu)","Trade/office, ivu (amu)",CSV:EDU_audd,medium,danish,,
EDU_audd_8448,EDU,audd,8448,Uddannelses- og erhvervsvejlederuddannelse,Uddannelses- og erhvervsvejlederuddannelse,Educational and vocational guidance counselor training,CSV:EDU_audd,medium,danish,,
EDU_audd_3832,EDU,audd,3832,Merkonom i logistik,Merkonom i logistik,Merkonom i logistik,CSV:EDU_audd,medium,danish,,
EDU_audd_8844,EDU,audd,8844,"Skat, master","Skat, master","Skat, master",CSV:EDU_audd,medium,danish,,
EDU_audd_3827,EDU,audd,3827,Merkonom una,Merkonom una,Merkonom una,CSV:EDU_audd,medium,danish,,
EDU_audd_3840,EDU,audd,3840,Akademiuddannelse i ledelse,Akademiuddannelse i ledelse,Academic program in leadership,CSV:EDU_audd,medium,danish,,
EDU_audd_8911,EDU,audd,8911,"Teknologiledelse (MMT), master","Teknologiledelse (MMT), master","Teknologiledelse (MMT), master",CSV:EDU_audd,medium,danish,,
EDU_audd_575,EDU,audd,575,"Levnedsmiddel/husholdning, ivu (mvu)","Levnedsmiddel/husholdning, ivu (mvu)","Food/household management, ivu (mvu)",CSV:EDU_audd,medium,danish,,
EDU_audd_400,EDU,audd,400,"Kort videregående uddannelse una, ivu (KVU)","Kort videregående uddannelse una, ivu (KVU)","Short further education una, ivu (KVU)",CSV:EDU_audd,medium,danish,,
EDU_audd_3850,EDU,audd,3850,Akademiuddannelse i sundhedspraksis,Akademiuddannelse i sundhedspraksis,Academic program in health practice,CSV:EDU_audd,medium,danish,,
EDU_audd_3760,EDU,audd,3760,Ejendomsmægler,Ejendomsmægler,Property agent,CSV:EDU_audd,medium,danish,,
EDU_audd_280,EDU,audd,280,"Jordbrug/fiskeri, ivu (amu)","Jordbrug/fiskeri, ivu (amu)","Jordbrug/fiskeri, ivu (amu)",CSV:EDU_audd,medium,danish,,
EDU_audd_8622,EDU,audd,8622,"Ingeniørernes lederuddannelse, diplomuddannelse","Ingeniørernes lederuddannelse, diplomuddannelse","Engineers leadership education, diploma education",CSV:EDU_audd,medium,danish,,
EDU_audd_5729,EDU,audd,5729,"Miljø-revision, HD-2.del","Miljø-revision, HD-2.del","Environmental audit, HD-2.part",CSV:EDU_audd,medium,danish,,
EDU_audd_8954,EDU,audd,8954,"It interaktionsdesign, master","It interaktionsdesign, master","IT interaction design, master",CSV:EDU_audd,medium,danish,,
EDU_audd_3086,EDU,audd,3086,"Geoinformatik (MTM), master","Geoinformatik (MTM), master","Geoinformatik (MTM), master",CSV:EDU_audd,medium,danish,,
EDU_audd_3818,EDU,audd,3818,Merkonom i finansiering,Merkonom i finansiering,Marketing expert in financing,CSV:EDU_audd,medium,danish,,
EDU_audd_300,EDU,audd,300,"Erhvervsfaglige uddannelse una, ivu","Erhvervsfaglige uddannelse una, ivu","Vocational education una, ivu",CSV:EDU_audd,medium,danish,,
EDU_audd_675,EDU,audd,675,"Levnedsmiddel/husholdning, ivu (lvu)","Levnedsmiddel/husholdning, ivu (lvu)","Levnedsmiddel/husholdning, ivu (lvu)",CSV:EDU_audd,medium,danish,,
EDU_audd_3775,EDU,audd,3775,Finansiel videreuddannelse,Finansiel videreuddannelse,Financial further education,CSV:EDU_audd,medium,danish,,
EDU_audd_5728,EDU,audd,5728,"Informatik, HD-2.del","Informatik, HD-2.del","Informatik, HD-2.del",CSV:EDU_audd,medium,danish,,
EDU_audd_8882,EDU,audd,8882,"Klinisk sygepleje, master","Klinisk sygepleje, master","Clinical nursing, master",CSV:EDU_audd,medium,danish,,
EDU_audd_8656,EDU,audd,8656,Den sociale diplomuddannelse,Den sociale diplomuddannelse,Social diploma education,CSV:EDU_audd,medium,danish,,
EDU_audd_5727,EDU,audd,5727,"Indkøbs- og transportøkonomi, HD-2.del","Indkøbs- og transportøkonomi, HD-2.del","Purchasing and Transport Economics, HD-2.part",CSV:EDU_audd,medium,danish,,
EDU_audd_8800,EDU,audd,8800,"Læreprocesser (MLP), master","Læreprocesser (MLP), master","Learning Processes (MLP), master",CSV:EDU_audd,medium,danish,,
EDU_audd_3848,EDU,audd,3848,Akademiuddannelse i gastronomi,Akademiuddannelse i gastronomi,Academy Education in Gastronomy,CSV:EDU_audd,medium,danish,,
EDU_audd_3752,EDU,audd,3752,IT-administrator,IT-administrator,IT-administrator,CSV:EDU_audd,medium,danish,,
EDU_audd_3843,EDU,audd,3843,Akademiuddannelse i finansiel rådgivning,Akademiuddannelse i finansiel rådgivning,Academy Education in Financial Counseling,CSV:EDU_audd,medium,danish,,
EDU_audd_8524,EDU,audd,8524,"Projektledelse, teknologisk diplomuddannelse","Projektledelse, teknologisk diplomuddannelse","Projektledelse, teknologisk diplomuddannelse",CSV:EDU_audd,medium,danish,,
EDU_audd_8502,EDU,audd,8502,Dansk andetsprog for voksne,Dansk andetsprog for voksne,Danish Second Language for Adults,CSV:EDU_audd,medium,danish,,
EDU_audd_8902,EDU,audd,8902,"IKT og læring, master","IKT og læring, master","ICT and Learning, master",CSV:EDU_audd,medium,danish,,
EDU_audd_8916,EDU,audd,8916,"Public governance (MPG), master","Public governance (MPG), master","Public governance (MPG), master",CSV:EDU_audd,medium,danish,,
EDU_audd_8947,EDU,audd,8947,"Klinisk familiedyrsvidenskab, master","Klinisk familiedyrsvidenskab, master","Clinical Family Animal Science, master",CSV:EDU_audd,medium,danish,,
EDU_audd_8811,EDU,audd,8811,"Pædagogisk fleksibelt forløb, master","Pædagogisk fleksibelt forløb, master","Pedagogical Flexible Program, master",CSV:EDU_audd,medium,danish,,
EDU_audd_8931,EDU,audd,8931,"Offentlig ledelse (MPG), master","Offentlig ledelse (MPG), master","Offentlig ledelse (MPG), master",CSV:EDU_audd,medium,danish,,
EDU_audd_8802,EDU,audd,8802,"Sundhedspædagogik og sundhedsfremme, master","Sundhedspædagogik og sundhedsfremme, master","Health Pedagogy and Health Promotion, master",CSV:EDU_audd,medium,danish,,
EDU_audd_8881,EDU,audd,8881,"Rehabilitering, master","Rehabilitering, master","Rehabilitation, master",CSV:EDU_audd,medium,danish,,
EDU_audd_8928,EDU,audd,8928,"Business administration executive (EMBA), master","Business administration executive (EMBA), master","Business administration executive (EMBA), master",CSV:EDU_audd,medium,danish,,
EDU_audd_3841,EDU,audd,3841,"Akademiuddannelse i proces-, laboratorie- og fødevareteknologi","Akademiuddannelse i proces-, laboratorie- og fødevareteknologi","Academy education in process, laboratory and food technology",CSV:EDU_audd,medium,danish,,
EDU_audd_8521,EDU,audd,8521,"Journalistik, diplomuddannelse","Journalistik, diplomuddannelse","Journalistik, diplomuddannelse",CSV:EDU_audd,medium,danish,,
EDU_audd_3801,EDU,audd,3801,Akademiuddannelse i skatter og afgifter,Akademiuddannelse i skatter og afgifter,Academy education in taxes and fees,CSV:EDU_audd,medium,danish,,
EDU_audd_4134,EDU,audd,4134,Akademiuddannelse i ernæring,Akademiuddannelse i ernæring,Academy education in nutrition,CSV:EDU_audd,medium,danish,,
EDU_audd_5720,EDU,audd,5720,"Offentlig virksomhedsøkonomi, HD-2.del","Offentlig virksomhedsøkonomi, HD-2.del","Public sector economics, HD-2.part",CSV:EDU_audd,medium,danish,,
EDU_audd_8638,EDU,audd,8638,"Familieterapi, diplomuddannelse","Familieterapi, diplomuddannelse","Familieterapi, diplomuddannelse",CSV:EDU_audd,medium,danish,,
EDU_audd_8658,EDU,audd,8658,"Beskæftigelse, diplomuddannelse","Beskæftigelse, diplomuddannelse","Employment, diploma education",CSV:EDU_audd,medium,danish,,
EDU_audd_3837,EDU,audd,3837,Akademiuddannelse i kommunikation og formidling,Akademiuddannelse i kommunikation og formidling,Academy education in communication and dissemination,CSV:EDU_audd,medium,danish,,
EDU_audd_9495,EDU,audd,9495,Bandagist,Bandagist,Bandagist,CSV:EDU_audd,medium,danish,,
EDU_audd_8975,EDU,audd,8975,"Udsatte børn og unge (faglig ledelse), master","Udsatte børn og unge (faglig ledelse), master","Vulnerable children and youth (professional leadership), master",CSV:EDU_audd,medium,danish,,
EDU_audd_8977,EDU,audd,8977,"Informationsforvaltning og Records Management,master","Informationsforvaltning og Records Management,master","Information management and Records Management, master",CSV:EDU_audd,medium,danish,,
EDU_audd_5730,EDU,audd,5730,"Retail and key account, HD 2.del","Retail and key account, HD 2.del","Retail and key account, HD 2.del",CSV:EDU_audd,medium,danish,,
EDU_audd_8869,EDU,audd,8869,"Brandsikkerhed, master","Brandsikkerhed, master","Brandsikkerhed, master",CSV:EDU_audd,medium,danish,,
EDU_audd_5732,EDU,audd,5732,"Finansiel rådgivning, HD-2.del","Finansiel rådgivning, HD-2.del","Financial advisory, HD-2.part",CSV:EDU_audd,medium,danish,,
EDU_audd_8624,EDU,audd,8624,"IT (DIT), diplomuddannelse","IT (DIT), diplomuddannelse","IT (DIT), diploma education",CSV:EDU_audd,medium,danish,,
EDU_audd_8510,EDU,audd,8510,Den merkantile diplomuddannelse,Den merkantile diplomuddannelse,Commercial Diploma Program,CSV:EDU_audd,medium,danish,,
EDU_audd_3842,EDU,audd,3842,"Akademiuddannelse i innovation, produkt og produktion","Akademiuddannelse i innovation, produkt og produktion","Academy Program in Innovation, Product and Production",CSV:EDU_audd,medium,danish,,
EDU_audd_5630,EDU,audd,5630,Erhvervssproglig korrespondent una,Erhvervssproglig korrespondent una,Vocational Correspondence Unrestricted,CSV:EDU_audd,medium,danish,,
EDU_audd_3306,EDU,audd,3306,Akademiuddannelse i EL-installation,Akademiuddannelse i EL-installation,Academy Program in Electrical Installation,CSV:EDU_audd,medium,danish,,
EDU_audd_8441,EDU,audd,8441,Friluftsvejleder,Friluftsvejleder,Friluftsvejleder,CSV:EDU_audd,medium,danish,,
EDU_audd_8817,EDU,audd,8817,"Læse- og skrivedidaktik (MEd), master","Læse- og skrivedidaktik (MEd), master","Reading and writing didactics (MEd), master",CSV:EDU_audd,medium,danish,,
EDU_audd_3852,EDU,audd,3852,Akademiuddannelse i retail,Akademiuddannelse i retail,Academy Program in Retail,CSV:EDU_audd,medium,danish,,
EDU_audd_3351,EDU,audd,3351,Akademiuddannelse i Byggeteknologi,Akademiuddannelse i Byggeteknologi,Academy Program in Construction Technology,CSV:EDU_audd,medium,danish,,
EDU_audd_3872,EDU,audd,3872,Værkstedsfunktionær,Værkstedsfunktionær,Workshop Technician,CSV:EDU_audd,medium,danish,,
EDU_audd_9658,EDU,audd,9658,Ingeniør una,Ingeniør una,Engineer Unrestricted,CSV:EDU_audd,medium,danish,,
EDU_audd_9122,EDU,audd,9122,Cand.mag. una,Cand.mag. una,Cand.mag. una,CSV:EDU_audd,medium,danish,,
EDU_audd_4875,EDU,audd,4875,Bødker,Bødker,Books,CSV:EDU_audd,medium,danish,,
EDU_audd_9176,EDU,audd,9176,Kunstakademiuddannelse una,Kunstakademiuddannelse una,Fine Arts Academy Program una,CSV:EDU_audd,medium,danish,,
EDU_audd_9686,EDU,audd,9686,Officer A-linien una,Officer A-linien una,Officer A-linien una,CSV:EDU_audd,medium,danish,,
EDU_audd_9225,EDU,audd,9225,Statsautoriseret revisor,Statsautoriseret revisor,Statsautoriseret revisor,CSV:EDU_audd,medium,danish,,
EDU_audd_4874,EDU,audd,4874,Børstenbinder,Børstenbinder,Brushmaker,CSV:EDU_audd,medium,danish,,
EDU_audd_9687,EDU,audd,9687,Officer B-linien una,Officer B-linien una,Officer B-linien una,CSV:EDU_audd,medium,danish,,
EDU_audd_9569,EDU,audd,9569,"Kyst-, fiske- og sætteskipper","Kyst-, fiske- og sætteskipper","Coastal, Fishing and Charter Skippers",CSV:EDU_audd,medium,danish,,
EDU_audd_9688,EDU,audd,9688,Officer una,Officer una,Officer una,CSV:EDU_audd,medium,danish,,
EDU_audd_9705,EDU,audd,9705,"Grundstudium, sprog uoplyst","Grundstudium, sprog uoplyst","Basic Study, Language Unspecified",CSV:EDU_audd,medium,danish,,
EDU_audd_9132,EDU,audd,9132,Småbørnslærerinde,Småbørnslærerinde,Kindergarten Teacher,CSV:EDU_audd,medium,danish,,
EDU_audd_4870,EDU,audd,4870,Tilskærer,Tilskærer,Tailor,CSV:EDU_audd,medium,danish,,
EDU_audd_9655,EDU,audd,9655,Akademiingeniør una,Akademiingeniør una,Engineering Academy Program una,CSV:EDU_audd,medium,danish,,
EDU_audd_9264,EDU,audd,9264,Mag.scient. una,Mag.scient. una,Mag.scient. una,CSV:EDU_audd,medium,danish,,
EDU_audd_9124,EDU,audd,9124,Mag.art. una,Mag.art. una,Mag.art. una,CSV:EDU_audd,medium,danish,,
EDU_audd_290,EDU,audd,290,"Social/sundhed, ivu (amu)","Social/sundhed, ivu (amu)","Social/Health, Industrial Vocational Training (Aging Care)",CSV:EDU_audd,medium,danish,,
EDU_audd_3825,EDU,audd,3825,Merkonom i organisation,Merkonom i organisation,Timekeeper in Organization,CSV:EDU_audd,medium,danish,,
EDU_audd_9125,EDU,audd,9125,Exam.art. una,Exam.art. una,Exam.art. una,CSV:EDU_audd,medium,danish,,
EDU_audd_9172,EDU,audd,9172,Musikkonservatorie una,Musikkonservatorie una,Music Conservatory Program una,CSV:EDU_audd,medium,danish,,
EDU_audd_8506,EDU,audd,8506,"Turistfører, diplomuddannelse","Turistfører, diplomuddannelse","Tour Guide, Diploma Program",CSV:EDU_audd,medium,danish,,
EDU_audd_8819,EDU,audd,8819,"Humanistisk sundhedsvidenskab og -praksisudvikling, master","Humanistisk sundhedsvidenskab og -praksisudvikling, master","Humanities in Health Science and Practice Development, Master",CSV:EDU_audd,medium,danish,,
EDU_audd_8879,EDU,audd,8879,"Public health (MPH), master","Public health (MPH), master","Public health (MPH), master",CSV:EDU_audd,medium,danish,,
EDU_audd_3859,EDU,audd,3859,Teknonom i driftsteknik og kvalitetsstyring,Teknonom i driftsteknik og kvalitetsstyring,Techno Manager in Plant Technology and Quality Management,CSV:EDU_audd,medium,danish,,
EDU_audd_3860,EDU,audd,3860,Teknonom i driftsteknik og produktionsstyring,Teknonom i driftsteknik og produktionsstyring,Techno Manager in Plant Technology and Production Management,CSV:EDU_audd,medium,danish,,
EDU_audd_3861,EDU,audd,3861,Teknonom i kvalitetsstyring,Teknonom i kvalitetsstyring,Techno Manager in Quality Management,CSV:EDU_audd,medium,danish,,
EDU_audd_8823,EDU,audd,8823,"Professionel kommunikation, master","Professionel kommunikation, master","Professionel kommunikation, master",CSV:EDU_audd,medium,danish,,
EDU_audd_8825,EDU,audd,8825,"Information technology (IM), master","Information technology (IM), master","Information technology (IM), master",CSV:EDU_audd,medium,danish,,
EDU_audd_8949,EDU,audd,8949,"Scienceundervisning, master","Scienceundervisning, master","Science Teaching, Master",CSV:EDU_audd,medium,danish,,
EDU_audd_8836,EDU,audd,8836,"Idræt og velfærd, master","Idræt og velfærd, master","Sports and Welfare, Master",CSV:EDU_audd,medium,danish,,
EDU_audd_3755,EDU,audd,3755,Erhvervsdiplom Lederuddannelse,Erhvervsdiplom Lederuddannelse,Business Diploma in Leadership,CSV:EDU_audd,medium,danish,,
EDU_audd_5553,EDU,audd,5553,"Italiensk, erhvervssproglig diplomprøve ED","Italiensk, erhvervssproglig diplomprøve ED","Italian, Vocational Language Diploma Exam ED",CSV:EDU_audd,medium,danish,,
EDU_audd_3830,EDU,audd,3830,Merkonom i innovation,Merkonom i innovation,Brand Manager in Innovation,CSV:EDU_audd,medium,danish,,
EDU_audd_8604,EDU,audd,8604,Akademiuddannelse til statonom,Akademiuddannelse til statonom,Academy education in state physiotherapy,CSV:EDU_audd,medium,danish,,
EDU_audd_3847,EDU,audd,3847,Akademiuddannelse i international transport og logistik,Akademiuddannelse i international transport og logistik,Academy education in international transport and logistics,CSV:EDU_audd,medium,danish,,
EDU_audd_8813,EDU,audd,8813,"Professionel vejledning, master","Professionel vejledning, master","Professionel vejledning, master",CSV:EDU_audd,medium,danish,,
EDU_audd_8807,EDU,audd,8807,"Specialpædagogik, master","Specialpædagogik, master","Special needs education, master",CSV:EDU_audd,medium,danish,,
EDU_audd_3811,EDU,audd,3811,Merkonom i international marketing - engelsk,Merkonom i international marketing - engelsk,Marketing expert in international marketing - English,CSV:EDU_audd,medium,danish,,
EDU_audd_8408,EDU,audd,8408,Akademiuddannelse i socialpædagogik,Akademiuddannelse i socialpædagogik,Academy education in social pedagogy,CSV:EDU_audd,medium,danish,,
EDU_audd_8927,EDU,audd,8927,"Trivsels- og ressourcepsykologi, master","Trivsels- og ressourcepsykologi, master","Well-being and resource psychology, master",CSV:EDU_audd,medium,danish,,
EDU_audd_3817,EDU,audd,3817,Merkonom i eksport,Merkonom i eksport,Merkonom i eksport,CSV:EDU_audd,medium,danish,,
EDU_audd_8971,EDU,audd,8971,"Uddannelsesledelse, master","Uddannelsesledelse, master","Educational leadership, master",CSV:EDU_audd,medium,danish,,
EDU_audd_8873,EDU,audd,8873,"Informatik-industriel IT, master","Informatik-industriel IT, master","Computer science-industrial IT, master",CSV:EDU_audd,medium,danish,,
EDU_audd_3823,EDU,audd,3823,Merkonom i turisme,Merkonom i turisme,Merkonom i turisme,CSV:EDU_audd,medium,danish,,
EDU_audd_8868,EDU,audd,8868,"Technology management (MTM), master","Technology management (MTM), master","Technology management (MTM), master",CSV:EDU_audd,medium,danish,,
EDU_audd_3846,EDU,audd,3846,Akademiuddannelse i informationsteknologi,Akademiuddannelse i informationsteknologi,Academy education in information technology,CSV:EDU_audd,medium,danish,,
EDU_audd_8852,EDU,audd,8852,"Corporate communication, master","Corporate communication, master","Corporate communication, master",CSV:EDU_audd,medium,danish,,
EDU_audd_3831,EDU,audd,3831,Merkonom i international handel,Merkonom i international handel,Trade marketing expert in international trade,CSV:EDU_audd,medium,danish,,
EDU_audd_8998,EDU,audd,8998,"Humanistisk fleksibel, master","Humanistisk fleksibel, master","Humanistisk fleksibel, master",CSV:EDU_audd,medium,danish,,
EDU_audd_5719,EDU,audd,5719,"Afsætningsøkonomi og udenrigshandel, HD-2.del","Afsætningsøkonomi og udenrigshandel, HD-2.del","Export Trade and Foreign Trade, HD-2.part",CSV:EDU_audd,medium,danish,,
EDU_audd_8942,EDU,audd,8942,"Globalisering og integration, master","Globalisering og integration, master","Globalization and Integration, Master",CSV:EDU_audd,medium,danish,,
EDU_audd_8953,EDU,audd,8953,"It-ledelse, master","It-ledelse, master","It-ledelse, master",CSV:EDU_audd,medium,danish,,
EDU_audd_8824,EDU,audd,8824,"Tværmedial kommunikation, master","Tværmedial kommunikation, master","Transmedia Communication, Master",CSV:EDU_audd,medium,danish,,
EDU_audd_5814,EDU,audd,5814,"Strategisk salg og marketing, HD-2.del","Strategisk salg og marketing, HD-2.del","Strategic Sales and Marketing, HD-2.part",CSV:EDU_audd,medium,danish,,
EDU_audd_8557,EDU,audd,8557,Teknologisk diplomuddannelse i vedligehold,Teknologisk diplomuddannelse i vedligehold,Technical Diploma in Maintenance,CSV:EDU_audd,medium,danish,,
EDU_audd_3305,EDU,audd,3305,Akademiuddannelse i VVS-installation,Akademiuddannelse i VVS-installation,Academy Education in HVAC Installations,CSV:EDU_audd,medium,danish,,
EDU_audd_3744,EDU,audd,3744,Datanom i IT-rådgivning,Datanom i IT-rådgivning,Data Analyst in IT Consulting,CSV:EDU_audd,medium,danish,,
EDU_audd_8518,EDU,audd,8518,"Vurdering, diplomuddannelse","Vurdering, diplomuddannelse","Vurdering, diplomuddannelse",CSV:EDU_audd,medium,danish,,
EDU_audd_8897,EDU,audd,8897,"Social bæredygtighed, master","Social bæredygtighed, master","Social Sustainability, Master",CSV:EDU_audd,medium,danish,,
EDU_audd_8956,EDU,audd,8956,"Projekt- og innovationsledelse, master","Projekt- og innovationsledelse, master","Project and Innovation Management, Master",CSV:EDU_audd,medium,danish,,
EDU_audd_8976,EDU,audd,8976,"Rusmidler, master","Rusmidler, master","Rusmidler, master",CSV:EDU_audd,medium,danish,,
EDU_audd_3970,EDU,audd,3970,Akademiuddannelse i service og oplevelser,Akademiuddannelse i service og oplevelser,Academy Education in Service and Experiences,CSV:EDU_audd,medium,danish,,
EDU_audd_3844,EDU,audd,3844,Akademiuddannelse i human ressource,Akademiuddannelse i human ressource,Academic program in human resources,CSV:EDU_audd,medium,danish,,
EDU_audd_3806,EDU,audd,3806,Akademiuddannelse i international salg og markedsføring,Akademiuddannelse i international salg og markedsføring,Academic program in international sales and marketing,CSV:EDU_audd,medium,danish,,
EDU_audd_8599,EDU,audd,8599,"Fleksibelt forløb, diplomuddannelse","Fleksibelt forløb, diplomuddannelse","Flexible course, diploma program",CSV:EDU_audd,medium,danish,,
EDU_audd_4851,EDU,audd,4851,Nitter og stemmer,Nitter og stemmer,Whistles and bells,CSV:EDU_audd,medium,danish,,
EDU_audd_9717,EDU,audd,9717,Translatør,Translatør,Translator,CSV:EDU_audd,medium,danish,,
EDU_audd_9477,EDU,audd,9477,"Danmarks sygeplejerskehøjskole, 1.-2. del","Danmarks sygeplejerskehøjskole, 1.-2. del","Denmark nursing college, part 1-2",CSV:EDU_audd,medium,danish,,
EDU_audd_9484,EDU,audd,9484,Cigarmager og -sorterer,Cigarmager og -sorterer,Cigar maker and sorter,CSV:EDU_audd,medium,danish,,
EDU_audd_9123,EDU,audd,9123,Cand.phil. una,Cand.phil. una,Cand.phil. una,CSV:EDU_audd,medium,danish,,
EDU_audd_1073,EDU,audd,1073,"3.g, matematisk-samfundsfaglig linie","3.g, matematisk-samfundsfaglig linie","3rd Year, Mathematical-Social Science Track",CSV:EDU_audd,medium,danish,,
EDU_audd_9714,EDU,audd,9714,"Erhvervssproglig una, afgangseksamen EA","Erhvervssproglig una, afgangseksamen EA","Erhvervssproglig una, afgangseksamen EA",CSV:EDU_audd,medium,danish,,
EDU_audd_8828,EDU,audd,8828,"Geovidenskab, master","Geovidenskab, master","Geovidenskab, master",CSV:EDU_audd,medium,danish,,
EDU_audd_8872,EDU,audd,8872,"Ledelse af byggeri, master","Ledelse af byggeri, master","Construction management, master",CSV:EDU_audd,medium,danish,,
EDU_audd_8906,EDU,audd,8906,"It, software engineering, master","It, software engineering, master","It, software engineering, master",CSV:EDU_audd,medium,danish,,
EDU_audd_8822,EDU,audd,8822,"Køn og kultur, master","Køn og kultur, master","Gender and culture, master",CSV:EDU_audd,medium,danish,,
EDU_audd_3809,EDU,audd,3809,Merkonom i administration,Merkonom i administration,Marketing manager in administration,CSV:EDU_audd,medium,danish,,
EDU_audd_8804,EDU,audd,8804,"Professionsudvikling, master","Professionsudvikling, master","Professionsudvikling, master",CSV:EDU_audd,medium,danish,,
EDU_audd_8501,EDU,audd,8501,"Naturfagsdidaktik, diplomuddannelse","Naturfagsdidaktik, diplomuddannelse","Naturfagsdidaktik, diplomuddannelse",CSV:EDU_audd,medium,danish,,
EDU_audd_3813,EDU,audd,3813,Merkonom i international marketing - tysk,Merkonom i international marketing - tysk,Marketing manager in international marketing - German,CSV:EDU_audd,medium,danish,,
EDU_audd_8413,EDU,audd,8413,"Akademiuddannelse, fleksibelt forløb","Akademiuddannelse, fleksibelt forløb","Academic program, flexible course of study",CSV:EDU_audd,medium,danish,,
EDU_audd_3935,EDU,audd,3935,"Ledere af håndværksvirksomhed, kursus","Ledere af håndværksvirksomhed, kursus","Leaders of craft businesses, course",CSV:EDU_audd,medium,danish,,
EDU_audd_8907,EDU,audd,8907,"Softwareudvikling, master","Softwareudvikling, master","Software development, master",CSV:EDU_audd,medium,danish,,
EDU_audd_3856,EDU,audd,3856,Teknonom uden liniebetegnelse,Teknonom uden liniebetegnelse,Teknonom without line designation,CSV:EDU_audd,medium,danish,,
EDU_audd_3152,EDU,audd,3152,"Informationsvidenskab og kulturformidling, master","Informationsvidenskab og kulturformidling, master","Information science and cultural mediation, master",CSV:EDU_audd,medium,danish,,
EDU_audd_8845,EDU,audd,8845,"Skat, master","Skat, master","Skat, master",CSV:EDU_audd,medium,danish,,
EDU_audd_3822,EDU,audd,3822,Merkonom i transport,Merkonom i transport,Merkonom i transport,CSV:EDU_audd,medium,danish,,
EDU_audd_3814,EDU,audd,3814,Merkonom i revision,Merkonom i revision,Merkonom i revision,CSV:EDU_audd,medium,danish,,
EDU_audd_8955,EDU,audd,8955,"Procesledelse og organisatorisk forandring, master","Procesledelse og organisatorisk forandring, master","Process management and organizational change, master",CSV:EDU_audd,medium,danish,,
EDU_audd_8974,EDU,audd,8974,"Leadership-innovation in complex systems (LAICS), master","Leadership-innovation in complex systems (LAICS), master","Leadership-innovation in complex systems (LAICS), master",CSV:EDU_audd,medium,danish,,
EDU_audd_3765,EDU,audd,3765,Erhvervsdiplom Merkonom,Erhvervsdiplom Merkonom,Vocational diploma Merkonom,CSV:EDU_audd,medium,danish,,
EDU_audd_1083,EDU,audd,1083,"3.g, musiksproglig linie","3.g, musiksproglig linie","3rd year, musical speech line",CSV:EDU_audd,medium,danish,,
EDU_audd_275,EDU,audd,275,"Levnedsmiddel/husholdning, ivu (amu)","Levnedsmiddel/husholdning, ivu (amu)","Food/household, ivu (amu)",CSV:EDU_audd,medium,danish,,
EDU_audd_8875,EDU,audd,8875,"International virksomhedskommunikation, master","International virksomhedskommunikation, master","International business communication, master",CSV:EDU_audd,medium,danish,,
EDU_audd_8846,EDU,audd,8846,"Oplevelsesledelse (MOL), master","Oplevelsesledelse (MOL), master","Oplevelsesledelse (MOL), master",CSV:EDU_audd,medium,danish,,
EDU_audd_3747,EDU,audd,3747,Datanom una,Datanom una,Datanom una,CSV:EDU_audd,medium,danish,,
EDU_audd_3939,EDU,audd,3939,Iværksætteruddannelse,Iværksætteruddannelse,Entrepreneurship education,CSV:EDU_audd,medium,danish,,
EDU_audd_8863,EDU,audd,8863,"Arbejdsmarked og personaleforhold, master","Arbejdsmarked og personaleforhold, master","Labor Market and Employment Relations, Master",CSV:EDU_audd,medium,danish,,
EDU_audd_3815,EDU,audd,3815,Merkonom i butiksledelse,Merkonom i butiksledelse,Branding Expert in Retail Management,CSV:EDU_audd,medium,danish,,
EDU_audd_3208,EDU,audd,3208,Akademiuddannelse i Automation og drift,Akademiuddannelse i Automation og drift,Academy Education in Automation and Operations,CSV:EDU_audd,medium,danish,,
EDU_audd_8525,EDU,audd,8525,"Kriminologi, diplomuddannelse","Kriminologi, diplomuddannelse","Kriminologi, diplomuddannelse",CSV:EDU_audd,medium,danish,,
EDU_audd_3819,EDU,audd,3819,Merkonom i indkøb,Merkonom i indkøb,Branding Expert in Procurement,CSV:EDU_audd,medium,danish,,
EDU_audd_8504,EDU,audd,8504,"Pædagogisk arbejde, diplomuddannelse","Pædagogisk arbejde, diplomuddannelse","Pedagogical Work, Diploma Program",CSV:EDU_audd,medium,danish,,
EDU_audd_3816,EDU,audd,3816,Merkonom i driftsledelse,Merkonom i driftsledelse,Branding Expert in Operations Management,CSV:EDU_audd,medium,danish,,
EDU_audd_3803,EDU,audd,3803,Akademiuddannelse i beskæftigelse,Akademiuddannelse i beskæftigelse,Academy Education in Employment,CSV:EDU_audd,medium,danish,,
EDU_audd_8950,EDU,audd,8950,"Sexologi, master","Sexologi, master","Sexologi, master",CSV:EDU_audd,medium,danish,,
EDU_audd_9121,EDU,audd,9121,Universitetsuddannelse una,Universitetsuddannelse una,University Unspecified Degree,CSV:EDU_audd,medium,danish,,
EDU_audd_5723,EDU,audd,5723,"Forsikring, HD-2.del","Forsikring, HD-2.del","Forsikring, HD-2.del",CSV:EDU_audd,medium,danish,,
EDU_audd_8812,EDU,audd,8812,"Børns litteratur og medier, master","Børns litteratur og medier, master","Children's Literature and Media, Master",CSV:EDU_audd,medium,danish,,
EDU_audd_8944,EDU,audd,8944,"Humanistisk palliation, master","Humanistisk palliation, master","Humanistic Palliative Care, Master",CSV:EDU_audd,medium,danish,,
EDU_audd_8860,EDU,audd,8860,"Public policy (MPP), master","Public policy (MPP), master","Public policy (MPP), master",CSV:EDU_audd,medium,danish,,
EDU_audd_8835,EDU,audd,8835,"Computer-mediated communication (MCC), master","Computer-mediated communication (MCC), master","Computer-mediated communication (MCC), master",CSV:EDU_audd,medium,danish,,
EDU_audd_8938,EDU,audd,8938,"Sundhedsfremme, master","Sundhedsfremme, master","Sundhedsfremme, master",CSV:EDU_audd,medium,danish,,
EDU_audd_8930,EDU,audd,8930,"IT-organisation, master","IT-organisation, master","IT Organization, Master",CSV:EDU_audd,medium,danish,,
EDU_audd_8522,EDU,audd,8522,"Humanistisk-pædagogik, diplomuddannelse (DPU)","Humanistisk-pædagogik, diplomuddannelse (DPU)","Humanities and Education, diploma program (DPU)",CSV:EDU_audd,medium,danish,,
EDU_audd_8996,EDU,audd,8996,"Naturvidenskab fleksibel, master","Naturvidenskab fleksibel, master","Natural Sciences, flexible master's program",CSV:EDU_audd,medium,danish,,
EDU_audd_8923,EDU,audd,8923,"Journalistik, master","Journalistik, master","Journalistik, master",CSV:EDU_audd,medium,danish,,
EDU_audd_8925,EDU,audd,8925,"Dagtilbuds- og indskolingsdidaktik, master","Dagtilbuds- og indskolingsdidaktik, master","Continuing Education and In-service Training Pedagogy, master's program",CSV:EDU_audd,medium,danish,,
EDU_audd_8655,EDU,audd,8655,"Formidling af kunst og kultur, diplomuddannelse","Formidling af kunst og kultur, diplomuddannelse","Communication of Art and Culture, diploma program",CSV:EDU_audd,medium,danish,,
EDU_audd_8559,EDU,audd,8559,Teknologisk diplomuddannelse i bio- og procestekn. og kemi,Teknologisk diplomuddannelse i bio- og procestekn. og kemi,Technological Diploma Program in Bio- and Process Technology and Chemistry,CSV:EDU_audd,medium,danish,,
EDU_audd_8862,EDU,audd,8862,"Shipping og logistik, (EMBA) master","Shipping og logistik, (EMBA) master","Shipping and Logistics, (EMBA) master's program",CSV:EDU_audd,medium,danish,,
EDU_audd_8552,EDU,audd,8552,Ernæringsfaglig diplomuddannelse,Ernæringsfaglig diplomuddannelse,Nutrition Diploma Program,CSV:EDU_audd,medium,danish,,
EDU_audd_3350,EDU,audd,3350,Akademiuddannelse i Byggekoordination,Akademiuddannelse i Byggekoordination,Academic Program in Construction Coordination,CSV:EDU_audd,medium,danish,,
EDU_audd_8584,EDU,audd,8584,"Intelligence og cyber studier, master","Intelligence og cyber studier, master","Intelligence and Cyber Studies, master's program",CSV:EDU_audd,medium,danish,,
EDU_audd_5818,EDU,audd,5818,"Supply chain management, HD-2.del","Supply chain management, HD-2.del","Supply chain management, HD-2.del",CSV:EDU_audd,medium,danish,,
EDU_audd_704,EDU,audd,704,"Naturvidenskab, ivu (bachelor)","Naturvidenskab, ivu (bachelor)","Natural Sciences, ivu (bachelor's program)",CSV:EDU_audd,medium,danish,,
EDU_audd_1031,EDU,audd,1031,1. hf,1. hf,1. hf,CSV:EDU_audd,medium,danish,,
EDU_audd_9330,EDU,audd,9330,Garver,Garver,Garver,CSV:EDU_audd,medium,danish,,
EDU_audd_9707,EDU,audd,9707,Erhvervssproglig diplomprøve ED una,Erhvervssproglig diplomprøve ED una,Vocational Language Diploma Exam ED una,CSV:EDU_audd,medium,danish,,
EDU_audd_9485,EDU,audd,9485,Cigarrillosmager og -sorterer,Cigarrillosmager og -sorterer,Cigar Maker and Sorter,CSV:EDU_audd,medium,danish,,
EDU_audd_9465,EDU,audd,9465,Exam. pharm.,Exam. pharm.,Exam. pharm.,CSV:EDU_audd,medium,danish,,
EDU_audd_8621,EDU,audd,8621,"Teknologileder, diplomuddannelse","Teknologileder, diplomuddannelse","Technology Leader, Diploma Education",CSV:EDU_audd,medium,danish,,
EDU_audd_8878,EDU,audd,8878,"Naturbaseret rehabilitering, master","Naturbaseret rehabilitering, master","Naturbaseret rehabilitering, master",CSV:EDU_audd,medium,danish,,
EDU_audd_8919,EDU,audd,8919,"Dansk som andetsprog, master","Dansk som andetsprog, master","Danish as a Second Language, Master",CSV:EDU_audd,medium,danish,,
EDU_audd_3853,EDU,audd,3853,Akademiuddannelse i velfærdsteknologi i praksis,Akademiuddannelse i velfærdsteknologi i praksis,Academy Education in Welfare Technology in Practice,CSV:EDU_audd,medium,danish,,
EDU_audd_8829,EDU,audd,8829,"Anvendt statistik, master","Anvendt statistik, master","Anvendt statistik, master",CSV:EDU_audd,medium,danish,,
EDU_audd_8620,EDU,audd,8620,"It-sikkerhed, diplomuddannelse","It-sikkerhed, diplomuddannelse","It-sikkerhed, diplomuddannelse",CSV:EDU_audd,medium,danish,,
EDU_audd_3828,EDU,audd,3828,Merkonom i landbrugsledelse,Merkonom i landbrugsledelse,Farm Management Economist,CSV:EDU_audd,medium,danish,,
EDU_audd_8853,EDU,audd,8853,"Konfliktmægling, master","Konfliktmægling, master","Conflict Mediation, Master",CSV:EDU_audd,medium,danish,,
EDU_audd_8818,EDU,audd,8818,"Børne- og ungdomskultur, æstet. læreproces. - multimedier, master","Børne- og ungdomskultur, æstet. læreproces. - multimedier, master","Childhood and Youth Culture, Aesthetic Learning Process - Multimedia, Master",CSV:EDU_audd,medium,danish,,
EDU_audd_8883,EDU,audd,8883,"Industriel lægemiddeludvikling, master","Industriel lægemiddeludvikling, master","Industrial Pharmaceutical Development, Master",CSV:EDU_audd,medium,danish,,
EDU_audd_8832,EDU,audd,8832,"Problembaseret læring i ingeniør-og naturvidenskab,master","Problembaseret læring i ingeniør-og naturvidenskab,master","Problem-Based Learning in Engineering and Natural Sciences, Master",CSV:EDU_audd,medium,danish,,
EDU_audd_8630,EDU,audd,8630,"Konkurrenceidræt, diplomuddannelse","Konkurrenceidræt, diplomuddannelse","Competitive sports, diploma program",CSV:EDU_audd,medium,danish,,
EDU_audd_8054,EDU,audd,8054,"Strategisk byplanlægning, master","Strategisk byplanlægning, master","Strategic urban planning, master",CSV:EDU_audd,medium,danish,,
EDU_audd_8560,EDU,audd,8560,"Stærkstrømsteknologi, teknologisk diplomuddannelse","Stærkstrømsteknologi, teknologisk diplomuddannelse","High voltage technology, technological diploma program",CSV:EDU_audd,medium,danish,,
EDU_audd_9668,EDU,audd,9668,"Konservator una, cand.scient.cons.","Konservator una, cand.scient.cons.","Conservator una, cand.scient.cons.",CSV:EDU_audd,medium,danish,,
EDU_audd_8880,EDU,audd,8880,"International health, master","International health, master","International health, master",CSV:EDU_audd,medium,danish,,
EDU_audd_8898,EDU,audd,8898,"Internat. entrepreneurship, education, training (IMEET), master","Internat. entrepreneurship, education, training (IMEET), master","Internat. entrepreneurship, education, training (IMEET), master",CSV:EDU_audd,medium,danish,,
EDU_audd_8520,EDU,audd,8520,"Journalistik for etniske grupper, diplomuddannelse","Journalistik for etniske grupper, diplomuddannelse","Journalistik for etniske grupper, diplomuddannelse",CSV:EDU_audd,medium,danish,,
EDU_audd_3820,EDU,audd,3820,Merkonom i informatik,Merkonom i informatik,Media manager in computer science,CSV:EDU_audd,medium,danish,,
EDU_audd_8885,EDU,audd,8885,"Miljø- og energiret, master","Miljø- og energiret, master","Environmental and energy law, master",CSV:EDU_audd,medium,danish,,
EDU_audd_8843,EDU,audd,8843,"Kvalitet og ledelse, master","Kvalitet og ledelse, master","Quality and management, master",CSV:EDU_audd,medium,danish,,
EDU_audd_8442,EDU,audd,8442,Almen uddannelse i sløjd,Almen uddannelse i sløjd,General craft education,CSV:EDU_audd,medium,danish,,
EDU_audd_8909,EDU,audd,8909,"Health care IT, master","Health care IT, master","Health care IT, master",CSV:EDU_audd,medium,danish,,
EDU_audd_8505,EDU,audd,8505,"Journalistisk arbejde, diplomuddannelse","Journalistisk arbejde, diplomuddannelse","Journalistic work, diploma program",CSV:EDU_audd,medium,danish,,
EDU_audd_8943,EDU,audd,8943,"Medicinsk billeddiagnostik, master","Medicinsk billeddiagnostik, master","Medicinsk billeddiagnostik, master",CSV:EDU_audd,medium,danish,,
EDU_audd_8980,EDU,audd,8980,"Forretningsudvikling, master","Forretningsudvikling, master","Forretningsudvikling, master",CSV:EDU_audd,medium,danish,,
EDU_audd_4879,EDU,audd,4879,Dropskoger,Dropskoger,Dropskoger,CSV:EDU_audd,medium,danish,,
EDU_audd_4881,EDU,audd,4881,Ortopædisadelmager,Ortopædisadelmager,Orthopedic Surgical Technology,CSV:EDU_audd,medium,danish,,
EDU_audd_8837,EDU,audd,8837,"Integreret planlægning, master","Integreret planlægning, master","Integrated Planning, Master",CSV:EDU_audd,medium,danish,,
EDU_audd_8957,EDU,audd,8957,"Smertevidenskab og tværfaglig smertebehandling, master","Smertevidenskab og tværfaglig smertebehandling, master","Pain Science and Interdisciplinary Pain Management, Master",CSV:EDU_audd,medium,danish,,
EDU_audd_3750,EDU,audd,3750,Datanom,Datanom,Datanom,CSV:EDU_audd,medium,danish,,
EDU_audd_3770,EDU,audd,3770,Erhvervsdiplom Human resource development HRd,Erhvervsdiplom Human resource development HRd,Vocational Diploma in Human Resource Development HRd,CSV:EDU_audd,medium,danish,,
EDU_audd_8029,EDU,audd,8029,"Neurorehabilitering, master","Neurorehabilitering, master","Neurorehabilitation, Master",CSV:EDU_audd,medium,danish,,
EDU_audd_8999,EDU,audd,8999,"Teologisk fleksibel, master","Teologisk fleksibel, master","Teologisk fleksibel, master",CSV:EDU_audd,medium,danish,,
EDU_audd_8627,EDU,audd,8627,"Humanøkologi (TD), diplomuddannelse","Humanøkologi (TD), diplomuddannelse","Environmental Health (TD), Diploma Degree",CSV:EDU_audd,medium,danish,,
EDU_audd_8922,EDU,audd,8922,"Naturfagsundervisning, master","Naturfagsundervisning, master","Naturfagsundervisning, master",CSV:EDU_audd,medium,danish,,
EDU_audd_5731,EDU,audd,5731,Registreret revisor,Registreret revisor,Registreret revisor,CSV:EDU_audd,medium,danish,,
EDU_audd_8628,EDU,audd,8628,"Webudvikling, diplomuddannelse","Webudvikling, diplomuddannelse","Webudvikling, diplomuddannelse",CSV:EDU_audd,medium,danish,,
EDU_audd_3858,EDU,audd,3858,Teknonom i ledelsesteknik,Teknonom i ledelsesteknik,Techno-nomics in Leadership Technology,CSV:EDU_audd,medium,danish,,
EDU_audd_8886,EDU,audd,8886,"Evaluering, master","Evaluering, master","Evaluering, master",CSV:EDU_audd,medium,danish,,
EDU_audd_8946,EDU,audd,8946,"Offentlig kvalitet og ledelse, master","Offentlig kvalitet og ledelse, master","Public Quality and Management, Master",CSV:EDU_audd,medium,danish,,
EDU_audd_8657,EDU,audd,8657,Tværfaglig diplomuddannelse,Tværfaglig diplomuddannelse,Interdisciplinary Diploma Degree,CSV:EDU_audd,medium,danish,,
EDU_audd_8602,EDU,audd,8602,"Inkasso, diplomuddannelse","Inkasso, diplomuddannelse","Inkasso, diplomuddannelse",CSV:EDU_audd,medium,danish,,
EDU_audd_3972,EDU,audd,3972,Akademiuddannelse i Kvalitet og måleteknologi,Akademiuddannelse i Kvalitet og måleteknologi,Academy Education in Quality and Measurement Technology,CSV:EDU_audd,medium,danish,,
EDU_audd_355,EDU,audd,355,"Grafisk, ivu (eud)","Grafisk, ivu (eud)","Grafisk, ivu (eud)",CSV:EDU_audd,medium,danish,,
EDU_audd_8553,EDU,audd,8553,Diplomuddannelse i operations og supply chain management (TD),Diplomuddannelse i operations og supply chain management (TD),Diploma in Operations and Supply Chain Management (TD),CSV:EDU_audd,medium,danish,,
EDU_audd_8978,EDU,audd,8978,"Projekt- og forandringsledelse, master","Projekt- og forandringsledelse, master","Project and Change Leadership, Master",CSV:EDU_audd,medium,danish,,
EDU_audd_3865,EDU,audd,3865,Teknonom una,Teknonom una,Teknonom una,CSV:EDU_audd,medium,danish,,
EDU_audd_8904,EDU,audd,8904,"Design, kommunikation og medie, master","Design, kommunikation og medie, master","Design, Communication and Media, Master",CSV:EDU_audd,medium,danish,,
EDU_audd_8626,EDU,audd,8626,"IT-diplomuddannelsen (IHK), diplomuddannelse","IT-diplomuddannelsen (IHK), diplomuddannelse","IT-Diploma Program (IHK), Diploma Education",CSV:EDU_audd,medium,danish,,
EDU_audd_8884,EDU,audd,8884,"Kvalitetssikret lægemiddelanvendelse, master","Kvalitetssikret lægemiddelanvendelse, master","Quality Assured Medication Use, Master",CSV:EDU_audd,medium,danish,,
EDU_audd_8670,EDU,audd,8670,"Kirkemusik, diplomuddannelse","Kirkemusik, diplomuddannelse","Kirkemusik, diplomuddannelse",CSV:EDU_audd,medium,danish,,
EDU_audd_4859,EDU,audd,4859,Violinbygger,Violinbygger,Violinbygger,CSV:EDU_audd,medium,danish,,
EDU_audd_8834,EDU,audd,8834,"Fysik, master","Fysik, master","Fysik, master",CSV:EDU_audd,medium,danish,,
EDU_audd_3316,EDU,audd,3316,"Designledelse, diplomuddannelse","Designledelse, diplomuddannelse","Designledelse, diplomuddannelse",CSV:EDU_audd,medium,danish,,
EDU_audd_3945,EDU,audd,3945,"Maler, videreuddannelse","Maler, videreuddannelse","Painter, Further Education",CSV:EDU_audd,medium,danish,,
EDU_audd_8803,EDU,audd,8803,"Pædagogisk IT, master","Pædagogisk IT, master","Pedagogical IT, Master",CSV:EDU_audd,medium,danish,,
EDU_audd_8858,EDU,audd,8858,"Social integration, master","Social integration, master","Social integration, master",CSV:EDU_audd,medium,danish,,
EDU_audd_8841,EDU,audd,8841,"Fødevarekvalitet og -sikkerhed, master","Fødevarekvalitet og -sikkerhed, master","Food Quality and Safety, Master",CSV:EDU_audd,medium,danish,,
EDU_audd_8952,EDU,audd,8952,"Vurdering af husdyrvelfærd i primærproduktion, master","Vurdering af husdyrvelfærd i primærproduktion, master","Assessment of Animal Welfare in Primary Production, Master",CSV:EDU_audd,medium,danish,,
EDU_audd_8637,EDU,audd,8637,"Psykiatri, diplomuddannelse","Psykiatri, diplomuddannelse","Psykiatri, diplomuddannelse",CSV:EDU_audd,medium,danish,,
EDU_audd_8048,EDU,audd,8048,"Bygningskultur - Bæredygtighed, Strategi og Transformation, master","Bygningskultur - Bæredygtighed, Strategi og Transformation, master","Building Culture - Sustainability, Strategy and Transformation, Master",CSV:EDU_audd,medium,danish,,
EDU_audd_8936,EDU,audd,8936,"Matematik, master","Matematik, master","Matematik, master",CSV:EDU_audd,medium,danish,,
EDU_audd_8806,EDU,audd,8806,"Myndighed og medborgerskab, master","Myndighed og medborgerskab, master","Government and Citizenship, Master",CSV:EDU_audd,medium,danish,,
EDU_audd_8912,EDU,audd,8912,"Redaktionel ledelse, master","Redaktionel ledelse, master","Redaktionel ledelse, master",CSV:EDU_audd,medium,danish,,
EDU_audd_8905,EDU,audd,8905,"Internet- og softwareudvikling, master","Internet- og softwareudvikling, master","Internet and Software Development, Master",CSV:EDU_audd,medium,danish,,
EDU_audd_8900,EDU,audd,8900,"It, kommunikation og organisation (MITKO), master","It, kommunikation og organisation (MITKO), master","IT, Communication and Organization (MITCO), Master",CSV:EDU_audd,medium,danish,,
EDU_audd_8903,EDU,audd,8903,"Multimedieteknologi (MITM), master","Multimedieteknologi (MITM), master","Multimedieteknologi (MITM), master",CSV:EDU_audd,medium,danish,,
EDU_audd_8941,EDU,audd,8941,"Inkluderende arkitektur, master","Inkluderende arkitektur, master","Inkluderende arkitektur, master",CSV:EDU_audd,medium,danish,,
EDU_audd_8636,EDU,audd,8636,"Oral helse, diplomuddannelse","Oral helse, diplomuddannelse","Oral Health, Diploma Program",CSV:EDU_audd,medium,danish,,
EDU_audd_8447,EDU,audd,8447,"Praktikvejleder til pædadgoguddannelsen, diplomuddannelse","Praktikvejleder til pædadgoguddannelsen, diplomuddannelse","Practice Tutor for Early Childhood Education, Diploma Program",CSV:EDU_audd,medium,danish,,
EDU_audd_8401,EDU,audd,8401,Akademiuddannelse i ungdoms- og voksenundervisning,Akademiuddannelse i ungdoms- og voksenundervisning,Academy Education in Youth and Adult Education,CSV:EDU_audd,medium,danish,,
EDU_audd_8562,EDU,audd,8562,"Projektledelse i byggeriet, teknologisk diplomuddannelse","Projektledelse i byggeriet, teknologisk diplomuddannelse","Projektledelse i byggeriet, teknologisk diplomuddannelse",CSV:EDU_audd,medium,danish,,
EDU_audd_3862,EDU,audd,3862,Teknonom i produktionsstyring,Teknonom i produktionsstyring,Techno Manager in Production Control,CSV:EDU_audd,medium,danish,,
EDU_audd_3867,EDU,audd,3867,Teknonom i miljøstyring,Teknonom i miljøstyring,Techno Manager in Environmental Management,CSV:EDU_audd,medium,danish,,
EDU_audd_8629,EDU,audd,8629,"Softwareudvikling, diplomuddannelse","Softwareudvikling, diplomuddannelse","Software Development, Diploma Program",CSV:EDU_audd,medium,danish,,
EDU_audd_8750,EDU,audd,8750,"Special- og socialpædagogik, master","Special- og socialpædagogik, master","Special and Social Pedagogy, Master",CSV:EDU_audd,medium,danish,,
EDU_audd_8920,EDU,audd,8920,"Sundhedsinformatik, master","Sundhedsinformatik, master","Sundhedsinformatik, master",CSV:EDU_audd,medium,danish,,
EDU_audd_3807,EDU,audd,3807,Akademiuddannelse i energiteknologi,Akademiuddannelse i energiteknologi,Academy education in energy technology,CSV:EDU_audd,medium,danish,,
EDU_audd_8631,EDU,audd,8631,"Matematik og pædagogik (DPU), diplomuddannelse","Matematik og pædagogik (DPU), diplomuddannelse","Mathematics and pedagogy (DPU), diploma education",CSV:EDU_audd,medium,danish,,
EDU_audd_3320,EDU,audd,3320,Akademiuddannelse i Hygiejne og rengøringsteknik,Akademiuddannelse i Hygiejne og rengøringsteknik,Academy education in hygiene and cleaning technology,CSV:EDU_audd,medium,danish,,
EDU_audd_3971,EDU,audd,3971,Merkonom i service og oplevelser,Merkonom i service og oplevelser,Service and experience marketing,CSV:EDU_audd,medium,danish,,
EDU_audd_5001,EDU,audd,5001,Akademiuddannelse i kreativitet og design,Akademiuddannelse i kreativitet og design,Academy education in creativity and design,CSV:EDU_audd,medium,danish,,
EDU_audd_8948,EDU,audd,8948,"Bygningsfysik, master","Bygningsfysik, master","Bygningsfysik, master",CSV:EDU_audd,medium,danish,,
EDU_audd_705,EDU,audd,705,"Samfundsvidenskab, ivu (bachelor)","Samfundsvidenskab, ivu (bachelor)","Social sciences, ivu (bachelor)",CSV:EDU_audd,medium,danish,,
EDU_audd_9171,EDU,audd,9171,Solist-komponist-dirigent,Solist-komponist-dirigent,Soloist-composer-conductor,CSV:EDU_audd,medium,danish,,
EDU_audd_9654,EDU,audd,9654,Pianostemmer,Pianostemmer,Pianostemmer,CSV:EDU_audd,medium,danish,,
EDU_audd_9716,EDU,audd,9716,Cand.ling.merc. una,Cand.ling.merc. una,Cand.ling.merc. una,CSV:EDU_audd,medium,danish,,
EDU_audd_8887,EDU,audd,8887,"Software, interaktionsdesign-multimedier, organisation, master","Software, interaktionsdesign-multimedier, organisation, master","Software, interaktionsdesign-multimedier, organisation, master",CSV:EDU_audd,medium,danish,,
EDU_audd_8673,EDU,audd,8673,"Digital konceptudvikling, diplomuddannelse","Digital konceptudvikling, diplomuddannelse","Digital concept development, diploma education",CSV:EDU_audd,medium,danish,,
EDU_audd_9486,EDU,audd,9486,Faglært tobaksarbejder,Faglært tobaksarbejder,Skilled tobacco worker,CSV:EDU_audd,medium,danish,,
EDU_audd_8970,EDU,audd,8970,"Socialpædagogik, master","Socialpædagogik, master","Social pedagogy, master",CSV:EDU_audd,medium,danish,,
EDU_audd_8994,EDU,audd,8994,"Sundhedsvidenskab fleksibel, master","Sundhedsvidenskab fleksibel, master","Health Science flexible, master",CSV:EDU_audd,medium,danish,,
EDU_audd_8877,EDU,audd,8877,"Husdyrsundhed og økonomi, master","Husdyrsundhed og økonomi, master","Animal Health and Economics, master",CSV:EDU_audd,medium,danish,,
EDU_audd_8929,EDU,audd,8929,"Uddannelse og læring, master","Uddannelse og læring, master","Education and Learning, master",CSV:EDU_audd,medium,danish,,
EDU_audd_8914,EDU,audd,8914,"Fitness og træning, master","Fitness og træning, master","Fitness and Training, master",CSV:EDU_audd,medium,danish,,
EDU_audd_8997,EDU,audd,8997,"Teknisk videnskab fleksibel, master","Teknisk videnskab fleksibel, master","Technical Science flexible, master",CSV:EDU_audd,medium,danish,,
EDU_audd_3836,EDU,audd,3836,"Uden profil, akademiuddannelse","Uden profil, akademiuddannelse","Without Profile, college education",CSV:EDU_audd,medium,danish,,
EDU_audd_8639,EDU,audd,8639,"Ældrearbejde, diplomuddannelse","Ældrearbejde, diplomuddannelse","Elderly Care, diploma education",CSV:EDU_audd,medium,danish,,
EDU_audd_8625,EDU,audd,8625,"Software (IT-Vest), diplomuddannelse","Software (IT-Vest), diplomuddannelse","Software (IT-Vest), diploma education",CSV:EDU_audd,medium,danish,,
EDU_audd_8555,EDU,audd,8555,Media management (GÅU),Media management (GÅU),Media management (GAU),CSV:EDU_audd,medium,danish,,
EDU_audd_702,EDU,audd,702,"Humanistisk/teologisk, ivu (bachelor)","Humanistisk/teologisk, ivu (bachelor)","Humanities/Theology, ivu (bach.)",CSV:EDU_audd,medium,danish,,
EDU_audd_680,EDU,audd,680,"Jordbrugsvidenskab, ivu (lvu)","Jordbrugsvidenskab, ivu (lvu)","Agriculture Science, ivu (lvu)",CSV:EDU_audd,medium,danish,,
EDU_audd_8876,EDU,audd,8876,"Forsøgsdyrsvidenskab, master","Forsøgsdyrsvidenskab, master","Experimental Animal Science, master",CSV:EDU_audd,medium,danish,,
EDU_audd_4562,EDU,audd,4562,"Odontologisk praksis, videreuddannelse","Odontologisk praksis, videreuddannelse","Odontologisk praksis, videreuddannelse",CSV:EDU_audd,medium,danish,,
EDU_audd_1052,EDU,audd,1052,"2.g, matematisk-naturfaglig linie","2.g, matematisk-naturfaglig linie","2nd grade, mathematical-scientific line",CSV:EDU_audd,medium,danish,,
EDU_audd_8842,EDU,audd,8842,"Naturfagsdidaktik, master","Naturfagsdidaktik, master","Naturfagsdidaktik, master",CSV:EDU_audd,medium,danish,,
EDU_audd_8831,EDU,audd,8831,"Kryptologi, master","Kryptologi, master","Kryptologi, master",CSV:EDU_audd,medium,danish,,
EDU_audd_3802,EDU,audd,3802,Akademiuddannelse i socialt arbejde,Akademiuddannelse i socialt arbejde,Academy Education in Social Work,CSV:EDU_audd,medium,danish,,
EDU_audd_8951,EDU,audd,8951,"Politivirksomhed, master","Politivirksomhed, master","Politivirksomhed, master",CSV:EDU_audd,medium,danish,,
EDU_audd_8585,EDU,audd,8585,"Matematik med henblik på undervisning på de gymnasiale uddannelser, master","Matematik med henblik på undervisning på de gymnasiale uddannelser, master","Mathematics with a View to Teaching at Upper Secondary Level, master",CSV:EDU_audd,medium,danish,,
EDU_audd_8995,EDU,audd,8995,"Samfundsvidenskab fleksibel, master","Samfundsvidenskab fleksibel, master","Social Science Flexible, master",CSV:EDU_audd,medium,danish,,
EDU_audd_5581,EDU,audd,5581,"Engelsk, erhvervssproglig afgangseksamen EA","Engelsk, erhvervssproglig afgangseksamen EA","English, Vocational Language Exit Exam EA",CSV:EDU_audd,medium,danish,,
EDU_audd_8377,EDU,audd,8377,"Nordisk arkitektonisk kulturarv (NORDMAK), master","Nordisk arkitektonisk kulturarv (NORDMAK), master","Nordisk arkitektonisk kulturarv (NORDMAK), master",CSV:EDU_audd,medium,danish,,
EDU_audd_9167,EDU,audd,9167,Anden filmskoleuddannelse,Anden filmskoleuddannelse,Other Film School Education,CSV:EDU_audd,medium,danish,,
EDU_audd_8053,EDU,audd,8053,"Design, master","Design, master","Design, master",CSV:EDU_audd,medium,danish,,
EDU_audd_8889,EDU,audd,8889,"Katastrofehåndtering, master","Katastrofehåndtering, master","Disaster Management, master",CSV:EDU_audd,medium,danish,,
EDU_audd_3748,EDU,audd,3748,Datanom i programmering,Datanom i programmering,Data in Programming,CSV:EDU_audd,medium,danish,,
EDU_audd_8588,EDU,audd,8588,"Datadrevet organisationsudvikling, master","Datadrevet organisationsudvikling, master","Datadrevet organisationsudvikling, master",CSV:EDU_audd,medium,danish,,
EDU_audd_8808,EDU,audd,8808,"Fremmedsprogsdidaktik, master","Fremmedsprogsdidaktik, master","Foreign Language Didactics, master",CSV:EDU_audd,medium,danish,,
EDU_audd_706,EDU,audd,706,"Teknisk, ivu (bachelor)","Teknisk, ivu (bachelor)","Technical, ivu (bachelor)",CSV:EDU_audd,medium,danish,,
EDU_audd_8866,EDU,audd,8866,"Teknisk miljøledelse, master","Teknisk miljøledelse, master","Technical environmental management, master",CSV:EDU_audd,medium,danish,,
EDU_audd_3261,EDU,audd,3261,"Energi og Miljø, diplomuddannelse","Energi og Miljø, diplomuddannelse","Energy and Environment, diploma program",CSV:EDU_audd,medium,danish,,
EDU_audd_3165,EDU,audd,3165,"Kuratering, master","Kuratering, master","Kuratering, master",CSV:EDU_audd,medium,danish,,
EDU_audd_8979,EDU,audd,8979,"Forretningsudvikling, it og innovation, master","Forretningsudvikling, it og innovation, master","Business Development, IT and Innovation, master",CSV:EDU_audd,medium,danish,,
EDU_audd_1061,EDU,audd,1061,"2.g, nysproglig linie","2.g, nysproglig linie","2.g, foreign language line",CSV:EDU_audd,medium,danish,,
EDU_audd_8874,EDU,audd,8874,"Kulturmiljø og landskabsanalyse, master","Kulturmiljø og landskabsanalyse, master","Cultural Environment and Landscape Analysis, master",CSV:EDU_audd,medium,danish,,
EDU_audd_5658,EDU,audd,5658,"Erhvervsøkonomi og jura, cand.merc.","Erhvervsøkonomi og jura, cand.merc.","Business Administration and Law, cand.merc.",CSV:EDU_audd,medium,danish,,
EDU_audd_8910,EDU,audd,8910,"Vindenergi, master","Vindenergi, master","Vindenergi, master",CSV:EDU_audd,medium,danish,,
EDU_audd_1064,EDU,audd,1064,"2.g, musiksproglig linie","2.g, musiksproglig linie","2nd grade, musical-instrumental line",CSV:EDU_audd,medium,danish,,
EDU_audd_8934,EDU,audd,8934,"Kulturplanlægning, master","Kulturplanlægning, master","Cultural Planning, master",CSV:EDU_audd,medium,danish,,
EDU_audd_703,EDU,audd,703,"Kunstnerisk, ivu (bachelor)","Kunstnerisk, ivu (bachelor)","Kunstnerisk, ivu (bachelor)",CSV:EDU_audd,medium,danish,,
EDU_audd_8558,EDU,audd,8558,Teknologisk diplomuddannelse,Teknologisk diplomuddannelse,Technological diploma program,CSV:EDU_audd,medium,danish,,
EDU_audd_3829,EDU,audd,3829,Merkonom i miljøledelse,Merkonom i miljøledelse,Marketing Manager in Environmental Management,CSV:EDU_audd,medium,danish,,
EDU_audd_8587,EDU,audd,8587,"Cybersikkerhed, master","Cybersikkerhed, master","Cybersikkerhed, master",CSV:EDU_audd,medium,danish,,
EDU_audd_3812,EDU,audd,3812,Merkonom i international marketing - fransk,Merkonom i international marketing - fransk,Marketing Manager in International Marketing - French,CSV:EDU_audd,medium,danish,,
EDU_audd_1051,EDU,audd,1051,"2.g, matematisk-fysisk linie","2.g, matematisk-fysisk linie","2nd year, mathematical-physics track",CSV:EDU_audd,medium,danish,,
EDU_audd_8820,EDU,audd,8820,"Multimedia arts (MMA), master","Multimedia arts (MMA), master","Multimedia arts (MMA), master",CSV:EDU_audd,medium,danish,,
EDU_audd_5745,EDU,audd,5745,"Pædagogik, lic.pæd. (DPU)","Pædagogik, lic.pæd. (DPU)","Pedagogy, lic.ped. (DPD)",CSV:EDU_audd,medium,danish,,
EDU_audd_8815,EDU,audd,8815,"Language administration (MLA), master","Language administration (MLA), master","Language administration (MLA), master",CSV:EDU_audd,medium,danish,,
EDU_audd_8932,EDU,audd,8932,"Afdelingsbaseret hospitalsmanagement, master","Afdelingsbaseret hospitalsmanagement, master","Department-based hospital management, master",CSV:EDU_audd,medium,danish,,
EDU_audd_5464,EDU,audd,5464,Forskningsbibliotekar,Forskningsbibliotekar,Forskningsbibliotekar,CSV:EDU_audd,medium,danish,,
EDU_audd_8445,EDU,audd,8445,"Praktiklærer til læreruddannelsen, diplomuddannelse","Praktiklærer til læreruddannelsen, diplomuddannelse","Practice teacher for teacher training, diploma education",CSV:EDU_audd,medium,danish,,
EDU_audd_8972,EDU,audd,8972,"Drama- og teaterpædagogik, master","Drama- og teaterpædagogik, master","Drama and theater pedagogy, master",CSV:EDU_audd,medium,danish,,
EDU_audd_8895,EDU,audd,8895,"Museumsstudier, master","Museumsstudier, master","Museumsstudier, master",CSV:EDU_audd,medium,danish,,
EDU_audd_8892,EDU,audd,8892,"Mobil internet communication (MIC), master","Mobil internet communication (MIC), master","Mobil internet communication (MIC), master",CSV:EDU_audd,medium,danish,,
EDU_audd_8561,EDU,audd,8561,Diplomuddannelse i automation,Diplomuddannelse i automation,Diploma education in automation,CSV:EDU_audd,medium,danish,,
EDU_audd_3745,EDU,audd,3745,Datanom i systemteknik,Datanom i systemteknik,Data analysis in systems technology,CSV:EDU_audd,medium,danish,,
EDU_audd_8814,EDU,audd,8814,"Sprogtilegnelse, master","Sprogtilegnelse, master","Sprogtilegnelse, master",CSV:EDU_audd,medium,danish,,
EDU_audd_8891,EDU,audd,8891,"Pharmaceutical regulatory affairs, master","Pharmaceutical regulatory affairs, master","Pharmaceutical regulatory affairs, master",CSV:EDU_audd,medium,danish,,
EDU_audd_8507,EDU,audd,8507,"Materiel kultur, diplomuddannelse","Materiel kultur, diplomuddannelse","Materiel kultur, diplomuddannelse",CSV:EDU_audd,medium,danish,,
EDU_audd_8865,EDU,audd,8865,"Teknisk-videnskabelig miljøvurdering, master","Teknisk-videnskabelig miljøvurdering, master","Technical-scientific environmental assessment, master",CSV:EDU_audd,medium,danish,,
EDU_audd_3804,EDU,audd,3804,Akademiuddannelse i Tolkning,Akademiuddannelse i Tolkning,Academy education in Interpretation,CSV:EDU_audd,medium,danish,,
EDU_audd_8958,EDU,audd,8958,"Vidensbaseret socialt arbejde, master","Vidensbaseret socialt arbejde, master","Vidensbaseret socialt arbejde, master",CSV:EDU_audd,medium,danish,,
EDU_audd_3308,EDU,audd,3308,"Hovedpinesygdomme, master","Hovedpinesygdomme, master","Headache disorders, master",CSV:EDU_audd,medium,danish,,
EDU_audd_3309,EDU,audd,3309,"Lægemiddelregistrering, master","Lægemiddelregistrering, master","Pharmaceutical registration, master",CSV:EDU_audd,medium,danish,,
EDU_audd_8833,EDU,audd,8833,"Material science, master","Material science, master","Material science, master",CSV:EDU_audd,medium,danish,,
EDU_audd_8899,EDU,audd,8899,"Bioteknologi, master","Bioteknologi, master","Bioteknologi, master",CSV:EDU_audd,medium,danish,,
EDU_audd_8913,EDU,audd,8913,"Transport og maritim management, master","Transport og maritim management, master","Transport and maritime management, master",CSV:EDU_audd,medium,danish,,
EDU_audd_5654,EDU,audd,5654,"HA erhvervsøkonomi og jura, bach.","HA erhvervsøkonomi og jura, bach.","Business economics and law, bach.",CSV:EDU_audd,medium,danish,,
EDU_audd_1041,EDU,audd,1041,"1.g, matematisk linie","1.g, matematisk linie","1st grade, mathematical track",CSV:EDU_audd,medium,danish,,
EDU_audd_3051,EDU,audd,3051,"Bioteknologi, master","Bioteknologi, master","Bioteknologi, master",CSV:EDU_audd,medium,danish,,
EDU_audd_3943,EDU,audd,3943,"Mellemlange videregående uddannelser, fagspecifikke kurser","Mellemlange videregående uddannelser, fagspecifikke kurser","Intermediate further education, subject-specific courses",CSV:EDU_audd,medium,danish,,
EDU_audd_5550,EDU,audd,5550,Erhvervssproglig diplomprøve ED una,Erhvervssproglig diplomprøve ED una,Vocational Language Diploma Exam ED una,CSV:EDU_audd,medium,danish,,
EDU_audd_3020,EDU,audd,3020,"Moderne tysklandsstudier,master","Moderne tysklandsstudier,master","Moderne tysklandsstudier,master",CSV:EDU_audd,medium,danish,,
EDU_audd_8830,EDU,audd,8830,"Multimedia science (MMS), master","Multimedia science (MMS), master","Multimedia science (MMS), master",CSV:EDU_audd,medium,danish,,
EDU_audd_5555,EDU,audd,5555,"Russisk, erhvervssproglig diplomprøve ED","Russisk, erhvervssproglig diplomprøve ED","Russian, vocational language diploma ED",CSV:EDU_audd,medium,danish,,
EDU_audd_8556,EDU,audd,8556,Teknologisk diplomuddannelse i parkvirksomhed,Teknologisk diplomuddannelse i parkvirksomhed,Technological diploma education in park management,CSV:EDU_audd,medium,danish,,
EDU_audd_545,EDU,audd,545,"Naturvidenskab, ivu (mvu)","Naturvidenskab, ivu (mvu)","Natural sciences, ivu (mvu)",CSV:EDU_audd,medium,danish,,
EDU_audd_320,EDU,audd,320,"Pædagogik, ivu (eud)","Pædagogik, ivu (eud)","Pedagogy, ivu (eud)",CSV:EDU_audd,medium,danish,,
EDU_audd_630,EDU,audd,630,"Kunstnerisk, ivu (lvu)","Kunstnerisk, ivu (lvu)","Kunstnerisk, ivu (lvu)",CSV:EDU_audd,medium,danish,,
EDU_audd_1042,EDU,audd,1042,"1.g, sproglig linie","1.g, sproglig linie","1.g, sproglig linie",CSV:EDU_audd,medium,danish,,
EDU_audd_8166,EDU,audd,8166,"Datalogi, overbygning","Datalogi, overbygning","Computer science, postgraduate",CSV:EDU_audd,medium,danish,,
EDU_audd_8821,EDU,audd,8821,"Kulturhistorisk informatik, master","Kulturhistorisk informatik, master","Kulturhistorisk informatik, master",CSV:EDU_audd,medium,danish,,
EDU_audd_4372,EDU,audd,4372,Hjemmeserviceassistent,Hjemmeserviceassistent,Hjemmeserviceassistent,CSV:EDU_audd,medium,danish,,
EDU_audd_3866,EDU,audd,3866,Teknonom i infomationsteknologi i virksomhed,Teknonom i infomationsteknologi i virksomhed,Techno-economics in information technology in business,CSV:EDU_audd,medium,danish,,
EDU_audd_8851,EDU,audd,8851,"Europastudier, master","Europastudier, master","Europastudier, master",CSV:EDU_audd,medium,danish,,
EDU_audd_8444,EDU,audd,8444,Voksenvejleder,Voksenvejleder,Voksenvejleder,CSV:EDU_audd,medium,danish,,
EDU_audd_3845,EDU,audd,3845,Revision,Revision,Revision,CSV:EDU_audd,medium,danish,,
EDU_audd_3322,EDU,audd,3322,Åben uddannelse,Åben uddannelse,Open education,CSV:EDU_audd,medium,danish,,
EDU_audd_3352,EDU,audd,3352,Akademiuddannelse i Miljøteknologi,Akademiuddannelse i Miljøteknologi,Academic Program in Environmental Technology,CSV:EDU_audd,medium,danish,,
EDU_audd_1062,EDU,audd,1062,"2.g, klassisksproglig linie","2.g, klassisksproglig linie","2nd Year, Classical Language Line",CSV:EDU_audd,medium,danish,,
EDU_audd_8014,EDU,audd,8014,"Kemi (komb. HUM), cand.scient.","Kemi (komb. HUM), cand.scient.","Kemi (komb. HUM), cand.scient.",CSV:EDU_audd,medium,danish,,
EDU_audd_1543,EDU,audd,1543,2-årig hf,2-årig hf,2-year high school program,CSV:EDU_audd,medium,danish,,
EDU_audd_8446,EDU,audd,8446,"Praktikvejleder til socialrådgiveruddannelsen, diplomuddannelse","Praktikvejleder til socialrådgiveruddannelsen, diplomuddannelse","Practice Supervisor for Social Worker Education, Diploma Program",CSV:EDU_audd,medium,danish,,
EDU_audd_5401,EDU,audd,5401,"Jordbrugsøkonomi, cand.agro.øk.","Jordbrugsøkonomi, cand.agro.øk.","Agricultural economics, cand.agr.econ.",CSV:EDU_audd,medium,danish,,
EDU_audd_8055,EDU,audd,8055,"Sustainable and Safe Food production, master","Sustainable and Safe Food production, master","Sustainable and Safe Food production, master",CSV:EDU_audd,medium,danish,,
EDU_audd_1899,EDU,audd,1899,International studentereksamen,International studentereksamen,International Student Examination,CSV:EDU_audd,medium,danish,,
EDU_audd_255,EDU,audd,255,"Grafisk, ivu (amu)","Grafisk, ivu (amu)","Grafisk, ivu (amu)",CSV:EDU_audd,medium,danish,,
