code,prefix,database,value,description,description_da,description_da_alt,description_da_full,description_en,description_en_official,description_en_official_source,description_en_source,source,confidence,language,parent_code,hierarchy_level,n_occurrences,n_people,pct_people,program_group,is_primary_code
EDU_udd_1116,EDU,udd,1116,Grundskole 7.-9. kl.,Grundskole 7.-9. kl.,,,Primary school grades 7-9 [current education],,,translated,CSV:EDU_udd,medium,danish,,,16306000,3681286,0.407732,Grundskole 7.-9. kl.,True
EDU_udd_1117,EDU,udd,1117,Grundskole 10.-11. kl.,Grundskole 10.-11. kl.,,,Primary School 10.-11th Grade [current education],,,translated,CSV:EDU_udd,medium,danish,,,3334978,1601847,0.177418,Grundskole 10.-11. kl.,True
EDU_udd_4106,EDU,udd,4106,Maskinuddannelse,Maskinuddannelse,,,Machine programme [current education],,,translated,CSV:EDU_udd,medium,danish,,,89286,40241,0.004457,Maskinuddannelse,True
EDU_udd_5189,EDU,udd,5189,Maskinmester,Maskinmester,,,Marine engineer [current education],,,translated,CSV:EDU_udd,medium,danish,,,12916,5980,0.000662,Maskinmester,True
EDU_udd_4198,EDU,udd,4198,Hg,Hg,,,Hg (higher commercial preparatory course) [current education],,,translated,CSV:EDU_udd,medium,danish,,,554064,271707,0.030094,Hg,True
EDU_udd_4192,EDU,udd,4192,Detailhandelsuddannelsen med specialer,Detailhandelsuddannelsen med specialer,,,Retail Management Program with Specializations [current education],,,translated,CSV:EDU_udd,medium,danish,,,601390,259450,0.028736,Detailhandelsuddannelsen med specialer,True
EDU_udd_1179,EDU,udd,1179,Matematisk gymnasium,Matematisk gymnasium,,,Mathematical upper-secondary school [current education],,,translated,CSV:EDU_udd,medium,danish,,,2265856,415786,0.046052,Matematisk gymnasium,True
EDU_udd_5425,EDU,udd,5425,"Farmaci, kand.","Farmaci, kand.",,,"Pharmacy, kand. [current education]",,,translated,CSV:EDU_udd,medium,danish,,,11050,5486,0.000608,"Farmaci, kand.",True
EDU_udd_7180,EDU,udd,7180,"Sundhedsvidenskab, ph.d.","Sundhedsvidenskab, ph.d.",,,"Health Science, ph.d. [current education]",,,translated,CSV:EDU_udd,medium,danish,,,35342,17552,0.001944,"Sundhedsvidenskab, ph.d.",True
EDU_udd_4303,EDU,udd,4303,Lager- og terminaluddannelsen,Lager- og terminaluddannelsen,,,Warehouse and Terminal Training [current education],,,translated,CSV:EDU_udd,medium,danish,,,35864,13581,0.001504,Lager- og terminaluddannelsen,True
EDU_udd_5045,EDU,udd,5045,Værkstedsskoleforløb,Værkstedsskoleforløb,,,Workshop Course [current education],,,translated,CSV:EDU_udd,medium,danish,,,44952,22266,0.002466,Værkstedsskoleforløb,True
EDU_udd_5325,EDU,udd,5325,"Modulordning, teknikumingeniør","Modulordning, teknikumingeniør",,,"Modular System, Technical Engineering [current education]",,,translated,CSV:EDU_udd,medium,danish,,,56546,27462,0.003042,"Modulordning, teknikumingeniør",True
EDU_udd_5337,EDU,udd,5337,"Svagstrøm, ing.prof.bach.","Svagstrøm, ing.prof.bach.",,,"Weak Current Technology, ing.prof.bach. [current education]",,,translated,CSV:EDU_udd,medium,danish,,,5228,2566,0.000284,"Svagstrøm, ing.prof.bach.",True
EDU_udd_4120,EDU,udd,4120,"Jern og metal, basisår","Jern og metal, basisår",,,"Iron and Metal, Foundation Year [current education]",,,translated,CSV:EDU_udd,medium,danish,,,187088,91558,0.010141,"Jern og metal, basisår",True
EDU_udd_4110,EDU,udd,4110,Elektronik- og svagstrømsuddannelsen,Elektronik- og svagstrømsuddannelsen,,,Electronics and Weak Current Training [current education],,,translated,CSV:EDU_udd,medium,danish,,,47678,21943,0.00243,Elektronik- og svagstrømsuddannelsen,True
EDU_udd_4550,EDU,udd,4550,"Landtransport, basisår","Landtransport, basisår",,,"Land Transport, Foundation Year [current education]",,,translated,CSV:EDU_udd,medium,danish,,,9322,4642,0.000514,"Landtransport, basisår",True
EDU_udd_4156,EDU,udd,4156,Vejgodstransportuddannelsen,Vejgodstransportuddannelsen,,,Road Transport Education [current education],,,translated,CSV:EDU_udd,medium,danish,,,38024,14589,0.001616,Vejgodstransportuddannelsen,True
EDU_udd_2517,EDU,udd,2517,Efterskoler 10.-11. kl.,Efterskoler 10.-11. kl.,,,"Continuation schools, 10-11th grade [current education]",,,translated,CSV:EDU_udd,medium,danish,,,1327604,636112,0.070455,Efterskoler 10.-11. kl.,True
EDU_udd_1539,EDU,udd,1539,Hf,Hf,,,HF (higher preparatory examination) [current education],,,translated,CSV:EDU_udd,medium,danish,,,1416172,382218,0.042334,Hf,True
EDU_udd_5440,EDU,udd,5440,"Folkeskolelærer, prof.bach.","Folkeskolelærer, prof.bach.",,,"Primary School Teacher, Prof. bach. [current education]",,,translated,CSV:EDU_udd,medium,danish,,,367530,172269,0.01908,"Folkeskolelærer, prof.bach.",True
EDU_udd_2516,EDU,udd,2516,Efterskoler 8.-9. kl.,Efterskoler 8.-9. kl.,,,"Continuation schools, 8-9th grade [current education]",,,translated,CSV:EDU_udd,medium,danish,,,867904,363291,0.040237,Efterskoler 8.-9. kl.,True
EDU_udd_5443,EDU,udd,5443,Pædagogisk grunduddannelse PGU,Pædagogisk grunduddannelse PGU,,,Pedagogic Basic Education PGU [current education],,,translated,CSV:EDU_udd,medium,danish,,,22748,11271,0.001248,Pædagogisk grunduddannelse PGU,True
EDU_udd_4442,EDU,udd,4442,Receptionist,Receptionist,,,Receptionist [current education],,,copy-of-da,CSV:EDU_udd,medium,danish,,,12046,4836,0.000536,Receptionist,True
EDU_udd_4380,EDU,udd,4380,"Service, basisår","Service, basisår",,,"Service, Foundation Year [current education]",,,translated,CSV:EDU_udd,medium,danish,,,50222,24909,0.002759,"Service, basisår",True
EDU_udd_4190,EDU,udd,4190,Kontoruddannelse med specialer,Kontoruddannelse med specialer,,,Office Education with Specializations [current education],,,translated,CSV:EDU_udd,medium,danish,,,637602,279428,0.030949,Kontoruddannelse med specialer,True
EDU_udd_4007,EDU,udd,4007,"Hhx, 2-årig (gl. ordn.)","Hhx, 2-årig (gl. ordn.)",,,"HHX, 2-year (old order) [current education]",,,translated,CSV:EDU_udd,medium,danish,,,748716,136088,0.015073,"Hhx, 2-årig (gl. ordn.)",True
EDU_udd_1189,EDU,udd,1189,Sproglig gymnasium,Sproglig gymnasium,,,Upper-secondary school (language stream) [current education],,,translated,CSV:EDU_udd,medium,danish,,,1441258,269611,0.029862,Sproglig gymnasium,True
EDU_udd_5331,EDU,udd,5331,"Global business og teknologi, ing.prof.bach.","Global business og teknologi, ing.prof.bach.",,,"Global Business and Technology, Ing. prof. bach. [current education]",,,translated,CSV:EDU_udd,medium,danish,,,9474,4654,0.000515,"Global business og teknologi, ing.prof.bach.",True
EDU_udd_5050,EDU,udd,5050,Tf-kursus,Tf-kursus,,,Tf course [current education],,,translated,CSV:EDU_udd,medium,danish,,,16712,8240,0.000913,Tf-kursus,True
EDU_udd_4193,EDU,udd,4193,Finansuddannelsen,Finansuddannelsen,,,Finance programme [current education],,,translated,CSV:EDU_udd,medium,danish,,,94948,46880,0.005192,Finansuddannelsen,True
EDU_udd_4036,EDU,udd,4036,Laborant,Laborant,,,Laboratory technician [current education],,,translated,CSV:EDU_udd,medium,danish,,,55970,26749,0.002963,Laborant,True
EDU_udd_4498,EDU,udd,4498,Optometrist (erhvervsfaglig),Optometrist (erhvervsfaglig),,,Optometrist (vocational) [current education],,,translated,CSV:EDU_udd,medium,danish,,,9562,3325,0.000368,Optometrist (erhvervsfaglig),True
EDU_udd_4144,EDU,udd,4144,Industrioperatør,Industrioperatør,,,Industrial Operator [current education],,,translated,CSV:EDU_udd,medium,danish,,,35432,11349,0.001257,Industrioperatør,True
EDU_udd_4276,EDU,udd,4276,Autolakerer,Autolakerer,,,Car painter [current education],,,translated,CSV:EDU_udd,medium,danish,,,19178,7437,0.000824,Autolakerer,True
EDU_udd_5352,EDU,udd,5352,"Elektro, akademiingeniør","Elektro, akademiingeniør",,,"Electrical Engineering, Academy Engineer [current education]",,,translated,CSV:EDU_udd,medium,danish,,,6672,3321,0.000368,"Elektro, akademiingeniør",True
EDU_udd_4008,EDU,udd,4008,"Hhx, 1-årig","Hhx, 1-årig",,,"HHX, 1-Year Program [current education]",,,translated,CSV:EDU_udd,medium,danish,,,148312,73703,0.008163,"Hhx, 1-årig",True
EDU_udd_4191,EDU,udd,4191,Handelsuddannelse med specialer,Handelsuddannelse med specialer,,,Commerce Education with Specializations [current education],,,translated,CSV:EDU_udd,medium,danish,,,177414,71976,0.007972,Handelsuddannelse med specialer,True
EDU_udd_5444,EDU,udd,5444,"Pædagog, prof.bach.","Pædagog, prof.bach.",,,"Educator, Prof. Bach. [current education]",,,translated,CSV:EDU_udd,medium,danish,,,346408,165507,0.018331,"Pædagog, prof.bach.",True
EDU_udd_4996,EDU,udd,4996,Informatikassistent,Informatikassistent,,,IT assistant [current education],,,translated,CSV:EDU_udd,medium,danish,,,14700,7194,0.000797,Informatikassistent,True
EDU_udd_4640,EDU,udd,4640,Veterinærsygeplejerske,Veterinærsygeplejerske,,,Veterinary Nurse [current education],,,translated,CSV:EDU_udd,medium,danish,,,10210,2877,0.000319,Veterinærsygeplejerske,True
EDU_udd_7230,EDU,udd,7230,"Teologi, kand.","Teologi, kand.",,,"Theology, kand. [current education]",,,translated,CSV:EDU_udd,medium,danish,,,15496,7293,0.000808,"Teologi, kand.",True
EDU_udd_5127,EDU,udd,5127,"Socialrådgiver, prof.bach.","Socialrådgiver, prof.bach.",,,"Social Worker, Prof. Bach. [current education]",,,translated,CSV:EDU_udd,medium,danish,,,113124,54588,0.006046,"Socialrådgiver, prof.bach.",True
EDU_udd_4320,EDU,udd,4320,"Levnedsmiddelfag, basisår","Levnedsmiddelfag, basisår",,,"Food Science, Foundation Year [current education]",,,translated,CSV:EDU_udd,medium,danish,,,60484,30087,0.003332,"Levnedsmiddelfag, basisår",True
EDU_udd_4274,EDU,udd,4274,Bygningsmaler,Bygningsmaler,,,Building painter [current education],,,translated,CSV:EDU_udd,medium,danish,,,90288,35042,0.003881,Bygningsmaler,True
EDU_udd_4105,EDU,udd,4105,Smed,Smed,,,Smith [current education],,,translated,CSV:EDU_udd,medium,danish,,,183782,70978,0.007861,Smed,True
EDU_udd_2487,EDU,udd,2487,"Landbrugsskole, grundskole afkortet","Landbrugsskole, grundskole afkortet",,,"Agricultural school, abbreviated basic course [current education]",,,translated,CSV:EDU_udd,medium,danish,,,2366,1183,0.000131,"Landbrugsskole, grundskole afkortet",True
EDU_udd_4112,EDU,udd,4112,Elektriker,Elektriker,,,Electrician [current education],,,translated,CSV:EDU_udd,medium,danish,,,229968,89866,0.009953,Elektriker,True
EDU_udd_5032,EDU,udd,5032,El-installatøruddannelse,El-installatøruddannelse,,,Electrical Installation Training [current education],,,translated,CSV:EDU_udd,medium,danish,,,18846,9071,0.001005,El-installatøruddannelse,True
EDU_udd_5700,EDU,udd,5700,"HA almen erhvervsøkonomi, bach.","HA almen erhvervsøkonomi, bach.",,,"HA General Business Economics, Bach. [current education]",,,translated,CSV:EDU_udd,medium,danish,,,137200,67191,0.007442,"HA almen erhvervsøkonomi, bach.",True
EDU_udd_2005,EDU,udd,2005,"Skibsassistent, grundkursus modul 1+2","Skibsassistent, grundkursus modul 1+2",,,"Ship's assistant, grundkursus modul 1+2 [current education]",,,translated,CSV:EDU_udd,medium,danish,,,44232,20043,0.00222,"Skibsassistent, grundkursus modul 1+2",True
EDU_udd_4739,EDU,udd,4739,"Sundhed, omsorg og pædagogik","Sundhed, omsorg og pædagogik",,,"Health, Care and Pedagogy [current education]",,,translated,CSV:EDU_udd,medium,danish,,,86218,40781,0.004517,"Sundhed, omsorg og pædagogik",True
EDU_udd_4164,EDU,udd,4164,Gastronom,Gastronom,,,Gastronom [current education],,,copy-of-da,CSV:EDU_udd,medium,danish,,,134138,52301,0.005793,Gastronom,True
EDU_udd_1889,EDU,udd,1889,Sproglig studenterkursus,Sproglig studenterkursus,,,Language-oriented student course [current education],,,translated,CSV:EDU_udd,medium,danish,,,58296,17937,0.001987,Sproglig studenterkursus,True
EDU_udd_5147,EDU,udd,5147,Social- og sundhedshjælper,Social- og sundhedshjælper,,,Social and Health Care Assistant [current education],,,translated,CSV:EDU_udd,medium,danish,,,232270,112856,0.0125,Social- og sundhedshjælper,True
EDU_udd_4000,EDU,udd,4000,Markedsøkonom,Markedsøkonom,,,Marketing Economics [current education],,,translated,CSV:EDU_udd,medium,danish,,,20404,9946,0.001102,Markedsøkonom,True
EDU_udd_5075,EDU,udd,5075,"Tekstildesign, -håndværk og formidling, prof.bach.","Tekstildesign, -håndværk og formidling, prof.bach.",,,"Textile Design, Craft and Communication, prof.bach. [current education]",,,translated,CSV:EDU_udd,medium,danish,,,18648,9204,0.001019,"Tekstildesign, -håndværk og formidling, prof.bach.",True
EDU_udd_4520,EDU,udd,4520,"Jordbrugsfag, basisår","Jordbrugsfag, basisår",,,"Agriculture, Foundation Year [current education]",,,translated,CSV:EDU_udd,medium,danish,,,12548,6250,0.000692,"Jordbrugsfag, basisår",True
EDU_udd_4626,EDU,udd,4626,Væksthusgartner,Væksthusgartner,,,Greenhouse Gardener [current education],,,translated,CSV:EDU_udd,medium,danish,,,13884,5582,0.000618,Væksthusgartner,True
EDU_udd_4113,EDU,udd,4113,Mekaniker,Mekaniker,,,Mechanic [current education],,,translated,CSV:EDU_udd,medium,danish,,,147232,65936,0.007303,Mekaniker,True
EDU_udd_8117,EDU,udd,8117,"Matematik-økonomi, kand.","Matematik-økonomi, kand.",,,"Mathematics-Economics, kand. [current education]",,,translated,CSV:EDU_udd,medium,danish,,,1976,974,0.000108,"Matematik-økonomi, kand.",True
EDU_udd_5340,EDU,udd,5340,Diploma engineer (professional bachelor),Diplomingeniør prof.bach.,,,Diploma engineer (professional bachelor) [current education],,,manual_level_fix,CSV:EDU_udd,medium,danish,,,2466,1220,0.000135,Diplomingeniør prof.bach.,True
EDU_udd_5333,EDU,udd,5333,"Maskin, ing.prof.bach.","Maskin, ing.prof.bach.",,,"Machine Engineering, ing.prof.bach. [current education]",,,translated,CSV:EDU_udd,medium,danish,,,10692,5222,0.000578,"Maskin, ing.prof.bach.",True
EDU_udd_7080,EDU,udd,7080,"Jura, kand.","Jura, kand.",,,"Law, kand. [current education]",,,translated,CSV:EDU_udd,medium,danish,,,41336,19898,0.002204,"Jura, kand.",True
EDU_udd_7120,EDU,udd,7120,"Samfundsvidenskab, ph.d.","Samfundsvidenskab, ph.d.",,,"Social Science, ph.d. [current education]",,,translated,CSV:EDU_udd,medium,danish,,,13838,6851,0.000759,"Samfundsvidenskab, ph.d.",True
EDU_udd_5030,EDU,udd,5030,Byggetekniker,Byggetekniker,,,Building technician,,,translated,CSV:EDU_udd,medium,danish,,,28592,13977,0.001548,Byggetekniker,True
EDU_udd_4061,EDU,udd,4061,Bygningskonstruktør,Bygningskonstruktør,,,Building Constructor [current education],,,translated,CSV:EDU_udd,medium,danish,,,16516,8138,0.000901,Bygningskonstruktør,True
EDU_udd_5470,EDU,udd,5470,"Arkitekt, kand.","Arkitekt, kand.",,,"Architect, kand. [current education]",,,translated,CSV:EDU_udd,medium,danish,,,26696,12632,0.001399,"Arkitekt, kand.",True
EDU_udd_4360,EDU,udd,4360,"Grafisk, basisår","Grafisk, basisår",,,"Graphic Design, Foundation Year [current education]",,,translated,CSV:EDU_udd,medium,danish,,,21116,10166,0.001126,"Grafisk, basisår",True
EDU_udd_5124,EDU,udd,5124,Service- og oplevelsesøkonomi,Service- og oplevelsesøkonomi,,,Service and Experience Economy [current education],,,translated,CSV:EDU_udd,medium,danish,,,20698,10120,0.001121,Service- og oplevelsesøkonomi,True
EDU_udd_5113,EDU,udd,5113,Socialpædagog,Socialpædagog,,,Social Pedagogue [current education],,,translated,CSV:EDU_udd,medium,danish,,,43168,20845,0.002309,Socialpædagog,True
EDU_udd_7431,EDU,udd,7431,"Økonomi, bach.","Økonomi, bach.",,,"Economics, bach. [current education]",,,translated,CSV:EDU_udd,medium,danish,,,22684,11177,0.001238,"Økonomi, bach.",True
EDU_udd_7045,EDU,udd,7045,"Statsvidenskab, kand.2år","Statsvidenskab, kand.2år",,,"Political Science, kand.2yr [current education]",,,translated,CSV:EDU_udd,medium,danish,,,3292,1613,0.000179,"Statsvidenskab, kand.2år",True
EDU_udd_4157,EDU,udd,4157,"Anlægsstruktør, bygningstruktør og brolægger","Anlægsstruktør, bygningstruktør og brolægger",,,"Plant Engineer, Building Constructor and paver [current education]",,,translated,CSV:EDU_udd,medium,danish,,,34402,11026,0.001221,"Anlægsstruktør, bygningstruktør og brolægger",True
EDU_udd_4162,EDU,udd,4162,Gourmetslagter,Gourmetslagter,,,Gourmet butcher [current education],,,translated,CSV:EDU_udd,medium,danish,,,53326,20886,0.002313,Gourmetslagter,True
EDU_udd_4141,EDU,udd,4141,Boligmonteringsuddannelsen,Boligmonteringsuddannelsen,,,Residential Fitting Training Program [current education],,,translated,CSV:EDU_udd,medium,danish,,,3906,1580,0.000175,Boligmonteringsuddannelsen,True
EDU_udd_5135,EDU,udd,5135,Procesteknolog,Procesteknolog,,,Process technologist [current education],,,translated,CSV:EDU_udd,medium,danish,,,7600,3647,0.000404,Procesteknolog,True
EDU_udd_5450,EDU,udd,5450,"Ernærings- og husholdningsøkonomi, prof.bach.","Ernærings- og husholdningsøkonomi, prof.bach.",,,"Nutrition and Household Economics, prof.bach. [current education]",,,translated,CSV:EDU_udd,medium,danish,,,8470,4116,0.000456,"Ernærings- og husholdningsøkonomi, prof.bach.",True
EDU_udd_4031,EDU,udd,4031,"Htx, 2-årig (gl. ordn.)","Htx, 2-årig (gl. ordn.)",,,"HTX, 2-year (old order) [current education]",,,translated,CSV:EDU_udd,medium,danish,,,67998,12889,0.001428,"Htx, 2-årig (gl. ordn.)",True
EDU_udd_4710,EDU,udd,4710,Det merkantile område,Det merkantile område,,,The commercial field [current education],,,translated,CSV:EDU_udd,medium,danish,,,468750,211136,0.023385,Det merkantile område,True
EDU_udd_4014,EDU,udd,4014,Datamatiker,Datamatiker,,,Computer scientist (datamatician) [current education],,,translated,CSV:EDU_udd,medium,danish,,,57126,26984,0.002989,Datamatiker,True
EDU_udd_2460,EDU,udd,2460,Landmand faglært modul 1b,Landmand faglært modul 1b,,,Farmer vocational module 1b [current education],,,translated,CSV:EDU_udd,medium,danish,,,91092,45416,0.00503,Landmand faglært modul 1b,True
EDU_udd_2485,EDU,udd,2485,Landmand faglært modul 2,Landmand faglært modul 2,,,Farmer vocational module 2 [current education],,,translated,CSV:EDU_udd,medium,danish,,,54340,26896,0.002979,Landmand faglært modul 2,True
EDU_udd_2486,EDU,udd,2486,Driftsleder grønt bevis,Driftsleder grønt bevis,,,Green business leader certificate [current education],,,translated,CSV:EDU_udd,medium,danish,,,31436,15666,0.001735,Driftsleder grønt bevis,True
EDU_udd_5151,EDU,udd,5151,"Fysioterapi, prof.bach.","Fysioterapi, prof.bach.",,,"Physiotherapy, prof.bach. [current education]",,,translated,CSV:EDU_udd,medium,danish,,,65482,31637,0.003504,"Fysioterapi, prof.bach.",True
EDU_udd_6063,EDU,udd,6063,"Bygning, civilingeniør 2år (AAU)","Bygning, civilingeniør 2år (AAU)",,,"Construction, civil engineer 2yr (AAU) [current education]",,,translated,CSV:EDU_udd,medium,danish,,,836,418,4.6e-05,"Bygning, civilingeniør 2år (AAU)",True
EDU_udd_5708,EDU,udd,5708,"Revision, kand.2år","Revision, kand.2år",,,"Auditing, kand.2yr [current education]",,,translated,CSV:EDU_udd,medium,danish,,,6150,3042,0.000337,"Revision, kand.2år",False
EDU_udd_4170,EDU,udd,4170,"Bygge og anlæg, basisår","Bygge og anlæg, basisår",,,"Construction and facilities, foundation year [current education]",,,translated,CSV:EDU_udd,medium,danish,,,67424,32851,0.003639,"Bygge og anlæg, basisår",True
EDU_udd_5299,EDU,udd,5299,Adgangseksamen til ingeniøruddannelsen,Adgangseksamen til ingeniøruddannelsen,,,Admission exam for engineering programs [current education],,,translated,CSV:EDU_udd,medium,danish,,,83398,40146,0.004446,Adgangseksamen til ingeniøruddannelsen,True
EDU_udd_5347,EDU,udd,5347,"Bæredygtig energiteknik, ing.prof.bach.","Bæredygtig energiteknik, ing.prof.bach.",,,"Sustainable energy technology, ing.prof.bach. [current education]",,,translated,CSV:EDU_udd,medium,danish,,,946,471,5.2e-05,"Bæredygtig energiteknik, ing.prof.bach.",True
EDU_udd_5166,EDU,udd,5166,"Sygeplejerske, prof.bach.","Sygeplejerske, prof.bach.",,,"Nurse, prof.bach. [current education]",,,translated,CSV:EDU_udd,medium,danish,,,312034,147784,0.016368,"Sygeplejerske, prof.bach.",True
EDU_udd_4158,EDU,udd,4158,Træfagenes byggeuddannelse,Træfagenes byggeuddannelse,,,Construction education for carpenters [current education],,,translated,CSV:EDU_udd,medium,danish,,,292096,107745,0.011934,Træfagenes byggeuddannelse,True
EDU_udd_6061,EDU,udd,6061,Civil- og akademiingeniører una (AAU),Civil- og akademiingeniører una (AAU),,,Civil and academic engineers una (AAU) [current education],,,translated,CSV:EDU_udd,medium,danish,,,9286,4537,0.000503,Civil- og akademiingeniører una (AAU),True
EDU_udd_7447,EDU,udd,7447,"Biologi, bach.","Biologi, bach.",,,"Biology, bach. [current education]",,,translated,CSV:EDU_udd,medium,danish,,,13044,6416,0.000711,"Biologi, bach.",True
EDU_udd_8240,EDU,udd,8240,"Biologi, kand.2år","Biologi, kand.2år",,,"Biology, kand.2yr [current education]",,,manual_level_fix,CSV:EDU_udd,medium,danish,,,8212,3989,0.000442,"Biologi, kand.2år",True
EDU_udd_4010,EDU,udd,4010,Edb-assistent,Edb-assistent,,,EDP assistant (data-processing assistant) [current education],,,translated,CSV:EDU_udd,medium,danish,,,25162,12494,0.001384,Edb-assistent,True
EDU_udd_5656,EDU,udd,5656,"HA(it) erhvervsøkonomi-informationsteknologi, bach.","HA(it) erhvervsøkonomi-informationsteknologi, bach.",,,"HA(it) business economics-information technology, bach. [current education]",,,translated,CSV:EDU_udd,medium,danish,,,9632,4767,0.000528,"HA(it) erhvervsøkonomi-informationsteknologi, bach.",True
EDU_udd_5657,EDU,udd,5657,"Erhvervsøkonomi og informationsteknologi, kand.2år","Erhvervsøkonomi og informationsteknologi, kand.2år",,,"Business Administration and Information Technology, kand.2yr [current education]",,,manual_level_fix,CSV:EDU_udd,medium,danish,,,7058,3452,0.000382,"Erhvervsøkonomi og informationsteknologi, kand.2år",True
EDU_udd_4252,EDU,udd,4252,Karrosseriteknikeruddannelsen,Karrosseriteknikeruddannelsen,,,Body repair technician education [current education],,,translated,CSV:EDU_udd,medium,danish,,,24120,8594,0.000952,Karrosseriteknikeruddannelsen,True
EDU_udd_4738,EDU,udd,4738,"Strøm, styring og IT","Strøm, styring og IT",,,"Electricity, control and IT [current education]",,,translated,CSV:EDU_udd,medium,danish,,,68214,31694,0.00351,"Strøm, styring og IT",True
EDU_udd_4311,EDU,udd,4311,Procesoperatør,Procesoperatør,,,Process operator [current education],,,translated,CSV:EDU_udd,medium,danish,,,13758,4699,0.00052,Procesoperatør,True
EDU_udd_6104,EDU,udd,6104,"Naturvidenskab, basis (kand.) (RUC)","Naturvidenskab, basis (kand.) (RUC)",,,"Natural sciences, foundation (kand.) (RUC) [current education]",,,translated,CSV:EDU_udd,medium,danish,,,4568,2275,0.000252,"Naturvidenskab, basis (kand.) (RUC)",True
EDU_udd_8081,EDU,udd,8081,"Datalogi, kand.2år","Datalogi, kand.2år",,,"Computer Science, kand.2yr [current education]",,,translated,CSV:EDU_udd,medium,danish,,,6044,2975,0.00033,"Datalogi, kand.2år",True
EDU_udd_5675,EDU,udd,5675,"Erhvervssprog engelsk-spansk, korrespondent","Erhvervssprog engelsk-spansk, korrespondent",,,"Business Languages English-Spanish, correspondence [current education]",,,translated,CSV:EDU_udd,medium,danish,,,2800,1400,0.000155,"Erhvervssprog engelsk-spansk, korrespondent",True
EDU_udd_4028,EDU,udd,4028,"Akademiøkonom i service, hotel og turisme","Akademiøkonom i service, hotel og turisme",,,"Academy Economics in Service, Hotel and Tourism [current education]",,,translated,CSV:EDU_udd,medium,danish,,,1720,849,9.4e-05,"Akademiøkonon i service, hotel og turisme",True
EDU_udd_4790,EDU,udd,4790,Social- og sundhedshjælper,Social- og sundhedshjælper,,,Social and Health Care Assistant [current education],,,translated,CSV:EDU_udd,medium,danish,,,84352,28636,0.003172,Social- og sundhedshjælper,False
EDU_udd_4715,EDU,udd,4715,Fra jord til bord,Fra jord til bord,,,From Field to Table [current education],,,translated,CSV:EDU_udd,medium,danish,,,196670,90970,0.010076,Fra jord til bord,True
EDU_udd_4716,EDU,udd,4716,"Mekanik, transport og logistik","Mekanik, transport og logistik",,,"Mechanics, Transport and Logistics [current education]",,,translated,CSV:EDU_udd,medium,danish,,,128810,59526,0.006593,"Mekanik, transport og logistik",True
EDU_udd_6430,EDU,udd,6430,"Litteraturvidenskab, kand.2år","Litteraturvidenskab, kand.2år",,,"Literary Studies, kand.2yr [current education]",,,translated,CSV:EDU_udd,medium,danish,,,2826,1361,0.000151,"Litteraturvidenskab, kand.2år",True
EDU_udd_4431,EDU,udd,4431,Ernæringsassistent,Ernæringsassistent,,,Nutrition Assistant [current education],,,translated,CSV:EDU_udd,medium,danish,,,58200,24725,0.002738,Ernæringsassistent,True
EDU_udd_4159,EDU,udd,4159,VVS-energiuddannelsen,VVS-energiuddannelsen,,,VVS Energy Education [current education],,,translated,CSV:EDU_udd,medium,danish,,,95280,34771,0.003851,VVS-energiuddannelsen,True
EDU_udd_5260,EDU,udd,5260,"Civilingeniør una, civilingeniør 2år","Civilingeniør una, civilingeniør 2år",,,"Civil Engineer, civilingeniør 2yr [current education]",,,manual_level_fix,CSV:EDU_udd,medium,danish,,,11780,5767,0.000639,"Civilingenør una, civilingeniør 2år",True
EDU_udd_8010,EDU,udd,8010,"Matematisk-fysisk faggruppe, kand.","Matematisk-fysisk faggruppe, kand.",,,"Mathematical-Physical Subject Group, kand. [current education]",,,translated,CSV:EDU_udd,medium,danish,,,42628,20277,0.002246,"Matematisk-fysisk faggruppe, kand.",True
EDU_udd_8000,EDU,udd,8000,"Naturvidenskab, ph.d.","Naturvidenskab, ph.d.",,,"Natural Science, ph.d. [current education]",,,translated,CSV:EDU_udd,medium,danish,,,22544,11224,0.001243,"Naturvidenskab, ph.d.",True
EDU_udd_4278,EDU,udd,4278,Murer,Murer,,,Bricklayer [current education],,,translated,CSV:EDU_udd,medium,danish,,,97476,36758,0.004071,Murer,True
EDU_udd_4199,EDU,udd,4199,Ti teknisk introduktionskursus,Ti teknisk introduktionskursus,,,Ten technical introductory courses [current education],,,translated,CSV:EDU_udd,medium,danish,,,235866,115015,0.012739,Ti teknisk introduktionskursus,True
EDU_udd_5350,EDU,udd,5350,"Bygning, akademiingeniør","Bygning, akademiingeniør",,,"Building, academy engineer [current education]",,,translated,CSV:EDU_udd,medium,danish,,,7222,3596,0.000398,"Bygning, akademiingeniør",True
EDU_udd_5703,EDU,udd,5703,"Erhvervsøkonomi, kand.2år","Erhvervsøkonomi, kand.2år",,,"Business Administration, kand.2yr [current education]",,,translated,CSV:EDU_udd,medium,danish,,,97410,47705,0.005284,"Erhvervsøkonomi, kand.2år",True
EDU_udd_5409,EDU,udd,5409,"Havebrugsvidenskab, anlæg, kand.","Havebrugsvidenskab, anlæg, kand.",,,"Agricultural Science, facility, kand. [current education]",,,translated,CSV:EDU_udd,medium,danish,,,1058,517,5.7e-05,"Havebrugsvidenskab, anlæg, kand.",True
EDU_udd_5433,EDU,udd,5433,"Tandlæge, kand.","Tandlæge, kand.",,,"Dentistry, kand. [current education]",,,translated,CSV:EDU_udd,medium,danish,,,13774,6776,0.00075,"Tandlæge, kand.",True
EDU_udd_6266,EDU,udd,6266,"Games, kand.2år","Games, kand.2år",,,"Games, kand.2yr [current education]",,,translated,CSV:EDU_udd,medium,danish,,,2526,1259,0.000139,"Games, kand.2år",True
EDU_udd_7060,EDU,udd,7060,"Økonomi, kand.","Økonomi, kand.",,,"Economics, kand. [current education]",,,translated,CSV:EDU_udd,medium,danish,,,11486,5588,0.000619,"Økonomi, kand.",True
EDU_udd_5672,EDU,udd,5672,"Erhvervssprog engelsk-tysk, korrespondent","Erhvervssprog engelsk-tysk, korrespondent",,,"Business Languages English-German, correspondence [current education]",,,translated,CSV:EDU_udd,medium,danish,,,4918,2458,0.000272,"Erhvervssprog engelsk-tysk, korrespondent",True
EDU_udd_4045,EDU,udd,4045,Teknisk tegner,Teknisk tegner,,,Technical draftsperson [current education],,,translated,CSV:EDU_udd,medium,danish,,,35126,16771,0.001858,Teknisk tegner,True
EDU_udd_4305,EDU,udd,4305,Teknisk designer,Teknisk designer,,,Technical designer [current education],,,translated,CSV:EDU_udd,medium,danish,,,72858,32874,0.003641,Teknisk designer,True
EDU_udd_5156,EDU,udd,5156,Økonoma,Økonoma,,,Catering/household manager (økonoma) [current education],,,translated,CSV:EDU_udd,medium,danish,,,6624,3301,0.000366,Økonoma,True
EDU_udd_5335,EDU,udd,5335,"Bygning, ing.prof.bach.","Bygning, ing.prof.bach.",,,"Construction, eng.prof.bach. [current education]",,,translated,CSV:EDU_udd,medium,danish,,,16658,8133,0.000901,"Bygning, ing.prof.bach.",True
EDU_udd_4488,EDU,udd,4488,Frisør,Frisør,,,Hairdresser [current education],,,translated,CSV:EDU_udd,medium,danish,,,84356,30222,0.003347,Frisør,True
EDU_udd_4052,EDU,udd,4052,Levnedsmiddeltekniker,Levnedsmiddeltekniker,,,Food technician,,,translated,CSV:EDU_udd,medium,danish,,,4214,2075,0.00023,Levnedsmiddeltekniker,True
EDU_udd_5074,EDU,udd,5074,Food business engineer,Food business engineer,,,Food business engineer [current education],,,copy-of-da,CSV:EDU_udd,medium,danish,,,108,52,6e-06,Food business engineer,True
EDU_udd_4151,EDU,udd,4151,Anlægsgartner,Anlægsgartner,,,Landscape Gardener [current education],,,translated,CSV:EDU_udd,medium,danish,,,36044,13909,0.001541,Anlægsgartner,True
EDU_udd_5661,EDU,udd,5661,"HA sprog, bach.","HA sprog, bach.",,,"HA (Business administration) language, bach. [current education]",,,translated,CSV:EDU_udd,medium,danish,,,15354,7619,0.000844,"HA sprog, bach.",True
EDU_udd_5004,EDU,udd,5004,"Akademiøkonom, salgskonsulent","Akademiøkonom, salgskonsulent",,,"Business Academy Economist, Sales Consultant [current education]",,,translated,CSV:EDU_udd,medium,danish,,,740,368,4.1e-05,"Akademiøkonom, salgskonsulent",True
EDU_udd_4713,EDU,udd,4713,Bygge og anlæg,Bygge og anlæg,,,Construction and Landscaping [current education],,,translated,CSV:EDU_udd,medium,danish,,,152330,71707,0.007942,Bygge og anlæg,True
EDU_udd_6315,EDU,udd,6315,"Informatik, kand.","Informatik, kand.",,,"Informatics, kand. [current education]",,,translated,CSV:EDU_udd,medium,danish,,,2168,696,7.7e-05,"Informatik, kand.",True
EDU_udd_8400,EDU,udd,8400,"Landbrugsvidenskab, bach.","Landbrugsvidenskab, bach.",,,"Agricultural science, bach. [current education]",,,translated,CSV:EDU_udd,medium,danish,,,3390,1678,0.000186,"Landbrugsvidenskab, bach.",True
EDU_udd_6230,EDU,udd,6230,"Landbrug, kand.2år","Landbrug, kand.2år",,,"Agriculture, kand.2yr [current education]",,,manual_level_fix,CSV:EDU_udd,medium,danish,,,2572,1280,0.000142,"Landbrug, kand.2år",True
EDU_udd_5152,EDU,udd,5152,Social- og sundhedsassistent,Social- og sundhedsassistent,,,Social and Health Assistant [current education],,,translated,CSV:EDU_udd,medium,danish,,,108564,52235,0.005785,Social- og sundhedsassistent,True
EDU_udd_4604,EDU,udd,4604,Data- og kommunikationsuddannelsen,Data- og kommunikationsuddannelsen,,,IT and Communication Studies [current education],,,translated,CSV:EDU_udd,medium,danish,,,75510,27482,0.003044,Data- og kommunikationsuddannelsen,True
EDU_udd_4146,EDU,udd,4146,Hospitalsteknisk assistent,Hospitalsteknisk assistent,,,Hospital technical assistant,,,copy-of-da,CSV:EDU_udd,medium,danish,,,3664,1571,0.000174,Hospitalsteknisk assistent,True
EDU_udd_5950,EDU,udd,5950,"Erhvervssprog, bach.","Erhvervssprog, bach.",,,"Business language, bach. [current education]",,,translated,CSV:EDU_udd,medium,danish,,,10402,5156,0.000571,"Erhvervssprog, bach.",True
EDU_udd_5198,EDU,udd,5198,Polititjenestemand,Polititjenestemand,,,Police officer [current education],,,translated,CSV:EDU_udd,medium,danish,,,41454,20702,0.002293,Polititjenestemand,True
EDU_udd_6304,EDU,udd,6304,"English, kand.2år","English, kand.2år",,,"English, kand.2yr [current education]",,,manual_level_fix,CSV:EDU_udd,medium,danish,,,18106,7018,0.000777,"English, kand.2år",True
EDU_udd_5355,EDU,udd,5355,"Kemi, akademiingeniør","Kemi, akademiingeniør",,,"Chemistry, acad.engineer [current education]",,,translated,CSV:EDU_udd,medium,danish,,,5966,2976,0.00033,"Kemi, akademiingeniør",True
EDU_udd_5461,EDU,udd,5461,Bibliotekar,Bibliotekar,,,Librarian [current education],,,translated,CSV:EDU_udd,medium,danish,,,15432,7553,0.000837,Bibliotekar,True
EDU_udd_5357,EDU,udd,5357,"Maskin, akademiingeniør","Maskin, akademiingeniør",,,"Mechanical Engineering, acad. eng. [current education]",,,translated,CSV:EDU_udd,medium,danish,,,5524,2747,0.000304,"Maskin, akademiingeniør",True
EDU_udd_7432,EDU,udd,7432,"Jura, bach.","Jura, bach.",,,"Law, bach. [current education]",,,translated,CSV:EDU_udd,medium,danish,,,47498,23304,0.002581,"Jura, bach.",True
EDU_udd_1879,EDU,udd,1879,Matematisk studenterkursus,Matematisk studenterkursus,,,Mathematics student course,,,copy-of-da,CSV:EDU_udd,medium,danish,,,62688,18769,0.002079,Matematisk studenterkursus,True
EDU_udd_4717,EDU,udd,4717,Service,Service,,,Service [current education],,,copy-of-da,CSV:EDU_udd,medium,danish,,,104934,48380,0.005358,Service,True
EDU_udd_4138,EDU,udd,4138,Plastmager og procesoperatør,Plastmager og procesoperatør,,,Plastics Technician and Process Operator [current education],,,translated,CSV:EDU_udd,medium,danish,,,4138,1466,0.000162,Plastmager og procesoperatør,True
EDU_udd_4712,EDU,udd,4712,Teknologi og kommunikation,Teknologi og kommunikation,,,Technology and Communication [current education],,,translated,CSV:EDU_udd,medium,danish,,,191220,86987,0.009635,Teknologi og kommunikation,True
EDU_udd_7444,EDU,udd,7444,"Kemi, bach.","Kemi, bach.",,,"Chemistry, bach. [current education]",,,translated,CSV:EDU_udd,medium,danish,,,5508,2702,0.000299,"Kemi, bach.",True
EDU_udd_4111,EDU,udd,4111,Automatik- og procesuddannelsen,Automatik- og procesuddannelsen,,,Automation and Process Education [current education],,,translated,CSV:EDU_udd,medium,danish,,,33112,12054,0.001335,Automatik- og procesuddannelsen,True
EDU_udd_5472,EDU,udd,5472,"It-sikkerhed (overbygning), prof.bach.","It-sikkerhed (overbygning), prof.bach.",,,"IT security (advanced), prof.bach. [current education]",,,translated,CSV:EDU_udd,medium,danish,,,1878,933,0.000103,"It-sikkerhed (overbygning), prof.bach.",True
EDU_udd_7040,EDU,udd,7040,"Statsvidenskab, kand.","Statsvidenskab, kand.",,,"Political Science, kand. [current education]",,,translated,CSV:EDU_udd,medium,danish,,,13074,6452,0.000715,"Statsvidenskab, kand.",True
EDU_udd_3433,EDU,udd,3433,"Dansk, bach.","Dansk, bach.",,,"Danish, bach. [current education]",,,translated,CSV:EDU_udd,medium,danish,,,4926,2367,0.000262,"Dansk, bach.",False
EDU_udd_3466,EDU,udd,3466,"Dansk, kand.2år","Dansk, kand.2år",,,"Danish, kand.2yr [current education]",,,translated,CSV:EDU_udd,medium,danish,,,1552,758,8.4e-05,"Dansk, kand.2år",False
EDU_udd_4161,EDU,udd,4161,Bager og konditor,Bager og konditor,,,Baker and Confectioner [current education],,,translated,CSV:EDU_udd,medium,danish,,,67524,27020,0.002993,Bager og konditor,True
EDU_udd_5168,EDU,udd,5168,Sundhedsplejerske,Sundhedsplejerske,,,Health visitor,,,translated,CSV:EDU_udd,medium,danish,,,11344,5647,0.000625,Sundhedsplejerske,True
EDU_udd_4781,EDU,udd,4781,Social- og sundhedsuddannelsen (eud),Social- og sundhedsuddannelsen (eud),,,Social and Health Education (eud) [current education],,,translated,CSV:EDU_udd,medium,danish,,,173178,76870,0.008514,Social- og sundhedsuddannelsen (eud),True
EDU_udd_5121,EDU,udd,5121,Finansøkonom,Finansøkonom,,,Financial Economics [current education],,,translated,CSV:EDU_udd,medium,danish,,,31706,15399,0.001706,Finansøkonom,False
EDU_udd_5132,EDU,udd,5132,Installatør,Installatør,,,Installer [current education],,,translated,CSV:EDU_udd,medium,danish,,,11720,5612,0.000622,Installatør,True
EDU_udd_4154,EDU,udd,4154,Landbrugsuddannelse (gl.),Landbrugsuddannelse (gl.),,,Agricultural programme (old) [current education],,,translated,CSV:EDU_udd,medium,danish,,,10934,4572,0.000506,Landbrugsuddannelse (gl.),True
EDU_udd_5651,EDU,udd,5651,"HA(jur.) erhvervsøkonomi-jura, bach.","HA(jur.) erhvervsøkonomi-jura, bach.",,,"Business Economics and Law (via hj.), bach. [current education]",,,translated,CSV:EDU_udd,medium,danish,,,5436,2696,0.000299,"HA(jur.) erhvervsøkonomi-jura, bach.",False
EDU_udd_8200,EDU,udd,8200,"Biologi, kand.","Biologi, kand.",,,"Biology, kand. [current education]",,,translated,CSV:EDU_udd,medium,danish,,,18272,8799,0.000975,"Biologi, kand.",True
EDU_udd_6302,EDU,udd,6302,"Dansk-nordisk, kand.","Dansk-nordisk, kand.",,,"Danish-Nordic, kand.",,,copy-of-da,CSV:EDU_udd,medium,danish,,,30736,10386,0.00115,"Dansk-nordisk, kand.",True
EDU_udd_5670,EDU,udd,5670,"Erhvervssprog 2 sprog, korrespondent","Erhvervssprog 2 sprog, korrespondent",,,"Business Languages 2 languages, correspondence [current education]",,,translated,CSV:EDU_udd,medium,danish,,,12260,5959,0.00066,"Erhvervssprog 2 sprog, korrespondent",True
EDU_udd_4370,EDU,udd,4370,Serviceassistent,Serviceassistent,,,Service assistant,,,copy-of-da,CSV:EDU_udd,medium,danish,,,33966,12970,0.001437,Serviceassistent,True
EDU_udd_4115,EDU,udd,4115,Cykel- og motorcykelmekaniker,Cykel- og motorcykelmekaniker,,,Bicycle and Motorcycle Mechanic [current education],,,translated,CSV:EDU_udd,medium,danish,,,13208,4644,0.000514,Cykel- og motorcykelmekaniker,True
EDU_udd_6062,EDU,udd,6062,"Anlæg, civilingeniør 2år","Anlæg, civilingeniør 2år",,,"Plant, Civil Engineer 2yr [current education]",,,translated,CSV:EDU_udd,medium,danish,,,1348,649,7.2e-05,"Anlæg, civilingeniør 2år",True
EDU_udd_4019,EDU,udd,4019,Eksporttekniker,Eksporttekniker,,,Export technician,,,translated,CSV:EDU_udd,medium,danish,,,4240,2043,0.000226,Eksporttekniker,True
EDU_udd_5431,EDU,udd,5431,Tandplejer,Tandplejer,,,Dental hygienist [current education],,,translated,CSV:EDU_udd,medium,danish,,,7958,3947,0.000437,Tandplejer,True
EDU_udd_5080,EDU,udd,5080,Htx,Htx,,,HTX (higher technical examination) [current education],,,translated,CSV:EDU_udd,medium,danish,,,636370,124077,0.013743,Htx,True
EDU_udd_4114,EDU,udd,4114,Entreprenør- og landbrugsmaskinuddannelsen,Entreprenør- og landbrugsmaskinuddannelsen,,,Entrepreneurship and Agricultural Machinery Education [current education],,,translated,CSV:EDU_udd,medium,danish,,,58300,21369,0.002367,Entreprenør- og landbrugsmaskinuddannelsen,True
EDU_udd_8160,EDU,udd,8160,"Geografi, kand.","Geografi, kand.",,,"Geography, kand. [current education]",,,translated,CSV:EDU_udd,medium,danish,,,4988,2428,0.000269,"Geografi, kand.",True
EDU_udd_6102,EDU,udd,6102,"Humanistisk, bach. (RUC)","Humanistisk, bach. (RUC)",,,"Humanities, bach. (RUC)",,,copy-of-da,CSV:EDU_udd,medium,danish,,,22130,10901,0.001207,"Humanistisk, bach. (RUC)",True
EDU_udd_5701,EDU,udd,5701,"HA informatik, bach.","HA informatik, bach.",,,"HA informatics, bach. [current education]",,,translated,CSV:EDU_udd,medium,danish,,,4142,2063,0.000228,"HA informatik, bach.",True
EDU_udd_5709,EDU,udd,5709,"HA erhvervsanalyse, bach.","HA erhvervsanalyse, bach.",,,"HA business analysis, bach. [current education]",,,translated,CSV:EDU_udd,medium,danish,,,3316,1649,0.000183,"HA erhvervsanalyse, bach.",True
EDU_udd_4011,EDU,udd,4011,Akademiøkonom i international handel,Akademiøkonom i international handel,,,International Trade Economist [current education],,,translated,CSV:EDU_udd,medium,danish,,,1964,977,0.000108,Akademiøkonom i international handel,True
EDU_udd_6336,EDU,udd,6336,"Religionsvidenskab, kand.","Religionsvidenskab, kand.",,,"Religious studies, kand. [current education]",,,translated,CSV:EDU_udd,medium,danish,,,1138,437,4.8e-05,"Religionsvidenskab, kand.",True
EDU_udd_7619,EDU,udd,7619,"Generel pædagogik, kand.2år","Generel pædagogik, kand.2år",,,"General Pedagogy, kand.2yr [current education]",,,translated,CSV:EDU_udd,medium,danish,,,2438,1213,0.000134,"Generel pædagogik, kand.2år",True
EDU_udd_4080,EDU,udd,4080,Maskinist,Maskinist,,,Engine operator [current education],,,translated,CSV:EDU_udd,medium,danish,,,14138,6950,0.00077,Maskinist,True
EDU_udd_4065,EDU,udd,4065,Maskintekniker,Maskintekniker,,,Machine technician,,,translated,CSV:EDU_udd,medium,danish,,,23926,11584,0.001283,Maskintekniker,True
EDU_udd_5155,EDU,udd,5155,Fodterapeut,Fodterapeut,,,Podiatrist [current education],,,translated,CSV:EDU_udd,medium,danish,,,8894,4411,0.000489,Fodterapeut,True
EDU_udd_4108,EDU,udd,4108,Finmekaniker,Finmekaniker,,,Precision mechanic,,,translated,CSV:EDU_udd,medium,danish,,,9462,3661,0.000405,Finmekaniker,True
EDU_udd_5900,EDU,udd,5900,Konservatorieuddannelse 1 (musik),Konservatorieuddannelse 1 (musik),,,Conservatory programme 1 (music) [current education],,,translated,CSV:EDU_udd,medium,danish,,,5158,2325,0.000258,Konservatorieuddannelse 1 (musik),True
EDU_udd_4149,EDU,udd,4149,Mediegrafiker,Mediegrafiker,,,Media graphic designer [current education],,,translated,CSV:EDU_udd,medium,danish,,,38916,14321,0.001586,Mediegrafiker,True
EDU_udd_4119,EDU,udd,4119,Bogbinder,Bogbinder,,,Bookbinder [current education],,,translated,CSV:EDU_udd,medium,danish,,,2696,1241,0.000137,Bogbinder,True
EDU_udd_5835,EDU,udd,5835,"Konserveringsteknik una, bach.","Konserveringsteknik una, bach.",,,"Conservation technology, unspecified, bach. [current education]",,,translated,CSV:EDU_udd,medium,danish,,,614,307,3.4e-05,"Konserveringsteknik una, bach.",True
EDU_udd_5832,EDU,udd,5832,"Konservator una, kand.2år","Konservator una, kand.2år",,,"Conservator, unspecified, kand.2yr",,,translated,CSV:EDU_udd,medium,danish,,,640,313,3.5e-05,"Konservator una, kand.2år",True
EDU_udd_4107,EDU,udd,4107,Værktøjsuddannelsen,Værktøjsuddannelsen,,,Toolmaking Education [current education],,,translated,CSV:EDU_udd,medium,danish,,,20274,7565,0.000838,Værktøjsuddannelsen,True
EDU_udd_4165,EDU,udd,4165,Ejendomsservicetekniker,Ejendomsservicetekniker,,,Property service technician,,,translated,CSV:EDU_udd,medium,danish,,,16006,5788,0.000641,Ejendomsservicetekniker,True
EDU_udd_5159,EDU,udd,5159,"Bioanalytiker, prof.bach.","Bioanalytiker, prof.bach.",,,"Bioanalyst, prof.bach. [current education]",,,translated,CSV:EDU_udd,medium,danish,,,34792,17148,0.001899,"Bioanalytiker, prof.bach.",True
EDU_udd_6039,EDU,udd,6039,"Dansk, kand.2år","Dansk, kand.2år",,,"Danish, kand.2yr [current education]",,,translated,CSV:EDU_udd,medium,danish,,,2990,1450,0.000161,"Dansk, kand.2år",False
EDU_udd_835,EDU,udd,835,Danish addiction counselor (privat udd.),Danish addiction counselor (privat udd.),,,Danish addiction counselor (privat udd.) [current education],,,copy-of-da,CSV:EDU_udd,medium,danish,,,788,391,4.3e-05,Danish addiction counselor (privat udd.),True
EDU_udd_4163,EDU,udd,4163,Slagter,Slagter,,,Butcher [current education],,,translated,CSV:EDU_udd,medium,danish,,,14876,5435,0.000602,Slagter,True
EDU_udd_4791,EDU,udd,4791,Social- og sundhedsassistent,Social- og sundhedsassistent,,,Social and Health Assistant [current education],,,translated,CSV:EDU_udd,medium,danish,,,135520,45597,0.00505,Social- og sundhedsassistent,False
EDU_udd_4673,EDU,udd,4673,Personbefordringsuddannelsen,Personbefordringsuddannelsen,,,Passenger transport programme,,,translated,CSV:EDU_udd,medium,danish,,,6632,2930,0.000325,Personbefordringsuddannelsen,True
EDU_udd_3262,EDU,udd,3262,Buschauffør i kollektiv trafik,Buschauffør i kollektiv trafik,,,Bus driver in collective traffic [current education],,,translated,CSV:EDU_udd,medium,danish,,,4234,1790,0.000198,Buschauffør i kollektiv trafik,True
EDU_udd_4422,EDU,udd,4422,Tjener,Tjener,,,Waiter [current education],,,translated,CSV:EDU_udd,medium,danish,,,39144,16742,0.001854,Tjener,True
EDU_udd_5349,EDU,udd,5349,"Information, akademiingeniør","Information, akademiingeniør",,,"Information Technology, acad.engineer [current education]",,,translated,CSV:EDU_udd,medium,danish,,,804,398,4.4e-05,"Information, akademiingeniør",True
EDU_udd_5338,EDU,udd,5338,"Elektronik og IT, ing.prof.bach.","Elektronik og IT, ing.prof.bach.",,,"Electronics and IT, ing.prof.bach. [current education]",,,translated,CSV:EDU_udd,medium,danish,,,9266,4546,0.000504,"Elektronik og IT, ing.prof.bach.",True
EDU_udd_5328,EDU,udd,5328,"Teknologi og økonomi, ing.prof.bach.","Teknologi og økonomi, ing.prof.bach.",,,"Technology and economics, ing.prof.bach. [current education]",,,translated,CSV:EDU_udd,medium,danish,,,380,189,2.1e-05,"Teknologi og økonomi, ing.prof.bach.",True
EDU_udd_4096,EDU,udd,4096,Kvalitets- og måletekniker,Kvalitets- og måletekniker,,,Quality and measurement technician [current education],,,translated,CSV:EDU_udd,medium,danish,,,2298,1135,0.000126,Kvalitets- og måletekniker,True
EDU_udd_3400,EDU,udd,3400,"Medicin, bach.","Medicin, bach.",,,"Medicine, bach. [current education]",,,translated,CSV:EDU_udd,medium,danish,,,12218,6078,0.000673,"Medicin, bach.",False
EDU_udd_5417,EDU,udd,5417,"Veterinær- og jordbrugsvidenskab, ph.d.","Veterinær- og jordbrugsvidenskab, ph.d.",,,"Veterinary and agricultural science, ph.d. [current education]",,,translated,CSV:EDU_udd,medium,danish,,,8662,4319,0.000478,"Veterinær- og jordbrugsvidenskab, ph.d.",True
EDU_udd_4714,EDU,udd,4714,Håndværk og teknik,Håndværk og teknik,,,Craft and technology [current education],,,translated,CSV:EDU_udd,medium,danish,,,83054,39809,0.004409,Håndværk og teknik,True
EDU_udd_5360,EDU,udd,5360,Civilingeniør una,Civilingeniør una,,,Civil engineer una [current education],,,translated,CSV:EDU_udd,medium,danish,,,37838,18785,0.002081,Civilingeniør una,True
EDU_udd_7670,EDU,udd,7670,"Dansk, bach.","Dansk, bach.",,,"Danish, bach. [current education]",,,translated,CSV:EDU_udd,medium,danish,,,4136,1997,0.000221,"Dansk, bach.",False
EDU_udd_7721,EDU,udd,7721,"Dansk, kand.2år","Dansk, kand.2år",,,"Danish, kand.2yr [current education]",,,translated,CSV:EDU_udd,medium,danish,,,1668,801,8.9e-05,"Dansk, kand.2år",False
EDU_udd_4152,EDU,udd,4152,Produktionsgartner,Produktionsgartner,,,Production gardener,,,copy-of-da,CSV:EDU_udd,medium,danish,,,6682,2715,0.000301,Produktionsgartner,True
EDU_udd_2473,EDU,udd,2473,"Landbrugskurser, andre","Landbrugskurser, andre",,,"Agricultural courses, other [current education]",,,translated,CSV:EDU_udd,medium,danish,,,2666,1292,0.000143,"Landbrugskurser, andre",True
EDU_udd_4247,EDU,udd,4247,Flytekniker,Flytekniker,,,Aircraft technician,,,translated,CSV:EDU_udd,medium,danish,,,4440,1880,0.000208,Flytekniker,True
EDU_udd_5951,EDU,udd,5951,"Engelsk-fransk erhvervssprog, bach.","Engelsk-fransk erhvervssprog, bach.",,,"English-French business languages, bach. [current education]",,,translated,CSV:EDU_udd,medium,danish,,,3786,1884,0.000209,"Engelsk-fransk erhvervssprog, bach.",True
EDU_udd_5591,EDU,udd,5591,"Erhvervsspr.-internat. erhvervskomm, engelsk, kand.2år","Erhvervsspr.-internat. erhvervskomm, engelsk, kand.2år",,,"Business Communication, International Business Communication in English, kand.2yr [current education]",,,manual_level_fix,CSV:EDU_udd,medium,danish,,,5940,2947,0.000326,"Erhvervsspr.-internat. erhvervskomm, engelsk, kand.2år",True
EDU_udd_5078,EDU,udd,5078,Akademiøkonom i handel med fast ejendom,Akademiøkonom i handel med fast ejendom,,,Business administrator in trade with real estate [current education],,,translated,CSV:EDU_udd,medium,danish,,,514,257,2.8e-05,Akademiøkonom i handel med fast ejendom,True
EDU_udd_4510,EDU,udd,4510,Beklædningsoperatør,Beklædningsoperatør,,,Clothing operator [current education],,,translated,CSV:EDU_udd,medium,danish,,,3356,1599,0.000177,Beklædningsoperatør,True
EDU_udd_7103,EDU,udd,7103,"Statskundskab, bach.","Statskundskab, bach.",,,"Political science, bach. [current education]",,,translated,CSV:EDU_udd,medium,danish,,,20644,10042,0.001112,"Statskundskab, bach.",True
EDU_udd_7205,EDU,udd,7205,"Samfundsvidenskab, kand.2år","Samfundsvidenskab, kand.2år",,,"Social Sciences, kand.2yr [current education]",,,manual_level_fix,CSV:EDU_udd,medium,danish,,,14782,7111,0.000788,"Samfundsvidenskab, kand.2år",True
EDU_udd_5090,EDU,udd,5090,Hhx,Hhx,,,HHX (higher commercial examination) [current education],,,translated,CSV:EDU_udd,medium,danish,,,1481894,282590,0.031299,Hhx,True
EDU_udd_7414,EDU,udd,7414,"Arkæologi klassisk, bach.","Arkæologi klassisk, bach.",,,"Classical archaeology, bach. [current education]",,,translated,CSV:EDU_udd,medium,danish,,,1040,512,5.7e-05,"Arkæologi klassisk, bach.",True
EDU_udd_6425,EDU,udd,6425,"Arkæologi klassisk, kand.2år","Arkæologi klassisk, kand.2år",,,"Classical Archaeology, kand.2yr [current education]",,,manual_level_fix,CSV:EDU_udd,medium,danish,,,520,251,2.8e-05,"Arkæologi klassisk, kand.2år",True
EDU_udd_7190,EDU,udd,7190,"Humaniora, ph.d.","Humaniora, ph.d.",,,"Humanities, ph.d. [current education]",,,translated,CSV:EDU_udd,medium,danish,,,12376,6086,0.000674,"Humaniora, ph.d.",True
EDU_udd_7409,EDU,udd,7409,"Engelsk, bach.","Engelsk, bach.",,,"English, bach. [current education]",,,translated,CSV:EDU_udd,medium,danish,,,10700,5256,0.000582,"Engelsk, bach.",True
EDU_udd_6406,EDU,udd,6406,"Engelsk, kand.2år","Engelsk, kand.2år",,,"English, kand.2yr [current education]",,,manual_level_fix,CSV:EDU_udd,medium,danish,,,9366,4480,0.000496,"Engelsk, kand.2år",True
EDU_udd_4737,EDU,udd,4737,Produktion og udvikling,Produktion og udvikling,,,Production and development [current education],,,translated,CSV:EDU_udd,medium,danish,,,50522,23645,0.002619,Produktion og udvikling,True
EDU_udd_5055,EDU,udd,5055,"Designer, bach.","Designer, bach.",,,"Designer, bach. [current education]",,,copy-of-da,CSV:EDU_udd,medium,danish,,,14574,7148,0.000792,"Designer, bach.",True
EDU_udd_5063,EDU,udd,5063,"Designer, kand.2år","Designer, kand.2år",,,"Design, kand. [current education]",,,translated,CSV:EDU_udd,medium,danish,,,3722,1856,0.000206,"Designer, kand.2år",False
EDU_udd_6616,EDU,udd,6616,"Semitisk, bach.","Semitisk, bach.",,,"Semitic studies, bach. [current education]",,,translated,CSV:EDU_udd,medium,danish,,,1796,868,9.6e-05,"Semitisk, bach.",True
EDU_udd_6441,EDU,udd,6441,"Semitisk, kand.2år","Semitisk, kand.2år",,,"Semitic Studies, kand. [current education]",,,translated,CSV:EDU_udd,medium,danish,,,736,357,4e-05,"Semitisk, kand.2år",True
EDU_udd_6590,EDU,udd,6590,"Dansk, bach.","Dansk, bach.",,,"Danish, bach. [current education]",,,translated,CSV:EDU_udd,medium,danish,,,4044,1894,0.00021,"Dansk, bach.",False
EDU_udd_6434,EDU,udd,6434,"Dansk, kand.2år","Dansk, kand.2år",,,"Danish, kand.2yr [current education]",,,translated,CSV:EDU_udd,medium,danish,,,1692,824,9.1e-05,"Dansk, kand.2år",False
EDU_udd_2459,EDU,udd,2459,Landmand faglært modul 1a,Landmand faglært modul 1a,,,"Farmer, Vocational Module 1a [current education]",,,translated,CSV:EDU_udd,medium,danish,,,39440,19513,0.002161,Landmand faglært modul 1a,True
EDU_udd_4150,EDU,udd,4150,Grafisk tekniker,Grafisk tekniker,,,Graphic technician [current education],,,translated,CSV:EDU_udd,medium,danish,,,19648,7059,0.000782,Grafisk tekniker,True
EDU_udd_7665,EDU,udd,7665,"Historie, bach.","Historie, bach.",,,"History, bach. [current education]",,,translated,CSV:EDU_udd,medium,danish,,,4120,2018,0.000224,"Historie, bach.",False
EDU_udd_2013,EDU,udd,2013,Skibsassistent med metaluddannelse,Skibsassistent med metaluddannelse,,,Ship Assistant with Metal Education [current education],,,translated,CSV:EDU_udd,medium,danish,,,4034,1999,0.000221,Skibsassistent med metaluddannelse,True
EDU_udd_5415,EDU,udd,5415,"Veterinærvidenskab, kand.","Veterinærvidenskab, kand.",,,"Veterinary Science, kand. [current education]",,,translated,CSV:EDU_udd,medium,danish,,,7858,3876,0.000429,"Veterinærvidenskab, kand.",True
EDU_udd_4064,EDU,udd,4064,Elektroniktekniker,Elektroniktekniker,,,Electronics technician,,,translated,CSV:EDU_udd,medium,danish,,,16578,8131,0.000901,Elektroniktekniker,True
EDU_udd_5671,EDU,udd,5671,"Erhvervssprog engelsk-fransk, korrespondent","Erhvervssprog engelsk-fransk, korrespondent",,,"Business Languages English-French, Correspondence [current education]",,,translated,CSV:EDU_udd,medium,danish,,,5294,2647,0.000293,"Erhvervssprog engelsk-fransk, korrespondent",True
EDU_udd_5680,EDU,udd,5680,Cand.ling.merc.2år una,Cand.ling.merc.2år una,,,Cand.ling.merc.2yr una [current education],,,translated,CSV:EDU_udd,medium,danish,,,4990,2444,0.000271,Cand.ling.merc.2år una,True
EDU_udd_7418,EDU,udd,7418,"Litteraturvidenskab, bach.","Litteraturvidenskab, bach.",,,"Literature, bach. [current education]",,,translated,CSV:EDU_udd,medium,danish,,,5182,2516,0.000279,"Litteraturvidenskab, bach.",True
EDU_udd_6410,EDU,udd,6410,"Filmvidenskab, kand.2år","Filmvidenskab, kand.2år",,,"Film Studies, kand.2yr [current education]",,,translated,CSV:EDU_udd,medium,danish,,,2550,1211,0.000134,"Filmvidenskab, kand.2år",True
EDU_udd_4148,EDU,udd,4148,Fotograf,Fotograf,,,Photographer [current education],,,translated,CSV:EDU_udd,medium,danish,,,9126,3451,0.000382,Fotograf,True
EDU_udd_2028,EDU,udd,2028,Maritimt forberedelseskursus,Maritimt forberedelseskursus,,,Maritime preparatory course [current education],,,translated,CSV:EDU_udd,medium,danish,,,1992,968,0.000107,Maritimt forberedelseskursus,True
EDU_udd_5865,EDU,udd,5865,"Officer, søværnet","Officer, søværnet",,,"Officer, Navy [current education]",,,translated,CSV:EDU_udd,medium,danish,,,3162,1531,0.00017,"Officer, søværnet",True
EDU_udd_7085,EDU,udd,7085,"Jura, kand.2år","Jura, kand.2år",,,"Law, kand.2yr [current education]",,,translated,CSV:EDU_udd,medium,danish,,,31396,15298,0.001694,"Jura, kand.2år",True
EDU_udd_6049,EDU,udd,6049,"Psykologi, kand.2år","Psykologi, kand.2år",,,"Psychology, kand.2yr [current education]",,,translated,CSV:EDU_udd,medium,danish,,,4114,1958,0.000217,"Psykologi, kand.2år",False
EDU_udd_5017,EDU,udd,5017,"Gas-, vand- og sanitetsmester","Gas-, vand- og sanitetsmester",,,"Gas, water and sanitation technician [current education]",,,translated,CSV:EDU_udd,medium,danish,,,3144,1556,0.000172,"Gas-, vand- og sanitetsmester",True
EDU_udd_6359,EDU,udd,6359,"Designer, kand.2år","Designer, kand.2år",,,"Design, kand. [current education]",,,translated,CSV:EDU_udd,medium,danish,,,3830,1887,0.000209,"Designer, kand.2år",True
EDU_udd_7565,EDU,udd,7565,"Didaktik, dansk, kand.2år","Didaktik, dansk, kand.2år",,,"Didactics, danish, kand.2yr [current education]",,,translated,CSV:EDU_udd,medium,danish,,,448,220,2.4e-05,"Didaktik, dansk, kand.2år",False
EDU_udd_5403,EDU,udd,5403,"Mejeribrug, kand.","Mejeribrug, kand.",,,"Dairy science, kand.",,,copy-of-da,CSV:EDU_udd,medium,danish,,,956,472,5.2e-05,"Mejeribrug, kand.",True
EDU_udd_5399,EDU,udd,5399,"Teknisk videnskab, ph.d.","Teknisk videnskab, ph.d.",,,"Technical science, ph.d. [current education]",,,translated,CSV:EDU_udd,medium,danish,,,30892,15391,0.001705,"Teknisk videnskab, ph.d.",True
EDU_udd_7102,EDU,udd,7102,"Samfundsvidenskab-statsforvaltning, kand.","Samfundsvidenskab-statsforvaltning, kand.",,,"Social sciences-public administration, kand. [current education]",,,translated,CSV:EDU_udd,medium,danish,,,17626,7902,0.000875,"Samfundsvidenskab-statsforvaltning, kand.",True
EDU_udd_2490,EDU,udd,2490,Agrarøkonom,Agrarøkonom,,,Agricultural economics [current education],,,translated,CSV:EDU_udd,medium,danish,,,3604,1696,0.000188,Agrarøkonom,True
EDU_udd_7170,EDU,udd,7170,"Medicin, kand.","Medicin, kand.",,,"Medicine, kand. [current education]",,,translated,CSV:EDU_udd,medium,danish,,,60888,29211,0.003235,"Medicin, kand.",True
EDU_udd_7421,EDU,udd,7421,"Dansk, bach.","Dansk, bach.",,,"Danish, bach. [current education]",,,translated,CSV:EDU_udd,medium,danish,,,13096,6388,0.000708,"Dansk, bach.",True
EDU_udd_7435,EDU,udd,7435,"Psykologi, bach.","Psykologi, bach.",,,"Psychology, bach. [current education]",,,translated,CSV:EDU_udd,medium,danish,,,14064,6900,0.000764,"Psykologi, bach.",True
EDU_udd_7490,EDU,udd,7490,"Psykologi, kand.2år","Psykologi, kand.2år",,,"Psychology, kand.2yr [current education]",,,translated,CSV:EDU_udd,medium,danish,,,12414,6106,0.000676,"Psykologi, kand.2år",True
EDU_udd_5071,EDU,udd,5071,Jordbrugstekniker,Jordbrugstekniker,,,Agricultural technician,,,translated,CSV:EDU_udd,medium,danish,,,6592,3243,0.000359,Jordbrugstekniker,True
EDU_udd_4511,EDU,udd,4511,Tandklinikassistent,Tandklinikassistent,,,Dental clinic assistant [current education],,,translated,CSV:EDU_udd,medium,danish,,,50246,20142,0.002231,Tandklinikassistent,True
EDU_udd_4147,EDU,udd,4147,Film- og tv-produktionsuddannelsen,Film- og tv-produktionsuddannelsen,,,Film and TV production training [current education],,,translated,CSV:EDU_udd,medium,danish,,,7460,2682,0.000297,Film- og tv-produktionsuddannelsen,True
EDU_udd_5126,EDU,udd,5126,"FIF flygtninge, adgangskursus til videregående uddannelse","FIF flygtninge, adgangskursus til videregående uddannelse",,,"FIF refugees, access course for further education [current education]",,,translated,CSV:EDU_udd,medium,danish,,,7144,3533,0.000391,"FIF flygtninge, adgangskursus til videregående uddannelse",True
EDU_udd_5855,EDU,udd,5855,Skuespiller,Skuespiller,,,Actor [current education],,,translated,CSV:EDU_udd,medium,danish,,,2082,1039,0.000115,Skuespiller,True
EDU_udd_5592,EDU,udd,5592,"Erhvervsspr.-internat. erhvervskomm, fransk, kand.2år","Erhvervsspr.-internat. erhvervskomm, fransk, kand.2år",,,"Business language-international business french, kand.2yr [current education]",,,translated,CSV:EDU_udd,medium,danish,,,1418,708,7.8e-05,"Erhvervsspr.-internat. erhvervskomm, fransk, kand.2år",True
EDU_udd_3430,EDU,udd,3430,"Filosofi, bach.","Filosofi, bach.",,,"Philosophy, bach. [current education]",,,translated,CSV:EDU_udd,medium,danish,,,3530,1699,0.000188,"Filosofi, bach.",False
EDU_udd_4027,EDU,udd,4027,Akademiøkonom i økonomi og informatik,Akademiøkonom i økonomi og informatik,,,Academy economist in economics and informatics [current education],,,translated,CSV:EDU_udd,medium,danish,,,460,230,2.5e-05,Akademiøkonom i økonomi og informatik,True
EDU_udd_7104,EDU,udd,7104,"Samfundsvidenskab, bach.","Samfundsvidenskab, bach.",,,"Social science, bach. [current education]",,,translated,CSV:EDU_udd,medium,danish,,,6956,3435,0.00038,"Samfundsvidenskab, bach.",True
EDU_udd_5413,EDU,udd,5413,"Landinspektør, kand.","Landinspektør, kand.",,,"Land Inspector, kand. [current education]",,,translated,CSV:EDU_udd,medium,danish,,,3408,1605,0.000178,"Landinspektør, kand.",True
EDU_udd_8132,EDU,udd,8132,"Naturvidenskab, bach.","Naturvidenskab, bach.",,,"Natural science, bach. [current education]",,,translated,CSV:EDU_udd,medium,danish,,,9440,4560,0.000505,"Naturvidenskab, bach.",True
EDU_udd_8080,EDU,udd,8080,"Naturvidenskab kombination, kand.2år","Naturvidenskab kombination, kand.2år",,,"Natural Sciences Combination, kand.2yr [current education]",,,manual_level_fix,CSV:EDU_udd,medium,danish,,,1774,872,9.7e-05,"Naturvidenskab kombination, kand.2år",True
EDU_udd_5199,EDU,udd,5199,Fængselsbetjent,Fængselsbetjent,,,Prison Officer [current education],,,translated,CSV:EDU_udd,medium,danish,,,15450,7686,0.000851,Fængselsbetjent,True
EDU_udd_4437,EDU,udd,4437,Tarmrenser,Tarmrenser,,,Gut cleaner [current education],,,translated,CSV:EDU_udd,medium,danish,,,6230,2328,0.000258,Tarmrenser,True
EDU_udd_5153,EDU,udd,5153,"Ergoterapi, prof.bach.","Ergoterapi, prof.bach.",,,"Occupational Therapy, prof.bach. [current education]",,,translated,CSV:EDU_udd,medium,danish,,,42616,20748,0.002298,"Ergoterapi, prof.bach.",True
EDU_udd_4504,EDU,udd,4504,Glasrørsblæser,Glasrørsblæser,,,Glass Pipe Blower [current education],,,translated,CSV:EDU_udd,medium,danish,,,102,50,6e-06,Glasrørsblæser,True
EDU_udd_5134,EDU,udd,5134,Jordbrugsteknolog,Jordbrugsteknolog,,,Agricultural technologist [current education],,,translated,CSV:EDU_udd,medium,danish,,,7294,3361,0.000372,Jordbrugsteknolog,True
EDU_udd_5684,EDU,udd,5684,"Kristendom, kultur og kommunikation, prof.bach.","Kristendom, kultur og kommunikation, prof.bach.",,,"Christianity, Culture and Communication, prof.bach. [current education]",,,translated,CSV:EDU_udd,medium,danish,,,1736,852,9.4e-05,"Kristendom, kultur og kommunikation, prof.bach.",True
EDU_udd_4155,EDU,udd,4155,Transportuddannelse,Transportuddannelse,,,Transport programme [current education],,,translated,CSV:EDU_udd,medium,danish,,,11544,4950,0.000548,Transportuddannelse,True
EDU_udd_6554,EDU,udd,6554,"Grønlandske og arktiske studier, bach.","Grønlandske og arktiske studier, bach.",,,"Greenlandic and Arctic Studies, bach. [current education]",,,translated,CSV:EDU_udd,medium,danish,,,518,254,2.8e-05,"Grønlandske og arktiske studier, bach.",True
EDU_udd_6407,EDU,udd,6407,"Grønlandske og arktiske studier, kand.2år","Grønlandske og arktiske studier, kand.2år",,,"Greenlandic and Arctic Studies, kand.2yr [current education]",,,manual_level_fix,CSV:EDU_udd,medium,danish,,,126,58,6e-06,"Grønlandske og arktiske studier, kand.2år",True
EDU_udd_7544,EDU,udd,7544,"Jura, bach.","Jura, bach.",,,"Law, bach. [current education]",,,translated,CSV:EDU_udd,medium,danish,,,26052,12903,0.001429,"Jura, bach.",False
EDU_udd_5952,EDU,udd,5952,"Engelsk-italiensk erhvervssprog, bach.","Engelsk-italiensk erhvervssprog, bach.",,,"English-Italian Business Language, bach. [current education]",,,translated,CSV:EDU_udd,medium,danish,,,886,441,4.9e-05,"Engelsk-italiensk erhvervssprog, bach.",True
EDU_udd_8280,EDU,udd,8280,"Geografi, kand.2år","Geografi, kand.2år",,,"Geography, kand.2yr [current education]",,,manual_level_fix,CSV:EDU_udd,medium,danish,,,4952,2394,0.000265,"Geografi, kand.2år",True
EDU_udd_6101,EDU,udd,6101,"Naturvidenskab, bach. (RUC)","Naturvidenskab, bach. (RUC)",,,"Natural science, bach. (RUC) [current education]",,,translated,CSV:EDU_udd,medium,danish,,,6582,3248,0.00036,"Naturvidenskab, bach. (RUC)",True
EDU_udd_6110,EDU,udd,6110,"Politik og forvaltning, kand.2år","Politik og forvaltning, kand.2år",,,"Politics and Administration, kand.2yr [current education]",,,manual_level_fix,CSV:EDU_udd,medium,danish,,,7488,3636,0.000403,"Politik og forvaltning, kand.2år",True
EDU_udd_4663,EDU,udd,4663,Ambulancebehandler,Ambulancebehandler,,,Ambulance paramedic [current education],,,translated,CSV:EDU_udd,medium,danish,,,16188,5966,0.000661,Ambulancebehandler,True
EDU_udd_4811,EDU,udd,4811,"Revision, kand.2år","Revision, kand.2år",,,"Auditing, kand.2yr [current education]",,,translated,CSV:EDU_udd,medium,danish,,,18004,8860,0.000981,"Revision, kand.2år",True
EDU_udd_5177,EDU,udd,5177,Farmakonom,Farmakonom,,,Pharmaconomist [current education],,,translated,CSV:EDU_udd,medium,danish,,,22864,11375,0.00126,Farmakonom,True
EDU_udd_6303,EDU,udd,6303,"Dramaturgi, kand.","Dramaturgi, kand.",,,"Dramaturgy, kand. [current education]",,,translated,CSV:EDU_udd,medium,danish,,,1752,634,7e-05,"Dramaturgi, kand.",True
EDU_udd_5735,EDU,udd,5735,"Journalist, prof.bach.","Journalist, prof.bach.",,,"Journalist, prof.bach. [current education]",,,copy-of-da,CSV:EDU_udd,medium,danish,,,22972,11444,0.001268,"Journalist, prof.bach.",True
EDU_udd_5860,EDU,udd,5860,"Officer, hæren","Officer, hæren",,,"Officer, Army [current education]",,,translated,CSV:EDU_udd,medium,danish,,,6614,3211,0.000356,"Officer, hæren",True
EDU_udd_6528,EDU,udd,6528,"Arkæologi forhistorisk, bach.","Arkæologi forhistorisk, bach.",,,"Prehistoric Archaeology, bach. [current education]",,,translated,CSV:EDU_udd,medium,danish,,,3366,1599,0.000177,"Arkæologi forhistorisk, bach.",True
EDU_udd_6415,EDU,udd,6415,"Arkæologi forhistorisk, kand.2år","Arkæologi forhistorisk, kand.2år",,,"Prehistoric Archaeology, kand.2yr [current education]",,,manual_level_fix,CSV:EDU_udd,medium,danish,,,1698,801,8.9e-05,"Arkæologi forhistorisk, kand.2år",True
EDU_udd_6580,EDU,udd,6580,"Litteraturhistorie, bach.","Litteraturhistorie, bach.",,,"Literary history, bach. [current education]",,,translated,CSV:EDU_udd,medium,danish,,,3134,1513,0.000168,"Litteraturhistorie, bach.",True
EDU_udd_6665,EDU,udd,6665,"Journalistik, bach.","Journalistik, bach.",,,"Journalism, bach. [current education]",,,translated,CSV:EDU_udd,medium,danish,,,4674,2320,0.000257,"Journalistik, bach.",True
EDU_udd_5463,EDU,udd,5463,"Informationsstudier, bach.","Informationsstudier, bach.",,,"Information studies, bach.",,,copy-of-da,CSV:EDU_udd,medium,danish,,,6300,3106,0.000344,"Informationsstudier, bach.",True
EDU_udd_5880,EDU,udd,5880,"V.O.U., hæren","V.O.U., hæren",,,"V.O.U., Army [current education]",,,translated,CSV:EDU_udd,medium,danish,,,2896,1380,0.000153,"V.O.U., hæren",True
EDU_udd_5467,EDU,udd,5467,"Bibliotekar,bach.","Bibliotekar,bach.",,,"Librarian, bach. [current education]",,,translated,CSV:EDU_udd,medium,danish,,,3122,1534,0.00017,"Bibliotekar,bach.",True
EDU_udd_5460,EDU,udd,5460,"Ernæring og sundhed, prof.bach.","Ernæring og sundhed, prof.bach.",,,"Nutrition and Health, prof.bach. [current education]",,,translated,CSV:EDU_udd,medium,danish,,,23242,10968,0.001215,"Ernæring og sundhed, prof.bach.",True
EDU_udd_4137,EDU,udd,4137,Maskinsnedker,Maskinsnedker,,,Machine joiner [current education],,,translated,CSV:EDU_udd,medium,danish,,,20626,7372,0.000817,Maskinsnedker,True
EDU_udd_7475,EDU,udd,7475,"Dansk, kand.2år","Dansk, kand.2år",,,"Danish, kand.2yr [current education]",,,translated,CSV:EDU_udd,medium,danish,,,7470,3513,0.000389,"Dansk, kand.2år",True
EDU_udd_5342,EDU,udd,5342,Levnedsmiddelingeniør,Levnedsmiddelingeniør,,,Food Engineer [current education],,,translated,CSV:EDU_udd,medium,danish,,,1368,639,7.1e-05,Levnedsmiddelingeniør,True
EDU_udd_5009,EDU,udd,5009,Akademiøkonom i hotel- og restaurantledelse,Akademiøkonom i hotel- og restaurantledelse,,,Academy Economist in Hotel and Restaurant Management [current education],,,translated,CSV:EDU_udd,medium,danish,,,596,297,3.3e-05,Akademiøkonom i hotel- og restaurantledelse,True
EDU_udd_6702,EDU,udd,6702,"Pædagogik og uddannelsesstudier, kand.2år","Pædagogik og uddannelsesstudier, kand.2år",,,"Pedagogy and Education Studies, kand.2yr [current education]",,,manual_level_fix,CSV:EDU_udd,medium,danish,,,2088,1014,0.000112,"Pædagogik og uddannelsesstudier, kand.2år",True
EDU_udd_6606,EDU,udd,6606,"Pædagogik, bach.","Pædagogik, bach.",,,"Pedagogy, bach. [current education]",,,translated,CSV:EDU_udd,medium,danish,,,3574,1760,0.000195,"Pædagogik, bach.",True
EDU_udd_6260,EDU,udd,6260,"IT una, kand.2år","IT una, kand.2år",,,"IT general, kand.2yr [current education]",,,manual_level_fix,CSV:EDU_udd,medium,danish,,,2322,1150,0.000127,"IT una, kand.2år",True
EDU_udd_4024,EDU,udd,4024,Akademiøkonom i detailhandel,Akademiøkonom i detailhandel,,,Business economist in retail trade [current education],,,translated,CSV:EDU_udd,medium,danish,,,2502,1243,0.000138,Akademiøkonom i detailhandel,True
EDU_udd_7422,EDU,udd,7422,"Tysk sprog, litteratur og kultur, bach.","Tysk sprog, litteratur og kultur, bach.",,,"German language, literature and culture, bach. [current education]",,,translated,CSV:EDU_udd,medium,danish,,,2900,1416,0.000157,"Tysk sprog, litteratur og kultur, bach.",True
EDU_udd_7412,EDU,udd,7412,"Fransk sprog, litteratur og kultur, bach.","Fransk sprog, litteratur og kultur, bach.",,,"French language, literature and culture, bach. [current education]",,,translated,CSV:EDU_udd,medium,danish,,,3554,1717,0.00019,"Fransk sprog, litteratur og kultur, bach.",True
EDU_udd_5532,EDU,udd,5532,"Engelsk, cand.negot.","Engelsk, cand.negot.",,,"English, cand.negot. [current education]",,,translated,CSV:EDU_udd,medium,danish,,,932,463,5.1e-05,"Engelsk, cand.negot.",True
EDU_udd_3436,EDU,udd,3436,"Økonomi, bach.","Økonomi, bach.",,,"Economics, bach. [current education]",,,translated,CSV:EDU_udd,medium,danish,,,3674,1817,0.000201,"Økonomi, bach.",False
EDU_udd_7065,EDU,udd,7065,"Økonomi, kand.2år","Økonomi, kand.2år",,,"Economics, kand.2yr [current education]",,,manual_level_fix,CSV:EDU_udd,medium,danish,,,11852,5805,0.000643,"Økonomi, kand.2år",True
EDU_udd_2413,EDU,udd,2413,Køkkenleder 1,Køkkenleder 1,,,Head Chef 1 [current education],,,translated,CSV:EDU_udd,medium,danish,,,11954,5350,0.000593,Køkkenleder 1,True
EDU_udd_6329,EDU,udd,6329,"Musik, kand.","Musik, kand.",,,"Music, kand. [current education]",,,translated,CSV:EDU_udd,medium,danish,,,9748,3336,0.000369,"Musik, kand.",True
EDU_udd_6584,EDU,udd,6584,"Middelalder- og renæssancearkæologi, bach.","Middelalder- og renæssancearkæologi, bach.",,,"Medieval and renaissance archaeology, bach. [current education]",,,translated,CSV:EDU_udd,medium,danish,,,1036,503,5.6e-05,"Middelalder- og renæssancearkæologi, bach.",True
EDU_udd_5084,EDU,udd,5084,Innovation og entrepreneurship,Innovation og entrepreneurship,,,Innovation and entrepreneurship [current education],,,translated,CSV:EDU_udd,medium,danish,,,574,287,3.2e-05,Innovation og entrepreneurship,True
EDU_udd_6429,EDU,udd,6429,"Litteraturhistorie, kand.2år","Litteraturhistorie, kand.2år",,,"Literary Studies, kand.2yr [current education]",,,manual_level_fix,CSV:EDU_udd,medium,danish,,,1354,668,7.4e-05,"Litteraturhistorie, kand.2år",True
EDU_udd_5169,EDU,udd,5169,Ledende sygeplejerske,Ledende sygeplejerske,,,Leading nurse [current education],,,translated,CSV:EDU_udd,medium,danish,,,12654,6277,0.000695,Ledende sygeplejerske,True
EDU_udd_5180,EDU,udd,5180,"Sygeplejevidenskab, kand.2år","Sygeplejevidenskab, kand.2år",,,"Nursing science, kand.2yr [current education]",,,translated,CSV:EDU_udd,medium,danish,,,1966,965,0.000107,"Sygeplejevidenskab, kand.2år",True
EDU_udd_6646,EDU,udd,6646,"Østasiatisk sprog og kultur, bach.","Østasiatisk sprog og kultur, bach.",,,"East Asian language and culture, bach. [current education]",,,translated,CSV:EDU_udd,medium,danish,,,2772,1316,0.000146,"Østasiatisk sprog og kultur, bach.",True
EDU_udd_5139,EDU,udd,5139,Driftsteknolog offshore,Driftsteknolog offshore,,,"Operations technologist, offshore [current education]",,,translated,CSV:EDU_udd,medium,danish,,,772,379,4.2e-05,Driftsteknolog offshore,True
EDU_udd_5184,EDU,udd,5184,Skibsmaskinist,Skibsmaskinist,,,Ship engineer [current education],,,translated,CSV:EDU_udd,medium,danish,,,838,414,4.6e-05,Skibsmaskinist,True
EDU_udd_4145,EDU,udd,4145,Tandtekniker,Tandtekniker,,,Dental technician,,,translated,CSV:EDU_udd,medium,danish,,,7472,3316,0.000367,Tandtekniker,True
EDU_udd_5676,EDU,udd,5676,"Erhvervssprog fransk-spansk, korrespondent","Erhvervssprog fransk-spansk, korrespondent",,,"Business languages French-Spanish, correspondence [current education]",,,translated,CSV:EDU_udd,medium,danish,,,388,194,2.1e-05,"Erhvervssprog fransk-spansk, korrespondent",True
EDU_udd_4273,EDU,udd,4273,Glarmester,Glarmester,,,Glazier [current education],,,translated,CSV:EDU_udd,medium,danish,,,7116,2604,0.000288,Glarmester,True
EDU_udd_6552,EDU,udd,6552,"Persisk, bach.","Persisk, bach.",,,"Persian, bach. [current education]",,,translated,CSV:EDU_udd,medium,danish,,,232,114,1.3e-05,"Persisk, bach.",True
EDU_udd_5958,EDU,udd,5958,"Fransk-tysk erhvervssprog, bach.","Fransk-tysk erhvervssprog, bach.",,,"French-German business languages, bach. [current education]",,,translated,CSV:EDU_udd,medium,danish,,,776,385,4.3e-05,"Fransk-tysk erhvervssprog, bach.",True
EDU_udd_5597,EDU,udd,5597,"Erhvervsspr.-internat. erhvervskomm, tysk, kand.2år","Erhvervsspr.-internat. erhvervskomm, tysk, kand.2år",,,"Business languages-international business communication, German, kand.2yr [current education]",,,translated,CSV:EDU_udd,medium,danish,,,1852,915,0.000101,"Erhvervsspr.-internat. erhvervskomm, tysk, kand.2år",True
EDU_udd_6536,EDU,udd,6536,"Kommunikation og digitale medier, bach.","Kommunikation og digitale medier, bach.",,,"Communication and digital media, bach. [current education]",,,translated,CSV:EDU_udd,medium,danish,,,9098,4481,0.000496,"Kommunikation og digitale medier, bach.",True
EDU_udd_6418,EDU,udd,6418,"Informatik, kand.2år","Informatik, kand.2år",,,"Computer science, kand.2yr [current education]",,,translated,CSV:EDU_udd,medium,danish,,,6158,3036,0.000336,"Informatik, kand.2år",True
EDU_udd_4169,EDU,udd,4169,Tekstile erhvervsuddannelse,Tekstile erhvervsuddannelse,,,Textile vocational training [current education],,,translated,CSV:EDU_udd,medium,danish,,,542,245,2.7e-05,Tekstile erhvervsuddannelse,True
EDU_udd_5037,EDU,udd,5037,Tekstil- og beklædningstekniker,Tekstil- og beklædningstekniker,,,Textile and clothing technology [current education],,,translated,CSV:EDU_udd,medium,danish,,,1862,923,0.000102,Tekstil- og beklædningstekniker,True
EDU_udd_5020,EDU,udd,5020,Akademiøkonom i bilbranchen,Akademiøkonom i bilbranchen,,,Automotive industry business academy economist [current education],,,translated,CSV:EDU_udd,medium,danish,,,302,151,1.7e-05,Akademiøkonom i bilbranchen,True
EDU_udd_7473,EDU,udd,7473,"Kunsthistorie, kand.2år","Kunsthistorie, kand.2år",,,"Art History, kand.2yr [current education]",,,translated,CSV:EDU_udd,medium,danish,,,2610,1244,0.000138,"Kunsthistorie, kand.2år",True
EDU_udd_8260,EDU,udd,8260,"Datateknik, civilingeniør 2år","Datateknik, civilingeniør 2år",,,"Computer Engineering, civilingenieur 2yr [current education]",,,translated,CSV:EDU_udd,medium,danish,,,700,344,3.8e-05,"Datateknik, civilingeniør 2år",True
EDU_udd_2530,EDU,udd,2530,Den fri ungdomsuddannelse (FUU),Den fri ungdomsuddannelse (FUU),,,Free youth programme (FUU) [current education],,,translated,CSV:EDU_udd,medium,danish,,,38942,19392,0.002148,Den fri ungdomsuddannelse (FUU),True
EDU_udd_4432,EDU,udd,4432,Mejerist,Mejerist,,,Dairyman [current education],,,translated,CSV:EDU_udd,medium,danish,,,15378,5236,0.00058,Mejerist,True
EDU_udd_4125,EDU,udd,4125,Personvognsmekaniker,Personvognsmekaniker,,,Passenger car mechanic,,,translated,CSV:EDU_udd,medium,danish,,,64374,21676,0.002401,Personvognsmekaniker,True
EDU_udd_4782,EDU,udd,4782,Pædagogisk assistentuddannelse (eud),Pædagogisk assistentuddannelse (eud),,,Pedagogical Assistant Education (eud) [current education],,,translated,CSV:EDU_udd,medium,danish,,,75888,29700,0.00329,Pædagogisk assistentuddannelse (eud),True
EDU_udd_2477,EDU,udd,2477,"Gartnerskole, væksthus kursus","Gartnerskole, væksthus kursus",,,"Gartner School, greenhouse course [current education]",,,translated,CSV:EDU_udd,medium,danish,,,2474,1236,0.000137,"Gartnerskole, væksthus kursus",True
EDU_udd_4473,EDU,udd,4473,Serigraf,Serigraf,,,Screen printer [current education],,,translated,CSV:EDU_udd,medium,danish,,,1360,566,6.3e-05,Serigraf,True
EDU_udd_5082,EDU,udd,5082,Multimediedesigner,Multimediedesigner,,,Multimedia designer [current education],,,translated,CSV:EDU_udd,medium,danish,,,39704,19162,0.002122,Multimediedesigner,True
EDU_udd_7554,EDU,udd,7554,"Kemi, bach.","Kemi, bach.",,,"Chemistry, bach. [current education]",,,translated,CSV:EDU_udd,medium,danish,,,2700,1341,0.000149,"Kemi, bach.",False
EDU_udd_7434,EDU,udd,7434,"Sociologi, bach.","Sociologi, bach.",,,"Sociology, bach. [current education]",,,translated,CSV:EDU_udd,medium,danish,,,6074,2968,0.000329,"Sociologi, bach.",False
EDU_udd_8261,EDU,udd,8261,"Datateknik, ingeniør bach.","Datateknik, ingeniør bach.",,,"Computer Engineering, engineer bach. [current education]",,,translated,CSV:EDU_udd,medium,danish,,,1152,570,6.3e-05,"Datateknik, ingeniør bach.",True
EDU_udd_8262,EDU,udd,8262,"Datateknik, civilingeniør 2år","Datateknik, civilingeniør 2år",,,"Computer Engineering, civilingenieur 2yr [current education]",,,translated,CSV:EDU_udd,medium,danish,,,660,319,3.5e-05,"Datateknik, civilingeniør 2år",False
EDU_udd_3431,EDU,udd,3431,"Historie, bach.","Historie, bach.",,,"History, bach. [current education]",,,translated,CSV:EDU_udd,medium,danish,,,5936,2890,0.00032,"Historie, bach.",False
EDU_udd_6417,EDU,udd,6417,"Historie, kand.2år","Historie, kand.2år",,,"History, kand.2yr [current education]",,,translated,CSV:EDU_udd,medium,danish,,,13098,6274,0.000695,"Historie, kand.2år",True
EDU_udd_4012,EDU,udd,4012,Akademiøkonom i international markedsføring,Akademiøkonom i international markedsføring,,,Business Economics in International Marketing [current education],,,translated,CSV:EDU_udd,medium,danish,,,2336,1165,0.000129,Akademiøkonom i international markedsføring,True
EDU_udd_6106,EDU,udd,6106,"Samfundsvidenskab, basis (kand.) (RUC)","Samfundsvidenskab, basis (kand.) (RUC)",,,"Social Sciences, foundation (kand.) (RUC) [current education]",,,translated,CSV:EDU_udd,medium,danish,,,8576,4269,0.000473,"Samfundsvidenskab, basis (kand.) (RUC)",True
EDU_udd_6143,EDU,udd,6143,"Kommunikation, kand.2år","Kommunikation, kand.2år",,,"Communication, kand.2yr [current education]",,,translated,CSV:EDU_udd,medium,danish,,,8016,3824,0.000424,"Kommunikation, kand.2år",True
EDU_udd_8409,EDU,udd,8409,"Landskabsarkitektur, bach.","Landskabsarkitektur, bach.",,,"Landscape architecture, bach. [current education]",,,translated,CSV:EDU_udd,medium,danish,,,3438,1708,0.000189,"Landskabsarkitektur, bach.",True
EDU_udd_6239,EDU,udd,6239,"Landscape Architecture, kand.2år","Landscape Architecture, kand.2år",,,"Landscape Architecture, kand.2yr [current education]",,,translated,CSV:EDU_udd,medium,danish,,,2656,1319,0.000146,"Landscape Architecture, kand.2år",True
EDU_udd_5666,EDU,udd,5666,"HA(mat.) erhvervsøkonomi-matematik, bach.","HA(mat.) erhvervsøkonomi-matematik, bach.",,,"Business Economics-Mathematics, bach. [current education]",,,translated,CSV:EDU_udd,medium,danish,,,6524,3256,0.000361,"HA(mat.) erhvervsøkonomi-matematik, bach.",True
EDU_udd_4143,EDU,udd,4143,Beklædningshåndværker,Beklædningshåndværker,,,Tailor [current education],,,translated,CSV:EDU_udd,medium,danish,,,11148,4556,0.000505,Beklædningshåndværker,True
EDU_udd_5131,EDU,udd,5131,Designteknolog,Designteknolog,,,Design technologist [current education],,,translated,CSV:EDU_udd,medium,danish,,,18408,9021,0.000999,Designteknolog,True
EDU_udd_5596,EDU,udd,5596,"Erhvervsspr.-internat. erhvervskomm, spansk, kand.2år","Erhvervsspr.-internat. erhvervskomm, spansk, kand.2år",,,"Business Language - International Business Communication, Spanish, kand.2yr [current education]",,,manual_level_fix,CSV:EDU_udd,medium,danish,,,1568,777,8.6e-05,"Erhvervsspr.-internat. erhvervskomm, spansk, kand.2år",True
EDU_udd_5187,EDU,udd,5187,Vagtofficer,Vagtofficer,,,Watch officer [current education],,,translated,CSV:EDU_udd,medium,danish,,,2854,1392,0.000154,Vagtofficer,True
EDU_udd_5195,EDU,udd,5195,Skibsfører (uden gymnasial baggrund),Skibsfører (uden gymnasial baggrund),,,Shipmaster (without upper secondary school background) [current education],,,translated,CSV:EDU_udd,medium,danish,,,6868,3177,0.000352,Skibsfører (uden gymnasial baggrund),True
EDU_udd_6444,EDU,udd,6444,"Sprogvidenskab og lingvistik, kand.2år","Sprogvidenskab og lingvistik, kand.2år",,,"Linguistics and Language Science, kand.2yr [current education]",,,manual_level_fix,CSV:EDU_udd,medium,danish,,,1232,610,6.8e-05,"Sprogvidenskab og lingvistik, kand.2år",True
EDU_udd_4735,EDU,udd,4735,Mad til mennesker,Mad til mennesker,,,Food for Humans [current education],,,translated,CSV:EDU_udd,medium,danish,,,80828,37746,0.004181,Mad til mennesker,True
EDU_udd_8180,EDU,udd,8180,"Kulturgeografi, bach.","Kulturgeografi, bach.",,,"Cultural geography, bach. [current education]",,,translated,CSV:EDU_udd,medium,danish,,,854,423,4.7e-05,"Kulturgeografi, bach.",True
EDU_udd_6526,EDU,udd,6526,"Folkemindevidenskab, bach.","Folkemindevidenskab, bach.",,,"Folklore studies, bach. [current education]",,,translated,CSV:EDU_udd,medium,danish,,,136,66,7e-06,"Folkemindevidenskab, bach.",True
EDU_udd_5908,EDU,udd,5908,"Rytmisk musik, musikpædagog","Rytmisk musik, musikpædagog",,,"Rhythmic Music, Music Pedagogy [current education]",,,translated,CSV:EDU_udd,medium,danish,,,2114,1000,0.000111,"Rytmisk musik, musikpædagog",True
EDU_udd_5308,EDU,udd,5308,"Proces og innovation, ing.prof.bach.","Proces og innovation, ing.prof.bach.",,,"Process and Innovation, ing.prof.bach. [current education]",,,translated,CSV:EDU_udd,medium,danish,,,1278,635,7e-05,"Proces og innovation, ing.prof.bach.",True
EDU_udd_7450,EDU,udd,7450,"Geografi/Geografi og geoinformatik, bach.","Geografi/Geografi og geoinformatik, bach.",,,"Geography/Geography and Geo-information, bach. [current education]",,,translated,CSV:EDU_udd,medium,danish,,,4792,2342,0.000259,"Geografi/Geografi og geoinformatik, bach.",True
EDU_udd_6314,EDU,udd,6314,"Historie, kand.","Historie, kand.",,,"History, kand. [current education]",,,translated,CSV:EDU_udd,medium,danish,,,18268,7029,0.000779,"Historie, kand.",True
EDU_udd_6448,EDU,udd,6448,"Østasiatisk sprog og kultur, kand.2år","Østasiatisk sprog og kultur, kand.2år",,,"East Asian Language and Culture, kand.2yr [current education]",,,manual_level_fix,CSV:EDU_udd,medium,danish,,,612,285,3.2e-05,"Østasiatisk sprog og kultur, kand.2år",True
EDU_udd_4615,EDU,udd,4615,Greenkeeper,Greenkeeper,,,Greenkeeper [current education],,,copy-of-da,CSV:EDU_udd,medium,danish,,,2130,765,8.5e-05,Greenkeeper,True
EDU_udd_7722,EDU,udd,7722,"Tysk sprog, litteratur og kultur, kand.2år","Tysk sprog, litteratur og kultur, kand.2år",,,"German Language, Literature and Culture, kand.2yr [current education]",,,manual_level_fix,CSV:EDU_udd,medium,danish,,,432,210,2.3e-05,"Tysk sprog, litteratur og kultur, kand.2år",False
EDU_udd_8095,EDU,udd,8095,"Biofysik, kand.2år","Biofysik, kand.2år",,,"Biophysics, kand.2yr [current education]",,,manual_level_fix,CSV:EDU_udd,medium,danish,,,130,65,7e-06,"Biofysik, kand.2år",True
EDU_udd_5221,EDU,udd,5221,"Maskinmester m. eud-baggrund (ledelse-drift), prof.bach.","Maskinmester m. eud-baggrund (ledelse-drift), prof.bach.",,,"Marine engineer with vocational background (management/operation), prof.bach. [current education]",,,translated,CSV:EDU_udd,medium,danish,,,6368,3055,0.000338,"Maskinmester m. eud-baggrund (ledelse-drift), prof.bach.",True
EDU_udd_5963,EDU,udd,5963,"Erhvervsøkonomi-erhvervssprog, fransk, cand.negot.2år","Erhvervsøkonomi-erhvervssprog, fransk, cand.negot.2år",,,"Business Economics-Business Language, French, BCom(Std) [current education]",,,translated,CSV:EDU_udd,medium,danish,,,220,108,1.2e-05,"Erhvervsøkonomi-erhvervssprog, fransk, cand.negot.2år",True
EDU_udd_4202,EDU,udd,4202,Hi handel introduktionskursus,Hi handel introduktionskursus,,,HI commerce introductory course [current education],,,translated,CSV:EDU_udd,medium,danish,,,5880,2907,0.000322,Hi handel introduktionskursus,True
EDU_udd_6103,EDU,udd,6103,"Samfundsvidenskab, bach. (RUC)","Samfundsvidenskab, bach. (RUC)",,,"Social science, bach. (RUC) [current education]",,,translated,CSV:EDU_udd,medium,danish,,,24952,12336,0.001366,"Samfundsvidenskab, bach. (RUC)",True
EDU_udd_6043,EDU,udd,6043,"Journalistik, kand.2år","Journalistik, kand.2år",,,"Journalism, kand.2yr",,,translated,CSV:EDU_udd,medium,danish,,,3468,1602,0.000177,"Journalistik, kand.2år",True
EDU_udd_7476,EDU,udd,7476,"Pædagogik, kand.2år","Pædagogik, kand.2år",,,"Education, kand.2yr",,,translated,CSV:EDU_udd,medium,danish,,,1862,905,0.0001,"Pædagogik, kand.2år",True
EDU_udd_6105,EDU,udd,6105,"Humanistisk, basis (kand.) (RUC)","Humanistisk, basis (kand.) (RUC)",,,"Humanities, foundation (kand.) (RUC) [current education]",,,translated,CSV:EDU_udd,medium,danish,,,5370,2679,0.000297,"Humanistisk, basis (kand.) (RUC)",True
EDU_udd_6075,EDU,udd,6075,"Samfundsvidenskab kombination, kand.2år","Samfundsvidenskab kombination, kand.2år",,,"Social Sciences Combination, kand.2yr",,,translated,CSV:EDU_udd,medium,danish,,,3054,1497,0.000166,"Samfundsvidenskab kombination, kand.2år",True
EDU_udd_5895,EDU,udd,5895,Musikprofil,Musikprofil,,,Music profile [current education],,,translated,CSV:EDU_udd,medium,danish,,,18,9,1e-06,Musikprofil,True
EDU_udd_5704,EDU,udd,5704,"HA sprog, bach.","HA sprog, bach.",,,"HA (Business administration) language, bach. [current education]",,,translated,CSV:EDU_udd,medium,danish,,,2188,1087,0.00012,"HA sprog, bach.",False
EDU_udd_7677,EDU,udd,7677,"Psykologi, bach.","Psykologi, bach.",,,"Psychology, bach. [current education]",,,translated,CSV:EDU_udd,medium,danish,,,6670,3320,0.000368,"Psykologi, bach.",False
EDU_udd_7734,EDU,udd,7734,"Psykologi, kand.2år","Psykologi, kand.2år",,,"Psychology, kand.2yr [current education]",,,translated,CSV:EDU_udd,medium,danish,,,4192,2089,0.000231,"Psykologi, kand.2år",False
EDU_udd_4445,EDU,udd,4445,Cafeteria- og kantineassistent,Cafeteria- og kantineassistent,,,Cafeteria and kitchen assistant [current education],,,translated,CSV:EDU_udd,medium,danish,,,2034,901,0.0001,Cafeteria- og kantineassistent,True
EDU_udd_6343,EDU,udd,6343,"Spansk, kand.","Spansk, kand.",,,"Spanish, kand. [current education]",,,translated,CSV:EDU_udd,medium,danish,,,4372,1697,0.000188,"Spansk, kand.",True
EDU_udd_7542,EDU,udd,7542,"Religion studier/Religionsvidenskab, bach.","Religion studier/Religionsvidenskab, bach.",,,"Religious studies/Religious science, bach. [current education]",,,translated,CSV:EDU_udd,medium,danish,,,3348,1615,0.000179,"Religion studier/Religionsvidenskab, bach.",False
EDU_udd_6439,EDU,udd,6439,"Religion studier/religionsvidenskab, kand.2år","Religion studier/religionsvidenskab, kand.2år",,,"Religious Studies, kand.2yr [current education]",,,translated,CSV:EDU_udd,medium,danish,,,1682,819,9.1e-05,"Religion studier/religionsvidenskab, kand.2år",True
EDU_udd_6324,EDU,udd,6324,"Kunsthistorie, kand.","Kunsthistorie, kand.",,,"Art history, kand. [current education]",,,translated,CSV:EDU_udd,medium,danish,,,4676,1930,0.000214,"Kunsthistorie, kand.",True
EDU_udd_3432,EDU,udd,3432,"Litteraturvidenskab, bach.","Litteraturvidenskab, bach.",,,"Literature, bach. [current education]",,,translated,CSV:EDU_udd,medium,danish,,,3426,1651,0.000183,"Litteraturvidenskab, bach.",False
EDU_udd_4136,EDU,udd,4136,Snedkeruddannelsen,Snedkeruddannelsen,,,Joiner/cabinetmaker programme,,,translated,CSV:EDU_udd,medium,danish,,,46200,19733,0.002186,Snedkeruddannelsen,True
EDU_udd_7626,EDU,udd,7626,"Pædagogisk antropologi, kand.2år","Pædagogisk antropologi, kand.2år",,,"Pedagogical Anthropology, kand.2yr [current education]",,,translated,CSV:EDU_udd,medium,danish,,,2206,1100,0.000122,"Pædagogisk antropologi, kand.2år",False
EDU_udd_7183,EDU,udd,7183,"Fysioterapi, kand.2år","Fysioterapi, kand.2år",,,"Physiotherapy, kand.2yr [current education]",,,translated,CSV:EDU_udd,medium,danish,,,812,401,4.4e-05,"Fysioterapi, kand.2år",True
EDU_udd_6620,EDU,udd,6620,"Østeuropastudier, bach.","Østeuropastudier, bach.",,,"East European Studies, bach. [current education]",,,translated,CSV:EDU_udd,medium,danish,,,2514,1205,0.000133,"Østeuropastudier, bach.",True
EDU_udd_5289,EDU,udd,5289,IT-teknolog,IT-teknolog,,,IT technologist [current education],,,translated,CSV:EDU_udd,medium,danish,,,4200,2084,0.000231,IT-teknolog,False
EDU_udd_5863,EDU,udd,5863,"Sportsmanagement (overbygning), prof.bach.","Sportsmanagement (overbygning), prof.bach.",,,"Sports management (advanced), prof.bach. [current education]",,,translated,CSV:EDU_udd,medium,danish,,,2526,1259,0.000139,"Sportsmanagement (overbygning), prof.bach.",True
EDU_udd_5955,EDU,udd,5955,"Engelsk-tysk erhvervssprog, bach.","Engelsk-tysk erhvervssprog, bach.",,,"English-German Business Language, bach. [current education]",,,translated,CSV:EDU_udd,medium,danish,,,4984,2456,0.000272,"Engelsk-tysk erhvervssprog, bach.",True
EDU_udd_4275,EDU,udd,4275,Skiltetekniker,Skiltetekniker,,,Sign technician,,,translated,CSV:EDU_udd,medium,danish,,,6496,2527,0.00028,Skiltetekniker,True
EDU_udd_3479,EDU,udd,3479,"Sundhedsfaglig kandidatuddannelse, kand.2år","Sundhedsfaglig kandidatuddannelse, kand.2år",,,"Health Professional Candidate Education, kand.2yr [current education]",,,translated,CSV:EDU_udd,medium,danish,,,2280,1119,0.000124,"Sundhedsfaglig kandidatuddannelse, kand.2år",True
EDU_udd_6064,EDU,udd,6064,"Industri, civilingeniør 2år","Industri, civilingeniør 2år",,,"Industry, Civil Engineer 2yr [current education]",,,translated,CSV:EDU_udd,medium,danish,,,2022,1006,0.000111,"Industri, civilingeniør 2år",True
EDU_udd_5157,EDU,udd,5157,"Psykomotorik, prof.bach.","Psykomotorik, prof.bach.",,,"Psychomotor therapy, prof.bach. [current education]",,,translated,CSV:EDU_udd,medium,danish,,,4676,2298,0.000255,"Psykomotorik, prof.bach.",True
EDU_udd_6654,EDU,udd,6654,"Bygningsdesign, ing.prof.bach.","Bygningsdesign, ing.prof.bach.",,,"Building design, ing.prof.bach. [current education]",,,translated,CSV:EDU_udd,medium,danish,,,2602,1295,0.000143,"Bygningsdesign, ing.prof.bach.",False
EDU_udd_5810,EDU,udd,5810,"Billedkunst og bildende kunst, videregående","Billedkunst og bildende kunst, videregående",,,"Visual Arts and Fine Arts, Further Education [current education]",,,translated,CSV:EDU_udd,medium,danish,,,1608,786,8.7e-05,"Billedkunst og bildende kunst, videregående",True
EDU_udd_6262,EDU,udd,6262,"Digital design og kommunikation, kand.2år","Digital design og kommunikation, kand.2år",,,"Digital Design and Communication, kand.2yr [current education]",,,translated,CSV:EDU_udd,medium,danish,,,3364,1672,0.000185,"Digital design og kommunikation, kand.2år",True
EDU_udd_6050,EDU,udd,6050,"Medialogy, bach.","Medialogy, bach.",,,"Medialogy, bach. [current education]",,,copy-of-da,CSV:EDU_udd,medium,danish,,,6288,3115,0.000345,"Medialogy, bach.",True
EDU_udd_6263,EDU,udd,6263,"Digital Innovation and Management, kand.2år","Digital Innovation and Management, kand.2år",,,"Digital Innovation and Management, kand.2yr [current education]",,,translated,CSV:EDU_udd,medium,danish,,,4608,2294,0.000254,"Digital Innovation and Management, kand.2år",True
EDU_udd_6201,EDU,udd,6201,"Arkitekt, bach.","Arkitekt, bach.",,,"Architect, bach. [current education]",,,translated,CSV:EDU_udd,medium,danish,,,7262,3621,0.000401,"Arkitekt, bach.",True
EDU_udd_7440,EDU,udd,7440,"Teologi, bach.","Teologi, bach.",,,"Theology, bach. [current education]",,,translated,CSV:EDU_udd,medium,danish,,,5266,2544,0.000282,"Teologi, bach.",True
EDU_udd_5119,EDU,udd,5119,"Offentlig administration, prof.bach.","Offentlig administration, prof.bach.",,,"Public Administration, prof.bach. [current education]",,,translated,CSV:EDU_udd,medium,danish,,,14670,7074,0.000784,"Offentlig administration, prof.bach.",True
EDU_udd_5291,EDU,udd,5291,Produktionsteknolog,Produktionsteknolog,,,Production technologist [current education],,,translated,CSV:EDU_udd,medium,danish,,,5776,2862,0.000317,Produktionsteknolog,False
EDU_udd_7413,EDU,udd,7413,"Historie, bach.","Historie, bach.",,,"History, bach. [current education]",,,translated,CSV:EDU_udd,medium,danish,,,11522,5611,0.000621,"Historie, bach.",True
EDU_udd_4803,EDU,udd,4803,"HA(jur.) erhvervsøkonomi-jura, bach.","HA(jur.) erhvervsøkonomi-jura, bach.",,,"HA(jur.) Business Economics and Law, bach.",,,translated,CSV:EDU_udd,medium,danish,,,12920,6423,0.000711,"HA(jur.) erhvervsøkonomi-jura, bach.",True
EDU_udd_8059,EDU,udd,8059,"Forsikringsmatematik, bach.","Forsikringsmatematik, bach.",,,"Actuarial mathematics, bach. [current education]",,,translated,CSV:EDU_udd,medium,danish,,,2610,1292,0.000143,"Forsikringsmatematik, bach.",True
EDU_udd_4022,EDU,udd,4022,Akademiøkonom i eksport,Akademiøkonom i eksport,,,Business Economics in Export [current education],,,translated,CSV:EDU_udd,medium,danish,,,1994,995,0.00011,Akademiøkonom i eksport,True
EDU_udd_5336,EDU,udd,5336,"Produktion, ing.prof.bach.","Produktion, ing.prof.bach.",,,"Production, ing.prof.bach. [current education]",,,translated,CSV:EDU_udd,medium,danish,,,5278,2583,0.000286,"Produktion, ing.prof.bach.",True
EDU_udd_3467,EDU,udd,3467,"Pædagogik, kand.2år","Pædagogik, kand.2år",,,"Education, kand.2yr",,,translated,CSV:EDU_udd,medium,danish,,,1552,764,8.5e-05,"Pædagogik, kand.2år",False
EDU_udd_3429,EDU,udd,3429,"Engelsk, bach.","Engelsk, bach.",,,"English, bach. [current education]",,,translated,CSV:EDU_udd,medium,danish,,,5034,2448,0.000271,"Engelsk, bach.",False
EDU_udd_8135,EDU,udd,8135,"Datalogi, bach.","Datalogi, bach.",,,"Computer science, bach. [current education]",,,translated,CSV:EDU_udd,medium,danish,,,11484,5529,0.000612,"Datalogi, bach.",True
EDU_udd_7429,EDU,udd,7429,"Religion studier/Religionsvidenskab, bach.","Religion studier/Religionsvidenskab, bach.",,,"Religious studies/Religious science, bach. [current education]",,,translated,CSV:EDU_udd,medium,danish,,,3384,1661,0.000184,"Religion studier/Religionsvidenskab, bach.",True
EDU_udd_5667,EDU,udd,5667,"Erhvervsøkonomi og matematik, kand.2år","Erhvervsøkonomi og matematik, kand.2år",,,"Business Economics and Mathematics, kand.2yr",,,translated,CSV:EDU_udd,medium,danish,,,3000,1484,0.000164,"Erhvervsøkonomi og matematik, kand.2år",True
EDU_udd_5083,EDU,udd,5083,Mediekoordinator,Mediekoordinator,,,Media coordinator [current education],,,translated,CSV:EDU_udd,medium,danish,,,1484,723,8e-05,Mediekoordinator,True
EDU_udd_6518,EDU,udd,6518,"Etnologi europæisk, bach","Etnologi europæisk, bach",,,"European Ethnology, bach [current education]",,,translated,CSV:EDU_udd,medium,danish,,,3044,1504,0.000167,"Etnologi europæisk, bach",True
EDU_udd_6409,EDU,udd,6409,"Europæisk etnologi, kand.2år","Europæisk etnologi, kand.2år",,,"European Ethnology, kand.2yr",,,translated,CSV:EDU_udd,medium,danish,,,1198,587,6.5e-05,"Europæisk etnologi, kand.2år",True
EDU_udd_7546,EDU,udd,7546,"Psykologi, bach.","Psykologi, bach.",,,"Psychology, bach. [current education]",,,translated,CSV:EDU_udd,medium,danish,,,12070,5988,0.000663,"Psykologi, bach.",False
EDU_udd_7612,EDU,udd,7612,"Psykologi, kand.2år","Psykologi, kand.2år",,,"Psychology, kand.2yr [current education]",,,translated,CSV:EDU_udd,medium,danish,,,10294,5119,0.000567,"Psykologi, kand.2år",False
EDU_udd_5136,EDU,udd,5136,Produktionsteknolog,Produktionsteknolog,,,Production technologist [current education],,,translated,CSV:EDU_udd,medium,danish,,,9632,4659,0.000516,Produktionsteknolog,True
EDU_udd_6578,EDU,udd,6578,"Kunsthistorie, bach.","Kunsthistorie, bach.",,,"Art history, bach. [current education]",,,translated,CSV:EDU_udd,medium,danish,,,5850,2809,0.000311,"Kunsthistorie, bach.",True
EDU_udd_7593,EDU,udd,7593,"Kunsthistorie, kand.2år","Kunsthistorie, kand.2år",,,"Art History, kand.2yr [current education]",,,translated,CSV:EDU_udd,medium,danish,,,1454,716,7.9e-05,"Kunsthistorie, kand.2år",False
EDU_udd_6442,EDU,udd,6442,"Slavisk sprog og kultur, kand.2år","Slavisk sprog og kultur, kand.2år",,,"Slavic Language and Culture, kand.2yr",,,translated,CSV:EDU_udd,medium,danish,,,1202,573,6.3e-05,"Slavisk sprog og kultur, kand.2år",True
EDU_udd_5130,EDU,udd,5130,"Bygningskonstruktør, prof.bach.","Bygningskonstruktør, prof.bach.",,,"Structural Engineer, prof.bach. [current education]",,,translated,CSV:EDU_udd,medium,danish,,,36548,17134,0.001898,"Bygningskonstruktør, prof.bach.",True
EDU_udd_5736,EDU,udd,5736,"Fotojournalist, prof.bach.","Fotojournalist, prof.bach.",,,"Photojournalism, prof.bach. [current education]",,,translated,CSV:EDU_udd,medium,danish,,,1176,588,6.5e-05,"Fotojournalist, prof.bach.",True
EDU_udd_5954,EDU,udd,5954,"Engelsk-spansk erhvervssprog, bach.","Engelsk-spansk erhvervssprog, bach.",,,"English-Spanish Business Language, bach. [current education]",,,translated,CSV:EDU_udd,medium,danish,,,3864,1921,0.000213,"Engelsk-spansk erhvervssprog, bach.",True
EDU_udd_6640,EDU,udd,6640,"Teater- og performancestudier, bach.","Teater- og performancestudier, bach.",,,"Theatre and Performance Studies, bach. [current education]",,,translated,CSV:EDU_udd,medium,danish,,,2280,1118,0.000124,"Teater- og performancestudier, bach.",True
EDU_udd_5845,EDU,udd,5845,Teaterteknik,Teaterteknik,,,Theatre technology [current education],,,translated,CSV:EDU_udd,medium,danish,,,182,91,1e-05,Teaterteknik,True
EDU_udd_4153,EDU,udd,4153,Skov- og naturtekniker,Skov- og naturtekniker,,,Forestry and Nature Technicians [current education],,,translated,CSV:EDU_udd,medium,danish,,,10738,4440,0.000492,Skov- og naturtekniker,True
EDU_udd_5339,EDU,udd,5339,"Kemi, ing.prof.bach.","Kemi, ing.prof.bach.",,,"Chemistry, ing.prof.bach. [current education]",,,translated,CSV:EDU_udd,medium,danish,,,4374,2145,0.000238,"Kemi, ing.prof.bach.",True
EDU_udd_1190,EDU,udd,1190,Gymnasial indslusning for flygtninge GIF,Gymnasial indslusning for flygtninge GIF,,,Educational Integration Program for Refugees GIF [current education],,,translated,CSV:EDU_udd,medium,danish,,,628,310,3.4e-05,Gymnasial indslusning for flygtninge GIF,True
EDU_udd_5713,EDU,udd,5713,"International Business, bach.","International Business, bach.",,,"International Business, bach. [current education]",,,copy-of-da,CSV:EDU_udd,medium,danish,,,9854,4915,0.000544,"International Business, bach.",True
EDU_udd_8147,EDU,udd,8147,"Geologi, bach.","Geologi, bach.",,,"Geology, bach. [current education]",,,translated,CSV:EDU_udd,medium,danish,,,2750,1336,0.000148,"Geologi, bach.",True
EDU_udd_7498,EDU,udd,7498,"Geology-Geoscience, kand.2år","Geology-Geoscience, kand.2år",,,"Geology-Geoscience, kand.2yr",,,translated,CSV:EDU_udd,medium,danish,,,2082,1027,0.000114,"Geology-Geoscience, kand.2år",True
EDU_udd_7446,EDU,udd,7446,"Matematik, bach.","Matematik, bach.",,,"Mathematics, bach. [current education]",,,translated,CSV:EDU_udd,medium,danish,,,6500,3151,0.000349,"Matematik, bach.",True
EDU_udd_8092,EDU,udd,8092,"Kemi, kand.2år","Kemi, kand.2år",,,"Chemistry, kand.2yr",,,translated,CSV:EDU_udd,medium,danish,,,1834,902,0.0001,"Kemi, kand.2år",True
EDU_udd_7457,EDU,udd,7457,"Jura, kand.2år","Jura, kand.2år",,,"Law, kand.2yr [current education]",,,translated,CSV:EDU_udd,medium,danish,,,13908,6900,0.000764,"Jura, kand.2år",False
EDU_udd_7529,EDU,udd,7529,"Antropologi, bach.","Antropologi, bach.",,,"Anthropology, bach. [current education]",,,translated,CSV:EDU_udd,medium,danish,,,5606,2725,0.000302,"Antropologi, bach.",True
EDU_udd_7627,EDU,udd,7627,"Pædagogisk psykologi, kand.2år","Pædagogisk psykologi, kand.2år",,,"Educational Psychology, kand.2yr [current education]",,,manual_level_fix,CSV:EDU_udd,medium,danish,,,5996,2977,0.00033,"Pædagogisk psykologi, kand.2år",True
EDU_udd_5144,EDU,udd,5144,"Social og sundhed, grundforløb","Social og sundhed, grundforløb",,,"Social and Health Sciences, Foundation Course [current education]",,,translated,CSV:EDU_udd,medium,danish,,,42884,21272,0.002356,"Social og sundhed, grundforløb",True
EDU_udd_3453,EDU,udd,3453,"Jura, kand.2år","Jura, kand.2år",,,"Law, kand.2yr [current education]",,,translated,CSV:EDU_udd,medium,danish,,,2572,1264,0.00014,"Jura, kand.2år",False
EDU_udd_5791,EDU,udd,5791,"Tegnsprogstolkning, overbygning","Tegnsprogstolkning, overbygning",,,"Sign Language Interpreting, Postgraduate [current education]",,,translated,CSV:EDU_udd,medium,danish,,,240,120,1.3e-05,"Tegnsprogstolkning, overbygning",False
EDU_udd_4189,EDU,udd,4189,Sundhedsservicesekretær,Sundhedsservicesekretær,,,Health Service Secretary [current education],,,translated,CSV:EDU_udd,medium,danish,,,9270,4535,0.000502,Sundhedsservicesekretær,True
EDU_udd_5138,EDU,udd,5138,"Industriel designer (overbygning), prof.bach.","Industriel designer (overbygning), prof.bach.",,,"Industrial design (overlay), prof.bach. [current education]",,,translated,CSV:EDU_udd,medium,danish,,,920,460,5.1e-05,"Industriel designer (overbygning), prof.bach.",True
EDU_udd_5123,EDU,udd,5123,Markedsføringsøkonom,Markedsføringsøkonom,,,Marketing economics [current education],,,translated,CSV:EDU_udd,medium,danish,,,57258,27725,0.003071,Markedsføringsøkonom,True
EDU_udd_7543,EDU,udd,7543,"Økonomi, bach.","Økonomi, bach.",,,"Economics, bach. [current education]",,,translated,CSV:EDU_udd,medium,danish,,,12304,6118,0.000678,"Økonomi, bach.",False
EDU_udd_5361,EDU,udd,5361,"Bygning, civilingeniør 2år","Bygning, civilingeniør 2år",,,"Building, civil engineer 2yr [current education]",,,translated,CSV:EDU_udd,medium,danish,,,5212,2597,0.000288,"Bygning, civilingeniør 2år",True
EDU_udd_5465,EDU,udd,5465,"Informationsvidenskab og kulturformidling, kand.2år","Informationsvidenskab og kulturformidling, kand.2år",,,"Information science and cultural communication, kand.2yr [current education]",,,translated,CSV:EDU_udd,medium,danish,,,2932,1442,0.00016,"Informationsvidenskab og kulturformidling, kand.2år",True
EDU_udd_7717,EDU,udd,7717,"Revision, kand.2år","Revision, kand.2år",,,"Auditing, kand.2yr [current education]",,,translated,CSV:EDU_udd,medium,danish,,,5250,2594,0.000287,"Revision, kand.2år",False
EDU_udd_5005,EDU,udd,5005,Akademiøkonom i international erhvervsinformation,Akademiøkonom i international erhvervsinformation,,,Business economist in international business information [current education],,,translated,CSV:EDU_udd,medium,danish,,,588,294,3.3e-05,Akademiøkonom i international erhvervsinformation,True
EDU_udd_6354,EDU,udd,6354,"Designer, bach.","Designer, bach.",,,"Designer, bach. [current education]",,,copy-of-da,CSV:EDU_udd,medium,danish,,,4820,2390,0.000265,"Designer, bach.",False
EDU_udd_7669,EDU,udd,7669,"Musik/Musikvidenskab, bach.","Musik/Musikvidenskab, bach.",,,"Music/Musicology, bach. [current education]",,,translated,CSV:EDU_udd,medium,danish,,,1376,664,7.4e-05,"Musik/Musikvidenskab, bach.",False
EDU_udd_7720,EDU,udd,7720,"Musik/Musikvidenskab, kand.2år","Musik/Musikvidenskab, kand.2år",,,"Music/Musicology, kand.2yr [current education]",,,translated,CSV:EDU_udd,medium,danish,,,626,302,3.3e-05,"Musik/Musikvidenskab, kand.2år",False
EDU_udd_2419,EDU,udd,2419,Køkkenleder 2,Køkkenleder 2,,,Kitchen supervisor 2 [current education],,,translated,CSV:EDU_udd,medium,danish,,,7280,3590,0.000398,Køkkenleder 2,True
EDU_udd_3270,EDU,udd,3270,Gartner,Gartner,,,Gardener [current education],,,translated,CSV:EDU_udd,medium,danish,,,7028,2309,0.000256,Gartner,True
EDU_udd_3465,EDU,udd,3465,"Revision, kand.2år","Revision, kand.2år",,,"Auditing, kand.2yr [current education]",,,translated,CSV:EDU_udd,medium,danish,,,6832,3326,0.000368,"Revision, kand.2år",False
EDU_udd_5707,EDU,udd,5707,Registreret revisor,Registreret revisor,,,Registered auditor [current education],,,translated,CSV:EDU_udd,medium,danish,,,160,79,9e-06,Registreret revisor,True
EDU_udd_3220,EDU,udd,3220,"Arkæologi, bach.","Arkæologi, bach.",,,"Archaeology, bach. [current education]",,,translated,CSV:EDU_udd,medium,danish,,,832,416,4.6e-05,"Arkæologi, bach.",True
EDU_udd_3229,EDU,udd,3229,"Virksomhedsstudier, kand.2år","Virksomhedsstudier, kand.2år",,,"Business studies, kand.2yr [current education]",,,translated,CSV:EDU_udd,medium,danish,,,364,179,2e-05,"Virksomhedsstudier, kand.2år",False
EDU_udd_8050,EDU,udd,8050,"Biokemi, bach.","Biokemi, bach.",,,"Biochemistry, bach. [current education]",,,translated,CSV:EDU_udd,medium,danish,,,4098,2013,0.000223,"Biokemi, bach.",True
EDU_udd_7437,EDU,udd,7437,"Folkesundhedsvidenskab, bach.","Folkesundhedsvidenskab, bach.",,,"Public health science, bach. [current education]",,,translated,CSV:EDU_udd,medium,danish,,,3390,1688,0.000187,"Folkesundhedsvidenskab, bach.",True
EDU_udd_7185,EDU,udd,7185,"Folkesundhedsvidenskab, kand.2år","Folkesundhedsvidenskab, kand.2år",,,"Public Health Science, kand.2yr [current education]",,,translated,CSV:EDU_udd,medium,danish,,,2808,1392,0.000154,"Folkesundhedsvidenskab, kand.2år",True
EDU_udd_7487,EDU,udd,7487,"Sociologi, kand.2år","Sociologi, kand.2år",,,"Sociology, kand.2yr [current education]",,,translated,CSV:EDU_udd,medium,danish,,,4060,1988,0.00022,"Sociologi, kand.2år",True
EDU_udd_6632,EDU,udd,6632,"Spansk og spanskamerikanske studier, bach.","Spansk og spanskamerikanske studier, bach.",,,"Spanish and Spanish American Studies, bach. [current education]",,,translated,CSV:EDU_udd,medium,danish,,,5198,2481,0.000275,"Spansk og spanskamerikanske studier, bach.",True
EDU_udd_7532,EDU,udd,7532,"Historie, bach.","Historie, bach.",,,"History, bach. [current education]",,,translated,CSV:EDU_udd,medium,danish,,,7662,3649,0.000404,"Historie, bach.",False
EDU_udd_5640,EDU,udd,5640,"Bygningskonstruktør, prof.bach.","Bygningskonstruktør, prof.bach.",,,"Structural Engineer, prof.bach. [current education]",,,translated,CSV:EDU_udd,medium,danish,,,29012,14090,0.001561,"Bygningskonstruktør, prof.bach.",False
EDU_udd_6144,EDU,udd,6144,"Internationale udviklingsstudier, kand.2år","Internationale udviklingsstudier, kand.2år",,,"International Development Studies, kand.2yr [current education]",,,translated,CSV:EDU_udd,medium,danish,,,2696,1315,0.000146,"Internationale udviklingsstudier, kand.2år",True
EDU_udd_6530,EDU,udd,6530,"Fransk sprog, litteratur og kultur, bach.","Fransk sprog, litteratur og kultur, bach.",,,"French language, literature and culture, bach. [current education]",,,translated,CSV:EDU_udd,medium,danish,,,922,450,5e-05,"Fransk sprog, litteratur og kultur, bach.",False
EDU_udd_4603,EDU,udd,4603,Tagdækker,Tagdækker,,,Roofing [current education],,,translated,CSV:EDU_udd,medium,danish,,,4016,1177,0.00013,Tagdækker,True
EDU_udd_7664,EDU,udd,7664,"Engelsk, bach.","Engelsk, bach.",,,"English, bach. [current education]",,,translated,CSV:EDU_udd,medium,danish,,,5384,2624,0.000291,"Engelsk, bach.",False
EDU_udd_7411,EDU,udd,7411,"Filosofi, bach.","Filosofi, bach.",,,"Philosophy, bach. [current education]",,,translated,CSV:EDU_udd,medium,danish,,,5046,2448,0.000271,"Filosofi, bach.",True
EDU_udd_4289,EDU,udd,4289,Skorstensfejer,Skorstensfejer,,,Chimney sweep [current education],,,translated,CSV:EDU_udd,medium,danish,,,5170,1893,0.00021,Skorstensfejer,True
EDU_udd_7531,EDU,udd,7531,"Fransk sprog, litteratur og kultur, bach.","Fransk sprog, litteratur og kultur, bach.",,,"French language, literature and culture, bach. [current education]",,,translated,CSV:EDU_udd,medium,danish,,,1472,698,7.7e-05,"Fransk sprog, litteratur og kultur, bach.",False
EDU_udd_7592,EDU,udd,7592,"Fransk sprog, litteratur og kultur, kand.2år","Fransk sprog, litteratur og kultur, kand.2år",,,"French Language, Literature and Culture, kand.2yr [current education]",,,translated,CSV:EDU_udd,medium,danish,,,558,272,3e-05,"Fransk sprog, litteratur og kultur, kand.2år",False
EDU_udd_5175,EDU,udd,5175,"Jordemoder, prof.bach.","Jordemoder, prof.bach.",,,"Midwifery, prof.bach. [current education]",,,translated,CSV:EDU_udd,medium,danish,,,12802,6214,0.000688,"Jordemoder, prof.bach.",True
EDU_udd_5790,EDU,udd,5790,"Dansk tegnsprog og tolkning, prof.bach.","Dansk tegnsprog og tolkning, prof.bach.",,,"Danish Sign Language and Interpretation, prof.bach. [current education]",,,translated,CSV:EDU_udd,medium,danish,,,2516,1248,0.000138,"Dansk tegnsprog og tolkning, prof.bach.",True
EDU_udd_4605,EDU,udd,4605,Digital media uddannelsen,Digital media uddannelsen,,,Digital Media Education [current education],,,translated,CSV:EDU_udd,medium,danish,,,3908,1664,0.000184,Digital media uddannelsen,True
EDU_udd_7459,EDU,udd,7459,"Statskundskab, kand.2år","Statskundskab, kand.2år",,,"Political Science, kand.2yr [current education]",,,translated,CSV:EDU_udd,medium,danish,,,5758,2868,0.000318,"Statskundskab, kand.2år",True
EDU_udd_7672,EDU,udd,7672,"Økonomi, bach.","Økonomi, bach.",,,"Economics, bach. [current education]",,,translated,CSV:EDU_udd,medium,danish,,,2548,1264,0.00014,"Økonomi, bach.",False
EDU_udd_5993,EDU,udd,5993,"Kommunikation, bach.","Kommunikation, bach.",,,"Communication, bach. [current education]",,,translated,CSV:EDU_udd,medium,danish,,,9520,4740,0.000525,"Kommunikation, bach.",True
EDU_udd_6265,EDU,udd,6265,"Softwaredesign, kand.2år","Softwaredesign, kand.2år",,,"Software Design, kand.2yr [current education]",,,manual_level_fix,CSV:EDU_udd,medium,danish,,,4506,2243,0.000248,"Softwaredesign, kand.2år",True
EDU_udd_7746,EDU,udd,7746,"Dansk, kand.2år (DPU)","Dansk, kand.2år (DPU)",,,"Danish Language and Literature, kand.2yr (DPU) [current education]",,,manual_level_fix,CSV:EDU_udd,medium,danish,,,632,314,3.5e-05,"Dansk, kand.2år (DPU)",True
EDU_udd_5716,EDU,udd,5716,"HA(psyk) erhvervsøkonomi-psykologi, bach.","HA(psyk) erhvervsøkonomi-psykologi, bach.",,,"Business Economics-Psychology (HA(psyk)), bach. [current education]",,,translated,CSV:EDU_udd,medium,danish,,,5624,2808,0.000311,"HA(psyk) erhvervsøkonomi-psykologi, bach.",True
EDU_udd_6424,EDU,udd,6424,"Arbejdslivsstudier, kand.2år","Arbejdslivsstudier, kand.2år",,,"Labour Studies, kand.2yr [current education]",,,manual_level_fix,CSV:EDU_udd,medium,danish,,,932,452,5e-05,"Arbejdslivsstudier, kand.2år",True
EDU_udd_5076,EDU,udd,5076,Akademiøkonom i designmanagement,Akademiøkonom i designmanagement,,,Academic Economist in Design Management [current education],,,translated,CSV:EDU_udd,medium,danish,,,550,274,3e-05,Akademiøkonom i designmanagement,True
EDU_udd_7445,EDU,udd,7445,"Fysik, bach.","Fysik, bach.",,,"Physics, bach. [current education]",,,translated,CSV:EDU_udd,medium,danish,,,6798,3332,0.000369,"Fysik, bach.",True
EDU_udd_8230,EDU,udd,8230,"Geofysik, kand.2år","Geofysik, kand.2år",,,"Geophysics, kand.2yr [current education]",,,manual_level_fix,CSV:EDU_udd,medium,danish,,,438,216,2.4e-05,"Geofysik, kand.2år",True
EDU_udd_7623,EDU,udd,7623,"Pædagogisk filosofi, kand.2år","Pædagogisk filosofi, kand.2år",,,"Philosophy of Education, kand.2yr [current education]",,,manual_level_fix,CSV:EDU_udd,medium,danish,,,1376,681,7.5e-05,"Pædagogisk filosofi, kand.2år",True
EDU_udd_5008,EDU,udd,5008,Akademiøkonom i sport og fritid,Akademiøkonom i sport og fritid,,,Academic Economist in Sports and Leisure [current education],,,translated,CSV:EDU_udd,medium,danish,,,416,203,2.2e-05,Akademiøkonom i sport og fritid,True
EDU_udd_3800,EDU,udd,3800,Financial controller,Financial controller,,,Financial controller [current education],,,copy-of-da,CSV:EDU_udd,medium,danish,,,6020,2978,0.00033,Financial controller,True
EDU_udd_5125,EDU,udd,5125,Administrationsøkonom,Administrationsøkonom,,,Administrative Economist [current education],,,translated,CSV:EDU_udd,medium,danish,,,4730,2326,0.000258,Administrationsøkonom,True
EDU_udd_7562,EDU,udd,7562,"Idræt/Idræt og sundhed, bach.","Idræt/Idræt og sundhed, bach.",,,"Physical Education/Sports and Health, bach. [current education]",,,translated,CSV:EDU_udd,medium,danish,,,3676,1819,0.000201,"Idræt/Idræt og sundhed, bach.",False
EDU_udd_3482,EDU,udd,3482,"Idræt/Idræt og sundhed, kand.2år","Idræt/Idræt og sundhed, kand.2år",,,"Sports/Sports and Health, kand.2yr [current education]",,,manual_level_fix,CSV:EDU_udd,medium,danish,,,4524,2231,0.000247,"Idræt/Idræt og sundhed, kand.2år",True
EDU_udd_7634,EDU,udd,7634,"Geology-Geoscience, kand.2år","Geology-Geoscience, kand.2år",,,"Geology-Geoscience, kand.2yr",,,translated,CSV:EDU_udd,medium,danish,,,938,467,5.2e-05,"Geology-Geoscience, kand.2år",False
EDU_udd_6411,EDU,udd,6411,"Filosofi, kand.2år","Filosofi, kand.2år",,,"Philosophy, kand.2yr [current education]",,,manual_level_fix,CSV:EDU_udd,medium,danish,,,4416,2054,0.000227,"Filosofi, kand.2år",True
EDU_udd_4168,EDU,udd,4168,Hotel- og fritidsassistent,Hotel- og fritidsassistent,,,Hotel and Leisure Assistant [current education],,,translated,CSV:EDU_udd,medium,danish,,,240,101,1.1e-05,Hotel- og fritidsassistent,True
EDU_udd_5334,EDU,udd,5334,"Stærkstrøm, ing.prof.bach.","Stærkstrøm, ing.prof.bach.",,,"High Voltage, ing.prof.bach. [current education]",,,translated,CSV:EDU_udd,medium,danish,,,1480,731,8.1e-05,"Stærkstrøm, ing.prof.bach.",True
EDU_udd_6600,EDU,udd,6600,"Mellemøstens sprog og samfund-arabisk, bach.","Mellemøstens sprog og samfund-arabisk, bach.",,,"Middle Eastern Languages and Society-Arabic, bach. [current education]",,,translated,CSV:EDU_udd,medium,danish,,,308,154,1.7e-05,"Mellemøstens sprog og samfund-arabisk, bach.",True
EDU_udd_3443,EDU,udd,3443,"Kemi, bach.","Kemi, bach.",,,"Chemistry, bach. [current education]",,,translated,CSV:EDU_udd,medium,danish,,,1984,986,0.000109,"Kemi, bach.",False
EDU_udd_8083,EDU,udd,8083,"Physics, kand.2år","Physics, kand.2år",,,"Physics, kand.2yr [current education]",,,manual_level_fix,CSV:EDU_udd,medium,danish,,,3566,1747,0.000193,"Physics, kand.2år",True
EDU_udd_5567,EDU,udd,5567,Finansøkonom,Finansøkonom,,,Financial Economics [current education],,,translated,CSV:EDU_udd,medium,danish,,,35876,17646,0.001954,Finansøkonom,True
EDU_udd_6443,EDU,udd,6443,"Spansk- og latinamerikansk sprog og kultur, kand.2år","Spansk- og latinamerikansk sprog og kultur, kand.2år",,,"Spanish and Latin American Language and Culture, kand.2yr [current education]",,,manual_level_fix,CSV:EDU_udd,medium,danish,,,2168,1043,0.000116,"Spansk- og latinamerikansk sprog og kultur, kand.2år",True
EDU_udd_6450,EDU,udd,6450,"Kultur og kulturformidling, kand.2år","Kultur og kulturformidling, kand.2år",,,"Culture and Cultural Communication, kand.2yr [current education]",,,manual_level_fix,CSV:EDU_udd,medium,danish,,,3102,1520,0.000168,"Kultur og kulturformidling, kand.2år",True
EDU_udd_5499,EDU,udd,5499,"Digital konceptudvikling (overbygning), prof.bach.","Digital konceptudvikling (overbygning), prof.bach.",,,"Digital Concept Development (overlay), prof.bach. [current education]",,,translated,CSV:EDU_udd,medium,danish,,,3534,1753,0.000194,"Digital konceptudvikling (overbygning), prof.bach.",False
EDU_udd_3474,EDU,udd,3474,"Journalistik, kand.2år","Journalistik, kand.2år",,,"Journalism, kand.2yr",,,translated,CSV:EDU_udd,medium,danish,,,2034,971,0.000108,"Journalistik, kand.2år",False
EDU_udd_7558,EDU,udd,7558,"Biologi, bach.","Biologi, bach.",,,"Biology, bach. [current education]",,,translated,CSV:EDU_udd,medium,danish,,,7538,3723,0.000412,"Biologi, bach.",False
EDU_udd_8202,EDU,udd,8202,"Molekylærbiologi, kand.2år","Molekylærbiologi, kand.2år",,,"Molecular Biology, kand.2yr [current education]",,,manual_level_fix,CSV:EDU_udd,medium,danish,,,1856,923,0.000102,"Molekylærbiologi, kand.2år",True
EDU_udd_7189,EDU,udd,7189,"Sygepleje, kand.2år","Sygepleje, kand.2år",,,"Nursing, kand.2yr [current education]",,,manual_level_fix,CSV:EDU_udd,medium,danish,,,882,441,4.9e-05,"Sygepleje, kand.2år",False
EDU_udd_6562,EDU,udd,6562,"Film- og medievidenskab, bach.","Film- og medievidenskab, bach.",,,"Film and Media Studies, bach. [current education]",,,translated,CSV:EDU_udd,medium,danish,,,3476,1728,0.000191,"Film- og medievidenskab, bach.",False
EDU_udd_7605,EDU,udd,7605,"Medievidenskab, kand.2år","Medievidenskab, kand.2år",,,"Media Studies, kand.2yr [current education]",,,manual_level_fix,CSV:EDU_udd,medium,danish,,,3270,1605,0.000178,"Medievidenskab, kand.2år",True
EDU_udd_4733,EDU,udd,4733,"Dyr, planter og natur","Dyr, planter og natur",,,"Animals, Plants and Nature [current education]",,,translated,CSV:EDU_udd,medium,danish,,,40998,19520,0.002162,"Dyr, planter og natur",True
EDU_udd_5211,EDU,udd,5211,"Jordbrugsvirksomhed (overbygning), prof.bach.","Jordbrugsvirksomhed (overbygning), prof.bach.",,,"Agricultural enterprise (advanced), prof.bach. [current education]",,,translated,CSV:EDU_udd,medium,danish,,,314,155,1.7e-05,"Jordbrugsvirksomhed (overbygning), prof.bach.",True
EDU_udd_7528,EDU,udd,7528,"Engelsk, bach.","Engelsk, bach.",,,"English, bach. [current education]",,,translated,CSV:EDU_udd,medium,danish,,,6436,3107,0.000344,"Engelsk, bach.",False
EDU_udd_4810,EDU,udd,4810,"Erhvervsøkonomi og jura, kand.2år","Erhvervsøkonomi og jura, kand.2år",,,"Business Administration and Law, kand.2yr [current education]",,,manual_level_fix,CSV:EDU_udd,medium,danish,,,6852,3369,0.000373,"Erhvervsøkonomi og jura, kand.2år",True
EDU_udd_6150,EDU,udd,6150,"Virksomhedsstudier, kand.2år","Virksomhedsstudier, kand.2år",,,"Business studies, kand.2yr [current education]",,,translated,CSV:EDU_udd,medium,danish,,,2424,1183,0.000131,"Virksomhedsstudier, kand.2år",True
EDU_udd_2492,EDU,udd,2492,Landbrugets lederuddannelse,Landbrugets lederuddannelse,,,Leadership Development in Agriculture [current education],,,translated,CSV:EDU_udd,medium,danish,,,5200,2384,0.000264,Landbrugets lederuddannelse,True
EDU_udd_4685,EDU,udd,4685,Lufthavnsuddannelsen,Lufthavnsuddannelsen,,,Airport programme,,,translated,CSV:EDU_udd,medium,danish,,,3034,1372,0.000152,Lufthavnsuddannelsen,True
EDU_udd_4732,EDU,udd,4732,Bygnings- og brugerservice,Bygnings- og brugerservice,,,Building and User Services [current education],,,translated,CSV:EDU_udd,medium,danish,,,12144,5869,0.00065,Bygnings- og brugerservice,True
EDU_udd_4116,EDU,udd,4116,Guld- og sølvsmedeuddannelsen,Guld- og sølvsmedeuddannelsen,,,Gold and Silversmithing Education [current education],,,translated,CSV:EDU_udd,medium,danish,,,4998,1955,0.000217,Guld- og sølvsmedeuddannelsen,True
EDU_udd_5096,EDU,udd,5096,Akademiøkonom i grafisk kommunikation,Akademiøkonom i grafisk kommunikation,,,Academy Economist in Graphic Communication [current education],,,translated,CSV:EDU_udd,medium,danish,,,120,60,7e-06,Akademiøkonom i grafisk kommunikation,True
EDU_udd_6206,EDU,udd,6206,"Designer, kand.2år","Designer, kand.2år",,,"Design, kand. [current education]",,,translated,CSV:EDU_udd,medium,danish,,,2858,1419,0.000157,"Designer, kand.2år",False
EDU_udd_6881,EDU,udd,6881,"Anthropology of Education and Globalisation, kand.2år","Anthropology of Education and Globalisation, kand.2år",,,"Anthropology of Education and Globalization, kand.2yr [current education]",,,manual_level_fix,CSV:EDU_udd,medium,danish,,,894,444,4.9e-05,"Anthropology of Education and Globalisation, kand.2år",True
EDU_udd_7642,EDU,udd,7642,"Kemi og bioteknologi, ing.prof.bach.","Kemi og bioteknologi, ing.prof.bach.",,,"Chemistry and biotechnology, ing.prof.bach. [current education]",,,translated,CSV:EDU_udd,medium,danish,,,698,345,3.8e-05,"Kemi og bioteknologi, ing.prof.bach.",False
EDU_udd_7530,EDU,udd,7530,"Filosofi, bach.","Filosofi, bach.",,,"Philosophy, bach. [current education]",,,translated,CSV:EDU_udd,medium,danish,,,3868,1869,0.000207,"Filosofi, bach.",False
EDU_udd_5662,EDU,udd,5662,"Interpret, cand.merc.2år","Interpret, cand.merc.2år",,,"Interpretation, cand.merc.2yr [current education]",,,manual_level_fix,CSV:EDU_udd,medium,danish,,,3784,1861,0.000206,"Interpret, cand.merc.2år",True
EDU_udd_4731,EDU,udd,4731,Bygge og anlæg,Bygge og anlæg,,,Construction and Landscaping [current education],,,translated,CSV:EDU_udd,medium,danish,,,104170,47759,0.00529,Bygge og anlæg,False
EDU_udd_5982,EDU,udd,5982,"Erhvervsøkonomi-erhvervssprog, engelsk, bach.negot.","Erhvervsøkonomi-erhvervssprog, engelsk, bach.negot.",,,"Business economics-business language, English, bach.negot. [current education]",,,translated,CSV:EDU_udd,medium,danish,,,5176,2561,0.000284,"Erhvervsøkonomi-erhvervssprog, engelsk, bach.negot.",True
EDU_udd_6504,EDU,udd,6504,"Sprogvidenskab og lingvistik, bach.","Sprogvidenskab og lingvistik, bach.",,,"Linguistics, bach. [current education]",,,translated,CSV:EDU_udd,medium,danish,,,2162,1042,0.000115,"Sprogvidenskab og lingvistik, bach.",True
EDU_udd_4736,EDU,udd,4736,Medieproduktion,Medieproduktion,,,Media production [current education],,,translated,CSV:EDU_udd,medium,danish,,,31488,14900,0.00165,Medieproduktion,True
EDU_udd_5471,EDU,udd,5471,Bibliotekar DB,Bibliotekar DB,,,Librarian DB [current education],,,translated,CSV:EDU_udd,medium,danish,,,776,385,4.3e-05,Bibliotekar DB,True
EDU_udd_2491,EDU,udd,2491,Grønt diplom modul 4,Grønt diplom modul 4,,,Green diploma module 4 [current education],,,translated,CSV:EDU_udd,medium,danish,,,3154,1567,0.000174,Grønt diplom modul 4,True
EDU_udd_4109,EDU,udd,4109,Industriteknikeruddannelsen,Industriteknikeruddannelsen,,,Engineering education for industry [current education],,,translated,CSV:EDU_udd,medium,danish,,,28886,9885,0.001095,Industriteknikeruddannelsen,True
EDU_udd_5476,EDU,udd,5476,"Sportsmanagement (overbygning), prof.bach.","Sportsmanagement (overbygning), prof.bach.",,,"Sports management (advanced), prof.bach. [current education]",,,translated,CSV:EDU_udd,medium,danish,,,1546,766,8.5e-05,"Sportsmanagement (overbygning), prof.bach.",False
EDU_udd_5992,EDU,udd,5992,"International marketing erhvervssproglig, bach.","International marketing erhvervssproglig, bach.",,,"International marketing business language, bach. [current education]",,,translated,CSV:EDU_udd,medium,danish,,,3608,1798,0.000199,"International marketing erhvervssproglig, bach.",True
EDU_udd_5364,EDU,udd,5364,"Maskin, civilingeniør 2år","Maskin, civilingeniør 2år",,,"Mechanical Engineering, Civil Engineer (CEng).2yr [current education]",,,translated,CSV:EDU_udd,medium,danish,,,3986,1986,0.00022,"Maskin, civilingeniør 2år",True
EDU_udd_6520,EDU,udd,6520,"Film- og medievidenskab, bach.","Film- og medievidenskab, bach.",,,"Film and Media Studies, bach. [current education]",,,translated,CSV:EDU_udd,medium,danish,,,5674,2780,0.000308,"Film- og medievidenskab, bach.",True
EDU_udd_6261,EDU,udd,6261,"IT-software, kand.2år","IT-software, kand.2år",,,"Information Technology - Software, Candidate (Can).2yr [current education]",,,translated,CSV:EDU_udd,medium,danish,,,710,350,3.9e-05,"IT-software, kand.2år",True
EDU_udd_5158,EDU,udd,5158,"Radiograf, prof.bach.","Radiograf, prof.bach.",,,"Radiography, prof.bach. [current education]",,,translated,CSV:EDU_udd,medium,danish,,,12682,6241,0.000691,"Radiograf, prof.bach.",True
EDU_udd_2008,EDU,udd,2008,"Befaren skibsassistent, modul 3","Befaren skibsassistent, modul 3",,,"Experienced ship's assistant, modul 3 [current education]",,,translated,CSV:EDU_udd,medium,danish,,,4170,2033,0.000225,"Befaren skibsassistent, modul 3",True
EDU_udd_7624,EDU,udd,7624,"Pædagogisk filosofi, kand.2år","Pædagogisk filosofi, kand.2år",,,"Philosophy of Education, kand.2yr [current education]",,,manual_level_fix,CSV:EDU_udd,medium,danish,,,1300,640,7.1e-05,"Pædagogisk filosofi, kand.2år",False
EDU_udd_4042,EDU,udd,4042,Datamatiker,Datamatiker,,,Computer scientist (datamatician) [current education],,,translated,CSV:EDU_udd,medium,danish,,,20370,9934,0.0011,Datamatiker,False
EDU_udd_7936,EDU,udd,7936,"Design og innovation, ing.bach.","Design og innovation, ing.bach.",,,"Design and Innovation, ing.bach. [current education]",,,translated,CSV:EDU_udd,medium,danish,,,2676,1333,0.000148,"Design og innovation, ing.bach.",True
EDU_udd_8336,EDU,udd,8336,"Design og innovation, civilingeniør 2år","Design og innovation, civilingeniør 2år",,,"Design and Innovation, Civil Engineer (CEng).2yr [current education]",,,translated,CSV:EDU_udd,medium,danish,,,1614,802,8.9e-05,"Design og innovation, civilingeniør 2år",True
EDU_udd_4629,EDU,udd,4629,Dyrepasser,Dyrepasser,,,Animal caretaker [current education],,,translated,CSV:EDU_udd,medium,danish,,,13870,5950,0.000659,Dyrepasser,True
EDU_udd_816,EDU,udd,816,Børnehave- fritidspædagog (Rudolf Steiner) (privat udd.),Børnehave- fritidspædagog (Rudolf Steiner) (privat udd.),,,Kindergarten and Leisure Pedagogy (Rudolf Steiner) (private edu.) [current education],,,translated,CSV:EDU_udd,medium,danish,,,1280,609,6.7e-05,Børnehave- fritidspædagog (Rudolf Steiner) (privat udd.),True
EDU_udd_6051,EDU,udd,6051,"Digital design og interaktive teknologier, bach.","Digital design og interaktive teknologier, bach.",,,"Digital Design and Interactive Technologies, bach. [current education]",,,translated,CSV:EDU_udd,medium,danish,,,2166,1081,0.00012,"Digital design og interaktive teknologier, bach.",True
EDU_udd_3001,EDU,udd,3001,"Digital design og interaktive teknologier, kand.2år","Digital design og interaktive teknologier, kand.2år",,,"Digital Design and Interactive Technologies, kand.2yr [current education]",,,translated,CSV:EDU_udd,medium,danish,,,3422,1708,0.000189,"Digital design og interaktive teknologier, kand.2år",True
EDU_udd_5362,EDU,udd,5362,"Elektronik, civilingeniør 2år","Elektronik, civilingeniør 2år",,,"Electronics, Civil Engineer (CEng).2yr [current education]",,,translated,CSV:EDU_udd,medium,danish,,,7936,3961,0.000439,"Elektronik, civilingeniør 2år",True
EDU_udd_7659,EDU,udd,7659,"HA(jur.) erhvervsøkonomi-jura, bach.","HA(jur.) erhvervsøkonomi-jura, bach.",,,"HA(jur.) Business Economics and Law, bach.",,,translated,CSV:EDU_udd,medium,danish,,,5908,2932,0.000325,"HA(jur.) erhvervsøkonomi-jura, bach.",False
EDU_udd_8335,EDU,udd,8335,"Byggeri og anlæg, civilingeniør 2år","Byggeri og anlæg, civilingeniør 2år",,,"Construction and Plant, Civil Engineer (CEng).2yr [current education]",,,translated,CSV:EDU_udd,medium,danish,,,2006,1000,0.000111,"Byggeri og anlæg, civilingeniør 2år",True
EDU_udd_5488,EDU,udd,5488,"Webudvikling (overbygning), prof.bach.","Webudvikling (overbygning), prof.bach.",,,"Web Development (overlay), prof.bach. [current education]",,,translated,CSV:EDU_udd,medium,danish,,,3622,1776,0.000197,"Webudvikling (overbygning), prof.bach.",True
EDU_udd_8044,EDU,udd,8044,"Astronomi, bach.","Astronomi, bach.",,,"Astronomy, bach. [current education]",,,translated,CSV:EDU_udd,medium,danish,,,332,162,1.8e-05,"Astronomi, bach.",True
EDU_udd_4309,EDU,udd,4309,Plastmager,Plastmager,,,Plastics fabricator [current education],,,translated,CSV:EDU_udd,medium,danish,,,4784,1565,0.000173,Plastmager,True
EDU_udd_7725,EDU,udd,7725,"Tourism, kand.2år","Tourism, kand.2år",,,"Tourism, kand.2yr [current education]",,,translated,CSV:EDU_udd,medium,danish,,,1180,587,6.5e-05,"Tourism, kand.2år",False
EDU_udd_5483,EDU,udd,5483,"Visuel kommunikation, prof.bach.","Visuel kommunikation, prof.bach.",,,"Visual communication, prof.bach. [current education]",,,translated,CSV:EDU_udd,medium,danish,,,3722,1858,0.000206,"Visuel kommunikation, prof.bach.",True
EDU_udd_5870,EDU,udd,5870,"Officer, flyvevåbnet","Officer, flyvevåbnet",,,"Officer, Air Force [current education]",,,translated,CSV:EDU_udd,medium,danish,,,3254,1581,0.000175,"Officer, flyvevåbnet",True
EDU_udd_5363,EDU,udd,5363,"Kemi, civilingeniør 2år","Kemi, civilingeniør 2år",,,"Chemistry, civil engineer 2yr [current education]",,,translated,CSV:EDU_udd,medium,danish,,,5416,2688,0.000298,"Kemi, civilingeniør 2år",True
EDU_udd_5343,EDU,udd,5343,"IT, ing.prof.bach.","IT, ing.prof.bach.",,,"IT, ing.prof.bach. [current education]",,,copy-of-da,CSV:EDU_udd,medium,danish,,,6610,3260,0.000361,"IT, ing.prof.bach.",True
EDU_udd_5133,EDU,udd,5133,IT-teknolog,IT-teknolog,,,IT technologist [current education],,,translated,CSV:EDU_udd,medium,danish,,,7394,3585,0.000397,IT-teknolog,True
EDU_udd_7732,EDU,udd,7732,"Socialt arbejde, kand.2år","Socialt arbejde, kand.2år",,,"Social work, cand.2yr [current education]",,,translated,CSV:EDU_udd,medium,danish,,,2086,1025,0.000114,"Socialt arbejde, kand.2år",False
EDU_udd_1891,EDU,udd,1891,"1.g, pre-IB","1.g, pre-IB",,,"Upper-secondary school year 1, pre-IB [current education]",,,translated,CSV:EDU_udd,medium,danish,,,22748,11096,0.001229,"1.g, pre-IB",True
EDU_udd_1899,EDU,udd,1899,"IB, International baccalaureate","IB, International baccalaureate",,,"IB, International baccalaureate [current education]",,,copy-of-da,CSV:EDU_udd,medium,danish,,,51518,14159,0.001568,"IB, International baccalaureate",True
EDU_udd_5988,EDU,udd,5988,"Engelsk-amerikanske studier erhvervssproglig, bach.","Engelsk-amerikanske studier erhvervssproglig, bach.",,,"English-American studies vocational language, bach. [current education]",,,translated,CSV:EDU_udd,medium,danish,,,1284,642,7.1e-05,"Engelsk-amerikanske studier erhvervssproglig, bach.",True
EDU_udd_4046,EDU,udd,4046,Laborant,Laborant,,,Laboratory technician [current education],,,translated,CSV:EDU_udd,medium,danish,,,9376,4623,0.000512,Laborant,False
EDU_udd_5781,EDU,udd,5781,"HA japansk, bach.","HA japansk, bach.",,,"HA Japanese, bach. [current education]",,,translated,CSV:EDU_udd,medium,danish,,,2024,940,0.000104,"HA japansk, bach.",True
EDU_udd_4524,EDU,udd,4524,Kosmetiker,Kosmetiker,,,Cosmetician [current education],,,translated,CSV:EDU_udd,medium,danish,,,7700,2799,0.00031,Kosmetiker,True
EDU_udd_6200,EDU,udd,6200,"Agrobiology, kand.2år","Agrobiology, kand.2år",,,"Agrobiology, cand.2yr [current education]",,,translated,CSV:EDU_udd,medium,danish,,,600,299,3.3e-05,"Agrobiology, kand.2år",True
EDU_udd_6555,EDU,udd,6555,"Asienstudier, Thai/Sydøstasienstudier, bach.","Asienstudier, Thai/Sydøstasienstudier, bach.",,,"Asian studies, Thai/Southeast Asian studies, bach. [current education]",,,translated,CSV:EDU_udd,medium,danish,,,118,57,6e-06,"Asienstudier, Thai/Sydøstasienstudier, bach.",True
EDU_udd_7551,EDU,udd,7551,"Teologi, bach.","Teologi, bach.",,,"Theology, bach. [current education]",,,translated,CSV:EDU_udd,medium,danish,,,3826,1885,0.000209,"Teologi, bach.",False
EDU_udd_7618,EDU,udd,7618,"Teologi, kand.2år","Teologi, kand.2år",,,"Theology, cand.2yr [current education]",,,translated,CSV:EDU_udd,medium,danish,,,1888,935,0.000104,"Teologi, kand.2år",True
EDU_udd_9175,EDU,udd,9175,Præst i folkekirken,Præst i folkekirken,,,Priest in the state church [current education],,,translated,CSV:EDU_udd,medium,danish,,,2784,1382,0.000153,Præst i folkekirken,True
EDU_udd_3145,EDU,udd,3145,"Didaktik, materiel kultur, kand.2år","Didaktik, materiel kultur, kand.2år",,,"Didactics, material culture, cand.2yr [current education]",,,translated,CSV:EDU_udd,medium,danish,,,638,315,3.5e-05,"Didaktik, materiel kultur, kand.2år",True
EDU_udd_5714,EDU,udd,5714,"Business Administration and Service Management, bach.","Business Administration and Service Management, bach.",,,"Business Administration and Service Management, bach. [current education]",,,copy-of-da,CSV:EDU_udd,medium,danish,,,5178,2575,0.000285,"Business Administration and Service Management, bach.",True
EDU_udd_8290,EDU,udd,8290,"Fysik og teknologi, ing.bach.","Fysik og teknologi, ing.bach.",,,"Physics and technology, ing.bach. [current education]",,,translated,CSV:EDU_udd,medium,danish,,,2084,1035,0.000115,"Fysik og teknologi, ing.bach.",True
EDU_udd_7708,EDU,udd,7708,"Folkesundhedsvidenskab, kand.2år","Folkesundhedsvidenskab, kand.2år",,,"Public Health Science, kand.2yr [current education]",,,translated,CSV:EDU_udd,medium,danish,,,856,428,4.7e-05,"Folkesundhedsvidenskab, kand.2år",False
EDU_udd_7728,EDU,udd,7728,"Læring og forandringsprocesser, kand.2år","Læring og forandringsprocesser, kand.2år",,,"Learning and change processes, cand.2yr [current education]",,,translated,CSV:EDU_udd,medium,danish,,,2236,1104,0.000122,"Læring og forandringsprocesser, kand.2år",True
EDU_udd_5558,EDU,udd,5558,Handelsøkonom,Handelsøkonom,,,Business Economics [current education],,,translated,CSV:EDU_udd,medium,danish,,,8486,4213,0.000467,Handelsøkonom,True
EDU_udd_5766,EDU,udd,5766,"Natur- og kulturformidling, prof.bach.","Natur- og kulturformidling, prof.bach.",,,"Nature and Culture Communication, prof.bach. [current education]",,,translated,CSV:EDU_udd,medium,danish,,,1228,612,6.8e-05,"Natur- og kulturformidling, prof.bach.",True
EDU_udd_6758,EDU,udd,6758,"Anvendt filosofi, kand.2år","Anvendt filosofi, kand.2år",,,"Applied Philosophy, Candidate (Can).2yr [current education]",,,translated,CSV:EDU_udd,medium,danish,,,952,465,5.2e-05,"Anvendt filosofi, kand.2år",True
EDU_udd_3093,EDU,udd,3093,"Oplevelsesdesign, kand.2år","Oplevelsesdesign, kand.2år",,,"Experience Design, Candidate (Can).2yr [current education]",,,translated,CSV:EDU_udd,medium,danish,,,584,289,3.2e-05,"Oplevelsesdesign, kand.2år",True
EDU_udd_5215,EDU,udd,5215,Lokomotivfører,Lokomotivfører,,,Locomotive Driver [current education],,,translated,CSV:EDU_udd,medium,danish,,,3296,1641,0.000182,Lokomotivfører,True
EDU_udd_8420,EDU,udd,8420,"Naturressourcer, bach.","Naturressourcer, bach.",,,"Natural resources, bach. [current education]",,,translated,CSV:EDU_udd,medium,danish,,,2972,1468,0.000163,"Naturressourcer, bach.",True
EDU_udd_7472,EDU,udd,7472,"Fransk sprog, litteratur og kultur, kand.2år","Fransk sprog, litteratur og kultur, kand.2år",,,"French Language, Literature and Culture, kand.2yr [current education]",,,translated,CSV:EDU_udd,medium,danish,,,1348,626,6.9e-05,"Fransk sprog, litteratur og kultur, kand.2år",True
EDU_udd_4730,EDU,udd,4730,"Bil, fly og andre transportmidler","Bil, fly og andre transportmidler",,,"Cars, Planes and Other Transport Vehicles [current education]",,,translated,CSV:EDU_udd,medium,danish,,,58882,27033,0.002994,"Bil, fly og andre transportmidler",True
EDU_udd_7509,EDU,udd,7509,"Softwareteknologi, ing.prof.bach.","Softwareteknologi, ing.prof.bach.",,,"Software Technology, ing.prof.bach. [current education]",,,translated,CSV:EDU_udd,medium,danish,,,2976,1481,0.000164,"Softwareteknologi, ing.prof.bach.",True
EDU_udd_5784,EDU,udd,5784,"Politisk kommunikation og ledelse, kand.2år","Politisk kommunikation og ledelse, kand.2år",,,"Political Communication and Leadership, kand.2yr [current education]",,,manual_level_fix,CSV:EDU_udd,medium,danish,,,2456,1227,0.000136,"Politisk kommunikation og ledelse, kand.2år",True
EDU_udd_6510,EDU,udd,6510,"Dramaturgi, bach.","Dramaturgi, bach.",,,"Dramaturgy, bach. [current education]",,,translated,CSV:EDU_udd,medium,danish,,,2856,1383,0.000153,"Dramaturgi, bach.",True
EDU_udd_6405,EDU,udd,6405,"Dramaturgi, kand.2år","Dramaturgi, kand.2år",,,"Dramaturgy, kand.2yr [current education]",,,manual_level_fix,CSV:EDU_udd,medium,danish,,,1096,541,6e-05,"Dramaturgi, kand.2år",True
EDU_udd_8082,EDU,udd,8082,"Matematik, kand.2år","Matematik, kand.2år",,,"Mathematics, kand.2yr [current education]",,,manual_level_fix,CSV:EDU_udd,medium,danish,,,2370,1174,0.00013,"Matematik, kand.2år",True
EDU_udd_5238,EDU,udd,5238,Miljøteknolog,Miljøteknolog,,,Environmental Technology [current education],,,translated,CSV:EDU_udd,medium,danish,,,1256,626,6.9e-05,Miljøteknolog,True
EDU_udd_3288,EDU,udd,3288,"Jordbrug (overbygning), prof.bach.","Jordbrug (overbygning), prof.bach.",,,"Agriculture (top-up), prof.bach. [current education]",,,translated,CSV:EDU_udd,medium,danish,,,950,469,5.2e-05,"Jordbrug (overbygning), prof.bach.",True
EDU_udd_6440,EDU,udd,6440,"Religionssociologi, kand.2år","Religionssociologi, kand.2år",,,"Sociology of Religion, kand.2yr [current education]",,,manual_level_fix,CSV:EDU_udd,medium,danish,,,484,228,2.5e-05,"Religionssociologi, kand.2år",True
EDU_udd_5489,EDU,udd,5489,"International handel og markedsføring (overbygning), prof.bach.","International handel og markedsføring (overbygning), prof.bach.",,,"International Trade and Marketing (overbygning), prof.bach. [current education]",,,translated,CSV:EDU_udd,medium,danish,,,10122,5024,0.000556,"International handel og markedsføring (overbygning), prof.bach.",False
EDU_udd_8405,EDU,udd,8405,"Fødevarer og ernæring, bach.","Fødevarer og ernæring, bach.",,,"Foods and Nutrition, bach. [current education]",,,translated,CSV:EDU_udd,medium,danish,,,4634,2307,0.000256,"Fødevarer og ernæring, bach.",True
EDU_udd_6235,EDU,udd,6235,"Levnedsmiddel, kand.2år","Levnedsmiddel, kand.2år",,,"Food Science, kand.2yr [current education]",,,manual_level_fix,CSV:EDU_udd,medium,danish,,,1284,641,7.1e-05,"Levnedsmiddel, kand.2år",True
EDU_udd_5269,EDU,udd,5269,"It-elektronik, ing.prof.bach.","It-elektronik, ing.prof.bach.",,,"IT Electronics, ing.prof.bach. [current education]",,,translated,CSV:EDU_udd,medium,danish,,,790,388,4.3e-05,"It-elektronik, ing.prof.bach.",True
EDU_udd_7630,EDU,udd,7630,"Pædagogisk sociologi, kand.2år","Pædagogisk sociologi, kand.2år",,,"Educational Sociology, kand.2yr",,,manual_level_fix,CSV:EDU_udd,medium,danish,,,4144,2052,0.000227,"Pædagogisk sociologi, kand.2år",True
EDU_udd_3445,EDU,udd,3445,"Matematik, bach.","Matematik, bach.",,,"Mathematics, bach. [current education]",,,translated,CSV:EDU_udd,medium,danish,,,1060,522,5.8e-05,"Matematik, bach.",False
EDU_udd_7533,EDU,udd,7533,"Arkæologi klassisk, bach.","Arkæologi klassisk, bach.",,,"Classical archaeology, bach. [current education]",,,translated,CSV:EDU_udd,medium,danish,,,1044,513,5.7e-05,"Arkæologi klassisk, bach.",False
EDU_udd_7631,EDU,udd,7631,"Pædagogisk sociologi, kand.2år","Pædagogisk sociologi, kand.2år",,,"Educational Sociology, kand.2yr",,,manual_level_fix,CSV:EDU_udd,medium,danish,,,3444,1717,0.00019,"Pædagogisk sociologi, kand.2år",False
EDU_udd_4139,EDU,udd,4139,Pottemager,Pottemager,,,Potter [current education],,,translated,CSV:EDU_udd,medium,danish,,,968,453,5e-05,Pottemager,True
EDU_udd_5224,EDU,udd,5224,"Maskinmester, prof.bach.","Maskinmester, prof.bach.",,,"Marine engineer, prof.bach. [current education]",,,translated,CSV:EDU_udd,medium,danish,,,22720,10927,0.00121,"Maskinmester, prof.bach.",True
EDU_udd_7847,EDU,udd,7847,"Rytmisk musikpædagog (AM), bach","Rytmisk musikpædagog (AM), bach",,,"Rhythmic Music Pedagogy (AM), bach [current education]",,,translated,CSV:EDU_udd,medium,danish,,,786,391,4.3e-05,"Rytmisk musikpædagog (AM), bach",True
EDU_udd_7947,EDU,udd,7947,"Rytmisk musikpædagog (AM), kand.2år","Rytmisk musikpædagog (AM), kand.2år",,,"Rhythmic Music Pedagogy (AM), kand.2yr [current education]",,,manual_level_fix,CSV:EDU_udd,medium,danish,,,560,277,3.1e-05,"Rytmisk musikpædagog (AM), kand.2år",True
EDU_udd_7957,EDU,udd,7957,"Musikformidling, kand.2år","Musikformidling, kand.2år",,,"Music Mediation, kand.2yr [current education]",,,manual_level_fix,CSV:EDU_udd,medium,danish,,,92,46,5e-06,"Musikformidling, kand.2år",True
EDU_udd_5192,EDU,udd,5192,"Juniorofficer, 2.teoridel","Juniorofficer, 2.teoridel",,,"Junior officer, 2.teoridel [current education]",,,translated,CSV:EDU_udd,medium,danish,,,1498,747,8.3e-05,"Juniorofficer, 2.teoridel",True
EDU_udd_5193,EDU,udd,5193,"Juniorofficer, 3.teoridel","Juniorofficer, 3.teoridel",,,"Junior officer, 3.teoridel [current education]",,,translated,CSV:EDU_udd,medium,danish,,,1368,679,7.5e-05,"Juniorofficer, 3.teoridel",True
EDU_udd_7690,EDU,udd,7690,"Idræt/Idræt og sundhed, bach.","Idræt/Idræt og sundhed, bach.",,,"Physical Education/Sports and Health, bach. [current education]",,,translated,CSV:EDU_udd,medium,danish,,,3440,1698,0.000188,"Idræt/Idræt og sundhed, bach.",False
EDU_udd_7699,EDU,udd,7699,"IT, læring og organisatorisk omstilling, kand.2år","IT, læring og organisatorisk omstilling, kand.2år",,,"IT, learning and organizational change, kand.2yr [current education]",,,manual_level_fix,CSV:EDU_udd,medium,danish,,,534,266,2.9e-05,"IT, læring og organisatorisk omstilling, kand.2år",False
EDU_udd_5538,EDU,udd,5538,Service- og oplevelsesøkonomi,Service- og oplevelsesøkonomi,,,Service and Experience Economy [current education],,,translated,CSV:EDU_udd,medium,danish,,,17378,8564,0.000949,Service- og oplevelsesøkonomi,False
EDU_udd_7716,EDU,udd,7716,"Erhvervsøkonomi og jura, kand.2år","Erhvervsøkonomi og jura, kand.2år",,,"Business Administration and Law, kand.2yr [current education]",,,manual_level_fix,CSV:EDU_udd,medium,danish,,,2908,1432,0.000159,"Erhvervsøkonomi og jura, kand.2år",False
EDU_udd_3447,EDU,udd,3447,"Idræt/Idræt og sundhed, bach.","Idræt/Idræt og sundhed, bach.",,,"Physical Education/Sports and Health, bach. [current education]",,,translated,CSV:EDU_udd,medium,danish,,,5934,2907,0.000322,"Idræt/Idræt og sundhed, bach.",False
EDU_udd_5989,EDU,udd,5989,"Erhvervsøk.-erhv.spr., internat. turisme-fritidsman., bach.negot.","Erhvervsøk.-erhv.spr., internat. turisme-fritidsman., bach.negot.",,,"Business communication - business language, international tourism-leisure management, bach.negot. [current education]",,,translated,CSV:EDU_udd,medium,danish,,,452,225,2.5e-05,"Erhvervsøk.-erhv.spr., internat. turisme-fritidsman., bach.negot.",True
EDU_udd_4089,EDU,udd,4089,Byggekoordinator,Byggekoordinator,,,Building coordinator [current education],,,translated,CSV:EDU_udd,medium,danish,,,1942,952,0.000105,Byggekoordinator,True
EDU_udd_7609,EDU,udd,7609,"Journalistik, kand.2år","Journalistik, kand.2år",,,"Journalism, kand.2yr",,,translated,CSV:EDU_udd,medium,danish,,,1448,723,8e-05,"Journalistik, kand.2år",False
EDU_udd_7614,EDU,udd,7614,"Sundhedsfaglig kandidatuddannelse, kand.2år","Sundhedsfaglig kandidatuddannelse, kand.2år",,,"Health Professional Candidate Education, kand.2yr [current education]",,,translated,CSV:EDU_udd,medium,danish,,,1784,886,9.8e-05,"Sundhedsfaglig kandidatuddannelse, kand.2år",False
EDU_udd_4994,EDU,udd,4994,Iværksætter,Iværksætter,,,Entrepreneurship [current education],,,translated,CSV:EDU_udd,medium,danish,,,56,28,3e-06,Iværksætter,True
EDU_udd_5459,EDU,udd,5459,"Laboratorie-, fødevare- og procestekn. (overbygning), prof.bach.","Laboratorie-, fødevare- og procestekn. (overbygning), prof.bach.",,,"Laboratory, food and process technology (add-on), prof.bach. [current education]",,,translated,CSV:EDU_udd,medium,danish,,,318,159,1.8e-05,"Laboratorie-, fødevare- og procestekn. (overbygning), prof.bach.",True
EDU_udd_5174,EDU,udd,5174,Energiteknolog,Energiteknolog,,,Energy technologist [current education],,,translated,CSV:EDU_udd,medium,danish,,,1268,625,6.9e-05,Energiteknolog,True
EDU_udd_5326,EDU,udd,5326,"Produktudvikling og teknisk integration (overbygning), prof.bach.","Produktudvikling og teknisk integration (overbygning), prof.bach.",,,"Product development and technical integration (add-on), prof.bach. [current education]",,,translated,CSV:EDU_udd,medium,danish,,,832,414,4.6e-05,"Produktudvikling og teknisk integration (overbygning), prof.bach.",False
EDU_udd_5594,EDU,udd,5594,"Virksomhedskommunikation (engelsk), kand.2år","Virksomhedskommunikation (engelsk), kand.2år",,,"Business communication (English), kand.2yr [current education]",,,manual_level_fix,CSV:EDU_udd,medium,danish,,,3276,1638,0.000181,"Virksomhedskommunikation (engelsk), kand.2år",True
EDU_udd_7505,EDU,udd,7505,"Elektronik, ing.prof.bach.","Elektronik, ing.prof.bach.",,,"Electronics, ing.prof.bach. [current education]",,,translated,CSV:EDU_udd,medium,danish,,,678,315,3.5e-05,"Elektronik, ing.prof.bach.",False
EDU_udd_3340,EDU,udd,3340,"Computer Engineering, civilingeniør 2år","Computer Engineering, civilingeniør 2år",,,"Computer Engineering, MSc(Eng) 2yr [current education]",,,translated,CSV:EDU_udd,medium,danish,,,1002,499,5.5e-05,"Computer Engineering, civilingeniør 2år",True
EDU_udd_7629,EDU,udd,7629,"Pædagogisk psykologi, kand.2år","Pædagogisk psykologi, kand.2år",,,"Educational Psychology, kand.2yr [current education]",,,manual_level_fix,CSV:EDU_udd,medium,danish,,,4654,2321,0.000257,"Pædagogisk psykologi, kand.2år",False
EDU_udd_7451,EDU,udd,7451,"Idræt/Idræt og sundhed, bach.","Idræt/Idræt og sundhed, bach.",,,"Physical Education/Sports and Health, bach. [current education]",,,translated,CSV:EDU_udd,medium,danish,,,6886,3373,0.000374,"Idræt/Idræt og sundhed, bach.",True
EDU_udd_8256,EDU,udd,8256,"Idræt/Idræt og sundhed, kand.2år","Idræt/Idræt og sundhed, kand.2år",,,"Sports/Sports and Health, kand.2yr [current education]",,,manual_level_fix,CSV:EDU_udd,medium,danish,,,1242,602,6.7e-05,"Idræt/Idræt og sundhed, kand.2år",False
EDU_udd_5223,EDU,udd,5223,"Maskinmester m. gymnasial baggrund (ledelse-drift), prof.bach.","Maskinmester m. gymnasial baggrund (ledelse-drift), prof.bach.",,,"Marine engineer with upper-secondary background (management/operation), prof.bach. [current education]",,,translated,CSV:EDU_udd,medium,danish,,,1482,733,8.1e-05,"Maskinmester m. gymnasial baggrund (ledelse-drift), prof.bach.",True
EDU_udd_3435,EDU,udd,3435,"Religion studier/Religionsvidenskab, bach.","Religion studier/Religionsvidenskab, bach.",,,"Religious studies/Religious science, bach. [current education]",,,translated,CSV:EDU_udd,medium,danish,,,2226,1095,0.000121,"Religion studier/Religionsvidenskab, bach.",False
EDU_udd_7930,EDU,udd,7930,Ingeniør bach. una,Ingeniør bach. una,,,Engineer bach. una [current education],,,translated,CSV:EDU_udd,medium,danish,,,9216,4557,0.000505,Ingeniør bach. una,True
EDU_udd_8333,EDU,udd,8333,"Bioteknologi, civilingeniør 2år","Bioteknologi, civilingeniør 2år",,,"Biotechnology, MSc(Eng) 2yr [current education]",,,translated,CSV:EDU_udd,medium,danish,,,1180,589,6.5e-05,"Bioteknologi, civilingeniør 2år",True
EDU_udd_7410,EDU,udd,7410,"Antropologi, bach.","Antropologi, bach.",,,"Anthropology, bach. [current education]",,,translated,CSV:EDU_udd,medium,danish,,,5534,2712,0.0003,"Antropologi, bach.",False
EDU_udd_6408,EDU,udd,6408,"Antropologi, kand.2år","Antropologi, kand.2år",,,"Anthropology, kand.2yr [current education]",,,manual_level_fix,CSV:EDU_udd,medium,danish,,,4142,1962,0.000217,"Antropologi, kand.2år",True
EDU_udd_4740,EDU,udd,4740,Transport og logistik,Transport og logistik,,,Transportation and logistics [current education],,,translated,CSV:EDU_udd,medium,danish,,,19502,9239,0.001023,Transport og logistik,True
EDU_udd_5991,EDU,udd,5991,"Erhvervssprog og europæiske studier, bach.","Erhvervssprog og europæiske studier, bach.",,,"Business languages and European studies, bach. [current education]",,,translated,CSV:EDU_udd,medium,danish,,,2522,1258,0.000139,"Erhvervssprog og europæiske studier, bach.",True
EDU_udd_5122,EDU,udd,5122,Handelsøkonom,Handelsøkonom,,,Business Economics [current education],,,translated,CSV:EDU_udd,medium,danish,,,7796,3812,0.000422,Handelsøkonom,False
EDU_udd_7702,EDU,udd,7702,"Erhvervsøkonomi, kand.2år","Erhvervsøkonomi, kand.2år",,,"Business Administration, kand.2yr [current education]",,,translated,CSV:EDU_udd,medium,danish,,,5022,2494,0.000276,"Erhvervsøkonomi, kand.2år",False
EDU_udd_7622,EDU,udd,7622,"Generel pædagogik, kand.2år","Generel pædagogik, kand.2år",,,"General Pedagogy, kand.2yr [current education]",,,translated,CSV:EDU_udd,medium,danish,,,2112,1050,0.000116,"Generel pædagogik, kand.2år",False
EDU_udd_6678,EDU,udd,6678,"Arkitekt, bach.","Arkitekt, bach.",,,"Architect, bach. [current education]",,,translated,CSV:EDU_udd,medium,danish,,,6152,3071,0.00034,"Arkitekt, bach.",False
EDU_udd_6664,EDU,udd,6664,"Arkitekt, kand.2år","Arkitekt, kand.2år",,,"Architecture, kand.2yr [current education]",,,manual_level_fix,CSV:EDU_udd,medium,danish,,,4988,2481,0.000275,"Arkitekt, kand.2år",False
EDU_udd_7443,EDU,udd,7443,"Matematik og økonomi, bach.","Matematik og økonomi, bach.",,,"Mathematics and economics, bach. [current education]",,,translated,CSV:EDU_udd,medium,danish,,,3506,1741,0.000193,"Matematik og økonomi, bach.",True
EDU_udd_7420,EDU,udd,7420,"Farmaci, bach.","Farmaci, bach.",,,"Pharmacy, bach. [current education]",,,translated,CSV:EDU_udd,medium,danish,,,2370,1183,0.000131,"Farmaci, bach.",False
EDU_udd_7425,EDU,udd,7425,"Farmaci, kand.2år","Farmaci, kand.2år",,,"Pharmacy, kand.2yr [current education]",,,manual_level_fix,CSV:EDU_udd,medium,danish,,,952,476,5.3e-05,"Farmaci, kand.2år",False
EDU_udd_5702,EDU,udd,5702,"HA kommunikation, bach.","HA kommunikation, bach.",,,"HA communication, bach. [current education]",,,translated,CSV:EDU_udd,medium,danish,,,2704,1352,0.00015,"HA kommunikation, bach.",True
EDU_udd_8090,EDU,udd,8090,"Biokemi, kand.2år","Biokemi, kand.2år",,,"Biochemistry, kand.2yr [current education]",,,manual_level_fix,CSV:EDU_udd,medium,danish,,,2244,1106,0.000122,"Biokemi, kand.2år",True
EDU_udd_4456,EDU,udd,4456,Webudvikler,Webudvikler,,,Web developer [current education],,,translated,CSV:EDU_udd,medium,danish,,,18138,7724,0.000855,Webudvikler,True
EDU_udd_6596,EDU,udd,6596,"Øst- og sydøsteuropastudier, balkanstudier, bach.","Øst- og sydøsteuropastudier, balkanstudier, bach.",,,"East and Southeast European studies, Balkan studies, bach. [current education]",,,translated,CSV:EDU_udd,medium,danish,,,532,252,2.8e-05,"Øst- og sydøsteuropastudier, balkanstudier, bach.",True
EDU_udd_3446,EDU,udd,3446,"Biologi, bach.","Biologi, bach.",,,"Biology, bach. [current education]",,,translated,CSV:EDU_udd,medium,danish,,,3408,1687,0.000187,"Biologi, bach.",False
EDU_udd_7718,EDU,udd,7718,"Medialogy, kand.2år","Medialogy, kand.2år",,,"Media Studies, kand.2yr [current education]",,,manual_level_fix,CSV:EDU_udd,medium,danish,,,1184,590,6.5e-05,"Medialogy, kand.2år",True
EDU_udd_5188,EDU,udd,5188,"Juniorofficer, prof.bach.","Juniorofficer, prof.bach.",,,"Junior officer, prof.bach. [current education]",,,translated,CSV:EDU_udd,medium,danish,,,532,266,2.9e-05,"Juniorofficer, prof.bach.",True
EDU_udd_7441,EDU,udd,7441,"Farmaci, bach.","Farmaci, bach.",,,"Pharmacy, bach. [current education]",,,translated,CSV:EDU_udd,medium,danish,,,7446,3693,0.000409,"Farmaci, bach.",True
EDU_udd_7495,EDU,udd,7495,"Farmaci, kand.2år","Farmaci, kand.2år",,,"Pharmacy, kand.2yr [current education]",,,manual_level_fix,CSV:EDU_udd,medium,danish,,,4536,2262,0.000251,"Farmaci, kand.2år",True
EDU_udd_3449,EDU,udd,3449,"Erhvervsøkonomi, kand.2år","Erhvervsøkonomi, kand.2år",,,"Business Administration, kand.2yr [current education]",,,translated,CSV:EDU_udd,medium,danish,,,2256,1119,0.000124,"Erhvervsøkonomi, kand.2år",False
EDU_udd_5137,EDU,udd,5137,E-designer,E-designer,,,E-designer [current education],,,copy-of-da,CSV:EDU_udd,medium,danish,,,1438,710,7.9e-05,E-designer,False
EDU_udd_5494,EDU,udd,5494,"Design og business (overbygning), prof.bach.","Design og business (overbygning), prof.bach.",,,"Design and Business (overlay), prof.bach. [current education]",,,translated,CSV:EDU_udd,medium,danish,,,4862,2423,0.000268,"Design og business (overbygning), prof.bach.",False
EDU_udd_4160,EDU,udd,4160,Landbrugsuddannelsen,Landbrugsuddannelsen,,,Agricultural programme,,,translated,CSV:EDU_udd,medium,danish,,,66686,20280,0.002246,Landbrugsuddannelsen,True
EDU_udd_3470,EDU,udd,3470,"Historie, kand.2år","Historie, kand.2år",,,"History, kand.2yr [current education]",,,translated,CSV:EDU_udd,medium,danish,,,642,321,3.6e-05,"Historie, kand.2år",False
EDU_udd_7553,EDU,udd,7553,"Matematik og økonomi, bach.","Matematik og økonomi, bach.",,,"Mathematics and economics, bach. [current education]",,,translated,CSV:EDU_udd,medium,danish,,,2914,1452,0.000161,"Matematik og økonomi, bach.",False
EDU_udd_6500,EDU,udd,6500,"Audiologopædi, bach.","Audiologopædi, bach.",,,"Audiology, bach. [current education]",,,translated,CSV:EDU_udd,medium,danish,,,2588,1280,0.000142,"Audiologopædi, bach.",True
EDU_udd_7536,EDU,udd,7536,"Musik/Musikvidenskab, bach.","Musik/Musikvidenskab, bach.",,,"Music/Musicology, bach. [current education]",,,translated,CSV:EDU_udd,medium,danish,,,3156,1487,0.000165,"Musik/Musikvidenskab, bach.",False
EDU_udd_7594,EDU,udd,7594,"Musik/Musikvidenskab, kand.2år","Musik/Musikvidenskab, kand.2år",,,"Music/Musicology, kand.2yr [current education]",,,translated,CSV:EDU_udd,medium,danish,,,1466,702,7.8e-05,"Musik/Musikvidenskab, kand.2år",False
EDU_udd_5259,EDU,udd,5259,"Elektroteknologi, ing.prof.bach.","Elektroteknologi, ing.prof.bach.",,,"Electrical Engineering, ing.prof.bach. [current education]",,,translated,CSV:EDU_udd,medium,danish,,,2600,1270,0.000141,"Elektroteknologi, ing.prof.bach.",True
EDU_udd_5659,EDU,udd,5659,"Digital konceptudvikling (overbygning), prof.bach.","Digital konceptudvikling (overbygning), prof.bach.",,,"Digital Concept Development (overlay), prof.bach. [current education]",,,translated,CSV:EDU_udd,medium,danish,,,5908,2945,0.000326,"Digital konceptudvikling (overbygning), prof.bach.",True
EDU_udd_7738,EDU,udd,7738,"Surveying, Planning and Land Management, kand.2år","Surveying, Planning and Land Management, kand.2år",,,"Surveying, Planning and Land Management, kand.2yr [current education]",,,manual_level_fix,CSV:EDU_udd,medium,danish,,,770,385,4.3e-05,"Surveying, Planning and Land Management, kand.2år",True
EDU_udd_4332,EDU,udd,4332,Skibsmekaniker,Skibsmekaniker,,,Ship mechanic,,,translated,CSV:EDU_udd,medium,danish,,,1118,408,4.5e-05,Skibsmekaniker,True
EDU_udd_7436,EDU,udd,7436,"Medicin, bach.","Medicin, bach.",,,"Medicine, bach. [current education]",,,translated,CSV:EDU_udd,medium,danish,,,25408,12614,0.001397,"Medicin, bach.",True
EDU_udd_7491,EDU,udd,7491,"Medicin, kand.3år","Medicin, kand.3år",,,"Medicine, kand.3yr [current education]",,,manual_level_fix,CSV:EDU_udd,medium,danish,,,19904,9934,0.0011,"Medicin, kand.3år",True
EDU_udd_6560,EDU,udd,6560,"Klassisk filologi, bach.","Klassisk filologi, bach.",,,"Classical philology, bach. [current education]",,,translated,CSV:EDU_udd,medium,danish,,,2206,1061,0.000118,"Klassisk filologi, bach.",True
EDU_udd_6592,EDU,udd,6592,"Nordisk sprog og litteratur, bach.","Nordisk sprog og litteratur, bach.",,,"Nordic Language and Literature, bach. [current education]",,,translated,CSV:EDU_udd,medium,danish,,,3476,1726,0.000191,"Nordisk sprog og litteratur, bach.",True
EDU_udd_6435,EDU,udd,6435,"Nordisk sprog og litteratur, kand.2år","Nordisk sprog og litteratur, kand.2år",,,"Nordic Language and Literature, kand.2yr [current education]",,,manual_level_fix,CSV:EDU_udd,medium,danish,,,1998,992,0.00011,"Nordisk sprog og litteratur, kand.2år",True
EDU_udd_2029,EDU,udd,2029,"Juniorofficer, 1.teoridel","Juniorofficer, 1.teoridel",,,"Junior officer, 1.teoridel [current education]",,,translated,CSV:EDU_udd,medium,danish,,,1590,788,8.7e-05,"Juniorofficer, 1.teoridel",True
EDU_udd_5222,EDU,udd,5222,"Maritim transport og skibsledelse (seniorofficer), prof.bach.","Maritim transport og skibsledelse (seniorofficer), prof.bach.",,,"Maritime Transport and Ship Management (senior officer), prof.bach. [current education]",,,translated,CSV:EDU_udd,medium,danish,,,1704,828,9.2e-05,"Maritim transport og skibsledelse (seniorofficer), prof.bach.",True
EDU_udd_2016,EDU,udd,2016,Kystskipper og fiskeskipper af 3.grad,Kystskipper og fiskeskipper af 3.grad,,,Coastal and Fishing Vessel Captain of 3rd Class [current education],,,translated,CSV:EDU_udd,medium,danish,,,684,334,3.7e-05,Kystskipper og fiskeskipper af 3.grad,True
EDU_udd_6009,EDU,udd,6009,"Sundhedsfremme og sundhedsstrategier, kand.2år","Sundhedsfremme og sundhedsstrategier, kand.2år",,,"Health Promotion and Health Strategies, kand.2yr [current education]",,,manual_level_fix,CSV:EDU_udd,medium,danish,,,1602,780,8.6e-05,"Sundhedsfremme og sundhedsstrategier, kand.2år",True
EDU_udd_8331,EDU,udd,8331,"Industriel produktion, civilingeniør 2år","Industriel produktion, civilingeniør 2år",,,"Industrial production, engineer 2yr [current education]",,,translated,CSV:EDU_udd,medium,danish,,,1700,848,9.4e-05,"Industriel produktion, civilingeniør 2år",True
EDU_udd_5625,EDU,udd,5625,Jordbrugsteknolog,Jordbrugsteknolog,,,Agricultural technologist [current education],,,translated,CSV:EDU_udd,medium,danish,,,3620,1790,0.000198,Jordbrugsteknolog,False
EDU_udd_6540,EDU,udd,6540,"Idehistorie, bach.","Idehistorie, bach.",,,"History of ideas, bach. [current education]",,,translated,CSV:EDU_udd,medium,danish,,,2932,1430,0.000158,"Idehistorie, bach.",True
EDU_udd_7933,EDU,udd,7933,"Bioteknologi, ing.bach.","Bioteknologi, ing.bach.",,,"Biotechnology, ing.bach. [current education]",,,translated,CSV:EDU_udd,medium,danish,,,1492,742,8.2e-05,"Bioteknologi, ing.bach.",True
EDU_udd_4725,EDU,udd,4725,Erhvervsgrunduddannelse EGU,Erhvervsgrunduddannelse EGU,,,Basic vocational training (EGU) [current education],,,translated,CSV:EDU_udd,medium,danish,,,37884,17763,0.001967,Erhvervsgrunduddannelse EGU,True
EDU_udd_7857,EDU,udd,7857,"Musikformidling, bach.","Musikformidling, bach.",,,"Music communication, bach. [current education]",,,translated,CSV:EDU_udd,medium,danish,,,116,58,6e-06,"Musikformidling, bach.",True
EDU_udd_7419,EDU,udd,7419,"Musik/Musikvidenskab, bach.","Musik/Musikvidenskab, bach.",,,"Music/Musicology, bach. [current education]",,,translated,CSV:EDU_udd,medium,danish,,,5682,2744,0.000304,"Musik/Musikvidenskab, bach.",True
EDU_udd_3147,EDU,udd,3147,"Moderne kultur, kand.2år","Moderne kultur, kand.2år",,,"Modern culture, kand.2yr [current education]",,,translated,CSV:EDU_udd,medium,danish,,,1638,815,9e-05,"Moderne kultur, kand.2år",True
EDU_udd_7586,EDU,udd,7586,"Biology, kand.2år","Biology, kand.2år",,,"Biology, kand.2yr [current education]",,,translated,CSV:EDU_udd,medium,danish,,,1610,800,8.9e-05,"Biology, kand.2år",False
EDU_udd_7931,EDU,udd,7931,"Maskin - industri/produktion, ing.bach.","Maskin - industri/produktion, ing.bach.",,,"Machine - industry/production, ing.bach. [current education]",,,translated,CSV:EDU_udd,medium,danish,,,2058,1029,0.000114,"Maskin - industri/produktion, ing.bach.",True
EDU_udd_8337,EDU,udd,8337,"Elektronik og IT, civilingeniør 2år","Elektronik og IT, civilingeniør 2år",,,"Electronics and IT, engineer 2yr [current education]",,,translated,CSV:EDU_udd,medium,danish,,,3090,1543,0.000171,"Elektronik og IT, civilingeniør 2år",True
EDU_udd_5332,EDU,udd,5332,"Diploma engineer, professional bachelor (unspecified)","Diplomingeniør, prof.bach. una",,,"Diploma engineer, professional bachelor (unspecified) [current education]",,,manual_level_fix,CSV:EDU_udd,medium,danish,,,1834,913,0.000101,"Diplomingeniør, prof.bach. una",True
EDU_udd_4315,EDU,udd,4315,"Teater-, event- og av-tekniker","Teater-, event- og av-tekniker",,,"Theater, event and audio-technician [current education]",,,translated,CSV:EDU_udd,medium,danish,,,4370,1372,0.000152,"Teater-, event- og av-tekniker",True
EDU_udd_2018,EDU,udd,2018,Erhvervsfisker,Erhvervsfisker,,,Commercial fisher [current education],,,translated,CSV:EDU_udd,medium,danish,,,4886,2174,0.000241,Erhvervsfisker,True
EDU_udd_8340,EDU,udd,8340,"Teknisk una, kand.2år","Teknisk una, kand.2år",,,"Technical una, kand.2yr [current education]",,,translated,CSV:EDU_udd,medium,danish,,,770,384,4.3e-05,"Teknisk una, kand.2år",True
EDU_udd_2021,EDU,udd,2021,Sætteskipper,Sætteskipper,,,Yacht skipper [current education],,,translated,CSV:EDU_udd,medium,danish,,,4048,1668,0.000185,Sætteskipper,True
EDU_udd_5220,EDU,udd,5220,Skibsfører (uden gymnasial uddannelse),Skibsfører (uden gymnasial uddannelse),,,Shipmaster (without upper secondary education) [current education],,,translated,CSV:EDU_udd,medium,danish,,,2482,1093,0.000121,Skibsfører (uden gymnasial uddannelse),True
EDU_udd_6718,EDU,udd,6718,"Applied Cultural Analysis, kand.2år","Applied Cultural Analysis, kand.2år",,,"Applied Cultural Analysis, cand.2yr [current education]",,,translated,CSV:EDU_udd,medium,danish,,,768,377,4.2e-05,"Applied Cultural Analysis, kand.2år",True
EDU_udd_5176,EDU,udd,5176,"Optometrist, prof.bach.","Optometrist, prof.bach.",,,"Optometrist, prof.bach. [current education]",,,copy-of-da,CSV:EDU_udd,medium,danish,,,4514,2225,0.000246,"Optometrist, prof.bach.",True
EDU_udd_2004,EDU,udd,2004,Grundlæggende maritim uddannelse,Grundlæggende maritim uddannelse,,,Basic maritime education [current education],,,translated,CSV:EDU_udd,medium,danish,,,6792,3110,0.000344,Grundlæggende maritim uddannelse,True
EDU_udd_5327,EDU,udd,5327,"Business Development Engineer, ing.prof.bach.","Business Development Engineer, ing.prof.bach.",,,"Business Development Engineer, ing.prof.bach. [current education]",,,copy-of-da,CSV:EDU_udd,medium,danish,,,1648,812,9e-05,"Business Development Engineer, ing.prof.bach.",True
EDU_udd_5385,EDU,udd,5385,Technology Based Business Development civilingeniør 2år,Technology Based Business Development civilingeniør 2år,,,"Technology-Based Business Development, civilingenieur 2yr [current education]",,,translated,CSV:EDU_udd,medium,danish,,,2840,1404,0.000156,Technology Based Business Development civilingeniør 2år,True
EDU_udd_7638,EDU,udd,7638,"Idræt/Idræt og sundhed, kand.2år","Idræt/Idræt og sundhed, kand.2år",,,"Sports/Sports and Health, kand.2yr [current education]",,,manual_level_fix,CSV:EDU_udd,medium,danish,,,1650,822,9.1e-05,"Idræt/Idræt og sundhed, kand.2år",False
EDU_udd_5986,EDU,udd,5986,"Erhvervsøkonomi-erhvervssprog, arabisk, bach.negot.","Erhvervsøkonomi-erhvervssprog, arabisk, bach.negot.",,,"Business Economics-Business Language, Arabic, bach.negot. [current education]",,,translated,CSV:EDU_udd,medium,danish,,,610,299,3.3e-05,"Erhvervsøkonomi-erhvervssprog, arabisk, bach.negot.",True
EDU_udd_6550,EDU,udd,6550,"Italiensk sprog og kultur, bach.","Italiensk sprog og kultur, bach.",,,"Italian Language and Culture, bach. [current education]",,,translated,CSV:EDU_udd,medium,danish,,,2404,1144,0.000127,"Italiensk sprog og kultur, bach.",True
EDU_udd_7731,EDU,udd,7731,"Socialt arbejde, kand.2år","Socialt arbejde, kand.2år",,,"Social work, cand.2yr [current education]",,,translated,CSV:EDU_udd,medium,danish,,,3382,1662,0.000184,"Socialt arbejde, kand.2år",True
EDU_udd_7142,EDU,udd,7142,"Jordemodervidenskab, kand.2år","Jordemodervidenskab, kand.2år",,,"Midwifery Science, cand.2yr [current education]",,,translated,CSV:EDU_udd,medium,danish,,,204,102,1.1e-05,"Jordemodervidenskab, kand.2år",True
EDU_udd_7492,EDU,udd,7492,"Sundhedsfaglig kandidatuddannelse, kand.2år","Sundhedsfaglig kandidatuddannelse, kand.2år",,,"Health Professional Candidate Education, kand.2yr [current education]",,,translated,CSV:EDU_udd,medium,danish,,,1110,555,6.1e-05,"Sundhedsfaglig kandidatuddannelse, kand.2år",False
EDU_udd_6125,EDU,udd,6125,"Performance-design, kand.2år","Performance-design, kand.2år",,,"Performance Design, cand.2yr [current education]",,,translated,CSV:EDU_udd,medium,danish,,,1054,514,5.7e-05,"Performance-design, kand.2år",True
EDU_udd_8226,EDU,udd,8226,"Biologi, kand.2år","Biologi, kand.2år",,,"Biology, kand.2yr [current education]",,,manual_level_fix,CSV:EDU_udd,medium,danish,,,1182,591,6.5e-05,"Biologi, kand.2år",False
EDU_udd_8349,EDU,udd,8349,"IT-produktudvikling, kand.2år","IT-produktudvikling, kand.2år",,,"IT Product Development, cand.2yr [current education]",,,translated,CSV:EDU_udd,medium,danish,,,218,109,1.2e-05,"IT-produktudvikling, kand.2år",True
EDU_udd_7086,EDU,udd,7086,"Jura, cand.soc.2år","Jura, cand.soc.2år",,,"Law, cand.soc.2yr [current education]",,,translated,CSV:EDU_udd,medium,danish,,,1480,731,8.1e-05,"Jura, cand.soc.2år",True
EDU_udd_7439,EDU,udd,7439,"Odontologi, bach.","Odontologi, bach.",,,"Dentistry, bach. [current education]",,,translated,CSV:EDU_udd,medium,danish,,,3944,1963,0.000217,"Odontologi, bach.",True
EDU_udd_7493,EDU,udd,7493,"Odontologi, kand.2år","Odontologi, kand.2år",,,"Dental Science, kand.2yr [current education]",,,translated,CSV:EDU_udd,medium,danish,,,2542,1269,0.000141,"Odontologi, kand.2år",True
EDU_udd_7416,EDU,udd,7416,"Asienstudier, Japanstudier, bach.","Asienstudier, Japanstudier, bach.",,,"Asian studies, Japanstudier, bach. [current education]",,,translated,CSV:EDU_udd,medium,danish,,,904,445,4.9e-05,"Asienstudier, Japanstudier, bach.",False
EDU_udd_6564,EDU,udd,6564,"Asienstudier, Koreastudier, bach.","Asienstudier, Koreastudier, bach.",,,"Asian studies, Koreastudier, bach. [current education]",,,translated,CSV:EDU_udd,medium,danish,,,592,292,3.2e-05,"Asienstudier, Koreastudier, bach.",True
EDU_udd_5086,EDU,udd,5086,Logistikøkonom,Logistikøkonom,,,Logistics Economics [current education],,,translated,CSV:EDU_udd,medium,danish,,,3650,1786,0.000198,Logistikøkonom,True
EDU_udd_7938,EDU,udd,7938,"Nanoteknologi, ing.bach.","Nanoteknologi, ing.bach.",,,"Nanotechnology, ing.bach. [current education]",,,translated,CSV:EDU_udd,medium,danish,,,1278,639,7.1e-05,"Nanoteknologi, ing.bach.",True
EDU_udd_8342,EDU,udd,8342,"Teknologi og ledelse, civilingeniør 2år","Teknologi og ledelse, civilingeniør 2år",,,"Technology and Leadership, MEng 2yr [current education]",,,translated,CSV:EDU_udd,medium,danish,,,1112,552,6.1e-05,"Teknologi og ledelse, civilingeniør 2år",True
EDU_udd_7535,EDU,udd,7535,"Asienstudier, Kinastudier, bach.","Asienstudier, Kinastudier, bach.",,,"Asian studies, Kinastudier, bach. [current education]",,,translated,CSV:EDU_udd,medium,danish,,,1018,505,5.6e-05,"Asienstudier, Kinastudier, bach.",False
EDU_udd_7572,EDU,udd,7572,"Antropologi, kand.2år","Antropologi, kand.2år",,,"Anthropology, kand.2yr [current education]",,,manual_level_fix,CSV:EDU_udd,medium,danish,,,566,281,3.1e-05,"Antropologi, kand.2år",False
EDU_udd_4758,EDU,udd,4758,"Merkantile område, individuel eud","Merkantile område, individuel eud",,,"Commercial Field, individual eud [current education]",,,translated,CSV:EDU_udd,medium,danish,,,216,89,1e-05,"Merkantile område, individuel eud",True
EDU_udd_5668,EDU,udd,5668,"Innovation og entrepreneurship (overbygning), prof.bach.","Innovation og entrepreneurship (overbygning), prof.bach.",,,"Innovation and Entrepreneurship (overlay), prof.bach. [current education]",,,translated,CSV:EDU_udd,medium,danish,,,5196,2584,0.000286,"Innovation og entrepreneurship (overbygning), prof.bach.",True
EDU_udd_5293,EDU,udd,5293,Multimediedesigner,Multimediedesigner,,,Multimedia designer [current education],,,translated,CSV:EDU_udd,medium,danish,,,19208,9471,0.001049,Multimediedesigner,False
EDU_udd_5441,EDU,udd,5441,Lærer fra Den frie Lærerskole,Lærer fra Den frie Lærerskole,,,Teacher from The Free Teachers' College [current education],,,translated,CSV:EDU_udd,medium,danish,,,3752,1829,0.000203,Lærer fra Den frie Lærerskole,True
EDU_udd_7727,EDU,udd,7727,"Læring og forandringsprocesser, kand.2år","Læring og forandringsprocesser, kand.2år",,,"Learning and change processes, cand.2yr [current education]",,,translated,CSV:EDU_udd,medium,danish,,,2158,1074,0.000119,"Læring og forandringsprocesser, kand.2år",False
EDU_udd_5486,EDU,udd,5486,"Medieproduktion og ledelse, prof.bach.","Medieproduktion og ledelse, prof.bach.",,,"Media Production and Management, prof.bach. [current education]",,,translated,CSV:EDU_udd,medium,danish,,,2262,1129,0.000125,"Medieproduktion og ledelse, prof.bach.",True
EDU_udd_4244,EDU,udd,4244,Lastvognsmekaniker (gl.),Lastvognsmekaniker (gl.),,,Truck mechanic (old) [current education],,,translated,CSV:EDU_udd,medium,danish,,,2288,1024,0.000113,Lastvognsmekaniker (gl.),True
EDU_udd_8410,EDU,udd,8410,"Veterinærmedicin (KU), bach.","Veterinærmedicin (KU), bach.",,,"Veterinary Medicine (KU), bach. [current education]",,,translated,CSV:EDU_udd,medium,danish,,,6856,3405,0.000377,"Veterinærmedicin (KU), bach.",True
EDU_udd_8415,EDU,udd,8415,"Veterinærmedicin, kand.2½år","Veterinærmedicin, kand.2½år",,,"Veterinary Medicine, kand.2½yr [current education]",,,translated,CSV:EDU_udd,medium,danish,,,4788,2389,0.000265,"Veterinærmedicin, kand.2½år",True
EDU_udd_7550,EDU,udd,7550,"Odontologi, bach.","Odontologi, bach.",,,"Dentistry, bach. [current education]",,,translated,CSV:EDU_udd,medium,danish,,,3038,1508,0.000167,"Odontologi, bach.",False
EDU_udd_7617,EDU,udd,7617,"Odontologi, kand.2år","Odontologi, kand.2år",,,"Dental Science, kand.2yr [current education]",,,translated,CSV:EDU_udd,medium,danish,,,1942,971,0.000108,"Odontologi, kand.2år",False
EDU_udd_5764,EDU,udd,5764,"HA erhvervsøkonomi og projektledelse, bach.","HA erhvervsøkonomi og projektledelse, bach.",,,"HA Business Economics and Project Management, bach. [current education]",,,translated,CSV:EDU_udd,medium,danish,,,2590,1295,0.000143,"HA erhvervsøkonomi og projektledelse, bach.",True
EDU_udd_3477,EDU,udd,3477,"Medicin, kand.3år","Medicin, kand.3år",,,"Medicine, kand.3yr [current education]",,,manual_level_fix,CSV:EDU_udd,medium,danish,,,8802,4397,0.000487,"Medicin, kand.3år",False
EDU_udd_5779,EDU,udd,5779,"Human resource management, kand.2år","Human resource management, kand.2år",,,"Human resource management, kand.2yr [current education]",,,translated,CSV:EDU_udd,medium,danish,,,2854,1426,0.000158,"Human resource management, kand.2år",True
EDU_udd_7555,EDU,udd,7555,"Fysik, bach.","Fysik, bach.",,,"Physics, bach. [current education]",,,translated,CSV:EDU_udd,medium,danish,,,3934,1934,0.000214,"Fysik, bach.",False
EDU_udd_8075,EDU,udd,8075,"Produkt- og designpsykologi, ingeniør bach.","Produkt- og designpsykologi, ingeniør bach.",,,"Product and design psychology, engineer bach. [current education]",,,translated,CSV:EDU_udd,medium,danish,,,188,94,1e-05,"Produkt- og designpsykologi, ingeniør bach.",True
EDU_udd_8175,EDU,udd,8175,"Produkt og designpsykologi, civilingeniør 2år","Produkt og designpsykologi, civilingeniør 2år",,,"Product and design psychology, civil engineer 2yr [current education]",,,translated,CSV:EDU_udd,medium,danish,,,358,179,2e-05,"Produkt og designpsykologi, civilingeniør 2år",True
EDU_udd_7573,EDU,udd,7573,"Anthropology, kand.2år","Anthropology, kand.2år",,,"Anthropology, kand.2yr [current education]",,,translated,CSV:EDU_udd,medium,danish,,,418,209,2.3e-05,"Anthropology, kand.2år",True
EDU_udd_8118,EDU,udd,8118,"Mathematics-Economics, kand.2år","Mathematics-Economics, kand.2år",,,"Mathematics-Economics, kand.2yr [current education]",,,translated,CSV:EDU_udd,medium,danish,,,258,128,1.4e-05,"Mathematics-Economics, kand.2år",False
EDU_udd_6202,EDU,udd,6202,"Arkitekt, kand.2år","Arkitekt, kand.2år",,,"Architecture, kand.2yr [current education]",,,manual_level_fix,CSV:EDU_udd,medium,danish,,,6350,3168,0.000351,"Arkitekt, kand.2år",True
EDU_udd_8339,EDU,udd,8339,"IT-informatik, civilingeniør 2år","IT-informatik, civilingeniør 2år",,,"IT-computer science, civil engineer 2yr [current education]",,,translated,CSV:EDU_udd,medium,danish,,,1340,668,7.4e-05,"IT-informatik, civilingeniør 2år",True
EDU_udd_8406,EDU,udd,8406,"Fødevarevidenskab, bach.","Fødevarevidenskab, bach.",,,"Food science, bach. [current education]",,,translated,CSV:EDU_udd,medium,danish,,,266,133,1.5e-05,"Fødevarevidenskab, bach.",True
EDU_udd_5453,EDU,udd,5453,"Human nutrition, kand.2år","Human nutrition, kand.2år",,,"Human nutrition, kand.2yr [current education]",,,translated,CSV:EDU_udd,medium,danish,,,1820,904,0.0001,"Human nutrition, kand.2år",True
EDU_udd_8291,EDU,udd,8291,"Nanobioscience, bach.","Nanobioscience, bach.",,,"Nanobioscience, bach. [current education]",,,copy-of-da,CSV:EDU_udd,medium,danish,,,98,49,5e-06,"Nanobioscience, bach.",True
EDU_udd_5515,EDU,udd,5515,"Finans, prof.bach.","Finans, prof.bach.",,,"Finance, prof.bach. [current education]",,,translated,CSV:EDU_udd,medium,danish,,,17678,8743,0.000968,"Finans, prof.bach.",True
EDU_udd_6810,EDU,udd,6810,"Diakoni og socialpædagogik, prof.bach.","Diakoni og socialpædagogik, prof.bach.",,,"Deaconry and social pedagogy, prof.bach. [current education]",,,translated,CSV:EDU_udd,medium,danish,,,1934,965,0.000107,"Diakoni og socialpædagogik, prof.bach.",True
EDU_udd_8149,EDU,udd,8149,"Molekylærbiologi, bach.","Molekylærbiologi, bach.",,,"Molecular biology, bach. [current education]",,,translated,CSV:EDU_udd,medium,danish,,,3194,1586,0.000176,"Molekylærbiologi, bach.",True
EDU_udd_7689,EDU,udd,7689,"Geografi/Geografi og geoinformatik, bach.","Geografi/Geografi og geoinformatik, bach.",,,"Geography/Geography and Geo-information, bach. [current education]",,,translated,CSV:EDU_udd,medium,danish,,,992,494,5.5e-05,"Geografi/Geografi og geoinformatik, bach.",False
EDU_udd_4304,EDU,udd,4304,Skibsmontør,Skibsmontør,,,Ship mechanic [current education],,,translated,CSV:EDU_udd,medium,danish,,,4596,1471,0.000163,Skibsmontør,True
EDU_udd_5783,EDU,udd,5783,"International Business and Politics, bach.","International Business and Politics, bach.",,,"International Business and Politics, bach. [current education]",,,copy-of-da,CSV:EDU_udd,medium,danish,,,4320,2156,0.000239,"International Business and Politics, bach.",True
EDU_udd_5718,EDU,udd,5718,"HA erhvervsøkonomi-sports management, bach.","HA erhvervsøkonomi-sports management, bach.",,,"Business economics-sports management, bach. [current education]",,,translated,CSV:EDU_udd,medium,danish,,,516,256,2.8e-05,"HA erhvervsøkonomi-sports management, bach.",True
EDU_udd_7556,EDU,udd,7556,"Matematik, bach.","Matematik, bach.",,,"Mathematics, bach. [current education]",,,translated,CSV:EDU_udd,medium,danish,,,3372,1666,0.000185,"Matematik, bach.",False
EDU_udd_7632,EDU,udd,7632,"Statistics, kand.2år","Statistics, kand.2år",,,"Statistics, kand.2yr [current education]",,,manual_level_fix,CSV:EDU_udd,medium,danish,,,358,178,2e-05,"Statistics, kand.2år",False
EDU_udd_7494,EDU,udd,7494,"Teologi, kand.2år","Teologi, kand.2år",,,"Theology, cand.2yr [current education]",,,translated,CSV:EDU_udd,medium,danish,,,1796,885,9.8e-05,"Teologi, kand.2år",False
EDU_udd_5642,EDU,udd,5642,"Produktudvikling og teknisk integration (overbygning), prof.bach.","Produktudvikling og teknisk integration (overbygning), prof.bach.",,,"Product development and technical integration (add-on), prof.bach. [current education]",,,translated,CSV:EDU_udd,medium,danish,,,1372,683,7.6e-05,"Produktudvikling og teknisk integration (overbygning), prof.bach.",True
EDU_udd_3745,EDU,udd,3745,"Agriculture, kand.2år","Agriculture, kand.2år",,,"Agriculture, kand.2yr [current education]",,,manual_level_fix,CSV:EDU_udd,medium,danish,,,996,492,5.4e-05,"Agriculture, kand.2år",True
EDU_udd_6127,EDU,udd,6127,"Medicinalbiologi, kand.2år","Medicinalbiologi, kand.2år",,,"Medical Biology, kand.2yr [current education]",,,manual_level_fix,CSV:EDU_udd,medium,danish,,,492,243,2.7e-05,"Medicinalbiologi, kand.2år",True
EDU_udd_5099,EDU,udd,5099,Sundhedsadministrativ koordinator,Sundhedsadministrativ koordinator,,,Health administrative coordinator [current education],,,translated,CSV:EDU_udd,medium,danish,,,3428,1699,0.000188,Sundhedsadministrativ koordinator,True
EDU_udd_5253,EDU,udd,5253,"Byggeri og infrastruktur, ing.prof.bach.","Byggeri og infrastruktur, ing.prof.bach.",,,"Construction and infrastructure, ing.prof.bach. [current education]",,,translated,CSV:EDU_udd,medium,danish,,,5296,2621,0.00029,"Byggeri og infrastruktur, ing.prof.bach.",True
EDU_udd_6030,EDU,udd,6030,"Musikterapi, bach.","Musikterapi, bach.",,,"Music therapy, bach. [current education]",,,translated,CSV:EDU_udd,medium,danish,,,648,317,3.5e-05,"Musikterapi, bach.",True
EDU_udd_6031,EDU,udd,6031,"Musikterapi, kand.2år","Musikterapi, kand.2år",,,"Music Therapy, kand.2yr [current education]",,,manual_level_fix,CSV:EDU_udd,medium,danish,,,224,106,1.2e-05,"Musikterapi, kand.2år",False
EDU_udd_4292,EDU,udd,4292,Teknisk isolatør,Teknisk isolatør,,,Technical insulator [current education],,,translated,CSV:EDU_udd,medium,danish,,,1922,604,6.7e-05,Teknisk isolatør,True
EDU_udd_5475,EDU,udd,5475,"Softwareudvikling (overbygning), prof.bach.","Softwareudvikling (overbygning), prof.bach.",,,"Software development (overlay), prof.bach. [current education]",,,translated,CSV:EDU_udd,medium,danish,,,1830,904,0.0001,"Softwareudvikling (overbygning), prof.bach.",False
EDU_udd_4259,EDU,udd,4259,Køletekniker,Køletekniker,,,Refrigeration technician [current education],,,translated,CSV:EDU_udd,medium,danish,,,6122,2058,0.000228,Køletekniker,True
EDU_udd_5287,EDU,udd,5287,Designteknolog,Designteknolog,,,Design technologist [current education],,,translated,CSV:EDU_udd,medium,danish,,,9776,4866,0.000539,Designteknolog,False
EDU_udd_3077,EDU,udd,3077,"Erhvervsøkonomi-virksomhedskommunikation, kand.2år","Erhvervsøkonomi-virksomhedskommunikation, kand.2år",,,"Business Administration-Enterprise Communication, kand.2yr [current education]",,,manual_level_fix,CSV:EDU_udd,medium,danish,,,4596,2294,0.000254,"Erhvervsøkonomi-virksomhedskommunikation, kand.2år",True
EDU_udd_3439,EDU,udd,3439,"Psykologi, bach.","Psykologi, bach.",,,"Psychology, bach. [current education]",,,translated,CSV:EDU_udd,medium,danish,,,3700,1842,0.000204,"Psykologi, bach.",False
EDU_udd_3476,EDU,udd,3476,"Psykologi, kand.2år","Psykologi, kand.2år",,,"Psychology, kand.2yr [current education]",,,translated,CSV:EDU_udd,medium,danish,,,2890,1438,0.000159,"Psykologi, kand.2år",False
EDU_udd_7841,EDU,udd,7841,"Klassisk instrument-sang-ensemble, bach.","Klassisk instrument-sang-ensemble, bach.",,,"Classical instrumental-vocal ensemble, bach. [current education]",,,translated,CSV:EDU_udd,medium,danish,,,1172,574,6.4e-05,"Klassisk instrument-sang-ensemble, bach.",True
EDU_udd_7941,EDU,udd,7941,"Klassisk instrument-sang-ensemble, kand.2år","Klassisk instrument-sang-ensemble, kand.2år",,,"Classical Instrument-Vocal-Ensemble, kand.2yr [current education]",,,manual_level_fix,CSV:EDU_udd,medium,danish,,,864,427,4.7e-05,"Klassisk instrument-sang-ensemble, kand.2år",True
EDU_udd_7862,EDU,udd,7862,"Musikpædagog, kand.2år","Musikpædagog, kand.2år",,,"Music Education, kand.2yr [current education]",,,manual_level_fix,CSV:EDU_udd,medium,danish,,,958,473,5.2e-05,"Musikpædagog, kand.2år",True
EDU_udd_2425,EDU,udd,2425,Særlig tilrettelagt ungdomsuddannelse (STU),Særlig tilrettelagt ungdomsuddannelse (STU),,,Special tailored youth education (STU) [current education],,,translated,CSV:EDU_udd,medium,danish,,,64994,32292,0.003577,Særlig tilrettelagt ungdomsuddannelse (STU),True
EDU_udd_6568,EDU,udd,6568,"Anvendt filosofi, bach.","Anvendt filosofi, bach.",,,"Applied philosophy, bach. [current education]",,,translated,CSV:EDU_udd,medium,danish,,,1494,735,8.1e-05,"Anvendt filosofi, bach.",True
EDU_udd_7682,EDU,udd,7682,"Teknoantropologi, bach.","Teknoantropologi, bach.",,,"Techno-anthropology, bach. [current education]",,,translated,CSV:EDU_udd,medium,danish,,,716,356,3.9e-05,"Teknoantropologi, bach.",False
EDU_udd_3123,EDU,udd,3123,"Produktion, kand.2år","Produktion, kand.2år",,,"Production, kand.2yr [current education]",,,manual_level_fix,CSV:EDU_udd,medium,danish,,,326,162,1.8e-05,"Produktion, kand.2år",True
EDU_udd_4809,EDU,udd,4809,"Economics and Business Administration, kand.2år","Economics and Business Administration, kand.2år",,,"Economics and Business Administration, kand.2yr [current education]",,,manual_level_fix,CSV:EDU_udd,medium,danish,,,20538,10254,0.001136,"Economics and Business Administration, kand.2år",True
EDU_udd_7928,EDU,udd,7928,"Sundheds- og velfærdsteknologi (teknisk videnskab), ing.bach.","Sundheds- og velfærdsteknologi (teknisk videnskab), ing.bach.",,,"Health and welfare technology (engineering science), ing.bach. [current education]",,,translated,CSV:EDU_udd,medium,danish,,,850,422,4.7e-05,"Sundheds- og velfærdsteknologi (teknisk videnskab), ing.bach.",True
EDU_udd_8329,EDU,udd,8329,"Sundheds- og velfærdsteknologi (teknisk videnskab), civilingeniør 2år","Sundheds- og velfærdsteknologi (teknisk videnskab), civilingeniør 2år",,,"Health and Welfare Technology (Engineering Science), civilingeniør 2yr [current education]",,,manual_level_fix,CSV:EDU_udd,medium,danish,,,370,185,2e-05,"Sundheds- og velfærdsteknologi (teknisk videnskab), civilingeniør 2år",True
EDU_udd_7676,EDU,udd,7676,"Sociologi, bach.","Sociologi, bach.",,,"Sociology, bach. [current education]",,,translated,CSV:EDU_udd,medium,danish,,,7160,3566,0.000395,"Sociologi, bach.",True
EDU_udd_6148,EDU,udd,6148,"Kultur- og sprogmødestudier, kand.2år","Kultur- og sprogmødestudier, kand.2år",,,"Cultural and Language Studies, kand.2yr [current education]",,,manual_level_fix,CSV:EDU_udd,medium,danish,,,2156,1063,0.000118,"Kultur- og sprogmødestudier, kand.2år",True
EDU_udd_7740,EDU,udd,7740,"Techno-Anthropology, kand.2år","Techno-Anthropology, kand.2år",,,"Techno-Anthropology, kand.2yr [current education]",,,translated,CSV:EDU_udd,medium,danish,,,366,183,2e-05,"Techno-Anthropology, kand.2år",False
EDU_udd_1652,EDU,udd,1652,Studenterkursus,Studenterkursus,,,Student course (upper secondary bridging) [current education],,,translated,CSV:EDU_udd,medium,danish,,,29946,8841,0.000979,Studenterkursus,True
EDU_udd_6732,EDU,udd,6732,"Visuel kultur, kand.2år","Visuel kultur, kand.2år",,,"Visual Culture, kand.2yr [current education]",,,translated,CSV:EDU_udd,medium,danish,,,1108,549,6.1e-05,"Visuel kultur, kand.2år",True
EDU_udd_5290,EDU,udd,5290,IT Technology,IT Technology,,,IT Technology [current education],,,copy-of-da,CSV:EDU_udd,medium,danish,,,1422,709,7.9e-05,IT Technology,True
EDU_udd_4669,EDU,udd,4669,Togklargøringsuddannelsen,Togklargøringsuddannelsen,,,Train Clearing Program [current education],,,translated,CSV:EDU_udd,medium,danish,,,658,257,2.8e-05,Togklargøringsuddannelsen,True
EDU_udd_3004,EDU,udd,3004,"Internat. Virksomhedsk., Amerikanske studier, kand.2år","Internat. Virksomhedsk., Amerikanske studier, kand.2år",,,"Int. Business Management, American Studies, kand.2yr [current education]",,,translated,CSV:EDU_udd,medium,danish,,,1336,666,7.4e-05,"Internat. Virksomhedsk., Amerikanske studier, kand.2år",True
EDU_udd_1199,EDU,udd,1199,Stx,Stx,,,STX (general upper-secondary school) [current education],,,translated,CSV:EDU_udd,medium,danish,,,3133296,576121,0.06381,Stx,True
EDU_udd_4281,EDU,udd,4281,Stenhugger og stentekniker,Stenhugger og stentekniker,,,Stonecarver and Stonemason [current education],,,translated,CSV:EDU_udd,medium,danish,,,872,341,3.8e-05,Stenhugger og stentekniker,True
EDU_udd_3045,EDU,udd,3045,"Biokemi, bach.","Biokemi, bach.",,,"Biochemistry, bach. [current education]",,,translated,CSV:EDU_udd,medium,danish,,,2964,1475,0.000163,"Biokemi, bach.",False
EDU_udd_4207,EDU,udd,4207,"Biochemistry, kand.2år","Biochemistry, kand.2år",,,"Biochemistry, kand.2yr [current education]",,,translated,CSV:EDU_udd,medium,danish,,,1640,816,9e-05,"Biochemistry, kand.2år",True
EDU_udd_6107,EDU,udd,6107,"Humanistisk-teknologisk, bach. (RUC)","Humanistisk-teknologisk, bach. (RUC)",,,"Humanities-Technology, bach. (RUC)",,,copy-of-da,CSV:EDU_udd,medium,danish,,,6388,3142,0.000348,"Humanistisk-teknologisk, bach. (RUC)",True
EDU_udd_7548,EDU,udd,7548,"Medicin, bach.","Medicin, bach.",,,"Medicine, bach. [current education]",,,translated,CSV:EDU_udd,medium,danish,,,17988,8970,0.000994,"Medicin, bach.",False
EDU_udd_7613,EDU,udd,7613,"Medicin, kand.3år","Medicin, kand.3år",,,"Medicine, kand.3yr [current education]",,,manual_level_fix,CSV:EDU_udd,medium,danish,,,11934,5963,0.00066,"Medicin, kand.3år",False
EDU_udd_5940,EDU,udd,5940,"Engelsk og organisationskommunikation, bach.","Engelsk og organisationskommunikation, bach.",,,"English and Organizational Communication, bach. [current education]",,,translated,CSV:EDU_udd,medium,danish,,,1690,843,9.3e-05,"Engelsk og organisationskommunikation, bach.",True
EDU_udd_8130,EDU,udd,8130,"Global Business Informatics, bach.","Global Business Informatics, bach.",,,"Global Business Informatics, bach. [current education]",,,copy-of-da,CSV:EDU_udd,medium,danish,,,2040,1008,0.000112,"Global Business Informatics, bach.",True
EDU_udd_6624,EDU,udd,6624,"Elektrisk energiteknologi, ing.prof.bach.","Elektrisk energiteknologi, ing.prof.bach.",,,"Electric Energy Technology, ing.prof.bach. [current education]",,,translated,CSV:EDU_udd,medium,danish,,,828,410,4.5e-05,"Elektrisk energiteknologi, ing.prof.bach.",False
EDU_udd_5808,EDU,udd,5808,"Animation, prof.bach.","Animation, prof.bach.",,,"Animation, prof.bach. [current education]",,,copy-of-da,CSV:EDU_udd,medium,danish,,,1892,944,0.000105,"Animation, prof.bach.",True
EDU_udd_7935,EDU,udd,7935,"Bygge og anlæg, ing.bach.","Bygge og anlæg, ing.bach.",,,"Construction and Installation, ing.bach. [current education]",,,translated,CSV:EDU_udd,medium,danish,,,1418,701,7.8e-05,"Bygge og anlæg, ing.bach.",True
EDU_udd_5517,EDU,udd,5517,"Eksport og teknologi, prof.bach.","Eksport og teknologi, prof.bach.",,,"Export and Technology, prof.bach. [current education]",,,translated,CSV:EDU_udd,medium,danish,,,368,183,2e-05,"Eksport og teknologi, prof.bach.",True
EDU_udd_5638,EDU,udd,5638,Automationsteknolog,Automationsteknolog,,,Automation technologist [current education],,,translated,CSV:EDU_udd,medium,danish,,,3434,1697,0.000188,Automationsteknolog,True
EDU_udd_5789,EDU,udd,5789,"Organisational Innovation and Entrepreneurship, kand.2år","Organisational Innovation and Entrepreneurship, kand.2år",,,"Organizational Innovation and Entrepreneurship, kand.2yr [current education]",,,manual_level_fix,CSV:EDU_udd,medium,danish,,,2338,1167,0.000129,"Organisational Innovation and Entrepreneurship, kand.2år",True
EDU_udd_3302,EDU,udd,3302,"Geografi/Geografi og geoinformatik, kand.2år","Geografi/Geografi og geoinformatik, kand.2år",,,"Geography/Geography and Geoinformatics, kand.2yr [current education]",,,manual_level_fix,CSV:EDU_udd,medium,danish,,,190,92,1e-05,"Geografi/Geografi og geoinformatik, kand.2år",False
EDU_udd_6748,EDU,udd,6748,"Electrical Engineering, civilingeniør 2år","Electrical Engineering, civilingeniør 2år",,,"Electrical Engineering, civilingeniør 2yr [current education]",,,manual_level_fix,CSV:EDU_udd,medium,danish,,,2760,1370,0.000152,"Electrical Engineering, civilingeniør 2år",True
EDU_udd_5456,EDU,udd,5456,"Katastrofe- og risikomanager, prof.bach.","Katastrofe- og risikomanager, prof.bach.",,,"Disaster and Risk Management, prof.bach. [current education]",,,translated,CSV:EDU_udd,medium,danish,,,2726,1359,0.000151,"Katastrofe- og risikomanager, prof.bach.",True
EDU_udd_4094,EDU,udd,4094,Herregårdsskytte,Herregårdsskytte,,,Manor Shooting [current education],,,translated,CSV:EDU_udd,medium,danish,,,502,251,2.8e-05,Herregårdsskytte,True
EDU_udd_6576,EDU,udd,6576,"Europæisk business, bach.","Europæisk business, bach.",,,"European Business, bach. [current education]",,,translated,CSV:EDU_udd,medium,danish,,,1092,546,6e-05,"Europæisk business, bach.",True
EDU_udd_4568,EDU,udd,4568,Møbelsnedker og orgelbygger,Møbelsnedker og orgelbygger,,,Furniture Joiner and Organ Builder [current education],,,translated,CSV:EDU_udd,medium,danish,,,3678,1257,0.000139,Møbelsnedker og orgelbygger,True
EDU_udd_7479,EDU,udd,7479,"Retorik, kand.2år","Retorik, kand.2år",,,"Rhetoric, kand.2yr [current education]",,,manual_level_fix,CSV:EDU_udd,medium,danish,,,1484,721,8e-05,"Retorik, kand.2år",True
EDU_udd_7685,EDU,udd,7685,"Kemi, bach.","Kemi, bach.",,,"Chemistry, bach. [current education]",,,translated,CSV:EDU_udd,medium,danish,,,444,222,2.5e-05,"Kemi, bach.",False
EDU_udd_6618,EDU,udd,6618,"Language and International Studies-English, bach.","Language and International Studies-English, bach.",,,"Language and International Studies-English, bach. [current education]",,,copy-of-da,CSV:EDU_udd,medium,danish,,,948,473,5.2e-05,"Language and International Studies-English, bach.",True
EDU_udd_7144,EDU,udd,7144,"Ergoterapi, kand.2år","Ergoterapi, kand.2år",,,"Occupational Therapy, kand.2yr [current education]",,,manual_level_fix,CSV:EDU_udd,medium,danish,,,442,219,2.4e-05,"Ergoterapi, kand.2år",True
EDU_udd_6514,EDU,udd,6514,"Philosophy, kand.2år","Philosophy, kand.2år",,,"Philosophy, kand.2yr [current education]",,,translated,CSV:EDU_udd,medium,danish,,,154,77,9e-06,"Philosophy, kand.2år",True
EDU_udd_4215,EDU,udd,4215,Lastvognsmekaniker,Lastvognsmekaniker,,,Truck mechanic,,,translated,CSV:EDU_udd,medium,danish,,,7292,2478,0.000274,Lastvognsmekaniker,True
EDU_udd_8259,EDU,udd,8259,"Humanfysiologi, kand.2år","Humanfysiologi, kand.2år",,,"Human Physiology, kand.2yr [current education]",,,translated,CSV:EDU_udd,medium,danish,,,1548,767,8.5e-05,"Humanfysiologi, kand.2år",True
EDU_udd_7616,EDU,udd,7616,"Sygepleje, kand.2år","Sygepleje, kand.2år",,,"Nursing, kand.2yr [current education]",,,manual_level_fix,CSV:EDU_udd,medium,danish,,,1306,643,7.1e-05,"Sygepleje, kand.2år",True
EDU_udd_8563,EDU,udd,8563,"Sundhedsteknologi, ing.prof.bach.","Sundhedsteknologi, ing.prof.bach.",,,"Health Technology, ing.prof.bach. [current education]",,,translated,CSV:EDU_udd,medium,danish,,,100,49,5e-06,"Sundhedsteknologi, ing.prof.bach.",False
EDU_udd_5296,EDU,udd,5296,Markedsføringsøkonom,Markedsføringsøkonom,,,Marketing economics [current education],,,translated,CSV:EDU_udd,medium,danish,,,36412,17917,0.001984,Markedsføringsøkonom,False
EDU_udd_7606,EDU,udd,7606,"Religion studier/Religionsvidenskab, kand.2år","Religion studier/Religionsvidenskab, kand.2år",,,"Religious Studies/Religious Science, kand.2yr [current education]",,,translated,CSV:EDU_udd,medium,danish,,,598,296,3.3e-05,"Religion studier/Religionsvidenskab, kand.2år",True
EDU_udd_7917,EDU,udd,7917,"Geofysik og rumteknologi, ing.bach.","Geofysik og rumteknologi, ing.bach.",,,"Geophysics and Space Technology, ing.bach. [current education]",,,translated,CSV:EDU_udd,medium,danish,,,1388,685,7.6e-05,"Geofysik og rumteknologi, ing.bach.",True
EDU_udd_4808,EDU,udd,4808,"Erhvervsøkonomi, kand.2år","Erhvervsøkonomi, kand.2år",,,"Business Administration, kand.2yr [current education]",,,translated,CSV:EDU_udd,medium,danish,,,4316,2157,0.000239,"Erhvervsøkonomi, kand.2år",False
EDU_udd_4734,EDU,udd,4734,Krop og stil,Krop og stil,,,Body and Style,,,translated,CSV:EDU_udd,medium,danish,,,5554,2753,0.000305,Krop og stil,True
EDU_udd_4522,EDU,udd,4522,Fitnessuddannelsen,Fitnessuddannelsen,,,Fitness programme [current education],,,translated,CSV:EDU_udd,medium,danish,,,3546,1286,0.000142,Fitnessuddannelsen,True
EDU_udd_7540,EDU,udd,7540,"Tysk sprog, litteratur og kultur, bach.","Tysk sprog, litteratur og kultur, bach.",,,"German language, literature and culture, bach. [current education]",,,translated,CSV:EDU_udd,medium,danish,,,2082,1012,0.000112,"Tysk sprog, litteratur og kultur, bach.",False
EDU_udd_7595,EDU,udd,7595,"Tysk sprog, litteratur og kultur, kand.2år","Tysk sprog, litteratur og kultur, kand.2år",,,"German Language, Literature and Culture, kand.2yr [current education]",,,manual_level_fix,CSV:EDU_udd,medium,danish,,,698,345,3.8e-05,"Tysk sprog, litteratur og kultur, kand.2år",False
EDU_udd_7469,EDU,udd,7469,"Biology, kand.2år","Biology, kand.2år",,,"Biology, kand.2yr [current education]",,,translated,CSV:EDU_udd,medium,danish,,,3212,1598,0.000177,"Biology, kand.2år",True
EDU_udd_5324,EDU,udd,5324,"Lyddesign, prof.bach.","Lyddesign, prof.bach.",,,"Sound design, prof.bach.",,,copy-of-da,CSV:EDU_udd,medium,danish,,,1116,557,6.2e-05,"Lyddesign, prof.bach.",True
EDU_udd_4197,EDU,udd,4197,Eventkoordinator,Eventkoordinator,,,Event coordinator [current education],,,translated,CSV:EDU_udd,medium,danish,,,7206,2750,0.000305,Eventkoordinator,True
EDU_udd_5354,EDU,udd,5354,"Global Business Engineering, ing.prof.bach.","Global Business Engineering, ing.prof.bach.",,,"Global Business Engineering, ing.prof.bach. [current education]",,,copy-of-da,CSV:EDU_udd,medium,danish,,,1306,653,7.2e-05,"Global Business Engineering, ing.prof.bach.",True
EDU_udd_6728,EDU,udd,6728,"Biotechnology, civilingeniør 2år","Biotechnology, civilingeniør 2år",,,"Biotechnology, civilingeniør 2yr [current education]",,,manual_level_fix,CSV:EDU_udd,medium,danish,,,1906,947,0.000105,"Biotechnology, civilingeniør 2år",True
EDU_udd_5788,EDU,udd,5788,"Management of Creative Business Processes, kand.2år","Management of Creative Business Processes, kand.2år",,,"Management of Creative Business Processes, kand.2yr [current education]",,,translated,CSV:EDU_udd,medium,danish,,,2380,1189,0.000132,"Management of Creative Business Processes, kand.2år",True
EDU_udd_7175,EDU,udd,7175,"Human Biology, kand.2år","Human Biology, kand.2år",,,"Human Biology, kand.2yr [current education]",,,translated,CSV:EDU_udd,medium,danish,,,2100,1046,0.000116,"Human Biology, kand.2år",True
EDU_udd_7591,EDU,udd,7591,"Electrical Engineering, civilingeniør 2år","Electrical Engineering, civilingeniør 2år",,,"Electrical Engineering, civilingeniør 2yr [current education]",,,manual_level_fix,CSV:EDU_udd,medium,danish,,,446,211,2.3e-05,"Electrical Engineering, civilingeniør 2år",False
EDU_udd_4369,EDU,udd,4369,Byggemontagetekniker,Byggemontagetekniker,,,Building assembly technician [current education],,,translated,CSV:EDU_udd,medium,danish,,,6162,2987,0.000331,Byggemontagetekniker,True
EDU_udd_5434,EDU,udd,5434,"Tandplejer, prof.bach.","Tandplejer, prof.bach.",,,"Dental hygienist, prof.bach. [current education]",,,translated,CSV:EDU_udd,medium,danish,,,4414,2175,0.000241,"Tandplejer, prof.bach.",True
EDU_udd_5487,EDU,udd,5487,"TV- og medietilrettelæggelse, prof.bach.","TV- og medietilrettelæggelse, prof.bach.",,,"TV and Media Production, prof.bach.",,,translated,CSV:EDU_udd,medium,danish,,,1448,723,8e-05,"TV- og medietilrettelæggelse, prof.bach.",True
EDU_udd_5469,EDU,udd,5469,"Global Nutrition and Health, prof.bach.","Global Nutrition and Health, prof.bach.",,,"Global Nutrition and Health, prof.bach. [current education]",,,copy-of-da,CSV:EDU_udd,medium,danish,,,2072,1027,0.000114,"Global Nutrition and Health, prof.bach.",True
EDU_udd_5712,EDU,udd,5712,"HA(fil.) erhvervsøkonomi-filosofi, bach.","HA(fil.) erhvervsøkonomi-filosofi, bach.",,,"Business Economics-Philosophy (fil.), bach. [current education]",,,translated,CSV:EDU_udd,medium,danish,,,5024,2504,0.000277,"HA(fil.) erhvervsøkonomi-filosofi, bach.",True
EDU_udd_7939,EDU,udd,7939,"IT-informatik, ing.bach.","IT-informatik, ing.bach.",,,"IT informatics, ing.bach. [current education]",,,translated,CSV:EDU_udd,medium,danish,,,1466,733,8.1e-05,"IT-informatik, ing.bach.",True
EDU_udd_3222,EDU,udd,3222,"Information Technology, civilingeniør 2år","Information Technology, civilingeniør 2år",,,"Information Technology, civil engineer 2yr [current education]",,,translated,CSV:EDU_udd,medium,danish,,,4410,2185,0.000242,"Information Technology, civilingeniør 2år",True
EDU_udd_8099,EDU,udd,8099,"Actuarial Mathematics, kand.2år","Actuarial Mathematics, kand.2år",,,"Actuarial Mathematics, kand.2yr [current education]",,,translated,CSV:EDU_udd,medium,danish,,,1434,707,7.8e-05,"Actuarial Mathematics, kand.2år",True
EDU_udd_8258,EDU,udd,8258,"Humanistisk-samfundsvidenskabelig idrætsvidenskab, kand.2år","Humanistisk-samfundsvidenskabelig idrætsvidenskab, kand.2år",,,"Humanities-Social Science Sports Science, kand.2yr [current education]",,,translated,CSV:EDU_udd,medium,danish,,,1316,654,7.2e-05,"Humanistisk-samfundsvidenskabelig idrætsvidenskab, kand.2år",True
EDU_udd_3151,EDU,udd,3151,"Information Studies, kand.2år","Information Studies, kand.2år",,,"Information Studies, kand.2yr [current education]",,,translated,CSV:EDU_udd,medium,danish,,,204,102,1.1e-05,"Information Studies, kand.2år",True
EDU_udd_7101,EDU,udd,7101,"Statskundskab, kand.2år","Statskundskab, kand.2år",,,"Political Science, kand.2yr [current education]",,,translated,CSV:EDU_udd,medium,danish,,,2354,1154,0.000128,"Statskundskab, kand.2år",False
EDU_udd_8084,EDU,udd,8084,"Astronomy, kand.2år","Astronomy, kand.2år",,,"Astronomy, kand.2yr [current education]",,,translated,CSV:EDU_udd,medium,danish,,,462,226,2.5e-05,"Astronomy, kand.2år",True
EDU_udd_8404,EDU,udd,8404,"Miljø- og fødevareøkonomi, bach.","Miljø- og fødevareøkonomi, bach.",,,"Environmental and Food Economics, bach. [current education]",,,translated,CSV:EDU_udd,medium,danish,,,2004,993,0.00011,"Miljø- og fødevareøkonomi, bach.",True
EDU_udd_7455,EDU,udd,7455,"Økonomi, kand.2år","Økonomi, kand.2år",,,"Economics, kand.2yr [current education]",,,manual_level_fix,CSV:EDU_udd,medium,danish,,,5690,2834,0.000314,"Økonomi, kand.2år",False
EDU_udd_7477,EDU,udd,7477,"Tysk sprog, litteratur og kultur, kand.2år","Tysk sprog, litteratur og kultur, kand.2år",,,"German Language, Literature and Culture, kand.2yr [current education]",,,manual_level_fix,CSV:EDU_udd,medium,danish,,,1024,463,5.1e-05,"Tysk sprog, litteratur og kultur, kand.2år",True
EDU_udd_8152,EDU,udd,8152,"Bioteknologi (NAT), bach.","Bioteknologi (NAT), bach.",,,"Biotechnology (natural-science), bach. [current education]",,,translated,CSV:EDU_udd,medium,danish,,,2186,1089,0.000121,"Bioteknologi (NAT), bach.",True
EDU_udd_8231,EDU,udd,8231,"Biotechnology, kand.2år","Biotechnology, kand.2år",,,"Biotechnology, kand.2yr [current education]",,,translated,CSV:EDU_udd,medium,danish,,,1564,780,8.6e-05,"Biotechnology, kand.2år",True
EDU_udd_8319,EDU,udd,8319,"Business Administration and Bioentrepreneurship, kand.2år","Business Administration and Bioentrepreneurship, kand.2år",,,"Business Administration and Bioentrepreneurship, kand.2yr [current education]",,,translated,CSV:EDU_udd,medium,danish,,,614,307,3.4e-05,"Business Administration and Bioentrepreneurship, kand.2år",True
EDU_udd_7481,EDU,udd,7481,"Historie, kand.2år","Historie, kand.2år",,,"History, kand.2yr [current education]",,,translated,CSV:EDU_udd,medium,danish,,,1672,831,9.2e-05,"Historie, kand.2år",False
EDU_udd_3188,EDU,udd,3188,"Economics and Business Administration, kand.2år","Economics and Business Administration, kand.2år",,,"Economics and Business Administration, kand.2yr [current education]",,,manual_level_fix,CSV:EDU_udd,medium,danish,,,410,201,2.2e-05,"Economics and Business Administration, kand.2år",False
EDU_udd_7107,EDU,udd,7107,"International Security and Law, kand.2år","International Security and Law, kand.2år",,,"International Security and Law, kand.2yr [current education]",,,translated,CSV:EDU_udd,medium,danish,,,1830,907,0.0001,"International Security and Law, kand.2år",True
EDU_udd_8320,EDU,udd,8320,"Autonomous Systems, civilingeniør 2år","Autonomous Systems, civilingeniør 2år",,,"Autonomous Systems, civil engineer 2yr [current education]",,,translated,CSV:EDU_udd,medium,danish,,,1126,561,6.2e-05,"Autonomous Systems, civilingeniør 2år",True
EDU_udd_7604,EDU,udd,7604,"Historie, kand.2år","Historie, kand.2år",,,"History, kand.2yr [current education]",,,translated,CSV:EDU_udd,medium,danish,,,914,452,5e-05,"Historie, kand.2år",False
EDU_udd_7464,EDU,udd,7464,"Folkesundhedsvidenskab, kand.2år","Folkesundhedsvidenskab, kand.2år",,,"Public Health Science, kand.2yr [current education]",,,translated,CSV:EDU_udd,medium,danish,,,1306,652,7.2e-05,"Folkesundhedsvidenskab, kand.2år",False
EDU_udd_3084,EDU,udd,3084,"Marketing and management communication, bach.","Marketing and management communication, bach.",,,"Marketing and management communication, bach. [current education]",,,copy-of-da,CSV:EDU_udd,medium,danish,,,1642,821,9.1e-05,"Marketing and management communication, bach.",True
EDU_udd_6862,EDU,udd,6862,"Designledelse, kand.2år","Designledelse, kand.2år",,,"Design leadership, kand.2yr [current education]",,,translated,CSV:EDU_udd,medium,danish,,,1262,627,6.9e-05,"Designledelse, kand.2år",True
EDU_udd_3428,EDU,udd,3428,"Medievidenskab, bach.","Medievidenskab, bach.",,,"Media studies, bach. [current education]",,,translated,CSV:EDU_udd,medium,danish,,,2640,1315,0.000146,"Medievidenskab, bach.",True
EDU_udd_5937,EDU,udd,5937,"Internat. virksomhedskommunik., spansk - kommunikation, bach.","Internat. virksomhedskommunik., spansk - kommunikation, bach.",,,"Int. business communication, spanish - communication, bach. [current education]",,,translated,CSV:EDU_udd,medium,danish,,,564,280,3.1e-05,"Internat. virksomhedskommunik., spansk - kommunikation, bach.",True
EDU_udd_7561,EDU,udd,7561,"Molekylær biomedicin/Molekylær medicin, bach.","Molekylær biomedicin/Molekylær medicin, bach.",,,"Molecular biomedicine/Molecular medicine, bach. [current education]",,,translated,CSV:EDU_udd,medium,danish,,,2000,1000,0.000111,"Molekylær biomedicin/Molekylær medicin, bach.",False
EDU_udd_5270,EDU,udd,5270,"Kemiteknologi, ing.prof.bach.","Kemiteknologi, ing.prof.bach.",,,"Chemical engineering, ing.prof.bach. [current education]",,,translated,CSV:EDU_udd,medium,danish,,,954,473,5.2e-05,"Kemiteknologi, ing.prof.bach.",True
EDU_udd_8282,EDU,udd,8282,"Byggeri, ing.bach.","Byggeri, ing.bach.",,,"Construction, ing.bach. [current education]",,,translated,CSV:EDU_udd,medium,danish,,,570,285,3.2e-05,"Byggeri, ing.bach.",True
EDU_udd_8345,EDU,udd,8345,"Civil and Architectural Engineering, civilingeniør 2år","Civil and Architectural Engineering, civilingeniør 2år",,,"Civil and Architectural Engineering, civil engineer 2yr [current education]",,,translated,CSV:EDU_udd,medium,danish,,,1956,973,0.000108,"Civil and Architectural Engineering, civilingeniør 2år",True
EDU_udd_7109,EDU,udd,7109,"Politik og administration, bach.","Politik og administration, bach.",,,"Politics and administration, bach. [current education]",,,translated,CSV:EDU_udd,medium,danish,,,2468,1227,0.000136,"Politik og administration, bach.",True
EDU_udd_3065,EDU,udd,3065,"Pædagogisk audiologi, bach.","Pædagogisk audiologi, bach.",,,"Pedagogical audiology, bach. [current education]",,,translated,CSV:EDU_udd,medium,danish,,,190,94,1e-05,"Pædagogisk audiologi, bach.",True
EDU_udd_3063,EDU,udd,3063,"Audiologi, kand.2år","Audiologi, kand.2år",,,"Audiology, kand.2yr [current education]",,,translated,CSV:EDU_udd,medium,danish,,,544,270,3e-05,"Audiologi, kand.2år",True
EDU_udd_3237,EDU,udd,3237,"English, kand.2år","English, kand.2år",,,"English, kand.2yr [current education]",,,manual_level_fix,CSV:EDU_udd,medium,danish,,,706,351,3.9e-05,"English, kand.2år",False
EDU_udd_7405,EDU,udd,7405,"Statskundskab, bach.","Statskundskab, bach.",,,"Political science, bach. [current education]",,,translated,CSV:EDU_udd,medium,danish,,,7008,3483,0.000386,"Statskundskab, bach.",False
EDU_udd_5263,EDU,udd,5263,"Chemistry, civilingeniør 2år","Chemistry, civilingeniør 2år",,,"Chemistry, civil engineer 2yr [current education]",,,translated,CSV:EDU_udd,medium,danish,,,512,256,2.8e-05,"Chemistry, civilingeniør 2år",True
EDU_udd_8324,EDU,udd,8324,"Industrial Design, civilingeniør 2år","Industrial Design, civilingeniør 2år",,,"Industrial Design, civil engineer 2yr [current education]",,,translated,CSV:EDU_udd,medium,danish,,,712,355,3.9e-05,"Industrial Design, civilingeniør 2år",True
EDU_udd_7538,EDU,udd,7538,"Uddannelsesvidenskab, bach.","Uddannelsesvidenskab, bach.",,,"Educational science, bach. [current education]",,,translated,CSV:EDU_udd,medium,danish,,,2514,1252,0.000139,"Uddannelsesvidenskab, bach.",False
EDU_udd_7599,EDU,udd,7599,"Uddannelsesvidenskab, kand.2år","Uddannelsesvidenskab, kand.2år",,,"Education Science, kand.2yr [current education]",,,translated,CSV:EDU_udd,medium,danish,,,1106,543,6e-05,"Uddannelsesvidenskab, kand.2år",False
EDU_udd_7688,EDU,udd,7688,"Biologi, bach.","Biologi, bach.",,,"Biology, bach. [current education]",,,translated,CSV:EDU_udd,medium,danish,,,1354,671,7.4e-05,"Biologi, bach.",False
EDU_udd_6626,EDU,udd,6626,"Kemi og bioteknologi, ing.prof.bach.","Kemi og bioteknologi, ing.prof.bach.",,,"Chemistry and biotechnology, ing.prof.bach. [current education]",,,translated,CSV:EDU_udd,medium,danish,,,2254,1107,0.000123,"Kemi og bioteknologi, ing.prof.bach.",True
EDU_udd_3353,EDU,udd,3353,"Engineering (General Engineering), ing.bach.","Engineering (General Engineering), ing.bach.",,,"Engineering (General Engineering), ing.bach. [current education]",,,copy-of-da,CSV:EDU_udd,medium,danish,,,2322,1150,0.000127,"Engineering (General Engineering), ing.bach.",True
EDU_udd_7571,EDU,udd,7571,"Economics and Business Administration, kand.2år","Economics and Business Administration, kand.2år",,,"Economics and Business Administration, kand.2yr [current education]",,,manual_level_fix,CSV:EDU_udd,medium,danish,,,15222,7541,0.000835,"Economics and Business Administration, kand.2år",False
EDU_udd_7603,EDU,udd,7603,"Uddannelsesvidenskab, kand.2år","Uddannelsesvidenskab, kand.2år",,,"Education Science, kand.2yr [current education]",,,translated,CSV:EDU_udd,medium,danish,,,1368,680,7.5e-05,"Uddannelsesvidenskab, kand.2år",True
EDU_udd_5492,EDU,udd,5492,"Eksport og teknologi, prof.bach.","Eksport og teknologi, prof.bach.",,,"Export and Technology, prof.bach. [current education]",,,translated,CSV:EDU_udd,medium,danish,,,196,98,1.1e-05,"Eksport og teknologi, prof.bach.",False
EDU_udd_5485,EDU,udd,5485,"Grafisk kommunikation, prof.bach.","Grafisk kommunikation, prof.bach.",,,"Graphic Communication, prof.bach. [current education]",,,translated,CSV:EDU_udd,medium,danish,,,2390,1195,0.000132,"Grafisk kommunikation, prof.bach.",True
EDU_udd_7926,EDU,udd,7926,"Byggeteknologi, ing.bach.","Byggeteknologi, ing.bach.",,,"Building technology, ing.bach. [current education]",,,translated,CSV:EDU_udd,medium,danish,,,2702,1350,0.00015,"Byggeteknologi, ing.bach.",True
EDU_udd_4670,EDU,udd,4670,Sikkerhedsvagt,Sikkerhedsvagt,,,Security guard [current education],,,translated,CSV:EDU_udd,medium,danish,,,4386,1899,0.00021,Sikkerhedsvagt,True
EDU_udd_5397,EDU,udd,5397,"Software Engineering, civilingeniør 2år","Software Engineering, civilingeniør 2år",,,"Software Engineering, civil engineer 2yr [current education]",,,translated,CSV:EDU_udd,medium,danish,,,1008,502,5.6e-05,"Software Engineering, civilingeniør 2år",True
EDU_udd_3413,EDU,udd,3413,"HA almen erhvervsøkonomi, bach.","HA almen erhvervsøkonomi, bach.",,,"HA General Business Economics, Bach. [current education]",,,translated,CSV:EDU_udd,medium,danish,,,3918,1936,0.000214,"HA almen erhvervsøkonomi, bach.",False
EDU_udd_3450,EDU,udd,3450,"Economics and Business Administration, kand.2år","Economics and Business Administration, kand.2år",,,"Economics and Business Administration, kand.2yr [current education]",,,manual_level_fix,CSV:EDU_udd,medium,danish,,,7140,3545,0.000393,"Economics and Business Administration, kand.2år",False
EDU_udd_7523,EDU,udd,7523,"HA(jur.) erhvervsøkonomi-jura, bach.","HA(jur.) erhvervsøkonomi-jura, bach.",,,"HA(jur.) Business Economics and Law, bach. [current education]",,,translated,CSV:EDU_udd,medium,danish,,,4190,2084,0.000231,"HA(jur.) erhvervsøkonomi-jura, bach.",False
EDU_udd_7589,EDU,udd,7589,"Erhvervsøkonomi og jura, kand.2år","Erhvervsøkonomi og jura, kand.2år",,,"Business Administration and Law, kand.2yr [current education]",,,manual_level_fix,CSV:EDU_udd,medium,danish,,,2058,1023,0.000113,"Erhvervsøkonomi og jura, kand.2år",False
EDU_udd_7575,EDU,udd,7575,"Jura, kand.2år","Jura, kand.2år",,,"Law, kand.2yr [current education]",,,translated,CSV:EDU_udd,medium,danish,,,6972,3469,0.000384,"Jura, kand.2år",False
EDU_udd_7521,EDU,udd,7521,"Kunsthistorie, bach.","Kunsthistorie, bach.",,,"Art history, bach. [current education]",,,translated,CSV:EDU_udd,medium,danish,,,1180,587,6.5e-05,"Kunsthistorie, bach.",False
EDU_udd_8364,EDU,udd,8364,"Integrated Food Studies, kand.2år","Integrated Food Studies, kand.2år",,,"Integrated Food Studies, kand.2yr [current education]",,,translated,CSV:EDU_udd,medium,danish,,,876,438,4.9e-05,"Integrated Food Studies, kand.2år",True
EDU_udd_7407,EDU,udd,7407,"Datalogi, bach.","Datalogi, bach.",,,"Computer science, bach. [current education]",,,translated,CSV:EDU_udd,medium,danish,,,4728,2335,0.000259,"Datalogi, bach.",False
EDU_udd_7462,EDU,udd,7462,"Computer Science, kand.2år","Computer Science, kand.2år",,,"Computer Science, kand.2yr [current education]",,,translated,CSV:EDU_udd,medium,danish,,,2394,1193,0.000132,"Computer Science, kand.2år",True
EDU_udd_7920,EDU,udd,7920,"Medicin med industriel speciale, bach.","Medicin med industriel speciale, bach.",,,"Medicine with industrial specialization, bach. [current education]",,,translated,CSV:EDU_udd,medium,danish,,,3800,1888,0.000209,"Medicin med industriel speciale, bach.",True
EDU_udd_3118,EDU,udd,3118,"Design of Mechanical Systems, civilingeniør 2år","Design of Mechanical Systems, civilingeniør 2år",,,"Design of Mechanical Systems, civil engineer 2yr [current education]",,,translated,CSV:EDU_udd,medium,danish,,,212,106,1.2e-05,"Design of Mechanical Systems, civilingeniør 2år",True
EDU_udd_3117,EDU,udd,3117,"Electro-Mechanical System Design, civilingeniør 2år","Electro-Mechanical System Design, civilingeniør 2år",,,"Electro-Mechanical System Design, civil engineer 2yr [current education]",,,translated,CSV:EDU_udd,medium,danish,,,120,60,7e-06,"Electro-Mechanical System Design, civilingeniør 2år",True
EDU_udd_8100,EDU,udd,8100,"Informationsteknologi, bach.","Informationsteknologi, bach.",,,"Information technology, bach. [current education]",,,translated,CSV:EDU_udd,medium,danish,,,1272,635,7e-05,"Informationsteknologi, bach.",True
EDU_udd_8350,EDU,udd,8350,"IT-ledelse, kand.2år","IT-ledelse, kand.2år",,,"IT Leadership, kand.2yr [current education]",,,translated,CSV:EDU_udd,medium,danish,,,1530,762,8.4e-05,"IT-ledelse, kand.2år",True
EDU_udd_5981,EDU,udd,5981,"Business, Language and Culture, chinese, bach.","Business, Language and Culture, chinese, bach.",,,"Business, Language and Culture, Chinese, bach. [current education]",,,copy-of-da,CSV:EDU_udd,medium,danish,,,416,208,2.3e-05,"Business, Language and Culture, chinese, bach.",True
EDU_udd_812,EDU,udd,812,Faglærer i idræt (privat udd.),Faglærer i idræt (privat udd.),,,Subject Teacher in Physical Education (private educ.) [current education],,,translated,CSV:EDU_udd,medium,danish,,,4344,2167,0.00024,Faglærer i idræt (privat udd.),True
EDU_udd_3042,EDU,udd,3042,"Food Science and Technology, kand.2år","Food Science and Technology, kand.2år",,,"Food Science and Technology, kand.2yr [current education]",,,manual_level_fix,CSV:EDU_udd,medium,danish,,,1000,500,5.5e-05,"Food Science and Technology, kand.2år",False
EDU_udd_3442,EDU,udd,3442,"Matematik og økonomi, bach.","Matematik og økonomi, bach.",,,"Mathematics and economics, bach. [current education]",,,translated,CSV:EDU_udd,medium,danish,,,1634,809,9e-05,"Matematik og økonomi, bach.",False
EDU_udd_7514,EDU,udd,7514,"Statskundskab, bach.","Statskundskab, bach.",,,"Political science, bach. [current education]",,,translated,CSV:EDU_udd,medium,danish,,,6832,3393,0.000376,"Statskundskab, bach.",False
EDU_udd_8412,EDU,udd,8412,"Husdyrvidenskab, bach.","Husdyrvidenskab, bach.",,,"Animal science, bach. [current education]",,,translated,CSV:EDU_udd,medium,danish,,,1672,831,9.2e-05,"Husdyrvidenskab, bach.",True
EDU_udd_3112,EDU,udd,3112,"Industrial Engineering and Management, civilingeniør 2år","Industrial Engineering and Management, civilingeniør 2år",,,"Industrial Engineering and Management, MEng 2yr [current education]",,,translated,CSV:EDU_udd,medium,danish,,,2842,1418,0.000157,"Industrial Engineering and Management, civilingeniør 2år",True
EDU_udd_3200,EDU,udd,3200,"Social Entrepreneurship and Management, kand.2år","Social Entrepreneurship and Management, kand.2år",,,"Social Entrepreneurship and Management, kand.2yr [current education]",,,manual_level_fix,CSV:EDU_udd,medium,danish,,,628,314,3.5e-05,"Social Entrepreneurship and Management, kand.2år",True
EDU_udd_5990,EDU,udd,5990,"Erhvervssprog og medie, bach.","Erhvervssprog og medie, bach.",,,"Business Languages and Media, bach. [current education]",,,translated,CSV:EDU_udd,medium,danish,,,804,399,4.4e-05,"Erhvervssprog og medie, bach.",True
EDU_udd_3471,EDU,udd,3471,"Medievidenskab, kand.2år","Medievidenskab, kand.2år",,,"Media Studies, kand.2yr [current education]",,,manual_level_fix,CSV:EDU_udd,medium,danish,,,876,434,4.8e-05,"Medievidenskab, kand.2år",False
EDU_udd_5254,EDU,udd,5254,"Bygning, ing.prof.bach.","Bygning, ing.prof.bach.",,,"Construction, eng.prof.bach. [current education]",,,translated,CSV:EDU_udd,medium,danish,,,4584,2282,0.000253,"Bygning, ing.prof.bach.",False
EDU_udd_7675,EDU,udd,7675,"Samfundsfag, bach.","Samfundsfag, bach.",,,"Social science, bach. [current education]",,,translated,CSV:EDU_udd,medium,danish,,,1032,509,5.6e-05,"Samfundsfag, bach.",False
EDU_udd_6458,EDU,udd,6458,"Culture, Communication and Globalization, kand.2år","Culture, Communication and Globalization, kand.2år",,,"Culture, Communication and Globalization, kand.2yr [current education]",,,manual_level_fix,CSV:EDU_udd,medium,danish,,,2186,1086,0.00012,"Culture, Communication and Globalization, kand.2år",True
EDU_udd_3082,EDU,udd,3082,"Politik og administration, kand.2år","Politik og administration, kand.2år",,,"Politics and Administration, kand.2yr [current education]",,,manual_level_fix,CSV:EDU_udd,medium,danish,,,1980,975,0.000108,"Politik og administration, kand.2år",True
EDU_udd_5491,EDU,udd,5491,"International Hospitality Management (overbygning), prof.bach.","International Hospitality Management (overbygning), prof.bach.",,,"International Hospitality Management (add-on program), prof.bach. [current education]",,,translated,CSV:EDU_udd,medium,danish,,,1858,922,0.000102,"International Hospitality Management (overbygning), prof.bach.",False
EDU_udd_7583,EDU,udd,7583,"Mathematics, kand.2år","Mathematics, kand.2år",,,"Mathematics, kand.2yr [current education]",,,manual_level_fix,CSV:EDU_udd,medium,danish,,,474,236,2.6e-05,"Mathematics, kand.2år",False
EDU_udd_7188,EDU,udd,7188,"Klinisk videnskab og teknologi, kand.2år","Klinisk videnskab og teknologi, kand.2år",,,"Clinical Science and Technology, kand.2yr [current education]",,,manual_level_fix,CSV:EDU_udd,medium,danish,,,1076,532,5.9e-05,"Klinisk videnskab og teknologi, kand.2år",True
EDU_udd_7534,EDU,udd,7534,"Asienstudier, Japanstudier, bach.","Asienstudier, Japanstudier, bach.",,,"Asian studies, Japanstudier, bach. [current education]",,,translated,CSV:EDU_udd,medium,danish,,,1072,527,5.8e-05,"Asienstudier, Japanstudier, bach.",True
EDU_udd_7942,EDU,udd,7942,"IT, Communication and New Media, ing.bach.","IT, Communication and New Media, ing.bach.",,,"IT, Communication and New Media, ing.bach. [current education]",,,copy-of-da,CSV:EDU_udd,medium,danish,,,764,380,4.2e-05,"IT, Communication and New Media, ing.bach.",True
EDU_udd_8344,EDU,udd,8344,"Innovative Communication Technologies Entrepreneurship, civilingeniør 2år","Innovative Communication Technologies Entrepreneurship, civilingeniør 2år",,,"Innovative Communication Technologies Entrepreneurship, MEng 2yr [current education]",,,translated,CSV:EDU_udd,medium,danish,,,442,220,2.4e-05,"Innovative Communication Technologies Entrepreneurship, civilingeniør 2år",True
EDU_udd_6628,EDU,udd,6628,"Maskinteknik, ing.prof.bach.","Maskinteknik, ing.prof.bach.",,,"Mechanical engineering, ing.prof.bach. [current education]",,,translated,CSV:EDU_udd,medium,danish,,,4024,1958,0.000217,"Maskinteknik, ing.prof.bach.",False
EDU_udd_8305,EDU,udd,8305,"Wind Energy, civilingeniør 2år","Wind Energy, civilingeniør 2år",,,"Wind Energy, civil engineer 2 years [current education]",,,translated,CSV:EDU_udd,medium,danish,,,1420,708,7.8e-05,"Wind Energy, civilingeniør 2år",True
EDU_udd_5962,EDU,udd,5962,"Business, Language and Culture, english, kand.2år","Business, Language and Culture, english, kand.2år",,,"Business, Language and Culture, kand.2yr [current education]",,,manual_level_fix,CSV:EDU_udd,medium,danish,,,2802,1377,0.000153,"Business, Language and Culture, english, kand.2år",True
EDU_udd_7417,EDU,udd,7417,"Asienstudier, Kinastudier, bach.","Asienstudier, Kinastudier, bach.",,,"Asian studies, Kinastudier, bach. [current education]",,,translated,CSV:EDU_udd,medium,danish,,,1272,627,6.9e-05,"Asienstudier, Kinastudier, bach.",True
EDU_udd_7698,EDU,udd,7698,"IT, læring og organisatorisk omstilling, kand.2år","IT, læring og organisatorisk omstilling, kand.2år",,,"IT, learning and organizational change, kand.2yr [current education]",,,manual_level_fix,CSV:EDU_udd,medium,danish,,,1198,595,6.6e-05,"IT, læring og organisatorisk omstilling, kand.2år",True
EDU_udd_5490,EDU,udd,5490,"Finans, prof.bach.","Finans, prof.bach.",,,"Finance, prof.bach. [current education]",,,translated,CSV:EDU_udd,medium,danish,,,3512,1719,0.00019,"Finans, prof.bach.",False
EDU_udd_5683,EDU,udd,5683,"Kommunikation, prof.bach.","Kommunikation, prof.bach.",,,"Communication, prof.bach. [current education]",,,translated,CSV:EDU_udd,medium,danish,,,2768,1384,0.000153,"Kommunikation, prof.bach.",True
EDU_udd_5573,EDU,udd,5573,E-designer,E-designer,,,E-designer [current education],,,copy-of-da,CSV:EDU_udd,medium,danish,,,2232,1114,0.000123,E-designer,True
EDU_udd_3440,EDU,udd,3440,"Farmaci, bach.","Farmaci, bach.",,,"Pharmacy, bach. [current education]",,,translated,CSV:EDU_udd,medium,danish,,,2846,1405,0.000156,"Farmaci, bach.",False
EDU_udd_3480,EDU,udd,3480,"Farmaci, kand.2år","Farmaci, kand.2år",,,"Pharmacy, kand.2yr [current education]",,,manual_level_fix,CSV:EDU_udd,medium,danish,,,1570,779,8.6e-05,"Farmaci, kand.2år",False
EDU_udd_3096,EDU,udd,3096,"Interaktive digitale medier, kand.2år","Interaktive digitale medier, kand.2år",,,"Interactive Digital Media, kand.2yr [current education]",,,manual_level_fix,CSV:EDU_udd,medium,danish,,,886,441,4.9e-05,"Interaktive digitale medier, kand.2år",True
EDU_udd_7508,EDU,udd,7508,"Maskinteknik, ing.prof.bach.","Maskinteknik, ing.prof.bach.",,,"Mechanical engineering, ing.prof.bach. [current education]",,,translated,CSV:EDU_udd,medium,danish,,,4274,2118,0.000235,"Maskinteknik, ing.prof.bach.",True
EDU_udd_3347,EDU,udd,3347,"IT Product Development, kand.2år","IT Product Development, kand.2år",,,"IT Product Development, kand.2yr [current education]",,,manual_level_fix,CSV:EDU_udd,medium,danish,,,502,250,2.8e-05,"IT Product Development, kand.2år",True
EDU_udd_9915,EDU,udd,9915,Produktions- og montageuddannelsen,Produktions- og montageuddannelsen,,,Production and Assembly Training [current education],,,translated,CSV:EDU_udd,medium,danish,,,2364,668,7.4e-05,Produktions- og montageuddannelsen,True
EDU_udd_3250,EDU,udd,3250,"Kemi og bioteknologi, ing.bach.","Kemi og bioteknologi, ing.bach.",,,"Chemistry and Biotechnology, ing.bach. [current education]",,,translated,CSV:EDU_udd,medium,danish,,,676,338,3.7e-05,"Kemi og bioteknologi, ing.bach.",True
EDU_udd_5544,EDU,udd,5544,"Chemistry and Biotechnology, civilingeniør 2år","Chemistry and Biotechnology, civilingeniør 2år",,,"Chemistry and Biotechnology, civil engineer 2 years [current education]",,,translated,CSV:EDU_udd,medium,danish,,,786,391,4.3e-05,"Chemistry and Biotechnology, civilingeniør 2år",True
EDU_udd_7860,EDU,udd,7860,"Musik og musikpædagogik, bach.","Musik og musikpædagogik, bach.",,,"Music and music education, bach. [current education]",,,translated,CSV:EDU_udd,medium,danish,,,4890,2393,0.000265,"Musik og musikpædagogik, bach.",True
EDU_udd_7574,EDU,udd,7574,"Economics, kand.2år","Economics, kand.2år",,,"Economics, kand.2yr [current education]",,,manual_level_fix,CSV:EDU_udd,medium,danish,,,2840,1414,0.000157,"Economics, kand.2år",True
EDU_udd_7590,EDU,udd,7590,"Revision, kand.2år","Revision, kand.2år",,,"Auditing, kand.2yr [current education]",,,translated,CSV:EDU_udd,medium,danish,,,3166,1570,0.000174,"Revision, kand.2år",False
EDU_udd_5227,EDU,udd,5227,"Maritim transport og skibsledelse (juniorofficer), prof.bach.","Maritim transport og skibsledelse (juniorofficer), prof.bach.",,,"Maritime transport and ship management (junior officer), prof.bach. [current education]",,,translated,CSV:EDU_udd,medium,danish,,,1706,796,8.8e-05,"Maritim transport og skibsledelse (juniorofficer), prof.bach.",True
EDU_udd_8205,EDU,udd,8205,"Molekylær biomedicin /Molekylær medicin, kand.2år","Molekylær biomedicin /Molekylær medicin, kand.2år",,,"Molecular Biomedicine / Molecular Medicine, kand.2yr [current education]",,,manual_level_fix,CSV:EDU_udd,medium,danish,,,540,270,3e-05,"Molekylær biomedicin /Molekylær medicin, kand.2år",True
EDU_udd_7522,EDU,udd,7522,"Datalogi, bach.","Datalogi, bach.",,,"Computer science, bach. [current education]",,,translated,CSV:EDU_udd,medium,danish,,,3398,1678,0.000186,"Datalogi, bach.",False
EDU_udd_7452,EDU,udd,7452,"Nanoscience, bach.","Nanoscience, bach.",,,"Nanoscience, bach. [current education]",,,copy-of-da,CSV:EDU_udd,medium,danish,,,1126,560,6.2e-05,"Nanoscience, bach.",True
EDU_udd_5513,EDU,udd,5513,"International handel og markedsføring (overbygning), prof.bach.","International handel og markedsføring (overbygning), prof.bach.",,,"International Trade and Marketing (overbygning), prof.bach. [current education]",,,translated,CSV:EDU_udd,medium,danish,,,12060,5982,0.000663,"International handel og markedsføring (overbygning), prof.bach.",True
EDU_udd_7656,EDU,udd,7656,"Datalogi, bach.","Datalogi, bach.",,,"Computer science, bach. [current education]",,,translated,CSV:EDU_udd,medium,danish,,,1588,789,8.7e-05,"Datalogi, bach.",False
EDU_udd_3425,EDU,udd,3425,"International virksomhedskommunikation, engelsk, bach.","International virksomhedskommunikation, engelsk, bach.",,,"International business communication, English, bach. [current education]",,,translated,CSV:EDU_udd,medium,danish,,,1302,651,7.2e-05,"International virksomhedskommunikation, engelsk, bach.",False
EDU_udd_6941,EDU,udd,6941,"International virksomhedskommunikation, kand.2år","International virksomhedskommunikation, kand.2år",,,"International Business Communication, kand.2yr [current education]",,,manual_level_fix,CSV:EDU_udd,medium,danish,,,2644,1302,0.000144,"International virksomhedskommunikation, kand.2år",True
EDU_udd_8042,EDU,udd,8042,"Sundhedsteknologi, ing.bach.","Sundhedsteknologi, ing.bach.",,,"Health technology, ing.bach. [current education]",,,translated,CSV:EDU_udd,medium,danish,,,1172,584,6.5e-05,"Sundhedsteknologi, ing.bach.",True
EDU_udd_7654,EDU,udd,7654,"Kommunikation og digitale medier, bach.","Kommunikation og digitale medier, bach.",,,"Communication and digital media, bach. [current education]",,,translated,CSV:EDU_udd,medium,danish,,,1508,754,8.4e-05,"Kommunikation og digitale medier, bach.",False
EDU_udd_7428,EDU,udd,7428,"Moderne Indien og Sydasienstudier, bach.","Moderne Indien og Sydasienstudier, bach.",,,"Modern India and South Asian studies, bach. [current education]",,,translated,CSV:EDU_udd,medium,danish,,,244,122,1.4e-05,"Moderne Indien og Sydasienstudier, bach.",False
EDU_udd_7404,EDU,udd,7404,"Lingvistik, bach.","Lingvistik, bach.",,,"Linguistics, bach. [current education]",,,translated,CSV:EDU_udd,medium,danish,,,826,409,4.5e-05,"Lingvistik, bach.",False
EDU_udd_6740,EDU,udd,6740,"IT and Cognition, kand.2år","IT and Cognition, kand.2år",,,"IT and Cognitive Science, kand.2yr [current education]",,,manual_level_fix,CSV:EDU_udd,medium,danish,,,818,404,4.5e-05,"IT and Cognition, kand.2år",True
EDU_udd_7995,EDU,udd,7995,"Medicine with Industrial Specialisation, kand.2år","Medicine with Industrial Specialisation, kand.2år",,,"Medicine with Industrial Specialization, kand.2yr [current education]",,,manual_level_fix,CSV:EDU_udd,medium,danish,,,1574,778,8.6e-05,"Medicine with Industrial Specialisation, kand.2år",True
EDU_udd_5663,EDU,udd,5663,"HA (int.) erhvervsøkonomi med tysk, bach.","HA (int.) erhvervsøkonomi med tysk, bach.",,,"BA (int.) business economics with German, bach. [current education]",,,translated,CSV:EDU_udd,medium,danish,,,288,144,1.6e-05,"HA (int.) erhvervsøkonomi med tysk, bach.",True
EDU_udd_8993,EDU,udd,8993,"Protese- og ortoseteknologi, prof.bach.","Protese- og ortoseteknologi, prof.bach.",,,"Prosthetics and orthotics technology, prof.bach. [current education]",,,translated,CSV:EDU_udd,medium,danish,,,84,42,5e-06,"Protese- og ortoseteknologi, prof.bach.",True
EDU_udd_7466,EDU,udd,7466,"Physics, kand.2år","Physics, kand.2år",,,"Physics, kand.2yr [current education]",,,manual_level_fix,CSV:EDU_udd,medium,danish,,,2500,1244,0.000138,"Physics, kand.2år",False
EDU_udd_8134,EDU,udd,8134,"Softwareudvikling, bach.","Softwareudvikling, bach.",,,"Software development, bach. [current education]",,,translated,CSV:EDU_udd,medium,danish,,,4060,2004,0.000222,"Softwareudvikling, bach.",True
EDU_udd_8072,EDU,udd,8072,"Computer Science, kand.2år","Computer Science, kand.2år",,,"Computer Science, kand.2yr [current education]",,,translated,CSV:EDU_udd,medium,danish,,,1252,624,6.9e-05,"Computer Science, kand.2år",False
EDU_udd_3120,EDU,udd,3120,"Food Innovation and Health, kand.2år","Food Innovation and Health, kand.2år",,,"Food Innovation and Health, kand.2yr [current education]",,,manual_level_fix,CSV:EDU_udd,medium,danish,,,602,301,3.3e-05,"Food Innovation and Health, kand.2år",True
EDU_udd_8026,EDU,udd,8026,"Byggeri og anlæg, ing.bach.","Byggeri og anlæg, ing.bach.",,,"Construction and facilities management, ing.bach. [current education]",,,translated,CSV:EDU_udd,medium,danish,,,1340,663,7.3e-05,"Byggeri og anlæg, ing.bach.",True
EDU_udd_850,EDU,udd,850,Kosmetolog (privat udd.),Kosmetolog (privat udd.),,,Cosmetology (private ed.) [current education],,,translated,CSV:EDU_udd,medium,danish,,,1028,510,5.6e-05,Kosmetolog (privat udd.),True
EDU_udd_3195,EDU,udd,3195,"Film- og medievidenskab, kand.2år","Film- og medievidenskab, kand.2år",,,"Film and Media Studies, kand.2yr [current education]",,,manual_level_fix,CSV:EDU_udd,medium,danish,,,1692,841,9.3e-05,"Film- og medievidenskab, kand.2år",True
EDU_udd_7512,EDU,udd,7512,"Sundhedsteknologi, ing.prof.bach.","Sundhedsteknologi, ing.prof.bach.",,,"Health Technology, ing.prof.bach. [current education]",,,translated,CSV:EDU_udd,medium,danish,,,1414,702,7.8e-05,"Sundhedsteknologi, ing.prof.bach.",True
EDU_udd_8312,EDU,udd,8312,"Biomedicinsk teknologi, civilingeniør 2år","Biomedicinsk teknologi, civilingeniør 2år",,,"Biomedical Engineering, Civil Engineer 2yr [current education]",,,translated,CSV:EDU_udd,medium,danish,,,342,169,1.9e-05,"Biomedicinsk teknologi, civilingeniør 2år",True
EDU_udd_3414,EDU,udd,3414,"HA almen erhvervsøkonomi, bach.","HA almen erhvervsøkonomi, bach.",,,"HA General Business Economics, Bach. [current education]",,,translated,CSV:EDU_udd,medium,danish,,,5088,2521,0.000279,"HA almen erhvervsøkonomi, bach.",False
EDU_udd_8322,EDU,udd,8322,"Urban Design, civilingeniør 2år","Urban Design, civilingeniør 2år",,,"Urban Design, Civil Engineer 2yr [current education]",,,translated,CSV:EDU_udd,medium,danish,,,456,224,2.5e-05,"Urban Design, civilingeniør 2år",True
EDU_udd_7517,EDU,udd,7517,"HA almen erhvervsøkonomi, bach.","HA almen erhvervsøkonomi, bach.",,,"HA General Business Economics, Bach. [current education]",,,translated,CSV:EDU_udd,medium,danish,,,11932,5940,0.000658,"HA almen erhvervsøkonomi, bach.",False
EDU_udd_8167,EDU,udd,8167,"Naturvidenskab og IT, bach.","Naturvidenskab og IT, bach.",,,"Natural Sciences and IT, bach. [current education]",,,translated,CSV:EDU_udd,medium,danish,,,276,138,1.5e-05,"Naturvidenskab og IT, bach.",True
EDU_udd_5436,EDU,udd,5436,"Integreret design, ing.prof.bach.","Integreret design, ing.prof.bach.",,,"Integrated Design, ing.prof.bach. [current education]",,,translated,CSV:EDU_udd,medium,danish,,,1556,771,8.5e-05,"Integreret design, ing.prof.bach.",True
EDU_udd_7655,EDU,udd,7655,"Kommunikation og digitale medier, bach.","Kommunikation og digitale medier, bach.",,,"Communication and digital media, bach. [current education]",,,translated,CSV:EDU_udd,medium,danish,,,2514,1257,0.000139,"Kommunikation og digitale medier, bach.",False
EDU_udd_3178,EDU,udd,3178,"Virksomhedskommunikation, kand.2år","Virksomhedskommunikation, kand.2år",,,"Business Communication, kand.2yr [current education]",,,translated,CSV:EDU_udd,medium,danish,,,616,308,3.4e-05,"Virksomhedskommunikation, kand.2år",False
EDU_udd_7636,EDU,udd,7636,"IT, kommunikation og organisation, kand.2år","IT, kommunikation og organisation, kand.2år",,,"IT, Communication and Organization, kand.2yr [current education]",,,translated,CSV:EDU_udd,medium,danish,,,3274,1636,0.000181,"IT, kommunikation og organisation, kand.2år",True
EDU_udd_3437,EDU,udd,3437,"Jura, bach.","Jura, bach.",,,"Law, bach. [current education]",,,translated,CSV:EDU_udd,medium,danish,,,6470,3208,0.000355,"Jura, bach.",False
EDU_udd_3460,EDU,udd,3460,"Biology, kand.2år","Biology, kand.2år",,,"Biology, kand.2yr [current education]",,,translated,CSV:EDU_udd,medium,danish,,,836,415,4.6e-05,"Biology, kand.2år",False
EDU_udd_5243,EDU,udd,5243,"Mechanical engineering, civilingeniør 2år","Mechanical engineering, civilingeniør 2år",,,"Mechanical Engineering, Civil Engineer 2yr [current education]",,,translated,CSV:EDU_udd,medium,danish,,,1396,692,7.7e-05,"Mechanical engineering, civilingeniør 2år",True
EDU_udd_3006,EDU,udd,3006,"International virksomhedskommunikation i arabisk, bach.","International virksomhedskommunikation i arabisk, bach.",,,"International Business Communication in Arabic, bach. [current education]",,,translated,CSV:EDU_udd,medium,danish,,,236,118,1.3e-05,"International virksomhedskommunikation i arabisk, bach.",True
EDU_udd_8074,EDU,udd,8074,"Applied Mathematics, kand.2år","Applied Mathematics, kand.2år",,,"Applied Mathematics, kand.2yr [current education]",,,translated,CSV:EDU_udd,medium,danish,,,252,124,1.4e-05,"Applied Mathematics, kand.2år",True
EDU_udd_6142,EDU,udd,6142,"Socialvidenskab, kand.2år","Socialvidenskab, kand.2år",,,"Social Sciences, kand.2yr [current education]",,,translated,CSV:EDU_udd,medium,danish,,,2168,1063,0.000118,"Socialvidenskab, kand.2år",True
EDU_udd_8416,EDU,udd,8416,"Animal Science, kand.2år","Animal Science, kand.2år",,,"Animal Science, kand.2yr [current education]",,,translated,CSV:EDU_udd,medium,danish,,,748,371,4.1e-05,"Animal Science, kand.2år",True
EDU_udd_5429,EDU,udd,5429,"Bioteknologi, ing.prof.bach.","Bioteknologi, ing.prof.bach.",,,"Biotechnology, ing.prof.bach. [current education]",,,translated,CSV:EDU_udd,medium,danish,,,512,254,2.8e-05,"Bioteknologi, ing.prof.bach.",False
EDU_udd_7424,EDU,udd,7424,"Farmaceutisk videnskab, kand.2år","Farmaceutisk videnskab, kand.2år",,,"Pharmaceutical Science, kand.2yr [current education]",,,translated,CSV:EDU_udd,medium,danish,,,560,278,3.1e-05,"Farmaceutisk videnskab, kand.2år",True
EDU_udd_3243,EDU,udd,3243,"Molecular Biology, kand.2år","Molecular Biology, kand.2år",,,"Molecular Biology, kand.2yr [current education]",,,translated,CSV:EDU_udd,medium,danish,,,980,489,5.4e-05,"Molecular Biology, kand.2år",True
EDU_udd_7916,EDU,udd,7916,"Teknisk videnskab (Fysik og ingeniørvidenskab), ing.bach.","Teknisk videnskab (Fysik og ingeniørvidenskab), ing.bach.",,,"Technical science (Physics and engineering), ing.bach. [current education]",,,translated,CSV:EDU_udd,medium,danish,,,1768,882,9.8e-05,"Teknisk videnskab (Fysik og ingeniørvidenskab), ing.bach.",True
EDU_udd_5653,EDU,udd,5653,"International business and politics, kand.2år","International business and politics, kand.2år",,,"International Business and Politics, kand.2yr [current education]",,,manual_level_fix,CSV:EDU_udd,medium,danish,,,2910,1455,0.000161,"International business and politics, kand.2år",True
EDU_udd_3041,EDU,udd,3041,"Spansk og latinamerikansk sprog og kultur, bach.","Spansk og latinamerikansk sprog og kultur, bach.",,,"Spanish and Latin American language and culture, bach. [current education]",,,translated,CSV:EDU_udd,medium,danish,,,1286,633,7e-05,"Spansk og latinamerikansk sprog og kultur, bach.",True
EDU_udd_4802,EDU,udd,4802,"HA almen erhvervsøkonomi, bach.","HA almen erhvervsøkonomi, bach.",,,"HA General Business Economics, Bach. [current education]",,,translated,CSV:EDU_udd,medium,danish,,,13500,6728,0.000745,"HA almen erhvervsøkonomi, bach.",False
EDU_udd_7678,EDU,udd,7678,"Medicin, bach.","Medicin, bach.",,,"Medicine, bach. [current education]",,,translated,CSV:EDU_udd,medium,danish,,,3792,1886,0.000209,"Medicin, bach.",False
EDU_udd_7908,EDU,udd,7908,"Elektronik og system-design, ing.bach.","Elektronik og system-design, ing.bach.",,,"Electronics and system design, ing.bach. [current education]",,,translated,CSV:EDU_udd,medium,danish,,,1104,551,6.1e-05,"Elektronik og system-design, ing.bach.",True
EDU_udd_6599,EDU,udd,6599,"Signal Processing and Acoustics, civilingeniør 2år","Signal Processing and Acoustics, civilingeniør 2år",,,"Signal Processing and Acoustics, civil engineer 2 year [current education]",,,translated,CSV:EDU_udd,medium,danish,,,144,72,8e-06,"Signal Processing and Acoustics, civilingeniør 2år",True
EDU_udd_6663,EDU,udd,6663,"Bioteknologi, ing.bach.","Bioteknologi, ing.bach.",,,"Biotechnology, ing.bach. [current education]",,,translated,CSV:EDU_udd,medium,danish,,,1200,598,6.6e-05,"Bioteknologi, ing.bach.",False
EDU_udd_3132,EDU,udd,3132,"Food Technology, civilingeniør 2år","Food Technology, civilingeniør 2år",,,"Food Technology, civil engineer 2 year [current education]",,,translated,CSV:EDU_udd,medium,danish,,,824,411,4.6e-05,"Food Technology, civilingeniør 2år",True
EDU_udd_7499,EDU,udd,7499,"Bioinformatics, kand.2år","Bioinformatics, kand.2år",,,"Bioinformatics, kand.2yr [current education]",,,manual_level_fix,CSV:EDU_udd,medium,danish,,,982,489,5.4e-05,"Bioinformatics, kand.2år",True
EDU_udd_7408,EDU,udd,7408,"Audiologopædi, bach.","Audiologopædi, bach.",,,"Audiology, bach. [current education]",,,translated,CSV:EDU_udd,medium,danish,,,916,454,5e-05,"Audiologopædi, bach.",False
EDU_udd_7471,EDU,udd,7471,"Audiologopædi, kand.2år","Audiologopædi, kand.2år",,,"Audiology, kand.2yr [current education]",,,manual_level_fix,CSV:EDU_udd,medium,danish,,,702,348,3.9e-05,"Audiologopædi, kand.2år",False
EDU_udd_6502,EDU,udd,6502,"Mellemøstens sprog og samfund-Nærorientalsk arkæologi, bach.","Mellemøstens sprog og samfund-Nærorientalsk arkæologi, bach.",,,"Middle Eastern languages and societies-Near Eastern archaeology, bach. [current education]",,,translated,CSV:EDU_udd,medium,danish,,,332,161,1.8e-05,"Mellemøstens sprog og samfund-Nærorientalsk arkæologi, bach.",True
EDU_udd_7506,EDU,udd,7506,"Elektronik, ing.prof.bach.","Elektronik, ing.prof.bach.",,,"Electronics, ing.prof.bach. [current education]",,,translated,CSV:EDU_udd,medium,danish,,,2290,1132,0.000125,"Elektronik, ing.prof.bach.",True
EDU_udd_7706,EDU,udd,7706,"Datalogi, kand.2år","Datalogi, kand.2år",,,"Computer Science, kand.2yr [current education]",,,translated,CSV:EDU_udd,medium,danish,,,514,257,2.8e-05,"Datalogi, kand.2år",False
EDU_udd_5644,EDU,udd,5644,"Design og business (overbygning), prof.bach.","Design og business (overbygning), prof.bach.",,,"Design and Business (overlay), prof.bach. [current education]",,,translated,CSV:EDU_udd,medium,danish,,,6844,3413,0.000378,"Design og business (overbygning), prof.bach.",True
EDU_udd_3026,EDU,udd,3026,"Business, Language and Culture, bach.","Business, Language and Culture, bach.",,,"Business, Language and Culture, bach. [current education]",,,copy-of-da,CSV:EDU_udd,medium,danish,,,3028,1508,0.000167,"Business, Language and Culture, bach.",True
EDU_udd_3024,EDU,udd,3024,"Business, Language and Culture, kand.2år","Business, Language and Culture, kand.2år",,,"Business, Language and Culture, kand.2yr [current education]",,,manual_level_fix,CSV:EDU_udd,medium,danish,,,2842,1414,0.000157,"Business, Language and Culture, kand.2år",True
EDU_udd_7856,EDU,udd,7856,"Lydtekniker (musik), bach.","Lydtekniker (musik), bach.",,,"Sound Engineer (music), bach. [current education]",,,translated,CSV:EDU_udd,medium,danish,,,256,128,1.4e-05,"Lydtekniker (musik), bach.",True
EDU_udd_3149,EDU,udd,3149,"Cognitive Semiotics, kand.2år","Cognitive Semiotics, kand.2år",,,"Cognitive Semiotics, kand.2yr [current education]",,,manual_level_fix,CSV:EDU_udd,medium,danish,,,436,218,2.4e-05,"Cognitive Semiotics, kand.2år",True
EDU_udd_5733,EDU,udd,5733,"Interkulturel markedskommunikation, bach.","Interkulturel markedskommunikation, bach.",,,"Intercultural market communication, bach. [current education]",,,translated,CSV:EDU_udd,medium,danish,,,3796,1894,0.00021,"Interkulturel markedskommunikation, bach.",True
EDU_udd_5589,EDU,udd,5589,"Multicultural Communication in Organisations, kand.2år","Multicultural Communication in Organisations, kand.2år",,,"Multicultural Communication in Organizations, kand.2yr [current education]",,,manual_level_fix,CSV:EDU_udd,medium,danish,,,2070,1034,0.000115,"Multicultural Communication in Organisations, kand.2år",True
EDU_udd_5948,EDU,udd,5948,"Information Management, bach.","Information Management, bach.",,,"Information Management, bach. [current education]",,,copy-of-da,CSV:EDU_udd,medium,danish,,,708,353,3.9e-05,"Information Management, bach.",True
EDU_udd_3323,EDU,udd,3323,"HHX, 2-årig","HHX, 2-årig",,,"HHX, 2-year [current education]",,,translated,CSV:EDU_udd,medium,danish,,,2646,776,8.6e-05,"HHX, 2-årig",True
EDU_udd_5500,EDU,udd,5500,"Skat, prof.bach.","Skat, prof.bach.",,,"Tax, prof.bach. [current education]",,,translated,CSV:EDU_udd,medium,danish,,,1396,674,7.5e-05,"Skat, prof.bach.",True
EDU_udd_4563,EDU,udd,4563,Bygningssnedker,Bygningssnedker,,,Building joiner [current education],,,translated,CSV:EDU_udd,medium,danish,,,7144,2489,0.000276,Bygningssnedker,True
EDU_udd_3403,EDU,udd,3403,"Kontor, handel og forretningsservice (grundforløb plus)","Kontor, handel og forretningsservice (grundforløb plus)",,,"Office, Trade and Business Services (basic course plus) [current education]",,,translated,CSV:EDU_udd,medium,danish,,,1026,513,5.7e-05,"Kontor, handel og forretningsservice (grundforløb plus)",True
EDU_udd_3119,EDU,udd,3119,"Engineering Design and Applied Mechanics, civilingeniør 2år","Engineering Design and Applied Mechanics, civilingeniør 2år",,,"Engineering Design and Applied Mechanics, civil engineer 2 year [current education]",,,translated,CSV:EDU_udd,medium,danish,,,1980,987,0.000109,"Engineering Design and Applied Mechanics, civilingeniør 2år",True
EDU_udd_7621,EDU,udd,7621,"Amerikanske studier, bach.","Amerikanske studier, bach.",,,"American Studies, bach. [current education]",,,translated,CSV:EDU_udd,medium,danish,,,1240,615,6.8e-05,"Amerikanske studier, bach.",True
EDU_udd_3180,EDU,udd,3180,"Webkommunikation, kand.2år","Webkommunikation, kand.2år",,,"Web Communication, kand.2yr [current education]",,,manual_level_fix,CSV:EDU_udd,medium,danish,,,1446,719,8e-05,"Webkommunikation, kand.2år",True
EDU_udd_7510,EDU,udd,7510,"Bygningsdesign, ing.prof.bach.","Bygningsdesign, ing.prof.bach.",,,"Building design, ing.prof.bach. [current education]",,,translated,CSV:EDU_udd,medium,danish,,,3302,1647,0.000182,"Bygningsdesign, ing.prof.bach.",True
EDU_udd_5283,EDU,udd,5283,"Mobilitet, Transport og Logistik, ing.prof.bach.","Mobilitet, Transport og Logistik, ing.prof.bach.",,,"Mobility, Transport and Logistics, ing.prof.bach. [current education]",,,translated,CSV:EDU_udd,medium,danish,,,876,432,4.8e-05,"Mobilitet, Transport og Logistik, ing.prof.bach.",True
EDU_udd_7662,EDU,udd,7662,"Medialogi, bach.","Medialogi, bach.",,,"Medialogy, bach. [current education]",,,translated,CSV:EDU_udd,medium,danish,,,796,398,4.4e-05,"Medialogi, bach.",True
EDU_udd_3412,EDU,udd,3412,"Statskundskab, bach.","Statskundskab, bach.",,,"Political science, bach. [current education]",,,translated,CSV:EDU_udd,medium,danish,,,2630,1303,0.000144,"Statskundskab, bach.",False
EDU_udd_3454,EDU,udd,3454,"Statskundskab, kand.2år","Statskundskab, kand.2år",,,"Political Science, kand.2yr [current education]",,,translated,CSV:EDU_udd,medium,danish,,,1170,579,6.4e-05,"Statskundskab, kand.2år",False
EDU_udd_5861,EDU,udd,5861,"Softwareudvikling (overbygning), prof.bach.","Softwareudvikling (overbygning), prof.bach.",,,"Software development (overlay), prof.bach. [current education]",,,translated,CSV:EDU_udd,medium,danish,,,2610,1289,0.000143,"Softwareudvikling (overbygning), prof.bach.",True
EDU_udd_6158,EDU,udd,6158,"Global development, kand.2år","Global development, kand.2år",,,"Global Development, kand.2yr [current education]",,,manual_level_fix,CSV:EDU_udd,medium,danish,,,1040,520,5.8e-05,"Global development, kand.2år",True
EDU_udd_5933,EDU,udd,5933,"Internat. virksomhedskommunik, eng.-europæiske studier, bach.","Internat. virksomhedskommunik, eng.-europæiske studier, bach.",,,"International business communication, English-European studies, bach. [current education]",,,translated,CSV:EDU_udd,medium,danish,,,740,369,4.1e-05,"Internat. virksomhedskommunik, eng.-europæiske studier, bach.",True
EDU_udd_5165,EDU,udd,5165,"Klinisk biomekanik, bach.","Klinisk biomekanik, bach.",,,"Clinical biomechanics, bach. [current education]",,,translated,CSV:EDU_udd,medium,danish,,,4042,2007,0.000222,"Klinisk biomekanik, bach.",True
EDU_udd_5265,EDU,udd,5265,"Klinisk biomekanik, kand.2år","Klinisk biomekanik, kand.2år",,,"Clinical Biomechanics, kand.2yr [current education]",,,manual_level_fix,CSV:EDU_udd,medium,danish,,,2052,1018,0.000113,"Klinisk biomekanik, kand.2år",True
EDU_udd_7703,EDU,udd,7703,"Økonomi, kand.2år","Økonomi, kand.2år",,,"Economics, kand.2yr [current education]",,,manual_level_fix,CSV:EDU_udd,medium,danish,,,552,274,3e-05,"Økonomi, kand.2år",False
EDU_udd_5273,EDU,udd,5273,"Biotechnology and Chemical Engineering, civilingeniør 2år","Biotechnology and Chemical Engineering, civilingeniør 2år",,,"Biotechnology and Chemical Engineering, MScEng 2yr [current education]",,,translated,CSV:EDU_udd,medium,danish,,,2622,1306,0.000145,"Biotechnology and Chemical Engineering, civilingeniør 2år",True
EDU_udd_3815,EDU,udd,3815,"Samfundsvidenskab una, bach. (RUC)","Samfundsvidenskab una, bach. (RUC)",,,"Social sciences, unspecified, bach. (RUC) [current education]",,,translated,CSV:EDU_udd,medium,danish,,,10152,4994,0.000553,"Samfundsvidenskab una, bach. (RUC)",True
EDU_udd_6648,EDU,udd,6648,"Softwareteknologi, ing.prof.bach.","Softwareteknologi, ing.prof.bach.",,,"Software Technology, ing.prof.bach. [current education]",,,translated,CSV:EDU_udd,medium,danish,,,2824,1391,0.000154,"Softwareteknologi, ing.prof.bach.",False
EDU_udd_7322,EDU,udd,7322,"Market and Management Anthropology, bach.","Market and Management Anthropology, bach.",,,"Market and Management Anthropology, bach. [current education]",,,copy-of-da,CSV:EDU_udd,medium,danish,,,2062,1024,0.000113,"Market and Management Anthropology, bach.",True
EDU_udd_3100,EDU,udd,3100,"Informationsvidenskab, bach.","Informationsvidenskab, bach.",,,"Information science, bach. [current education]",,,translated,CSV:EDU_udd,medium,danish,,,2282,1139,0.000126,"Informationsvidenskab, bach.",True
EDU_udd_7587,EDU,udd,7587,"Informationsvidenskab, kand.2år","Informationsvidenskab, kand.2år",,,"Information Science, kand.2yr [current education]",,,manual_level_fix,CSV:EDU_udd,medium,danish,,,1208,603,6.7e-05,"Informationsvidenskab, kand.2år",True
EDU_udd_7100,EDU,udd,7100,"Politik og økonomi, bach","Politik og økonomi, bach",,,"Politics and economics, bach [current education]",,,translated,CSV:EDU_udd,medium,danish,,,1140,568,6.3e-05,"Politik og økonomi, bach",True
EDU_udd_7918,EDU,udd,7918,"Arkitektur og design,ing.bach","Arkitektur og design,ing.bach",,,"Architecture and design, ing.bach [current education]",,,translated,CSV:EDU_udd,medium,danish,,,3196,1595,0.000177,"Arkitektur og design,ing.bach",True
EDU_udd_8326,EDU,udd,8326,"Architecture, civilingeniør 2år","Architecture, civilingeniør 2år",,,"Architecture, MScArch 2yr [current education]",,,translated,CSV:EDU_udd,medium,danish,,,1156,576,6.4e-05,"Architecture, civilingeniør 2år",True
EDU_udd_7687,EDU,udd,7687,"Matematik, bach.","Matematik, bach.",,,"Mathematics, bach. [current education]",,,translated,CSV:EDU_udd,medium,danish,,,1134,557,6.2e-05,"Matematik, bach.",False
EDU_udd_7709,EDU,udd,7709,"Matematik, kand.2år","Matematik, kand.2år",,,"Mathematics, kand.2yr [current education]",,,manual_level_fix,CSV:EDU_udd,medium,danish,,,278,138,1.5e-05,"Matematik, kand.2år",False
EDU_udd_6652,EDU,udd,6652,"Sprog og internationale studier-spansk, bach.","Sprog og internationale studier-spansk, bach.",,,"Language and international studies-Spanish, bach. [current education]",,,translated,CSV:EDU_udd,medium,danish,,,456,225,2.5e-05,"Sprog og internationale studier-spansk, bach.",True
EDU_udd_7684,EDU,udd,7684,"Matematik og økonomi, bach.","Matematik og økonomi, bach.",,,"Mathematics and economics, bach. [current education]",,,translated,CSV:EDU_udd,medium,danish,,,858,428,4.7e-05,"Matematik og økonomi, bach.",False
EDU_udd_7467,EDU,udd,7467,"Mathematics-Economics, kand.2år","Mathematics-Economics, kand.2år",,,"Mathematics-Economics, kand.2yr [current education]",,,translated,CSV:EDU_udd,medium,danish,,,776,386,4.3e-05,"Mathematics-Economics, kand.2år",True
EDU_udd_7504,EDU,udd,7504,"Elektrisk energiteknologi, ing.prof.bach.","Elektrisk energiteknologi, ing.prof.bach.",,,"Electric Energy Technology, ing.prof.bach. [current education]",,,translated,CSV:EDU_udd,medium,danish,,,1500,741,8.2e-05,"Elektrisk energiteknologi, ing.prof.bach.",True
EDU_udd_7580,EDU,udd,7580,"Computer Science, kand.2år","Computer Science, kand.2år",,,"Computer Science, kand.2yr [current education]",,,translated,CSV:EDU_udd,medium,danish,,,1550,770,8.5e-05,"Computer Science, kand.2år",False
EDU_udd_5772,EDU,udd,5772,"Value Chain Management, prof.bach.","Value Chain Management, prof.bach.",,,"Value Chain Management, prof.bach. [current education]",,,copy-of-da,CSV:EDU_udd,medium,danish,,,1542,771,8.5e-05,"Value Chain Management, prof.bach.",True
EDU_udd_3083,EDU,udd,3083,"HA(kom.) erhvervsøkonomi-virksomhedskommunikation, bach.","HA(kom.) erhvervsøkonomi-virksomhedskommunikation, bach.",,,"Business administration-enterprise communication (HA(kom.)), bach. [current education]",,,translated,CSV:EDU_udd,medium,danish,,,3896,1942,0.000215,"HA(kom.) erhvervsøkonomi-virksomhedskommunikation, bach.",True
EDU_udd_3406,EDU,udd,3406,"Elektrisk energiteknologi, ing.prof.bach.","Elektrisk energiteknologi, ing.prof.bach.",,,"Electric Energy Technology, ing.prof.bach. [current education]",,,translated,CSV:EDU_udd,medium,danish,,,452,224,2.5e-05,"Elektrisk energiteknologi, ing.prof.bach.",False
EDU_udd_5862,EDU,udd,5862,"Software Development (overbygning), prof.bach.","Software Development (overbygning), prof.bach.",,,"Software Development (top-up), prof.bach. [current education]",,,translated,CSV:EDU_udd,medium,danish,,,1566,781,8.7e-05,"Software Development (overbygning), prof.bach.",True
EDU_udd_3415,EDU,udd,3415,"HA almen erhvervsøkonomi, bach.","HA almen erhvervsøkonomi, bach.",,,"HA General Business Economics, Bach. [current education]",,,translated,CSV:EDU_udd,medium,danish,,,1188,587,6.5e-05,"HA almen erhvervsøkonomi, bach.",False
EDU_udd_1114,EDU,udd,1114,Grundskole til og med 6. kl,Grundskole til og med 6. kl,,,Primary school up to and including 6th grade [current education],,,translated,CSV:EDU_udd,medium,danish,,,17183366,1614588,0.178829,Grundskole til og med 6. kl,True
EDU_udd_5769,EDU,udd,5769,"Organisatorisk læring, bach.","Organisatorisk læring, bach.",,,"Organizational learning, bach. [current education]",,,translated,CSV:EDU_udd,medium,danish,,,806,400,4.4e-05,"Organisatorisk læring, bach.",True
EDU_udd_7448,EDU,udd,7448,"Geologi/Geologi-Geoscience, bach.","Geologi/Geologi-Geoscience, bach.",,,"Geology/Geology-Geoscience, bach. [current education]",,,translated,CSV:EDU_udd,medium,danish,,,1254,618,6.8e-05,"Geologi/Geologi-Geoscience, bach.",True
EDU_udd_7516,EDU,udd,7516,"HA almen erhvervsøkonomi, bach.","HA almen erhvervsøkonomi, bach.",,,"HA General Business Economics, Bach. [current education]",,,translated,CSV:EDU_udd,medium,danish,,,1662,828,9.2e-05,"HA almen erhvervsøkonomi, bach.",False
EDU_udd_7730,EDU,udd,7730,"Sociologi, kand.2år","Sociologi, kand.2år",,,"Sociology, kand.2yr [current education]",,,translated,CSV:EDU_udd,medium,danish,,,2298,1099,0.000122,"Sociologi, kand.2år",False
EDU_udd_3813,EDU,udd,3813,"Humanistisk una, bach. (RUC)","Humanistisk una, bach. (RUC)",,,"Humanities, unspecified, bach. (RUC) [current education]",,,translated,CSV:EDU_udd,medium,danish,,,11120,5495,0.000609,"Humanistisk una, bach. (RUC)",True
EDU_udd_6038,EDU,udd,6038,"Kommunikation, kand.2år","Kommunikation, kand.2år",,,"Communication, kand.2yr [current education]",,,translated,CSV:EDU_udd,medium,danish,,,1570,769,8.5e-05,"Kommunikation, kand.2år",False
EDU_udd_7560,EDU,udd,7560,"Geologi/Geologi-Geoscience, bach.","Geologi/Geologi-Geoscience, bach.",,,"Geology/Geology-Geoscience, bach. [current education]",,,translated,CSV:EDU_udd,medium,danish,,,942,464,5.1e-05,"Geologi/Geologi-Geoscience, bach.",False
EDU_udd_2493,EDU,udd,2493,Kombineret ungdomsuddannelse,Kombineret ungdomsuddannelse,,,Combined youth education programme,,,translated,CSV:EDU_udd,medium,danish,,,13852,6858,0.00076,Kombineret ungdomsuddannelse,True
EDU_udd_7651,EDU,udd,7651,"HA almen erhvervsøkonomi, bach.","HA almen erhvervsøkonomi, bach.",,,"HA General Business Economics, Bach. [current education]",,,translated,CSV:EDU_udd,medium,danish,,,6366,3178,0.000352,"HA almen erhvervsøkonomi, bach.",False
EDU_udd_6666,EDU,udd,6666,"Retorik, bach.","Retorik, bach.",,,"Rhetoric, bach. [current education]",,,translated,CSV:EDU_udd,medium,danish,,,2548,1253,0.000139,"Retorik, bach.",True
EDU_udd_5430,EDU,udd,5430,"Klinisk ernæring, kand.2år","Klinisk ernæring, kand.2år",,,"Clinical Nutrition, kand.2yr [current education]",,,manual_level_fix,CSV:EDU_udd,medium,danish,,,740,367,4.1e-05,"Klinisk ernæring, kand.2år",True
EDU_udd_3444,EDU,udd,3444,"Fysik, bach.","Fysik, bach.",,,"Physics, bach. [current education]",,,translated,CSV:EDU_udd,medium,danish,,,918,452,5e-05,"Fysik, bach.",False
EDU_udd_3458,EDU,udd,3458,"Physics, kand.2år","Physics, kand.2år",,,"Physics, kand.2yr [current education]",,,manual_level_fix,CSV:EDU_udd,medium,danish,,,284,142,1.6e-05,"Physics, kand.2år",False
EDU_udd_5912,EDU,udd,5912,"Music management, bach.","Music management, bach.",,,"Music management, bach. [current education]",,,copy-of-da,CSV:EDU_udd,medium,danish,,,322,160,1.8e-05,"Music management, bach.",True
EDU_udd_7923,EDU,udd,7923,"Software engineering, ing.bach.","Software engineering, ing.bach.",,,"Software engineering, ing.bach. [current education]",,,copy-of-da,CSV:EDU_udd,medium,danish,,,2148,1069,0.000118,"Software engineering, ing.bach.",True
EDU_udd_5226,EDU,udd,5226,"Skibsfører, prof.bach.","Skibsfører, prof.bach.",,,"Ship master, prof.bach.",,,translated,CSV:EDU_udd,medium,danish,,,2022,1001,0.000111,"Skibsfører, prof.bach.",True
EDU_udd_7526,EDU,udd,7526,"Medievidenskab, bach.","Medievidenskab, bach.",,,"Media studies, bach. [current education]",,,translated,CSV:EDU_udd,medium,danish,,,2586,1292,0.000143,"Medievidenskab, bach.",False
EDU_udd_7679,EDU,udd,7679,"Energi, ing.bach.","Energi, ing.bach.",,,"Energy, ing.bach. [current education]",,,translated,CSV:EDU_udd,medium,danish,,,402,200,2.2e-05,"Energi, ing.bach.",False
EDU_udd_8314,EDU,udd,8314,"Technology (Entrepreneurial Business Engieneering), kand.2år","Technology (Entrepreneurial Business Engieneering), kand.2år",,,"Technology (Entrepreneurial Business Engineering), kand.2yr [current education]",,,manual_level_fix,CSV:EDU_udd,medium,danish,,,352,175,1.9e-05,"Technology (Entrepreneurial Business Engieneering), kand.2år",True
EDU_udd_3811,EDU,udd,3811,"Naturvidenskab una, bach. (RUC)","Naturvidenskab una, bach. (RUC)",,,"Natural sciences, unspecified, bach. (RUC) [current education]",,,translated,CSV:EDU_udd,medium,danish,,,2292,1115,0.000123,"Naturvidenskab una, bach. (RUC)",True
EDU_udd_7513,EDU,udd,7513,"Lingvistik, bach.","Lingvistik, bach.",,,"Linguistics, bach. [current education]",,,translated,CSV:EDU_udd,medium,danish,,,922,458,5.1e-05,"Lingvistik, bach.",True
EDU_udd_7625,EDU,udd,7625,"Pædagogisk antropologi, kand.2år","Pædagogisk antropologi, kand.2år",,,"Pedagogical Anthropology, kand.2yr [current education]",,,translated,CSV:EDU_udd,medium,danish,,,2378,1180,0.000131,"Pædagogisk antropologi, kand.2år",True
EDU_udd_7674,EDU,udd,7674,"Jura, bach.","Jura, bach.",,,"Law, bach. [current education]",,,translated,CSV:EDU_udd,medium,danish,,,4440,2209,0.000245,"Jura, bach.",False
EDU_udd_7704,EDU,udd,7704,"Jura, kand.2år","Jura, kand.2år",,,"Law, kand.2yr [current education]",,,translated,CSV:EDU_udd,medium,danish,,,1928,957,0.000106,"Jura, kand.2år",False
EDU_udd_5297,EDU,udd,5297,Marketing Management,Marketing Management,,,Marketing Management [current education],,,copy-of-da,CSV:EDU_udd,medium,danish,,,8636,4295,0.000476,Marketing Management,True
EDU_udd_3422,EDU,udd,3422,"Audiologopædi, bach.","Audiologopædi, bach.",,,"Audiology, bach. [current education]",,,translated,CSV:EDU_udd,medium,danish,,,1186,591,6.5e-05,"Audiologopædi, bach.",False
EDU_udd_5804,EDU,udd,5804,"Filmklipper, film og tv produktion","Filmklipper, film og tv produktion",,,"Film editing, film and TV production [current education]",,,translated,CSV:EDU_udd,medium,danish,,,174,87,1e-05,"Filmklipper, film og tv produktion",True
EDU_udd_7660,EDU,udd,7660,"International virksomhedskommunikation, engelsk, bach.","International virksomhedskommunikation, engelsk, bach.",,,"International business communication, English, bach. [current education]",,,translated,CSV:EDU_udd,medium,danish,,,2108,1053,0.000117,"International virksomhedskommunikation, engelsk, bach.",False
EDU_udd_5621,EDU,udd,5621,"Internat. virksomhedskommunikation, engelsk, kand.2år","Internat. virksomhedskommunikation, engelsk, kand.2år",,,"International Business Communication, English, kand.2yr [current education]",,,manual_level_fix,CSV:EDU_udd,medium,danish,,,720,360,4e-05,"Internat. virksomhedskommunikation, engelsk, kand.2år",True
EDU_udd_7966,EDU,udd,7966,"Miljøteknologi, ing.bach.","Miljøteknologi, ing.bach.",,,"Environmental technology, ing.bach. [current education]",,,translated,CSV:EDU_udd,medium,danish,,,1426,705,7.8e-05,"Miljøteknologi, ing.bach.",True
EDU_udd_3409,EDU,udd,3409,"Produktion (Produktionsteknik), ing.prof.bach.","Produktion (Produktionsteknik), ing.prof.bach.",,,"Production (production engineering), ing.prof.bach. [current education]",,,translated,CSV:EDU_udd,medium,danish,,,1074,533,5.9e-05,"Produktion (Produktionsteknik), ing.prof.bach.",False
EDU_udd_3331,EDU,udd,3331,"Operations Management, civilingeniør 2år","Operations Management, civilingeniør 2år",,,"Operations Management, MEng 2yr [current education]",,,translated,CSV:EDU_udd,medium,danish,,,624,311,3.4e-05,"Operations Management, civilingeniør 2år",True
EDU_udd_7711,EDU,udd,7711,"Kommunikation, kand.2år","Kommunikation, kand.2år",,,"Communication, kand.2yr [current education]",,,translated,CSV:EDU_udd,medium,danish,,,1028,514,5.7e-05,"Kommunikation, kand.2år",False
EDU_udd_7943,EDU,udd,7943,"Bygningsdesign, ing.bach.","Bygningsdesign, ing.bach.",,,"Building design, ing.bach. [current education]",,,translated,CSV:EDU_udd,medium,danish,,,1608,804,8.9e-05,"Bygningsdesign, ing.bach.",True
EDU_udd_8365,EDU,udd,8365,"Architectural Engineering, civilingeniør 2år","Architectural Engineering, civilingeniør 2år",,,"Architectural Engineering, MEng 2yr [current education]",,,translated,CSV:EDU_udd,medium,danish,,,1776,884,9.8e-05,"Architectural Engineering, civilingeniør 2år",True
EDU_udd_5761,EDU,udd,5761,"Event management og økonomi, prof.bach.","Event management og økonomi, prof.bach.",,,"Event Management and Economics, prof.bach. [current education]",,,translated,CSV:EDU_udd,medium,danish,,,3454,1506,0.000167,"Event management og økonomi, prof.bach.",True
EDU_udd_3027,EDU,udd,3027,"Maskinkonstruktion, ing.bach.","Maskinkonstruktion, ing.bach.",,,"Machine design, ing.bach. [current education]",,,translated,CSV:EDU_udd,medium,danish,,,138,69,8e-06,"Maskinkonstruktion, ing.bach.",True
EDU_udd_3028,EDU,udd,3028,"Mechanical Design, civilingeniør 2år","Mechanical Design, civilingeniør 2år",,,"Mechanical Design, MEng 2yr [current education]",,,translated,CSV:EDU_udd,medium,danish,,,104,51,6e-06,"Mechanical Design, civilingeniør 2år",True
EDU_udd_5511,EDU,udd,5511,"International Hospitality Management (overbygning), prof.bach.","International Hospitality Management (overbygning), prof.bach.",,,"International Hospitality Management (add-on program), prof.bach. [current education]",,,translated,CSV:EDU_udd,medium,danish,,,2854,1417,0.000157,"International Hospitality Management (overbygning), prof.bach.",True
EDU_udd_7596,EDU,udd,7596,"Retorik, kand.2år","Retorik, kand.2år",,,"Rhetoric, kand.2yr [current education]",,,manual_level_fix,CSV:EDU_udd,medium,danish,,,782,390,4.3e-05,"Retorik, kand.2år",False
EDU_udd_8356,EDU,udd,8356,"Veje og trafik, civilingeniør 2år","Veje og trafik, civilingeniør 2år",,,"Roads and Traffic, MEng 2yr [current education]",,,translated,CSV:EDU_udd,medium,danish,,,330,165,1.8e-05,"Veje og trafik, civilingeniør 2år",True
EDU_udd_3192,EDU,udd,3192,"Global Studies, kand.2år","Global Studies, kand.2år",,,"Global Studies, kand.2yr [current education]",,,translated,CSV:EDU_udd,medium,danish,,,1008,478,5.3e-05,"Global Studies, kand.2år",True
EDU_udd_5664,EDU,udd,5664,"Økonomi og informationsteknologi, prof.bach.","Økonomi og informationsteknologi, prof.bach.",,,"Economics and Information Technology, prof.bach. [current education]",,,translated,CSV:EDU_udd,medium,danish,,,3800,1882,0.000208,"Økonomi og informationsteknologi, prof.bach.",True
EDU_udd_4680,EDU,udd,4680,Postuddannelse,Postuddannelse,,,Post programme [current education],,,translated,CSV:EDU_udd,medium,danish,,,516,193,2.1e-05,Postuddannelse,True
EDU_udd_3134,EDU,udd,3134,"Molecular Nutrition and Food Technology, kand.2år","Molecular Nutrition and Food Technology, kand.2år",,,"Molecular Nutrition and Food Technology, kand.2yr [current education]",,,translated,CSV:EDU_udd,medium,danish,,,390,195,2.2e-05,"Molecular Nutrition and Food Technology, kand.2år",True
EDU_udd_6630,EDU,udd,6630,"Produktion (Produktionsteknik), ing.prof.bach.","Produktion (Produktionsteknik), ing.prof.bach.",,,"Production (production engineering), ing.prof.bach. [current education]",,,translated,CSV:EDU_udd,medium,danish,,,1848,911,0.000101,"Produktion (Produktionsteknik), ing.prof.bach.",True
EDU_udd_7641,EDU,udd,7641,"Kemi og bioteknologi, ing.prof.bach.","Kemi og bioteknologi, ing.prof.bach.",,,"Chemistry and biotechnology, ing.prof.bach. [current education]",,,translated,CSV:EDU_udd,medium,danish,,,322,159,1.8e-05,"Kemi og bioteknologi, ing.prof.bach.",False
EDU_udd_7639,EDU,udd,7639,"Nanoscience, kand.2år","Nanoscience, kand.2år",,,"Nanoscience, kand.2yr [current education]",,,translated,CSV:EDU_udd,medium,danish,,,870,432,4.8e-05,"Nanoscience, kand.2år",False
EDU_udd_7640,EDU,udd,7640,"Elektronik, ing.prof.bach.","Elektronik, ing.prof.bach.",,,"Electronics, ing.prof.bach. [current education]",,,translated,CSV:EDU_udd,medium,danish,,,428,213,2.4e-05,"Elektronik, ing.prof.bach.",False
EDU_udd_8366,EDU,udd,8366,"Civil Engineering, civilingeniør 2år","Civil Engineering, civilingeniør 2år",,,"Civil Engineering, MEng 2yr [current education]",,,translated,CSV:EDU_udd,medium,danish,,,2582,1290,0.000143,"Civil Engineering, civilingeniør 2år",True
EDU_udd_3099,EDU,udd,3099,"Information Architecture, kand.2år","Information Architecture, kand.2år",,,"Information Architecture, kand.2yr [current education]",,,translated,CSV:EDU_udd,medium,danish,,,252,126,1.4e-05,"Information Architecture, kand.2år",True
EDU_udd_3423,EDU,udd,3423,"HA(jur.) erhvervsøkonomi-jura, bach.","HA(jur.) erhvervsøkonomi-jura, bach.",,,"Business Economics and Law (via hj.), bach. [current education]",,,translated,CSV:EDU_udd,medium,danish,,,3622,1787,0.000198,"HA(jur.) erhvervsøkonomi-jura, bach.",False
EDU_udd_7601,EDU,udd,7601,"American Studies, kand.2år","American Studies, kand.2år",,,"American Studies, kand.2yr [current education]",,,translated,CSV:EDU_udd,medium,danish,,,744,370,4.1e-05,"American Studies, kand.2år",True
EDU_udd_5271,EDU,udd,5271,"Computerteknologi, civilingeniør 2år","Computerteknologi, civilingeniør 2år",,,"Computer Technology, MEng 2yr [current education]",,,translated,CSV:EDU_udd,medium,danish,,,1244,622,6.9e-05,"Computerteknologi, civilingeniør 2år",True
EDU_udd_2015,EDU,udd,2015,Kystskipper,Kystskipper,,,Coastal skipper [current education],,,translated,CSV:EDU_udd,medium,danish,,,3204,1531,0.00017,Kystskipper,True
EDU_udd_5969,EDU,udd,5969,"Business, Language and Culture - International Tourism and Leisure Management, kand.2år","Business, Language and Culture - International Tourism and Leisure Management, kand.2år",,,"Business, Language and Culture - International Tourism and Leisure Management, kand.2yr [current education]",,,translated,CSV:EDU_udd,medium,danish,,,1014,505,5.6e-05,"Business, Language and Culture - International Tourism and Leisure Management, kand.2år",True
EDU_udd_5946,EDU,udd,5946,"Engelsk erhvervssprog kombineret una, bach.","Engelsk erhvervssprog kombineret una, bach.",,,"English for Business Purposes combined una, bach. [current education]",,,translated,CSV:EDU_udd,medium,danish,,,1012,506,5.6e-05,"Engelsk erhvervssprog kombineret una, bach.",True
EDU_udd_6806,EDU,udd,6806,"Diakoni, kand.2år","Diakoni, kand.2år",,,"Deaconry, kand.2yr [current education]",,,translated,CSV:EDU_udd,medium,danish,,,390,191,2.1e-05,"Diakoni, kand.2år",True
EDU_udd_8368,EDU,udd,8368,"Engineering (Engineering Physics), civilingeniør 2år","Engineering (Engineering Physics), civilingeniør 2år",,,"Engineering (Engineering Physics), MEng 2yr [current education]",,,translated,CSV:EDU_udd,medium,danish,,,1250,621,6.9e-05,"Engineering (Engineering Physics), civilingeniør 2år",True
EDU_udd_6658,EDU,udd,6658,"Sundhedsteknologi, ing.prof.bach.","Sundhedsteknologi, ing.prof.bach.",,,"Health Technology, ing.prof.bach. [current education]",,,translated,CSV:EDU_udd,medium,danish,,,984,488,5.4e-05,"Sundhedsteknologi, ing.prof.bach.",False
EDU_udd_6721,EDU,udd,6721,"Film- og medievidenskab, kand.2år","Film- og medievidenskab, kand.2år",,,"Film and Media Studies, kand.2yr [current education]",,,manual_level_fix,CSV:EDU_udd,medium,danish,,,630,313,3.5e-05,"Film- og medievidenskab, kand.2år",False
EDU_udd_5737,EDU,udd,5737,"Service management, kand.2år","Service management, kand.2år",,,"Service Management, kand.2yr [current education]",,,translated,CSV:EDU_udd,medium,danish,,,1366,683,7.6e-05,"Service management, kand.2år",True
EDU_udd_6680,EDU,udd,6680,"Designkultur med mode og erhvervsøkonomi, bach.","Designkultur med mode og erhvervsøkonomi, bach.",,,"Design Culture with Fashion and Business Economics, bach. [current education]",,,translated,CSV:EDU_udd,medium,danish,,,2278,1133,0.000125,"Designkultur med mode og erhvervsøkonomi, bach.",True
EDU_udd_5217,EDU,udd,5217,"Wireless communication systems, civilingeniør 2år","Wireless communication systems, civilingeniør 2år",,,"Wireless Communication Systems, civilingeniør 2yr [current education]",,,manual_level_fix,CSV:EDU_udd,medium,danish,,,116,58,6e-06,"Wireless communication systems, civilingeniør 2år",True
EDU_udd_7133,EDU,udd,7133,"Cultural Sociology, kand.2år","Cultural Sociology, kand.2år",,,"Cultural Sociology, kand.2yr [current education]",,,translated,CSV:EDU_udd,medium,danish,,,566,282,3.1e-05,"Cultural Sociology, kand.2år",True
EDU_udd_3034,EDU,udd,3034,"Arabisk- og islamstudier, bach.","Arabisk- og islamstudier, bach.",,,"Arabic and Islamic Studies, bach. [current education]",,,translated,CSV:EDU_udd,medium,danish,,,752,374,4.1e-05,"Arabisk- og islamstudier, bach.",True
EDU_udd_3304,EDU,udd,3304,"Erhvervsøkonomi, bach.","Erhvervsøkonomi, bach.",,,"Business Administration, bach. [current education]",,,translated,CSV:EDU_udd,medium,danish,,,1914,956,0.000106,"Erhvervsøkonomi, bach.",True
EDU_udd_3076,EDU,udd,3076,"Economics and Business administration, kand.2år","Economics and Business administration, kand.2år",,,"Economics and Business Administration, kand.2yr [current education]",,,manual_level_fix,CSV:EDU_udd,medium,danish,,,896,447,5e-05,"Economics and Business administration, kand.2år",True
EDU_udd_2022,EDU,udd,2022,Fiskeskipper af 3. grad,Fiskeskipper af 3. grad,,,Fishing Skipper of 3rd grade,,,translated,CSV:EDU_udd,medium,danish,,,3930,1890,0.000209,Fiskeskipper af 3. grad,True
EDU_udd_7138,EDU,udd,7138,"Optometri og synsvidenskab, kand.2år","Optometri og synsvidenskab, kand.2år",,,"Optometry and Visual Science, kand.2yr [current education]",,,manual_level_fix,CSV:EDU_udd,medium,danish,,,338,169,1.9e-05,"Optometri og synsvidenskab, kand.2år",True
EDU_udd_4601,EDU,udd,4601,Maritime håndværksfag,Maritime håndværksfag,,,Maritime Trades [current education],,,translated,CSV:EDU_udd,medium,danish,,,2598,904,0.0001,Maritime håndværksfag,True
EDU_udd_6245,EDU,udd,6245,"Management Engineering, civilingeniør 2år","Management Engineering, civilingeniør 2år",,,"Management Engineering, civilingeniør 2yr [current education]",,,manual_level_fix,CSV:EDU_udd,medium,danish,,,840,419,4.6e-05,"Management Engineering, civilingeniør 2år",True
EDU_udd_3346,EDU,udd,3346,"Ruslandstudier, bach.","Ruslandstudier, bach.",,,"Russian Studies, bach. [current education]",,,translated,CSV:EDU_udd,medium,danish,,,512,251,2.8e-05,"Ruslandstudier, bach.",True
EDU_udd_7861,EDU,udd,7861,"Music, kand.2år","Music, kand.2år",,,"Music, kand.2yr [current education]",,,manual_level_fix,CSV:EDU_udd,medium,danish,,,1640,799,8.8e-05,"Music, kand.2år",True
EDU_udd_8263,EDU,udd,8263,"Operations and Management Engineering, civilingeniør 2år","Operations and Management Engineering, civilingeniør 2år",,,"Operations and Management Engineering, civilingeniør 2yr [current education]",,,manual_level_fix,CSV:EDU_udd,medium,danish,,,542,270,3e-05,"Operations and Management Engineering, civilingeniør 2år",True
EDU_udd_3089,EDU,udd,3089,"Latin, bach.","Latin, bach.",,,"Latin, bach. [current education]",,,copy-of-da,CSV:EDU_udd,medium,danish,,,402,198,2.2e-05,"Latin, bach.",True
EDU_udd_5426,EDU,udd,5426,"Innovation og entrepreneurship (overbygning), prof.bach.","Innovation og entrepreneurship (overbygning), prof.bach.",,,"Innovation and Entrepreneurship (overlay), prof.bach. [current education]",,,translated,CSV:EDU_udd,medium,danish,,,1232,616,6.8e-05,"Innovation og entrepreneurship (overbygning), prof.bach.",False
EDU_udd_6769,EDU,udd,6769,"Latin, klassisk, kand.2år","Latin, klassisk, kand.2år",,,"Classical Studies, kand.2yr [current education]",,,translated,CSV:EDU_udd,medium,danish,,,60,29,3e-06,"Latin, klassisk, kand.2år",True
EDU_udd_5627,EDU,udd,5627,Energiteknolog,Energiteknolog,,,Energy technologist [current education],,,translated,CSV:EDU_udd,medium,danish,,,1224,609,6.7e-05,Energiteknolog,False
EDU_udd_3483,EDU,udd,3483,"Global Management and Manufacturing, ing.prof.bach.","Global Management and Manufacturing, ing.prof.bach.",,,"Global Management and Manufacturing, ing.prof.bach. [current education]",,,copy-of-da,CSV:EDU_udd,medium,danish,,,1214,603,6.7e-05,"Global Management and Manufacturing, ing.prof.bach.",True
EDU_udd_7686,EDU,udd,7686,"Fysik, bach.","Fysik, bach.",,,"Physics, bach. [current education]",,,translated,CSV:EDU_udd,medium,danish,,,544,270,3e-05,"Fysik, bach.",False
EDU_udd_4043,EDU,udd,4043,Computer Science,Computer Science,,,Computer Science [current education],,,copy-of-da,CSV:EDU_udd,medium,danish,,,2522,1251,0.000139,Computer Science,True
EDU_udd_5686,EDU,udd,5686,"Fremmedsprog og digital markedskommunikation, prof.bach.","Fremmedsprog og digital markedskommunikation, prof.bach.",,,"Foreign Languages and Digital Marketing Communication, prof.bach. [current education]",,,translated,CSV:EDU_udd,medium,danish,,,2090,1029,0.000114,"Fremmedsprog og digital markedskommunikation, prof.bach.",True
EDU_udd_5974,EDU,udd,5974,"Internat. virksomhedskommunik., engelsk-tysk, bach.","Internat. virksomhedskommunik., engelsk-tysk, bach.",,,"International Business Communication, English-German, bach. [current education]",,,translated,CSV:EDU_udd,medium,danish,,,556,276,3.1e-05,"Internat. virksomhedskommunik., engelsk-tysk, bach.",True
EDU_udd_3190,EDU,udd,3190,"International Public Administration and Politics, kand.2år","International Public Administration and Politics, kand.2år",,,"International Public Administration and Politics, kand.2yr [current education]",,,translated,CSV:EDU_udd,medium,danish,,,344,172,1.9e-05,"International Public Administration and Politics, kand.2år",True
EDU_udd_825,EDU,udd,825,Beklædningsdesigner-modelkonstruktør (privat udd.),Beklædningsdesigner-modelkonstruktør (privat udd.),,,Fashion Design and Pattern Making (private prog.) [current education],,,translated,CSV:EDU_udd,medium,danish,,,2264,1098,0.000122,Beklædningsdesigner-modelkonstruktør (privat udd.),True
EDU_udd_7915,EDU,udd,7915,"Product Development and Innovation, ing.bach.","Product Development and Innovation, ing.bach.",,,"Product Development and Innovation, ing.bach. [current education]",,,copy-of-da,CSV:EDU_udd,medium,danish,,,1050,519,5.7e-05,"Product Development and Innovation, ing.bach.",True
EDU_udd_5717,EDU,udd,5717,"Erhvervsøkonomi og psykologi, kand.2år","Erhvervsøkonomi og psykologi, kand.2år",,,"Business Economics and Psychology, kand.2yr [current education]",,,translated,CSV:EDU_udd,medium,danish,,,2408,1199,0.000133,"Erhvervsøkonomi og psykologi, kand.2år",True
EDU_udd_7739,EDU,udd,7739,"Techno-Anthropology, kand.2år","Techno-Anthropology, kand.2år",,,"Techno-Anthropology, kand.2yr [current education]",,,translated,CSV:EDU_udd,medium,danish,,,958,474,5.2e-05,"Techno-Anthropology, kand.2år",True
EDU_udd_5256,EDU,udd,5256,"Globale forretningssystemer, ing.prof.bach.","Globale forretningssystemer, ing.prof.bach.",,,"Global Business Systems, ing.prof.bach. [current education]",,,translated,CSV:EDU_udd,medium,danish,,,694,347,3.8e-05,"Globale forretningssystemer, ing.prof.bach.",True
EDU_udd_4801,EDU,udd,4801,"Globale forretningssystemer, ing.bach.","Globale forretningssystemer, ing.bach.",,,"Global business systems, ing.bach. [current education]",,,translated,CSV:EDU_udd,medium,danish,,,1298,643,7.1e-05,"Globale forretningssystemer, ing.bach.",True
EDU_udd_5388,EDU,udd,5388,"Management Engineering, civilingeniør 2år","Management Engineering, civilingeniør 2år",,,"Management Engineering, civilingeniør 2yr [current education]",,,manual_level_fix,CSV:EDU_udd,medium,danish,,,280,139,1.5e-05,"Management Engineering, civilingeniør 2år",False
EDU_udd_5685,EDU,udd,5685,"Økonomi og informationsteknologi, prof.bach.","Økonomi og informationsteknologi, prof.bach.",,,"Economics and Information Technology, prof.bach. [current education]",,,translated,CSV:EDU_udd,medium,danish,,,1212,601,6.7e-05,"Økonomi og informationsteknologi, prof.bach.",False
EDU_udd_7173,EDU,udd,7173,"Kriminologi, kand.2år","Kriminologi, kand.2år",,,"Criminology, kand.2yr [current education]",,,translated,CSV:EDU_udd,medium,danish,,,1132,562,6.2e-05,"Kriminologi, kand.2år",True
EDU_udd_6033,EDU,udd,6033,"Datalogi, kand.2år","Datalogi, kand.2år",,,"Computer Science, kand.2yr [current education]",,,translated,CSV:EDU_udd,medium,danish,,,422,209,2.3e-05,"Datalogi, kand.2år",False
EDU_udd_3097,EDU,udd,3097,"It-produktudvikling, bach.","It-produktudvikling, bach.",,,"IT product development, bach. [current education]",,,translated,CSV:EDU_udd,medium,danish,,,1244,619,6.9e-05,"It-produktudvikling, bach.",True
EDU_udd_3249,EDU,udd,3249,"Public Health, kand.2år","Public Health, kand.2år",,,"Public Health, kand.2yr [current education]",,,translated,CSV:EDU_udd,medium,danish,,,1392,694,7.7e-05,"Public Health, kand.2år",True
EDU_udd_7184,EDU,udd,7184,"Sundhed og informatik, bach.","Sundhed og informatik, bach.",,,"Health Informatics, bach. [current education]",,,translated,CSV:EDU_udd,medium,danish,,,1360,675,7.5e-05,"Sundhed og informatik, bach.",True
EDU_udd_5648,EDU,udd,5648,"Webudvikling (overbygning), prof.bach.","Webudvikling (overbygning), prof.bach.",,,"Web Development (overlay), prof.bach. [current education]",,,translated,CSV:EDU_udd,medium,danish,,,2506,1240,0.000137,"Webudvikling (overbygning), prof.bach.",False
EDU_udd_7905,EDU,udd,7905,"Manufacturing and operations engineering, ing.bach.","Manufacturing and operations engineering, ing.bach.",,,"Manufacturing and operations engineering, ing.bach. [current education]",,,copy-of-da,CSV:EDU_udd,medium,danish,,,330,165,1.8e-05,"Manufacturing and operations engineering, ing.bach.",True
EDU_udd_7984,EDU,udd,7984,"Maskinteknologi, ing.prof.bach.","Maskinteknologi, ing.prof.bach.",,,"Mechanical Engineering, ing.prof.bach. [current education]",,,translated,CSV:EDU_udd,medium,danish,,,440,217,2.4e-05,"Maskinteknologi, ing.prof.bach.",True
EDU_udd_811,EDU,udd,811,Bevægelsespædagog (privat udd.),Bevægelsespædagog (privat udd.),,,Physical Education Teacher (private prog.) [current education],,,translated,CSV:EDU_udd,medium,danish,,,284,141,1.6e-05,Bevægelsespædagog (privat udd.),True
EDU_udd_3078,EDU,udd,3078,"Advanced Economics and Finance, kand.2år","Advanced Economics and Finance, kand.2år",,,"Advanced Economics and Finance, kand.2yr [current education]",,,manual_level_fix,CSV:EDU_udd,medium,danish,,,1084,540,6e-05,"Advanced Economics and Finance, kand.2år",True
EDU_udd_5478,EDU,udd,5478,"Laboratorie- og fødevareteknologi (overbygning), prof.bach.","Laboratorie- og fødevareteknologi (overbygning), prof.bach.",,,"Laboratory and Food Technology (overlay prog.), prof.bach. [current education]",,,translated,CSV:EDU_udd,medium,danish,,,530,257,2.8e-05,"Laboratorie- og fødevareteknologi (overbygning), prof.bach.",True
EDU_udd_3025,EDU,udd,3025,"Business, Asian Language and Culture, bach.","Business, Asian Language and Culture, bach.",,,"Business, Asian Language and Culture, bach. [current education]",,,copy-of-da,CSV:EDU_udd,medium,danish,,,1766,750,8.3e-05,"Business, Asian Language and Culture, bach.",True
EDU_udd_8020,EDU,udd,8020,"Mathematical Modelling and Computation, civilingeniør 2år","Mathematical Modelling and Computation, civilingeniør 2år",,,"Mathematical Modelling and Computation, civilingeniør 2yr [current education]",,,manual_level_fix,CSV:EDU_udd,medium,danish,,,2732,1357,0.00015,"Mathematical Modelling and Computation, civilingeniør 2år",True
EDU_udd_6660,EDU,udd,6660,"Elektroteknologi, ing.bach.","Elektroteknologi, ing.bach.",,,"Electrical Engineering, ing.bach. [current education]",,,translated,CSV:EDU_udd,medium,danish,,,1800,893,9.9e-05,"Elektroteknologi, ing.bach.",True
EDU_udd_3122,EDU,udd,3122,"Produktion og konstruktion, ing.bach.","Produktion og konstruktion, ing.bach.",,,"Production and Construction, ing.bach. [current education]",,,translated,CSV:EDU_udd,medium,danish,,,1924,954,0.000106,"Produktion og konstruktion, ing.bach.",True
EDU_udd_3148,EDU,udd,3148,"Æstetik og kultur, bach.","Æstetik og kultur, bach.",,,"Aesthetics and Culture, bach. [current education]",,,translated,CSV:EDU_udd,medium,danish,,,1164,582,6.4e-05,"Æstetik og kultur, bach.",True
EDU_udd_3441,EDU,udd,3441,"Folkesundhedsvidenskab, bach.","Folkesundhedsvidenskab, bach.",,,"Public health science, bach. [current education]",,,translated,CSV:EDU_udd,medium,danish,,,1156,570,6.3e-05,"Folkesundhedsvidenskab, bach.",False
EDU_udd_7577,EDU,udd,7577,"Political Science, kand.2år","Political Science, kand.2år",,,"Political Science, kand.2yr [current education]",,,manual_level_fix,CSV:EDU_udd,medium,danish,,,146,71,8e-06,"Political Science, kand.2år",False
EDU_udd_8306,EDU,udd,8306,"Sustainable Energy Engineering, civilingeniør 2år","Sustainable Energy Engineering, civilingeniør 2år",,,"Sustainable Energy Engineering, MEng [current education]",,,translated,CSV:EDU_udd,medium,danish,,,3052,1522,0.000169,"Sustainable Energy Engineering, civilingeniør 2år",True
EDU_udd_6700,EDU,udd,6700,"Oplevelsesøkonomi, kand.2år","Oplevelsesøkonomi, kand.2år",,,"Experience Economy, kand.2yr [current education]",,,translated,CSV:EDU_udd,medium,danish,,,1416,706,7.8e-05,"Oplevelsesøkonomi, kand.2år",True
EDU_udd_6042,EDU,udd,6042,"Historie, kand.2år","Historie, kand.2år",,,"History, kand.2yr [current education]",,,translated,CSV:EDU_udd,medium,danish,,,232,112,1.2e-05,"Historie, kand.2år",False
EDU_udd_5420,EDU,udd,5420,"Environmental and Natural Resource Economics, kand.2år","Environmental and Natural Resource Economics, kand.2år",,,"Environmental and Natural Resource Economics, kand.2yr [current education]",,,translated,CSV:EDU_udd,medium,danish,,,954,475,5.3e-05,"Environmental and Natural Resource Economics, kand.2år",True
EDU_udd_5938,EDU,udd,5938,"Internat. virksomhedskommunik., engelsk - kommunikation, bach.","Internat. virksomhedskommunik., engelsk - kommunikation, bach.",,,"Int. Business Communication, English - Communication, bach. [current education]",,,translated,CSV:EDU_udd,medium,danish,,,1304,650,7.2e-05,"Internat. virksomhedskommunik., engelsk - kommunikation, bach.",True
EDU_udd_5267,EDU,udd,5267,"Informations- og kommunikationsteknologi, ing.prof.bach.","Informations- og kommunikationsteknologi, ing.prof.bach.",,,"Information and Communication Technology, ing.prof.bach. [current education]",,,translated,CSV:EDU_udd,medium,danish,,,858,427,4.7e-05,"Informations- og kommunikationsteknologi, ing.prof.bach.",True
EDU_udd_6431,EDU,udd,6431,"Middelalder- og renæssancearkæologi, kand.2år","Middelalder- og renæssancearkæologi, kand.2år",,,"Medieval and Renaissance Archaeology, kand.2yr [current education]",,,translated,CSV:EDU_udd,medium,danish,,,470,232,2.6e-05,"Middelalder- og renæssancearkæologi, kand.2år",True
EDU_udd_8367,EDU,udd,8367,"Materials and Manufacturing Engineering, civilingeniør 2år","Materials and Manufacturing Engineering, civilingeniør 2år",,,"Materials and Manufacturing Engineering, MEng [current education]",,,translated,CSV:EDU_udd,medium,danish,,,1066,530,5.9e-05,"Materials and Manufacturing Engineering, civilingeniør 2år",True
EDU_udd_8315,EDU,udd,8315,"Sustainable Design, civilingeniør 2år","Sustainable Design, civilingeniør 2år",,,"Sustainable Design, MEng [current education]",,,translated,CSV:EDU_udd,medium,danish,,,758,378,4.2e-05,"Sustainable Design, civilingeniør 2år",True
EDU_udd_7539,EDU,udd,7539,"Uddannelsesvidenskab, bach.","Uddannelsesvidenskab, bach.",,,"Educational science, bach. [current education]",,,translated,CSV:EDU_udd,medium,danish,,,3102,1547,0.000171,"Uddannelsesvidenskab, bach.",True
EDU_udd_8375,EDU,udd,8375,"Engineering, Innovation and Business, civilingeniør 2år","Engineering, Innovation and Business, civilingeniør 2år",,,"Engineering, Innovation and Business, MEng [current education]",,,translated,CSV:EDU_udd,medium,danish,,,382,190,2.1e-05,"Engineering, Innovation and Business, civilingeniør 2år",True
EDU_udd_5512,EDU,udd,5512,"Bachelor of International Hospitality Management (overbygning), prof.bach.","Bachelor of International Hospitality Management (overbygning), prof.bach.",,,"Bachelor of International Hospitality Management (overlay), prof.bach. [current education]",,,translated,CSV:EDU_udd,medium,danish,,,1328,660,7.3e-05,"Bachelor of International Hospitality Management (overbygning), prof.bach.",True
EDU_udd_3424,EDU,udd,3424,"International virksomhedskommunikation, engelsk, bach.","International virksomhedskommunikation, engelsk, bach.",,,"International business communication, English, bach. [current education]",,,translated,CSV:EDU_udd,medium,danish,,,2432,1207,0.000134,"International virksomhedskommunikation, engelsk, bach.",True
EDU_udd_7692,EDU,udd,7692,"Landinspektørvidenskab, bach.","Landinspektørvidenskab, bach.",,,"Land Surveying Science, bach. [current education]",,,translated,CSV:EDU_udd,medium,danish,,,718,358,4e-05,"Landinspektørvidenskab, bach.",False
EDU_udd_6145,EDU,udd,6145,"Kommunikation, kombination (RUC)","Kommunikation, kombination (RUC)",,,"Communication, combination (RUC) [current education]",,,translated,CSV:EDU_udd,medium,danish,,,186,92,1e-05,"Kommunikation, kombination (RUC)",True
EDU_udd_3307,EDU,udd,3307,"Interkulturelle markedsstudier, kand.2år","Interkulturelle markedsstudier, kand.2år",,,"International Marketing Studies, kand.2yr [current education]",,,manual_level_fix,CSV:EDU_udd,medium,danish,,,546,273,3e-05,"Interkulturelle markedsstudier, kand.2år",True
EDU_udd_7500,EDU,udd,7500,"Nanoscience, kand.2år","Nanoscience, kand.2år",,,"Nanoscience, kand.2yr [current education]",,,translated,CSV:EDU_udd,medium,danish,,,922,458,5.1e-05,"Nanoscience, kand.2år",True
EDU_udd_3156,EDU,udd,3156,"Product Development and Innovation, civilingeniør 2år","Product Development and Innovation, civilingeniør 2år",,,"Product Development and Innovation, MEng [current education]",,,translated,CSV:EDU_udd,medium,danish,,,1040,518,5.7e-05,"Product Development and Innovation, civilingeniør 2år",True
EDU_udd_3367,EDU,udd,3367,"Klimatilpasning, AO","Klimatilpasning, AO",,,"Climate adaptation, AO [current education]",,,translated,CSV:EDU_udd,medium,danish,,,98,49,5e-06,"Klimatilpasning, AO",True
EDU_udd_800,EDU,udd,800,Forfatteruddannelsen (privat udd.),Forfatteruddannelsen (privat udd.),,,Author training (private education) [current education],,,translated,CSV:EDU_udd,medium,danish,,,294,147,1.6e-05,Forfatteruddannelsen (privat udd.),True
EDU_udd_7584,EDU,udd,7584,"Physics, kand.2år","Physics, kand.2år",,,"Physics, kand.2yr [current education]",,,manual_level_fix,CSV:EDU_udd,medium,danish,,,940,465,5.2e-05,"Physics, kand.2år",False
EDU_udd_6681,EDU,udd,6681,"Art and technology, bach.","Art and technology, bach.",,,"Art and technology, bach. [current education]",,,copy-of-da,CSV:EDU_udd,medium,danish,,,798,396,4.4e-05,"Art and technology, bach.",True
EDU_udd_7741,EDU,udd,7741,"Economics and Business Administration, bach.","Economics and Business Administration, bach.",,,"Economics and Business Administration, bach. [current education]",,,copy-of-da,CSV:EDU_udd,medium,danish,,,998,498,5.5e-05,"Economics and Business Administration, bach.",False
EDU_udd_3416,EDU,udd,3416,"HA almen erhvervsøkonomi, bach.","HA almen erhvervsøkonomi, bach.",,,"HA General Business Economics, Bach. [current education]",,,translated,CSV:EDU_udd,medium,danish,,,2404,1193,0.000132,"HA almen erhvervsøkonomi, bach.",False
EDU_udd_4786,EDU,udd,4786,"Produktion og udvikling, individuel eud","Produktion og udvikling, individuel eud",,,"Production and development, individual eud [current education]",,,translated,CSV:EDU_udd,medium,danish,,,526,232,2.6e-05,"Produktion og udvikling, individuel eud",True
EDU_udd_5432,EDU,udd,5432,Klinisk tandtekniker,Klinisk tandtekniker,,,Clinical dental technology [current education],,,translated,CSV:EDU_udd,medium,danish,,,920,458,5.1e-05,Klinisk tandtekniker,True
EDU_udd_8302,EDU,udd,8302,"Transport and Logistics, civilingeniør 2år","Transport and Logistics, civilingeniør 2år",,,"Transport and Logistics, MEng [current education]",,,translated,CSV:EDU_udd,medium,danish,,,676,338,3.7e-05,"Transport and Logistics, civilingeniør 2år",True
EDU_udd_4483,EDU,udd,4483,Urmager,Urmager,,,Watchmaker [current education],,,translated,CSV:EDU_udd,medium,danish,,,2932,1169,0.000129,Urmager,True
EDU_udd_7406,EDU,udd,7406,"Kunsthistorie, bach.","Kunsthistorie, bach.",,,"Art history, bach. [current education]",,,translated,CSV:EDU_udd,medium,danish,,,1356,671,7.4e-05,"Kunsthistorie, bach.",False
EDU_udd_3408,EDU,udd,3408,"Maskinteknik, ing.prof.bach.","Maskinteknik, ing.prof.bach.",,,"Mechanical engineering, ing.prof.bach. [current education]",,,translated,CSV:EDU_udd,medium,danish,,,1238,615,6.8e-05,"Maskinteknik, ing.prof.bach.",False
EDU_udd_7737,EDU,udd,7737,"Surveying, Planning and Land Management, kand.2år","Surveying, Planning and Land Management, kand.2år",,,"Surveying, Planning and Land Management, kand.2yr [current education]",,,manual_level_fix,CSV:EDU_udd,medium,danish,,,384,189,2.1e-05,"Surveying, Planning and Land Management, kand.2år",False
EDU_udd_6115,EDU,udd,6115,"Tek-Sam - miljøplanlægning, kand.2år","Tek-Sam - miljøplanlægning, kand.2år",,,"Tech-Sam - environmental planning, kand.2yr [current education]",,,manual_level_fix,CSV:EDU_udd,medium,danish,,,4572,2225,0.000246,"Tek-Sam - miljøplanlægning, kand.2år",True
EDU_udd_3473,EDU,udd,3473,"Religion studier/Religionsvidenskab, kand.2år","Religion studier/Religionsvidenskab, kand.2år",,,"Religious Studies/Religious Science, kand.2yr [current education]",,,translated,CSV:EDU_udd,medium,danish,,,288,144,1.6e-05,"Religion studier/Religionsvidenskab, kand.2år",False
EDU_udd_6083,EDU,udd,6083,"Datalogi-økonomi, bach.","Datalogi-økonomi, bach.",,,"Computer science-economics, bach. [current education]",,,translated,CSV:EDU_udd,medium,danish,,,952,476,5.3e-05,"Datalogi-økonomi, bach.",True
EDU_udd_7729,EDU,udd,7729,"Samfundsfag, kand.2år","Samfundsfag, kand.2år",,,"Social sciences, kand.2yr [current education]",,,manual_level_fix,CSV:EDU_udd,medium,danish,,,294,144,1.6e-05,"Samfundsfag, kand.2år",False
EDU_udd_7576,EDU,udd,7576,"Statskundskab, kand.2år","Statskundskab, kand.2år",,,"Political Science, kand.2yr [current education]",,,translated,CSV:EDU_udd,medium,danish,,,4280,2125,0.000235,"Statskundskab, kand.2år",False
EDU_udd_5548,EDU,udd,5548,Logistikøkonom,Logistikøkonom,,,Logistics Economics [current education],,,translated,CSV:EDU_udd,medium,danish,,,2808,1393,0.000154,Logistikøkonom,False
EDU_udd_5345,EDU,udd,5345,"Arktisk byggeri og infrastruktur, ing.prof.bach.","Arktisk byggeri og infrastruktur, ing.prof.bach.",,,"Arctic construction and infrastructure, ing.prof.bach. [current education]",,,translated,CSV:EDU_udd,medium,danish,,,696,341,3.8e-05,"Arktisk byggeri og infrastruktur, ing.prof.bach.",True
EDU_udd_3816,EDU,udd,3816,"Social Sciences, bach. (RUC)","Social Sciences, bach. (RUC)",,,"Social Sciences, bach. (RUC) [current education]",,,copy-of-da,CSV:EDU_udd,medium,danish,,,2110,1034,0.000115,"Social Sciences, bach. (RUC)",True
EDU_udd_3062,EDU,udd,3062,"Audiologi, bach.","Audiologi, bach.",,,"Audiology, bach. [current education]",,,translated,CSV:EDU_udd,medium,danish,,,652,322,3.6e-05,"Audiologi, bach.",True
EDU_udd_6300,EDU,udd,6300,"Forhistorisk arkæologi, kand.","Forhistorisk arkæologi, kand.",,,"Prehistoric Archaeology, kand. [current education]",,,translated,CSV:EDU_udd,medium,danish,,,2636,1027,0.000114,"Forhistorisk arkæologi, kand.",True
EDU_udd_7150,EDU,udd,7150,"Psykologi, kand.","Psykologi, kand.",,,"Psychology, kand. [current education]",,,translated,CSV:EDU_udd,medium,danish,,,16356,7739,0.000857,"Psykologi, kand.",True
EDU_udd_6308,EDU,udd,6308,"Filosofi, kand.","Filosofi, kand.",,,"Philosophy, kand. [current education]",,,translated,CSV:EDU_udd,medium,danish,,,5080,1997,0.000221,"Filosofi, kand.",True
EDU_udd_5148,EDU,udd,5148,Sygehjælper,Sygehjælper,,,Healthcare Assistant [current education],,,translated,CSV:EDU_udd,medium,danish,,,77458,38393,0.004252,Sygehjælper,True
EDU_udd_5146,EDU,udd,5146,Plejer,Plejer,,,Carer [current education],,,translated,CSV:EDU_udd,medium,danish,,,8108,4031,0.000446,Plejer,True
EDU_udd_5447,EDU,udd,5447,Fritidspædagog,Fritidspædagog,,,Leisure Activities Educator [current education],,,translated,CSV:EDU_udd,medium,danish,,,26580,12895,0.001428,Fritidspædagog,True
EDU_udd_5740,EDU,udd,5740,"Pædagogik, kand.2år (DPU)","Pædagogik, kand.2år (DPU)",,,"Education, kand.2yr (DPU) [current education]",,,translated,CSV:EDU_udd,medium,danish,,,6374,2988,0.000331,"Pædagogik, kand.2år (DPU)",True
EDU_udd_5149,EDU,udd,5149,Plejehjemsassistent,Plejehjemsassistent,,,Nursing-home assistant [current education],,,translated,CSV:EDU_udd,medium,danish,,,10716,5289,0.000586,Plejehjemsassistent,True
EDU_udd_4082,EDU,udd,4082,Maskinmester (gl.ordning),Maskinmester (gl.ordning),,,Marine engineer (old scheme) [current education],,,translated,CSV:EDU_udd,medium,danish,,,13374,6453,0.000715,Maskinmester (gl.ordning),True
EDU_udd_5742,EDU,udd,5742,"Pædagogik faglig , kand.2år (DPU)","Pædagogik faglig , kand.2år (DPU)",,,"Subject Teacher Education, kand.2yr (DPU) [current education]",,,translated,CSV:EDU_udd,medium,danish,,,4890,2416,0.000268,"Pædagogik faglig , kand.2år (DPU)",True
EDU_udd_5145,EDU,udd,5145,Beskæftigelsesvejleder,Beskæftigelsesvejleder,,,Employment Advisor [current education],,,translated,CSV:EDU_udd,medium,danish,,,8632,4312,0.000478,Beskæftigelsesvejleder,True
EDU_udd_5300,EDU,udd,5300,"Bygning, teknikumingeniør","Bygning, teknikumingeniør",,,"Building, Engineering Technician [current education]",,,translated,CSV:EDU_udd,medium,danish,,,4012,1970,0.000218,"Bygning, teknikumingeniør",True
EDU_udd_5445,EDU,udd,5445,Børnehavepædagog,Børnehavepædagog,,,Kindergarten Teacher [current education],,,translated,CSV:EDU_udd,medium,danish,,,68146,32797,0.003633,Børnehavepædagog,True
EDU_udd_2461,EDU,udd,2461,"Driftlederkursus, udvidet 5 mdr.","Driftlederkursus, udvidet 5 mdr.",,,"Management Course, extended 5 mo.",,,translated,CSV:EDU_udd,medium,danish,,,14654,7302,0.000809,"Driftlederkursus, udvidet 5 mdr.",True
EDU_udd_6323,EDU,udd,6323,"Klassisk filologi, kand.","Klassisk filologi, kand.",,,"Classical Philology, kand. [current education]",,,translated,CSV:EDU_udd,medium,danish,,,1972,851,9.4e-05,"Klassisk filologi, kand.",True
EDU_udd_5741,EDU,udd,5741,"Psykologi-pædagogik, kand.2år (DPU)","Psykologi-pædagogik, kand.2år (DPU)",,,"Psychology-education, kand.2yr (DPU) [current education]",,,translated,CSV:EDU_udd,medium,danish,,,8528,4151,0.00046,"Psykologi-pædagogik, kand.2år (DPU)",True
EDU_udd_5115,EDU,udd,5115,"Socialpædagog, videreuddannelse","Socialpædagog, videreuddannelse",,,"Social pedagogy, further education [current education]",,,translated,CSV:EDU_udd,medium,danish,,,4882,2441,0.00027,"Socialpædagog, videreuddannelse",True
EDU_udd_5128,EDU,udd,5128,"Socialrådgiver, årskursus","Socialrådgiver, årskursus",,,"Social counselor, year course [current education]",,,translated,CSV:EDU_udd,medium,danish,,,2116,1058,0.000117,"Socialrådgiver, årskursus",True
EDU_udd_6346,EDU,udd,6346,"Tysk, kand.","Tysk, kand.",,,"German, kand. [current education]",,,translated,CSV:EDU_udd,medium,danish,,,7352,3205,0.000355,"Tysk, kand.",True
EDU_udd_4002,EDU,udd,4002,"Handelseksamen, sproglig linie","Handelseksamen, sproglig linie",,,"Commercial examination, language line",,,translated,CSV:EDU_udd,medium,danish,,,8158,4067,0.00045,"Handelseksamen, sproglig linie",True
EDU_udd_6332,EDU,udd,6332,"Nærorientalsk oldtidskultur, kand.","Nærorientalsk oldtidskultur, kand.",,,"Near Eastern ancient culture, kand. [current education]",,,translated,CSV:EDU_udd,medium,danish,,,374,158,1.7e-05,"Nærorientalsk oldtidskultur, kand.",True
EDU_udd_5400,EDU,udd,5400,"Landbrugsvidenskab, kand.","Landbrugsvidenskab, kand.",,,"Agricultural science, kand. [current education]",,,translated,CSV:EDU_udd,medium,danish,,,7344,3561,0.000394,"Landbrugsvidenskab, kand.",True
EDU_udd_5811,EDU,udd,5811,"Billedkunst, grund- og normaluddannelse","Billedkunst, grund- og normaluddannelse",,,"Fine arts, basic and standard education [current education]",,,translated,CSV:EDU_udd,medium,danish,,,436,216,2.4e-05,"Billedkunst, grund- og normaluddannelse",True
EDU_udd_5305,EDU,udd,5305,"Elektroteknik, teknikumingeniør","Elektroteknik, teknikumingeniør",,,"Electrical engineering, technical college engineer [current education]",,,translated,CSV:EDU_udd,medium,danish,,,3892,1927,0.000213,"Elektroteknik, teknikumingeniør",True
EDU_udd_5743,EDU,udd,5743,"Humanistisk pædagogik, kand.2år (DPU)","Humanistisk pædagogik, kand.2år (DPU)",,,"Humanities education, kand.2yr (DPU) [current education]",,,translated,CSV:EDU_udd,medium,danish,,,4728,2274,0.000252,"Humanistisk pædagogik, kand.2år (DPU)",True
EDU_udd_6312,EDU,udd,6312,"Fransk, kand.","Fransk, kand.",,,"French, kand. [current education]",,,translated,CSV:EDU_udd,medium,danish,,,11070,4099,0.000454,"Fransk, kand.",True
EDU_udd_5604,EDU,udd,5604,Diplomklasse (musik),Diplomklasse (musik),,,Diploma class (music) [current education],,,translated,CSV:EDU_udd,medium,danish,,,1554,776,8.6e-05,Diplomklasse (musik),True
EDU_udd_6325,EDU,udd,6325,"Sprogvidenskab, kand.","Sprogvidenskab, kand.",,,"Linguistics, kand. [current education]",,,translated,CSV:EDU_udd,medium,danish,,,912,395,4.4e-05,"Sprogvidenskab, kand.",True
EDU_udd_5507,EDU,udd,5507,Erhvervssprogligt grundstudium i tysk,Erhvervssprogligt grundstudium i tysk,,,Vocational language basic study in German [current education],,,translated,CSV:EDU_udd,medium,danish,,,9966,4928,0.000546,Erhvervssprogligt grundstudium i tysk,True
EDU_udd_7360,EDU,udd,7360,"Kultursociologi, kand.","Kultursociologi, kand.",,,"Cultural sociology, kand. [current education]",,,translated,CSV:EDU_udd,medium,danish,,,1782,791,8.8e-05,"Kultursociologi, kand.",True
EDU_udd_6306,EDU,udd,6306,"Etnografi og antropologi, kand.","Etnografi og antropologi, kand.",,,"Ethnography and anthropology, kand. [current education]",,,translated,CSV:EDU_udd,medium,danish,,,3384,1403,0.000155,"Etnografi og antropologi, kand.",True
EDU_udd_5496,EDU,udd,5496,"Erhvervssproglig begynderprøve, spansk","Erhvervssproglig begynderprøve, spansk",,,"Vocational language beginner's exam, Spanish [current education]",,,translated,CSV:EDU_udd,medium,danish,,,1744,850,9.4e-05,"Erhvervssproglig begynderprøve, spansk",True
EDU_udd_5760,EDU,udd,5760,"Officer A-linien, søværnet","Officer A-linien, søværnet",,,"Officer A-line, navy [current education]",,,translated,CSV:EDU_udd,medium,danish,,,484,239,2.6e-05,"Officer A-linien, søværnet",True
EDU_udd_5205,EDU,udd,5205,Toldbetjent,Toldbetjent,,,Customs officer [current education],,,translated,CSV:EDU_udd,medium,danish,,,754,370,4.1e-05,Toldbetjent,True
EDU_udd_5571,EDU,udd,5571,"Engelsk, cand.interpret.","Engelsk, cand.interpret.",,,"English, cand.interpret. [current education]",,,translated,CSV:EDU_udd,medium,danish,,,1662,802,8.9e-05,"Engelsk, cand.interpret.",True
EDU_udd_5501,EDU,udd,5501,Erhvervssprogligt grundstudium i engelsk,Erhvervssprogligt grundstudium i engelsk,,,Vocational language foundation program in English [current education],,,translated,CSV:EDU_udd,medium,danish,,,26990,13056,0.001446,Erhvervssprogligt grundstudium i engelsk,True
EDU_udd_4030,EDU,udd,4030,"Laboratorie-, kemo- og miljøtekniker","Laboratorie-, kemo- og miljøtekniker",,,"Laboratory, chemical and environmental technician [current education]",,,translated,CSV:EDU_udd,medium,danish,,,9440,4578,0.000507,"Labratorie-, kemo- og miljøtekniker",True
EDU_udd_5185,EDU,udd,5185,Radiotelegrafist,Radiotelegrafist,,,Radio telegraphist [current education],,,translated,CSV:EDU_udd,medium,danish,,,2116,1033,0.000114,Radiotelegrafist,True
EDU_udd_7012,EDU,udd,7012,"Socialvidenskab, kand.","Socialvidenskab, kand.",,,"Social sciences, kand. [current education]",,,translated,CSV:EDU_udd,medium,danish,,,1196,578,6.4e-05,"Socialvidenskab, kand.",True
EDU_udd_5755,EDU,udd,5755,"Officer B-linien, hæren","Officer B-linien, hæren",,,"Officer B-line, army [current education]",,,translated,CSV:EDU_udd,medium,danish,,,1416,706,7.8e-05,"Officer B-linien, hæren",True
EDU_udd_8255,EDU,udd,8255,"Legemsøvelser, faglærer","Legemsøvelser, faglærer",,,Physical education teacher [current education],,,translated,CSV:EDU_udd,medium,danish,,,530,264,2.9e-05,"Legemsøvelser, faglærer",True
EDU_udd_4083,EDU,udd,4083,"Maskinmester, udvidet","Maskinmester, udvidet",,,"Marine engineer, extended",,,translated,CSV:EDU_udd,medium,danish,,,9672,4637,0.000514,"Maskinmester, udvidet",True
EDU_udd_4268,EDU,udd,4268,Modelsnedker,Modelsnedker,,,Pattern maker [current education],,,translated,CSV:EDU_udd,medium,danish,,,594,264,2.9e-05,Modelsnedker,True
EDU_udd_5611,EDU,udd,5611,"Solist musisk, instrumental/vokal","Solist musisk, instrumental/vokal",,,"Solo musician, instrumental/vocal [current education]",,,translated,CSV:EDU_udd,medium,danish,,,2116,1043,0.000116,"Solist musisk, instrumental/vokal",True
EDU_udd_5607,EDU,udd,5607,Musikpædagog,Musikpædagog,,,Music pedagogue [current education],,,translated,CSV:EDU_udd,medium,danish,,,1580,776,8.6e-05,Musikpædagog,True
EDU_udd_5609,EDU,udd,5609,Musikpædagog almen,Musikpædagog almen,,,General music pedagogue [current education],,,translated,CSV:EDU_udd,medium,danish,,,864,418,4.6e-05,Musikpædagog almen,True
EDU_udd_6337,EDU,udd,6337,"Religionshistorie, kand.","Religionshistorie, kand.",,,"History of religion, kand. [current education]",,,translated,CSV:EDU_udd,medium,danish,,,3178,1305,0.000145,"Religionshistorie, kand.",True
EDU_udd_5171,EDU,udd,5171,"Sundheds- og sygeplejerske, videreuddannelse","Sundheds- og sygeplejerske, videreuddannelse",,,"Health and nursing, further education [current education]",,,translated,CSV:EDU_udd,medium,danish,,,1220,600,6.6e-05,"Sundheds- og sygeplejerske, videreuddannelse",True
EDU_udd_4001,EDU,udd,4001,"Handelseksamen, almen linie","Handelseksamen, almen linie",,,"Commerce exam, general line [current education]",,,translated,CSV:EDU_udd,medium,danish,,,84598,42213,0.004675,"Handelseksamen, almen linie",True
EDU_udd_6335,EDU,udd,6335,"Pædagogik, kand.","Pædagogik, kand.",,,"Pedagogy, kand. [current education]",,,translated,CSV:EDU_udd,medium,danish,,,1788,750,8.3e-05,"Pædagogik, kand.",True
EDU_udd_8250,EDU,udd,8250,"Legemsøvelser, kand.","Legemsøvelser, kand.",,,"Physical exercises, kand. [current education]",,,translated,CSV:EDU_udd,medium,danish,,,2348,1138,0.000126,"Legemsøvelser, kand.",True
EDU_udd_6309,EDU,udd,6309,"Medievidenskab, kand.","Medievidenskab, kand.",,,"Media studies, kand. [current education]",,,translated,CSV:EDU_udd,medium,danish,,,3922,1646,0.000182,"Medievidenskab, kand.",True
EDU_udd_6320,EDU,udd,6320,"Italiensk, kand.","Italiensk, kand.",,,"Italian, kand. [current education]",,,translated,CSV:EDU_udd,medium,danish,,,1794,732,8.1e-05,"Italiensk, kand.",True
EDU_udd_6307,EDU,udd,6307,"Etnologi europæisk, kand.","Etnologi europæisk, kand.",,,"Ethnology European, kand. [current education]",,,translated,CSV:EDU_udd,medium,danish,,,1116,444,4.9e-05,"Etnologi europæisk, kand.",True
EDU_udd_5608,EDU,udd,5608,"Musikledelse, musikpædagog","Musikledelse, musikpædagog",,,"Music leadership, music pedagogue [current education]",,,translated,CSV:EDU_udd,medium,danish,,,176,86,1e-05,"Musikledelse, musikpædagog",True
EDU_udd_6419,EDU,udd,6419,"Idehistorie, kand.2år","Idehistorie, kand.2år",,,"Intellectual history, kand.2yr [current education]",,,translated,CSV:EDU_udd,medium,danish,,,1038,512,5.7e-05,"Idehistorie, kand.2år",True
EDU_udd_5411,EDU,udd,5411,"Skovbrugsvidenskab, kand.","Skovbrugsvidenskab, kand.",,,"Forestry science, kand. [current education]",,,translated,CSV:EDU_udd,medium,danish,,,1056,517,5.7e-05,"Skovbrugsvidenskab, kand.",True
EDU_udd_5506,EDU,udd,5506,Erhvervssprogligt grundstudium i spansk,Erhvervssprogligt grundstudium i spansk,,,Vocational language basic study in Spanish [current education],,,translated,CSV:EDU_udd,medium,danish,,,2698,1337,0.000148,Erhvervssprogligt grundstudium i spansk,True
EDU_udd_6342,EDU,udd,6342,"Slavisk sprog og kultur, kand.","Slavisk sprog og kultur, kand.",,,"Slavic language and culture, kand. [current education]",,,translated,CSV:EDU_udd,medium,danish,,,3434,1275,0.000141,"Slavisk sprog og kultur, kand.",True
EDU_udd_5498,EDU,udd,5498,Tresproglig korrespondent,Tresproglig korrespondent,,,Trilingual correspondent [current education],,,translated,CSV:EDU_udd,medium,danish,,,2200,1100,0.000122,Tresproglig korrespondent,True
EDU_udd_5116,EDU,udd,5116,Omsorgsassistent ved åndsvageforsorgen,Omsorgsassistent ved åndsvageforsorgen,,,Care assistant in care for the intellectually disabled,,,translated,CSV:EDU_udd,medium,danish,,,3932,1966,0.000218,Omsorgsassistent ved åndsvageforsorgen,True
EDU_udd_5502,EDU,udd,5502,Erhvervssprogligt grundstudium i fransk,Erhvervssprogligt grundstudium i fransk,,,Vocational language foundation program in French [current education],,,translated,CSV:EDU_udd,medium,danish,,,8814,4316,0.000478,Erhvervssprogligt grundstudium i fransk,True
EDU_udd_7130,EDU,udd,7130,"Sociologi, kand.","Sociologi, kand.",,,"Sociology, kand. [current education]",,,translated,CSV:EDU_udd,medium,danish,,,2126,1043,0.000116,"Sociologi, kand.",True
EDU_udd_5197,EDU,udd,5197,"Værkmester, fængselsvæsnet","Værkmester, fængselsvæsnet",,,"Master craftsman, prison service [current education]",,,translated,CSV:EDU_udd,medium,danish,,,1640,818,9.1e-05,"Værkmester, fængselsvæsnet",True
EDU_udd_5510,EDU,udd,5510,Erhvervssprogligt grundstudium 2 sprog,Erhvervssprogligt grundstudium 2 sprog,,,Vocational language foundation program in two languages [current education],,,translated,CSV:EDU_udd,medium,danish,,,3212,1599,0.000177,Erhvervssprogligt grundstudium 2 sprog,True
EDU_udd_6460,EDU,udd,6460,"Humanistisk kombination, kand.2år","Humanistisk kombination, kand.2år",,,"Humanities combination, kand.2yr [current education]",,,translated,CSV:EDU_udd,medium,danish,,,410,202,2.2e-05,"Humanistisk kombination, kand.2år",True
EDU_udd_5111,EDU,udd,5111,"Børneforsorgspædagog, småbørnslinie","Børneforsorgspædagog, småbørnslinie",,,"Childhood care pedagogue, infant line [current education]",,,translated,CSV:EDU_udd,medium,danish,,,1994,993,0.00011,"Børneforsorgspædagog, småbørnslinie",True
EDU_udd_4880,EDU,udd,4880,Defektrice,Defektrice,,,Pharmaceutical-lab technician [current education],,,translated,CSV:EDU_udd,medium,danish,,,810,405,4.5e-05,Defektrice,True
EDU_udd_5495,EDU,udd,5495,"Erhvervssproglig begynderprøve, russisk","Erhvervssproglig begynderprøve, russisk",,,"Vocational language beginner's exam, Russian [current education]",,,translated,CSV:EDU_udd,medium,danish,,,92,45,5e-06,"Erhvervssproglig begynderprøve, russisk",True
EDU_udd_4118,EDU,udd,4118,Skibstømrer,Skibstømrer,,,Ship's carpenter,,,translated,CSV:EDU_udd,medium,danish,,,3294,1512,0.000167,Skibstømrer,True
EDU_udd_5765,EDU,udd,5765,"Officer B-linien, søværnet","Officer B-linien, søværnet",,,"Officer B-line, navy [current education]",,,translated,CSV:EDU_udd,medium,danish,,,444,221,2.4e-05,"Officer B-linien, søværnet",True
EDU_udd_5885,EDU,udd,5885,"V.O.U., søværnet","V.O.U., søværnet",,,"V.O.U., navy [current education]",,,translated,CSV:EDU_udd,medium,danish,,,1118,556,6.2e-05,"V.O.U., søværnet",True
EDU_udd_4098,EDU,udd,4098,Levnedsmiddelassistent,Levnedsmiddelassistent,,,Food assistant [current education],,,translated,CSV:EDU_udd,medium,danish,,,1316,653,7.2e-05,Levnedsmiddelassistent,True
EDU_udd_2470,EDU,udd,2470,Produktionsassistent landbrug,Produktionsassistent landbrug,,,Production assistant agriculture [current education],,,translated,CSV:EDU_udd,medium,danish,,,142,71,8e-06,Produktionsassistent landbrug,True
EDU_udd_5179,EDU,udd,5179,"Sygepleje supplering, adgangsgivende til videre uddannelse","Sygepleje supplering, adgangsgivende til videre uddannelse",,,"Nursing supplement, access leading to further education [current education]",,,translated,CSV:EDU_udd,medium,danish,,,758,371,4.1e-05,"Sygepleje supplering, adgangsgivende til videre uddannelse",True
EDU_udd_6331,EDU,udd,6331,"Nygræsk, kand.","Nygræsk, kand.",,,"Modern Greek, kand. [current education]",,,translated,CSV:EDU_udd,medium,danish,,,336,138,1.5e-05,"Nygræsk, kand.",True
EDU_udd_5178,EDU,udd,5178,"Sygeplejerske, diplomeksamen","Sygeplejerske, diplomeksamen",,,"Nurse, diploma exam [current education]",,,translated,CSV:EDU_udd,medium,danish,,,1022,510,5.6e-05,"Sygeplejerske, diplomeksamen",True
EDU_udd_2007,EDU,udd,2007,"Befaren matros, afslutningskursus","Befaren matros, afslutningskursus",,,"Able seaman, final course [current education]",,,translated,CSV:EDU_udd,medium,danish,,,2308,1149,0.000127,"Befaren matros, afslutningskursus",True
EDU_udd_5190,EDU,udd,5190,Styrmand (skibsfører),Styrmand (skibsfører),,,Mate (master mariner),,,translated,CSV:EDU_udd,medium,danish,,,4080,1867,0.000207,Styrmand (skibsfører),True
EDU_udd_5315,EDU,udd,5315,"Produktion, teknikumingeniør","Produktion, teknikumingeniør",,,"Production, technical engineering [current education]",,,translated,CSV:EDU_udd,medium,danish,,,1792,895,9.9e-05,"Produktion, teknikumingeniør",True
EDU_udd_2414,EDU,udd,2414,Husholdningstekniker,Husholdningstekniker,,,Household technician,,,translated,CSV:EDU_udd,medium,danish,,,406,203,2.2e-05,Husholdningstekniker,True
EDU_udd_5310,EDU,udd,5310,"Maskinretning, teknikumingeniør","Maskinretning, teknikumingeniør",,,"Mechanical engineering, technical engineering [current education]",,,translated,CSV:EDU_udd,medium,danish,,,3468,1713,0.00019,"Maskinretning, teknikumingeniør",True
EDU_udd_5112,EDU,udd,5112,"Børneforsorgspædagog, almen linie","Børneforsorgspædagog, almen linie",,,"Childcare teacher, general line [current education]",,,translated,CSV:EDU_udd,medium,danish,,,736,368,4.1e-05,"Børneforsorgspædagog, almen linie",True
EDU_udd_4003,EDU,udd,4003,"Handelseksamen, regnskabslinie","Handelseksamen, regnskabslinie",,,"Commerce exam, accounting line [current education]",,,translated,CSV:EDU_udd,medium,danish,,,19648,9806,0.001086,"Handelseksamen, regnskabslinie",True
EDU_udd_4095,EDU,udd,4095,"Konfektionsassistent, tekstil","Konfektionsassistent, tekstil",,,"Garment assistant, textile [current education]",,,translated,CSV:EDU_udd,medium,danish,,,1470,733,8.1e-05,"Konfektionsassistent, tekstil",True
EDU_udd_5154,EDU,udd,5154,"Ergo- og fysioterapeut ledende/undervisende, videreuddannelse","Ergo- og fysioterapeut ledende/undervisende, videreuddannelse",,,"Leading/teaching physiotherapist and ergotherapist, further education [current education]",,,translated,CSV:EDU_udd,medium,danish,,,928,461,5.1e-05,"Ergo- og fysioterapeut ledende/undervisende, videreuddannelse",True
EDU_udd_6400,EDU,udd,6400,"Audiologopædi, kand.2år","Audiologopædi, kand.2år",,,"Audiology, kand.2yr [current education]",,,manual_level_fix,CSV:EDU_udd,medium,danish,,,1208,593,6.6e-05,"Audiologopædi, kand.2år",True
EDU_udd_2009,EDU,udd,2009,"Befaren motormand, afslutningskursus","Befaren motormand, afslutningskursus",,,"Able motorman, final course",,,translated,CSV:EDU_udd,medium,danish,,,860,423,4.7e-05,"Befaren motormand, afslutningskursus",True
EDU_udd_2475,EDU,udd,2475,Mejeriteknolog,Mejeriteknolog,,,Dairy technologist [current education],,,translated,CSV:EDU_udd,medium,danish,,,1920,958,0.000106,Mejeriteknolog,True
EDU_udd_5600,EDU,udd,5600,"Forskole, musikkonservatorium","Forskole, musikkonservatorium",,,"Pre-school, music conservatory [current education]",,,translated,CSV:EDU_udd,medium,danish,,,2378,1169,0.000129,"Forskole, musikkonservatorium",True
EDU_udd_5601,EDU,udd,5601,Hovedskole (musik),Hovedskole (musik),,,Main school (music) [current education],,,translated,CSV:EDU_udd,medium,danish,,,2848,1307,0.000145,Hovedskole (musik),True
EDU_udd_5605,EDU,udd,5605,Diplomklasse-orgel (musik),Diplomklasse-orgel (musik),,,Diploma class organ (music) [current education],,,translated,CSV:EDU_udd,medium,danish,,,426,210,2.3e-05,Diplomklasse-orgel (musik),True
EDU_udd_5534,EDU,udd,5534,"Tysk, cand.negot.","Tysk, cand.negot.",,,"German, cand.negot. [current education]",,,translated,CSV:EDU_udd,medium,danish,,,912,447,5e-05,"Tysk, cand.negot.",True
EDU_udd_6322,EDU,udd,6322,"Arkæologi klassisk, kand.","Arkæologi klassisk, kand.",,,"Classical archaeology, kand. [current education]",,,translated,CSV:EDU_udd,medium,danish,,,718,314,3.5e-05,"Arkæologi klassisk, kand.",True
EDU_udd_6534,EDU,udd,6534,"Historie, bach.","Historie, bach.",,,"History, bach. [current education]",,,translated,CSV:EDU_udd,medium,danish,,,620,300,3.3e-05,"Historie, bach.",False
EDU_udd_5358,EDU,udd,5358,"Industri, akademiingeniør","Industri, akademiingeniør",,,"Industry, engineering degree [current education]",,,translated,CSV:EDU_udd,medium,danish,,,940,467,5.2e-05,"Industri, akademiingeniør",True
EDU_udd_6317,EDU,udd,6317,"Indiansk sprog og kultur, kand.","Indiansk sprog og kultur, kand.",,,"Amerindian language and culture, kand.",,,translated,CSV:EDU_udd,medium,danish,,,108,51,6e-06,"Indiansk sprog og kultur, kand.",True
EDU_udd_5120,EDU,udd,5120,"Socialpædagog, fællesuddannelse","Socialpædagog, fællesuddannelse",,,"Social pedagogue, joint education [current education]",,,translated,CSV:EDU_udd,medium,danish,,,282,141,1.6e-05,"Socialpædagog, fællesuddannelse",True
EDU_udd_2462,EDU,udd,2462,"Landmand, efteruddannelse","Landmand, efteruddannelse",,,"Farmer, further education [current education]",,,translated,CSV:EDU_udd,medium,danish,,,2116,1056,0.000117,"Landmand, efteruddannelse",True
EDU_udd_5572,EDU,udd,5572,"Fransk, cand.interpret.","Fransk, cand.interpret.",,,"French, cand.interpret. [current education]",,,translated,CSV:EDU_udd,medium,danish,,,788,381,4.2e-05,"Fransk, cand.interpret.",True
EDU_udd_5206,EDU,udd,5206,Toldassistent,Toldassistent,,,Customs assistant [current education],,,translated,CSV:EDU_udd,medium,danish,,,1238,619,6.9e-05,Toldassistent,True
EDU_udd_2488,EDU,udd,2488,"Gartner, driftslederkursus","Gartner, driftslederkursus",,,"Gardener, management course [current education]",,,translated,CSV:EDU_udd,medium,danish,,,1248,624,6.9e-05,"Gartner, driftslederkursus",True
EDU_udd_4084,EDU,udd,4084,Grafonom i teknik og økonomi,Grafonom i teknik og økonomi,,,Graphonomics in technology and economics [current education],,,translated,CSV:EDU_udd,medium,danish,,,1346,672,7.4e-05,Grafonom i teknik og økonomi,True
EDU_udd_8407,EDU,udd,8407,"Havebrugsvidenskab, bach.","Havebrugsvidenskab, bach.",,,"Horticultural science, bach. [current education]",,,translated,CSV:EDU_udd,medium,danish,,,760,376,4.2e-05,"Havebrugsvidenskab, bach.",True
EDU_udd_4004,EDU,udd,4004,"Handelseksamen, butikslinie","Handelseksamen, butikslinie",,,"Commercial examination, retail line",,,translated,CSV:EDU_udd,medium,danish,,,6092,3046,0.000337,"Handelseksamen, butikslinie",True
EDU_udd_4142,EDU,udd,4142,Skomager,Skomager,,,Shoemaker,,,copy-of-da,CSV:EDU_udd,medium,danish,,,1166,502,5.6e-05,Skomager,True
EDU_udd_5576,EDU,udd,5576,"Spansk, cand.interpret.","Spansk, cand.interpret.",,,"Spanish, cand.interpret. [current education]",,,translated,CSV:EDU_udd,medium,danish,,,398,193,2.1e-05,"Spansk, cand.interpret.",True
EDU_udd_8120,EDU,udd,8120,"Geologi, kand.","Geologi, kand.",,,"Geology, kand. [current education]",,,translated,CSV:EDU_udd,medium,danish,,,4968,2433,0.000269,"Geologi, kand.",True
EDU_udd_2401,EDU,udd,2401,Efterskole una,Efterskole una,,,"Efterskole (continuation school), unspecified [current education]",,,translated,CSV:EDU_udd,medium,danish,,,13794,6620,0.000733,Efterskole una,True
EDU_udd_6423,EDU,udd,6423,"Iransk, kand.2år","Iransk, kand.2år",,,"Persian, kand.2yr [current education]",,,manual_level_fix,CSV:EDU_udd,medium,danish,,,58,27,3e-06,"Iransk, kand.2år",True
EDU_udd_5207,EDU,udd,5207,Toldfaglig grunduddannelse,Toldfaglig grunduddannelse,,,Customs basic training programme,,,translated,CSV:EDU_udd,medium,danish,,,402,201,2.2e-05,Toldfaglig grunduddannelse,True
EDU_udd_2003,EDU,udd,2003,"Skibskok, grundkursus","Skibskok, grundkursus",,,"Shipboard Cook, Basic Course [current education]",,,translated,CSV:EDU_udd,medium,danish,,,3848,1901,0.000211,"Skibskok, grundkursus",True
EDU_udd_4428,EDU,udd,4428,Kantinemedhjælper og køkkenassistent,Kantinemedhjælper og køkkenassistent,,,Cafeteria Helper and Kitchen Assistant [current education],,,translated,CSV:EDU_udd,medium,danish,,,986,442,4.9e-05,Kantinemedhjælper og køkkenassistent,True
EDU_udd_4005,EDU,udd,4005,Akademiøkonom i indkøb og import,Akademiøkonom i indkøb og import,,,Academic Economist in Procurement and Import [current education],,,translated,CSV:EDU_udd,medium,danish,,,604,301,3.3e-05,Akademiøkonom i indkøb og import,True
EDU_udd_2489,EDU,udd,2489,Landbrugets driftlederkursus,Landbrugets driftlederkursus,,,Agricultural Management Course [current education],,,translated,CSV:EDU_udd,medium,danish,,,6536,3264,0.000362,Landbrugets driftlederkursus,True
EDU_udd_5641,EDU,udd,5641,"Architectural Technology and Construction Management, prof.bach.","Architectural Technology and Construction Management, prof.bach.",,,"Architectural Technology and Construction Management, prof.bach. [current education]",,,copy-of-da,CSV:EDU_udd,medium,danish,,,5600,2754,0.000305,"Architectural Technology and Construction Management, prof.bach.",True
EDU_udd_5549,EDU,udd,5549,Logistics Management,Logistics Management,,,Logistics Management [current education],,,copy-of-da,CSV:EDU_udd,medium,danish,,,904,451,5e-05,Logistics Management,True
EDU_udd_6326,EDU,udd,6326,"Litteraturhistorie, kand.","Litteraturhistorie, kand.",,,"Literary history, kand. [current education]",,,translated,CSV:EDU_udd,medium,danish,,,1898,691,7.7e-05,"Litteraturhistorie, kand.",True
EDU_udd_5401,EDU,udd,5401,"Jordbrugsøkonomi, kand.","Jordbrugsøkonomi, kand.",,,"Agricultural Economics, kand. [current education]",,,translated,CSV:EDU_udd,medium,danish,,,662,325,3.6e-05,"Jordbrugsøkonomi, kand.",True
EDU_udd_5209,EDU,udd,5209,Toldfuldmægtig,Toldfuldmægtig,,,Customs Broker [current education],,,translated,CSV:EDU_udd,medium,danish,,,604,302,3.3e-05,Toldfuldmægtig,True
EDU_udd_5160,EDU,udd,5160,"Urban landskabsingeniør, prof.bach.","Urban landskabsingeniør, prof.bach.",,,"Urban Landscape Engineer, prof.bach. [current education]",,,translated,CSV:EDU_udd,medium,danish,,,1148,550,6.1e-05,"Urban landskabsingeniør, prof.bach.",True
EDU_udd_6327,EDU,udd,6327,"Litteraturvidenskab, kand.","Litteraturvidenskab, kand.",,,"Literature, kand. [current education]",,,translated,CSV:EDU_udd,medium,danish,,,4574,1918,0.000212,"Litteraturvidenskab, kand.",True
EDU_udd_4038,EDU,udd,4038,Trikotageassistent,Trikotageassistent,,,Knitwear assistant [current education],,,translated,CSV:EDU_udd,medium,danish,,,186,92,1e-05,Trikotageassistent,True
EDU_udd_5822,EDU,udd,5822,"Skulptur, videregående","Skulptur, videregående",,,"Sculpture, Advanced Level [current education]",,,translated,CSV:EDU_udd,medium,danish,,,206,100,1.1e-05,"Skulptur, videregående",True
EDU_udd_5821,EDU,udd,5821,"Maleri, videregående","Maleri, videregående",,,"Painting, Advanced Level [current education]",,,translated,CSV:EDU_udd,medium,danish,,,224,110,1.2e-05,"Maleri, videregående",True
EDU_udd_5800,EDU,udd,5800,"Film-, tv- og videoproduktion","Film-, tv- og videoproduktion",,,"Film, TV and Video Production [current education]",,,translated,CSV:EDU_udd,medium,danish,,,448,224,2.5e-05,"Film-, tv- og videoproduktion",True
EDU_udd_4013,EDU,udd,4013,Mikroinstruktør,Mikroinstruktør,,,Micro instructor,,,translated,CSV:EDU_udd,medium,danish,,,136,68,8e-06,Mikroinstruktør,True
EDU_udd_4053,EDU,udd,4053,Konfektionsassistent,Konfektionsassistent,,,Clothing-factory assistant [current education],,,translated,CSV:EDU_udd,medium,danish,,,1660,817,9e-05,Konfektionsassistent,True
EDU_udd_3870,EDU,udd,3870,Tilsynstekniker,Tilsynstekniker,,,Inspection technician,,,translated,CSV:EDU_udd,medium,danish,,,518,259,2.9e-05,Tilsynstekniker,True
EDU_udd_5907,EDU,udd,5907,Konservatorieuddannelse 3 (musik),Konservatorieuddannelse 3 (musik),,,Conservatory education 3 (music) [current education],,,translated,CSV:EDU_udd,medium,danish,,,764,372,4.1e-05,Konservatorieuddannelse 3 (musik),True
EDU_udd_5200,EDU,udd,5200,Postelev,Postelev,,,Postal trainee [current education],,,translated,CSV:EDU_udd,medium,danish,,,1724,862,9.5e-05,Postelev,True
EDU_udd_6340,EDU,udd,6340,"Semitisk, kand.","Semitisk, kand.",,,"Semitic studies, kand. [current education]",,,translated,CSV:EDU_udd,medium,danish,,,726,305,3.4e-05,"Semitisk, kand.",True
EDU_udd_5407,EDU,udd,5407,"Havebrugsvidenskab, kand.","Havebrugsvidenskab, kand.",,,"Horticultural science, kand.",,,translated,CSV:EDU_udd,medium,danish,,,1440,700,7.8e-05,"Havebrugsvidenskab, kand.",True
EDU_udd_6422,EDU,udd,6422,"Italiensk sprog og kultur, kand.2år","Italiensk sprog og kultur, kand.2år",,,"Italian language and culture, kand.2yr [current education]",,,manual_level_fix,CSV:EDU_udd,medium,danish,,,686,323,3.6e-05,"Italiensk sprog og kultur, kand.2år",True
EDU_udd_5150,EDU,udd,5150,"Kiropraktor, forskole","Kiropraktor, forskole",,,"Chiropractor, preschool [current education]",,,translated,CSV:EDU_udd,medium,danish,,,890,439,4.9e-05,"Kiropraktor, forskole",True
EDU_udd_5673,EDU,udd,5673,"Erhvervssprog fransk-tysk, korrespondent","Erhvervssprog fransk-tysk, korrespondent",,,"Business language French-German, korrespondent [current education]",,,translated,CSV:EDU_udd,medium,danish,,,1072,536,5.9e-05,"Erhvervssprog fransk-tysk, korrespondent",True
EDU_udd_6316,EDU,udd,6316,"Idehistorie, kand.","Idehistorie, kand.",,,"History of ideas, kand. [current education]",,,translated,CSV:EDU_udd,medium,danish,,,1288,457,5.1e-05,"Idehistorie, kand.",True
EDU_udd_3144,EDU,udd,3144,"Didaktik, matematik, kand.2år","Didaktik, matematik, kand.2år",,,"Mathematics didactics, kand.2yr [current education]",,,manual_level_fix,CSV:EDU_udd,medium,danish,,,286,142,1.6e-05,"Didaktik, matematik, kand.2år",True
EDU_udd_4044,EDU,udd,4044,Farveriassistent,Farveriassistent,,,Dye-works assistant [current education],,,translated,CSV:EDU_udd,medium,danish,,,182,90,1e-05,Farveriassistent,True
EDU_udd_5356,EDU,udd,5356,"Energi, akademiingeniør","Energi, akademiingeniør",,,"Energy, Academy Engineer [current education]",,,translated,CSV:EDU_udd,medium,danish,,,392,194,2.1e-05,"Energi, akademiingeniør",True
EDU_udd_6011,EDU,udd,6011,"Samfundsvidenskab, kand. (AAU)","Samfundsvidenskab, kand. (AAU)",,,"Social science, kand. (AAU) [current education]",,,translated,CSV:EDU_udd,medium,danish,,,5748,2730,0.000302,"Samfundsvidenskab, kand. (AAU)",True
EDU_udd_4021,EDU,udd,4021,Akademiøkonom i afsætning,Akademiøkonom i afsætning,,,Academy Economist in Marketing [current education],,,translated,CSV:EDU_udd,medium,danish,,,570,284,3.1e-05,Akademiøkonom i afsætning,True
EDU_udd_6070,EDU,udd,6070,"Humanistisk kombination, kand.","Humanistisk kombination, kand.",,,"Humanities combination, kand.",,,copy-of-da,CSV:EDU_udd,medium,danish,,,436,218,2.4e-05,"Humanistisk kombination, kand.",True
EDU_udd_5405,EDU,udd,5405,"Fødevarevidenskab, kand.","Fødevarevidenskab, kand.",,,"Food Science, kand. [current education]",,,translated,CSV:EDU_udd,medium,danish,,,1350,664,7.4e-05,"Fødevarevidenskab, kand.",True
EDU_udd_6451,EDU,udd,6451,"Sprog og international virksomhedskommunikation, kand.2år","Sprog og international virksomhedskommunikation, kand.2år",,,"Language and international business communication, kand.2yr [current education]",,,manual_level_fix,CSV:EDU_udd,medium,danish,,,1220,604,6.7e-05,"Sprog og international virksomhedskommunikation, kand.2år",True
EDU_udd_4092,EDU,udd,4092,Kort- og landmålingstekniker,Kort- og landmålingstekniker,,,Surveying and Mapping Technician [current education],,,translated,CSV:EDU_udd,medium,danish,,,2644,1317,0.000146,Kort- og landmålingstekniker,True
EDU_udd_5890,EDU,udd,5890,"P.O.G.U., flyvevåbnet","P.O.G.U., flyvevåbnet",,,"P.O.G.U., Air Force [current education]",,,translated,CSV:EDU_udd,medium,danish,,,388,194,2.1e-05,"P.O.G.U., flyvevåbnet",True
EDU_udd_6426,EDU,udd,6426,"Klassisk filologi, kand.2år","Klassisk filologi, kand.2år",,,"Classical philology, kand.2yr [current education]",,,manual_level_fix,CSV:EDU_udd,medium,danish,,,434,211,2.3e-05,"Klassisk filologi, kand.2år",True
EDU_udd_4025,EDU,udd,4025,Akademiøkonom i udenrigshandel,Akademiøkonom i udenrigshandel,,,Business Economist in Foreign Trade [current education],,,translated,CSV:EDU_udd,medium,danish,,,1154,549,6.1e-05,Akademiøkonom i udenrigshandel,True
EDU_udd_5533,EDU,udd,5533,"Fransk, cand.negot.","Fransk, cand.negot.",,,"French, cand.negot. [current education]",,,translated,CSV:EDU_udd,medium,danish,,,974,482,5.3e-05,"Fransk, cand.negot.",True
EDU_udd_4069,EDU,udd,4069,Vvs-tekniker,Vvs-tekniker,,,Vvs- technician [current education],,,translated,CSV:EDU_udd,medium,danish,,,3094,1527,0.000169,Vvs-tekniker,True
EDU_udd_2010,EDU,udd,2010,"Skibskok, afslutningskursus","Skibskok, afslutningskursus",,,"Ship Cook, Final Course [current education]",,,translated,CSV:EDU_udd,medium,danish,,,2918,1416,0.000157,"Skibskok, afslutningskursus",True
EDU_udd_5599,EDU,udd,5599,"Sproglig informatik, kand.2år","Sproglig informatik, kand.2år",,,"Linguistic informatics, kand.2yr [current education]",,,manual_level_fix,CSV:EDU_udd,medium,danish,,,190,95,1.1e-05,"Sproglig informatik, kand.2år",True
EDU_udd_5695,EDU,udd,5695,"Tegnsprogstolkning, overbygning","Tegnsprogstolkning, overbygning",,,"Sign Language Interpreting, Postgraduate [current education]",,,translated,CSV:EDU_udd,medium,danish,,,504,250,2.8e-05,"Tegnsprogstolkning, overbygning",True
EDU_udd_8633,EDU,udd,8633,"Kræftsygepleje, specialsygeplejerske","Kræftsygepleje, specialsygeplejerske",,,"Oncology Nursing, Specialist Nurse [current education]",,,translated,CSV:EDU_udd,medium,danish,,,90,45,5e-06,"Kræftsygepleje, specialsygeplejerske",True
EDU_udd_5295,EDU,udd,5295,Fiskeriteknolog,Fiskeriteknolog,,,Fisheries technologist [current education],,,translated,CSV:EDU_udd,medium,danish,,,166,82,9e-06,Fiskeriteknolog,True
EDU_udd_4091,EDU,udd,4091,Trætekniker,Trætekniker,,,Timber Technician [current education],,,translated,CSV:EDU_udd,medium,danish,,,1402,696,7.7e-05,Trætekniker,True
EDU_udd_6544,EDU,udd,6544,"Asienstudier, Indologi, bach.","Asienstudier, Indologi, bach.",,,"Asian studies, Indology, bach.",,,translated,CSV:EDU_udd,medium,danish,,,482,237,2.6e-05,"Asienstudier, Indologi, bach.",True
EDU_udd_6604,EDU,udd,6604,"Portugisisk, bach.","Portugisisk, bach.",,,"Portuguese, bach. [current education]",,,translated,CSV:EDU_udd,medium,danish,,,728,347,3.8e-05,"Portugisisk, bach.",True
EDU_udd_4026,EDU,udd,4026,Akademiøkonom i markedsføring og service,Akademiøkonom i markedsføring og service,,,Business Economist in Marketing and Service [current education],,,translated,CSV:EDU_udd,medium,danish,,,682,340,3.8e-05,Akademiøkonom i markedsføring og service,True
EDU_udd_5598,EDU,udd,5598,"Datalingvistik, kand.2år","Datalingvistik, kand.2år",,,"Computational Linguistics, kand.2yr [current education]",,,manual_level_fix,CSV:EDU_udd,medium,danish,,,328,164,1.8e-05,"Datalingvistik, kand.2år",True
EDU_udd_8411,EDU,udd,8411,"Skovbrugsvidenskab, bach.","Skovbrugsvidenskab, bach.",,,"Forestry science, bach. [current education]",,,translated,CSV:EDU_udd,medium,danish,,,1268,631,7e-05,"Skovbrugsvidenskab, bach.",True
EDU_udd_6241,EDU,udd,6241,"Forest and Nature Management, kand.2år","Forest and Nature Management, kand.2år",,,"Forest and Nature Management, kand.2yr [current education]",,,manual_level_fix,CSV:EDU_udd,medium,danish,,,1654,822,9.1e-05,"Forest and Nature Management, kand.2år",True
EDU_udd_2017,EDU,udd,2017,Sætteskipper og fiskeskipper af 1.grad,Sætteskipper og fiskeskipper af 1.grad,,,Sætteskipper and Fishing Skipper of 1st grade,,,translated,CSV:EDU_udd,medium,danish,,,706,344,3.8e-05,Sætteskipper og fiskeskipper af 1.grad,True
EDU_udd_2027,EDU,udd,2027,Fiskeskipper af 1. grad,Fiskeskipper af 1. grad,,,Fishing Ship Captain of 1st Class [current education],,,translated,CSV:EDU_udd,medium,danish,,,1506,734,8.1e-05,Fiskeskipper af 1. grad,True
EDU_udd_5036,EDU,udd,5036,Modeltekniker,Modeltekniker,,,Model technician [current education],,,translated,CSV:EDU_udd,medium,danish,,,584,292,3.2e-05,Modeltekniker,True
EDU_udd_5348,EDU,udd,5348,"Bygning, akademiingeniør","Bygning, akademiingeniør",,,"Building, academy engineer [current education]",,,translated,CSV:EDU_udd,medium,danish,,,274,137,1.5e-05,"Bygning, akademiingeniør",False
EDU_udd_6437,EDU,udd,6437,"Portugisisk, kand.2år","Portugisisk, kand.2år",,,"Portuguese Studies, kand.2yr [current education]",,,manual_level_fix,CSV:EDU_udd,medium,danish,,,124,57,6e-06,"Portugisisk, kand.2år",True
EDU_udd_5875,EDU,udd,5875,"V.U.T., flyvevåbnet","V.U.T., flyvevåbnet",,,"V.U.T., Air Force [current education]",,,translated,CSV:EDU_udd,medium,danish,,,1410,703,7.8e-05,"V.U.T., flyvevåbnet",True
EDU_udd_6021,EDU,udd,6021,Basislinje orgel,Basislinje orgel,,,"Foundation programme, organ [current education]",,,translated,CSV:EDU_udd,medium,danish,,,30,15,2e-06,Basislinje orgel,True
EDU_udd_8049,EDU,udd,8049,"Geofysik, bach.","Geofysik, bach.",,,"Geophysics, bach. [current education]",,,translated,CSV:EDU_udd,medium,danish,,,378,189,2.1e-05,"Geofysik, bach.",True
EDU_udd_6542,EDU,udd,6542,"Indianske sprog og kulturer, bach.","Indianske sprog og kulturer, bach.",,,"Indian Languages and Cultures, bach. [current education]",,,translated,CSV:EDU_udd,medium,danish,,,576,284,3.1e-05,"Indianske sprog og kulturer, bach.",True
EDU_udd_6449,EDU,udd,6449,"Æstetik og kultur, kand.2år","Æstetik og kultur, kand.2år",,,"Aesthetics and Culture, kand.2yr [current education]",,,manual_level_fix,CSV:EDU_udd,medium,danish,,,1680,825,9.1e-05,"Æstetik og kultur, kand.2år",True
EDU_udd_5965,EDU,udd,5965,"Business, Language and Culture, spanish, kand.2år","Business, Language and Culture, spanish, kand.2år",,,"Business, Language and Culture (Spanish), kand.2yr [current education]",,,manual_level_fix,CSV:EDU_udd,medium,danish,,,290,144,1.6e-05,"Business, Language and Culture, spanish, kand.2år",True
EDU_udd_6128,EDU,udd,6128,"Miljøbiologi, kand.2år","Miljøbiologi, kand.2år",,,"Environmental Biology, kand.2yr [current education]",,,manual_level_fix,CSV:EDU_udd,medium,danish,,,298,148,1.6e-05,"Miljøbiologi, kand.2år",True
EDU_udd_5983,EDU,udd,5983,"Fransk, bach.negot.","Fransk, bach.negot.",,,"French, bach.negot. [current education]",,,translated,CSV:EDU_udd,medium,danish,,,376,185,2e-05,"Fransk, bach.negot.",True
EDU_udd_5451,EDU,udd,5451,Klinisk diætist,Klinisk diætist,,,Clinical Dietitian [current education],,,translated,CSV:EDU_udd,medium,danish,,,648,324,3.6e-05,Klinisk diætist,True
EDU_udd_5006,EDU,udd,5006,Akademiøkonom i internationalt salg,Akademiøkonom i internationalt salg,,,International Sales Business Administrator [current education],,,translated,CSV:EDU_udd,medium,danish,,,200,100,1.1e-05,Akademiøkonom i internationalt salg,True
EDU_udd_3434,EDU,udd,3434,"Tysk sprog, litteratur og kultur, bach.","Tysk sprog, litteratur og kultur, bach.",,,"German language, literature and culture, bach. [current education]",,,translated,CSV:EDU_udd,medium,danish,,,1184,575,6.4e-05,"Tysk sprog, litteratur og kultur, bach.",False
EDU_udd_4256,EDU,udd,4256,Beslagsmed,Beslagsmed,,,Farrier [current education],,,translated,CSV:EDU_udd,medium,danish,,,1562,562,6.2e-05,Beslagsmed,True
EDU_udd_6348,EDU,udd,6348,"Østasiatisk sprog og kultur, kand.","Østasiatisk sprog og kultur, kand.",,,"East Asian Language and Culture, kand. [current education]",,,translated,CSV:EDU_udd,medium,danish,,,2240,857,9.5e-05,"Østasiatisk sprog og kultur, kand.",True
EDU_udd_6804,EDU,udd,6804,"Designstudier, kand.2år","Designstudier, kand.2år",,,"Design Studies, kand.2yr [current education]",,,manual_level_fix,CSV:EDU_udd,medium,danish,,,340,169,1.9e-05,"Designstudier, kand.2år",True
EDU_udd_8217,EDU,udd,8217,"Matematik-økonomi, kand.2år","Matematik-økonomi, kand.2år",,,"Mathematics-Economics, kand.2yr [current education]",,,manual_level_fix,CSV:EDU_udd,medium,danish,,,1442,720,8e-05,"Matematik-økonomi, kand.2år",True
EDU_udd_6452,EDU,udd,6452,"Multimedia arts, kand.2år","Multimedia arts, kand.2år",,,"Multimedia arts, kand.2yr [current education]",,,manual_level_fix,CSV:EDU_udd,medium,danish,,,892,435,4.8e-05,"Multimedia arts, kand.2år",True
EDU_udd_5162,EDU,udd,5162,El-installatør,El-installatør,,,Electrician [current education],,,translated,CSV:EDU_udd,medium,danish,,,1372,679,7.5e-05,El-installatør,True
EDU_udd_5094,EDU,udd,5094,Akademiøkonom i østeuropæisk handel,Akademiøkonom i østeuropæisk handel,,,Eastern European Trade Business Administrator [current education],,,translated,CSV:EDU_udd,medium,danish,,,354,177,2e-05,Akademiøkonom i østeuropæisk handel,True
EDU_udd_6861,EDU,udd,6861,"Tværkulturelle studier, kand.2år","Tværkulturelle studier, kand.2år",,,"Cross-cultural studies, kand.2yr [current education]",,,manual_level_fix,CSV:EDU_udd,medium,danish,,,1258,619,6.9e-05,"Tværkulturelle studier, kand.2år",True
EDU_udd_8039,EDU,udd,8039,"Miljøkemi, bach.","Miljøkemi, bach.",,,"Environmental Chemistry, bach. [current education]",,,translated,CSV:EDU_udd,medium,danish,,,272,136,1.5e-05,"Miljøkemi, bach.",True
EDU_udd_8079,EDU,udd,8079,"Miljøkemi, kand.2år","Miljøkemi, kand.2år",,,"Environmental chemistry, kand.2yr [current education]",,,manual_level_fix,CSV:EDU_udd,medium,danish,,,192,94,1e-05,"Miljøkemi, kand.2år",False
EDU_udd_4037,EDU,udd,4037,Produktudvikler,Produktudvikler,,,Product developer [current education],,,translated,CSV:EDU_udd,medium,danish,,,732,366,4.1e-05,Produktudvikler,True
EDU_udd_7671,EDU,udd,7671,"Tysk sprog, litteratur og kultur, bach.","Tysk sprog, litteratur og kultur, bach.",,,"German language, literature and culture, bach. [current education]",,,translated,CSV:EDU_udd,medium,danish,,,886,423,4.7e-05,"Tysk sprog, litteratur og kultur, bach.",False
EDU_udd_5118,EDU,udd,5118,"Omsorgspersonale, fortsætteruddannelse","Omsorgspersonale, fortsætteruddannelse",,,"Care personnel, continuing education [current education]",,,translated,CSV:EDU_udd,medium,danish,,,740,370,4.1e-05,"Omsorgspersonale, fortsætteruddannelse",True
EDU_udd_6353,EDU,udd,6353,"Retorik, kand.","Retorik, kand.",,,"Rhetoric, kand. [current education]",,,translated,CSV:EDU_udd,medium,danish,,,296,116,1.3e-05,"Retorik, kand.",True
EDU_udd_5824,EDU,udd,5824,"Kunstteori og -formidling, kand.","Kunstteori og -formidling, kand.",,,"Art theory and dissemination, kand. [current education]",,,translated,CSV:EDU_udd,medium,danish,,,260,130,1.4e-05,"Kunstteori og -formidling, kand.",True
EDU_udd_4085,EDU,udd,4085,Grafonom i kommunikation,Grafonom i kommunikation,,,Graphic design in communication [current education],,,translated,CSV:EDU_udd,medium,danish,,,436,218,2.4e-05,Grafonom i kommunikation,True
EDU_udd_5493,EDU,udd,5493,"Erhvervssproglig begynderprøve, italiensk","Erhvervssproglig begynderprøve, italiensk",,,"Vocational language beginner's exam, Italian [current education]",,,translated,CSV:EDU_udd,medium,danish,,,564,274,3e-05,"Erhvervssproglig begynderprøve, italiensk",True
EDU_udd_7919,EDU,udd,7919,"Energisystemer, ing.bach.","Energisystemer, ing.bach.",,,"Energy systems, ing.bach. [current education]",,,translated,CSV:EDU_udd,medium,danish,,,720,359,4e-05,"Energisystemer, ing.bach.",True
EDU_udd_7924,EDU,udd,7924,"Sustainable Biotechnology, ing.bach.","Sustainable Biotechnology, ing.bach.",,,"Sustainable Biotechnology, ing.bach. [current education]",,,copy-of-da,CSV:EDU_udd,medium,danish,,,298,149,1.7e-05,"Sustainable Biotechnology, ing.bach.",True
EDU_udd_3812,EDU,udd,3812,"Natural Sciences, bach. (RUC)","Natural Sciences, bach. (RUC)",,,"Natural Sciences, bach. (RUC) [current education]",,,copy-of-da,CSV:EDU_udd,medium,danish,,,804,396,4.4e-05,"Natural Sciences, bach. (RUC)",True
EDU_udd_5750,EDU,udd,5750,"Officer A-linien, hæren","Officer A-linien, hæren",,,"Officer A-line, army [current education]",,,translated,CSV:EDU_udd,medium,danish,,,878,439,4.9e-05,"Officer A-linien, hæren",True
EDU_udd_5749,EDU,udd,5749,"Diplomuddannelse, matematik-nat.-pædagogik (DPU)","Diplomuddannelse, matematik-nat.-pædagogik (DPU)",,,"Diploma education, mathematics-science pedagogy (DPU) [current education]",,,translated,CSV:EDU_udd,medium,danish,,,2,1,0.0,"Diplomuddannelse, matematik-nat.-pædagogik (DPU)",True
EDU_udd_5462,EDU,udd,5462,Bibliotekar ved forsknings- og fagbibliotek,Bibliotekar ved forsknings- og fagbibliotek,,,Librarian at research and subject libraries [current education],,,translated,CSV:EDU_udd,medium,danish,,,1312,653,7.2e-05,Bibliotekar ved forsknings- og fagbibliotek,True
EDU_udd_6344,EDU,udd,6344,"Teatervidenskab, kand.","Teatervidenskab, kand.",,,"Theatre studies, kand. [current education]",,,translated,CSV:EDU_udd,medium,danish,,,1642,668,7.4e-05,"Teatervidenskab, kand.",True
EDU_udd_7840,EDU,udd,7840,"Grønlandsk, kand.","Grønlandsk, kand.",,,"Greenlandic, kand. [current education]",,,translated,CSV:EDU_udd,medium,danish,,,96,47,5e-06,"Grønlandsk, kand.",True
EDU_udd_2478,EDU,udd,2478,"Gartnerskole, planteskole kursus","Gartnerskole, planteskole kursus",,,"Gardening school, plant school course [current education]",,,translated,CSV:EDU_udd,medium,danish,,,822,410,4.5e-05,"Gartnerskole, planteskole kursus",True
EDU_udd_2476,EDU,udd,2476,"Mejeriskolekurser, andre","Mejeriskolekurser, andre",,,"Dairy school courses, other",,,translated,CSV:EDU_udd,medium,danish,,,318,140,1.6e-05,"Mejeriskolekurser, andre",True
EDU_udd_5775,EDU,udd,5775,"Officer B-linien, flyvevåbnet","Officer B-linien, flyvevåbnet",,,Air Force Officer B-line [current education],,,translated,CSV:EDU_udd,medium,danish,,,306,153,1.7e-05,"Officer B-linien, flyvevåbnet",True
EDU_udd_6113,EDU,udd,6113,"Offentlig driftsøkonomi, kand.2år (RUC)","Offentlig driftsøkonomi, kand.2år (RUC)",,,"Public sector economics, kand.2yr (RUC) [current education]",,,manual_level_fix,CSV:EDU_udd,medium,danish,,,342,164,1.8e-05,"Offentlig driftsøkonomi, kand.2år (RUC)",True
EDU_udd_5577,EDU,udd,5577,"Tysk, cand.interpret.","Tysk, cand.interpret.",,,"German, cand.interpret. [current education]",,,translated,CSV:EDU_udd,medium,danish,,,678,333,3.7e-05,"Tysk, cand.interpret.",True
EDU_udd_4104,EDU,udd,4104,Former,Former,,,Moulder [current education],,,translated,CSV:EDU_udd,medium,danish,,,718,275,3e-05,Former,True
EDU_udd_5186,EDU,udd,5186,"Kommunikationsoperatør, søfart","Kommunikationsoperatør, søfart",,,"Communication Operator, Maritime [current education]",,,translated,CSV:EDU_udd,medium,danish,,,312,156,1.7e-05,"Kommunikationsoperatør, søfart",True
EDU_udd_5351,EDU,udd,5351,"Anlæg, akademiingeniør","Anlæg, akademiingeniør",,,"Plant Engineering, Academy Engineer [current education]",,,translated,CSV:EDU_udd,medium,danish,,,736,363,4e-05,"Anlæg, akademiingeniør",True
EDU_udd_6311,EDU,udd,6311,"Nordisk folkemindevidenskab, kand.","Nordisk folkemindevidenskab, kand.",,,"Nordic folklore studies, cand. [current education]",,,translated,CSV:EDU_udd,medium,danish,,,408,165,1.8e-05,"Nordisk folkemindevidenskab, kand.",True
EDU_udd_6029,EDU,udd,6029,"Musikterapi, kand.2år","Musikterapi, kand.2år",,,"Music Therapy, kand.2yr [current education]",,,manual_level_fix,CSV:EDU_udd,medium,danish,,,486,237,2.6e-05,"Musikterapi, kand.2år",True
EDU_udd_4230,EDU,udd,4230,Skibstekniker,Skibstekniker,,,Ship technician,,,translated,CSV:EDU_udd,medium,danish,,,5844,2042,0.000226,Skibstekniker,True
EDU_udd_8021,EDU,udd,8021,"Meteorologi, bach.","Meteorologi, bach.",,,"Meteorology, bach. [current education]",,,translated,CSV:EDU_udd,medium,danish,,,486,241,2.7e-05,"Meteorologi, bach.",True
EDU_udd_3075,EDU,udd,3075,"Østeuropastudier, kand.2år","Østeuropastudier, kand.2år",,,"East European studies, kand.2yr [current education]",,,manual_level_fix,CSV:EDU_udd,medium,danish,,,220,108,1.2e-05,"Østeuropastudier, kand.2år",True
EDU_udd_6065,EDU,udd,6065,"Information, civilingeniør 2år","Information, civilingeniør 2år",,,"Information Technology, Civil Engineer 2yr [current education]",,,translated,CSV:EDU_udd,medium,danish,,,1276,637,7.1e-05,"Information, civilingeniør 2år",True
EDU_udd_5610,EDU,udd,5610,"Internat. virksomhedskommunikation, engelsk, kand.","Internat. virksomhedskommunikation, engelsk, kand.",,,"International Business Communication, English, kand. [current education]",,,translated,CSV:EDU_udd,medium,danish,,,4,2,0.0,"Internat. virksomhedskommunikation, engelsk, kand.",True
EDU_udd_4093,EDU,udd,4093,"Skov- og landskabsingeniør, prof.bach.","Skov- og landskabsingeniør, prof.bach.",,,"Forest and Landscape Engineer, prof.bach. [current education]",,,translated,CSV:EDU_udd,medium,danish,,,4538,2209,0.000245,"Skov- og landskabsingeniør, prof.bach.",True
EDU_udd_6285,EDU,udd,6285,"Teknisk informationsteknologi, civilingeniør 2år","Teknisk informationsteknologi, civilingeniør 2år",,,"Technical Information Technology, Civil Engineer 2yr [current education]",,,translated,CSV:EDU_udd,medium,danish,,,304,151,1.7e-05,"Teknisk informationsteknologi, civilingeniør 2år",True
EDU_udd_6237,EDU,udd,6237,"Havebrugsvidenskab, kand.2år","Havebrugsvidenskab, kand.2år",,,"Horticultural Science, kand.2yr",,,translated,CSV:EDU_udd,medium,danish,,,402,200,2.2e-05,"Havebrugsvidenskab, kand.2år",True
EDU_udd_6445,EDU,udd,6445,"Teatervidenskab og performancestudier, kand.2år","Teatervidenskab og performancestudier, kand.2år",,,"Theatre Science and Performance Studies, kand.2yr [current education]",,,translated,CSV:EDU_udd,medium,danish,,,1080,511,5.7e-05,"Teatervidenskab og performancestudier, kand.2år",True
EDU_udd_8334,EDU,udd,8334,"Kemi-miljø, civilingeniør 2år","Kemi-miljø, civilingeniør 2år",,,"Chemistry-environment, MEng 2yr [current education]",,,translated,CSV:EDU_udd,medium,danish,,,1644,819,9.1e-05,"Kemi-miljø, civilingeniør 2år",True
EDU_udd_5391,EDU,udd,5391,"Energi, civilingeniør 2år","Energi, civilingeniør 2år",,,"Energy, MEng 2yr [current education]",,,translated,CSV:EDU_udd,medium,danish,,,524,262,2.9e-05,"Energi, civilingeniør 2år",False
EDU_udd_6231,EDU,udd,6231,"Agricultural Economics, kand.2år","Agricultural Economics, kand.2år",,,"Agricultural Economics, kand.2yr [current education]",,,translated,CSV:EDU_udd,medium,danish,,,1330,665,7.4e-05,"Agricultural Economics, kand.2år",True
EDU_udd_5957,EDU,udd,5957,"Fransk-spansk erhvervssprog, bach.","Fransk-spansk erhvervssprog, bach.",,,"French-Spanish Business Language, bach. [current education]",,,translated,CSV:EDU_udd,medium,danish,,,294,143,1.6e-05,"Fransk-spansk erhvervssprog, bach.",True
EDU_udd_8188,EDU,udd,8188,"Geoinformatik, bach.","Geoinformatik, bach.",,,"Geoinformatics, bach. [current education]",,,translated,CSV:EDU_udd,medium,danish,,,86,41,5e-06,"Geoinformatik, bach.",True
EDU_udd_6588,EDU,udd,6588,"Nederlandsk, bach.","Nederlandsk, bach.",,,"Dutch, bach. [current education]",,,translated,CSV:EDU_udd,medium,danish,,,134,67,7e-06,"Nederlandsk, bach.",True
EDU_udd_6349,EDU,udd,6349,"Audiologopædi, kand.","Audiologopædi, kand.",,,"Audiology, kand. [current education]",,,translated,CSV:EDU_udd,medium,danish,,,332,121,1.3e-05,"Audiologopædi, kand.",True
EDU_udd_5678,EDU,udd,5678,"Erhvervssprog engelsk-italiensk, korrespondent","Erhvervssprog engelsk-italiensk, korrespondent",,,"Business Language English-Italian, correspondence [current education]",,,translated,CSV:EDU_udd,medium,danish,,,380,190,2.1e-05,"Erhvervssprog engelsk-italiensk, korrespondent",True
EDU_udd_3040,EDU,udd,3040,"Journalistik, cand.mag.2år","Journalistik, cand.mag.2år",,,"Journalism, cand.mag.2yr [current education]",,,translated,CSV:EDU_udd,medium,danish,,,968,482,5.3e-05,"Journalistik, cand.mag.2år",True
EDU_udd_5652,EDU,udd,5652,"Erhvervsøkonomi og jura, cand.merc.(jur.)2år","Erhvervsøkonomi og jura, cand.merc.(jur.)2år",,,"Business Economics and Law, cand.merc.(jur.)2yr [current education]",,,translated,CSV:EDU_udd,medium,danish,,,1058,529,5.9e-05,"Erhvervsøkonomi og jura, cand.merc.(jur.)2år",True
EDU_udd_6264,EDU,udd,6264,"Tværfaglig IT-udvikling, kand.2år","Tværfaglig IT-udvikling, kand.2år",,,"Interdisciplinary IT Development, kand.2yr [current education]",,,translated,CSV:EDU_udd,medium,danish,,,148,74,8e-06,"Tværfaglig IT-udvikling, kand.2år",True
EDU_udd_5920,EDU,udd,5920,"Musik-sang, rytmisk musikpædagog","Musik-sang, rytmisk musikpædagog",,,"Music-Voicing, Rhythmic Music Pedagogy [current education]",,,translated,CSV:EDU_udd,medium,danish,,,142,71,8e-06,"Musik-sang, rytmisk musikpædagog",True
EDU_udd_5025,EDU,udd,5025,Eksamineret eksportør,Eksamineret eksportør,,,Certified Exporter [current education],,,translated,CSV:EDU_udd,medium,danish,,,674,337,3.7e-05,Eksamineret eksportør,True
EDU_udd_7139,EDU,udd,7139,"Klinisk sygepleje, kand.2år","Klinisk sygepleje, kand.2år",,,"Clinical Nursing, kand.2yr [current education]",,,translated,CSV:EDU_udd,medium,danish,,,1028,509,5.6e-05,"Klinisk sygepleje, kand.2år",True
EDU_udd_4362,EDU,udd,4362,Overfladebehandler,Overfladebehandler,,,Surface treater [current education],,,translated,CSV:EDU_udd,medium,danish,,,1224,366,4.1e-05,Overfladebehandler,True
EDU_udd_8077,EDU,udd,8077,"E-science, kand.2år","E-science, kand.2år",,,"E-Science, kand.2yr [current education]",,,translated,CSV:EDU_udd,medium,danish,,,28,14,2e-06,"E-science, kand.2år",True
EDU_udd_5183,EDU,udd,5183,"Styrmand, 1-årig","Styrmand, 1-årig",,,"Deck Officer, 1yr [current education]",,,translated,CSV:EDU_udd,medium,danish,,,260,128,1.4e-05,"Styrmand, 1-årig",True
EDU_udd_5944,EDU,udd,5944,"Erhvervssprog og IT, bach.","Erhvervssprog og IT, bach.",,,"Business Language and IT, bach. [current education]",,,translated,CSV:EDU_udd,medium,danish,,,1134,562,6.2e-05,"Erhvervssprog og IT, bach.",True
EDU_udd_5984,EDU,udd,5984,"Erhvervsøkonomi-erhvervssprog, tysk, bach.negot.","Erhvervsøkonomi-erhvervssprog, tysk, bach.negot.",,,"Business Economics-Business Language, German, bach.negot. [current education]",,,translated,CSV:EDU_udd,medium,danish,,,930,459,5.1e-05,"Erhvervsøkonomi-erhvervssprog, tysk, bach.negot.",True
EDU_udd_5985,EDU,udd,5985,"Erhvervsøkonomi-erhvervssprog, spansk, bach.negot.","Erhvervsøkonomi-erhvervssprog, spansk, bach.negot.",,,"Business Economics-Business Language, Spanish, bach.negot. [current education]",,,translated,CSV:EDU_udd,medium,danish,,,658,326,3.6e-05,"Erhvervsøkonomi-erhvervssprog, spansk, bach.negot.",True
EDU_udd_4196,EDU,udd,4196,"Kontoruddannelse, kundekontaktcenter","Kontoruddannelse, kundekontaktcenter",,,"Office programme, customer contact centre",,,translated,CSV:EDU_udd,medium,danish,,,266,102,1.1e-05,"Kontoruddannelse, kundekontaktcenter",True
EDU_udd_8045,EDU,udd,8045,"Biofysik, bach.","Biofysik, bach.",,,"Biophysics, bach. [current education]",,,translated,CSV:EDU_udd,medium,danish,,,136,68,8e-06,"Biofysik, bach.",True
EDU_udd_5093,EDU,udd,5093,Akademiøkonom i servicesektor management,Akademiøkonom i servicesektor management,,,Service Sector Management Academic Economist [current education],,,translated,CSV:EDU_udd,medium,danish,,,88,42,5e-06,Akademiøkonom i servicesektor management,True
EDU_udd_5649,EDU,udd,5649,"Web Development (overbygning), prof.bach.","Web Development (overbygning), prof.bach.",,,"Web Development (top-up), prof.bach. [current education]",,,translated,CSV:EDU_udd,medium,danish,,,3112,1530,0.000169,"Web Development (overbygning), prof.bach.",True
EDU_udd_7186,EDU,udd,7186,"Folkesundhedsvidenskab, bach.","Folkesundhedsvidenskab, bach.",,,"Public health science, bach. [current education]",,,translated,CSV:EDU_udd,medium,danish,,,634,314,3.5e-05,"Folkesundhedsvidenskab, bach.",False
EDU_udd_7582,EDU,udd,7582,"Folkesundhedsvidenskab, kand.2år","Folkesundhedsvidenskab, kand.2år",,,"Public Health Science, kand.2yr [current education]",,,translated,CSV:EDU_udd,medium,danish,,,874,433,4.8e-05,"Folkesundhedsvidenskab, kand.2år",False
EDU_udd_4194,EDU,udd,4194,"Kontoruddannelse, kontorservice","Kontoruddannelse, kontorservice",,,"Office programme, office service [current education]",,,translated,CSV:EDU_udd,medium,danish,,,90,42,5e-06,"Kontoruddannelse, kontorservice",True
EDU_udd_5831,EDU,udd,5831,"Konservering og restaurering, bach.","Konservering og restaurering, bach.",,,"Preservation and Restoration, bach. [current education]",,,translated,CSV:EDU_udd,medium,danish,,,802,401,4.4e-05,"Konservering og restaurering, bach.",True
EDU_udd_7496,EDU,udd,7496,"Statistics, kand.2år","Statistics, kand.2år",,,"Statistics, kand.2yr [current education]",,,manual_level_fix,CSV:EDU_udd,medium,danish,,,882,435,4.8e-05,"Statistics, kand.2år",True
EDU_udd_6598,EDU,udd,6598,"Nærorientalsk oldtidskultur, bach.","Nærorientalsk oldtidskultur, bach.",,,"Near Eastern Ancient Culture, bach. [current education]",,,translated,CSV:EDU_udd,medium,danish,,,1212,582,6.4e-05,"Nærorientalsk oldtidskultur, bach.",True
EDU_udd_7754,EDU,udd,7754,"IT-didaktisk design, kand.2år","IT-didaktisk design, kand.2år",,,"IT didactic design, kand.2yr [current education]",,,manual_level_fix,CSV:EDU_udd,medium,danish,,,636,317,3.5e-05,"IT-didaktisk design, kand.2år",True
EDU_udd_5650,EDU,udd,5650,"Industriel 3D-print, prof.bach.","Industriel 3D-print, prof.bach.",,,"Industrial 3D Printing, prof.bach. [current education]",,,translated,CSV:EDU_udd,medium,danish,,,26,13,1e-06,"Industriel 3D-print, prof.bach.",True
EDU_udd_6816,EDU,udd,6816,"Mellemøstens sprog og samfund, kand.2år","Mellemøstens sprog og samfund, kand.2år",,,"Middle Eastern Languages and Societies, kand.2yr [current education]",,,manual_level_fix,CSV:EDU_udd,medium,danish,,,424,209,2.3e-05,"Mellemøstens sprog og samfund, kand.2år",True
EDU_udd_6457,EDU,udd,6457,"International Studies, kand.2år","International Studies, kand.2år",,,"International Studies, kand.2yr [current education]",,,manual_level_fix,CSV:EDU_udd,medium,danish,,,1610,801,8.9e-05,"International Studies, kand.2år",True
EDU_udd_8332,EDU,udd,8332,"Medicin og teknologi, civilingeniør 2år","Medicin og teknologi, civilingeniør 2år",,,"Medicine and Technology, MEng 2yr [current education]",,,translated,CSV:EDU_udd,medium,danish,,,846,375,4.2e-05,"Medicin og teknologi, civilingeniør 2år",True
EDU_udd_7719,EDU,udd,7719,"Medialogy, kand.2år","Medialogy, kand.2år",,,"Media Studies, kand.2yr [current education]",,,manual_level_fix,CSV:EDU_udd,medium,danish,,,870,433,4.8e-05,"Medialogy, kand.2år",False
EDU_udd_3402,EDU,udd,3402,"Omsorg, sundhed og pædagogik (grundforløb plus)","Omsorg, sundhed og pædagogik (grundforløb plus)",,,"Care, Health and Pedagogy (foundation program plus) [current education]",,,translated,CSV:EDU_udd,medium,danish,,,2358,1179,0.000131,"Omsorg, sundhed og pædagogik (grundforløb plus)",True
EDU_udd_7474,EDU,udd,7474,"Musik/Musikvidenskab, kand.2år","Musik/Musikvidenskab, kand.2år",,,"Music/Musicology, kand.2yr [current education]",,,translated,CSV:EDU_udd,medium,danish,,,2808,1308,0.000145,"Musik/Musikvidenskab, kand.2år",True
EDU_udd_7620,EDU,udd,7620,"African Studies, kand.2år","African Studies, kand.2år",,,"African Studies, kand.2yr [current education]",,,manual_level_fix,CSV:EDU_udd,medium,danish,,,1236,607,6.7e-05,"African Studies, kand.2år",True
EDU_udd_3031,EDU,udd,3031,"Virksomhedskommunikation, kand.2år","Virksomhedskommunikation, kand.2år",,,"Business Communication, kand.2yr [current education]",,,translated,CSV:EDU_udd,medium,danish,,,870,435,4.8e-05,"Virksomhedskommunikation, kand.2år",True
EDU_udd_8338,EDU,udd,8338,"Nanoteknologi, civilingeniør 2år","Nanoteknologi, civilingeniør 2år",,,"Nanotechnology, MEng 2yr [current education]",,,translated,CSV:EDU_udd,medium,danish,,,514,257,2.8e-05,"Nanoteknologi, civilingeniør 2år",True
EDU_udd_4124,EDU,udd,4124,"Sundhed, omsorg og pædagogik, individuel eud","Sundhed, omsorg og pædagogik, individuel eud",,,"Health, care and pedagogy, individual edu [current education]",,,translated,CSV:EDU_udd,medium,danish,,,114,57,6e-06,"Sundhed, omsorg og pædagogik, individuel eud",True
EDU_udd_7932,EDU,udd,7932,"Medicin og teknologi, ing.bach.","Medicin og teknologi, ing.bach.",,,"Medicine and technology, ing.bach. [current education]",,,translated,CSV:EDU_udd,medium,danish,,,2850,1421,0.000157,"Medicin og teknologi, ing.bach.",True
EDU_udd_5129,EDU,udd,5129,Autoteknolog,Autoteknolog,,,Automotive technologist [current education],,,translated,CSV:EDU_udd,medium,danish,,,1294,636,7e-05,Autoteknolog,True
EDU_udd_5252,EDU,udd,5252,"Byggeri og anlæg, ing.prof.bach.","Byggeri og anlæg, ing.prof.bach.",,,"Construction and installation, ing.prof.bach. [current education]",,,translated,CSV:EDU_udd,medium,danish,,,724,362,4e-05,"Byggeri og anlæg, ing.prof.bach.",False
EDU_udd_7132,EDU,udd,7132,"Sociologi og kulturanalyse, bach.","Sociologi og kulturanalyse, bach.",,,"Sociology and cultural analysis, bach. [current education]",,,translated,CSV:EDU_udd,medium,danish,,,1606,793,8.8e-05,"Sociologi og kulturanalyse, bach.",True
EDU_udd_3260,EDU,udd,3260,"Biologi, kand.2år","Biologi, kand.2år",,,"Biology, kand.2yr [current education]",,,manual_level_fix,CSV:EDU_udd,medium,danish,,,354,176,1.9e-05,"Biologi, kand.2år",False
EDU_udd_6622,EDU,udd,6622,"Mellemøstens sprog og samfund, bach.","Mellemøstens sprog og samfund, bach.",,,"Middle Eastern languages and society, bach. [current education]",,,translated,CSV:EDU_udd,medium,danish,,,1300,643,7.1e-05,"Mellemøstens sprog og samfund, bach.",True
EDU_udd_3420,EDU,udd,3420,"Robotteknologi, ing.bach.","Robotteknologi, ing.bach.",,,"Robotics, ing.bach. [current education]",,,translated,CSV:EDU_udd,medium,danish,,,1202,596,6.6e-05,"Robotteknologi, ing.bach.",True
EDU_udd_3462,EDU,udd,3462,"Robotics, civilingeniør 2år","Robotics, civilingeniør 2år",,,"Robotics, MEng 2yr [current education]",,,translated,CSV:EDU_udd,medium,danish,,,1178,587,6.5e-05,"Robotics, civilingeniør 2år",True
EDU_udd_845,EDU,udd,845,3D Digital Artist (privat udd.),3D Digital Artist (privat udd.),,,3D Digital Artist (privat udd.) [current education],,,copy-of-da,CSV:EDU_udd,medium,danish,,,746,372,4.1e-05,3D Digital Artist (privat udd.),True
EDU_udd_3421,EDU,udd,3421,"Datalogi, bach.","Datalogi, bach.",,,"Computer science, bach. [current education]",,,translated,CSV:EDU_udd,medium,danish,,,1860,911,0.000101,"Datalogi, bach.",False
EDU_udd_6726,EDU,udd,6726,"Medievidenskab, kand.2år","Medievidenskab, kand.2år",,,"Media Studies, kand.2yr [current education]",,,manual_level_fix,CSV:EDU_udd,medium,danish,,,378,188,2.1e-05,"Medievidenskab, kand.2år",False
EDU_udd_3223,EDU,udd,3223,"Energi management (overbygning), prof.bach.","Energi management (overbygning), prof.bach.",,,"Energy management (overbygning), prof.bach. [current education]",,,translated,CSV:EDU_udd,medium,danish,,,584,289,3.2e-05,"Energi management (overbygning), prof.bach.",True
EDU_udd_7174,EDU,udd,7174,"Biomedicine, kand.2år","Biomedicine, kand.2år",,,"Biomedicine, kand.2yr [current education]",,,manual_level_fix,CSV:EDU_udd,medium,danish,,,540,267,3e-05,"Biomedicine, kand.2år",True
EDU_udd_6052,EDU,udd,6052,"Sygepleje, kand.2år","Sygepleje, kand.2år",,,"Nursing, kand.2yr [current education]",,,manual_level_fix,CSV:EDU_udd,medium,danish,,,654,323,3.6e-05,"Sygepleje, kand.2år",False
EDU_udd_5387,EDU,udd,5387,"Environmental engineering, civilingeniør 2år","Environmental engineering, civilingeniør 2år",,,"Environmental Engineering, MEng 2yr [current education]",,,translated,CSV:EDU_udd,medium,danish,,,54,27,3e-06,"Environmental engineering, civilingeniør 2år",True
EDU_udd_5961,EDU,udd,5961,"Tysk-spansk erhvervssprog, bach.","Tysk-spansk erhvervssprog, bach.",,,"German-Spanish business language, bach. [current education]",,,translated,CSV:EDU_udd,medium,danish,,,584,289,3.2e-05,"Tysk-spansk erhvervssprog, bach.",True
EDU_udd_4312,EDU,udd,4312,Elektronikoperatør,Elektronikoperatør,,,Electronics Operator [current education],,,translated,CSV:EDU_udd,medium,danish,,,550,189,2.1e-05,Elektronikoperatør,True
EDU_udd_3469,EDU,udd,3469,"Filosofi, kand.2år","Filosofi, kand.2år",,,"Philosophy, kand.2yr [current education]",,,manual_level_fix,CSV:EDU_udd,medium,danish,,,172,86,1e-05,"Filosofi, kand.2år",False
EDU_udd_7480,EDU,udd,7480,"Filosofi, kand.2år","Filosofi, kand.2år",,,"Philosophy, kand.2yr [current education]",,,manual_level_fix,CSV:EDU_udd,medium,danish,,,482,236,2.6e-05,"Filosofi, kand.2år",False
EDU_udd_5964,EDU,udd,5964,"Business, Language and Culture, german, kand.2år","Business, Language and Culture, german, kand.2år",,,"Business, Language and Culture, German, kand.2yr [current education]",,,manual_level_fix,CSV:EDU_udd,medium,danish,,,414,204,2.3e-05,"Business, Language and Culture, german, kand.2år",True
EDU_udd_8155,EDU,udd,8155,"Biomedicin, bach.","Biomedicin, bach.",,,"Biomedicine, bach. [current education]",,,translated,CSV:EDU_udd,medium,danish,,,2824,1406,0.000156,"Biomedicin, bach.",True
EDU_udd_7176,EDU,udd,7176,"Biomedicin, kand.2år","Biomedicin, kand.2år",,,"Biomedicine, kand.2yr [current education]",,,manual_level_fix,CSV:EDU_udd,medium,danish,,,614,306,3.4e-05,"Biomedicin, kand.2år",True
EDU_udd_5687,EDU,udd,5687,"Procesøkonomi og værdikædeledelse, prof.bach.","Procesøkonomi og værdikædeledelse, prof.bach.",,,"Process Economics and Value Chain Management, prof.bach. [current education]",,,translated,CSV:EDU_udd,medium,danish,,,1106,541,6e-05,"Procesøkonomi og værdikædeledelse, prof.bach.",False
EDU_udd_7846,EDU,udd,7846,"Klassisk musikpædagog (AM), bach.","Klassisk musikpædagog (AM), bach.",,,"Classical Music Pedagogy (AM), bach. [current education]",,,translated,CSV:EDU_udd,medium,danish,,,196,98,1.1e-05,"Klasisk musikpædagog (AM), bach.",True
EDU_udd_8187,EDU,udd,8187,"Naturgeografi, bach.","Naturgeografi, bach.",,,"Physical geography, bach. [current education]",,,translated,CSV:EDU_udd,medium,danish,,,190,95,1.1e-05,"Naturgeografi, bach.",True
EDU_udd_5972,EDU,udd,5972,"Internat. virksomhedskommunik., engelsk-fransk, bach.","Internat. virksomhedskommunik., engelsk-fransk, bach.",,,"International Business Communication, English-French, bach. [current education]",,,translated,CSV:EDU_udd,medium,danish,,,228,114,1.3e-05,"Internat. virksomhedskommunik., engelsk-fransk, bach.",True
EDU_udd_5801,EDU,udd,5801,"Fotograf, film og tv produktion","Fotograf, film og tv produktion",,,"Photography, Film and TV Production [current education]",,,translated,CSV:EDU_udd,medium,danish,,,176,88,1e-05,"Fotograf, film og tv produktion",True
EDU_udd_5787,EDU,udd,5787,"Kommunikationsledelse og erhvervsøkonomi, cand.merc.2år","Kommunikationsledelse og erhvervsøkonomi, cand.merc.2år",,,"Communication Management and Business Economics, Cand.merc. 2yr [current education]",,,translated,CSV:EDU_udd,medium,danish,,,1034,517,5.7e-05,"Kommunikationsledelse og erhvervsøkonomi, cand.merc.2år",True
EDU_udd_6129,EDU,udd,6129,"Molekylær biologi, kand.2år (RUC)","Molekylær biologi, kand.2år (RUC)",,,"Molecular Biology, kand.2yr (RUC) [current education]",,,manual_level_fix,CSV:EDU_udd,medium,danish,,,356,177,2e-05,"Molekylær biologi, kand.2år (RUC)",True
EDU_udd_7946,EDU,udd,7946,"Klassisk musikpædagog (AM), kand.2år","Klassisk musikpædagog (AM), kand.2år",,,"Classical Music Pedagogy (AM), kand.2yr [current education]",,,manual_level_fix,CSV:EDU_udd,medium,danish,,,104,51,6e-06,"Klassisk musikpædagog (AM), kand.2år",True
EDU_udd_803,EDU,udd,803,Billedkunst (privat udd.),Billedkunst (privat udd.),,,Visual Arts (private edu.),,,copy-of-da,CSV:EDU_udd,medium,danish,,,946,466,5.2e-05,Billedkunst (privat udd.),True
EDU_udd_8265,EDU,udd,8265,"Bioteknologi, ing.bach.","Bioteknologi, ing.bach.",,,"Biotechnology, ing.bach. [current education]",,,translated,CSV:EDU_udd,medium,danish,,,640,320,3.5e-05,"Bioteknologi, ing.bach.",False
EDU_udd_4140,EDU,udd,4140,Porcelænsmaler,Porcelænsmaler,,,Porcelain Painter [current education],,,translated,CSV:EDU_udd,medium,danish,,,612,278,3.1e-05,Porcelænsmaler,True
EDU_udd_5344,EDU,udd,5344,"IT for datamatiker, ingeniør prof.bach.","IT for datamatiker, ingeniør prof.bach.",,,"IT for Computer Scientists, Engineer prof.bach. [current education]",,,translated,CSV:EDU_udd,medium,danish,,,202,101,1.1e-05,"IT for datamatiker, ingeniør prof.bach.",True
EDU_udd_3039,EDU,udd,3039,"Spansk og spanskamerikansk sprog, litteratur og kultur, bach.","Spansk og spanskamerikansk sprog, litteratur og kultur, bach.",,,"Spanish and Spanish-American Language, Literature and Culture, bach. [current education]",,,translated,CSV:EDU_udd,medium,danish,,,900,448,5e-05,"Spansk og spanskamerikansk sprog, litteratur og kultur, bach.",True
EDU_udd_5786,EDU,udd,5786,"Business Administration and Philosophy, kand.2år","Business Administration and Philosophy, kand.2år",,,"Business Administration and Philosophy, kand.2yr [current education]",,,manual_level_fix,CSV:EDU_udd,medium,danish,,,1418,707,7.8e-05,"Business Administration and Philosophy, kand.2år",True
EDU_udd_7735,EDU,udd,7735,"Medicin, kand.3år","Medicin, kand.3år",,,"Medicine, kand.3yr [current education]",,,manual_level_fix,CSV:EDU_udd,medium,danish,,,2384,1192,0.000132,"Medicin, kand.3år",False
EDU_udd_7845,EDU,udd,7845,"Rytmisk instrument-sang-ensemble, bach.","Rytmisk instrument-sang-ensemble, bach.",,,"Rhythmic instrument-voice ensemble, bach. [current education]",,,translated,CSV:EDU_udd,medium,danish,,,710,353,3.9e-05,"Rytmisk instrument-sang-ensemble, bach.",True
EDU_udd_7945,EDU,udd,7945,"Rytmisk instrument-sang-ensemble, kand.2år","Rytmisk instrument-sang-ensemble, kand.2år",,,"Rhythmic Instrument-Singing-Ensemble, kand.2yr [current education]",,,manual_level_fix,CSV:EDU_udd,medium,danish,,,414,206,2.3e-05,"Rytmisk instrument-sang-ensemble, kand.2år",True
EDU_udd_5236,EDU,udd,5236,"Acoustics and audiotechnology, civilingeniør 2år","Acoustics and audiotechnology, civilingeniør 2år",,,"Acoustics and Audio Technology, Civil Engineer 2yr [current education]",,,translated,CSV:EDU_udd,medium,danish,,,34,17,2e-06,"Acoustics and audiotechnology, civilingeniør 2år",True
EDU_udd_8343,EDU,udd,8343,"Energi, civilingeniør 2år","Energi, civilingeniør 2år",,,"Energy, MEng 2yr [current education]",,,translated,CSV:EDU_udd,medium,danish,,,704,351,3.9e-05,"Energi, civilingeniør 2år",True
EDU_udd_7853,EDU,udd,7853,"Sangskrivning, bach.","Sangskrivning, bach.",,,"Songwriting, bach. [current education]",,,translated,CSV:EDU_udd,medium,danish,,,264,131,1.5e-05,"Sangskrivning, bach.",True
EDU_udd_7961,EDU,udd,7961,"Musik (Music Creation), kand.2år","Musik (Music Creation), kand.2år",,,"Music Composition, kand.2yr",,,translated,CSV:EDU_udd,medium,danish,,,176,88,1e-05,"Musik (Music Creation), kand.2år",True
EDU_udd_5060,EDU,udd,5060,"Værkstedsteknisk grundskole, bandagist","Værkstedsteknisk grundskole, bandagist",,,"Workshop Technical Basic School, orthopaedic technician [current education]",,,translated,CSV:EDU_udd,medium,danish,,,118,59,7e-06,"Værkstedsteknisk grundskole, bandagist",True
EDU_udd_5161,EDU,udd,5161,"Bandagist, prof.bach.","Bandagist, prof.bach.",,,"Orthopaedic technician, prof.bach. [current education]",,,translated,CSV:EDU_udd,medium,danish,,,412,199,2.2e-05,"Bandagist, prof.bach.",True
EDU_udd_3141,EDU,udd,3141,"Biomedical Engineering, civilingeniør 2år","Biomedical Engineering, civilingeniør 2år",,,"Biomedical Engineering, civilingeniør 2yr [current education]",,,manual_level_fix,CSV:EDU_udd,medium,danish,,,1532,764,8.5e-05,"Biomedical Engineering, civilingeniør 2år",True
EDU_udd_7934,EDU,udd,7934,"Kemi-miljø, ing.bach.","Kemi-miljø, ing.bach.",,,"Chemistry-Environment, ing.bach. [current education]",,,translated,CSV:EDU_udd,medium,danish,,,1452,725,8e-05,"Kemi-miljø, ing.bach.",True
EDU_udd_6849,EDU,udd,6849,"Asienstudier, Kinastudier, kand.2år","Asienstudier, Kinastudier, kand.2år",,,"Asian Studies, Chinese Studies, kand.2yr [current education]",,,translated,CSV:EDU_udd,medium,danish,,,222,110,1.2e-05,"Asienstudier, Kinastudier, kand.2år",True
EDU_udd_7511,EDU,udd,7511,"Global Management and Manufacturing, ing.prof.bach.","Global Management and Manufacturing, ing.prof.bach.",,,"Global Management and Manufacturing, ing.prof.bach. [current education]",,,copy-of-da,CSV:EDU_udd,medium,danish,,,638,315,3.5e-05,"Global Management and Manufacturing, ing.prof.bach.",False
EDU_udd_7465,EDU,udd,7465,"Mathematics, kand.2år","Mathematics, kand.2år",,,"Mathematics, kand.2yr [current education]",,,manual_level_fix,CSV:EDU_udd,medium,danish,,,964,477,5.3e-05,"Mathematics, kand.2år",True
EDU_udd_7415,EDU,udd,7415,"Lægemiddelvidenskab, bach.","Lægemiddelvidenskab, bach.",,,"Pharmaceutical Science, bach. [current education]",,,translated,CSV:EDU_udd,medium,danish,,,170,85,9e-06,"Lægemiddelvidenskab, bach.",True
EDU_udd_3481,EDU,udd,3481,"Medicinal Chemistry, kand.2år","Medicinal Chemistry, kand.2år",,,"Medicinal Chemistry, kand.2yr [current education]",,,translated,CSV:EDU_udd,medium,danish,,,214,107,1.2e-05,"Medicinal Chemistry, kand.2år",False
EDU_udd_5163,EDU,udd,5163,VVS-installatør,VVS-installatør,,,HVAC Installer [current education],,,translated,CSV:EDU_udd,medium,danish,,,644,314,3.5e-05,VVS-installatør,True
EDU_udd_4321,EDU,udd,4321,CNC-teknikuddannelsen,CNC-teknikuddannelsen,,,Cnc-teknik programme [current education],,,translated,CSV:EDU_udd,medium,danish,,,350,122,1.4e-05,CNC-teknikuddannelsen,True
EDU_udd_8105,EDU,udd,8105,"Informatik, bach.","Informatik, bach.",,,"Informatics, bach. [current education]",,,translated,CSV:EDU_udd,medium,danish,,,306,152,1.7e-05,"Informatik, bach.",True
EDU_udd_5264,EDU,udd,5264,"Maskin, civilingeniør 2år","Maskin, civilingeniør 2år",,,"Mechanical Engineering, Civil Engineer (CEng).2yr [current education]",,,translated,CSV:EDU_udd,medium,danish,,,210,105,1.2e-05,"Maskin, civilingeniør 2år",False
EDU_udd_7449,EDU,udd,7449,"Molekylær biomedicin/Molekylær medicin, bach.","Molekylær biomedicin/Molekylær medicin, bach.",,,"Molecular biomedicine/Molecular medicine, bach. [current education]",,,translated,CSV:EDU_udd,medium,danish,,,2462,1225,0.000136,"Molekylær biomedicin/Molekylær medicin, bach.",True
EDU_udd_5856,EDU,udd,5856,Dance,Dance,,,Dance [current education],,,copy-of-da,CSV:EDU_udd,medium,danish,,,328,164,1.8e-05,Dance,True
EDU_udd_8300,EDU,udd,8300,"Sustainable Cities, civilingeniør 2år","Sustainable Cities, civilingeniør 2år",,,"Sustainable Cities, civil engineer 2yr [current education]",,,translated,CSV:EDU_udd,medium,danish,,,760,379,4.2e-05,"Sustainable Cities, civilingeniør 2år",True
EDU_udd_820,EDU,udd,820,Trafikflyver (privat udd.),Trafikflyver (privat udd.),,,Private Pilot (private prog.) [current education],,,translated,CSV:EDU_udd,medium,danish,,,2340,1152,0.000128,Trafikflyver (privat udd.),True
EDU_udd_8373,EDU,udd,8373,"Sound and Music Computing, civilingeniør 2år","Sound and Music Computing, civilingeniør 2år",,,"Sound and Music Computing, civil engineer 2yr [current education]",,,translated,CSV:EDU_udd,medium,danish,,,394,194,2.1e-05,"Sound and Music Computing, civilingeniør 2år",True
EDU_udd_7148,EDU,udd,7148,"Muskuloskeletal fysioterapi, kand.2år","Muskuloskeletal fysioterapi, kand.2år",,,"Musculoskeletal Physiotherapy, kand.2yr [current education]",,,translated,CSV:EDU_udd,medium,danish,,,236,116,1.3e-05,"Muskuloskeletal fysioterapi, kand.2år",True
EDU_udd_5851,EDU,udd,5851,Dramatisk skrivekunst,Dramatisk skrivekunst,,,Dramatic Writing,,,copy-of-da,CSV:EDU_udd,medium,danish,,,12,6,1e-06,Dramatisk skrivekunst,True
EDU_udd_5809,EDU,udd,5809,"Billedkunst, kand.3år","Billedkunst, kand.3år",,,"Visual Arts, kand.3yr [current education]",,,translated,CSV:EDU_udd,medium,danish,,,668,334,3.7e-05,"Billedkunst, kand.3år",True
EDU_udd_5980,EDU,udd,5980,"Hotelmanagement, bach.negot.","Hotelmanagement, bach.negot.",,,"Hotelmanagement, bach.negot. [current education]",,,copy-of-da,CSV:EDU_udd,medium,danish,,,50,25,3e-06,"Hotelmanagement, bach.negot.",True
EDU_udd_6742,EDU,udd,6742,"Kommunikation og IT, kand.2år","Kommunikation og IT, kand.2år",,,"Communication and IT, kand.2yr [current education]",,,translated,CSV:EDU_udd,medium,danish,,,1180,590,6.5e-05,"Kommunikation og IT, kand.2år",True
EDU_udd_6233,EDU,udd,6233,"Food Science and Technology, kand.2år","Food Science and Technology, kand.2år",,,"Food Science and Technology, kand.2yr [current education]",,,manual_level_fix,CSV:EDU_udd,medium,danish,,,1078,539,6e-05,"Food Science and Technology, kand.2år",True
EDU_udd_7549,EDU,udd,7549,"Folkesundhedsvidenskab, bach.","Folkesundhedsvidenskab, bach.",,,"Public health science, bach. [current education]",,,translated,CSV:EDU_udd,medium,danish,,,1638,815,9e-05,"Folkesundhedsvidenskab, bach.",False
EDU_udd_7701,EDU,udd,7701,"Surveying, Planning and Land Management, kand.2år","Surveying, Planning and Land Management, kand.2år",,,"Surveying, Planning and Land Management, kand.2yr [current education]",,,manual_level_fix,CSV:EDU_udd,medium,danish,,,92,46,5e-06,"Surveying, Planning and Land Management, kand.2år",False
EDU_udd_6847,EDU,udd,6847,"Asienstudier, Japanstudier, kand.2år","Asienstudier, Japanstudier, kand.2år",,,"Asian Studies, Japanese Studies, kand.2yr (master's) [current education]",,,translated,CSV:EDU_udd,medium,danish,,,90,45,5e-06,"Asienstudier, Japanstudier, kand.2år",True
EDU_udd_3095,EDU,udd,3095,"Digital design, kand.2år","Digital design, kand.2år",,,"Digital Design, kand.2yr",,,translated,CSV:EDU_udd,medium,danish,,,1006,500,5.5e-05,"Digital design, kand.2år",True
EDU_udd_3110,EDU,udd,3110,"Design and Innovation, civilingeniør 2år","Design and Innovation, civilingeniør 2år",,,"Design and Innovation, civilingeniør 2yr [current education]",,,manual_level_fix,CSV:EDU_udd,medium,danish,,,1882,939,0.000104,"Design and Innovation, civilingeniør 2år",True
EDU_udd_5255,EDU,udd,5255,"Bygningsteknik, ing.prof.bach.","Bygningsteknik, ing.prof.bach.",,,"Building Technology, ing.prof.bach. [current education]",,,translated,CSV:EDU_udd,medium,danish,,,1846,920,0.000102,"Bygningsteknik, ing.prof.bach.",True
EDU_udd_6470,EDU,udd,6470,"Erhvervsøkonomi og jura, kand.2år","Erhvervsøkonomi og jura, kand.2år",,,"Business Administration and Law, kand.2yr [current education]",,,manual_level_fix,CSV:EDU_udd,medium,danish,,,1064,522,5.8e-05,"Erhvervsøkonomi og jura, kand.2år",False
EDU_udd_3058,EDU,udd,3058,"Molekylærbiologi, kand.2år","Molekylærbiologi, kand.2år",,,"Molecular Biology, kand.2yr [current education]",,,manual_level_fix,CSV:EDU_udd,medium,danish,,,242,121,1.3e-05,"Molekylærbiologi, kand.2år",False
EDU_udd_7061,EDU,udd,7061,"Miljø og ressource management, bach.","Miljø og ressource management, bach.",,,"Environment and Resource Management, bach. [current education]",,,translated,CSV:EDU_udd,medium,danish,,,254,125,1.4e-05,"Miljø og ressource management, bach.",True
EDU_udd_7724,EDU,udd,7724,"Tourism, kand.2år","Tourism, kand.2år",,,"Tourism, kand.2yr [current education]",,,translated,CSV:EDU_udd,medium,danish,,,1468,732,8.1e-05,"Tourism, kand.2år",True
EDU_udd_5216,EDU,udd,5216,"Regulation and automation, civilingeniør 2år","Regulation and automation, civilingeniør 2år",,,"Regulation and Automation, civilingeniør 2yr [current education]",,,manual_level_fix,CSV:EDU_udd,medium,danish,,,448,224,2.5e-05,"Regulation and automation, civilingeniør 2år",True
EDU_udd_8173,EDU,udd,8173,"Datavidenskab, kand.2år","Datavidenskab, kand.2år",,,"Computer Science, kand.2yr",,,translated,CSV:EDU_udd,medium,danish,,,1318,655,7.3e-05,"Datavidenskab, kand.2år",True
EDU_udd_7937,EDU,udd,7937,"Elektronik og IT, ing.bach.","Elektronik og IT, ing.bach.",,,"Electronics and IT, ing.bach. [current education]",,,translated,CSV:EDU_udd,medium,danish,,,978,489,5.4e-05,"Elektronik og IT, ing.bach.",True
EDU_udd_3163,EDU,udd,3163,"Webkommunikation, kand.2år","Webkommunikation, kand.2år",,,"Web Communication, kand.2yr [current education]",,,manual_level_fix,CSV:EDU_udd,medium,danish,,,188,94,1e-05,"Webkommunikation, kand.2år",False
EDU_udd_7456,EDU,udd,7456,"Economics, kand.2år","Economics, kand.2år",,,"Economics, kand.2yr [current education]",,,manual_level_fix,CSV:EDU_udd,medium,danish,,,1014,507,5.6e-05,"Economics, kand.2år",False
EDU_udd_3094,EDU,udd,3094,"Digital design, bach.","Digital design, bach.",,,"Digital design, bach. [current education]",,,copy-of-da,CSV:EDU_udd,medium,danish,,,1098,549,6.1e-05,"Digital design, bach.",True
EDU_udd_7952,EDU,udd,7952,"Komponist, kand.2år","Komponist, kand.2år",,,"Composition, kand.2yr",,,translated,CSV:EDU_udd,medium,danish,,,372,185,2e-05,"Komponist, kand.2år",True
EDU_udd_5813,EDU,udd,5813,"Billedkunst, bach.","Billedkunst, bach.",,,"Fine art, bach. [current education]",,,translated,CSV:EDU_udd,medium,danish,,,654,327,3.6e-05,"Billedkunst, bach.",True
EDU_udd_3179,EDU,udd,3179,"Corporate Communication, kand.2år","Corporate Communication, kand.2år",,,"Corporate Communication, kand.2yr [current education]",,,manual_level_fix,CSV:EDU_udd,medium,danish,,,776,388,4.3e-05,"Corporate Communication, kand.2år",True
EDU_udd_6736,EDU,udd,6736,"Environmental Engineering, civilingeniør 2år","Environmental Engineering, civilingeniør 2år",,,"Environmental Engineering, MEng [current education]",,,translated,CSV:EDU_udd,medium,danish,,,1708,852,9.4e-05,"Environmental Engineering, civilingeniør 2år",True
EDU_udd_3417,EDU,udd,3417,"Economics and Business Administration, bach.","Economics and Business Administration, bach.",,,"Economics and Business Administration, bach. [current education]",,,copy-of-da,CSV:EDU_udd,medium,danish,,,724,361,4e-05,"Economics and Business Administration, bach.",False
EDU_udd_4756,EDU,udd,4756,"Krop og stil, individuel eud","Krop og stil, individuel eud",,,"Body and Form, individual EUd [current education]",,,translated,CSV:EDU_udd,medium,danish,,,60,28,3e-06,"Krop og stil, individuel eud",True
EDU_udd_8353,EDU,udd,8353,"Energisystemer, civilingeniør 2år","Energisystemer, civilingeniør 2år",,,"Energy Systems, MEng [current education]",,,translated,CSV:EDU_udd,medium,danish,,,396,197,2.2e-05,"Energisystemer, civilingeniør 2år",True
EDU_udd_5439,EDU,udd,5439,"Mechatronics, ing.prof.bach.","Mechatronics, ing.prof.bach.",,,"Mechatronics, ing.prof.bach. [current education]",,,copy-of-da,CSV:EDU_udd,medium,danish,,,1332,659,7.3e-05,"Mechatronics, ing.prof.bach.",True
EDU_udd_6313,EDU,udd,6313,"Interreligiøse islamstudier, kand.2år","Interreligiøse islamstudier, kand.2år",,,"Interreligious Islamic Studies, kand.2yr [current education]",,,manual_level_fix,CSV:EDU_udd,medium,danish,,,168,81,9e-06,"Interreligiøse islamstudier, kand.2år",True
EDU_udd_7736,EDU,udd,7736,"Idræt/Idræt og sundhed, kand.2år","Idræt/Idræt og sundhed, kand.2år",,,"Sports/Sports and Health, kand.2yr [current education]",,,manual_level_fix,CSV:EDU_udd,medium,danish,,,910,451,5e-05,"Idræt/Idræt og sundhed, kand.2år",False
EDU_udd_7321,EDU,udd,7321,"Human security, kand.2år","Human security, kand.2år",,,"Human Security, kand.2yr [current education]",,,manual_level_fix,CSV:EDU_udd,medium,danish,,,896,448,5e-05,"Human security, kand.2år",True
EDU_udd_7181,EDU,udd,7181,"Global Health, kand.2år","Global Health, kand.2år",,,"Global Health, kand.2yr [current education]",,,manual_level_fix,CSV:EDU_udd,medium,danish,,,866,433,4.8e-05,"Global Health, kand.2år",True
EDU_udd_7650,EDU,udd,7650,"By-, energi- og miljøplanlægning, ing.bach.","By-, energi- og miljøplanlægning, ing.bach.",,,"Urban, Energy and Environmental Planning, BEng [current education]",,,translated,CSV:EDU_udd,medium,danish,,,722,359,4e-05,"By-, energi- og miljøplanlægning, ing.bach.",False
EDU_udd_3228,EDU,udd,3228,"Teknologi, byggeri og transport, Individuel EUD","Teknologi, byggeri og transport, Individuel EUD",,,"Technology, construction and transportation, Individual UDD [current education]",,,translated,CSV:EDU_udd,medium,danish,,,376,188,2.1e-05,"Teknologi, byggeri og transport, Individuel EUD",True
EDU_udd_7545,EDU,udd,7545,"Samfundsfag, bach.","Samfundsfag, bach.",,,"Social science, bach. [current education]",,,translated,CSV:EDU_udd,medium,danish,,,942,470,5.2e-05,"Samfundsfag, bach.",False
EDU_udd_7909,EDU,udd,7909,"Computerteknologi, ing.bach.","Computerteknologi, ing.bach.",,,"Computer technology, ing.bach. [current education]",,,translated,CSV:EDU_udd,medium,danish,,,430,214,2.4e-05,"Computerteknologi, ing.bach.",True
EDU_udd_5218,EDU,udd,5218,"Vision, graphics and interactive systems, civilingeniør 2år","Vision, graphics and interactive systems, civilingeniør 2år",,,"Vision, graphics and interactive systems, civil engineer 2 years [current education]",,,translated,CSV:EDU_udd,medium,danish,,,260,130,1.4e-05,"Vision, graphics and inveractive systems, civilingeniør 2år",True
EDU_udd_7902,EDU,udd,7902,"Kemi og bioteknologi, ing.bach.","Kemi og bioteknologi, ing.bach.",,,"Chemistry and Biotechnology, ing.bach. [current education]",,,translated,CSV:EDU_udd,medium,danish,,,254,125,1.4e-05,"Kemi og bioteknologi, ing.bach.",False
EDU_udd_3221,EDU,udd,3221,"International kommunikation og multimedier, bach.","International kommunikation og multimedier, bach.",,,"International communication and multimedia, bachelor [current education]",,,translated,CSV:EDU_udd,medium,danish,,,306,153,1.7e-05,"International kommunikation og multimedier, bach.",True
EDU_udd_3279,EDU,udd,3279,"Molekylær medicin, kand.2år","Molekylær medicin, kand.2år",,,"Molecular Medicine, kand.2yr [current education]",,,translated,CSV:EDU_udd,medium,danish,,,656,328,3.6e-05,"Molekylær medicin, kand.2år",True
EDU_udd_3318,EDU,udd,3318,"Intercultural Studies, kand.2år","Intercultural Studies, kand.2år",,,"Intercultural Studies, kand.2yr [current education]",,,translated,CSV:EDU_udd,medium,danish,,,444,222,2.5e-05,"Intercultural Studies, kand.2år",True
EDU_udd_7680,EDU,udd,7680,"Energi, ing.bach.","Energi, ing.bach.",,,"Energy, ing.bach. [current education]",,,translated,CSV:EDU_udd,medium,danish,,,1296,644,7.1e-05,"Energi, ing.bach.",True
EDU_udd_3127,EDU,udd,3127,"Energy Engineering, civilingeniør 2år","Energy Engineering, civilingeniør 2år",,,"Energy Engineering, civil engineer 2 years [current education]",,,translated,CSV:EDU_udd,medium,danish,,,1508,750,8.3e-05,"Energy Engineering, civilingeniør 2år",True
EDU_udd_3393,EDU,udd,3393,"Economics and Business Administration in Accounting, Strategy and Control, kand.2år","Economics and Business Administration in Accounting, Strategy and Control, kand.2år",,,"Economics and Business Administration in Accounting, Strategy and Control, kand.2yr [current education]",,,translated,CSV:EDU_udd,medium,danish,,,246,123,1.4e-05,"Economics and Business Administration in Accounting, Strategy and Control, kand.2år",True
EDU_udd_8348,EDU,udd,8348,"Engineering Acoustics, civilingeniør 2år","Engineering Acoustics, civilingeniør 2år",,,"Engineering Acoustics, civil engineer 2 years [current education]",,,translated,CSV:EDU_udd,medium,danish,,,692,345,3.8e-05,"Engineering Acoustics, civilingeniør 2år",True
EDU_udd_4088,EDU,udd,4088,"Crafts in Glass and Ceramics, prof.bach.","Crafts in Glass and Ceramics, prof.bach.",,,"Crafts in Glass and Ceramics, prof.bach. [current education]",,,copy-of-da,CSV:EDU_udd,medium,danish,,,180,90,1e-05,"Crafts in Glass and Ceramics, prof.bach.",True
EDU_udd_6205,EDU,udd,6205,"Designer, bach.","Designer, bach.",,,"Designer, bach. [current education]",,,copy-of-da,CSV:EDU_udd,medium,danish,,,1328,664,7.4e-05,"Designer, bach.",False
EDU_udd_3125,EDU,udd,3125,"Urban Energy and Environmental Planning, civilingeniør 2år","Urban Energy and Environmental Planning, civilingeniør 2år",,,"Urban Energy and Environmental Planning, civil engineer 2 years [current education]",,,translated,CSV:EDU_udd,medium,danish,,,1392,694,7.7e-05,"Urban Energy and Environmental Planning, civilingeniør 2år",True
EDU_udd_3140,EDU,udd,3140,"Applied Chemistry, civilingeniør 2år","Applied Chemistry, civilingeniør 2år",,,"Applied Chemistry, civil engineer 2 years [current education]",,,translated,CSV:EDU_udd,medium,danish,,,1224,602,6.7e-05,"Applied Chemistry, civilingeniør 2år",True
EDU_udd_7463,EDU,udd,7463,"Chemistry, kand.2år","Chemistry, kand.2år",,,"Chemistry, kand.2yr [current education]",,,translated,CSV:EDU_udd,medium,danish,,,1012,502,5.6e-05,"Chemistry, kand.2år",True
EDU_udd_3072,EDU,udd,3072,"Øst- og sydøsteuropastudier, grækenlandsstudier, bach.","Øst- og sydøsteuropastudier, grækenlandsstudier, bach.",,,"East and Southeast European Studies, Greek Studies, bach. [current education]",,,translated,CSV:EDU_udd,medium,danish,,,64,32,4e-06,"Øst- og sydøsteuropastudier, grækenlandsstudier, bach.",True
EDU_udd_5514,EDU,udd,5514,"International Sales and Marketing (overbygning), prof.bach.","International Sales and Marketing (overbygning), prof.bach.",,,"International Sales and Marketing (top-up), prof.bach. [current education]",,,translated,CSV:EDU_udd,medium,danish,,,5216,2597,0.000288,"International Sales and Marketing (overbygning), prof.bach.",True
EDU_udd_3019,EDU,udd,3019,"Softwareteknologi, ing.bach.","Softwareteknologi, ing.bach.",,,"Software Technology, ing.bach. [current education]",,,translated,CSV:EDU_udd,medium,danish,,,2256,1120,0.000124,"Softwareteknologi, ing.bach.",True
EDU_udd_7482,EDU,udd,7482,"Litteraturvidenskab, kand.2år","Litteraturvidenskab, kand.2år",,,"Literary Studies, kand.2yr [current education]",,,translated,CSV:EDU_udd,medium,danish,,,1302,637,7.1e-05,"Litteraturvidenskab, kand.2år",False
EDU_udd_3427,EDU,udd,3427,"International virksomhedskommunikation, tysk, bach.","International virksomhedskommunikation, tysk, bach.",,,"International business communication, German, bach. [current education]",,,translated,CSV:EDU_udd,medium,danish,,,396,196,2.2e-05,"International virksomhedskommunikation, tysk, bach.",False
EDU_udd_7865,EDU,udd,7865,"Musik og musikpædagogik, kand.2år","Musik og musikpædagogik, kand.2år",,,"Music and music pedagogy, cand. 2 years [current education]",,,translated,CSV:EDU_udd,medium,danish,,,1954,957,0.000106,"Musik og musikpædagogik, kand.2år",True
EDU_udd_5774,EDU,udd,5774,"Interaktionsdesign, kand.2år","Interaktionsdesign, kand.2år",,,"Interaction Design, kand.2yr [current education]",,,manual_level_fix,CSV:EDU_udd,medium,danish,,,326,163,1.8e-05,"Interaktionsdesign, kand.2år",True
EDU_udd_3461,EDU,udd,3461,"Audiologopædi, kand.2år","Audiologopædi, kand.2år",,,"Audiology, kand.2yr [current education]",,,manual_level_fix,CSV:EDU_udd,medium,danish,,,636,318,3.5e-05,"Audiologopædi, kand.2år",False
EDU_udd_7912,EDU,udd,7912,"Teknisk biomedicin, ing.bach.","Teknisk biomedicin, ing.bach.",,,"Biomedical engineering, ing.bach. [current education]",,,translated,CSV:EDU_udd,medium,danish,,,1156,577,6.4e-05,"Teknisk biomedicin, ing.bach.",True
EDU_udd_5292,EDU,udd,5292,Production Technology,Production Technology,,,Production Technology [current education],,,copy-of-da,CSV:EDU_udd,medium,danish,,,432,216,2.4e-05,Production Technology,True
EDU_udd_7712,EDU,udd,7712,"Kommunikation, kand.2år","Kommunikation, kand.2år",,,"Communication, kand.2yr [current education]",,,translated,CSV:EDU_udd,medium,danish,,,970,483,5.3e-05,"Kommunikation, kand.2år",False
EDU_udd_5645,EDU,udd,5645,"Design and Business (overbygning), prof.bach.","Design and Business (overbygning), prof.bach.",,,"Design and Business (top-up), prof.bach. [current education]",,,translated,CSV:EDU_udd,medium,danish,,,2638,1319,0.000146,"Design and Business (overbygning), prof.bach.",True
EDU_udd_5284,EDU,udd,5284,"Robotteknologi, ing.prof.bach.","Robotteknologi, ing.prof.bach.",,,"Robotics engineering, ing.prof.bach. [current education]",,,translated,CSV:EDU_udd,medium,danish,,,852,424,4.7e-05,"Robotteknologi, ing.prof.bach.",True
EDU_udd_3201,EDU,udd,3201,"Virksomhedsledelse, kand.2år","Virksomhedsledelse, kand.2år",,,"Business Administration, kand.2yr [current education]",,,manual_level_fix,CSV:EDU_udd,medium,danish,,,826,407,4.5e-05,"Virksomhedsledelse, kand.2år",True
EDU_udd_3068,EDU,udd,3068,"Portugisiske og brasilianske studier, bach.","Portugisiske og brasilianske studier, bach.",,,"Portuguese and Brazilian studies, bach. [current education]",,,translated,CSV:EDU_udd,medium,danish,,,288,143,1.6e-05,"Portugisiske og brasilianske studier, bach.",True
EDU_udd_7906,EDU,udd,7906,"Data science og management, ing.bach.","Data science og management, ing.bach.",,,"Data science and management, ing.bach. [current education]",,,translated,CSV:EDU_udd,medium,danish,,,886,440,4.9e-05,"Data science og management, ing.bach.",True
EDU_udd_5303,EDU,udd,5303,"Klima og forsyningsteknik, ing.prof.bach.","Klima og forsyningsteknik, ing.prof.bach.",,,"Climate and energy engineering, ing.prof.bach. [current education]",,,translated,CSV:EDU_udd,medium,danish,,,38,19,2e-06,"Klima og forsyningsteknik, ing.prof.bach.",True
EDU_udd_6538,EDU,udd,6538,"Kommunikation og IT, bach.","Kommunikation og IT, bach.",,,"Communication and IT, bach. [current education]",,,translated,CSV:EDU_udd,medium,danish,,,2496,1244,0.000138,"Kommunikation og IT, bach.",True
EDU_udd_5294,EDU,udd,5294,Multimedia Design,Multimedia Design,,,Multimedia Design [current education],,,copy-of-da,CSV:EDU_udd,medium,danish,,,4126,2052,0.000227,Multimedia Design,True
EDU_udd_6574,EDU,udd,6574,"Indoeuropæisk, bach.","Indoeuropæisk, bach.",,,"Indo-European, bach. [current education]",,,translated,CSV:EDU_udd,medium,danish,,,72,36,4e-06,"Indoeuropæisk, bach.",True
EDU_udd_7705,EDU,udd,7705,"Engelsk, kand.2år","Engelsk, kand.2år",,,"English, kand.2yr [current education]",,,manual_level_fix,CSV:EDU_udd,medium,danish,,,638,317,3.5e-05,"Engelsk, kand.2år",False
EDU_udd_7901,EDU,udd,7901,"Bæredygtigt design, ing.bach.","Bæredygtigt design, ing.bach.",,,"Sustainable Design, ing.bach. [current education]",,,translated,CSV:EDU_udd,medium,danish,,,1042,519,5.7e-05,"Bæredygtigt design, ing.bach.",True
EDU_udd_6656,EDU,udd,6656,"Global business og teknologi, ing.prof.bach.","Global business og teknologi, ing.prof.bach.",,,"Global Business and Technology, Ing. prof. bach. [current education]",,,translated,CSV:EDU_udd,medium,danish,,,2094,1032,0.000114,"Global business og teknologi, ing.prof.bach.",False
EDU_udd_8721,EDU,udd,8721,"Kommunikation (RUC), kand.2år","Kommunikation (RUC), kand.2år",,,"Communication, kand.2yr [current education]",,,manual_level_fix,CSV:EDU_udd,medium,danish,,,812,406,4.5e-05,"Kommunikation (RUC), kand.2år",True
EDU_udd_8156,EDU,udd,8156,"Biokemi og molekylær biologi, bach.","Biokemi og molekylær biologi, bach.",,,"Biochemistry and Molecular Biology, bach. [current education]",,,translated,CSV:EDU_udd,medium,danish,,,1194,590,6.5e-05,"Biokemi og molekylær biologi, bach.",True
EDU_udd_8227,EDU,udd,8227,"Biochemistry and Molecular Biology, kand.2år","Biochemistry and Molecular Biology, kand.2år",,,"Biochemistry and Molecular Biology, kand.2yr [current education]",,,manual_level_fix,CSV:EDU_udd,medium,danish,,,534,266,2.9e-05,"Biochemistry and Molecular Biology, kand.2år",True
EDU_udd_5643,EDU,udd,5643,"Product Development and Integrative Technology (overbygning), prof.bach.","Product Development and Integrative Technology (overbygning), prof.bach.",,,"Product Development and Integrative Technology (top-up), prof.bach. [current education]",,,translated,CSV:EDU_udd,medium,danish,,,722,361,4e-05,"Product Development and Integrative Technology (overbygning), prof.bach.",True
EDU_udd_5771,EDU,udd,5771,"Procesøkonomi og værdikædeledelse, prof.bach.","Procesøkonomi og værdikædeledelse, prof.bach.",,,"Process Economics and Value Chain Management, prof.bach. [current education]",,,translated,CSV:EDU_udd,medium,danish,,,1182,590,6.5e-05,"Procesøkonomi og værdikædeledelse, prof.bach.",True
EDU_udd_6041,EDU,udd,6041,"Filosofi, kand.2år","Filosofi, kand.2år",,,"Philosophy, kand.2yr [current education]",,,manual_level_fix,CSV:EDU_udd,medium,danish,,,168,82,9e-06,"Filosofi, kand.2år",False
EDU_udd_4763,EDU,udd,4763,Forberedende grunduddannelse (FGU),Forberedende grunduddannelse (FGU),,,Preparatory basic education (FGU) [current education],,,translated,CSV:EDU_udd,medium,danish,,,172226,47413,0.005251,Forberedende grunduddannelse (FGU),True
EDU_udd_7663,EDU,udd,7663,"Medialogi, bach.","Medialogi, bach.",,,"Medialogy, bach. [current education]",,,translated,CSV:EDU_udd,medium,danish,,,420,208,2.3e-05,"Medialogi, bach.",False
EDU_udd_7525,EDU,udd,7525,"International virksomhedskommunikation, tysk, bach.","International virksomhedskommunikation, tysk, bach.",,,"International business communication, German, bach. [current education]",,,translated,CSV:EDU_udd,medium,danish,,,640,318,3.5e-05,"International virksomhedskommunikation, tysk, bach.",True
EDU_udd_3121,EDU,udd,3121,"Produkt- og designpsykologi, ing.bach.","Produkt- og designpsykologi, ing.bach.",,,"Product and Design Psychology, ing.bach. [current education]",,,translated,CSV:EDU_udd,medium,danish,,,432,215,2.4e-05,"Produkt- og designpsykologi, ing.bach.",True
EDU_udd_3452,EDU,udd,3452,"Economics, kand.2år","Economics, kand.2år",,,"Economics, kand.2yr [current education]",,,manual_level_fix,CSV:EDU_udd,medium,danish,,,1100,545,6e-05,"Economics, kand.2år",False
EDU_udd_5606,EDU,udd,5606,"International shipping and trade, bach.","International shipping and trade, bach.",,,"International shipping and trade, bach. [current education]",,,copy-of-da,CSV:EDU_udd,medium,danish,,,1110,554,6.1e-05,"International shipping and trade, bach.",True
EDU_udd_7552,EDU,udd,7552,"Medicinalkemi, bach.","Medicinalkemi, bach.",,,"Medicinal chemistry, bach. [current education]",,,translated,CSV:EDU_udd,medium,danish,,,1246,620,6.9e-05,"Medicinalkemi, bach.",True
EDU_udd_7633,EDU,udd,7633,"Medicinal Chemistry, kand.2år","Medicinal Chemistry, kand.2år",,,"Medicinal Chemistry, kand.2yr [current education]",,,translated,CSV:EDU_udd,medium,danish,,,482,240,2.7e-05,"Medicinal Chemistry, kand.2år",True
EDU_udd_3066,EDU,udd,3066,"Brasilianske studier, bach.","Brasilianske studier, bach.",,,"Brazilian studies, bach. [current education]",,,translated,CSV:EDU_udd,medium,danish,,,286,142,1.6e-05,"Brasilianske studier, bach.",True
EDU_udd_6679,EDU,udd,6679,"Designkultur med rum og æstetik, bach.","Designkultur med rum og æstetik, bach.",,,"Design Culture with Space and Aesthetics, bach. [current education]",,,translated,CSV:EDU_udd,medium,danish,,,858,423,4.7e-05,"Designkultur med rum og æstetik, bach.",True
EDU_udd_7696,EDU,udd,7696,"International Relations, kand.2år","International Relations, kand.2år",,,"International Relations, kand.2yr [current education]",,,manual_level_fix,CSV:EDU_udd,medium,danish,,,1500,748,8.3e-05,"International Relations, kand.2år",False
EDU_udd_7681,EDU,udd,7681,"Teknoantropologi, bach.","Teknoantropologi, bach.",,,"Techno-anthropology, bach. [current education]",,,translated,CSV:EDU_udd,medium,danish,,,1622,806,8.9e-05,"Teknoantropologi, bach.",True
EDU_udd_6668,EDU,udd,6668,"Europæisk business, HA i europæisk business, bach.","Europæisk business, HA i europæisk business, bach.",,,"European Business, HA in European Business, bach. [current education]",,,translated,CSV:EDU_udd,medium,danish,,,2612,1306,0.000145,"Europæisk business, HA i europæisk business, bach.",True
EDU_udd_7564,EDU,udd,7564,"Nanoscience, bach.","Nanoscience, bach.",,,"Nanoscience, bach. [current education]",,,copy-of-da,CSV:EDU_udd,medium,danish,,,970,483,5.3e-05,"Nanoscience, bach.",False
EDU_udd_3338,EDU,udd,3338,"Kultur og kulturformidling, kand.2år","Kultur og kulturformidling, kand.2år",,,"Culture and Cultural Communication, kand.2yr [current education]",,,manual_level_fix,CSV:EDU_udd,medium,danish,,,982,488,5.4e-05,"Kultur og kulturformidling, kand.2år",False
EDU_udd_6347,EDU,udd,6347,"Ungarsk, kand.","Ungarsk, kand.",,,"Hungarian, kand. [current education]",,,translated,CSV:EDU_udd,medium,danish,,,72,27,3e-06,"Ungarsk, kand.",True
EDU_udd_5505,EDU,udd,5505,Erhvervssprogligt grundstudium i russisk,Erhvervssprogligt grundstudium i russisk,,,Vocational Foundation Program in Russian [current education],,,translated,CSV:EDU_udd,medium,danish,,,116,57,6e-06,Erhvervssprogligt grundstudium i russisk,True
EDU_udd_5503,EDU,udd,5503,Erhvervssprogligt grundstudium i italiensk,Erhvervssprogligt grundstudium i italiensk,,,Business Language Foundation Program in Italian [current education],,,translated,CSV:EDU_udd,medium,danish,,,438,217,2.4e-05,Erhvervssprogligt grundstudium i italiensk,True
EDU_udd_5744,EDU,udd,5744,"Matematik-nat.-pædagogik, kand.2år (DPU)","Matematik-nat.-pædagogik, kand.2år (DPU)",,,"Mathematics-Natural Science Education, kand. (DPU) [current education]",,,translated,CSV:EDU_udd,medium,danish,,,1114,540,6e-05,"Matematik-nat.-pædagogik, kand.2år (DPU)",True
EDU_udd_6512,EDU,udd,6512,"Engelsk, bach.","Engelsk, bach.",,,"English, bach. [current education]",,,translated,CSV:EDU_udd,medium,danish,,,662,324,3.6e-05,"Engelsk, bach.",False
EDU_udd_5201,EDU,udd,5201,Teleelev,Teleelev,,,Telecom trainee [current education],,,translated,CSV:EDU_udd,medium,danish,,,504,252,2.8e-05,Teleelev,True
EDU_udd_5508,EDU,udd,5508,"Erhvervssprog administrativ, grunduddannelse","Erhvervssprog administrativ, grunduddannelse",,,"Business Language Administration, Basic Education [current education]",,,translated,CSV:EDU_udd,medium,danish,,,58,29,3e-06,"Erhvervssprog administrativ, grunduddannelse",True
EDU_udd_4135,EDU,udd,4135,Produktør,Produktør,,,Producer [current education],,,translated,CSV:EDU_udd,medium,danish,,,696,237,2.6e-05,Produktør,True
EDU_udd_5748,EDU,udd,5748,"Diplomuddannelse, humanistisk pædagogik (DPU)","Diplomuddannelse, humanistisk pædagogik (DPU)",,,"Diploma Education, Humanities Education (DPU) [current education]",,,translated,CSV:EDU_udd,medium,danish,,,56,28,3e-06,"Diplomuddannelse, humanistisk pædagogik (DPU)",True
EDU_udd_6318,EDU,udd,6318,"Indologi-indisk, kand.","Indologi-indisk, kand.",,,"Indology-Indian Studies, kand. [current education]",,,translated,CSV:EDU_udd,medium,danish,,,198,89,1e-05,"Indologi-indisk, kand.",True
EDU_udd_6305,EDU,udd,6305,"Eskimologi, kand.","Eskimologi, kand.",,,"Eskimology, kand. [current education]",,,translated,CSV:EDU_udd,medium,danish,,,318,131,1.5e-05,"Eskimologi, kand.",True
EDU_udd_6120,EDU,udd,6120,"Administrativ databehandling, kand.2år","Administrativ databehandling, kand.2år",,,"Administrative Data Processing, kand.2yr [current education]",,,translated,CSV:EDU_udd,medium,danish,,,170,84,9e-06,"Administrativ databehandling, kand.2år",True
EDU_udd_2481,EDU,udd,2481,Blomsterdekoratørkursus,Blomsterdekoratørkursus,,,Flower Decorator Course [current education],,,translated,CSV:EDU_udd,medium,danish,,,340,170,1.9e-05,Blomsterdekoratørkursus,True
EDU_udd_6328,EDU,udd,6328,"Arkæologi middelalder, kand.","Arkæologi middelalder, kand.",,,"Archaeology Medieval, kand. [current education]",,,translated,CSV:EDU_udd,medium,danish,,,562,191,2.1e-05,"Arkæologi middelalder, kand.",True
EDU_udd_5677,EDU,udd,5677,"Erhvervssprog tysk-spansk, korrespondent","Erhvervssprog tysk-spansk, korrespondent",,,"Business language German-Spanish, correspondent [current education]",,,translated,CSV:EDU_udd,medium,danish,,,390,195,2.2e-05,"Erhvervssprog tysk-spansk, korrespondent",True
EDU_udd_6532,EDU,udd,6532,"Biblioteksvidenskab, it og kommunikation, bach.","Biblioteksvidenskab, it og kommunikation, bach.",,,"Library Science, IT and Communication, bach. [current education]",,,translated,CSV:EDU_udd,medium,danish,,,792,393,4.4e-05,"Biblioteksvidenskab, it og kommunikation, bach.",True
EDU_udd_4443,EDU,udd,4443,Møller,Møller,,,Miller [current education],,,translated,CSV:EDU_udd,medium,danish,,,94,47,5e-06,Møller,True
EDU_udd_4313,EDU,udd,4313,Forsyningsoperatør,Forsyningsoperatør,,,Supply Operator [current education],,,translated,CSV:EDU_udd,medium,danish,,,1400,393,4.4e-05,Forsyningsoperatør,True
EDU_udd_4306,EDU,udd,4306,Havne- og terminaluddannelsen,Havne- og terminaluddannelsen,,,Port and Terminal Education [current education],,,translated,CSV:EDU_udd,medium,danish,,,532,242,2.7e-05,Havne- og terminaluddannelsen,True
EDU_udd_6612,EDU,udd,6612,"Religionshistorie, bach.","Religionshistorie, bach.",,,"History of religion, bach. [current education]",,,translated,CSV:EDU_udd,medium,danish,,,832,409,4.5e-05,"Religionshistorie, bach.",True
EDU_udd_7195,EDU,udd,7195,"Biomedicinsk teknik, kand.2år","Biomedicinsk teknik, kand.2år",,,"Biomedical Engineering, kand.2yr [current education]",,,manual_level_fix,CSV:EDU_udd,medium,danish,,,426,212,2.3e-05,"Biomedicinsk teknik, kand.2år",True
EDU_udd_5202,EDU,udd,5202,Postassistent,Postassistent,,,Postal assistant [current education],,,translated,CSV:EDU_udd,medium,danish,,,260,130,1.4e-05,Postassistent,True
EDU_udd_4999,EDU,udd,4999,Transportbetjent,Transportbetjent,,,Transport officer [current education],,,translated,CSV:EDU_udd,medium,danish,,,706,352,3.9e-05,Transportbetjent,True
EDU_udd_806,EDU,udd,806,Præliminær organistuddannelse 2 år (privat udd.),Præliminær organistuddannelse 2 år (privat udd.),,,Preliminary Organist Training 2 years (private edu.) [current education],,,translated,CSV:EDU_udd,medium,danish,,,132,66,7e-06,Præliminær organistuddannelse 2 år (privat udd.),True
EDU_udd_4117,EDU,udd,4117,Metalsmed,Metalsmed,,,Metalsmith,,,copy-of-da,CSV:EDU_udd,medium,danish,,,518,207,2.3e-05,Metalsmed,True
EDU_udd_6801,EDU,udd,6801,"Nærorientalsk arkæologi, kand.2år","Nærorientalsk arkæologi, kand.2år",,,"Near Eastern Archaeology, kand.2yr [current education]",,,manual_level_fix,CSV:EDU_udd,medium,danish,,,116,56,6e-06,"Nærorientalsk arkæologi, kand.2år",True
EDU_udd_6524,EDU,udd,6524,"Finsk, bach.","Finsk, bach.",,,"Finnish, bach. [current education]",,,translated,CSV:EDU_udd,medium,danish,,,322,149,1.7e-05,"Finsk, bach.",True
EDU_udd_6412,EDU,udd,6412,"Finsk, kand.2år","Finsk, kand.2år",,,"Finnish Language, kand.2yr [current education]",,,manual_level_fix,CSV:EDU_udd,medium,danish,,,86,39,4e-06,"Finsk, kand.2år",True
EDU_udd_5077,EDU,udd,5077,Akademiøkonom i sprog og økonomi,Akademiøkonom i sprog og økonomi,,,Academy Economist in Language and Economics [current education],,,translated,CSV:EDU_udd,medium,danish,,,156,78,9e-06,Akademiøkonom i sprog og økonomi,True
EDU_udd_8096,EDU,udd,8096,"Materialefysik-kemi, kand.2år","Materialefysik-kemi, kand.2år",,,"Materials Physics-Chemistry, kand.2yr [current education]",,,manual_level_fix,CSV:EDU_udd,medium,danish,,,14,7,1e-06,"Materialefysik-kemi, kand.2år",True
EDU_udd_5095,EDU,udd,5095,Akademiøkonom i markedskommunikation,Akademiøkonom i markedskommunikation,,,Academy Economist in Market Communication [current education],,,translated,CSV:EDU_udd,medium,danish,,,328,164,1.8e-05,Akademiøkonom i markedskommunikation,True
EDU_udd_8211,EDU,udd,8211,"Multimedia science, kand.2år","Multimedia science, kand.2år",,,"Multimedia science, kand.2yr [current education]",,,translated,CSV:EDU_udd,medium,danish,,,82,41,5e-06,"Multimedia science, kand.2år",True
EDU_udd_5782,EDU,udd,5782,"Japansk, cand.merc.2år","Japansk, cand.merc.2år",,,"Japanese, cand.merc.2yr [current education]",,,translated,CSV:EDU_udd,medium,danish,,,74,36,4e-06,"Japansk, cand.merc.2år",True
EDU_udd_5803,EDU,udd,5803,"Instruktør, film og tv produktion","Instruktør, film og tv produktion",,,"Director, film and TV production",,,translated,CSV:EDU_udd,medium,danish,,,164,82,9e-06,"Instruktør, film og tv produktion",True
EDU_udd_6436,EDU,udd,6436,"Nærorientalsk oldtidskultur, kand.2år","Nærorientalsk oldtidskultur, kand.2år",,,"Near Eastern ancient culture, kand.2yr [current education]",,,translated,CSV:EDU_udd,medium,danish,,,432,208,2.3e-05,"Nærorientalsk oldtidskultur, kand.2år",True
EDU_udd_5923,EDU,udd,5923,Tonemester (musik) (gl.),Tonemester (musik) (gl.),,,"Sound engineer (music, old) [current education]",,,translated,CSV:EDU_udd,medium,danish,,,80,40,4e-06,Tonemester (musik) (gl.),True
EDU_udd_8229,EDU,udd,8229,"IT, kommunikation og organisation, kand.2år","IT, kommunikation og organisation, kand.2år",,,"IT, Communication and Organization, kand.2yr [current education]",,,translated,CSV:EDU_udd,medium,danish,,,374,187,2.1e-05,"IT, kommunikation og organisation, kand.2år",False
EDU_udd_5452,EDU,udd,5452,"Miljøkemi, kand.2år","Miljøkemi, kand.2år",,,"Environmental chemistry, kand.2yr [current education]",,,manual_level_fix,CSV:EDU_udd,medium,danish,,,206,103,1.1e-05,"Miljøkemi, kand.2år",True
EDU_udd_5706,EDU,udd,5706,"Natur- og kulturformidling, prof.bach.","Natur- og kulturformidling, prof.bach.",,,"Nature and Culture Communication, prof.bach. [current education]",,,translated,CSV:EDU_udd,medium,danish,,,484,242,2.7e-05,"Natur- og kulturformidling, prof.bach.",False
EDU_udd_3213,EDU,udd,3213,"Internationale udviklingsstudier, kand.2år","Internationale udviklingsstudier, kand.2år",,,"International Development Studies, kand.2yr [current education]",,,translated,CSV:EDU_udd,medium,danish,,,154,76,8e-06,"Internationale udviklingsstudier, kand.2år",False
EDU_udd_6321,EDU,udd,6321,"Contemporary Middle Eastern Studies, kand.2år","Contemporary Middle Eastern Studies, kand.2år",,,"Contemporary Middle Eastern Studies, kand.2yr [current education]",,,translated,CSV:EDU_udd,medium,danish,,,598,298,3.3e-05,"Contemporary Middle Eastern Studies, kand.2år",True
EDU_udd_5973,EDU,udd,5973,"Internat. virksomhedskommunik., engelsk-spansk, bach.","Internat. virksomhedskommunik., engelsk-spansk, bach.",,,"Int. business communication, English-Spanish, bach. [current education]",,,translated,CSV:EDU_udd,medium,danish,,,690,345,3.8e-05,"Internat. virksomhedskommunik., engelsk-spansk, bach.",True
EDU_udd_7948,EDU,udd,7948,"Bygge- og anlægskonstruktion, ing.bach.","Bygge- og anlægskonstruktion, ing.bach.",,,"Construction and installation design, ing.bach. [current education]",,,translated,CSV:EDU_udd,medium,danish,,,350,174,1.9e-05,"Bygge- og anlægskonstruktion, ing.bach.",True
EDU_udd_8355,EDU,udd,8355,"Structural and Civil Engineering, civilingeniør 2år","Structural and Civil Engineering, civilingeniør 2år",,,"Structural and Civil Engineering, MSc(Eng) 2yr [current education]",,,translated,CSV:EDU_udd,medium,danish,,,812,404,4.5e-05,"Structural and Civil Engineering, civilingeniør 2år",True
EDU_udd_3284,EDU,udd,3284,"Information Science, kand.2år","Information Science, kand.2år",,,"Information Science, kand.2yr [current education]",,,translated,CSV:EDU_udd,medium,danish,,,708,353,3.9e-05,"Information Science, kand.2år",True
EDU_udd_7485,EDU,udd,7485,"STEM-undervisning, kand.2år","STEM-undervisning, kand.2år",,,"STEM education, kand.2yr [current education]",,,translated,CSV:EDU_udd,medium,danish,,,172,86,1e-05,"STEM-undervisning, kand.2år",True
EDU_udd_5734,EDU,udd,5734,"Business Administration and Sociology, bach.","Business Administration and Sociology, bach.",,,"Business Administration and Sociology, bach. [current education]",,,copy-of-da,CSV:EDU_udd,medium,danish,,,2038,1017,0.000113,"Business Administration and Sociology, bach.",True
EDU_udd_3090,EDU,udd,3090,"Oldtidskundskab, bach.","Oldtidskundskab, bach.",,,"Classics (Ancient-world studies), bach. [current education]",,,translated,CSV:EDU_udd,medium,danish,,,646,317,3.5e-05,"Oldtidskundskab, bach.",True
EDU_udd_6775,EDU,udd,6775,"Oldtidskundskab, kand.2år","Oldtidskundskab, kand.2år",,,"Ancient History, kand.2yr [current education]",,,translated,CSV:EDU_udd,medium,danish,,,160,79,9e-06,"Oldtidskundskab, kand.2år",True
EDU_udd_7648,EDU,udd,7648,"Software, ing.bach.","Software, ing.bach.",,,"Software, ing.bach. [current education]",,,copy-of-da,CSV:EDU_udd,medium,danish,,,3412,1690,0.000187,"Software, ing.bach.",True
EDU_udd_3106,EDU,udd,3106,"Software, civilingeniør 2år","Software, civilingeniør 2år",,,"Software Engineering, MSc(Eng) 2yr [current education]",,,translated,CSV:EDU_udd,medium,danish,,,1426,712,7.9e-05,"Software, civilingeniør 2år",True
EDU_udd_3282,EDU,udd,3282,"Communication Studies, kand.2år","Communication Studies, kand.2år",,,"Communication Studies, kand.2yr [current education]",,,translated,CSV:EDU_udd,medium,danish,,,612,303,3.4e-05,"Communication Studies, kand.2år",True
EDU_udd_5873,EDU,udd,5873,Sprogofficer,Sprogofficer,,,Language officer [current education],,,translated,CSV:EDU_udd,medium,danish,,,302,150,1.7e-05,Sprogofficer,True
EDU_udd_5359,EDU,udd,5359,"Teknisk manager offshore (overbygning), prof.bach.","Teknisk manager offshore (overbygning), prof.bach.",,,"Offshore Technical Manager (top-up), prof.bach.",,,translated,CSV:EDU_udd,medium,danish,,,308,152,1.7e-05,"Teknisk manager offshore (overbygning), prof.bach.",True
EDU_udd_7394,EDU,udd,7394,"Antropologi, kand.2år","Antropologi, kand.2år",,,"Anthropology, kand.2yr [current education]",,,manual_level_fix,CSV:EDU_udd,medium,danish,,,1088,543,6e-05,"Antropologi, kand.2år",False
EDU_udd_6112,EDU,udd,6112,"Environmental and resource management, kand.2år","Environmental and resource management, kand.2år",,,"Environmental and Resource Management, kand.2yr [current education]",,,translated,CSV:EDU_udd,medium,danish,,,688,342,3.8e-05,"Environmental and resource management, kand.2år",True
EDU_udd_5936,EDU,udd,5936,"Internat. virksomhedskommunik., tysk - kommunikation, bach.","Internat. virksomhedskommunik., tysk - kommunikation, bach.",,,"Int. Business Communication, German - communication, bach. [current education]",,,translated,CSV:EDU_udd,medium,danish,,,492,246,2.7e-05,"Internat. virksomhedskommunik., tysk - kommunikation, bach.",True
EDU_udd_5309,EDU,udd,5309,"Fødevaresikkerhed og -kvalitet, ing.prof.bach.","Fødevaresikkerhed og -kvalitet, ing.prof.bach.",,,"Food Safety and Quality, ing.prof.bach. [current education]",,,translated,CSV:EDU_udd,medium,danish,,,770,384,4.3e-05,"Fødevaresikkerhed og -kvalitet, ing.prof.bach.",True
EDU_udd_840,EDU,udd,840,Kaospilot Education,Kaospilot Education,,,KaosPilot Education [current education],,,copy-of-da,CSV:EDU_udd,medium,danish,,,1156,578,6.4e-05,Kaospilot Education,True
EDU_udd_3035,EDU,udd,3035,"Arabisk- og islamstudier, kand.2år","Arabisk- og islamstudier, kand.2år",,,"Arabic and Islamic Studies, kand.2yr [current education]",,,translated,CSV:EDU_udd,medium,danish,,,136,68,8e-06,"Arabisk- og islamstudier, kand.2år",True
EDU_udd_3277,EDU,udd,3277,"Linguistics, kand.2år","Linguistics, kand.2år",,,"Linguistics, kand.2yr [current education]",,,translated,CSV:EDU_udd,medium,danish,,,416,208,2.3e-05,"Linguistics, kand.2år",True
EDU_udd_8402,EDU,udd,8402,"Agrobiologi, bach.","Agrobiologi, bach.",,,"Agrobiology, bach. [current education]",,,translated,CSV:EDU_udd,medium,danish,,,808,403,4.5e-05,"Agrobiologi, bach.",True
EDU_udd_3256,EDU,udd,3256,"Fysik, kand.2år","Fysik, kand.2år",,,"Physics, kand.2yr [current education]",,,translated,CSV:EDU_udd,medium,danish,,,188,92,1e-05,"Fysik, kand.2år",True
EDU_udd_5240,EDU,udd,5240,"Chemical engineering, civilingeniør 2år","Chemical engineering, civilingeniør 2år",,,"Chemical Engineering, MSc(Eng) 2yr [current education]",,,translated,CSV:EDU_udd,medium,danish,,,234,116,1.3e-05,"Chemical engineering, civilingeniør 2år",True
EDU_udd_7579,EDU,udd,7579,"Engelsk, kand.2år","Engelsk, kand.2år",,,"English, kand.2yr [current education]",,,manual_level_fix,CSV:EDU_udd,medium,danish,,,1116,554,6.1e-05,"Engelsk, kand.2år",False
EDU_udd_3472,EDU,udd,3472,"Litteraturvidenskab, kand.2år","Litteraturvidenskab, kand.2år",,,"Literary Studies, kand.2yr [current education]",,,translated,CSV:EDU_udd,medium,danish,,,444,221,2.4e-05,"Litteraturvidenskab, kand.2år",False
EDU_udd_3280,EDU,udd,3280,"Molecular Biomedicine, kand.2år","Molecular Biomedicine, kand.2år",,,"Molecular Biomedicine, kand.2yr [current education]",,,translated,CSV:EDU_udd,medium,danish,,,930,465,5.2e-05,"Molecular Biomedicine, kand.2år",True
EDU_udd_7461,EDU,udd,7461,"Engelsk, kand.2år","Engelsk, kand.2år",,,"English, kand.2yr [current education]",,,manual_level_fix,CSV:EDU_udd,medium,danish,,,1842,909,0.000101,"Engelsk, kand.2år",False
EDU_udd_6662,EDU,udd,6662,"Kemi og teknologi, ing.bach.","Kemi og teknologi, ing.bach.",,,"Chemistry and Technology, ing.bach. [current education]",,,translated,CSV:EDU_udd,medium,danish,,,1868,931,0.000103,"Kemi og teknologi, ing.bach.",True
EDU_udd_8358,EDU,udd,8358,"Chemical and Biochemical Engineering, civilingeniør 2år","Chemical and Biochemical Engineering, civilingeniør 2år",,,"Chemical and Biochemical Engineering, MSc(Eng) 2yr [current education]",,,translated,CSV:EDU_udd,medium,danish,,,1642,819,9.1e-05,"Chemical and Biochemical Engineering, civilingeniør 2år",True
EDU_udd_7911,EDU,udd,7911,"Mechatronics, ing.bach.","Mechatronics, ing.bach.",,,"Mechatronics, ing.bach. [current education]",,,copy-of-da,CSV:EDU_udd,medium,danish,,,626,306,3.4e-05,"Mechatronics, ing.bach.",True
EDU_udd_8327,EDU,udd,8327,"Sundhedsteknologi, civilingeniør 2år","Sundhedsteknologi, civilingeniør 2år",,,"Health Technology, MSc(Eng) 2yr [current education]",,,translated,CSV:EDU_udd,medium,danish,,,666,333,3.7e-05,"Sundhedsteknologi, civilingeniør 2år",True
EDU_udd_3073,EDU,udd,3073,"Øst- og sydøsteuropastudier, polsk, bach.","Øst- og sydøsteuropastudier, polsk, bach.",,,"East and Southeast European Studies, Polish, bach. [current education]",,,translated,CSV:EDU_udd,medium,danish,,,68,34,4e-06,"Øst- og sydøsteuropastudier, polsk, bach.",True
EDU_udd_7983,EDU,udd,7983,"Softwareteknologi, ing.prof.bach.","Softwareteknologi, ing.prof.bach.",,,"Software Technology, ing.prof.bach. [current education]",,,translated,CSV:EDU_udd,medium,danish,,,434,213,2.4e-05,"Softwareteknologi, ing.prof.bach.",False
EDU_udd_6045,EDU,udd,6045,"Internat. virksomhedskommunikation, spansk, bach.","Internat. virksomhedskommunikation, spansk, bach.",,,"Int. Business Communication, Spanish, bach. [current education]",,,translated,CSV:EDU_udd,medium,danish,,,1144,565,6.3e-05,"Internat. virksomhedskommunikation, spansk, bach.",True
EDU_udd_7697,EDU,udd,7697,"International Relations, kand.2år","International Relations, kand.2år",,,"International Relations, kand.2yr [current education]",,,manual_level_fix,CSV:EDU_udd,medium,danish,,,2216,1102,0.000122,"International Relations, kand.2år",True
EDU_udd_5688,EDU,udd,5688,Skuespil,Skuespil,,,Acting,,,copy-of-da,CSV:EDU_udd,medium,danish,,,366,183,2e-05,Skuespil,True
EDU_udd_3211,EDU,udd,3211,"Sociale interventionsstudier, kand.2år","Sociale interventionsstudier, kand.2år",,,"Social Intervention Studies, kand.2yr [current education]",,,translated,CSV:EDU_udd,medium,danish,,,422,210,2.3e-05,"Sociale interventionsstudier, kand.2år",True
EDU_udd_3215,EDU,udd,3215,"Kultur- og sprogmødestudier, kand.2år","Kultur- og sprogmødestudier, kand.2år",,,"Cultural and Language Studies, kand.2yr [current education]",,,manual_level_fix,CSV:EDU_udd,medium,danish,,,358,178,2e-05,"Kultur- og sprogmødestudier, kand.2år",False
EDU_udd_7520,EDU,udd,7520,"Economics and Business Administration, bach.","Economics and Business Administration, bach.",,,"Economics and Business Administration, bach. [current education]",,,copy-of-da,CSV:EDU_udd,medium,danish,,,3910,1946,0.000216,"Economics and Business Administration, bach.",True
EDU_udd_7958,EDU,udd,7958,"Cyberteknologi, ing.bach.","Cyberteknologi, ing.bach.",,,"Cyber technology, ing.bach. [current education]",,,translated,CSV:EDU_udd,medium,danish,,,986,487,5.4e-05,"Cyberteknologi, ing.bach.",True
EDU_udd_5282,EDU,udd,5282,"Kemiteknik og International Business, ing.prof.bach.","Kemiteknik og International Business, ing.prof.bach.",,,"Chemical Engineering and International Business, ing.prof.bach. [current education]",,,translated,CSV:EDU_udd,medium,danish,,,546,271,3e-05,"Kemiteknik og International Business, ing.prof.bach.",True
EDU_udd_8347,EDU,udd,8347,"Oil and Gas Technology, civilingeniør 2år","Oil and Gas Technology, civilingeniør 2år",,,"Oil and Gas Technology, MSc(Eng) 2yr [current education]",,,translated,CSV:EDU_udd,medium,danish,,,590,294,3.3e-05,"Oil and Gas Technology, civilingeniør 2år",True
EDU_udd_7691,EDU,udd,7691,"Bioteknologi, ing.bach.","Bioteknologi, ing.bach.",,,"Biotechnology, ing.bach. [current education]",,,translated,CSV:EDU_udd,medium,danish,,,1028,511,5.7e-05,"Bioteknologi, ing.bach.",False
EDU_udd_8163,EDU,udd,8163,"Matematik og teknologi, ing.bach.","Matematik og teknologi, ing.bach.",,,"Mathematics and technology, ing.bach. [current education]",,,translated,CSV:EDU_udd,medium,danish,,,1830,910,0.000101,"Matematik og teknologi, ing.bach.",True
EDU_udd_8170,EDU,udd,8170,"Datavidenskab og machine learning (AAU), bach.","Datavidenskab og machine learning (AAU), bach.",,,"Computer science and machine learning (AAU), bach. [current education]",,,translated,CSV:EDU_udd,medium,danish,,,174,87,1e-05,"Datavidenskab og machine learning (AAU), bach.",True
EDU_udd_8328,EDU,udd,8328,"Pharmaceutical Design and Engineering, civilingeniør 2år","Pharmaceutical Design and Engineering, civilingeniør 2år",,,"Pharmaceutical Design and Engineering, MSc(Eng) 2yr [current education]",,,translated,CSV:EDU_udd,medium,danish,,,1344,669,7.4e-05,"Pharmaceutical Design and Engineering, civilingeniør 2år",True
EDU_udd_6594,EDU,udd,6594,"Mellemøstens sprog og samfund - Ægyptologi, bach.","Mellemøstens sprog og samfund - Ægyptologi, bach.",,,"Languages and societies of the Middle East - Egyptology, bach. [current education]",,,translated,CSV:EDU_udd,medium,danish,,,248,122,1.4e-05,"Mellemøstens sprog og samfund - Ægyptologi, bach.",True
EDU_udd_5438,EDU,udd,5438,"Multiplatform storytelling and production, prof.bach.","Multiplatform storytelling and production, prof.bach.",,,"Multiplatform storytelling and production, prof.bach. [current education]",,,copy-of-da,CSV:EDU_udd,medium,danish,,,722,360,4e-05,"Multiplatform storytelling and production, prof.bach.",True
EDU_udd_3251,EDU,udd,3251,"Chemistry-biotechnology, ing.bach.","Chemistry-biotechnology, ing.bach.",,,"Chemistry and biotechnology, ing.bach. [current education]",,,translated,CSV:EDU_udd,medium,danish,,,498,249,2.8e-05,"Chemistry-biotechnology, ing.bach.",True
EDU_udd_8725,EDU,udd,8725,"Social intervention, kand.2år","Social intervention, kand.2år",,,"Social Intervention, kand.2yr [current education]",,,manual_level_fix,CSV:EDU_udd,medium,danish,,,126,63,7e-06,"Social intervention, kand.2år",True
EDU_udd_3463,EDU,udd,3463,"Electronics, civilingeniør 2år","Electronics, civilingeniør 2år",,,"Electronics, Civil Engineer 2yr [current education]",,,translated,CSV:EDU_udd,medium,danish,,,160,79,9e-06,"Electronics, civilingeniør 2år",False
EDU_udd_7726,EDU,udd,7726,"Historie, kand.2år","Historie, kand.2år",,,"History, kand.2yr [current education]",,,translated,CSV:EDU_udd,medium,danish,,,482,238,2.6e-05,"Historie, kand.2år",False
EDU_udd_8716,EDU,udd,8716,"Socialpsykologi og læring, kand.2år","Socialpsykologi og læring, kand.2år",,,"Social Psychology and Learning, kand.2yr [current education]",,,manual_level_fix,CSV:EDU_udd,medium,danish,,,700,349,3.9e-05,"Socialpsykologi og læring, kand.2år",True
EDU_udd_7143,EDU,udd,7143,"Security Risk Management, kand.2år","Security Risk Management, kand.2år",,,"Security Risk Management, kand.2yr [current education]",,,manual_level_fix,CSV:EDU_udd,medium,danish,,,834,417,4.6e-05,"Security Risk Management, kand.2år",True
EDU_udd_5665,EDU,udd,5665,"Business Economics and Information Technology, prof.bach.","Business Economics and Information Technology, prof.bach.",,,"Business Economics and Information Technology, prof.bach. [current education]",,,copy-of-da,CSV:EDU_udd,medium,danish,,,1080,539,6e-05,"Business Economics and Information Technology, prof.bach.",True
EDU_udd_6334,EDU,udd,6334,"Portugisisk, kand.","Portugisisk, kand.",,,"Portuguese, kand. [current education]",,,translated,CSV:EDU_udd,medium,danish,,,296,126,1.4e-05,"Portugisisk, kand.",True
EDU_udd_5114,EDU,udd,5114,"Børneforsorgspædagog, kursus 4 mdr.","Børneforsorgspædagog, kursus 4 mdr.",,,"Childcare pedagogy, course 4 months",,,translated,CSV:EDU_udd,medium,danish,,,296,148,1.6e-05,"Børneforsorgspædagog, kursus 4 mdr.",True
EDU_udd_4075,EDU,udd,4075,"Kunsthåndværk, guld- og sølvformgivning","Kunsthåndværk, guld- og sølvformgivning",,,"Artisan crafts, gold and silver forming [current education]",,,translated,CSV:EDU_udd,medium,danish,,,212,106,1.2e-05,"Kunsthåndværk, guld- og sølvformgivning",True
EDU_udd_5560,EDU,udd,5560,Erhvervssproglig afgangseksamen EA,Erhvervssproglig afgangseksamen EA,,,Business language final examination (EA) [current education],,,translated,CSV:EDU_udd,medium,danish,,,288,143,1.6e-05,Erhvervssproglig afgangseksamen EA,True
EDU_udd_2483,EDU,udd,2483,"Gartnerskole, andre kurser","Gartnerskole, andre kurser",,,"Horticultural school, other courses [current education]",,,translated,CSV:EDU_udd,medium,danish,,,452,226,2.5e-05,"Gartnerskole, andre kurser",True
EDU_udd_810,EDU,udd,810,Holistisk afspændingspædagog (privat udd.),Holistisk afspændingspædagog (privat udd.),,,Holistic stress relief pedagogy (private educ.) [current education],,,translated,CSV:EDU_udd,medium,danish,,,100,50,6e-06,Holistisk afspændingspædagog (privat udd.),True
EDU_udd_7667,EDU,udd,7667,Smykkeformgiver,Smykkeformgiver,,,Jewellery designer [current education],,,translated,CSV:EDU_udd,medium,danish,,,364,169,1.9e-05,Smykkeformgiver,True
EDU_udd_5536,EDU,udd,5536,"Arabisk, cand.negot.","Arabisk, cand.negot.",,,"Arabic, cand.negot. [current education]",,,translated,CSV:EDU_udd,medium,danish,,,28,13,1e-06,"Arabisk, cand.negot.",True
EDU_udd_4020,EDU,udd,4020,Akademiøkonom i transport,Akademiøkonom i transport,,,Business economist in transportation [current education],,,translated,CSV:EDU_udd,medium,danish,,,34,17,2e-06,Akademiøkonom i transport,True
EDU_udd_5805,EDU,udd,5805,"Manuskriptuddannelse, film og tv produktion","Manuskriptuddannelse, film og tv produktion",,,"Manuscript training, film and TV production [current education]",,,translated,CSV:EDU_udd,medium,danish,,,300,150,1.7e-05,"Manuskriptuddannelse, film og tv produktion",True
EDU_udd_7020,EDU,udd,7020,"Forsikringsvidenskab, kand.","Forsikringsvidenskab, kand.",,,"Insurance studies, kand. [current education]",,,translated,CSV:EDU_udd,medium,danish,,,894,445,4.9e-05,"Forsikringsvidenskab, kand.",True
EDU_udd_815,EDU,udd,815,Pædagog (Rudolf Steiner) (privat udd.),Pædagog (Rudolf Steiner) (privat udd.),,,Pedagogue (Rudolf Steiner) (private educ.) [current education],,,translated,CSV:EDU_udd,medium,danish,,,86,43,5e-06,Pædagog (Rudolf Steiner) (privat udd.),True
EDU_udd_5711,EDU,udd,5711,"HA turisme, bach.","HA turisme, bach.",,,"HA tourism, bach. [current education]",,,translated,CSV:EDU_udd,medium,danish,,,62,31,3e-06,"HA turisme, bach.",True
EDU_udd_5038,EDU,udd,5038,Modelkonstruktør,Modelkonstruktør,,,Model constructor [current education],,,translated,CSV:EDU_udd,medium,danish,,,140,70,8e-06,Modelkonstruktør,True
EDU_udd_8041,EDU,udd,8041,"Statistik, bach.","Statistik, bach.",,,"Statistics, bach. [current education]",,,translated,CSV:EDU_udd,medium,danish,,,180,87,1e-05,"Statistik, bach.",True
EDU_udd_4783,EDU,udd,4783,"Bil, fly og andre transportmidler, individuel eud","Bil, fly og andre transportmidler, individuel eud",,,"Car, aircraft and other transport vehicles, individual external development [current education]",,,translated,CSV:EDU_udd,medium,danish,,,280,137,1.5e-05,"Bil, fly og andre transportmidler, individuel eud",True
EDU_udd_6416,EDU,udd,6416,"Fransk sprog, litteratur og kultur, kand.2år","Fransk sprog, litteratur og kultur, kand.2år",,,"French Language, Literature and Culture, kand.2yr [current education]",,,translated,CSV:EDU_udd,medium,danish,,,634,310,3.4e-05,"Fransk sprog, litteratur og kultur, kand.2år",False
EDU_udd_5182,EDU,udd,5182,Sikkerhedsfunktionær,Sikkerhedsfunktionær,,,Safety officer [current education],,,translated,CSV:EDU_udd,medium,danish,,,58,29,3e-06,Sikkerhedsfunktionær,True
EDU_udd_3468,EDU,udd,3468,"Tysk sprog, litteratur og kultur, kand.2år","Tysk sprog, litteratur og kultur, kand.2år",,,"German Language, Literature and Culture, kand.2yr [current education]",,,manual_level_fix,CSV:EDU_udd,medium,danish,,,388,194,2.1e-05,"Tysk sprog, litteratur og kultur, kand.2år",False
EDU_udd_4006,EDU,udd,4006,Akademiøkonom i logistik og transport,Akademiøkonom i logistik og transport,,,Business economist in logistics and transportation [current education],,,translated,CSV:EDU_udd,medium,danish,,,214,107,1.2e-05,Akademiøkonom i logistik og transport,True
EDU_udd_8089,EDU,udd,8089,"Geophysics, kand.2år","Geophysics, kand.2år",,,"Geophysics, kand.2yr [current education]",,,translated,CSV:EDU_udd,medium,danish,,,396,196,2.2e-05,"Geophysics, kand.2år",True
EDU_udd_6402,EDU,udd,6402,"Sprogpsykologi, kand.2år","Sprogpsykologi, kand.2år",,,"Psycholinguistics, kand.2yr [current education]",,,manual_level_fix,CSV:EDU_udd,medium,danish,,,1408,698,7.7e-05,"Sprogpsykologi, kand.2år",True
EDU_udd_5849,EDU,udd,5849,Teaterinstruktør,Teaterinstruktør,,,Theater Director [current education],,,translated,CSV:EDU_udd,medium,danish,,,88,44,5e-06,Teaterinstruktør,True
EDU_udd_5085,EDU,udd,5085,Akademiøkonom i kommunikation og formidling,Akademiøkonom i kommunikation og formidling,,,Communication and Dissemination Academy Economist [current education],,,translated,CSV:EDU_udd,medium,danish,,,166,83,9e-06,Akademiøkonom i kommunikation og formidling,True
EDU_udd_4525,EDU,udd,4525,Ortopædist,Ortopædist,,,Orthopedist [current education],,,translated,CSV:EDU_udd,medium,danish,,,430,168,1.9e-05,Ortopædist,True
EDU_udd_5410,EDU,udd,5410,"Agricultural Development, kand.2år","Agricultural Development, kand.2år",,,"Agricultural Development, kand.2yr [current education]",,,manual_level_fix,CSV:EDU_udd,medium,danish,,,1302,646,7.2e-05,"Agricultural Development, kand.2år",True
EDU_udd_8098,EDU,udd,8098,"Teknisk fysik, kand.2år","Teknisk fysik, kand.2år",,,"Technical Physics, kand.2yr [current education]",,,manual_level_fix,CSV:EDU_udd,medium,danish,,,36,18,2e-06,"Teknisk fysik, kand.2år",True
EDU_udd_5806,EDU,udd,5806,"Filmproducer, film og tv produktion","Filmproducer, film og tv produktion",,,"Film Producer, Film and TV Production [current education]",,,translated,CSV:EDU_udd,medium,danish,,,178,89,1e-05,"Filmproducer, film og tv produktion",True
EDU_udd_7752,EDU,udd,7752,"Didaktik, kand.2år","Didaktik, kand.2år",,,"Didactics, kand.2yr [current education]",,,manual_level_fix,CSV:EDU_udd,medium,danish,,,564,280,3.1e-05,"Didaktik, kand.2år",True
EDU_udd_7501,EDU,udd,7501,"Bioteknologi, ing.prof.bach.","Bioteknologi, ing.prof.bach.",,,"Biotechnology, ing.prof.bach. [current education]",,,translated,CSV:EDU_udd,medium,danish,,,1174,586,6.5e-05,"Bioteknologi, ing.prof.bach.",True
EDU_udd_8235,EDU,udd,8235,"Parasitologi, kand.2år","Parasitologi, kand.2år",,,"Parasitology, kand.2yr [current education]",,,manual_level_fix,CSV:EDU_udd,medium,danish,,,224,111,1.2e-05,"Parasitologi, kand.2år",True
EDU_udd_8717,EDU,udd,8717,"Tværvidenskabelige sundhedsstudier, kand.2år","Tværvidenskabelige sundhedsstudier, kand.2år",,,"Interdisciplinary Health Studies, kand.2yr [current education]",,,manual_level_fix,CSV:EDU_udd,medium,danish,,,370,185,2e-05,"Tværvidenskabelige sundhedsstudier, kand.2år",True
EDU_udd_7950,EDU,udd,7950,"Kirkemusik, kand.2år","Kirkemusik, kand.2år",,,"Church music, kand.2yr [current education]",,,translated,CSV:EDU_udd,medium,danish,,,78,39,4e-06,"Kirkemusik, kand.2år",True
EDU_udd_7694,EDU,udd,7694,"Landinspektørvidenskab, bach.","Landinspektørvidenskab, bach.",,,"Land Surveying Science, bach. [current education]",,,translated,CSV:EDU_udd,medium,danish,,,1058,527,5.8e-05,"Landinspektørvidenskab, bach.",True
EDU_udd_8361,EDU,udd,8361,"Management in the Building Industry, kand.2år","Management in the Building Industry, kand.2år",,,"Management in the Building Industry, kand.2yr [current education]",,,translated,CSV:EDU_udd,medium,danish,,,232,115,1.3e-05,"Management in the Building Industry, kand.2år",True
EDU_udd_6930,EDU,udd,6930,"Virksomhedsledelse, kand.2år","Virksomhedsledelse, kand.2år",,,"Business Administration, kand.2yr [current education]",,,manual_level_fix,CSV:EDU_udd,medium,danish,,,786,391,4.3e-05,"Virksomhedsledelse, kand.2år",False
EDU_udd_5852,EDU,udd,5852,"Teaterteknik, regi","Teaterteknik, regi",,,"Theatre technology, direction",,,translated,CSV:EDU_udd,medium,danish,,,76,38,4e-06,"Teaterteknik, regi",True
EDU_udd_3101,EDU,udd,3101,"Informationsvidenskab, cand.it.2år","Informationsvidenskab, cand.it.2år",,,"Information science, cand.it.2yr [current education]",,,translated,CSV:EDU_udd,medium,danish,,,312,156,1.7e-05,"Informationsvidenskab, cand.it.2år",True
EDU_udd_8711,EDU,udd,8711,"Kulturmødestudier, kand.2år","Kulturmødestudier, kand.2år",,,"Cultural meeting studies, kand.2yr [current education]",,,translated,CSV:EDU_udd,medium,danish,,,154,77,9e-06,"Kulturmødestudier, kand.2år",True
EDU_udd_6850,EDU,udd,6850,"Asienstudier, kand.2år","Asienstudier, kand.2år",,,"Asian studies, kand.2yr [current education]",,,translated,CSV:EDU_udd,medium,danish,,,364,180,2e-05,"Asienstudier, kand.2år",True
EDU_udd_3214,EDU,udd,3214,"International Development Studies, kand.2år","International Development Studies, kand.2år",,,"International Development Studies, kand.2yr [current education]",,,translated,CSV:EDU_udd,medium,danish,,,512,252,2.8e-05,"International Development Studies, kand.2år",True
EDU_udd_3113,EDU,udd,3113,"Operations and Innovation Management, kand.2år","Operations and Innovation Management, kand.2år",,,"Operations and Innovation Management, kand.2yr [current education]",,,translated,CSV:EDU_udd,medium,danish,,,724,361,4e-05,"Operations and Innivation Management, kand.2år",True
EDU_udd_3018,EDU,udd,3018,"International virksomhedskommunikation i 2 fremmedsprog, bach.","International virksomhedskommunikation i 2 fremmedsprog, bach.",,,"International business communication in 2 foreign languages, bach. [current education]",,,translated,CSV:EDU_udd,medium,danish,,,684,337,3.7e-05,"International virksomhedskommunikation i 2 fremmedsprog, bach.",True
EDU_udd_5647,EDU,udd,5647,"Jewellery, Technology and Business, prof.bach.","Jewellery, Technology and Business, prof.bach.",,,"Jewellery, Technology and Business, prof.bach. [current education]",,,copy-of-da,CSV:EDU_udd,medium,danish,,,288,144,1.6e-05,"Jewellery, Technology and Business, prof.bach.",True
EDU_udd_8362,EDU,udd,8362,"Ledelse og informatik i byggeriet, kand.2år","Ledelse og informatik i byggeriet, kand.2år",,,"Leadership and information technology in construction, kand.2yr [current education]",,,translated,CSV:EDU_udd,medium,danish,,,652,324,3.6e-05,"Ledelse og informatik i byggeriet, kand.2år",True
EDU_udd_5953,EDU,udd,5953,"Engelsk-russisk erhvervssprog, bach.","Engelsk-russisk erhvervssprog, bach.",,,"English-Russian Business Language, bach. [current education]",,,translated,CSV:EDU_udd,medium,danish,,,242,121,1.3e-05,"Engelsk-russisk erhvervssprog, bach.",True
EDU_udd_6085,EDU,udd,6085,"Naturvidenskab kombineret, kand. (AAU)","Naturvidenskab kombineret, kand. (AAU)",,,"Natural science combined, cand. (AAU) [current education]",,,translated,CSV:EDU_udd,medium,danish,,,136,68,8e-06,"Naturvidenskab kombineret, kand. (AAU)",True
EDU_udd_5674,EDU,udd,5674,"Erhvervssprog engelsk-russisk, korrespondent","Erhvervssprog engelsk-russisk, korrespondent",,,"Business Language English-Russian, correspondence [current education]",,,translated,CSV:EDU_udd,medium,danish,,,124,62,7e-06,"Erhvervssprog engelsk-russisk, korrespondent",True
EDU_udd_5003,EDU,udd,5003,Akademiøkonom i kommunikation og reklame,Akademiøkonom i kommunikation og reklame,,,Academy Economist in Communication and Advertising [current education],,,translated,CSV:EDU_udd,medium,danish,,,150,75,8e-06,Akademiøkonom i kommunikation og reklame,True
EDU_udd_3341,EDU,udd,3341,"Technical Geology, kand.2år","Technical Geology, kand.2år",,,"Technical Geology, kand.2yr [current education]",,,manual_level_fix,CSV:EDU_udd,medium,danish,,,40,20,2e-06,"Technical Geology, kand.2år",True
EDU_udd_5578,EDU,udd,5578,"Konferencetolkning, master","Konferencetolkning, master",,,"Conference Interpreting, master [current education]",,,translated,CSV:EDU_udd,medium,danish,,,172,86,1e-05,"Konferencetolkning, master",True
EDU_udd_5850,EDU,udd,5850,Scenografi,Scenografi,,,Scenography [current education],,,translated,CSV:EDU_udd,medium,danish,,,212,106,1.2e-05,Scenografi,True
EDU_udd_6420,EDU,udd,6420,"Indiansk sprog og kultur, kand.2år","Indiansk sprog og kultur, kand.2år",,,"Indian Language and Culture, kand.2yr [current education]",,,manual_level_fix,CSV:EDU_udd,medium,danish,,,112,56,6e-06,"Indiansk sprog og kultur, kand.2år",True
EDU_udd_8270,EDU,udd,8270,"Bioteknologi, kand.2år","Bioteknologi, kand.2år",,,"Biotechnology, kand.2yr [current education]",,,manual_level_fix,CSV:EDU_udd,medium,danish,,,438,219,2.4e-05,"Bioteknologi, kand.2år",True
EDU_udd_4357,EDU,udd,4357,Frontline radio-tv-supporter,Frontline radio-tv-supporter,,,Frontline Radio-TV Supporter [current education],,,translated,CSV:EDU_udd,medium,danish,,,58,24,3e-06,Frontline radio-tv-supporter,True
EDU_udd_7960,EDU,udd,7960,"Klassisk musik, solist","Klassisk musik, solist",,,"Classical music, soloist [current education]",,,translated,CSV:EDU_udd,medium,danish,,,192,96,1.1e-05,"Klassisk musik, solist",True
EDU_udd_6025,EDU,udd,6025,Kirkemusiker Sang og Korledelse (KSOK),Kirkemusiker Sang og Korledelse (KSOK),,,Church Music Singing and Conducting (KSOK) [current education],,,translated,CSV:EDU_udd,medium,danish,,,34,16,2e-06,Kirkemusiker Sang og Korledelse (KSOK),True
EDU_udd_8317,EDU,udd,8317,"Service Systems Design, kand.2år","Service Systems Design, kand.2år",,,"Service Systems Design, kand.2yr [current education]",,,manual_level_fix,CSV:EDU_udd,medium,danish,,,750,375,4.2e-05,"Service Systems Design, kand.2år",True
EDU_udd_6839,EDU,udd,6839,"Indoeuropæisk, kand.2år","Indoeuropæisk, kand.2år",,,"Indo-European, kand.2yr [current education]",,,translated,CSV:EDU_udd,medium,danish,,,16,8,1e-06,"Indoeuropæisk, kand.2år",True
EDU_udd_7503,EDU,udd,7503,"Elektrisk energiteknologi, ing.prof.bach.","Elektrisk energiteknologi, ing.prof.bach.",,,"Electric Energy Technology, ing.prof.bach. [current education]",,,translated,CSV:EDU_udd,medium,danish,,,198,99,1.1e-05,"Elektrisk energiteknologi, ing.prof.bach.",False
EDU_udd_8266,EDU,udd,8266,"Bioteknologi, ing.prof.bach.","Bioteknologi, ing.prof.bach.",,,"Biotechnology, ing.prof.bach. [current education]",,,translated,CSV:EDU_udd,medium,danish,,,308,152,1.7e-05,"Bioteknologi, ing.prof.bach.",False
EDU_udd_6508,EDU,udd,6508,"Interkulturel pædagogik og arabisk, bach.","Interkulturel pædagogik og arabisk, bach.",,,"Intercultural Pedagogy and Arabic, bach. [current education]",,,translated,CSV:EDU_udd,medium,danish,,,202,101,1.1e-05,"Interkulturel pædagogik og arabisk, bach.",True
EDU_udd_802,EDU,udd,802,Musicalperformer (privat udd.),Musicalperformer (privat udd.),,,Musicalperformer (privat udd.) [current education],,,copy-of-da,CSV:EDU_udd,medium,danish,,,358,175,1.9e-05,Musicalperformer (privat udd.),True
EDU_udd_3356,EDU,udd,3356,"Østeuropastudier, bach.","Østeuropastudier, bach.",,,"East European Studies, bach. [current education]",,,translated,CSV:EDU_udd,medium,danish,,,602,297,3.3e-05,"Østeuropastudier, bach.",False
EDU_udd_6873,EDU,udd,6873,"Religious Roots of Europe, kand.2år","Religious Roots of Europe, kand.2år",,,"Religious Roots of Europe, kand.2yr [current education]",,,translated,CSV:EDU_udd,medium,danish,,,238,117,1.3e-05,"Religious Roots of Europe, kand.2år",True
EDU_udd_3459,EDU,udd,3459,"Matematik-økonomi, kand.2år","Matematik-økonomi, kand.2år",,,"Mathematics-Economics, kand.2yr [current education]",,,manual_level_fix,CSV:EDU_udd,medium,danish,,,290,142,1.6e-05,"Matematik-økonomi, kand.2år",False
EDU_udd_6987,EDU,udd,6987,"Sundhed og informatik, kand.2år","Sundhed og informatik, kand.2år",,,"Health and Informatics, kand.2yr [current education]",,,translated,CSV:EDU_udd,medium,danish,,,620,306,3.4e-05,"Sundhed og informatik, kand.2år",True
EDU_udd_7063,EDU,udd,7063,"Plan, by og proces, kand.2år","Plan, by og proces, kand.2år",,,"Planning, City and Process, kand.2yr [current education]",,,translated,CSV:EDU_udd,medium,danish,,,872,409,4.5e-05,"Plan, by og proces, kand.2år",True
EDU_udd_3183,EDU,udd,3183,"Informationsvidenskab og kulturformidling, kand.2år","Informationsvidenskab og kulturformidling, kand.2år",,,"Information science and cultural communication, kand.2yr [current education]",,,translated,CSV:EDU_udd,medium,danish,,,1010,502,5.6e-05,"Informationsvidenskab og kulturformidling, kand.2år",False
EDU_udd_7559,EDU,udd,7559,"Kemi og teknologi, ing.bach.","Kemi og teknologi, ing.bach.",,,"Chemistry and Technology, ing.bach. [current education]",,,translated,CSV:EDU_udd,medium,danish,,,704,352,3.9e-05,"Kemi og teknologi, ing.bach.",False
EDU_udd_6763,EDU,udd,6763,"Græsk, klassisk, kand.2år","Græsk, klassisk, kand.2år",,,"Classical Greek, kand.2yr [current education]",,,translated,CSV:EDU_udd,medium,danish,,,76,38,4e-06,"Græsk, klassisk, kand.2år",True
EDU_udd_4217,EDU,udd,4217,Bådmekaniker,Bådmekaniker,,,Boat Mechanic [current education],,,translated,CSV:EDU_udd,medium,danish,,,356,111,1.2e-05,Bådmekaniker,True
EDU_udd_5816,EDU,udd,5816,Tv studieproducer / flerkamerainstruktør,Tv studieproducer / flerkamerainstruktør,,,TV Study Producer / Multi-Camera Director [current education],,,translated,CSV:EDU_udd,medium,danish,,,54,27,3e-06,Tv studieproducer / flerkamerainstruktør,True
EDU_udd_4171,EDU,udd,4171,"Bygnings- og brugerservice, individuel eud","Bygnings- og brugerservice, individuel eud",,,"Building and User Service, individual eud [current education]",,,translated,CSV:EDU_udd,medium,danish,,,212,106,1.2e-05,"Bygnings- og brugerservice, individuel eud",True
EDU_udd_7507,EDU,udd,7507,"Maskinteknik, ing.prof.bach.","Maskinteknik, ing.prof.bach.",,,"Mechanical engineering, ing.prof.bach. [current education]",,,translated,CSV:EDU_udd,medium,danish,,,96,47,5e-06,"Maskinteknik, ing.prof.bach.",False
EDU_udd_6825,EDU,udd,6825,"Russisk sprog og kultur, kand.2år","Russisk sprog og kultur, kand.2år",,,"Russian Language and Culture, kand.2yr [current education]",,,translated,CSV:EDU_udd,medium,danish,,,66,33,4e-06,"Russisk sprog og kultur, kand.2år",True
EDU_udd_4634,EDU,udd,4634,Greenkeeperassistent,Greenkeeperassistent,,,Greenkeeper assistant [current education],,,translated,CSV:EDU_udd,medium,danish,,,108,48,5e-06,Greenkeeperassistent,True
EDU_udd_7929,EDU,udd,7929,"Spiludvikling og læringsteknologi, ing.bach.","Spiludvikling og læringsteknologi, ing.bach.",,,"Game Development and Learning Technology, ing.bach. [current education]",,,translated,CSV:EDU_udd,medium,danish,,,884,439,4.9e-05,"Spiludvikling og læringsteknologi, ing.bach.",True
EDU_udd_8330,EDU,udd,8330,"Spiludvikling og læringsteknologi, civilingeniør 2år","Spiludvikling og læringsteknologi, civilingeniør 2år",,,"Game Development and Learning Technology, MScEng 2 years [current education]",,,translated,CSV:EDU_udd,medium,danish,,,364,181,2e-05,"Spiludvikling og læringsteknologi, civilingeniør 2år",True
EDU_udd_5624,EDU,udd,5624,"Internat. virksomhedskommunikation, spansk, kand.2år","Internat. virksomhedskommunikation, spansk, kand.2år",,,"International Business Communication, Spanish, kand.2yr [current education]",,,manual_level_fix,CSV:EDU_udd,medium,danish,,,86,43,5e-06,"Internat. virksomhedskommunikation, spansk, kand.2år",True
EDU_udd_5473,EDU,udd,5473,"E-handel (overbygning), prof.bach.","E-handel (overbygning), prof.bach.",,,"E-commerce (overlay), prof.bach. [current education]",,,translated,CSV:EDU_udd,medium,danish,,,2836,1414,0.000157,"E-handel (overbygning), prof.bach.",True
EDU_udd_8244,EDU,udd,8244,"Operations and Management Engineering, civilingeniør 2år","Operations and Management Engineering, civilingeniør 2år",,,"Operations and Management Engineering, civilingeniør 2yr [current education]",,,manual_level_fix,CSV:EDU_udd,medium,danish,,,320,160,1.8e-05,"Operations and Management Engineering, civilingeniør 2år",False
EDU_udd_5419,EDU,udd,5419,"Environmental science, kand.2år","Environmental science, kand.2år",,,"Environmental science, kand.2yr [current education]",,,manual_level_fix,CSV:EDU_udd,medium,danish,,,814,405,4.5e-05,"Environmental science, kand.2år",True
EDU_udd_3438,EDU,udd,3438,"Samfundsfag, bach.","Samfundsfag, bach.",,,"Social science, bach. [current education]",,,translated,CSV:EDU_udd,medium,danish,,,698,348,3.9e-05,"Samfundsfag, bach.",False
EDU_udd_3475,EDU,udd,3475,"Samfundsfag, kand.2år","Samfundsfag, kand.2år",,,"Social sciences, kand.2yr [current education]",,,manual_level_fix,CSV:EDU_udd,medium,danish,,,162,80,9e-06,"Samfundsfag, kand.2år",False
EDU_udd_8185,EDU,udd,8185,"Geografi/Geografi og geoinformatik, kand.2år","Geografi/Geografi og geoinformatik, kand.2år",,,"Geography/Geography and Geoinformatics, kand.2yr [current education]",,,manual_level_fix,CSV:EDU_udd,medium,danish,,,382,191,2.1e-05,"Geografi/Geografi og geoinformatik, kand.2år",True
EDU_udd_8234,EDU,udd,8234,"Nature Management, kand.2år","Nature Management, kand.2år",,,"Nature Management, kand.2yr [current education]",,,manual_level_fix,CSV:EDU_udd,medium,danish,,,890,440,4.9e-05,"Nature Management, kand.2år",True
EDU_udd_7922,EDU,udd,7922,"Kemiteknologi, ing.bach.","Kemiteknologi, ing.bach.",,,"Chemical engineering, ing.bach. [current education]",,,translated,CSV:EDU_udd,medium,danish,,,734,365,4e-05,"Kemiteknologi, ing.bach.",True
EDU_udd_5540,EDU,udd,5540,"Elektronik (SDU), ing.prof.bach.","Elektronik (SDU), ing.prof.bach.",,,"Electronics (SDU), ing.prof.bach. [current education]",,,translated,CSV:EDU_udd,medium,danish,,,370,185,2e-05,"Elektronik (SDU), ing.prof.bach.",True
EDU_udd_5277,EDU,udd,5277,"Maskinteknologi, ing.prof.bach.","Maskinteknologi, ing.prof.bach.",,,"Mechanical Engineering, ing.prof.bach. [current education]",,,translated,CSV:EDU_udd,medium,danish,,,386,193,2.1e-05,"Maskinteknologi, ing.prof.bach.",False
EDU_udd_7644,EDU,udd,7644,"Maskinteknik, ing.prof.bach.","Maskinteknik, ing.prof.bach.",,,"Mechanical engineering, ing.prof.bach. [current education]",,,translated,CSV:EDU_udd,medium,danish,,,820,406,4.5e-05,"Maskinteknik, ing.prof.bach.",False
EDU_udd_7541,EDU,udd,7541,"Moderne Indien og Sydasienstudier, bach.","Moderne Indien og Sydasienstudier, bach.",,,"Modern India and South Asian studies, bach. [current education]",,,translated,CSV:EDU_udd,medium,danish,,,348,171,1.9e-05,"Moderne Indien og Sydasienstudier, bach.",True
EDU_udd_7147,EDU,udd,7147,"Sociale interventionsstudier, kand.2år","Sociale interventionsstudier, kand.2år",,,"Social Intervention Studies, kand.2yr [current education]",,,translated,CSV:EDU_udd,medium,danish,,,44,22,2e-06,"Sociale interventionsstudier, kand.2år",False
EDU_udd_6401,EDU,udd,6401,"Advanced migration studies, kand.2år","Advanced migration studies, kand.2år",,,"Advanced Migration Studies, kand.2yr [current education]",,,manual_level_fix,CSV:EDU_udd,medium,danish,,,752,374,4.1e-05,"Advanced migration studies, kand.2år",True
EDU_udd_8351,EDU,udd,8351,"Biosystemteknologi, civilingeniør 2år","Biosystemteknologi, civilingeniør 2år",,,"Biosystems Engineering, MEng.2yr [current education]",,,translated,CSV:EDU_udd,medium,danish,,,112,56,6e-06,"Biosystemteknologi, civilingeniør 2år",True
EDU_udd_3139,EDU,udd,3139,"Kemi, kand.2år","Kemi, kand.2år",,,"Chemistry, B.A. 2 years [current education]",,,translated,CSV:EDU_udd,medium,danish,,,408,204,2.3e-05,"Kemi, kand.2år",False
EDU_udd_3456,EDU,udd,3456,"Chemistry, kand.2år","Chemistry, kand.2år",,,"Chemistry, kand.2yr [current education]",,,translated,CSV:EDU_udd,medium,danish,,,348,169,1.9e-05,"Chemistry, kand.2år",False
EDU_udd_7566,EDU,udd,7566,"Didaktik, dansk, kand.2år","Didaktik, dansk, kand.2år",,,"Didactics, danish, kand.2yr [current education]",,,translated,CSV:EDU_udd,medium,danish,,,500,244,2.7e-05,"Didaktik, dansk, kand.2år",True
EDU_udd_6413,EDU,udd,6413,"Maritime Archaeology, kand.2år","Maritime Archaeology, kand.2år",,,"Maritime Archaeology, kand.2yr [current education]",,,manual_level_fix,CSV:EDU_udd,medium,danish,,,338,167,1.8e-05,"Maritime Archaeology, kand.2år",True
EDU_udd_8714,EDU,udd,8714,"Molecular Health Science, kand.2år","Molecular Health Science, kand.2år",,,"Molecular Health Science, kand.2yr [current education]",,,manual_level_fix,CSV:EDU_udd,medium,danish,,,166,83,9e-06,"Molecular Health Science, kand.2år",True
EDU_udd_5646,EDU,udd,5646,"Smykker, teknologi og business, prof.bach.","Smykker, teknologi og business, prof.bach.",,,"Jewelry, Technology and Business, prof.bach. [current education]",,,translated,CSV:EDU_udd,medium,danish,,,610,305,3.4e-05,"Smykker, teknologi og business, prof.bach.",True
EDU_udd_7695,EDU,udd,7695,"Biotechnology, civilingeniør 2år","Biotechnology, civilingeniør 2år",,,"Biotechnology, civilingeniør 2yr [current education]",,,manual_level_fix,CSV:EDU_udd,medium,danish,,,658,328,3.6e-05,"Biotechnology, civilingeniør 2år",False
EDU_udd_6634,EDU,udd,6634,"History, kand.2år","History, kand.2år",,,"History, kand.2yr [current education]",,,manual_level_fix,CSV:EDU_udd,medium,danish,,,114,57,6e-06,"History, kand.2år",True
EDU_udd_6507,EDU,udd,6507,"Interkulturel pædagogik og dansk som andetsprog, bach.","Interkulturel pædagogik og dansk som andetsprog, bach.",,,"Intercultural Pedagogy and Danish as a Second Language, bach. [current education]",,,translated,CSV:EDU_udd,medium,danish,,,840,417,4.6e-05,"Interkulturel pædagogik og dansk som andetsprog, bach.",True
EDU_udd_5021,EDU,udd,5021,Politikadet,Politikadet,,,Police cadet [current education],,,translated,CSV:EDU_udd,medium,danish,,,1744,872,9.7e-05,Politikadet,True
EDU_udd_5539,EDU,udd,5539,Service and Experience Management,Service and Experience Management,,,Service and Experience Management [current education],,,copy-of-da,CSV:EDU_udd,medium,danish,,,5478,2717,0.000301,Service and Experience Management,True
EDU_udd_7314,EDU,udd,7314,"Immunology and Inflammation, kand.2år","Immunology and Inflammation, kand.2år",,,"Immunology and Inflammation, kand.2yr [current education]",,,manual_level_fix,CSV:EDU_udd,medium,danish,,,418,209,2.3e-05,"Immunology and Inflammation, kand.2år",True
EDU_udd_7470,EDU,udd,7470,"Geography/Geography and Geoinformatics, kand.2år","Geography/Geography and Geoinformatics, kand.2år",,,"Geography/Geography and Geomatics, kand.2yr [current education]",,,manual_level_fix,CSV:EDU_udd,medium,danish,,,1216,605,6.7e-05,"Geography/Geography and Geoinformatics, kand.2år",True
EDU_udd_8060,EDU,udd,8060,"Climate Change, kand.2år","Climate Change, kand.2år",,,"Climate Change, kand.2yr [current education]",,,manual_level_fix,CSV:EDU_udd,medium,danish,,,1108,550,6.1e-05,"Climate Change, kand.2år",True
EDU_udd_5242,EDU,udd,5242,"Human-Centered Artificial Intelligence, civilingiør 2år","Human-Centered Artificial Intelligence, civilingiør 2år",,,"Human-Centered Artificial Intelligence, MScEng 2yr (fix Danish typo to 'civilingeniør')",,,translated,CSV:EDU_udd,medium,danish,,,1856,927,0.000103,"Human-Centered Artificial Intelligence, civilingiør 2år",True
EDU_udd_5428,EDU,udd,5428,"Agro-environmental management, kand.2år","Agro-environmental management, kand.2år",,,"Agro-Environmental Management, kand.2yr [current education]",,,manual_level_fix,CSV:EDU_udd,medium,danish,,,256,125,1.4e-05,"Agro-environmental management, kand.2år",True
EDU_udd_5660,EDU,udd,5660,"Digital Concept Development (overbygning), prof.bach.","Digital Concept Development (overbygning), prof.bach.",,,"Digital Concept Development (top-up), prof.bach. [current education]",,,translated,CSV:EDU_udd,medium,danish,,,1834,913,0.000101,"Digital Concept Development (overbygning), prof.bach.",True
EDU_udd_5807,EDU,udd,5807,"Animationsuddannelse, film, tv og interaktive medier","Animationsuddannelse, film, tv og interaktive medier",,,"Animation Education, Film, TV and Interactive Media [current education]",,,translated,CSV:EDU_udd,medium,danish,,,176,88,1e-05,"Animationsuddannelse, film, tv og interaktive medier",True
EDU_udd_5214,EDU,udd,5214,"Netværk og distribuerede systemer, civilingeniør 2år","Netværk og distribuerede systemer, civilingeniør 2år",,,"Networks and Distributed Systems, civilingeniør 2yr [current education]",,,manual_level_fix,CSV:EDU_udd,medium,danish,,,102,51,6e-06,"Netværk og distribuerede systemer, civilingeniør 2år",True
EDU_udd_6141,EDU,udd,6141,"Politik, kand.2år","Politik, kand.2år",,,"Politics, kand.2yr [current education]",,,translated,CSV:EDU_udd,medium,danish,,,116,58,6e-06,"Politik, kand.2år",True
EDU_udd_7900,EDU,udd,7900,"Matematik-teknologi, ing.bach.","Matematik-teknologi, ing.bach.",,,"Mathematics-technology, ing.bach. [current education]",,,translated,CSV:EDU_udd,medium,danish,,,430,215,2.4e-05,"Matematik-teknologi, ing.bach.",True
EDU_udd_8310,EDU,udd,8310,"Security Risk Management, kand.2år","Security Risk Management, kand.2år",,,"Security Risk Management, kand.2yr [current education]",,,manual_level_fix,CSV:EDU_udd,medium,danish,,,362,180,2e-05,"Security Risk Management, kand.2år",False
EDU_udd_6906,EDU,udd,6906,"Business Administration and Digital Business, kand.2år","Business Administration and Digital Business, kand.2år",,,"Business Administration and Digital Business, kand.2yr [current education]",,,translated,CSV:EDU_udd,medium,danish,,,2634,1314,0.000146,"Business Administration and Digital Business, kand.2år",True
EDU_udd_7972,EDU,udd,7972,"Bæredygtigt energidesign, ing.bach.","Bæredygtigt energidesign, ing.bach.",,,"Sustainable Energy Design, ing.bach. [current education]",,,translated,CSV:EDU_udd,medium,danish,,,744,372,4.1e-05,"Bæredygtigt energidesign, ing.bach.",True
EDU_udd_5203,EDU,udd,5203,Automationsteknolog,Automationsteknolog,,,Automation technologist [current education],,,translated,CSV:EDU_udd,medium,danish,,,482,241,2.7e-05,Automationsteknolog,False
EDU_udd_3177,EDU,udd,3177,"Kvantitativ biologi og sygdomsmodellering, ingeniør bach.","Kvantitativ biologi og sygdomsmodellering, ingeniør bach.",,,"Quantitative Biology and Disease Modeling, engineer bach. [current education]",,,translated,CSV:EDU_udd,medium,danish,,,308,154,1.7e-05,"Kvantitativ biologi og sygdomsmodellering, ingeniør bach.",True
EDU_udd_5241,EDU,udd,5241,"Bioinformatics and systems biology, civilingeniør 2år","Bioinformatics and systems biology, civilingeniør 2år",,,"Bioinformatics and Systems Biology, civilingeniør 2yr [current education]",,,manual_level_fix,CSV:EDU_udd,medium,danish,,,998,494,5.5e-05,"Bioinformatics and systems biology, civilingeniør 2år",True
EDU_udd_5692,EDU,udd,5692,Iscenesættelse,Iscenesættelse,,,Performance [current education],,,translated,CSV:EDU_udd,medium,danish,,,170,85,9e-06,Iscenesættelse,True
EDU_udd_8116,EDU,udd,8116,"Anvendt matematik, bach.","Anvendt matematik, bach.",,,"Applied Mathematics, bach. [current education]",,,translated,CSV:EDU_udd,medium,danish,,,512,254,2.8e-05,"Anvendt matematik, bach.",True
EDU_udd_6246,EDU,udd,6246,"Materials and Nanotechnology, civilingeniør 2år","Materials and Nanotechnology, civilingeniør 2år",,,"Materials and Nanotechnology, civilingeniør 2yr [current education]",,,manual_level_fix,CSV:EDU_udd,medium,danish,,,74,37,4e-06,"Materials and Nanotechnology, civilingeniør 2år",True
EDU_udd_6084,EDU,udd,6084,"Machine learning og data science, bach.","Machine learning og data science, bach.",,,"Machine Learning and Data Science, bach. [current education]",,,translated,CSV:EDU_udd,medium,danish,,,886,441,4.9e-05,"Machine learning og data science, bach.",True
EDU_udd_8372,EDU,udd,8372,"Sustainable Energy Engineering, civilingeniør 2år","Sustainable Energy Engineering, civilingeniør 2år",,,"Sustainable Energy Engineering, MEng [current education]",,,translated,CSV:EDU_udd,medium,danish,,,280,140,1.6e-05,"Sustainable Energy Engineering, civilingeniør 2år",False
EDU_udd_3407,EDU,udd,3407,"Kemi og bioteknologi, ing.prof.bach.","Kemi og bioteknologi, ing.prof.bach.",,,"Chemistry and biotechnology, ing.prof.bach. [current education]",,,translated,CSV:EDU_udd,medium,danish,,,1008,493,5.5e-05,"Kemi og bioteknologi, ing.prof.bach.",False
EDU_udd_5584,EDU,udd,5584,Autoteknolog,Autoteknolog,,,Automotive technologist [current education],,,translated,CSV:EDU_udd,medium,danish,,,1112,555,6.1e-05,Autoteknolog,False
EDU_udd_7585,EDU,udd,7585,"Mathematics-Economics, kand.2år","Mathematics-Economics, kand.2år",,,"Mathematics-Economics, kand.2yr [current education]",,,translated,CSV:EDU_udd,medium,danish,,,710,352,3.9e-05,"Mathematics-Economics, kand.2år",False
EDU_udd_7904,EDU,udd,7904,"Fysik og teknologi, ing.bach.","Fysik og teknologi, ing.bach.",,,"Physics and technology, ing.bach. [current education]",,,translated,CSV:EDU_udd,medium,danish,,,486,243,2.7e-05,"Fysik og teknologi, ing.bach.",False
EDU_udd_8018,EDU,udd,8018,"Physics and Technology (SDU, Odense), civilingeniør 2år","Physics and Technology (SDU, Odense), civilingeniør 2år",,,"Physics and Technology (SDU, Odense), civilingeniør 2yr [current education]",,,manual_level_fix,CSV:EDU_udd,medium,danish,,,252,125,1.4e-05,"Physics and Technology (SDU, Odense), civilingeniør 2år",True
EDU_udd_5968,EDU,udd,5968,"Business, Language and Culture, chinese, kand.2år","Business, Language and Culture, chinese, kand.2år",,,"Business, Language and Culture, Chinese, kand.2yr [current education]",,,manual_level_fix,CSV:EDU_udd,medium,danish,,,70,35,4e-06,"Business, Language and Culture, chinese, kand.2år",True
EDU_udd_5823,EDU,udd,5823,"Mur- og rumkunst, videregående","Mur- og rumkunst, videregående",,,"Wall and Space Art, upper secondary [current education]",,,translated,CSV:EDU_udd,medium,danish,,,76,37,4e-06,"Mur- og rumkunst, videregående",True
EDU_udd_6446,EDU,udd,6446,"Tysk sprog, litteratur og kultur, kand.2år","Tysk sprog, litteratur og kultur, kand.2år",,,"German Language, Literature and Culture, kand.2yr [current education]",,,manual_level_fix,CSV:EDU_udd,medium,danish,,,262,129,1.4e-05,"Tysk sprog, litteratur og kultur, kand.2år",False
EDU_udd_5841,EDU,udd,5841,"Konservator kulturhistorisk, kand.2år","Konservator kulturhistorisk, kand.2år",,,"Conservator in Cultural History, kand.2yr [current education]",,,manual_level_fix,CSV:EDU_udd,medium,danish,,,64,29,3e-06,"Konservator kulturhistorisk, kand.2år",True
EDU_udd_6548,EDU,udd,6548,"Asienstudier, Indonesisk/Sydøstasienstudier, bach.","Asienstudier, Indonesisk/Sydøstasienstudier, bach.",,,"Asian Studies, Indonesian/Southeast Asian Studies, bach. [current education]",,,translated,CSV:EDU_udd,medium,danish,,,74,36,4e-06,"Asienstudier, Indonesisk/Sydøstasienstudier, bach.",True
EDU_udd_8403,EDU,udd,8403,"Mejeribrug, bach.","Mejeribrug, bach.",,,"Dairy Science, bach.",,,copy-of-da,CSV:EDU_udd,medium,danish,,,46,23,3e-06,"Mejeribrug, bach.",True
EDU_udd_5595,EDU,udd,5595,"Russisk, kand.2år","Russisk, kand.2år",,,"Russian, kand.2yr [current education]",,,manual_level_fix,CSV:EDU_udd,medium,danish,,,74,37,4e-06,"Russisk, kand.2år",True
EDU_udd_5535,EDU,udd,5535,"Spansk, cand.negot.","Spansk, cand.negot.",,,"Spanish, cand.negot. [current education]",,,translated,CSV:EDU_udd,medium,danish,,,170,85,9e-06,"Spansk, cand.negot.",True
EDU_udd_5799,EDU,udd,5799,"Dataanalyse (overbygning), prof.bach.","Dataanalyse (overbygning), prof.bach.",,,"Data analysis (advanced), prof.bach. [current education]",,,translated,CSV:EDU_udd,medium,danish,,,528,260,2.9e-05,"Dataanalyse (overbygning), prof.bach.",True
EDU_udd_7849,EDU,udd,7849,"Elektronisk musik og lydkunst, bach.","Elektronisk musik og lydkunst, bach.",,,"Electronic Music and Sound Art, bach. [current education]",,,translated,CSV:EDU_udd,medium,danish,,,172,86,1e-05,"Elektronisk musik og lydkunst, bach.",True
EDU_udd_5258,EDU,udd,5258,"Elektronik og datateknik, ing.prof.bach.","Elektronik og datateknik, ing.prof.bach.",,,"Electronics and Data Technology, ing.prof.bach. [current education]",,,translated,CSV:EDU_udd,medium,danish,,,406,201,2.2e-05,"Elektronik og datateknik, ing.prof.bach.",True
EDU_udd_6459,EDU,udd,6459,"Sustainable heritage management, kand.2år","Sustainable heritage management, kand.2år",,,"Sustainable Heritage Management, kand.2yr [current education]",,,manual_level_fix,CSV:EDU_udd,medium,danish,,,470,234,2.6e-05,"Sustainable heritage management, kand.2år",True
EDU_udd_3410,EDU,udd,3410,"Softwareteknologi, ing.prof.bach.","Softwareteknologi, ing.prof.bach.",,,"Software Technology, ing.prof.bach. [current education]",,,translated,CSV:EDU_udd,medium,danish,,,1214,603,6.7e-05,"Softwareteknologi, ing.prof.bach.",False
EDU_udd_7637,EDU,udd,7637,"Bioinformatics, kand.2år","Bioinformatics, kand.2år",,,"Bioinformatics, kand.2yr [current education]",,,manual_level_fix,CSV:EDU_udd,medium,danish,,,356,178,2e-05,"Bioinformatics, kand.2år",False
EDU_udd_6034,EDU,udd,6034,"Kemi, kand.2år","Kemi, kand.2år",,,"Chemistry, B.A. 2 years [current education]",,,translated,CSV:EDU_udd,medium,danish,,,66,33,4e-06,"Kemi, kand.2år",False
EDU_udd_3087,EDU,udd,3087,"Klassisk filologi, bach.","Klassisk filologi, bach.",,,"Classical philology, bach. [current education]",,,translated,CSV:EDU_udd,medium,danish,,,146,72,8e-06,"Klassisk filologi, bach.",False
EDU_udd_7649,EDU,udd,7649,"By-, energi- og miljøplanlægning, ing.bach.","By-, energi- og miljøplanlægning, ing.bach.",,,"Urban, Energy and Environmental Planning, BEng [current education]",,,translated,CSV:EDU_udd,medium,danish,,,970,485,5.4e-05,"By-, energi- og miljøplanlægning, ing.bach.",True
EDU_udd_5715,EDU,udd,5715,"Leisure management, prof.bach.","Leisure management, prof.bach.",,,"Leisure management, prof.bach. [current education]",,,copy-of-da,CSV:EDU_udd,medium,danish,,,1530,752,8.3e-05,"Leisure management, prof.bach.",True
EDU_udd_7910,EDU,udd,7910,"Robotteknologi, ing.bach.","Robotteknologi, ing.bach.",,,"Robotics, ing.bach. [current education]",,,translated,CSV:EDU_udd,medium,danish,,,356,178,2e-05,"Robotteknologi, ing.bach.",False
EDU_udd_7986,EDU,udd,7986,"Global business og teknologi, ing.prof.bach.","Global business og teknologi, ing.prof.bach.",,,"Global Business and Technology, Ing. prof. bach. [current education]",,,translated,CSV:EDU_udd,medium,danish,,,820,408,4.5e-05,"Global business og teknologi, ing.prof.bach.",False
EDU_udd_8369,EDU,udd,8369,"Nanomaterials and Nanophysics, civilingeniør 2år","Nanomaterials and Nanophysics, civilingeniør 2år",,,"Nanomaterials and Nanophysics, Civil Engineer(2 years) [current education]",,,translated,CSV:EDU_udd,medium,danish,,,52,26,3e-06,"Nanomaterials and Nanophysics, civilingeniør 2år",True
EDU_udd_6268,EDU,udd,6268,"Informatik, kand.2år","Informatik, kand.2år",,,"Computer science, kand.2yr [current education]",,,translated,CSV:EDU_udd,medium,danish,,,512,247,2.7e-05,"Informatik, kand.2år",False
EDU_udd_3814,EDU,udd,3814,"Global Humanities, bach. (RUC)","Global Humanities, bach. (RUC)",,,"Global Humanities, bach. (RUC) [current education]",,,copy-of-da,CSV:EDU_udd,medium,danish,,,1662,822,9.1e-05,"Global Humanities, bach. (RUC)",True
EDU_udd_7433,EDU,udd,7433,"Samfundsfag, bach.","Samfundsfag, bach.",,,"Social science, bach. [current education]",,,translated,CSV:EDU_udd,medium,danish,,,1108,552,6.1e-05,"Samfundsfag, bach.",True
EDU_udd_7486,EDU,udd,7486,"Samfundsfag, kand.2år","Samfundsfag, kand.2år",,,"Social sciences, kand.2yr [current education]",,,manual_level_fix,CSV:EDU_udd,medium,danish,,,404,197,2.2e-05,"Samfundsfag, kand.2år",False
EDU_udd_7597,EDU,udd,7597,"Filosofi, kand.2år","Filosofi, kand.2år",,,"Philosophy, kand.2yr [current education]",,,manual_level_fix,CSV:EDU_udd,medium,danish,,,360,179,2e-05,"Filosofi, kand.2år",False
EDU_udd_3276,EDU,udd,3276,"Lingvistik, kand.2år","Lingvistik, kand.2år",,,"Linguistics, kand.2yr [current education]",,,translated,CSV:EDU_udd,medium,danish,,,272,135,1.5e-05,"Lingvistik, kand.2år",True
EDU_udd_7921,EDU,udd,7921,"Miljøvidenskab, ing.bach.","Miljøvidenskab, ing.bach.",,,"Environmental Science, ing.bach. [current education]",,,translated,CSV:EDU_udd,medium,danish,,,368,184,2e-05,"Miljøvidenskab, ing.bach.",True
EDU_udd_7707,EDU,udd,7707,"Kemi, kand.2år","Kemi, kand.2år",,,"Chemistry, B.A. 2 years [current education]",,,translated,CSV:EDU_udd,medium,danish,,,72,35,4e-06,"Kemi, kand.2år",False
EDU_udd_5288,EDU,udd,5288,"Design, Technology and Business","Design, Technology and Business",,,"Design, Technology and Business [current education]",,,copy-of-da,CSV:EDU_udd,medium,danish,,,2430,1208,0.000134,"Design, Technology and Business",True
EDU_udd_5457,EDU,udd,5457,"Fødevareteknologi og -applikation, prof.bach.","Fødevareteknologi og -applikation, prof.bach.",,,"Food Technology and Application, prof.bach. [current education]",,,translated,CSV:EDU_udd,medium,danish,,,296,148,1.6e-05,"Fødevareteknologi og -applikation, prof.bach.",True
EDU_udd_3357,EDU,udd,3357,"Forretningsudvikling, ing.prof.bach.","Forretningsudvikling, ing.prof.bach.",,,"Business Development, ing.prof.bach. [current education]",,,translated,CSV:EDU_udd,medium,danish,,,552,273,3e-05,"Forretningsudvikling, ing.prof.bach.",True
EDU_udd_3207,EDU,udd,3207,"Business Administration and Innovation in Health Care, kand.2år","Business Administration and Innovation in Health Care, kand.2år",,,"Business Administration and Innovation in Health Care, kand.2yr [current education]",,,translated,CSV:EDU_udd,medium,danish,,,686,342,3.8e-05,"Business Administration and Innovation in Health Care, kand.2år",True
EDU_udd_5746,EDU,udd,5746,Diplomuddannelse i pædagogik (DPU),Diplomuddannelse i pædagogik (DPU),,,Diploma in Pedagogy (DPU) [current education],,,translated,CSV:EDU_udd,medium,danish,,,28,14,2e-06,Diplomuddannelse i pædagogik (DPU),True
EDU_udd_6020,EDU,udd,6020,Kirkemusiker Orgel og Korledelse (KMOK),Kirkemusiker Orgel og Korledelse (KMOK),,,Church Music Organ and Choral Conducting (KMOK) [current education],,,translated,CSV:EDU_udd,medium,danish,,,306,152,1.7e-05,Kirkemusiker Orgel og Korledelse (KMOK),True
EDU_udd_7885,EDU,udd,7885,"Æstetisk kulturarbejde, kand.","Æstetisk kulturarbejde, kand.",,,"Aesthetic Cultural Work, kand. [current education]",,,translated,CSV:EDU_udd,medium,danish,,,38,17,2e-06,"Æstetisk kulturarbejde, kand.",True
EDU_udd_2484,EDU,udd,2484,Skovbrugskursus,Skovbrugskursus,,,Forestry course [current education],,,translated,CSV:EDU_udd,medium,danish,,,192,96,1.1e-05,Skovbrugskursus,True
EDU_udd_5770,EDU,udd,5770,"Officer A-linien, flyvevåbnet","Officer A-linien, flyvevåbnet",,,"Officer A-line, Air Force [current education]",,,translated,CSV:EDU_udd,medium,danish,,,276,138,1.5e-05,"Officer A-linien, flyvevåbnet",True
EDU_udd_5194,EDU,udd,5194,"Skibsfører, seniorofficer, prof.bach.","Skibsfører, seniorofficer, prof.bach.",,,"Ship Captain, senior officer, prof.bach. [current education]",,,translated,CSV:EDU_udd,medium,danish,,,140,70,8e-06,"Skibsfører, seniorofficer, prof.bach.",True
EDU_udd_5087,EDU,udd,5087,Visualizer,Visualizer,,,Visualizer [current education],,,copy-of-da,CSV:EDU_udd,medium,danish,,,198,99,1.1e-05,Visualizer,True
EDU_udd_8634,EDU,udd,8634,"Sygeplejerske, suppleringsuddannelse","Sygeplejerske, suppleringsuddannelse",,,"Nurse, supplementary education [current education]",,,translated,CSV:EDU_udd,medium,danish,,,278,139,1.5e-05,"Sygeplejerske, suppleringsuddannelse",True
EDU_udd_4282,EDU,udd,4282,Stukkatør,Stukkatør,,,Plasterer [current education],,,translated,CSV:EDU_udd,medium,danish,,,200,69,8e-06,Stukkatør,True
EDU_udd_2019,EDU,udd,2019,Færgenavigatør,Færgenavigatør,,,Ferry Navigator [current education],,,translated,CSV:EDU_udd,medium,danish,,,62,31,3e-06,Færgenavigatør,True
EDU_udd_3198,EDU,udd,3198,"Spatial Designs and Society, kand.2år","Spatial Designs and Society, kand.2år",,,"Spatial Designs and Society, kand.2yr [current education]",,,manual_level_fix,CSV:EDU_udd,medium,danish,,,314,157,1.7e-05,"Spatial Designs and Society, kand.2år",True
EDU_udd_5593,EDU,udd,5593,"Italiensk, cand.ling.merc.2år","Italiensk, cand.ling.merc.2år",,,"Italian, cand.ling.merc.2yr [current education]",,,manual_level_fix,CSV:EDU_udd,medium,danish,,,144,72,8e-06,"Italiensk, cand.ling.merc.2år",True
EDU_udd_3227,EDU,udd,3227,"Fødevarer, jordbrug og oplevelser, Individuel EUD","Fødevarer, jordbrug og oplevelser, Individuel EUD",,,"Food products, agriculture and experiences, Individual EUD [current education]",,,translated,CSV:EDU_udd,medium,danish,,,172,83,9e-06,"Fødevarer, jordbrug og oplevelser, Individuel EUD",True
EDU_udd_3265,EDU,udd,3265,Turistbuschauffør,Turistbuschauffør,,,Tour Bus Driver [current education],,,translated,CSV:EDU_udd,medium,danish,,,44,18,2e-06,Turistbuschauffør,True
EDU_udd_7955,EDU,udd,7955,"Tonemester (musik), kand.2år","Tonemester (musik), kand.2år",,,"Tonmeister (music), kand.2yr",,,manual_level_fix,CSV:EDU_udd,medium,danish,,,108,54,6e-06,"Tonemester (musik), kand.2år",True
EDU_udd_3314,EDU,udd,3314,"Globale områdestudier, kand. 2 år","Globale områdestudier, kand. 2 år",,,"Global Area Studies, B.A. 2 years [current education]",,,translated,CSV:EDU_udd,medium,danish,,,206,101,1.1e-05,"Globale områdestudier, kand. 2 år",True
EDU_udd_5971,EDU,udd,5971,"Internat. virksomhedskommunik., tysk-spansk, bach.","Internat. virksomhedskommunik., tysk-spansk, bach.",,,"International business communication, German-Spanish, bach.",,,translated,CSV:EDU_udd,medium,danish,,,6,3,0.0,"Internat. virksomhedskommunik., tysk-spansk, bach.",True
EDU_udd_3150,EDU,udd,3150,"Journalism, Media and Globalisation, kand.2år","Journalism, Media and Globalisation, kand.2år",,,"Journalism, Media and Globalization, B.A. 2 years [current education]",,,translated,CSV:EDU_udd,medium,danish,,,1792,896,9.9e-05,"Journalism, Media and Globalisation, kand.2år",True
EDU_udd_3049,EDU,udd,3049,"Biomedicinsk teknik, kand.2år","Biomedicinsk teknik, kand.2år",,,"Biomedical Engineering, kand.2yr [current education]",,,manual_level_fix,CSV:EDU_udd,medium,danish,,,154,75,8e-06,"Biomedicinsk teknik, kand.2år",False
EDU_udd_5847,EDU,udd,5847,"Teaterteknik, lyd","Teaterteknik, lyd",,,"Theatre technology, sound",,,translated,CSV:EDU_udd,medium,danish,,,28,14,2e-06,"Teaterteknik, lyd",True
EDU_udd_8357,EDU,udd,8357,"Water and Environment Engineering, civilingeniør 2år","Water and Environment Engineering, civilingeniør 2år",,,"Water and Environmental Engineering, M.Sc.Eng. 2 years [current education]",,,translated,CSV:EDU_udd,medium,danish,,,606,303,3.4e-05,"Water and Environment Engineering, civilingeniør 2år",True
EDU_udd_4166,EDU,udd,4166,Ferskvareassistent,Ferskvareassistent,,,Fresh-produce assistant [current education],,,translated,CSV:EDU_udd,medium,danish,,,208,91,1e-05,Ferskvareassistent,True
EDU_udd_8114,EDU,udd,8114,"Data science, bach.","Data science, bach.",,,"Data science, bach. [current education]",,,copy-of-da,CSV:EDU_udd,medium,danish,,,1112,552,6.1e-05,"Data science, bach.",True
EDU_udd_3267,EDU,udd,3267,Kranfører,Kranfører,,,Crane Operator [current education],,,translated,CSV:EDU_udd,medium,danish,,,510,197,2.2e-05,Kranfører,True
EDU_udd_5579,EDU,udd,5579,"It-arkitektur, prof.bach.","It-arkitektur, prof.bach.",,,"IT Architecture, prof.bach.",,,copy-of-da,CSV:EDU_udd,medium,danish,,,804,399,4.4e-05,"It-arkitektur, prof.bach.",True
EDU_udd_3217,EDU,udd,3217,"Mekanik og produktion, ing.bach.","Mekanik og produktion, ing.bach.",,,"Mechanics and Production, ing.bach. [current education]",,,translated,CSV:EDU_udd,medium,danish,,,1236,614,6.8e-05,"Mekanik og produktion, ing.bach.",True
EDU_udd_6040,EDU,udd,6040,"European studies, bach.","European studies, bach.",,,"European studies, bach. [current education]",,,copy-of-da,CSV:EDU_udd,medium,danish,,,1168,580,6.4e-05,"European studies, bach.",True
EDU_udd_7111,EDU,udd,7111,"Comparative Public Policy and Welfare Studies, kand.2år","Comparative Public Policy and Welfare Studies, kand.2år",,,"Comparative Public Policy and Welfare Studies, kand.2yr [current education]",,,translated,CSV:EDU_udd,medium,danish,,,438,219,2.4e-05,"Comparative Public Policy and Welfare Studies, kand.2år",True
EDU_udd_7981,EDU,udd,7981,"Produktion (Produktionsteknik), ing.prof.bach.","Produktion (Produktionsteknik), ing.prof.bach.",,,"Production (production engineering), ing.prof.bach. [current education]",,,translated,CSV:EDU_udd,medium,danish,,,206,103,1.1e-05,"Produktion (Produktionsteknik), ing.prof.bach.",False
EDU_udd_3244,EDU,udd,3244,"Kemi, kand.2år","Kemi, kand.2år",,,"Chemistry, B.A. 2 years [current education]",,,translated,CSV:EDU_udd,medium,danish,,,10,5,1e-06,"Kemi, kand.2år",False
EDU_udd_6024,EDU,udd,6024,Kirkemusiker Sang (KMS),Kirkemusiker Sang (KMS),,,"Church musician, singing (KMS) [current education]",,,translated,CSV:EDU_udd,medium,danish,,,232,116,1.3e-05,Kirkemusiker Sang (KMS),True
EDU_udd_7519,EDU,udd,7519,"Economics and Business Administration, bach.","Economics and Business Administration, bach.",,,"Economics and Business Administration, bach. [current education]",,,copy-of-da,CSV:EDU_udd,medium,danish,,,1120,559,6.2e-05,"Economics and Business Administration, bach.",False
EDU_udd_5629,EDU,udd,5629,"Design og anvendelse af kunstig intelligens, ing.prof.bach.","Design og anvendelse af kunstig intelligens, ing.prof.bach.",,,"Design and Application of Artificial Intelligence, ing.prof.bach. [current education]",,,translated,CSV:EDU_udd,medium,danish,,,108,54,6e-06,"Design og anvendelse af kunstig intelligens, ing.prof.bach.",True
EDU_udd_5518,EDU,udd,5518,"Export and Technology Management, prof.bach.","Export and Technology Management, prof.bach.",,,"Export and Technology Management, prof.bach. [current education]",,,copy-of-da,CSV:EDU_udd,medium,danish,,,536,268,3e-05,"Export and Technology Management, prof.bach.",True
EDU_udd_8257,EDU,udd,8257,"Idrætsteknologi, kand.2år","Idrætsteknologi, kand.2år",,,"Sports Technology, kand.2yr [current education]",,,translated,CSV:EDU_udd,medium,danish,,,340,168,1.9e-05,"Idrætsteknologi, kand.2år",True
EDU_udd_3022,EDU,udd,3022,"International erhvervsøkonomi med fremmedsprog, bach.","International erhvervsøkonomi med fremmedsprog, bach.",,,"International Business Economics with Foreign Language, bach. [current education]",,,translated,CSV:EDU_udd,medium,danish,,,456,226,2.5e-05,"International erhvervsøkonomi med fremmedsprog, bach.",True
EDU_udd_4039,EDU,udd,4039,Tekstilassistent,Tekstilassistent,,,Textile assistant [current education],,,translated,CSV:EDU_udd,medium,danish,,,290,143,1.6e-05,Tekstilassistent,True
EDU_udd_5840,EDU,udd,5840,"Konservator kunst, kand.2år","Konservator kunst, kand.2år",,,"Art Conservator, kand.2yr [current education]",,,translated,CSV:EDU_udd,medium,danish,,,56,28,3e-06,"Konservator kunst, kand.2år",True
EDU_udd_4016,EDU,udd,4016,Hotel- og rejselivstekniker,Hotel- og rejselivstekniker,,,Hotel and Tourism Technician [current education],,,translated,CSV:EDU_udd,medium,danish,,,204,101,1.1e-05,Hotel- og rejselivstekniker,True
EDU_udd_2479,EDU,udd,2479,"Gartnerskole, anlæg kursus","Gartnerskole, anlæg kursus",,,"Gardening School, Landscape Course [current education]",,,translated,CSV:EDU_udd,medium,danish,,,166,83,9e-06,"Gartnerskole, anlæg kursus",True
EDU_udd_7207,EDU,udd,7207,"EU-studier, kand.2år","EU-studier, kand.2år",,,"EU studies, kand.2yr [current education]",,,translated,CSV:EDU_udd,medium,danish,,,178,89,1e-05,"EU-studier, kand.2år",True
EDU_udd_7136,EDU,udd,7136,"By, bolig og bosætning, kand.2år","By, bolig og bosætning, kand.2år",,,"City, housing and settlement, kand.2yr [current education]",,,translated,CSV:EDU_udd,medium,danish,,,264,131,1.5e-05,"By, bolig og bosætning, kand.2år",True
EDU_udd_5230,EDU,udd,5230,"Adgangskursus, skov- og landskabsingeniør","Adgangskursus, skov- og landskabsingeniør",,,"Access course, forest and landscape engineering [current education]",,,translated,CSV:EDU_udd,medium,danish,,,78,39,4e-06,"Adgangskursus, skov- og landskabsingeniør",True
EDU_udd_3230,EDU,udd,3230,"Svagstrøm, ing.prof.bach.","Svagstrøm, ing.prof.bach.",,,"Weak Current Technology, ing.prof.bach. [current education]",,,translated,CSV:EDU_udd,medium,danish,,,192,95,1.1e-05,"Svagstrøm, ing.prof.bach.",False
EDU_udd_8709,EDU,udd,8709,"Digital transformation, kand.2år","Digital transformation, kand.2år",,,"Digital transformation, kand.2yr [current education]",,,translated,CSV:EDU_udd,medium,danish,,,322,161,1.8e-05,"Digital transformation, kand.2år",True
EDU_udd_5780,EDU,udd,5780,"Business Administration and Digital Management, bach.","Business Administration and Digital Management, bach.",,,"Business Administration and Digital Management, bach. [current education]",,,copy-of-da,CSV:EDU_udd,medium,danish,,,1662,828,9.2e-05,"Business Administration and Digital Management, bach.",True
EDU_udd_4998,EDU,udd,4998,"Fængselsbetjent, merituddannelse","Fængselsbetjent, merituddannelse",,,"Prison officer, merit education [current education]",,,translated,CSV:EDU_udd,medium,danish,,,114,57,6e-06,"Fængselsbetjent, merituddannelse",True
EDU_udd_6744,EDU,udd,6744,"Cognition and Communication, kand.2år","Cognition and Communication, kand.2år",,,"Cognition and Communication, kand.2yr [current education]",,,translated,CSV:EDU_udd,medium,danish,,,882,439,4.9e-05,"Cognition and Communikation, kand.2år",True
EDU_udd_3451,EDU,udd,3451,"Economics and Business Administration, kand.2år","Economics and Business Administration, kand.2år",,,"Economics and Business Administration, kand.2yr [current education]",,,manual_level_fix,CSV:EDU_udd,medium,danish,,,600,297,3.3e-05,"Economics and Business Administration, kand.2år",False
EDU_udd_8701,EDU,udd,8701,"Arbejdsliv, kand.2år","Arbejdsliv, kand.2år",,,"Labour market, kand.2yr [current education]",,,translated,CSV:EDU_udd,medium,danish,,,258,129,1.4e-05,"Arbejdsliv, kand.2år",True
EDU_udd_7581,EDU,udd,7581,"Chemistry, kand.2år","Chemistry, kand.2år",,,"Chemistry, kand.2yr [current education]",,,translated,CSV:EDU_udd,medium,danish,,,630,314,3.5e-05,"Chemistry, kand.2år",False
EDU_udd_3216,EDU,udd,3216,"Cultural Encounters and Communication Studies, kand.2år","Cultural Encounters and Communication Studies, kand.2år",,,"Cultural Encounters and Communication Studies, kand.2yr [current education]",,,translated,CSV:EDU_udd,medium,danish,,,280,138,1.5e-05,"Cultural Encounters and Communication Studies, kand.2år",True
EDU_udd_6505,EDU,udd,6505,"Mellemøstens sprog og samfund - Assyriologi, bach.","Mellemøstens sprog og samfund - Assyriologi, bach.",,,"Middle Eastern languages and societies - Assyriology, bach. [current education]",,,translated,CSV:EDU_udd,medium,danish,,,96,48,5e-06,"Mellemøstens sprog og samfund - Assyriologi, bach.",True
EDU_udd_3017,EDU,udd,3017,"International virksomhedskommunikation, sproglig og kulturel formidling, bach.","International virksomhedskommunikation, sproglig og kulturel formidling, bach.",,,"International business communication, linguistic and cultural mediation, bach. [current education]",,,translated,CSV:EDU_udd,medium,danish,,,170,84,9e-06,"International virksomhedskommunikation, sproglig og kulturel formidling, bach.",True
EDU_udd_5302,EDU,udd,5302,"Civil Engineering, ing.prof.bach.","Civil Engineering, ing.prof.bach.",,,"Civil Engineering, ing.prof.bach. [current education]",,,copy-of-da,CSV:EDU_udd,medium,danish,,,772,386,4.3e-05,"Civil Engineering, ing.prof.bach.",True
EDU_udd_6100,EDU,udd,6100,"Politik og international forvaltning, kand.2år","Politik og international forvaltning, kand.2år",,,"Politics and International Administration, B.A. 2 years [current education]",,,translated,CSV:EDU_udd,medium,danish,,,28,14,2e-06,"Politik og international forvaltning, kand.2år",True
EDU_udd_7643,EDU,udd,7643,"Maskinteknik, ing.prof.bach.","Maskinteknik, ing.prof.bach.",,,"Mechanical engineering, ing.prof.bach. [current education]",,,translated,CSV:EDU_udd,medium,danish,,,400,197,2.2e-05,"Maskinteknik, ing.prof.bach.",False
EDU_udd_8308,EDU,udd,8308,"Communication Technologies and System Design, civilingeniør 2år","Communication Technologies and System Design, civilingeniør 2år",,,"Communication Technologies and System Design, M.Sc.Eng. 2 years [current education]",,,translated,CSV:EDU_udd,medium,danish,,,586,293,3.2e-05,"Communication Technologies and System Design, civilingeniør 2år",True
EDU_udd_3070,EDU,udd,3070,"European Studies, kand.2år","European Studies, kand.2år",,,"European Studies, B.A. 2 years [current education]",,,translated,CSV:EDU_udd,medium,danish,,,588,293,3.2e-05,"European Studies, kand.2år",True
EDU_udd_5669,EDU,udd,5669,"Innovation and entrepreneurship (overbygning), prof.bach.","Innovation and entrepreneurship (overbygning), prof.bach.",,,"Innovation and entrepreneurship (top-up), prof.bach. [current education]",,,translated,CSV:EDU_udd,medium,danish,,,1890,945,0.000105,"Innovation and entrepreneurship (overbygning), prof.bach.",True
EDU_udd_7563,EDU,udd,7563,"Bioteknologi, ing.bach.","Bioteknologi, ing.bach.",,,"Biotechnology, ing.bach. [current education]",,,translated,CSV:EDU_udd,medium,danish,,,758,376,4.2e-05,"Bioteknologi, ing.bach.",False
EDU_udd_4090,EDU,udd,4090,Vildtforvalter,Vildtforvalter,,,Wildlife manager [current education],,,translated,CSV:EDU_udd,medium,danish,,,108,54,6e-06,Vildtforvalter,True
EDU_udd_8076,EDU,udd,8076,"Earth and Space Physics and Engineering, civilingeniør 2år","Earth and Space Physics and Engineering, civilingeniør 2år",,,"Earth and Space Physics and Engineering, M.Sc.Eng. 2 years [current education]",,,translated,CSV:EDU_udd,medium,danish,,,750,373,4.1e-05,"Earth and Space Physics and Engineering, civilingeniør 2år",True
EDU_udd_8311,EDU,udd,8311,"Mechatronics, civilingeniør 2år","Mechatronics, civilingeniør 2år",,,"Mechatronics, M.Sc.Eng. 2 years [current education]",,,translated,CSV:EDU_udd,medium,danish,,,622,311,3.4e-05,"Mechatronics, civilingeniør 2år",True
EDU_udd_6461,EDU,udd,6461,"Arkæologi, kand.2år","Arkæologi, kand.2år",,,"Archaeology, kand.2yr [current education]",,,manual_level_fix,CSV:EDU_udd,medium,danish,,,370,185,2e-05,"Arkæologi, kand.2år",True
EDU_udd_7570,EDU,udd,7570,"Economics and Business Administration, kand.2år","Economics and Business Administration, kand.2år",,,"Economics and Business Administration, kand.2yr [current education]",,,manual_level_fix,CSV:EDU_udd,medium,danish,,,280,139,1.5e-05,"Economics and Business Administration, kand.2år",False
EDU_udd_7611,EDU,udd,7611,"Samfundsfag, kand.2år","Samfundsfag, kand.2år",,,"Social sciences, kand.2yr [current education]",,,manual_level_fix,CSV:EDU_udd,medium,danish,,,474,236,2.6e-05,"Samfundsfag, kand.2år",True
EDU_udd_5437,EDU,udd,5437,"Graphic Storytelling, prof.bach.","Graphic Storytelling, prof.bach.",,,"Graphic Storytelling, prof.bach. [current education]",,,copy-of-da,CSV:EDU_udd,medium,danish,,,240,120,1.3e-05,"Graphic Storytelling, prof.bach.",True
EDU_udd_8251,EDU,udd,8251,"Construction Management and Building Informatics, kand.2år","Construction Management and Building Informatics, kand.2år",,,"Construction Management and Building Informatics, kand.2yr [current education]",,,manual_level_fix,CSV:EDU_udd,medium,danish,,,312,155,1.7e-05,"Construction Management and Building Informatics, kand.2år",True
EDU_udd_6017,EDU,udd,6017,"Interaktionsdesign, bach.","Interaktionsdesign, bach.",,,"Interaction design, bach. [current education]",,,translated,CSV:EDU_udd,medium,danish,,,770,384,4.3e-05,"Interaktionsdesign, bach.",True
EDU_udd_5286,EDU,udd,5286,"Business analytics, civilingeniør 2år","Business analytics, civilingeniør 2år",,,"Business Analytics, MSc(Eng) 2yr [current education]",,,translated,CSV:EDU_udd,medium,danish,,,820,409,4.5e-05,"Business analytics, civilingeniør 2år",True
EDU_udd_6414,EDU,udd,6414,"Folkemindevidenskab, kand.2år","Folkemindevidenskab, kand.2år",,,"Folklore Studies, kand.2yr [current education]",,,manual_level_fix,CSV:EDU_udd,medium,danish,,,60,28,3e-06,"Folkemindevidenskab, kand.2år",True
EDU_udd_7646,EDU,udd,7646,"Byggeri og anlæg, ing.prof.bach.","Byggeri og anlæg, ing.prof.bach.",,,"Construction and installation, ing.prof.bach. [current education]",,,translated,CSV:EDU_udd,medium,danish,,,1040,512,5.7e-05,"Byggeri og anlæg, ing.prof.bach.",True
EDU_udd_7710,EDU,udd,7710,"Matematik-økonomi, kand.2år","Matematik-økonomi, kand.2år",,,"Mathematics-Economics, kand.2yr [current education]",,,manual_level_fix,CSV:EDU_udd,medium,danish,,,296,147,1.6e-05,"Matematik-økonomi, kand.2år",False
EDU_udd_7635,EDU,udd,7635,"IT, kommunikation og organisation, kand.2år","IT, kommunikation og organisation, kand.2år",,,"IT, Communication and Organization, kand.2yr [current education]",,,translated,CSV:EDU_udd,medium,danish,,,462,231,2.6e-05,"IT, kommunikation og organisation, kand.2år",False
EDU_udd_6822,EDU,udd,6822,"Religionsvidenskab, kand.2år","Religionsvidenskab, kand.2år",,,"Religious Studies, kand.2yr [current education]",,,manual_level_fix,CSV:EDU_udd,medium,danish,,,442,219,2.4e-05,"Religionsvidenskab, kand.2år",True
EDU_udd_5910,EDU,udd,5910,Konservatorieuddannelse 2 (musik),Konservatorieuddannelse 2 (musik),,,Conservatory education 2 (music) [current education],,,translated,CSV:EDU_udd,medium,danish,,,168,82,9e-06,Konservatorieuddannelse 2 (musik),True
EDU_udd_5815,EDU,udd,5815,TV-uddannelsen,TV-uddannelsen,,,Tv- programme [current education],,,translated,CSV:EDU_udd,medium,danish,,,20,10,1e-06,TV-uddannelsen,True
EDU_udd_5140,EDU,udd,5140,Teknisk manager offshore,Teknisk manager offshore,,,Technical manager offshore [current education],,,translated,CSV:EDU_udd,medium,danish,,,212,103,1.1e-05,Teknisk manager offshore,True
EDU_udd_7430,EDU,udd,7430,"Lægemiddelvidenskab, kand.2år","Lægemiddelvidenskab, kand.2år",,,"Pharmaceutical Science, kand.2yr",,,translated,CSV:EDU_udd,medium,danish,,,384,192,2.1e-05,"Lægemiddelvidenskab, kand.2år",True
EDU_udd_8093,EDU,udd,8093,"Science Studies, kand.2år","Science Studies, kand.2år",,,"Science Studies, kand.2yr [current education]",,,translated,CSV:EDU_udd,medium,danish,,,110,55,6e-06,"Science Studies, kand.2år",True
EDU_udd_8363,EDU,udd,8363,"Akvatisk videnskab og teknologi, civilingeniør 2år","Akvatisk videnskab og teknologi, civilingeniør 2år",,,"Aquatic Science and Technology, civilingeniero 2yr [current education]",,,translated,CSV:EDU_udd,medium,danish,,,90,45,5e-06,"Akvatisk videnskab og teknologi, civilingeniør 2år",True
EDU_udd_8354,EDU,udd,8354,"Indoor Environmental and Energy Engineering, civilingeniør 2år","Indoor Environmental and Energy Engineering, civilingeniør 2år",,,"Indoor Environmental and Energy Engineering, civilingeniero 2yr [current education]",,,translated,CSV:EDU_udd,medium,danish,,,302,149,1.7e-05,"Indoor Environmental and Energy Engineering, civilingeniør 2år",True
EDU_udd_5864,EDU,udd,5864,"Sport Management (overbygning), prof.bach.","Sport Management (overbygning), prof.bach.",,,"Sports Management (overlay), prof.bach. [current education]",,,translated,CSV:EDU_udd,medium,danish,,,556,278,3.1e-05,"Sport Management (overbygning), prof.bach.",True
EDU_udd_3074,EDU,udd,3074,"Øst- og sydøsteuropastudier, russisk, bach.","Øst- og sydøsteuropastudier, russisk, bach.",,,"East and Southeast European Studies, Russian, bach. [current education]",,,translated,CSV:EDU_udd,medium,danish,,,192,96,1.1e-05,"Øst- og sydøsteuropastudier, russisk, bach.",True
EDU_udd_3313,EDU,udd,3313,"Intercultural Studies in Latin America and Spain, kand.2år","Intercultural Studies in Latin America and Spain, kand.2år",,,"Intercultural Studies in Latin America and Spain, kand.2yr [current education]",,,translated,CSV:EDU_udd,medium,danish,,,164,82,9e-06,"Intercultural Studies in Latin America and Spain, kand.2år",True
EDU_udd_8325,EDU,udd,8325,"Architecture, kand.2år","Architecture, kand.2år",,,"Architecture, kand.2yr [current education]",,,translated,CSV:EDU_udd,medium,danish,,,300,150,1.7e-05,"Architecture, kand.2år",True
EDU_udd_3202,EDU,udd,3202,"Business Administration and Leadership, kand.2år","Business Administration and Leadership, kand.2år",,,"Business Administration and Leadership, kand.2yr [current education]",,,translated,CSV:EDU_udd,medium,danish,,,920,458,5.1e-05,"Business Administration and Leadership, kand.2år",True
EDU_udd_8216,EDU,udd,8216,"Environmental Risk, kand.2år","Environmental Risk, kand.2år",,,"Environmental Risk, kand.2yr [current education]",,,translated,CSV:EDU_udd,medium,danish,,,214,106,1.2e-05,"Environmental Risk, kand.2år",True
EDU_udd_3108,EDU,udd,3108,"Computer Engineering, kand.2år","Computer Engineering, kand.2år",,,"Computer Engineering, kand.2yr [current education]",,,manual_level_fix,CSV:EDU_udd,medium,danish,,,18,9,1e-06,"Computer Engineering, kand.2år",True
EDU_udd_3104,EDU,udd,3104,"Digitalisering og applikationsudvikling, kand.2år","Digitalisering og applikationsudvikling, kand.2år",,,"Digitalization and Application Development, kand.2yr [current education]",,,manual_level_fix,CSV:EDU_udd,medium,danish,,,524,262,2.9e-05,"Digitalisering og applikationsudvikling, kand.2år",True
EDU_udd_5966,EDU,udd,5966,"Business, Language and Culture, arabic, kand.2år","Business, Language and Culture, arabic, kand.2år",,,"Business, Language and Culture (Arabic), kand.2yr [current education]",,,manual_level_fix,CSV:EDU_udd,medium,danish,,,146,71,8e-06,"Business, Language and Culture, arabic, kand.2år",True
EDU_udd_8719,EDU,udd,8719,"Global and Development Studies, kand.2år","Global and Development Studies, kand.2år",,,"Global and Development Studies, kand.2yr [current education]",,,manual_level_fix,CSV:EDU_udd,medium,danish,,,488,244,2.7e-05,"Global and Development Studies, kand.2år",True
EDU_udd_3455,EDU,udd,3455,"Computer Science, kand.2år","Computer Science, kand.2år",,,"Computer Science, kand.2yr [current education]",,,translated,CSV:EDU_udd,medium,danish,,,590,290,3.2e-05,"Computer Science, kand.2år",False
EDU_udd_5932,EDU,udd,5932,"Tysk erhvervssprog og europæiske studier, bach.","Tysk erhvervssprog og europæiske studier, bach.",,,"German Business Language and European Studies, bach. [current education]",,,translated,CSV:EDU_udd,medium,danish,,,110,55,6e-06,"Tysk erhvervssprog og europæiske studier, bach.",True
EDU_udd_8724,EDU,udd,8724,"Social Entrepreneurship and Management, kand.2år","Social Entrepreneurship and Management, kand.2år",,,"Social Entrepreneurship and Management, kand.2yr [current education]",,,manual_level_fix,CSV:EDU_udd,medium,danish,,,326,163,1.8e-05,"Social Entrepreneurship and Management, kand.2år",False
EDU_udd_3253,EDU,udd,3253,"Robot Systems, ing.bach.","Robot Systems, ing.bach.",,,"Robot Systems, ing.bach. [current education]",,,copy-of-da,CSV:EDU_udd,medium,danish,,,460,229,2.5e-05,"Robot Systems, ing.bach.",True
EDU_udd_7715,EDU,udd,7715,"Robotics, civilingeniør 2år","Robotics, civilingeniør 2år",,,"Robotics, MEng 2yr [current education]",,,translated,CSV:EDU_udd,medium,danish,,,316,157,1.7e-05,"Robotics, civilingeniør 2år",False
EDU_udd_8360,EDU,udd,8360,"Byggeledelse, civilingeniør 2år","Byggeledelse, civilingeniør 2år",,,"Construction Management, MEng 2yr [current education]",,,translated,CSV:EDU_udd,medium,danish,,,358,179,2e-05,"Byggeledelse, civilingeniør 2år",True
EDU_udd_6546,EDU,udd,6546,"Digital design med interaktionsstudier og IT, bach.","Digital design med interaktionsstudier og IT, bach.",,,"Digital Design with Interaction Studies and IT, bach. [current education]",,,translated,CSV:EDU_udd,medium,danish,,,494,246,2.7e-05,"Digital design med interaktionsstudier og IT, bach.",True
EDU_udd_4063,EDU,udd,4063,Gastekniker,Gastekniker,,,Gas technician [current education],,,translated,CSV:EDU_udd,medium,danish,,,88,44,5e-06,Gastekniker,True
EDU_udd_5945,EDU,udd,5945,"Erhvervssprog og pædagogik, bach.","Erhvervssprog og pædagogik, bach.",,,"Business Language and Pedagogy, bach. [current education]",,,translated,CSV:EDU_udd,medium,danish,,,306,152,1.7e-05,"Erhvervssprog og pædagogik, bach.",True
EDU_udd_6010,EDU,udd,6010,"Musikterapi, kand.","Musikterapi, kand.",,,"Music therapy, kand. [current education]",,,translated,CSV:EDU_udd,medium,danish,,,24,12,1e-06,"Musikterapi, kand.",True
EDU_udd_5802,EDU,udd,5802,"Tonemester, film og tv produktion","Tonemester, film og tv produktion",,,"Soundmaster, Film and TV Production [current education]",,,translated,CSV:EDU_udd,medium,danish,,,172,86,1e-05,"Tonemester, film og tv produktion",True
EDU_udd_5208,EDU,udd,5208,Toldsekretær,Toldsekretær,,,Customs Secretary [current education],,,translated,CSV:EDU_udd,medium,danish,,,34,17,2e-06,Toldsekretær,True
EDU_udd_6570,EDU,udd,6570,"Humanistisk una, bach.","Humanistisk una, bach.",,,"Humanities, unspecified, bach. [current education]",,,translated,CSV:EDU_udd,medium,danish,,,68,33,4e-06,"Humanistisk una, bach.",True
EDU_udd_7751,EDU,udd,7751,"Matematik, kand.2år (DPU)","Matematik, kand.2år (DPU)",,,"Mathematics, kand.2yr (DPU) [current education]",,,manual_level_fix,CSV:EDU_udd,medium,danish,,,164,80,9e-06,"Matematik, kand.2år (DPU)",True
EDU_udd_5842,EDU,udd,5842,"Konservator grafisk, kand.2år","Konservator grafisk, kand.2år",,,"Graphic Conservation, kand.2yr [current education]",,,manual_level_fix,CSV:EDU_udd,medium,danish,,,38,18,2e-06,"Konservator grafisk, kand.2år",True
EDU_udd_7850,EDU,udd,7850,"Kirkemusik, bach.","Kirkemusik, bach.",,,"Church music, bach. [current education]",,,translated,CSV:EDU_udd,medium,danish,,,142,70,8e-06,"Kirkemusik, bach.",True
EDU_udd_5212,EDU,udd,5212,"IT-product design, kand.2år","IT-product design, kand.2år",,,"IT Product Design, kand.2yr [current education]",,,manual_level_fix,CSV:EDU_udd,medium,danish,,,738,368,4.1e-05,"IT-product design, kand.2år",True
EDU_udd_5919,EDU,udd,5919,"Rytmisk musik, solistklasse","Rytmisk musik, solistklasse",,,"Rhythmic music, soloist class",,,translated,CSV:EDU_udd,medium,danish,,,54,27,3e-06,"Rytmisk musik, solistklasse",True
EDU_udd_6055,EDU,udd,6055,"Medialogy, kand.2år","Medialogy, kand.2år",,,"Medialogy, kand.2yr",,,manual_level_fix,CSV:EDU_udd,medium,danish,,,148,74,8e-06,"Medialogy, kand.2år",False
EDU_udd_8704,EDU,udd,8704,"Computer Science (RUC), kand.2år","Computer Science (RUC), kand.2år",,,"Computer Science (RUC), kand.2yr [current education]",,,manual_level_fix,CSV:EDU_udd,medium,danish,,,250,125,1.4e-05,"Computer Science (RUC), kand.2år",True
EDU_udd_4358,EDU,udd,4358,Frontline PC-supporter,Frontline PC-supporter,,,Frontline PC-supporter [current education],,,copy-of-da,CSV:EDU_udd,medium,danish,,,104,48,5e-06,Frontline PC-supporter,True
EDU_udd_5620,EDU,udd,5620,Operaakademi,Operaakademi,,,Opera academy [current education],,,translated,CSV:EDU_udd,medium,danish,,,360,180,2e-05,Operaakademi,True
EDU_udd_5035,EDU,udd,5035,Plasttekniker,Plasttekniker,,,Plast technician [current education],,,translated,CSV:EDU_udd,medium,danish,,,76,38,4e-06,Plasttekniker,True
EDU_udd_7325,EDU,udd,7325,"Antropologi, bach.","Antropologi, bach.",,,"Anthropology, bach. [current education]",,,translated,CSV:EDU_udd,medium,danish,,,254,124,1.4e-05,"Antropologi, bach.",False
EDU_udd_8169,EDU,udd,8169,"Biologi, industribach.","Biologi, industribach.",,,"Biology, industrial bach. [current education]",,,translated,CSV:EDU_udd,medium,danish,,,28,14,2e-06,"Biologi, industribach.",True
EDU_udd_5785,EDU,udd,5785,"Erhvervsøkonomi og erhvervssprog, kand.2år","Erhvervsøkonomi og erhvervssprog, kand.2år",,,"Business Economics and Business Languages, kand.2yr [current education]",,,manual_level_fix,CSV:EDU_udd,medium,danish,,,320,160,1.8e-05,"Erhvervsøkonomi og erhvervssprog, kand.2år",True
EDU_udd_5007,EDU,udd,5007,Akademiøkonom i miljø og økonomi,Akademiøkonom i miljø og økonomi,,,Environmental and Economic Academy Economist [current education],,,translated,CSV:EDU_udd,medium,danish,,,54,27,3e-06,Akademiøkonom i miljø og økonomi,True
EDU_udd_2469,EDU,udd,2469,"Inseminør, kvæg","Inseminør, kvæg",,,"Artificial Insemination Technician, Cattle [current education]",,,translated,CSV:EDU_udd,medium,danish,,,62,31,3e-06,"Inseminør, kvæg",True
EDU_udd_6118,EDU,udd,6118,"Globale studier, kand.2år","Globale studier, kand.2år",,,"Global Studies, kand.2yr [current education]",,,manual_level_fix,CSV:EDU_udd,medium,danish,,,670,332,3.7e-05,"Globale studier, kand.2år",True
EDU_udd_3426,EDU,udd,3426,"International virksomhedskommunikation, engelsk, bach.","International virksomhedskommunikation, engelsk, bach.",,,"International business communication, English, bach. [current education]",,,translated,CSV:EDU_udd,medium,danish,,,640,320,3.5e-05,"International virksomhedskommunikation, engelsk, bach.",False
EDU_udd_5939,EDU,udd,5939,"Internat. virksomhedskommunik., fransk - kommunikation, bach.","Internat. virksomhedskommunik., fransk - kommunikation, bach.",,,"International Corporate Communication, French - Communication, bach. [current education]",,,translated,CSV:EDU_udd,medium,danish,,,140,70,8e-06,"Internat. virksomhedskommunik., fransk - kommunikation, bach.",True
EDU_udd_8376,EDU,udd,8376,"Konstruktionsteknik, civilingeniør 2år","Konstruktionsteknik, civilingeniør 2år",,,"Construction Engineering, civilingeniør 2yr [current education]",,,manual_level_fix,CSV:EDU_udd,medium,danish,,,432,215,2.4e-05,"Konstruktionsteknik, civilingeniør 2år",True
EDU_udd_3047,EDU,udd,3047,"Engineering (Sustainable Fisheries and Aquaculture), civilingeniør 2år","Engineering (Sustainable Fisheries and Aquaculture), civilingeniør 2år",,,"Engineering (Sustainable Fisheries and Aquaculture), civilingeniør 2yr [current education]",,,manual_level_fix,CSV:EDU_udd,medium,danish,,,460,229,2.5e-05,"Engineering (Sustainable Fisheries and Aquaculture), civilingeniør 2år",True
EDU_udd_7079,EDU,udd,7079,"International ret, økonomi og ledelse, kand.2år","International ret, økonomi og ledelse, kand.2år",,,"International Law, Economics and Management, kand.2yr",,,manual_level_fix,CSV:EDU_udd,medium,danish,,,108,53,6e-06,"International ret, økonomi og ledelse, kand.2år",True
EDU_udd_5975,EDU,udd,5975,"Internat. virksomhedskommunik., fransk-spansk, bach.","Internat. virksomhedskommunik., fransk-spansk, bach.",,,"Int. Business Communication, French-Spanish, bach. [current education]",,,translated,CSV:EDU_udd,medium,danish,,,12,6,1e-06,"Internat. virksomhedskommunik., fransk-spansk, bach.",True
EDU_udd_7497,EDU,udd,7497,"Medicinal Chemistry, kand.2år","Medicinal Chemistry, kand.2år",,,"Medicinal Chemistry, kand.2yr [current education]",,,translated,CSV:EDU_udd,medium,danish,,,474,236,2.6e-05,"Medicinal Chemistry, kand.2år",False
EDU_udd_6469,EDU,udd,6469,"Environmental Engineering, civilingeniør 2år","Environmental Engineering, civilingeniør 2år",,,"Environmental Engineering, MEng [current education]",,,translated,CSV:EDU_udd,medium,danish,,,404,202,2.2e-05,"Environmental Engineering, civilingeniør 2år",False
EDU_udd_7645,EDU,udd,7645,"Byggeri og anlæg, ing.prof.bach.","Byggeri og anlæg, ing.prof.bach.",,,"Construction and installation, ing.prof.bach. [current education]",,,translated,CSV:EDU_udd,medium,danish,,,314,157,1.7e-05,"Byggeri og anlæg, ing.prof.bach.",False
EDU_udd_7460,EDU,udd,7460,"Political Science, kand.2år","Political Science, kand.2år",,,"Political Science, kand.2yr [current education]",,,manual_level_fix,CSV:EDU_udd,medium,danish,,,562,280,3.1e-05,"Political Science, kand.2år",True
EDU_udd_8019,EDU,udd,8019,"Lighting Design, kand.2år","Lighting Design, kand.2år",,,"Lighting Design, kand.2yr [current education]",,,manual_level_fix,CSV:EDU_udd,medium,danish,,,556,278,3.1e-05,"Lighting Design, kand.2år",True
EDU_udd_6766,EDU,udd,6766,"Klassisk filologi, kand.2år","Klassisk filologi, kand.2år",,,"Classical philology, kand.2yr [current education]",,,manual_level_fix,CSV:EDU_udd,medium,danish,,,32,16,2e-06,"Klassisk filologi, kand.2år",False
EDU_udd_5268,EDU,udd,5268,"It og økonomi, ing.prof.bach.","It og økonomi, ing.prof.bach.",,,"IT and Economics, ing.prof.bach. [current education]",,,translated,CSV:EDU_udd,medium,danish,,,926,459,5.1e-05,"It og økonomi, ing.prof.bach.",True
EDU_udd_5285,EDU,udd,5285,"Nordisk urban planlægning, kand.2år","Nordisk urban planlægning, kand.2år",,,"Nordic Urban Planning, kand.2yr [current education]",,,manual_level_fix,CSV:EDU_udd,medium,danish,,,206,103,1.1e-05,"Nordisk urban planlægning, kand.2år",True
EDU_udd_3171,EDU,udd,3171,"Cognitive Science, bach.","Cognitive Science, bach.",,,"Cognitive Science, bach. [current education]",,,copy-of-da,CSV:EDU_udd,medium,danish,,,1210,604,6.7e-05,"Cognitive Science, bach.",True
EDU_udd_8309,EDU,udd,8309,"Matematik-teknologi, civilingeniør 2år","Matematik-teknologi, civilingeniør 2år",,,"Mathematics-Technology, civilingeniør 2yr [current education]",,,manual_level_fix,CSV:EDU_udd,medium,danish,,,168,83,9e-06,"Matematik-teknologi, civilingeniør 2år",True
EDU_udd_3231,EDU,udd,3231,"Fødevarer, jordbrug og oplevelser","Fødevarer, jordbrug og oplevelser",,,"Foods, Agriculture and Experiences [current education]",,,translated,CSV:EDU_udd,medium,danish,,,28034,13989,0.001549,"Fødevarer, jordbrug og oplevelser",True
EDU_udd_3174,EDU,udd,3174,"Cognitive Science, kand.2år","Cognitive Science, kand.2år",,,"Cognitive Science, kand.2yr [current education]",,,manual_level_fix,CSV:EDU_udd,medium,danish,,,318,158,1.7e-05,"Cognitive Science, kand.2år",True
EDU_udd_8323,EDU,udd,8323,"Industrial Design, kand.2år","Industrial Design, kand.2år",,,"Industrial Design, kand. [current education]",,,translated,CSV:EDU_udd,medium,danish,,,68,34,4e-06,"Industrial Design, kand.2år",True
EDU_udd_4788,EDU,udd,4788,"Mad til mennesker, individuel eud","Mad til mennesker, individuel eud",,,"Food for People, individual euD [current education]",,,translated,CSV:EDU_udd,medium,danish,,,60,24,3e-06,"Mad til mennesker, individuel eud",True
EDU_udd_3385,EDU,udd,3385,"Folkesundhedsvidenskab, kand.2år","Folkesundhedsvidenskab, kand.2år",,,"Public Health Science, kand.2yr [current education]",,,translated,CSV:EDU_udd,medium,danish,,,64,32,4e-06,"Folkesundhedsvidenskab, kand.2år",False
EDU_udd_3088,EDU,udd,3088,"Græsk, klassisk, bach.","Græsk, klassisk, bach.",,,"Greek, Classical, bach. [current education]",,,translated,CSV:EDU_udd,medium,danish,,,278,138,1.5e-05,"Græsk, klassisk, bach.",True
EDU_udd_3155,EDU,udd,3155,"Computational Biomedicine, kand.2.år","Computational Biomedicine, kand.2.år",,,"Computational Biomedicine, kand.2yr [current education]",,,manual_level_fix,CSV:EDU_udd,medium,danish,,,302,151,1.7e-05,"Computational Biomedicine, kand.2.år",True
EDU_udd_5497,EDU,udd,5497,"Smykker, teknologi og business, prof.bach.","Smykker, teknologi og business, prof.bach.",,,"Jewelry, Technology and Business, prof.bach. [current education]",,,translated,CSV:EDU_udd,medium,danish,,,100,50,6e-06,"Smykker, teknologi og business, prof.bach.",False
EDU_udd_7914,EDU,udd,7914,"Engineering, Innovation and Business, ing.bach.","Engineering, Innovation and Business, ing.bach.",,,"Engineering, Innovation and Business, ing.bach. [current education]",,,copy-of-da,CSV:EDU_udd,medium,danish,,,580,288,3.2e-05,"Engineering, Innovation and Business, ing.bach.",True
EDU_udd_5698,EDU,udd,5698,Musical,Musical,,,Musical [current education],,,copy-of-da,CSV:EDU_udd,medium,danish,,,142,71,8e-06,Musical,True
EDU_udd_5474,EDU,udd,5474,"Social Data Science, kand.2år","Social Data Science, kand.2år",,,"Social Data Science, kand.2yr [current education]",,,manual_level_fix,CSV:EDU_udd,medium,danish,,,526,262,2.9e-05,"Social Data Science, kand.2år",True
EDU_udd_7600,EDU,udd,7600,"Assyriologi og sumerologi, kand.","Assyriologi og sumerologi, kand.",,,"Assyriology and Sumerology, kand. [current education]",,,translated,CSV:EDU_udd,medium,danish,,,78,38,4e-06,"Assyriologi og sumerologi, kand.",True
EDU_udd_6023,EDU,udd,6023,Basislinje sang,Basislinje sang,,,"Foundation programme, voice [current education]",,,translated,CSV:EDU_udd,medium,danish,,,22,11,1e-06,Basislinje sang,True
EDU_udd_805,EDU,udd,805,Kirkesanger (privat udd.),Kirkesanger (privat udd.),,,Church singer (private programme) [current education],,,translated,CSV:EDU_udd,medium,danish,,,58,29,3e-06,Kirkesanger (privat udd.),True
EDU_udd_5454,EDU,udd,5454,"Landskabsforvaltning, kand.2år","Landskabsforvaltning, kand.2år",,,"Landscape Management, kand.2yr [current education]",,,manual_level_fix,CSV:EDU_udd,medium,danish,,,382,191,2.1e-05,"Landskabsforvaltning, kand.2år",True
EDU_udd_5590,EDU,udd,5590,"Kommunikationsdesign, kand.2år","Kommunikationsdesign, kand.2år",,,"Communication Design, kand.2yr [current education]",,,manual_level_fix,CSV:EDU_udd,medium,danish,,,82,41,5e-06,"Kommunikationsdesign, kand.2år",True
EDU_udd_5251,EDU,udd,5251,"Stærkstrømsteknologi, ing.prof.bach.","Stærkstrømsteknologi, ing.prof.bach.",,,"High Voltage Technology, ing.prof.bach. [current education]",,,translated,CSV:EDU_udd,medium,danish,,,38,19,2e-06,"Stærkstrømsteknologi, ing.prof.bach.",True
EDU_udd_5943,EDU,udd,5943,"Erhvervssprog og kulturformidling, bach.","Erhvervssprog og kulturformidling, bach.",,,"Business Languages and Cultural Communication, bach. [current education]",,,translated,CSV:EDU_udd,medium,danish,,,602,301,3.3e-05,"Erhvervssprog og kulturformidling, bach.",True
EDU_udd_6870,EDU,udd,6870,"European journalism, kand.2år","European journalism, kand.2år",,,"European Journalism, kand.2yr [current education]",,,manual_level_fix,CSV:EDU_udd,medium,danish,,,522,261,2.9e-05,"European journalism, kand.2år",True
EDU_udd_5307,EDU,udd,5307,"Software Technology, ing.prof.bach.","Software Technology, ing.prof.bach.",,,"Software Technology, ing.prof.bach. [current education]",,,copy-of-da,CSV:EDU_udd,medium,danish,,,2980,1478,0.000164,"Software Technology, ing.prof.bach.",True
EDU_udd_8723,EDU,udd,8723,"Politik og forvaltning, kand.2år","Politik og forvaltning, kand.2år",,,"Politics and Administration, kand.2yr [current education]",,,manual_level_fix,CSV:EDU_udd,medium,danish,,,360,179,2e-05,"Politik og forvaltning, kand.2år",False
EDU_udd_3137,EDU,udd,3137,"Pharmaceutical Sciences, kand.2år","Pharmaceutical Sciences, kand.2år",,,"Pharmaceutical Sciences, kand.2yr [current education]",,,manual_level_fix,CSV:EDU_udd,medium,danish,,,1000,500,5.5e-05,"Pharmaceutical Sciences, kand.2år",True
EDU_udd_8073,EDU,udd,8073,"Computer Science (IT), kand.2år","Computer Science (IT), kand.2år",,,"Computer Science (IT), kand.2yr [current education]",,,manual_level_fix,CSV:EDU_udd,medium,danish,,,444,222,2.5e-05,"Computer Science (IT), kand.2år",True
EDU_udd_4789,EDU,udd,4789,"Strøm, styring og it, individuel eud","Strøm, styring og it, individuel eud",,,"Electricity, Control and IT, individual eud [current education]",,,translated,CSV:EDU_udd,medium,danish,,,92,46,5e-06,"Strøm, styring og it, individuel eud",True
EDU_udd_7661,EDU,udd,7661,"International virksomhedskommunikation, tysk, bach.","International virksomhedskommunikation, tysk, bach.",,,"International business communication, German, bach. [current education]",,,translated,CSV:EDU_udd,medium,danish,,,214,107,1.2e-05,"International virksomhedskommunikation, tysk, bach.",False
EDU_udd_5479,EDU,udd,5479,"Chemical and Biotechnical Technology and Food Technology (overbygning), prof.bach.","Chemical and Biotechnical Technology and Food Technology (overbygning), prof.bach.",,,"Chemical and Biotechnical Technology and Food Technology (top-up), prof.bach. [current education]",,,translated,CSV:EDU_udd,medium,danish,,,108,54,6e-06,"Chemical and Biotechnical Technology and Food Technology (overbygning), prof.bach.",True
EDU_udd_7953,EDU,udd,7953,"Byggeri og anlæg, vand og miljø, ingeniør bach.","Byggeri og anlæg, vand og miljø, ingeniør bach.",,,"Construction and Plant, Water and Environment, eng. bach. [current education]",,,translated,CSV:EDU_udd,medium,danish,,,30,15,2e-06,"Byggeri og anlæg, vand og miljø, ingeniør bach.",True
EDU_udd_3069,EDU,udd,3069,"Portugisiske og brasilianske studier, kand.2år","Portugisiske og brasilianske studier, kand.2år",,,"Portuguese and Brazilian Studies, kand.2yr [current education]",,,manual_level_fix,CSV:EDU_udd,medium,danish,,,48,24,3e-06,"Portugisiske og brasilianske studier, kand.2år",True
EDU_udd_8051,EDU,udd,8051,"Arkitekturens teknologi, kand.2år","Arkitekturens teknologi, kand.2år",,,"Technology of Architecture, kand.2yr [current education]",,,manual_level_fix,CSV:EDU_udd,medium,danish,,,174,86,1e-05,"Arkitekturens teknologi, kand.2år",True
EDU_udd_3478,EDU,udd,3478,"Medicin, kand.3år","Medicin, kand.3år",,,"Medicine, kand.3yr [current education]",,,manual_level_fix,CSV:EDU_udd,medium,danish,,,146,73,8e-06,"Medicin, kand.3år",False
EDU_udd_8705,EDU,udd,8705,"Dansk (RUC), kand.2år","Dansk (RUC), kand.2år",,,"Danish (RUC), kand.2yr [current education]",,,manual_level_fix,CSV:EDU_udd,medium,danish,,,82,41,5e-06,"Dansk (RUC), kand.2år",True
EDU_udd_4754,EDU,udd,4754,"Mekanik, transport og logistik, individuel eud","Mekanik, transport og logistik, individuel eud",,,"Mechanics, Transport and Logistics, individual eud [current education]",,,translated,CSV:EDU_udd,medium,danish,,,120,42,5e-06,"Mekanik, transport og logistik, individuel eud",True
EDU_udd_8727,EDU,udd,8727,"Virksomhedsledelse, kand.2år","Virksomhedsledelse, kand.2år",,,"Business Administration, kand.2yr [current education]",,,manual_level_fix,CSV:EDU_udd,medium,danish,,,316,158,1.7e-05,"Virksomhedsledelse, kand.2år",False
EDU_udd_3168,EDU,udd,3168,"Cyber Security, civilingeniør 2år","Cyber Security, civilingeniør 2år",,,"Cyber Security, MEng 2yr [current education]",,,translated,CSV:EDU_udd,medium,danish,,,312,156,1.7e-05,"Cyber Security, civilingeniør 2år",True
EDU_udd_8706,EDU,udd,8706,"Filosofi og videnskabsteori, kand.2år","Filosofi og videnskabsteori, kand.2år",,,"Philosophy and Science Theory, kand.2yr [current education]",,,translated,CSV:EDU_udd,medium,danish,,,96,48,5e-06,"Filosofi og videnskabsteori, kand.2år",True
EDU_udd_5247,EDU,udd,5247,"Interaction Design, ing.prof.bach.","Interaction Design, ing.prof.bach.",,,"Interaction Design, ing.prof.bach. [current education]",,,copy-of-da,CSV:EDU_udd,medium,danish,,,122,61,7e-06,"Interaction Design, ing.prof.bach.",True
EDU_udd_5858,EDU,udd,5858,"Dance and Participation, kand.2år","Dance and Participation, kand.2år",,,"Dance and Participation, kand.2yr [current education]",,,translated,CSV:EDU_udd,medium,danish,,,82,41,5e-06,"Dance and Participation, kand.2år",True
EDU_udd_8296,EDU,udd,8296,"Nanobioscience, kand.2år","Nanobioscience, kand.2år",,,"Nanobioscience, kand.2yr [current education]",,,translated,CSV:EDU_udd,medium,danish,,,62,31,3e-06,"Nanobioscience, kand.2år",True
EDU_udd_6203,EDU,udd,6203,"Arkitekt, bach.","Arkitekt, bach.",,,"Architect, bach. [current education]",,,translated,CSV:EDU_udd,medium,danish,,,102,51,6e-06,"Arkitekt, bach.",False
EDU_udd_3457,EDU,udd,3457,"Mathematics, kand.2år","Mathematics, kand.2år",,,"Mathematics, kand.2yr [current education]",,,manual_level_fix,CSV:EDU_udd,medium,danish,,,240,118,1.3e-05,"Mathematics, kand.2år",False
EDU_udd_6900,EDU,udd,6900,"Rumlige design og samfund, kand.2år","Rumlige design og samfund, kand.2år",,,"Spatial Design and Society, kand.2yr [current education]",,,translated,CSV:EDU_udd,medium,danish,,,12,6,1e-06,"Rumlige design og samfund, kand.2år",True
EDU_udd_7568,EDU,udd,7568,"Didaktik, musikpædagogik, kand.2år","Didaktik, musikpædagogik, kand.2år",,,"Didactics, Music Pedagogy, kand.2yr [current education]",,,translated,CSV:EDU_udd,medium,danish,,,218,109,1.2e-05,"Didaktik, musikpædagogik, kand.2år",True
EDU_udd_3226,EDU,udd,3226,"Kontor, handel og forretningsservice, Individuel EUD","Kontor, handel og forretningsservice, Individuel EUD",,,"Office, Trade and Business Services, Individuel EUD [current education]",,,translated,CSV:EDU_udd,medium,danish,,,212,106,1.2e-05,"Kontor, handel og forretningsservice, Individuel EUD",True
EDU_udd_3392,EDU,udd,3392,"Economics and Business Administration in Supply Chain Management, kand.2år","Economics and Business Administration in Supply Chain Management, kand.2år",,,"Economics and Business Administration in Supply Chain Management, kand.2yr [current education]",,,translated,CSV:EDU_udd,medium,danish,,,182,91,1e-05,"Economics and Business Administration in Supply Chain Management, kand.2år",True
EDU_udd_6032,EDU,udd,6032,"Engelsk, kand.2år","Engelsk, kand.2år",,,"English, kand.2yr [current education]",,,manual_level_fix,CSV:EDU_udd,medium,danish,,,74,37,4e-06,"Engelsk, kand.2år",False
EDU_udd_8715,EDU,udd,8715,"Socialvidenskab (RUC), kand.2år","Socialvidenskab (RUC), kand.2år",,,"Social Sciences (RUC), kand.2yr [current education]",,,translated,CSV:EDU_udd,medium,danish,,,188,94,1e-05,"Socialvidenskab (RUC), kand.2år",True
EDU_udd_5279,EDU,udd,5279,"Nanoteknologi, ing.prof.bach.","Nanoteknologi, ing.prof.bach.",,,"Nanotechnology, ing.prof.bach. [current education]",,,translated,CSV:EDU_udd,medium,danish,,,24,12,1e-06,"Nanoteknologi, ing.prof.bach.",True
EDU_udd_5820,EDU,udd,5820,"Grafik, videregående","Grafik, videregående",,,"Graphics, upper secondary [current education]",,,translated,CSV:EDU_udd,medium,danish,,,94,46,5e-06,"Grafik, videregående",True
EDU_udd_5679,EDU,udd,5679,"Erhvervssprog fransk-italiensk, korrespondent","Erhvervssprog fransk-italiensk, korrespondent",,,"Business Languages French-Italian, Correspondence [current education]",,,translated,CSV:EDU_udd,medium,danish,,,106,53,6e-06,"Erhvervssprog fransk-italiensk, korrespondent",True
EDU_udd_6513,EDU,udd,6513,"Filosofi, kand.2år","Filosofi, kand.2år",,,"Philosophy, kand.2yr [current education]",,,manual_level_fix,CSV:EDU_udd,medium,danish,,,18,9,1e-06,"Filosofi, kand.2år",False
EDU_udd_8321,EDU,udd,8321,"Urban Design, kand.2år","Urban Design, kand.2år",,,"Urban Design, kand.2yr [current education]",,,manual_level_fix,CSV:EDU_udd,medium,danish,,,272,136,1.5e-05,"Urban Design, kand.2år",True
EDU_udd_5884,EDU,udd,5884,Adgangskursus til maritime uddannelser,Adgangskursus til maritime uddannelser,,,Access Course for Maritime Programs [current education],,,translated,CSV:EDU_udd,medium,danish,,,240,120,1.3e-05,Adgangskursus til maritime uddannelser,True
EDU_udd_4784,EDU,udd,4784,"Dyr, planter og natur, individuel eud","Dyr, planter og natur, individuel eud",,,"Animals, Plants and Nature, Individual eud [current education]",,,translated,CSV:EDU_udd,medium,danish,,,70,30,3e-06,"Dyr, planter og natur, individuel eud",True
EDU_udd_7982,EDU,udd,7982,"Byggeri og anlæg, ing.prof.bach.","Byggeri og anlæg, ing.prof.bach.",,,"Construction and installation, ing.prof.bach. [current education]",,,translated,CSV:EDU_udd,medium,danish,,,800,397,4.4e-05,"Byggeri og anlæg, ing.prof.bach.",False
EDU_udd_5248,EDU,udd,5248,"Fødevareteknologi, ing.prof.bach.","Fødevareteknologi, ing.prof.bach.",,,"Food Technology, ing.prof.bach. [current education]",,,translated,CSV:EDU_udd,medium,danish,,,376,188,2.1e-05,"Fødevareteknologi, ing.prof.bach.",True
EDU_udd_6802,EDU,udd,6802,"Assyriologi, kand.2år","Assyriologi, kand.2år",,,"Assyriology, kand.2yr [current education]",,,manual_level_fix,CSV:EDU_udd,medium,danish,,,24,12,1e-06,"Assyriologi, kand.2år",True
EDU_udd_7951,EDU,udd,7951,"Byggeri og anlæg, veje og trafik, ingeniør bach.","Byggeri og anlæg, veje og trafik, ingeniør bach.",,,"Construction and Installation, Roads and Traffic, eng.bach. [current education]",,,translated,CSV:EDU_udd,medium,danish,,,26,13,1e-06,"Byggeri og anlæg, veje og trafik, ingeniør bach.",True
EDU_udd_8246,EDU,udd,8246,"Mekanik, ing.bach.","Mekanik, ing.bach.",,,"Mechanics, ing.bach. [current education]",,,translated,CSV:EDU_udd,medium,danish,,,578,289,3.2e-05,"Mekanik, ing.bach.",True
EDU_udd_7971,EDU,udd,7971,"Kunstig intelligens og data, ing.bach.","Kunstig intelligens og data, ing.bach.",,,"Artificial Intelligence and Data, ing.bach. [current education]",,,translated,CSV:EDU_udd,medium,danish,,,1136,567,6.3e-05,"Kunstig intelligens og data, ing.bach.",True
EDU_udd_8027,EDU,udd,8027,"Data Science (ITU), kand.2år","Data Science (ITU), kand.2år",,,"Data Science (ITU), kand.2yr [current education]",,,manual_level_fix,CSV:EDU_udd,medium,danish,,,280,140,1.6e-05,"Data Science (ITU), kand.2år",True
EDU_udd_6330,EDU,udd,6330,"Nederlandsk, kand.","Nederlandsk, kand.",,,"Dutch, kand. [current education]",,,translated,CSV:EDU_udd,medium,danish,,,26,12,1e-06,"Nederlandsk, kand.",True
EDU_udd_1894,EDU,udd,1894,Dansk-tysk studentereksamen,Dansk-tysk studentereksamen,,,Danish-German upper-secondary school-leaving exam,,,copy-of-da,CSV:EDU_udd,medium,danish,,,546,134,1.5e-05,Dansk-tysk studentereksamen,True
EDU_udd_8370,EDU,udd,8370,"Nanobioteknology, civilingeniør 2år","Nanobioteknology, civilingeniør 2år",,,"Nanobiotechnology, civil.eng. 2yr [current education]",,,translated,CSV:EDU_udd,medium,danish,,,160,80,9e-06,"Nanobioteknology, civilingeniør 2år",True
EDU_udd_8710,EDU,udd,8710,"Journalistik (RUC), kand.2år","Journalistik (RUC), kand.2år",,,"Journalism (RUC), kand.2yr [current education]",,,manual_level_fix,CSV:EDU_udd,medium,danish,,,584,292,3.2e-05,"Journalistik (RUC), kand.2år",True
EDU_udd_3419,EDU,udd,3419,"Economics and Business Administration, bach.","Economics and Business Administration, bach.",,,"Economics and Business Administration, bach. [current education]",,,copy-of-da,CSV:EDU_udd,medium,danish,,,1148,569,6.3e-05,"Economics and Business Administration, bach.",False
EDU_udd_6566,EDU,udd,6566,"Asienstudier, Tibetologi, bach.","Asienstudier, Tibetologi, bach.",,,"Asian studies, Tibetologi, bach. [current education]",,,translated,CSV:EDU_udd,medium,danish,,,118,59,7e-06,"Asienstudier, Tibetologi, bach.",True
EDU_udd_5196,EDU,udd,5196,"Enhedsfunktionær, fængselsvæsnet","Enhedsfunktionær, fængselsvæsnet",,,"Institutional Officer, Prison Service [current education]",,,translated,CSV:EDU_udd,medium,danish,,,34,17,2e-06,"Enhedsfunktionær, fængselsvæsnet",True
EDU_udd_4785,EDU,udd,4785,"Medieproduktion, individuel eud","Medieproduktion, individuel eud",,,"Media Production, individual eud [current education]",,,translated,CSV:EDU_udd,medium,danish,,,34,14,2e-06,"Medieproduktion, individuel eud",True
EDU_udd_4750,EDU,udd,4750,"Teknologi- og kommunikation, individuel eud","Teknologi- og kommunikation, individuel eud",,,"Technology and Communication, individual eud [current education]",,,translated,CSV:EDU_udd,medium,danish,,,16,8,1e-06,"Teknologi- og kommunikation, individuel eud",True
EDU_udd_6633,EDU,udd,6633,"Historie, kand.2år","Historie, kand.2år",,,"History, kand.2yr [current education]",,,translated,CSV:EDU_udd,medium,danish,,,16,8,1e-06,"Historie, kand.2år",False
EDU_udd_5738,EDU,udd,5738,"Maskinintelligens, kand.2år","Maskinintelligens, kand.2år",,,"Artificial Intelligence, kand.2yr [current education]",,,manual_level_fix,CSV:EDU_udd,medium,danish,,,30,15,2e-06,"Maskinintelligens, kand.2år",True
EDU_udd_6244,EDU,udd,6244,"Mechanical Engineering, civilingeniør 2år","Mechanical Engineering, civilingeniør 2år",,,"Mechanical Engineering, MEng 2yr [current education]",,,translated,CSV:EDU_udd,medium,danish,,,642,321,3.6e-05,"Mechanical Engineering, civilingeniør 2år",True
EDU_udd_8318,EDU,udd,8318,"Engineering (Engineering Light), civilingeniør 2år","Engineering (Engineering Light), civilingeniør 2år",,,"Engineering (Engineering Light), MEng 2yr [current education]",,,translated,CSV:EDU_udd,medium,danish,,,276,137,1.5e-05,"Engineering (Engineering Light), civilingeniør 2år",True
EDU_udd_8707,EDU,udd,8707,"By og plan, kand.2år","By og plan, kand.2år",,,"Urban Planning, kand.2yr [current education]",,,manual_level_fix,CSV:EDU_udd,medium,danish,,,194,97,1.1e-05,"By og plan, kand.2år",True
EDU_udd_3391,EDU,udd,3391,"Economics and Business Administration in Strategy, Organization and Leadership, kand.2år","Economics and Business Administration in Strategy, Organization and Leadership, kand.2år",,,"Economics and Business Administration in Strategy, Organization and Leadership, kand.2yr [current education]",,,manual_level_fix,CSV:EDU_udd,medium,danish,,,276,138,1.5e-05,"Economics and Business Administration in Strategy, Organization and Leadership, kand.2år",True
EDU_udd_7985,EDU,udd,7985,"Mechanical Engineering, ing.prof.bach.","Mechanical Engineering, ing.prof.bach.",,,"Mechanical Engineering, ing.prof.bach. [current education]",,,copy-of-da,CSV:EDU_udd,medium,danish,,,800,396,4.4e-05,"Mechanical Engineering, ing.prof.bach.",True
EDU_udd_6037,EDU,udd,6037,"Mathematics, kand.2år","Mathematics, kand.2år",,,"Mathematics, kand.2yr [current education]",,,manual_level_fix,CSV:EDU_udd,medium,danish,,,34,17,2e-06,"Mathematics, kand.2år",False
EDU_udd_8267,EDU,udd,8267,"Maskinteknologi, ing.prof.bach.","Maskinteknologi, ing.prof.bach.",,,"Mechanical Engineering, ing.prof.bach. [current education]",,,translated,CSV:EDU_udd,medium,danish,,,148,73,8e-06,"Maskinteknologi, ing.prof.bach.",False
EDU_udd_8245,EDU,udd,8245,"Gastronomi og sundhed, kand.2år","Gastronomi og sundhed, kand.2år",,,"Gastronomy and Health, kand.2yr [current education]",,,manual_level_fix,CSV:EDU_udd,medium,danish,,,92,46,5e-06,"Gastronomi og sundhed, kand.2år",True
EDU_udd_7442,EDU,udd,7442,"Medicinalkemi, bach.","Medicinalkemi, bach.",,,"Medicinal chemistry, bach. [current education]",,,translated,CSV:EDU_udd,medium,danish,,,478,239,2.6e-05,"Medicinalkemi, bach.",False
EDU_udd_8346,EDU,udd,8346,"Sustainable Biotechnology, civilingeniør 2år","Sustainable Biotechnology, civilingeniør 2år",,,"Sustainable Biotechnology, civilingeniør 2yr [current education]",,,manual_level_fix,CSV:EDU_udd,medium,danish,,,220,110,1.2e-05,"Sustainable Biotechnology, civilingeniør 2år",True
EDU_udd_3114,EDU,udd,3114,"Manufacturing Technology, civilingeniør 2år","Manufacturing Technology, civilingeniør 2år",,,"Manufacturing Technology, civilingeniør 2yr [current education]",,,manual_level_fix,CSV:EDU_udd,medium,danish,,,166,83,9e-06,"Manufacturing Technology, civilingeniør 2år",True
EDU_udd_3272,EDU,udd,3272,"Klassisk filologi, bach.","Klassisk filologi, bach.",,,"Classical philology, bach. [current education]",,,translated,CSV:EDU_udd,medium,danish,,,212,106,1.2e-05,"Klassisk filologi, bach.",False
EDU_udd_5762,EDU,udd,5762,"Bachelor of Leisure Management, prof.bach.","Bachelor of Leisure Management, prof.bach.",,,"Bachelor of Leisure Management, prof.bach. [current education]",,,copy-of-da,CSV:EDU_udd,medium,danish,,,148,74,8e-06,"Bachelor of Leisure Management, prof.bach.",True
EDU_udd_5244,EDU,udd,5244,"Maritime technology, kand.2år","Maritime technology, kand.2år",,,"Maritime technology, kand.2yr [current education]",,,translated,CSV:EDU_udd,medium,danish,,,20,10,1e-06,"Maritime technology, kand.2år",True
EDU_udd_8374,EDU,udd,8374,"Building Energy Design, kand.2år","Building Energy Design, kand.2år",,,"Building Energy Design, kand.2yr [current education]",,,translated,CSV:EDU_udd,medium,danish,,,378,189,2.1e-05,"Building Energy Design, kand.2år",True
EDU_udd_3254,EDU,udd,3254,"Matematik, kand.2år","Matematik, kand.2år",,,"Mathematics, kand.2yr [current education]",,,manual_level_fix,CSV:EDU_udd,medium,danish,,,10,5,1e-06,"Matematik, kand.2år",False
EDU_udd_6047,EDU,udd,6047,"Internat. virksomhedskommunikation, fransk, bach.","Internat. virksomhedskommunikation, fransk, bach.",,,"Int. business communication, french, bach. [current education]",,,translated,CSV:EDU_udd,medium,danish,,,214,107,1.2e-05,"Internat. virksomhedskommunikation, fransk, bach.",True
EDU_udd_6310,EDU,udd,6310,"Finsk, kand.","Finsk, kand.",,,"Finnish, kand. [current education]",,,translated,CSV:EDU_udd,medium,danish,,,184,65,7e-06,"Finsk, kand.",True
EDU_udd_5210,EDU,udd,5210,"Laboratorie-, fødevare- og procestekn. (overbygning), prof.bach.","Laboratorie-, fødevare- og procestekn. (overbygning), prof.bach.",,,"Laboratory, food and process technology (add-on), prof.bach. [current education]",,,translated,CSV:EDU_udd,medium,danish,,,144,72,8e-06,"Laboratorie-, fødevare- og procestekn. (overbygning), prof.bach.",False
EDU_udd_3206,EDU,udd,3206,"Law, kand.2år","Law, kand.2år",,,"Law, kand.2yr [current education]",,,translated,CSV:EDU_udd,medium,danish,,,376,188,2.1e-05,"Law, kand.2år",True
EDU_udd_4103,EDU,udd,4103,Støberitekniker,Støberitekniker,,,Foundry technician [current education],,,translated,CSV:EDU_udd,medium,danish,,,212,62,7e-06,Støberitekniker,True
EDU_udd_7855,EDU,udd,7855,"Tonemester (musik), bach.","Tonemester (musik), bach.",,,"Tone master (music), bach. [current education]",,,translated,CSV:EDU_udd,medium,danish,,,106,53,6e-06,"Tonemester (musik), bach.",True
EDU_udd_8708,EDU,udd,8708,"Historie (RUC), kand.2år","Historie (RUC), kand.2år",,,"History (RUC), kand.2yr [current education]",,,translated,CSV:EDU_udd,medium,danish,,,74,37,4e-06,"Historie (RUC), kand.2år",True
EDU_udd_5898,EDU,udd,5898,"Performing Arts, kand.2år","Performing Arts, kand.2år",,,"Performing Arts, kand.2yr [current education]",,,translated,CSV:EDU_udd,medium,danish,,,48,24,3e-06,"Performing Arts, kand.2år",True
EDU_udd_3405,EDU,udd,3405,"Global ledelse og design af produktionsnetværk (GMM), ing.prof.bach.","Global ledelse og design af produktionsnetværk (GMM), ing.prof.bach.",,,"Global leadership and design of production networks (GMM), ing.prof.bach. [current education]",,,translated,CSV:EDU_udd,medium,danish,,,270,135,1.5e-05,"Global ledelse og design af produktionsnetværk (GMM), ing.prof.bach.",True
EDU_udd_3281,EDU,udd,3281,"Kommunikation, kand.2år","Kommunikation, kand.2år",,,"Communication, kand.2yr [current education]",,,translated,CSV:EDU_udd,medium,danish,,,46,23,3e-06,"Kommunikation, kand.2år",False
EDU_udd_7859,EDU,udd,7859,"Folkemusik, bach.","Folkemusik, bach.",,,"Folk music, bach. [current education]",,,translated,CSV:EDU_udd,medium,danish,,,80,39,4e-06,"Folkemusik, bach.",True
EDU_udd_7959,EDU,udd,7959,"Folkemusik, kand.2år","Folkemusik, kand.2år",,,"Folk Music, kand.2yr [current education]",,,manual_level_fix,CSV:EDU_udd,medium,danish,,,54,27,3e-06,"Folkemusik, kand.2år",True
EDU_udd_8275,EDU,udd,8275,"Procesanalytisk teknologi, kand.2år","Procesanalytisk teknologi, kand.2år",,,"Process Analytical Technology, kand.2yr [current education]",,,manual_level_fix,CSV:EDU_udd,medium,danish,,,22,11,1e-06,"Procesanalytisk teknologi, kand.2år",True
EDU_udd_3233,EDU,udd,3233,"Kontor, handel og forretningsservice","Kontor, handel og forretningsservice",,,"Office, trade and business services [current education]",,,translated,CSV:EDU_udd,medium,danish,,,57360,28566,0.003164,"Kontor, handel og forretningsservice",True
EDU_udd_6022,EDU,udd,6022,Kirkemusiker,Kirkemusiker,,,Church musician [current education],,,translated,CSV:EDU_udd,medium,danish,,,44,22,2e-06,Kirkemusiker,True
EDU_udd_5274,EDU,udd,5274,"Teknisk geologi, civilingeniør 2år","Teknisk geologi, civilingeniør 2år",,,"Engineering Geology, civilingeniør 2yr [current education]",,,manual_level_fix,CSV:EDU_udd,medium,danish,,,58,29,3e-06,"Teknisk geologi, civilingeniør 2år",True
EDU_udd_7962,EDU,udd,7962,"Bæredygtige byggeprocesser, ing.bach.","Bæredygtige byggeprocesser, ing.bach.",,,"Sustainable construction processes, ing.bach. [current education]",,,translated,CSV:EDU_udd,medium,danish,,,152,76,8e-06,"Bæredygtige byggeprocesser, ing.bach.",True
EDU_udd_6819,EDU,udd,6819,"Mellemøstens sprog og samfund-hebraisk, kand.2år","Mellemøstens sprog og samfund-hebraisk, kand.2år",,,"Middle Eastern Languages and Societies-Hebrew, kand.2yr [current education]",,,manual_level_fix,CSV:EDU_udd,medium,danish,,,8,4,0.0,"Mellemøstens sprog og samfund-hebraisk, kand.2år",True
EDU_udd_5817,EDU,udd,5817,Tv tilrettelæger / dokumentarinstruktør,Tv tilrettelæger / dokumentarinstruktør,,,TV producer / documentary director,,,translated,CSV:EDU_udd,medium,danish,,,168,84,9e-06,Tv tilrettelæger / dokumentarinstruktør,True
EDU_udd_7714,EDU,udd,7714,"Geography/Geography and Geoinformatics, kand.2år","Geography/Geography and Geoinformatics, kand.2år",,,"Geography/Geography and Geomatics, kand.2yr [current education]",,,manual_level_fix,CSV:EDU_udd,medium,danish,,,160,80,9e-06,"Geography/Geography and Geoinformatics, kand.2år",False
EDU_udd_5846,EDU,udd,5846,"Teaterteknik, lys","Teaterteknik, lys",,,"Theatre technology, lys [current education]",,,translated,CSV:EDU_udd,medium,danish,,,30,15,2e-06,"Teaterteknik, lys",True
EDU_udd_3182,EDU,udd,3182,"Information Technology in IT, Communication and Organisation, kand.2år","Information Technology in IT, Communication and Organisation, kand.2år",,,"Information Technology in IT, Communication and Organisation, kand.2yr [current education]",,,manual_level_fix,CSV:EDU_udd,medium,danish,,,358,179,2e-05,"Information Technology in IT, Communication and Organisation, kand.2år",True
EDU_udd_6682,EDU,udd,6682,"Kunst og teknologi, bach.","Kunst og teknologi, bach.",,,"Art and technology, bach. [current education]",,,translated,CSV:EDU_udd,medium,danish,,,258,129,1.4e-05,"Kunst og teknologi, bach.",True
EDU_udd_8722,EDU,udd,8722,"Nordic Urban Planning Studies, kand.2år","Nordic Urban Planning Studies, kand.2år",,,"Nordic Urban Planning Studies, kand.2yr [current education]",,,translated,CSV:EDU_udd,medium,danish,,,178,89,1e-05,"Nordic Urban Planning Studies, kand.2år",True
EDU_udd_6433,EDU,udd,6433,"Nederlandsk, kand.2år","Nederlandsk, kand.2år",,,"Dutch, kand.2yr [current education]",,,translated,CSV:EDU_udd,medium,danish,,,32,14,2e-06,"Nederlandsk, kand.2år",True
EDU_udd_3354,EDU,udd,3354,"Quantitative Biology and Disease Modelling, civilingeniør 2år","Quantitative Biology and Disease Modelling, civilingeniør 2år",,,"Quantitative Biology and Disease Modeling, civilingeniør 2yr [current education]",,,translated,CSV:EDU_udd,medium,danish,,,132,66,7e-06,"Quantitative Biology and Disease Modelling, civilingeniør 2år",True
EDU_udd_7454,EDU,udd,7454,"Anthropology, kand.2år","Anthropology, kand.2år",,,"Anthropology, kand.2yr [current education]",,,translated,CSV:EDU_udd,medium,danish,,,370,185,2e-05,"Anthropology, kand.2år",False
EDU_udd_1895,EDU,udd,1895,Dansk-Fransk Baccalauréat,Dansk-Fransk Baccalauréat,,,Danish-French Baccalauréat [current education],,,translated,CSV:EDU_udd,medium,danish,,,666,184,2e-05,Dansk-Fransk Baccalauréat,True
EDU_udd_6338,EDU,udd,6338,"Rumænsk, kand.","Rumænsk, kand.",,,"Romanian, kand. [current education]",,,translated,CSV:EDU_udd,medium,danish,,,28,13,1e-06,"Rumænsk, kand.",True
EDU_udd_7968,EDU,udd,7968,"Produktudvikling og innovation, ing.bach.","Produktudvikling og innovation, ing.bach.",,,"Product Development and Innovation, ing.bach. [current education]",,,translated,CSV:EDU_udd,medium,danish,,,92,46,5e-06,"Produktudvikling og innovation, ing.bach.",True
EDU_udd_6760,EDU,udd,6760,"Humanistisk kombination, kand.2år","Humanistisk kombination, kand.2år",,,"Humanities combination, kand.2yr [current education]",,,translated,CSV:EDU_udd,medium,danish,,,44,22,2e-06,"Humanistisk kombination, kand.2år",False
EDU_udd_8726,EDU,udd,8726,"Bæredygtig omstilling (Tek-Sam), kand.2år","Bæredygtig omstilling (Tek-Sam), kand.2år",,,"Sustainable Transition (Tech-Social), kand.2yr [current education]",,,translated,CSV:EDU_udd,medium,danish,,,186,93,1e-05,"Bæredygtig omstilling (Tek-Sam), kand.2år",True
EDU_udd_7062,EDU,udd,7062,"Økonomi, bach.","Økonomi, bach.",,,"Economics, bach. [current education]",,,translated,CSV:EDU_udd,medium,danish,,,82,40,4e-06,"Økonomi, bach.",False
EDU_udd_8316,EDU,udd,8316,"Materials Technology, civilingeniør 2år","Materials Technology, civilingeniør 2år",,,"Materials Technology, civilingeniør 2yr [current education]",,,translated,CSV:EDU_udd,medium,danish,,,72,36,4e-06,"Materials Technology, civilingeniør 2år",True
EDU_udd_7155,EDU,udd,7155,"Psykologi, kand.2år","Psykologi, kand.2år",,,"Psychology, kand.2yr [current education]",,,translated,CSV:EDU_udd,medium,danish,,,40,20,2e-06,"Psykologi, kand.2år",False
EDU_udd_3158,EDU,udd,3158,"Latinamerikastudier, kand.2år","Latinamerikastudier, kand.2år",,,"Latin American Studies, kand.2yr [current education]",,,translated,CSV:EDU_udd,medium,danish,,,52,26,3e-06,"Latinamerikastudier, kand.2år",True
EDU_udd_3241,EDU,udd,3241,"Computer Science, kand.2år","Computer Science, kand.2år",,,"Computer Science, kand.2yr [current education]",,,translated,CSV:EDU_udd,medium,danish,,,96,46,5e-06,"Computer Science, kand.2år",False
EDU_udd_5257,EDU,udd,5257,"Elektronik, ing.prof.bach.","Elektronik, ing.prof.bach.",,,"Electronics, ing.prof.bach. [current education]",,,translated,CSV:EDU_udd,medium,danish,,,42,21,2e-06,"Elektronik, ing.prof.bach.",False
EDU_udd_6614,EDU,udd,6614,"Mellemøstens sprog og samfund-tyrkisk, bach.","Mellemøstens sprog og samfund-tyrkisk, bach.",,,"Middle Eastern Languages and Societies-Turkish, bach. [current education]",,,translated,CSV:EDU_udd,medium,danish,,,68,34,4e-06,"Mellemøstens sprog og samfund-tyrkisk, bach.",True
EDU_udd_3401,EDU,udd,3401,"Fødevarer, jordbrug og oplevelser (grundforløb plus)","Fødevarer, jordbrug og oplevelser (grundforløb plus)",,,"Foods, Agriculture and Experiences (foundation program plus) [current education]",,,translated,CSV:EDU_udd,medium,danish,,,146,73,8e-06,"Fødevarer, jordbrug og oplevelser (grundforløb plus)",True
EDU_udd_5947,EDU,udd,5947,"Markedsføringsøkonomi og engelsk erhvervssprog, bach.","Markedsføringsøkonomi og engelsk erhvervssprog, bach.",,,"Marketing Economics and English Business Language, bach. [current education]",,,translated,CSV:EDU_udd,medium,danish,,,64,32,4e-06,"Markedsføringsøkonomi og engelsk erhvervssprog, bach.",True
EDU_udd_7647,EDU,udd,7647,"Software, ing.bach.","Software, ing.bach.",,,"Software, ing.bach. [current education]",,,copy-of-da,CSV:EDU_udd,medium,danish,,,588,294,3.3e-05,"Software, ing.bach.",False
EDU_udd_3169,EDU,udd,3169,"Software Engineering, civilingeniør 2år","Software Engineering, civilingeniør 2år",,,"Software Engineering, civil engineer 2yr [current education]",,,translated,CSV:EDU_udd,medium,danish,,,66,33,4e-06,"Software Engineering, civilingeniør 2år",False
EDU_udd_3315,EDU,udd,3315,"Intercultural Studies, German, kand.2år","Intercultural Studies, German, kand.2år",,,"Intercultural Studies, German, cand.2yr [current education]",,,translated,CSV:EDU_udd,medium,danish,,,68,34,4e-06,"Intercultural Studies, German, kand.2år",True
EDU_udd_7137,EDU,udd,7137,"Innovation og digitalisering, bach.","Innovation og digitalisering, bach.",,,"Innovation and Digitalization, bach. [current education]",,,translated,CSV:EDU_udd,medium,danish,,,436,216,2.4e-05,"Innovation og digitalisering, bach.",True
EDU_udd_5141,EDU,udd,5141,Ernæringsteknolog,Ernæringsteknolog,,,Nutrition Technologist,,,translated,CSV:EDU_udd,medium,danish,,,20,10,1e-06,Ernæringsteknolog,True
EDU_udd_7713,EDU,udd,7713,"Informationsvidenskab, kand.2år","Informationsvidenskab, kand.2år",,,"Information Science, kand.2yr [current education]",,,manual_level_fix,CSV:EDU_udd,medium,danish,,,96,48,5e-06,"Informationsvidenskab, kand.2år",False
EDU_udd_3379,EDU,udd,3379,"Jura, bach.","Jura, bach.",,,"Law, bach. [current education]",,,translated,CSV:EDU_udd,medium,danish,,,212,106,1.2e-05,"Jura, bach.",False
EDU_udd_5304,EDU,udd,5304,"Climate and Supply Engineering, ing.prof.bach.","Climate and Supply Engineering, ing.prof.bach.",,,"Climate and Supply Engineering, ing.prof.bach. [current education]",,,copy-of-da,CSV:EDU_udd,medium,danish,,,382,190,2.1e-05,"Climate and Supply Engineering, ing.prof.bach.",True
EDU_udd_6610,EDU,udd,6610,"Mellemøstens sprog og samfund-persisk, bach.","Mellemøstens sprog og samfund-persisk, bach.",,,"Middle Eastern Languages and Societies-Persian, bach. [current education]",,,translated,CSV:EDU_udd,medium,danish,,,62,31,3e-06,"Mellemøstens sprog og samfund-persisk, bach.",True
EDU_udd_3191,EDU,udd,3191,"Globale studier, kand.2år","Globale studier, kand.2år",,,"Global Studies, kand.2yr [current education]",,,manual_level_fix,CSV:EDU_udd,medium,danish,,,26,13,1e-06,"Globale studier, kand.2år",False
EDU_udd_3298,EDU,udd,3298,"Miljøbiologi, kand.2år","Miljøbiologi, kand.2år",,,"Environmental Biology, kand.2yr [current education]",,,manual_level_fix,CSV:EDU_udd,medium,danish,,,32,16,2e-06,"Miljøbiologi, kand.2år",False
EDU_udd_5623,EDU,udd,5623,"Internat. virksomhedskommunikation, tysk, kand.2år","Internat. virksomhedskommunikation, tysk, kand.2år",,,"International Business Communication, German, cand.2yr [current education]",,,translated,CSV:EDU_udd,medium,danish,,,100,50,6e-06,"Internat. virksomhedskommunikation, tysk, kand.2år",True
EDU_udd_3363,EDU,udd,3363,"Business Administration and Data Science, kand.2år","Business Administration and Data Science, kand.2år",,,"Business Administration and Data Science, cand.2yr [current education]",,,translated,CSV:EDU_udd,medium,danish,,,848,424,4.7e-05,"Business Administration and Data Science, kand.2år",True
EDU_udd_7973,EDU,udd,7973,"Engineering (Electronics), ing.bach.","Engineering (Electronics), ing.bach.",,,"Engineering (Electronics), ing.bach. [current education]",,,copy-of-da,CSV:EDU_udd,medium,danish,,,108,54,6e-06,"Engineering (Electronics), ing.bach.",True
EDU_udd_3273,EDU,udd,3273,"Klassisk filologi, kand.2år","Klassisk filologi, kand.2år",,,"Classical philology, kand.2yr [current education]",,,manual_level_fix,CSV:EDU_udd,medium,danish,,,54,26,3e-06,"Klassisk filologi, kand.2år",False
EDU_udd_5970,EDU,udd,5970,"Internat. virksomhedskommunik., tysk-fransk, bach.","Internat. virksomhedskommunik., tysk-fransk, bach.",,,"International business communication, tysk-fransk, bach. [current education]",,,translated,CSV:EDU_udd,medium,danish,,,22,11,1e-06,"Internat. virksomhedskommunik., tysk-fransk, bach.",True
EDU_udd_6818,EDU,udd,6818,"Mellemøstens sprog og samfund-persisk, kand.2år","Mellemøstens sprog og samfund-persisk, kand.2år",,,"Middle Eastern Languages and Societies-Persian, cand.2yr [current education]",,,translated,CSV:EDU_udd,medium,danish,,,10,5,1e-06,"Mellemøstens sprog og samfund-persisk, kand.2år",True
EDU_udd_5585,EDU,udd,5585,Automotive Technology,Automotive Technology,,,Automotive Technology [current education],,,copy-of-da,CSV:EDU_udd,medium,danish,,,334,167,1.8e-05,Automotive Technology,True
EDU_udd_7949,EDU,udd,7949,"Elektronisk musik og lydkunst, kand.2år","Elektronisk musik og lydkunst, kand.2år",,,"Electronic Music and Sound Art, cand.2yr [current education]",,,translated,CSV:EDU_udd,medium,danish,,,92,46,5e-06,"Elektronisk musik og lydkunst, kand.2år",True
EDU_udd_7753,EDU,udd,7753,"Lifelong learning, policy - management, kand.2år","Lifelong learning, policy - management, kand.2år",,,"Lifelong Learning, Policy and Management, cand.2yr [current education]",,,translated,CSV:EDU_udd,medium,danish,,,222,111,1.2e-05,"Lifelong learning, policy - management, kand.2år",True
EDU_udd_3235,EDU,udd,3235,"Business Studies, kand.2år","Business Studies, kand.2år",,,"Business Administration, kand.2yr [current education]",,,manual_level_fix,CSV:EDU_udd,medium,danish,,,278,137,1.5e-05,"Business Studies, kand.2år",True
EDU_udd_5306,EDU,udd,5306,"Softwareteknologi, ing.prof.bach.","Softwareteknologi, ing.prof.bach.",,,"Software Technology, ing.prof.bach. [current education]",,,translated,CSV:EDU_udd,medium,danish,,,12,6,1e-06,"Softwareteknologi, ing.prof.bach.",False
EDU_udd_8378,EDU,udd,8378,"Technology Entrepreneurship, kand.2år","Technology Entrepreneurship, kand.2år",,,"Technology Entrepreneurship, kand.2yr [current education]",,,manual_level_fix,CSV:EDU_udd,medium,danish,,,408,204,2.3e-05,"Technology Entrepreneurship, kand.2år",True
EDU_udd_5916,EDU,udd,5916,"Tidlig musik, kand.2år","Tidlig musik, kand.2år",,,"Early Music, kand.2yr [current education]",,,manual_level_fix,CSV:EDU_udd,medium,danish,,,26,13,1e-06,"Tidlig musik, kand.2år",True
EDU_udd_6800,EDU,udd,6800,"Asienstudier (Indien og Sydasien), kand.2år","Asienstudier (Indien og Sydasien), kand.2år",,,"Asian Studies (India and South Asia), kand.2yr [current education]",,,manual_level_fix,CSV:EDU_udd,medium,danish,,,18,9,1e-06,"Asienstudier (Indien og Sydasien), kand.2år",True
EDU_udd_5848,EDU,udd,5848,"Teaterteknik, produktion (scene)","Teaterteknik, produktion (scene)",,,"Theatre technology, produktion (scene) [current education]",,,translated,CSV:EDU_udd,medium,danish,,,24,12,1e-06,"Teaterteknik, produktion (scene)",True
EDU_udd_3033,EDU,udd,3033,"Sprogvidenskab og lingvistik, kand.2år","Sprogvidenskab og lingvistik, kand.2år",,,"Linguistics and Language Science, kand.2yr [current education]",,,manual_level_fix,CSV:EDU_udd,medium,danish,,,78,39,4e-06,"Sprogvidenskab og lingvistik, kand.2år",False
EDU_udd_6602,EDU,udd,6602,"Mellemøstens sprog og samfund-hebraisk, bach.","Mellemøstens sprog og samfund-hebraisk, bach.",,,"Middle Eastern Languages and Societies - Hebrew, bach. [current education]",,,translated,CSV:EDU_udd,medium,danish,,,86,43,5e-06,"Mellemøstens sprog og samfund-hebraisk, bach.",True
EDU_udd_7907,EDU,udd,7907,"Applied Industrial Electronics, ing.bach.","Applied Industrial Electronics, ing.bach.",,,"Applied Industrial Electronics, ing.bach. [current education]",,,copy-of-da,CSV:EDU_udd,medium,danish,,,454,224,2.5e-05,"Applied Industrial Electronics, ing.bach.",True
EDU_udd_6803,EDU,udd,6803,"Ægyptologi, kand.2år","Ægyptologi, kand.2år",,,"Egyptology, kand.2yr [current education]",,,manual_level_fix,CSV:EDU_udd,medium,danish,,,80,39,4e-06,"Ægyptologi, kand.2år",True
EDU_udd_5934,EDU,udd,5934,"Internat. virksomhedskommunik, fransk-europæiske studier, bach.","Internat. virksomhedskommunik, fransk-europæiske studier, bach.",,,"International Business Communication - French and European Studies, bach. [current education]",,,translated,CSV:EDU_udd,medium,danish,,,42,21,2e-06,"Internat. virksomhedskommunik, fransk-europæiske studier, bach.",True
EDU_udd_7524,EDU,udd,7524,"International virksomhedskommunikation, engelsk, bach.","International virksomhedskommunikation, engelsk, bach.",,,"International business communication, English, bach. [current education]",,,translated,CSV:EDU_udd,medium,danish,,,2058,1026,0.000114,"International virksomhedskommunikation, engelsk, bach.",False
EDU_udd_3299,EDU,udd,3299,"Environmental Biology, kand.2år","Environmental Biology, kand.2år",,,"Environmental Biology, kand.2yr [current education]",,,manual_level_fix,CSV:EDU_udd,medium,danish,,,72,36,4e-06,"Environmental Biology, kand.2år",True
EDU_udd_5690,EDU,udd,5690,Scenekunstnerisk produktion,Scenekunstnerisk produktion,,,Scenekunstnerisk produktion [current education],,,copy-of-da,CSV:EDU_udd,medium,danish,,,92,46,5e-06,Scenekunstnerisk produktion,True
EDU_udd_5654,EDU,udd,5654,"HA erhvervsøkonomi og jura, bach.","HA erhvervsøkonomi og jura, bach.",,,"HA Business Economics and Law, bach. [current education]",,,translated,CSV:EDU_udd,medium,danish,,,10,5,1e-06,"HA erhvervsøkonomi og jura, bach.",True
EDU_udd_6815,EDU,udd,6815,"Religionssociologi, kand.2år","Religionssociologi, kand.2år",,,"Sociology of Religion, kand.2yr [current education]",,,manual_level_fix,CSV:EDU_udd,medium,danish,,,56,28,3e-06,"Religionssociologi, kand.2år",False
EDU_udd_5237,EDU,udd,5237,"Signal processing and computing, civilingeniør 2år","Signal processing and computing, civilingeniør 2år",,,"Signal Processing and Computing, MScEng 2yr [current education]",,,translated,CSV:EDU_udd,medium,danish,,,34,17,2e-06,"Signal processing and computing, civilingeniør 2år",True
EDU_udd_5278,EDU,udd,5278,"Materials Science, ing.prof.bach.","Materials Science, ing.prof.bach.",,,"Materials Science, ing.prof.bach. [current education]",,,copy-of-da,CSV:EDU_udd,medium,danish,,,122,61,7e-06,"Materials Science, ing.prof.bach.",True
EDU_udd_7864,EDU,udd,7864,"Solist musisk, komposition","Solist musisk, komposition",,,"Solo Musician, Composition [current education]",,,translated,CSV:EDU_udd,medium,danish,,,114,57,6e-06,"Solist musisk, komposition",True
EDU_udd_6035,EDU,udd,6035,"Chemistry, kand.2år","Chemistry, kand.2år",,,"Chemistry, kand.2yr [current education]",,,translated,CSV:EDU_udd,medium,danish,,,72,36,4e-06,"Chemistry, kand.2år",False
EDU_udd_7502,EDU,udd,7502,"Global ledelse og design af produktionsnetværk (GMM), ing.prof.bach.","Global ledelse og design af produktionsnetværk (GMM), ing.prof.bach.",,,"Global leadership and design of production networks (GMM), ing.prof.bach. [current education]",,,translated,CSV:EDU_udd,medium,danish,,,98,49,5e-06,"Global ledelse og design af produktionsnetværk (GMM), ing.prof.bach.",False
EDU_udd_5935,EDU,udd,5935,"Internat. virksomhedskommunik, spansk-europæiske studier, bach.","Internat. virksomhedskommunik, spansk-europæiske studier, bach.",,,"International Business Communication, Spanish-European Studies, bach. [current education]",,,translated,CSV:EDU_udd,medium,danish,,,130,65,7e-06,"Internat. virksomhedskommunik, spansk-europæiske studier, bach.",True
EDU_udd_5897,EDU,udd,5897,"Koreografi, kand.2år","Koreografi, kand.2år",,,"Choreography, kand.2yr [current education]",,,manual_level_fix,CSV:EDU_udd,medium,danish,,,14,7,1e-06,"Koreografi, kand.2år",True
EDU_udd_3404,EDU,udd,3404,"Teknologi, byggeri og transport (grundforløb plus)","Teknologi, byggeri og transport (grundforløb plus)",,,"Technology, Construction and Transport (foundation program plus) [current education]",,,translated,CSV:EDU_udd,medium,danish,,,218,109,1.2e-05,"Teknologi, byggeri og transport (grundforløb plus)",True
EDU_udd_3234,EDU,udd,3234,"Teknologi, byggeri og transport","Teknologi, byggeri og transport",,,"Technology, Construction and Transport [current education]",,,translated,CSV:EDU_udd,medium,danish,,,129922,64851,0.007183,"Teknologi, byggeri og transport",True
EDU_udd_6072,EDU,udd,6072,"Visual Studies and Art Education, kand.2år","Visual Studies and Art Education, kand.2år",,,"Visual Studies and Art Education, kand.2yr [current education]",,,manual_level_fix,CSV:EDU_udd,medium,danish,,,36,18,2e-06,"Visual Studies and Art Education, kand.2år",True
EDU_udd_2480,EDU,udd,2480,"Gartnerskole, frugtavl kursus","Gartnerskole, frugtavl kursus",,,"Horticulture School, Fruit Growing Course [current education]",,,translated,CSV:EDU_udd,medium,danish,,,62,31,3e-06,"Gartnerskole, frugtavl kursus",True
EDU_udd_6617,EDU,udd,6617,"Sprog og internationale studier-engelsk, bach.","Sprog og internationale studier-engelsk, bach.",,,"Language and International Studies-English, bach. [current education]",,,translated,CSV:EDU_udd,medium,danish,,,1134,565,6.3e-05,"Sprog og internationale studier-engelsk, bach.",True
EDU_udd_3394,EDU,udd,3394,"Erhvervsøkonomi i økonomisk markedsføring, kand.2år","Erhvervsøkonomi i økonomisk markedsføring, kand.2år",,,"Business Economics in Economic Marketing, kand.2yr [current education]",,,manual_level_fix,CSV:EDU_udd,medium,danish,,,286,143,1.6e-05,"Erhvervsøkonomi i økonomisk markedsføring, kand.2år",True
EDU_udd_5079,EDU,udd,5079,Akademiøkonom i international telekommunikation,Akademiøkonom i international telekommunikation,,,Academic economist in international telecommunications [current education],,,translated,CSV:EDU_udd,medium,danish,,,44,22,2e-06,Akademiøkonom i international telekommunikation,True
EDU_udd_7852,EDU,udd,7852,"Komponist, bach.","Komponist, bach.",,,"Composer, bach. [current education]",,,translated,CSV:EDU_udd,medium,danish,,,80,40,4e-06,"Komponist, bach.",True
EDU_udd_7700,EDU,udd,7700,"Surveying, Planning and Land Management, kand.2år","Surveying, Planning and Land Management, kand.2år",,,"Surveying, Planning and Land Management, kand.2yr [current education]",,,manual_level_fix,CSV:EDU_udd,medium,danish,,,208,104,1.2e-05,"Surveying, Planning and Land Management, kand.2år",False
EDU_udd_4023,EDU,udd,4023,Akademiøkonom i indenlandsk afsætning,Akademiøkonom i indenlandsk afsætning,,,Academic economist in domestic distribution [current education],,,translated,CSV:EDU_udd,medium,danish,,,28,14,2e-06,Akademiøkonom i indenlandsk afsætning,True
EDU_udd_6319,EDU,udd,6319,"Iransk, kand.","Iransk, kand.",,,"Iranian studies, kand. [current education]",,,translated,CSV:EDU_udd,medium,danish,,,68,28,3e-06,"Iransk, kand.",True
EDU_udd_8371,EDU,udd,8371,"Medical biotechnology, civilingeniør 2år","Medical biotechnology, civilingeniør 2år",,,"Medical Biotechnology, Civil Engineer 2 years [current education]",,,translated,CSV:EDU_udd,medium,danish,,,42,21,2e-06,"Medical biotechnology, civilingeniør 2år",True
EDU_udd_6243,EDU,udd,6243,"Communication Technologies, civilingeniør 2år","Communication Technologies, civilingeniør 2år",,,"Communication Technologies, Civil Engineer 2 years [current education]",,,translated,CSV:EDU_udd,medium,danish,,,72,36,4e-06,"Communication Technologies, civilingeniør 2år",True
EDU_udd_3484,EDU,udd,3484,"Economics and Business Administration, kand.2år","Economics and Business Administration, kand.2år",,,"Economics and Business Administration, kand.2yr [current education]",,,manual_level_fix,CSV:EDU_udd,medium,danish,,,144,72,8e-06,"Economics and Business Administration, kand.2år",False
EDU_udd_5960,EDU,udd,5960,"Tysk-russisk erhvervssprog, bach.","Tysk-russisk erhvervssprog, bach.",,,"German-Russian business language, bach. [current education]",,,translated,CSV:EDU_udd,medium,danish,,,2,1,0.0,"Tysk-russisk erhvervssprog, bach.",True
EDU_udd_6644,EDU,udd,6644,"Ungarsk, bach.","Ungarsk, bach.",,,"Hungarian, bach. [current education]",,,translated,CSV:EDU_udd,medium,danish,,,54,24,3e-06,"Ungarsk, bach.",True
EDU_udd_6447,EDU,udd,6447,"Ungarsk, kand.2år","Ungarsk, kand.2år",,,"Hungarian Language and Literature, kand.2yr [current education]",,,manual_level_fix,CSV:EDU_udd,medium,danish,,,10,5,1e-06,"Ungarsk, kand.2år",True
EDU_udd_8703,EDU,udd,8703,"Media and Communication, kand.2år","Media and Communication, kand.2år",,,"Media and Communication Studies, kand.2yr [current education]",,,manual_level_fix,CSV:EDU_udd,medium,danish,,,360,179,2e-05,"Media and Communication, kand.2år",True
EDU_udd_8307,EDU,udd,8307,"Intelligent Reliable Systems, civilingeniør 2år","Intelligent Reliable Systems, civilingeniør 2år",,,"Intelligent Reliable Systems, Civil Engineer 2 years [current education]",,,translated,CSV:EDU_udd,medium,danish,,,34,17,2e-06,"Intelligent Reliable Systems, civilingeniør 2år",True
EDU_udd_6301,EDU,udd,6301,"Neuroscience, kand.2år","Neuroscience, kand.2år",,,"Neuroscience, kand.2yr [current education]",,,manual_level_fix,CSV:EDU_udd,medium,danish,,,258,128,1.4e-05,"Neuroscience, kand.2år",True
EDU_udd_5699,EDU,udd,5699,"Klinisk tandtekniker, prof.bach.","Klinisk tandtekniker, prof.bach.",,,"Clinical dental technician, prof.bach. [current education]",,,translated,CSV:EDU_udd,medium,danish,,,98,49,5e-06,"Klinisk tandtekniker, prof.bach.",True
EDU_udd_3383,EDU,udd,3383,"Natur og jordbrugsproduktion, prof.bach.","Natur og jordbrugsproduktion, prof.bach.",,,"Nature and agricultural production, prof.bach. [current education]",,,translated,CSV:EDU_udd,medium,danish,,,28,14,2e-06,"Natur og jordbrugsproduktion, prof.bach.",True
EDU_udd_5262,EDU,udd,5262,"Elektro, civilingeniør 2år","Elektro, civilingeniør 2år",,,"Electrical Engineering, civilingenieur 2yr [current education]",,,translated,CSV:EDU_udd,medium,danish,,,18,9,1e-06,"Elektro, civilingeniør 2år",True
EDU_udd_3395,EDU,udd,3395,"Erhvervsøkonomi i finansiering og regnskab, kand.2år","Erhvervsøkonomi i finansiering og regnskab, kand.2år",,,"Business Economics in Financing and Accounting, kand.2yr [current education]",,,translated,CSV:EDU_udd,medium,danish,,,574,287,3.2e-05,"Erhvervsøkonomi i finansiering og regnskab, kand.2år",True
EDU_udd_4047,EDU,udd,4047,Chemical and Biotechnical Science,Chemical and Biotechnical Science,,,Chemical and Biotechnical Science [current education],,,copy-of-da,CSV:EDU_udd,medium,danish,,,422,211,2.3e-05,Chemical and Biotechnical Science,True
EDU_udd_3310,EDU,udd,3310,"Intercultural Studies, French, cand.ling.merc.","Intercultural Studies, French, cand.ling.merc.",,,"Intercultural Studies, French, cand.ling.merc. [current education]",,,copy-of-da,CSV:EDU_udd,medium,danish,,,98,49,5e-06,"Intercultural Studies, French, cand.ling.merc.",True
EDU_udd_8248,EDU,udd,8248,"Biokemi og molekylær biologi, kand.2år","Biokemi og molekylær biologi, kand.2år",,,"Biochemistry and Molecular Biology, kand.2yr [current education]",,,translated,CSV:EDU_udd,medium,danish,,,94,47,5e-06,"Biokemi og molekylær biologi, kand.2år",True
EDU_udd_5516,EDU,udd,5516,"Financial Management and Service, prof.bach.","Financial Management and Service, prof.bach.",,,"Financial Management and Service, prof.bach. [current education]",,,copy-of-da,CSV:EDU_udd,medium,danish,,,400,200,2.2e-05,"Financial Management and Service, prof.bach.",True
EDU_udd_5987,EDU,udd,5987,"Polsk, bach.negot.","Polsk, bach.negot.",,,"Polish, bach.negot. [current education]",,,translated,CSV:EDU_udd,medium,danish,,,34,17,2e-06,"Polsk, bach.negot.",True
EDU_udd_8341,EDU,udd,8341,"Fødevareteknologi, civilingeniør 2år","Fødevareteknologi, civilingeniør 2år",,,"Food Technology, civilingenieur 2yr [current education]",,,translated,CSV:EDU_udd,medium,danish,,,108,54,6e-06,"Fødevareteknologi, civilingeniør 2år",True
EDU_udd_6901,EDU,udd,6901,"Socialt entreprenørskab og management, kand.2år","Socialt entreprenørskab og management, kand.2år",,,"Social Entrepreneurship and Management, kand.2yr [current education]",,,translated,CSV:EDU_udd,medium,danish,,,138,69,8e-06,"Socialt entreprenørskab og management, kand.2år",True
EDU_udd_5239,EDU,udd,5239,"Environmental Science, kand.2år","Environmental Science, kand.2år",,,"Environmental Science, kand.2yr [current education]",,,translated,CSV:EDU_udd,medium,danish,,,108,53,6e-06,"Environmental Science, kand.2år",True
EDU_udd_3092,EDU,udd,3092,"Interdisciplinære naturvidenskabelige studier, kand.2år","Interdisciplinære naturvidenskabelige studier, kand.2år",,,"Interdisciplinary Natural Science Studies, kand.2yr [current education]",,,translated,CSV:EDU_udd,medium,danish,,,4,2,0.0,"Interdisciplinære naturvidenskabelige studier, kand.2år",True
EDU_udd_5899,EDU,udd,5899,Kor- og ensembleledelse,Kor- og ensembleledelse,,,Choir and Ensemble Conducting [current education],,,translated,CSV:EDU_udd,medium,danish,,,12,5,1e-06,Kor- og ensembleledelse,True
EDU_udd_5959,EDU,udd,5959,"Tysk-italiensk erhvervssprog, bach.","Tysk-italiensk erhvervssprog, bach.",,,"German-Italian business language, bach. [current education]",,,translated,CSV:EDU_udd,medium,danish,,,4,2,0.0,"Tysk-italiensk erhvervssprog, bach.",True
EDU_udd_5967,EDU,udd,5967,"Polsk, cand.negot.2år","Polsk, cand.negot.2år",,,"Polish, cand.negot.2yr [current education]",,,translated,CSV:EDU_udd,medium,danish,,,18,9,1e-06,"Polsk, cand.negot.2år",True
EDU_udd_7652,EDU,udd,7652,"Robotteknologi, ing.bach.","Robotteknologi, ing.bach.",,,"Robotics, ing.bach. [current education]",,,translated,CSV:EDU_udd,medium,danish,,,632,316,3.5e-05,"Robotteknologi, ing.bach.",False
EDU_udd_8728,EDU,udd,8728,"Environmental Science, kand.2år","Environmental Science, kand.2år",,,"Environmental Science, kand.2yr [current education]",,,translated,CSV:EDU_udd,medium,danish,,,90,45,5e-06,"Environmental Science, kand.2år",False
EDU_udd_5995,EDU,udd,5995,Folkemusik,Folkemusik,,,Folk music [current education],,,translated,CSV:EDU_udd,medium,danish,,,46,23,3e-06,Folkemusik,True
EDU_udd_6522,EDU,udd,6522,"Filosofi, bach.","Filosofi, bach.",,,"Philosophy, bach. [current education]",,,translated,CSV:EDU_udd,medium,danish,,,12,6,1e-06,"Filosofi, bach.",False
EDU_udd_8720,EDU,udd,8720,"International Politics and Governance, kand.2år","International Politics and Governance, kand.2år",,,"International Politics and Governance, kand.2yr [current education]",,,translated,CSV:EDU_udd,medium,danish,,,250,125,1.4e-05,"International Politics and Governance, kand.2år",True
EDU_udd_8712,EDU,udd,8712,"Mathematical Bioscience, kand.2år","Mathematical Bioscience, kand.2år",,,"Mathematical Bioscience, kand.2yr [current education]",,,manual_level_fix,CSV:EDU_udd,medium,danish,,,14,7,1e-06,"Mathematical Bioscience, kand.2år",True
EDU_udd_6813,EDU,udd,6813,"Religionshistorie, kand.2år","Religionshistorie, kand.2år",,,"History of Religions, kand.2yr [current education]",,,manual_level_fix,CSV:EDU_udd,medium,danish,,,70,35,4e-06,"Religionshistorie, kand.2år",True
EDU_udd_5747,EDU,udd,5747,"Diplomuddannelse, psykologi-pædagogisk","Diplomuddannelse, psykologi-pædagogisk",,,Diploma in Psychology-Pedagogy [current education],,,translated,CSV:EDU_udd,medium,danish,,,38,19,2e-06,"Diplomuddannelse, psykologi-pædagogisk",True
EDU_udd_7320,EDU,udd,7320,"Etnografi og antropologi, kand.","Etnografi og antropologi, kand.",,,"Ethnography and anthropology, kand. [current education]",,,translated,CSV:EDU_udd,medium,danish,,,30,15,2e-06,"Etnografi og antropologi, kand.",False
EDU_udd_8718,EDU,udd,8718,"Business Administration and Leadership, kand.2år","Business Administration and Leadership, kand.2år",,,"Business Administration and Leadership, kand.2yr [current education]",,,translated,CSV:EDU_udd,medium,danish,,,650,325,3.6e-05,"Business Administration and Leadership, kand.2år",False
EDU_udd_6865,EDU,udd,6865,"Journalistik, kand.2år","Journalistik, kand.2år",,,"Journalism, kand.2yr",,,translated,CSV:EDU_udd,medium,danish,,,92,46,5e-06,"Journalistik, kand.2år",False
EDU_udd_7967,EDU,udd,7967,"Software Engineering, ing.bach.","Software Engineering, ing.bach.",,,"Software Engineering, ing.bach. [current education]",,,copy-of-da,CSV:EDU_udd,medium,danish,,,246,123,1.4e-05,"Software Engineering, ing.bach.",True
EDU_udd_4302,EDU,udd,4302,Bådserviceassistent,Bådserviceassistent,,,Boat Service Assistant [current education],,,translated,CSV:EDU_udd,medium,danish,,,8,3,0.0,Bådserviceassistent,True
EDU_udd_6817,EDU,udd,6817,"Mellemøstens sprog og samfund-arabisk, kand.2år","Mellemøstens sprog og samfund-arabisk, kand.2år",,,"Middle Eastern Languages and Societies-Arabic, kand.2yr [current education]",,,manual_level_fix,CSV:EDU_udd,medium,danish,,,86,43,5e-06,"Mellemøstens sprog og samfund-arabisk, kand.2år",True
EDU_udd_6466,EDU,udd,6466,"Spansk- og spanskamerikansk sprog, litteratur og kultur (AU), kand.2år","Spansk- og spanskamerikansk sprog, litteratur og kultur (AU), kand.2år",,,"Spanish and Spanish American Language, Literature and Culture (AU), kand.2yr [current education]",,,manual_level_fix,CSV:EDU_udd,medium,danish,,,62,30,3e-06,"Spansk- og spanskamerikansk sprog, litteratur og kultur (AU), kand.2år",True
EDU_udd_8702,EDU,udd,8702,"Chemical Biology, kand.2år","Chemical Biology, kand.2år",,,"Chemical Biology, kand.2yr [current education]",,,manual_level_fix,CSV:EDU_udd,medium,danish,,,48,24,3e-06,"Chemical Biology, kand.2år",True
EDU_udd_5614,EDU,udd,5614,"Computer Engineering, ing.bach.","Computer Engineering, ing.bach.",,,"Computer Engineering, ing.bach. [current education]",,,copy-of-da,CSV:EDU_udd,medium,danish,,,112,56,6e-06,"Computer Engineering, ing.bach.",True
EDU_udd_8729,EDU,udd,8729,"Samfundsjura, kand.2år","Samfundsjura, kand.2år",,,"Social Law, kand.2yr [current education]",,,manual_level_fix,CSV:EDU_udd,medium,danish,,,82,41,5e-06,"Samfundsjura, kand.2år",True
EDU_udd_6018,EDU,udd,6018,"International virksomhedskommunikation, bach.","International virksomhedskommunikation, bach.",,,"International Business Communication, bach. [current education]",,,translated,CSV:EDU_udd,medium,danish,,,72,36,4e-06,"International virksomhedskommunikation, bach.",True
EDU_udd_3286,EDU,udd,3286,"Electronics, ing.prof.bach.","Electronics, ing.prof.bach.",,,"Electronics, ing.prof.bach. [current education]",,,copy-of-da,CSV:EDU_udd,medium,danish,,,262,129,1.4e-05,"Electronics, ing.prof.bach.",True
EDU_udd_8172,EDU,udd,8172,"Datavidenskab, bach.","Datavidenskab, bach.",,,"Data science, bach. [current education]",,,translated,CSV:EDU_udd,medium,danish,,,364,182,2e-05,"Datavidenskab, bach.",True
EDU_udd_5272,EDU,udd,5272,"Miljø, civilingeniør 2år","Miljø, civilingeniør 2år",,,"Environment, Civil Engineer 2yr [current education]",,,translated,CSV:EDU_udd,medium,danish,,,30,11,1e-06,"Miljø, civilingeniør 2år",True
EDU_udd_4123,EDU,udd,4123,Ædelmetalstøber,Ædelmetalstøber,,,Precious Metal Foundry Worker [current education],,,translated,CSV:EDU_udd,medium,danish,,,22,9,1e-06,Ædelmetalstøber,True
EDU_udd_3050,EDU,udd,3050,"Biosystemteknologi, cand.scient.tech.2år","Biosystemteknologi, cand.scient.tech.2år",,,"Biosystems Technology, cand.scient.tech.2yr",,,translated,CSV:EDU_udd,medium,danish,,,14,7,1e-06,"Biosystemteknologi, cand.scient.tech.2år",True
EDU_udd_3067,EDU,udd,3067,"Brasilianske studier, kand.2år","Brasilianske studier, kand.2år",,,"Brazilian Studies, kand.2yr [current education]",,,translated,CSV:EDU_udd,medium,danish,,,18,9,1e-06,"Brasilianske studier, kand.2år",True
EDU_udd_6119,EDU,udd,6119,"Global Studies, kombination (RUC)","Global Studies, kombination (RUC)",,,"Global Studies, kombination (RUC) [current education]",,,copy-of-da,CSV:EDU_udd,medium,danish,,,88,44,5e-06,"Global Studies, kombination (RUC)",True
EDU_udd_7657,EDU,udd,7657,"Teknisk videnskab (Cyber- og computerteknologi), bach.","Teknisk videnskab (Cyber- og computerteknologi), bach.",,,"Technical Science (Cyber and Computer Technology), bach. [current education]",,,translated,CSV:EDU_udd,medium,danish,,,328,164,1.8e-05,"Teknisk videnskab (Cyber- og computerteknologi), bach.",True
EDU_udd_5996,EDU,udd,5996,"Tidlig musik, diplom 5år","Tidlig musik, diplom 5år",,,"Early Music, diploma 5yr [current education]",,,translated,CSV:EDU_udd,medium,danish,,,22,11,1e-06,"Tidlig musik, diplom 5år",True
EDU_udd_8199,EDU,udd,8199,"Datavidenskab og machine learning, kand.2år","Datavidenskab og machine learning, kand.2år",,,"Computer Science and Machine Learning, kand.2yr [current education]",,,translated,CSV:EDU_udd,medium,danish,,,40,20,2e-06,"Datavidenskab og machine learning, kand.2år",True
EDU_udd_8091,EDU,udd,8091,"Statistics, kand.2år","Statistics, kand.2år",,,"Statistics, kand.2yr [current education]",,,manual_level_fix,CSV:EDU_udd,medium,danish,,,4,2,0.0,"Statistics, kand.2år",False
EDU_udd_4122,EDU,udd,4122,Ædelstensfatter,Ædelstensfatter,,,Gemstone Mounter [current education],,,translated,CSV:EDU_udd,medium,danish,,,10,5,1e-06,Ædelstensfatter,True
EDU_udd_6823,EDU,udd,6823,"Polsk sprog og kultur, kand.2år","Polsk sprog og kultur, kand.2år",,,"Polish Language and Culture, kand.2yr [current education]",,,translated,CSV:EDU_udd,medium,danish,,,18,9,1e-06,"Polsk sprog og kultur, kand.2år",True
EDU_udd_6746,EDU,udd,6746,"Sydøstasienstudier, Indonesisk, kand.2år","Sydøstasienstudier, Indonesisk, kand.2år",,,"Southeast Asian Studies, Indonesian, kand.2yr [current education]",,,translated,CSV:EDU_udd,medium,danish,,,4,2,0.0,"Sydøstasienstudier, Indonesisk, kand.2år",True
EDU_udd_3377,EDU,udd,3377,"Quantum Information Science, kand.2år","Quantum Information Science, kand.2år",,,"Quantum Information Science, kand.2yr [current education]",,,translated,CSV:EDU_udd,medium,danish,,,92,46,5e-06,"Quantum Information Science, kand.2år",True
EDU_udd_3170,EDU,udd,3170,"Economics and Business Administration - General Management and Analytics, kand.2år","Economics and Business Administration - General Management and Analytics, kand.2år",,,"Economics and Business Administration - General Management and Analytics, kand.2yr [current education]",,,manual_level_fix,CSV:EDU_udd,medium,danish,,,1434,717,7.9e-05,"Economics and Business Administration - General Management and Analytics, kand.2år",True
EDU_udd_8359,EDU,udd,8359,"Bygningsinformatik, kand.2år","Bygningsinformatik, kand.2år",,,"Building Informatics, kand.2yr [current education]",,,manual_level_fix,CSV:EDU_udd,medium,danish,,,50,25,3e-06,"Bygningsinformatik, kand.2år",True
EDU_udd_5622,EDU,udd,5622,"Fransk-internat. virksomhedskommunikation, kand.2år","Fransk-internat. virksomhedskommunikation, kand.2år",,,"French-International Business Communication, kand.2yr [current education]",,,manual_level_fix,CSV:EDU_udd,medium,danish,,,6,3,0.0,"Fransk-internat. virksomhedskommunikation, kand.2år",True
EDU_udd_7515,EDU,udd,7515,"Elektroteknologi, ing.bach.","Elektroteknologi, ing.bach.",,,"Electrical Engineering, ing.bach. [current education]",,,translated,CSV:EDU_udd,medium,danish,,,350,174,1.9e-05,"Elektroteknologi, ing.bach.",False
EDU_udd_4015,EDU,udd,4015,Eksportkonsulent,Eksportkonsulent,,,Export consultant [current education],,,translated,CSV:EDU_udd,medium,danish,,,32,16,2e-06,Eksportkonsulent,True
EDU_udd_3371,EDU,udd,3371,"Mechanical Engineering, bach.","Mechanical Engineering, bach.",,,"Mechanical Engineering, bach. [current education]",,,copy-of-da,CSV:EDU_udd,medium,danish,,,76,38,4e-06,"Mechanical Engineering, bach.",True
EDU_udd_8136,EDU,udd,8136,"Kemi, bach.","Kemi, bach.",,,"Chemistry, bach. [current education]",,,translated,CSV:EDU_udd,medium,danish,,,6,3,0.0,"Kemi, bach.",False
EDU_udd_5266,EDU,udd,5266,"Forsyningsteknik inden for vand, spildevand og fjernvarme, ing.prof.bach.","Forsyningsteknik inden for vand, spildevand og fjernvarme, ing.prof.bach.",,,"Water, Wastewater and District Heating Engineering Technology, ing.prof.bach. [current education]",,,translated,CSV:EDU_udd,medium,danish,,,10,5,1e-06,"Forsyningsteknik inden for vand, spildevand og fjernvarme, ing.prof.bach.",True
EDU_udd_5767,EDU,udd,5767,"Natural and Cultural Heritage Management, prof.bach.","Natural and Cultural Heritage Management, prof.bach.",,,"Natural and Cultural Heritage Management, prof.bach. [current education]",,,copy-of-da,CSV:EDU_udd,medium,danish,,,102,51,6e-06,"Natural and Cultural Heritage Management, prof.bach.",True
EDU_udd_4502,EDU,udd,4502,Glasmager,Glasmager,,,Glassmaker [current education],,,translated,CSV:EDU_udd,medium,danish,,,26,13,1e-06,Glasmager,True
EDU_udd_7803,EDU,udd,7803,"Bygningsteknik, ing.bach.","Bygningsteknik, ing.bach.",,,"Building engineering, ing.bach. [current education]",,,translated,CSV:EDU_udd,medium,danish,,,212,106,1.2e-05,"Bygningsteknik, ing.bach.",True
EDU_udd_4048,EDU,udd,4048,"Computerteknologi, bach.","Computerteknologi, bach.",,,"Computer technology, bach. [current education]",,,translated,CSV:EDU_udd,medium,danish,,,438,219,2.4e-05,"Computerteknologi, bach.",True
EDU_udd_5874,EDU,udd,5874,Civil-militær tolk,Civil-militær tolk,,,Civil-military Interpreter [current education],,,translated,CSV:EDU_udd,medium,danish,,,22,11,1e-06,Civil-militær tolk,True
EDU_udd_4503,EDU,udd,4503,Glassliber,Glassliber,,,Glass polisher [current education],,,translated,CSV:EDU_udd,medium,danish,,,28,14,2e-06,Glassliber,True
EDU_udd_5245,EDU,udd,5245,"Kemi og bioteknologi, cand.scient.tech.2år","Kemi og bioteknologi, cand.scient.tech.2år",,,"Chemistry and Biotechnology, MSc(tech) 2yr [current education]",,,translated,CSV:EDU_udd,medium,danish,,,8,4,0.0,"Kemi og bioteknologi, cand.scient.tech.2år",True
EDU_udd_5449,EDU,udd,5449,"Sustainable Forest and Nature Management, kand.2år","Sustainable Forest and Nature Management, kand.2år",,,"Sustainable Forest and Nature Management, kand.2yr [current education]",,,manual_level_fix,CSV:EDU_udd,medium,danish,,,160,80,9e-06,"Sustainable Forest and Nature Management, kand.2år",True
EDU_udd_8387,EDU,udd,8387,"Sustainable Energy Systems, civilingeniør 2år","Sustainable Energy Systems, civilingeniør 2år",,,"Sustainable Energy Systems, Civil Engineer 2yr [current education]",,,translated,CSV:EDU_udd,medium,danish,,,74,37,4e-06,"Sustainable Energy Systems, civilingeniør 2år",True
EDU_udd_8064,EDU,udd,8064,"Data Science, kand.2år","Data Science, kand.2år",,,"Data Science, kand.2yr [current education]",,,manual_level_fix,CSV:EDU_udd,medium,danish,,,94,47,5e-06,"Data Science, kand.2år",True
EDU_udd_8254,EDU,udd,8254,"Bygningsteknik, civilingeniør 2år","Bygningsteknik, civilingeniør 2år",,,"Building Technology, Civil Engineer 2yr [current education]",,,translated,CSV:EDU_udd,medium,danish,,,54,27,3e-06,"Bygningsteknik, civilingeniør 2år",True
EDU_udd_8198,EDU,udd,8198,"Datavidenskab (AU), kand.2år","Datavidenskab (AU), kand.2år",,,"Computer Science (AU), kand.2yr [current education]",,,manual_level_fix,CSV:EDU_udd,medium,danish,,,126,63,7e-06,"Datavidenskab (AU), kand.2år",True
EDU_udd_6421,EDU,udd,6421,"Indologi, kand.2år","Indologi, kand.2år",,,"Indology, kand.2yr [current education]",,,manual_level_fix,CSV:EDU_udd,medium,danish,,,40,19,2e-06,"Indologi, kand.2år",True
EDU_udd_8285,EDU,udd,8285,"HA i markeds- og kulturanalyse, bach.","HA i markeds- og kulturanalyse, bach.",,,"BA in Market and Cultural Analysis, bach. [current education]",,,translated,CSV:EDU_udd,medium,danish,,,1090,543,6e-05,"HA i markeds- og kulturanalyse, bach.",True
EDU_udd_6454,EDU,udd,6454,"Dansk og international virksomhedskommunikation, kand.","Dansk og international virksomhedskommunikation, kand.",,,"Danish and International Business Communication, kand. [current education]",,,translated,CSV:EDU_udd,medium,danish,,,2,1,0.0,"Dansk og international virksomhedskommunikation, kand.",True
EDU_udd_3275,EDU,udd,3275,Jordbrugvirksomhed(overbygning).prof.bach.,Jordbrugvirksomhed(overbygning).prof.bach.,,,"Agricultural business (top-up), prof.bach. [current education]",,,translated,CSV:EDU_udd,medium,danish,,,22,11,1e-06,Jordbrugvirksomhed(overbygning).prof.bach.,True
EDU_udd_3242,EDU,udd,3242,"Molekylærbiologi, kand.2år","Molekylærbiologi, kand.2år",,,"Molecular Biology, kand.2yr [current education]",,,manual_level_fix,CSV:EDU_udd,medium,danish,,,8,4,0.0,"Molekylærbiologi, kand.2år",False
EDU_udd_5639,EDU,udd,5639,Automation Engineering,Automation Engineering,,,Automation Engineering [current education],,,copy-of-da,CSV:EDU_udd,medium,danish,,,188,94,1e-05,Automation Engineering,True
EDU_udd_6080,EDU,udd,6080,"Teknisk kombination, kand. (AAU)","Teknisk kombination, kand. (AAU)",,,"Technical combination, kand. (AAU) [current education]",,,translated,CSV:EDU_udd,medium,danish,,,8,3,0.0,"Teknisk kombination, kand. (AAU)",True
EDU_udd_5891,EDU,udd,5891,"Maritim teknik, ing.prof.bach.","Maritim teknik, ing.prof.bach.",,,"Maritime Technology, ing.prof.bach. [current education]",,,translated,CSV:EDU_udd,medium,danish,,,38,19,2e-06,"Maritim teknik, ing.prof.bach.",True
EDU_udd_5911,EDU,udd,5911,"Rytmisk musik, lydtekniker (gl)","Rytmisk musik, lydtekniker (gl)",,,"Rhythmic music, lydtekniker (gl) [current education]",,,translated,CSV:EDU_udd,medium,danish,,,18,9,1e-06,"Rytmisk musik, lydtekniker (gl)",True
EDU_udd_8046,EDU,udd,8046,"Bioengineering, civilingeniør 2år","Bioengineering, civilingeniør 2år",,,"Bioengineering, civil engineer 2yr [current education]",,,translated,CSV:EDU_udd,medium,danish,,,66,33,4e-06,"Bioengineering, civilingeniør 2år",True
EDU_udd_3239,EDU,udd,3239,"Biotechnology, ing.prof.bach.","Biotechnology, ing.prof.bach.",,,"Biotechnology, ing.prof.bach. [current education]",,,copy-of-da,CSV:EDU_udd,medium,danish,,,418,205,2.3e-05,"Biotechnology, ing.prof.bach.",True
EDU_udd_5466,EDU,udd,5466,"Ocean Engineering, civilingeniør 2år","Ocean Engineering, civilingeniør 2år",,,"Ocean Engineering, civil engineer 2yr [current education]",,,translated,CSV:EDU_udd,medium,danish,,,86,43,5e-06,"Ocean Engineering, civilingeniør 2år",True
EDU_udd_5689,EDU,udd,5689,Dans og koreografi,Dans og koreografi,,,Dance and Choreography [current education],,,translated,CSV:EDU_udd,medium,danish,,,120,60,7e-06,Dans og koreografi,True
EDU_udd_5634,EDU,udd,5634,"Business og vandteknologi, prof.bach.","Business og vandteknologi, prof.bach.",,,"Business and Water Technology, prof.bach. [current education]",,,translated,CSV:EDU_udd,medium,danish,,,26,13,1e-06,"Business og vandteknologi, prof.bach.",True
EDU_udd_5913,EDU,udd,5913,"Musikledelse, kand.2år","Musikledelse, kand.2år",,,"Music Conducting, cand.2yr [current education]",,,translated,CSV:EDU_udd,medium,danish,,,16,8,1e-06,"Musikledelse, kand.2år",True
EDU_udd_5448,EDU,udd,5448,"Global Forestry, kand.2år","Global Forestry, kand.2år",,,"Global Forestry, kand.2yr",,,translated,CSV:EDU_udd,medium,danish,,,134,67,7e-06,"Global Forestry, kand.2år",True
EDU_udd_5569,EDU,udd,5569,"Fiskeriteknologi, ing.prof.bach.","Fiskeriteknologi, ing.prof.bach.",,,"Fisheries Technology, ing.prof.bach. [current education]",,,translated,CSV:EDU_udd,medium,danish,,,48,24,3e-06,"Fiskeriteknologi, ing.prof.bach.",True
EDU_udd_3245,EDU,udd,3245,"Chemistry, kand.2år","Chemistry, kand.2år",,,"Chemistry, kand.2yr [current education]",,,translated,CSV:EDU_udd,medium,danish,,,8,4,0.0,"Chemistry, kand.2år",False
EDU_udd_6558,EDU,udd,6558,"Rumænsk, bach.","Rumænsk, bach.",,,"Romanian, bach. [current education]",,,translated,CSV:EDU_udd,medium,danish,,,4,2,0.0,"Rumænsk, bach.",True
EDU_udd_5574,EDU,udd,5574,E-design,E-design,,,E-design [current education],,,copy-of-da,CSV:EDU_udd,medium,danish,,,38,19,2e-06,E-design,True
EDU_udd_8129,EDU,udd,8129,"Teknisk fysik, bach.","Teknisk fysik, bach.",,,"Technical physics, bach. [current education]",,,translated,CSV:EDU_udd,medium,danish,,,6,3,0.0,"Teknisk fysik, bach.",True
EDU_udd_4861,EDU,udd,4861,Forgylder,Forgylder,,,Gilder [current education],,,translated,CSV:EDU_udd,medium,danish,,,4,2,0.0,Forgylder,True
EDU_udd_6464,EDU,udd,6464,"Sustainable Tourism and Hospitality Management, master","Sustainable Tourism and Hospitality Management, master",,,"Sustainable Tourism and Hospitality Management, master [current education]",,,copy-of-da,CSV:EDU_udd,medium,danish,,,80,40,4e-06,"Sustainable Tourism and Hospitality Management, master",True
EDU_udd_3344,EDU,udd,3344,"Biosystemteknologi, civilingeniør 2år","Biosystemteknologi, civilingeniør 2år",,,"Biosystems Engineering, MEng.2yr [current education]",,,translated,CSV:EDU_udd,medium,danish,,,4,2,0.0,"Biosystemteknologi, civilingeniør 2år",False
EDU_udd_6465,EDU,udd,6465,"Spanske- og spanskamerikanske studier (SDU), kand.2år","Spanske- og spanskamerikanske studier (SDU), kand.2år",,,"Spanish and Latin American Studies (SDU), cand.2yr [current education]",,,translated,CSV:EDU_udd,medium,danish,,,24,12,1e-06,"Spanske- og spanskamerikanske studier (SDU), kand.2år",True
EDU_udd_5857,EDU,udd,5857,Dansepædagog,Dansepædagog,,,Dance Pedagogy [current education],,,translated,CSV:EDU_udd,medium,danish,,,16,8,1e-06,Dansepædagog,True
EDU_udd_7944,EDU,udd,7944,"Byggeri og anlæg, indeklima og energi, ingeniør bach.","Byggeri og anlæg, indeklima og energi, ingeniør bach.",,,"Construction and Plant Engineering, Indoor Climate and Energy, Engineer bach. [current education]",,,translated,CSV:EDU_udd,medium,danish,,,22,11,1e-06,"Byggeri og anlæg, indeklima og energi, ingeniør bach.",True
EDU_udd_3382,EDU,udd,3382,"Population Studies, kand.2år","Population Studies, kand.2år",,,"Population Studies, cand.2yr [current education]",,,translated,CSV:EDU_udd,medium,danish,,,28,14,2e-06,"Population Studies, kand.2år",True
EDU_udd_6270,EDU,udd,6270,"Electrical Engineering, kand.2år","Electrical Engineering, kand.2år",,,"Electrical Engineering, cand.2yr [current education]",,,translated,CSV:EDU_udd,medium,danish,,,32,10,1e-06,"Electrical Engineering, kand.2år",True
EDU_udd_3369,EDU,udd,3369,"Kognitions- og datavidenskab, bach.","Kognitions- og datavidenskab, bach.",,,"Cognitive and Data Science, bach. [current education]",,,translated,CSV:EDU_udd,medium,danish,,,172,86,1e-05,"Kognitions- og datavidenskab, bach.",True
EDU_udd_3257,EDU,udd,3257,"Physics, kand.2år","Physics, kand.2år",,,"Physics, kand.2yr [current education]",,,manual_level_fix,CSV:EDU_udd,medium,danish,,,10,5,1e-06,"Physics, kand.2år",False
EDU_udd_8713,EDU,udd,8713,"Physics and Scientific Modelling, kand.2år","Physics and Scientific Modelling, kand.2år",,,"Physics and Scientific Modeling, cand.2yr [current education]",,,translated,CSV:EDU_udd,medium,danish,,,22,11,1e-06,"Physics and Scientific Modelling, kand.2år",True
EDU_udd_3398,EDU,udd,3398,"Economics and Business Administration in Sales Management, kand.2år","Economics and Business Administration in Sales Management, kand.2år",,,"Economics and Business Administration in Sales Management, cand.2yr [current education]",,,translated,CSV:EDU_udd,medium,danish,,,188,94,1e-05,"Economics and Business Administration in Sales Management, kand.2år",True
EDU_udd_3161,EDU,udd,3161,"Urban Studies, kand.2år","Urban Studies, kand.2år",,,"Urban Studies, kand.2yr [current education]",,,manual_level_fix,CSV:EDU_udd,medium,danish,,,280,140,1.6e-05,"Urban Studies, kand.2år",True
EDU_udd_5998,EDU,udd,5998,"Bæredygtig energiteknik, ing.prof.bach.","Bæredygtig energiteknik, ing.prof.bach.",,,"Sustainable energy technology, ing.prof.bach. [current education]",,,translated,CSV:EDU_udd,medium,danish,,,14,7,1e-06,"Bæredygtig energiteknik, ing.prof.bach.",False
EDU_udd_7940,EDU,udd,7940,"Infrastruktur, bach.","Infrastruktur, bach.",,,"Infrastruktur, bach. [current education]",,,copy-of-da,CSV:EDU_udd,medium,danish,,,10,5,1e-06,"Infrastruktur, bach.",True
EDU_udd_5559,EDU,udd,5559,Commerce Management,Commerce Management,,,Commerce Management [current education],,,copy-of-da,CSV:EDU_udd,medium,danish,,,374,187,2.1e-05,Commerce Management,True
EDU_udd_6048,EDU,udd,6048,"Internat. virksomhedskommunikation, tysk, bach.","Internat. virksomhedskommunikation, tysk, bach.",,,"International Business Communication, German, bach. [current education]",,,translated,CSV:EDU_udd,medium,danish,,,8,4,0.0,"Internat. virksomhedskommunikation, tysk, bach.",True
EDU_udd_5956,EDU,udd,5956,"Fransk-italiensk erhvervssprog, bach.","Fransk-italiensk erhvervssprog, bach.",,,"French-Italian business language, bach. [current education]",,,translated,CSV:EDU_udd,medium,danish,,,10,5,1e-06,"Fransk-italiensk erhvervssprog, bach.",True
EDU_udd_8253,EDU,udd,8253,"Idræt/Idræt og sundhed, bach.","Idræt/Idræt og sundhed, bach.",,,"Physical Education/Sports and Health, bach. [current education]",,,translated,CSV:EDU_udd,medium,danish,,,2,1,0.0,"Idræt/Idræt og sundhed, bach.",False
EDU_udd_6855,EDU,udd,6855,"Sydøstasienstudier, Thai, kand.2år","Sydøstasienstudier, Thai, kand.2år",,,"Southeast Asian Studies, Thai, kand.2yr [current education]",,,manual_level_fix,CSV:EDU_udd,medium,danish,,,8,4,0.0,"Sydøstasienstudier, Thai, kand.2år",True
EDU_udd_6797,EDU,udd,6797,"Grækenlandsstudier, kand.2år","Grækenlandsstudier, kand.2år",,,"Greek Studies, kand.2yr [current education]",,,manual_level_fix,CSV:EDU_udd,medium,danish,,,10,5,1e-06,"Grækenlandsstudier, kand.2år",True
EDU_udd_5994,EDU,udd,5994,"Russisk-spansk erhvervssprog, bach.","Russisk-spansk erhvervssprog, bach.",,,"Russian-Spanish Business Language, bach. [current education]",,,translated,CSV:EDU_udd,medium,danish,,,4,2,0.0,"Russisk-spansk erhvervssprog, bach.",True
EDU_udd_6642,EDU,udd,6642,"Tysk sprog, litteratur og kultur, bach.","Tysk sprog, litteratur og kultur, bach.",,,"German language, literature and culture, bach. [current education]",,,translated,CSV:EDU_udd,medium,danish,,,8,4,0.0,"Tysk sprog, litteratur og kultur, bach.",False
EDU_udd_6582,EDU,udd,6582,"Litteraturvidenskab, bach.","Litteraturvidenskab, bach.",,,"Literature, bach. [current education]",,,translated,CSV:EDU_udd,medium,danish,,,18,9,1e-06,"Litteraturvidenskab, bach.",False
EDU_udd_3236,EDU,udd,3236,"Engelsk, kand.2år","Engelsk, kand.2år",,,"English, kand.2yr [current education]",,,manual_level_fix,CSV:EDU_udd,medium,danish,,,2,1,0.0,"Engelsk, kand.2år",False
EDU_udd_4126,EDU,udd,4126,Industrisvejser,Industrisvejser,,,Industrial welder [current education],,,translated,CSV:EDU_udd,medium,danish,,,4,2,0.0,Industrisvejser,True
EDU_udd_3187,EDU,udd,3187,"Erhvervsøkonomi, kand.2år","Erhvervsøkonomi, kand.2år",,,"Business Administration, kand.2yr [current education]",,,translated,CSV:EDU_udd,medium,danish,,,6,3,0.0,"Erhvervsøkonomi, kand.2år",False
EDU_udd_6456,EDU,udd,6456,"Kulturformidling, kand.","Kulturformidling, kand.",,,"Kulturformidling, kand. [current education]",,,copy-of-da,CSV:EDU_udd,medium,danish,,,2,1,0.0,"Kulturformidling, kand.",True
EDU_udd_7964,EDU,udd,7964,"Life Science og Teknologi, ing.bach.","Life Science og Teknologi, ing.bach.",,,"Life Science and Technology, ing.bach. [current education]",,,translated,CSV:EDU_udd,medium,danish,,,768,383,4.2e-05,"Life Science og Teknologi, ing.bach.",True
EDU_udd_3240,EDU,udd,3240,"Datalogi, kand.2år","Datalogi, kand.2år",,,"Computer Science, kand.2yr [current education]",,,translated,CSV:EDU_udd,medium,danish,,,6,3,0.0,"Datalogi, kand.2år",False
EDU_udd_3464,EDU,udd,3464,"Electronics, civilingeniør 2år","Electronics, civilingeniør 2år",,,"Electronics, Civil Engineer 2yr [current education]",,,translated,CSV:EDU_udd,medium,danish,,,172,86,1e-05,"Electronics, civilingeniør 2år",True
EDU_udd_3399,EDU,udd,3399,"Economics and Business Administration in People and Business Development, kand.2år","Economics and Business Administration in People and Business Development, kand.2år",,,"Economics and Business Administration in People and Business Development, kand.2yr [current education]",,,manual_level_fix,CSV:EDU_udd,medium,danish,,,130,65,7e-06,"Economics and Business Administration in People and Business Development, kand.2år",True
EDU_udd_3232,EDU,udd,3232,"Omsorg, sundhed og pædagogik","Omsorg, sundhed og pædagogik",,,"Care, Health and Pedagogy [current education]",,,translated,CSV:EDU_udd,medium,danish,,,39374,19646,0.002176,"Omsorg, sundhed og pædagogik",True
EDU_udd_6116,EDU,udd,6116,"Tek-Sam - miljøplanlægning, kombination (RUC)","Tek-Sam - miljøplanlægning, kombination (RUC)",,,"Tek-Sam - Environmental Planning, combination (RUC) [current education]",,,translated,CSV:EDU_udd,medium,danish,,,8,4,0.0,"Tek-Sam - miljøplanlægning, kombination (RUC)",True
EDU_udd_3164,EDU,udd,3164,"Informations- og kommunikationsvidenskab, kand.2år","Informations- og kommunikationsvidenskab, kand.2år",,,"Information and Communication Science, kand.2yr [current education]",,,translated,CSV:EDU_udd,medium,danish,,,10,5,1e-06,"Informations- og kommunikationsvidenskab, kand.2år",True
EDU_udd_3390,EDU,udd,3390,"Economics and Business Administration in Finance and Strategic Management, kand.2år","Economics and Business Administration in Finance and Strategic Management, kand.2år",,,"Economics and Business Administration in Finance and Strategic Management, kand.2yr [current education]",,,translated,CSV:EDU_udd,medium,danish,,,486,243,2.7e-05,"Economics and Business Administration in Finance and Strategic Management, kand.2år",True
EDU_udd_4102,EDU,udd,4102,"Skibsteknik og Marin konstruktion, prof.bach","Skibsteknik og Marin konstruktion, prof.bach",,,"Ship Technology and Marine Construction, prof.bach [current education]",,,translated,CSV:EDU_udd,medium,danish,,,26,13,1e-06,"Skibsteknik og Marin konstruktion, prof.bach",True
EDU_udd_6670,EDU,udd,6670,"Religion studier/videnskab, bach.","Religion studier/videnskab, bach.",,,"Religious Studies/Science, bach. [current education]",,,translated,CSV:EDU_udd,medium,danish,,,4,2,0.0,"Religion studier/videnskab, bach.",True
EDU_udd_6036,EDU,udd,6036,"Mathematics, kand.2år","Mathematics, kand.2år",,,"Mathematics, kand.2yr [current education]",,,manual_level_fix,CSV:EDU_udd,medium,danish,,,12,6,1e-06,"Mathematics, kand.2år",False
EDU_udd_5830,EDU,udd,5830,Restaureringsteknik,Restaureringsteknik,,,Restoration technology [current education],,,translated,CSV:EDU_udd,medium,danish,,,8,4,0.0,Restaureringsteknik,True
EDU_udd_6267,EDU,udd,6267,"Neuroscience og neuroimaging (SDC), kand.2år","Neuroscience og neuroimaging (SDC), kand.2år",,,"Neuroscience and Neuroimaging (SDC), kand.2yr [current education]",,,translated,CSV:EDU_udd,medium,danish,,,4,2,0.0,"Neuroscience og neuroimaging (SDC), kand.2år",True
EDU_udd_4860,EDU,udd,4860,Billedskærer,Billedskærer,,,Woodcarver,,,translated,CSV:EDU_udd,medium,danish,,,2,1,0.0,Billedskærer,True
EDU_udd_5681,EDU,udd,5681,"Erhvervssprog tysk-italiensk, korrespondent","Erhvervssprog tysk-italiensk, korrespondent",,,"Business language German-Italian, correspondent [current education]",,,translated,CSV:EDU_udd,medium,danish,,,2,1,0.0,"Erhvervssprog tysk-italiensk, korrespondent",True
EDU_udd_6130,EDU,udd,6130,"Almen biologi, kand.2år","Almen biologi, kand.2år",,,"General Biology, kand.2yr [current education]",,,translated,CSV:EDU_udd,medium,danish,,,12,5,1e-06,"Almen biologi, kand.2år",True
EDU_udd_8139,EDU,udd,8139,"Biologi, bach.","Biologi, bach.",,,"Biology, bach. [current education]",,,translated,CSV:EDU_udd,medium,danish,,,2,1,0.0,"Biologi, bach.",False
EDU_udd_6771,EDU,udd,6771,"Latin, middelalder, kand.2år","Latin, middelalder, kand.2år",,,"Latin, Medieval Studies, kand.2yr [current education]",,,translated,CSV:EDU_udd,medium,danish,,,6,3,0.0,"Latin, middelalder, kand.2år",True
EDU_udd_5893,EDU,udd,5893,Production Design,Production Design,,,Production Design [current education],,,copy-of-da,CSV:EDU_udd,medium,danish,,,12,6,1e-06,Production Design,True
EDU_udd_4787,EDU,udd,4787,"Bygge og anlæg, individuel eud","Bygge og anlæg, individuel eud",,,"Building and Installation, individual eud [current education]",,,translated,CSV:EDU_udd,medium,danish,,,2,1,0.0,"Bygge og anlæg, individuel eud",True
EDU_udd_5843,EDU,udd,5843,"Konservator monumentalkunst, kand.2år","Konservator monumentalkunst, kand.2år",,,"Conservator of Monumental Art, kand.2yr [current education]",,,translated,CSV:EDU_udd,medium,danish,,,4,2,0.0,"Konservator monumentalkunst, kand.2år",True
EDU_udd_5626,EDU,udd,5626,Agro Business and Landscape Management,Agro Business and Landscape Management,,,Agro Business and Landscape Management [current education],,,copy-of-da,CSV:EDU_udd,medium,danish,,,94,47,5e-06,Agro Business and Landscape Management,True
EDU_udd_8174,EDU,udd,8174,"Engineering (Biomaterial Engineering for Medicine), civilingeniør 2år","Engineering (Biomaterial Engineering for Medicine), civilingeniør 2år",,,"Engineering (Biomaterial Engineering for Medicine), MEng.2yr [current education]",,,translated,CSV:EDU_udd,medium,danish,,,174,87,1e-05,"Engineering (Biomaterial Engineering for Medicine), civilingeniør 2år",True
EDU_udd_3342,EDU,udd,3342,"Datalogi, bach.","Datalogi, bach.",,,"Computer science, bach. [current education]",,,translated,CSV:EDU_udd,medium,danish,,,2,1,0.0,"Datalogi, bach.",False
EDU_udd_7969,EDU,udd,7969,"Kunstig intelligens, bach.","Kunstig intelligens, bach.",,,"Kunstig intelligens, bach. [current education]",,,copy-of-da,CSV:EDU_udd,medium,danish,,,120,60,7e-06,"Kunstig intelligens, bach.",True
EDU_udd_6820,EDU,udd,6820,"Mellemøstens sprog og samfund-tyrkisk, kand.2år","Mellemøstens sprog og samfund-tyrkisk, kand.2år",,,"Middle Eastern Languages and Societies-Turkish, kand.2yr [current education]",,,manual_level_fix,CSV:EDU_udd,medium,danish,,,10,4,0.0,"Mellemøstens sprog og samfund-tyrkisk, kand.2år",True
EDU_udd_5588,EDU,udd,5588,"Computer Engineering (AAU), civilingeniør 2år","Computer Engineering (AAU), civilingeniør 2år",,,"Computer Engineering (AAU), MEng.2yr [current education]",,,translated,CSV:EDU_udd,medium,danish,,,130,65,7e-06,"Computer Engineering (AAU), civilingeniør 2år",True
EDU_udd_3131,EDU,udd,3131,"Environmental Studies, civilingeniør 2år","Environmental Studies, civilingeniør 2år",,,"Environmental Studies, MEng.2yr [current education]",,,translated,CSV:EDU_udd,medium,danish,,,126,63,7e-06,"Environmental Studies, civilingeniør 2år",True
EDU_udd_6990,EDU,udd,6990,"Humanistisk una, kand.2år","Humanistisk una, kand.2år",,,"Humanities, kand.2yr",,,translated,CSV:EDU_udd,medium,danish,,,2,1,0.0,"Humanistisk una, kand.2år",True
EDU_udd_6857,EDU,udd,6857,"Tibetologi, kand.2år","Tibetologi, kand.2år",,,"Tibetan Studies, kand.2yr",,,translated,CSV:EDU_udd,medium,danish,,,6,3,0.0,"Tibetologi, kand.2år",True
EDU_udd_8063,EDU,udd,8063,"Physics and Technology, civilingeniør 2år","Physics and Technology, civilingeniør 2år",,,"Physics and Technology, Civil Engineer 2yr [current education]",,,translated,CSV:EDU_udd,medium,danish,,,46,23,3e-06,"Physics and Technology, civilingeniør 2år",True
EDU_udd_5424,EDU,udd,5424,"Global Management and Manufacturing, ing.prof.bach.","Global Management and Manufacturing, ing.prof.bach.",,,"Global Management and Manufacturing, ing.prof.bach. [current education]",,,copy-of-da,CSV:EDU_udd,medium,danish,,,18,9,1e-06,"Global Management and Manufacturing, ing.prof.bach.",False
EDU_udd_3300,EDU,udd,3300,"EU-studier, kand.2år","EU-studier, kand.2år",,,"EU studies, kand.2yr [current education]",,,translated,CSV:EDU_udd,medium,danish,,,2,1,0.0,"EU-studier, kand.2år",False
EDU_udd_5554,EDU,udd,5554,"Electronic Systems, civilingeniør 2år","Electronic Systems, civilingeniør 2år",,,"Electronic Systems, Civil Engineer 2yr [current education]",,,translated,CSV:EDU_udd,medium,danish,,,224,112,1.2e-05,"Electronic Systems, civilingeniør 2år",True
EDU_udd_3411,EDU,udd,3411,"Mechanical Engineering, ing.prof.bach.","Mechanical Engineering, ing.prof.bach.",,,"Mechanical Engineering, ing.prof.bach. [current education]",,,copy-of-da,CSV:EDU_udd,medium,danish,,,184,92,1e-05,"Mechanical Engineering, ing.prof.bach.",False
EDU_udd_5628,EDU,udd,5628,Energy Technology,Energy Technology,,,Energy Technology [current education],,,copy-of-da,CSV:EDU_udd,medium,danish,,,44,22,2e-06,Energy Technology,True
EDU_udd_8043,EDU,udd,8043,"Vand og miljø (SDC), civilingeniør 2år","Vand og miljø (SDC), civilingeniør 2år",,,"Water and Environment (SDC), Civil Engineer 2yr [current education]",,,translated,CSV:EDU_udd,medium,danish,,,6,3,0.0,"Vand og miljø (SDC), civilingeniør 2år",True
EDU_udd_3397,EDU,udd,3397,"Economics and Business Administration in Management of Innovation and Business Development, kand.2år","Economics and Business Administration in Management of Innovation and Business Development, kand.2år",,,"Economics and Business Administration in Management of Innovation and Business Development, kand.2yr (master's) [current education]",,,translated,CSV:EDU_udd,medium,danish,,,392,196,2.2e-05,"Economics and Business Administration in Management of Innovation and Business Development, kand.2år",True
EDU_udd_6182,EDU,udd,6182,"Humanistisk, grunduddannelse (kand.)","Humanistisk, grunduddannelse (kand.)",,,"Humanities, foundation programme (kand.) [current education]",,,manual_level_fix,CSV:EDU_udd,medium,danish,,,4,2,0.0,"Humanistisk, grunduddannelse (kand.)",True
EDU_udd_8233,EDU,udd,8233,"Bioinformatics, kand.2år","Bioinformatics, kand.2år",,,"Bioinformatics, kand.2yr [current education]",,,manual_level_fix,CSV:EDU_udd,medium,danish,,,2,1,0.0,"Bioinformatics, kand.2år",False
EDU_udd_8138,EDU,udd,8138,"Matematik, bach.","Matematik, bach.",,,"Mathematics, bach. [current education]",,,translated,CSV:EDU_udd,medium,danish,,,2,1,0.0,"Matematik, bach.",False
EDU_udd_7569,EDU,udd,7569,"Didaktik, musikpædagogik, kand.2år","Didaktik, musikpædagogik, kand.2år",,,"Didactics, Music Pedagogy, kand.2yr [current education]",,,translated,CSV:EDU_udd,medium,danish,,,2,1,0.0,"Didaktik, musikpædagogik, kand.2år",False
EDU_udd_6765,EDU,udd,6765,"Græsk, middelalder, kand.2år","Græsk, middelalder, kand.2år",,,"Greek, Medieval Studies, kand.2yr",,,translated,CSV:EDU_udd,medium,danish,,,2,1,0.0,"Græsk, middelalder, kand.2år",True
EDU_udd_8283,EDU,udd,8283,"Soils and Global Change, kand.2år","Soils and Global Change, kand.2år",,,"Soils and Global Change, kand.2yr",,,translated,CSV:EDU_udd,medium,danish,,,88,44,5e-06,"Soils and Global Change, kand.2år",True
EDU_udd_7081,EDU,udd,7081,"Jura, bach.","Jura, bach.",,,"Law, bach. [current education]",,,translated,CSV:EDU_udd,medium,danish,,,2,1,0.0,"Jura, bach.",False
EDU_udd_3746,EDU,udd,3746,"It til organisationer, kand.2år","It til organisationer, kand.2år",,,"IT for Organizations, kand.2yr",,,translated,CSV:EDU_udd,medium,danish,,,4,2,0.0,"It til organisationer, kand.2år",True
EDU_udd_8247,EDU,udd,8247,"Bioinformatik, bach.","Bioinformatik, bach.",,,"Bioinformatik, bach. [current education]",,,copy-of-da,CSV:EDU_udd,medium,danish,,,80,40,4e-06,"Bioinformatik, bach.",True
EDU_udd_6247,EDU,udd,6247,"Structural Design and Analysis, civilingeniør 2år","Structural Design and Analysis, civilingeniør 2år",,,"Structural Design and Analysis, Civil Engineer 2yr [current education]",,,translated,CSV:EDU_udd,medium,danish,,,12,6,1e-06,"Structural Design and Analysis, civilingeniør 2år",True
EDU_udd_3189,EDU,udd,3189,"Politik og international forvaltning, kand.2år","Politik og international forvaltning, kand.2år",,,"Politics and International Administration, kand.2yr",,,translated,CSV:EDU_udd,medium,danish,,,2,1,0.0,"Politik og international forvaltning, kand.2år",False
EDU_udd_8284,EDU,udd,8284,"Advanced Power Electronics, civilingeniør 2år","Advanced Power Electronics, civilingeniør 2år",,,"Advanced Power Electronics, Civil Engineer 2yr [current education]",,,translated,CSV:EDU_udd,medium,danish,,,62,31,3e-06,"Advanced Power Electronics, civilingeniør 2år",True
EDU_udd_3396,EDU,udd,3396,"Economics and Business Administration in Finance and Investments, kand.2år","Economics and Business Administration in Finance and Investments, kand.2år",,,"Economics and Business Administration in Finance and Investments, kand.2yr (master's) [current education]",,,translated,CSV:EDU_udd,medium,danish,,,302,151,1.7e-05,"Economics and Business Administration in Finance and Investments, kand.2år",True
EDU_udd_8388,EDU,udd,8388,"Sustainable Energy Technologies, civilingeniør 2år","Sustainable Energy Technologies, civilingeniør 2år",,,"Sustainable Energy Technologies, Civil Engineer 2yr [current education]",,,translated,CSV:EDU_udd,medium,danish,,,36,18,2e-06,"Sustainable Energy Technologies, civilingeniør 2år",True
EDU_udd_3448,EDU,udd,3448,"Erhvervsøkonomi, kand.2år","Erhvervsøkonomi, kand.2år",,,"Business Administration, kand.2yr [current education]",,,translated,CSV:EDU_udd,medium,danish,,,22,11,1e-06,"Erhvervsøkonomi, kand.2år",False
EDU_udd_4760,EDU,udd,4760,"Jord til bord, individuel eud","Jord til bord, individuel eud",,,"From Farm to Table, Individual Study Programme eud [current education]",,,translated,CSV:EDU_udd,medium,danish,,,2,1,0.0,"Jord til bord, individuel eud",True
EDU_udd_8421,EDU,udd,8421,"Plante- og fødevarevidenskab, bach.","Plante- og fødevarevidenskab, bach.",,,"Plant and Food Science, B.Sc. [current education]",,,translated,CSV:EDU_udd,medium,danish,,,12,6,1e-06,"Plante- og fødevarevidenskab, bach.",True
EDU_udd_5261,EDU,udd,5261,"Bygning, civilingeniør 2år","Bygning, civilingeniør 2år",,,"Building, civil engineer 2yr [current education]",,,translated,CSV:EDU_udd,medium,danish,,,2,1,0.0,"Bygning, civilingeniør 2år",False
EDU_udd_5812,EDU,udd,5812,"Billedkunst, kunstteori og formidling, kand.2år","Billedkunst, kunstteori og formidling, kand.2år",,,"Visual Arts, Art Theory and Communication, kand.2yr [current education]",,,translated,CSV:EDU_udd,medium,danish,,,2,1,0.0,"Billedkunst, kunstteori og formidling, kand.2år",True
EDU_udd_5887,EDU,udd,5887,"Filmproduktionsledelse, prof.bach.","Filmproduktionsledelse, prof.bach.",,,"Film Production Management, prof.bach. [current education]",,,translated,CSV:EDU_udd,medium,danish,,,44,22,2e-06,"Filmproduktionsledelse, prof.bach.",True
EDU_udd_3368,EDU,udd,3368,"Teknisk videnskab (ingeniørvidenskab), bach.","Teknisk videnskab (ingeniørvidenskab), bach.",,,"Technical Science (Engineering), bach. [current education]",,,translated,CSV:EDU_udd,medium,danish,,,90,45,5e-06,"Teknisk videnskab (ingeniørvidenskab), bach.",True
EDU_udd_8281,EDU,udd,8281,"Children´s Literature, Media and Cultural Entrepreneurship, kand.2år","Children´s Literature, Media and Cultural Entrepreneurship, kand.2år",,,"Children's Literature, Media and Cultural Entrepreneurship, kand.2yr [current education]",,,translated,CSV:EDU_udd,medium,danish,,,238,119,1.3e-05,"Children´s Literature, Media and Cultural Entrepreneurship, kand.2år",True
EDU_udd_7974,EDU,udd,7974,"Elektronik, ing.bach.","Elektronik, ing.bach.",,,"Elektronik, ing.bach. [current education]",,,copy-of-da,CSV:EDU_udd,medium,danish,,,34,17,2e-06,"Elektronik, ing.bach.",True
EDU_udd_5892,EDU,udd,5892,"Software Engineering, civilingeniør 2år","Software Engineering, civilingeniør 2år",,,"Software Engineering, civil engineer 2yr [current education]",,,translated,CSV:EDU_udd,medium,danish,,,4,2,0.0,"Software Engineering, civilingeniør 2år",False
EDU_udd_5888,EDU,udd,5888,"E-commerce og digital marketing, prof.bach.","E-commerce og digital marketing, prof.bach.",,,"E-commerce and Digital Marketing, prof.bach. [current education]",,,translated,CSV:EDU_udd,medium,danish,,,164,82,9e-06,"E-commerce og digital marketing, prof.bach.",True
EDU_udd_3373,EDU,udd,3373,"Mekanik, ing.bach.","Mekanik, ing.bach.",,,"Mechanics, ing.bach. [current education]",,,translated,CSV:EDU_udd,medium,danish,,,102,51,6e-06,"Mekanik, ing.bach.",False
EDU_udd_7976,EDU,udd,7976,"Teknisk biomedicin, ing.bach.","Teknisk biomedicin, ing.bach.",,,"Biomedical engineering, ing.bach. [current education]",,,translated,CSV:EDU_udd,medium,danish,,,118,59,7e-06,"Teknisk biomedicin, ing.bach.",False
EDU_udd_3374,EDU,udd,3374,"Mekanik, civilingeniør 2år","Mekanik, civilingeniør 2år",,,"Mechanics, Civil Engineer 2yr [current education]",,,translated,CSV:EDU_udd,medium,danish,,,10,5,1e-06,"Mekanik, civilingeniør 2år",True
EDU_udd_3376,EDU,udd,3376,"Business, Asian Language and Culture - Japanese, bach.","Business, Asian Language and Culture - Japanese, bach.",,,"Business, Asian Language and Culture - Japanese, bach. [current education]",,,copy-of-da,CSV:EDU_udd,medium,danish,,,6,3,0.0,"Business, Asian Language and Culture - Japanese, bach.",True
EDU_udd_8417,EDU,udd,8417,"Dyrevidenskab, bach.","Dyrevidenskab, bach.",,,"Animal science, bach. [current education]",,,translated,CSV:EDU_udd,medium,danish,,,98,49,5e-06,"Dyrevidenskab, bach.",True
EDU_udd_5537,EDU,udd,5537,"Polsk, cand.negot.","Polsk, cand.negot.",,,"Polish, cand.negot. [current education]",,,translated,CSV:EDU_udd,medium,danish,,,2,1,0.0,"Polsk, cand.negot.",True
EDU_udd_3091,EDU,udd,3091,"Vestasiens oldtidshistorie, kand.2år","Vestasiens oldtidshistorie, kand.2år",,,"History of Ancient Western Asia, kand.2yr [current education]",,,translated,CSV:EDU_udd,medium,danish,,,2,1,0.0,"Vestasiens oldtidshistorie, kand.2år",True
EDU_udd_7977,EDU,udd,7977,"Bioteknologi, ing.bach.","Bioteknologi, ing.bach.",,,"Biotechnology, ing.bach. [current education]",,,translated,CSV:EDU_udd,medium,danish,,,122,61,7e-06,"Bioteknologi, ing.bach.",False
EDU_udd_5568,EDU,udd,5568,Financial Management,Financial Management,,,Financial Management [current education],,,copy-of-da,CSV:EDU_udd,medium,danish,,,48,24,3e-06,Financial Management,True
EDU_udd_1880,EDU,udd,1880,"EB, European baccalaureate","EB, European baccalaureate",,,"EB, European baccalaureate [current education]",,,copy-of-da,CSV:EDU_udd,medium,danish,,,1444,365,4e-05,"EB, European baccalaureate",True
EDU_udd_3301,EDU,udd,3301,"EU-Studies, kand.2år","EU-Studies, kand.2år",,,"EU Studies, kand.2yr [current education]",,,translated,CSV:EDU_udd,medium,danish,,,18,9,1e-06,"EU-Studies, kand.2år",True
EDU_udd_3196,EDU,udd,3196,"Film- and Media Studies, kand.2år","Film- and Media Studies, kand.2år",,,"Film and Media Studies, kand.2yr [current education]",,,translated,CSV:EDU_udd,medium,danish,,,178,89,1e-05,"Film- and Media Studies, kand.2år",True
EDU_udd_5612,EDU,udd,5612,"Global Environment and Development, kand.2år","Global Environment and Development, kand.2år",,,"Global Environment and Development, kand.2yr [current education]",,,translated,CSV:EDU_udd,medium,danish,,,50,25,3e-06,"Global Environment and Development, kand.2år",True
EDU_udd_8062,EDU,udd,8062,"Physics and Technology, civilingeniør 2år","Physics and Technology, civilingeniør 2år",,,"Physics and Technology, Civil Engineer 2yr [current education]",,,translated,CSV:EDU_udd,medium,danish,,,2,1,0.0,"Physics and Technology, civilingeniør 2år",False
EDU_udd_5739,EDU,udd,5739,"Data science, kand.2år","Data science, kand.2år",,,"Data Science, kand.2yr",,,translated,CSV:EDU_udd,medium,danish,,,12,6,1e-06,"Data science, kand.2år",True
EDU_udd_4121,EDU,udd,4121,Industriel reparatør,Industriel reparatør,,,Industrial Repairman [current education],,,translated,CSV:EDU_udd,medium,danish,,,4,1,0.0,Industriel reparatør,True
EDU_udd_7666,EDU,udd,7666,"Musik/Musikvidenskab, bach.","Musik/Musikvidenskab, bach.",,,"Music/Musicology, bach. [current education]",,,translated,CSV:EDU_udd,medium,danish,,,2,1,0.0,"Musik/Musikvidenskab, bach.",False
EDU_udd_3184,EDU,udd,3184,"Information Science and Cultural Communication, kand.2år","Information Science and Cultural Communication, kand.2år",,,"Information Science and Cultural Communication, kand.2yr [current education]",,,manual_level_fix,CSV:EDU_udd,medium,danish,,,100,50,6e-06,"Information Science and Cultural Communication, kand.2år",True
EDU_udd_3185,EDU,udd,3185,"HA almen erhvervsøkonomi, bach.","HA almen erhvervsøkonomi, bach.",,,"HA General Business Economics, Bach. [current education]",,,translated,CSV:EDU_udd,medium,danish,,,26,13,1e-06,"HA almen erhvervsøkonomi, bach.",False
EDU_udd_3203,EDU,udd,3203,"Økonomi, kand.2år","Økonomi, kand.2år",,,"Economics, kand.2yr [current education]",,,manual_level_fix,CSV:EDU_udd,medium,danish,,,2,1,0.0,"Økonomi, kand.2år",False
EDU_udd_3289,EDU,udd,3289,"Nature and Agricultural Management (overbygning), prof.bach.","Nature and Agricultural Management (overbygning), prof.bach.",,,"Nature and Agricultural Management (top-up), prof.bach. [current education]",,,translated,CSV:EDU_udd,medium,danish,,,48,24,3e-06,"Nature and Agricultural Management (overbygning), prof.bach.",True
EDU_udd_8303,EDU,udd,8303,"Sustainable animal nutrition-feeding, kand.2år","Sustainable animal nutrition-feeding, kand.2år",,,"Sustainable Animal Nutrition and Feeding, kand.2yr [current education]",,,manual_level_fix,CSV:EDU_udd,medium,danish,,,98,49,5e-06,"Sustainable animal nutrition-feeding, kand.2år",True
EDU_udd_5422,EDU,udd,5422,"Sustainable development in agriculture, kand.2år","Sustainable development in agriculture, kand.2år",,,"Sustainable Development in Agriculture, kand.2yr [current education]",,,manual_level_fix,CSV:EDU_udd,medium,danish,,,46,23,3e-06,"Sustainable development in agriculture, kand.2år",True
EDU_udd_5219,EDU,udd,5219,"Embedded Software Design, civilingeniør 2år","Embedded Software Design, civilingeniør 2år",,,"Embedded Software Design, MScEng 2yr [current education]",,,translated,CSV:EDU_udd,medium,danish,,,10,5,1e-06,"Embedded Software Design, civilingeniør 2år",True
EDU_udd_3317,EDU,udd,3317,"Media Arts Cultures, kand.2år","Media Arts Cultures, kand.2år",,,"Media Arts and Cultures, kand.2yr [current education]",,,manual_level_fix,CSV:EDU_udd,medium,danish,,,242,121,1.3e-05,"Media Arts Cultures, kand.2år",True
EDU_udd_7146,EDU,udd,7146,"Advanced Development in Social Work, kand.2år","Advanced Development in Social Work, kand.2år",,,"Advanced Development in Social Work, kand.2yr [current education]",,,manual_level_fix,CSV:EDU_udd,medium,danish,,,254,127,1.4e-05,"Advanced Development in Social Work, kand.2år",True
EDU_udd_4800,EDU,udd,4800,"Global Innovation Management, kand.2år","Global Innovation Management, kand.2år",,,"Global Innovation Management, kand.2yr [current education]",,,manual_level_fix,CSV:EDU_udd,medium,danish,,,12,6,1e-06,"Global Innovation Management, kand.2år",True
EDU_udd_3061,EDU,udd,3061,"Digital Communication Leadership, kand.2år","Digital Communication Leadership, kand.2år",,,"Digital Communication Leadership, kand.2yr [current education]",,,manual_level_fix,CSV:EDU_udd,medium,danish,,,118,59,7e-06,"Digital Communication Leadership, kand.2år",True
EDU_udd_3372,EDU,udd,3372,"Mechanical Engineering, civilingeniør 2år","Mechanical Engineering, civilingeniør 2år",,,"Mechanical Engineering, MEng 2yr [current education]",,,translated,CSV:EDU_udd,medium,danish,,,6,3,0.0,"Mechanical Engineering, civilingeniør 2år",False
EDU_udd_8249,EDU,udd,8249,"Biosolutions, kand.2år","Biosolutions, kand.2år",,,"BioSolutions, kand.2yr",,,translated,CSV:EDU_udd,medium,danish,,,2,1,0.0,"Biosolutions, kand.2år",True
EDU_udd_8115,EDU,udd,8115,"Quantum Technologies and Engineering, kand.2år","Quantum Technologies and Engineering, kand.2år",,,"Quantum Technologies and Engineering, kand.2yr [current education]",,,manual_level_fix,CSV:EDU_udd,medium,danish,,,18,9,1e-06,"Quantum Technologies and Engineering, kand.2år",True
EDU_udd_3255,EDU,udd,3255,"Mathematics, kand.2år","Mathematics, kand.2år",,,"Mathematics, kand.2yr [current education]",,,manual_level_fix,CSV:EDU_udd,medium,danish,,,2,1,0.0,"Mathematics, kand.2år",False
