code,prefix,database,value,description,description_da,description_en,source,confidence,language,parent_code,hierarchy_level
HEA_atc_B01AC06,HEA,atc,B01AC06,"blodplade-aggregationshæmmere excl. heparin, acetylsalicylsyre","blodplade-aggregationshæmmere excl. heparin, acetylsalicylsyre",platelet aggregation inhibitors excluding heparin and acetylsalicylic acid,raw_atc_enhanced_hierarchical,medium,danish,HEA_atc_B01AC,chemical_substance
HEA_atc_N02BE01,HEA,atc,N02BE01,"anilider, paracetamol","anilider, paracetamol","anilider, paracetamol",raw_atc_enhanced_hierarchical,medium,danish,HEA_atc_N02BE,chemical_substance
HEA_atc_S01AX06,HEA,atc,S01AX06,"andre antiinfektiva, resorcinol","andre antiinfektiva, resorcinol","other antiseptics and disinfectants, resorcinol",raw_atc_enhanced_hierarchical,medium,danish,HEA_atc_S01AX,chemical_substance
HEA_atc_A10BB01,HEA,atc,A10BB01,"sulfonylcarbamid, glibenclamid","sulfonylcarbamid, glibenclamid","sulfonylureas, glibenclamide",raw_atc_enhanced_hierarchical,medium,danish,HEA_atc_A10BB,chemical_substance
HEA_atc_N05CD05,HEA,atc,N05CD05,"benzodiazepin-derivater, triazolam","benzodiazepin-derivater, triazolam","benzodiazepin-derivater, triazolam",raw_atc_enhanced_hierarchical,medium,danish,HEA_atc_N05CD,chemical_substance
HEA_atc_M01AE01,HEA,atc,M01AE01,"propionsyre-derivater, ibuprofen","propionsyre-derivater, ibuprofen","propionsyre-derivater, ibuprofen",raw_atc_enhanced_hierarchical,medium,danish,HEA_atc_M01AE,chemical_substance
HEA_atc_C03AB01,HEA,atc,C03AB01,"thiazider og kalium i kombination, bendroflumethiazid og kalium","thiazider og kalium i kombination, bendroflumethiazid og kalium","thiazides and potassium in combination, bendroflumethiazide and potassium",raw_atc_enhanced_hierarchical,medium,danish,HEA_atc_C03AB,chemical_substance
HEA_atc_M04AA01,HEA,atc,M04AA01,"midler, der hæmmer urinsyreproduktionen, allopurinol","midler, der hæmmer urinsyreproduktionen, allopurinol","agents that inhibit uric acid production, allopurinol",raw_atc_enhanced_hierarchical,medium,danish,HEA_atc_M04AA,chemical_substance
HEA_atc_D01AC08,HEA,atc,D01AC08,"imidazol- og triazol-derivater, ketoconazol","imidazol- og triazol-derivater, ketoconazol","imidazole and triazole derivatives, ketoconazole",raw_atc_enhanced_hierarchical,medium,danish,HEA_atc_D01AC,chemical_substance
HEA_atc_D04AB02,HEA,atc,D04AB02,"lokalanæstetika til dermatologisk brug, cinchocain","lokalanæstetika til dermatologisk brug, cinchocain","topical local anesthetics for dermatological use, cinchocaine",raw_atc_enhanced_hierarchical,medium,danish,HEA_atc_D04AB,chemical_substance
HEA_atc_D07AD01,HEA,atc,D07AD01,"kortikosteroider, ekstra stærkt virkende (gruppe IV), clobetasol","kortikosteroider, ekstra stærkt virkende (gruppe IV), clobetasol","corticosteroids, very potent (group IV), clobetasol",raw_atc_enhanced_hierarchical,medium,danish,HEA_atc_D07AD,chemical_substance
HEA_atc_J01EB02,HEA,atc,J01EB02,"sulfonamider med kort virkningstid, sulfamethizol","sulfonamider med kort virkningstid, sulfamethizol","short-acting sulfonamides, sulfamethizole",raw_atc_enhanced_hierarchical,medium,danish,HEA_atc_J01EB,chemical_substance
HEA_atc_C08DB01,HEA,atc,C08DB01,"benzothiazepin-derivater, diltiazem","benzothiazepin-derivater, diltiazem","benzothiazepin-derivater, diltiazem",raw_atc_enhanced_hierarchical,medium,danish,HEA_atc_C08DB,chemical_substance
HEA_atc_N02BA75,HEA,atc,N02BA75,"salicylsyre-derivater, salicylamid, kombinationer med psykoleptika","salicylsyre-derivater, salicylamid, kombinationer med psykoleptika","salicylate derivatives, salicylamide, combinations with psychotropic drugs",raw_atc_enhanced_hierarchical,medium,danish,HEA_atc_N02BA,chemical_substance
HEA_atc_H02AB06,HEA,atc,H02AB06,"glucocorticoider, prednisolon","glucocorticoider, prednisolon","glucocorticoider, prednisolon",raw_atc_enhanced_hierarchical,medium,danish,HEA_atc_H02AB,chemical_substance
HEA_atc_R03AC02,HEA,atc,R03AC02,"selektive beta-2-adrenoceptor agonister, salbutamol","selektive beta-2-adrenoceptor agonister, salbutamol","selektive beta-2-adrenoceptor agonister, salbutamol",raw_atc_enhanced_hierarchical,medium,danish,HEA_atc_R03AC,chemical_substance
HEA_atc_C05AA05,HEA,atc,C05AA05,"kortikosteroider, betamethason","kortikosteroider, betamethason","kortikosteroider, betamethason",raw_atc_enhanced_hierarchical,medium,danish,HEA_atc_C05AA,chemical_substance
HEA_atc_N05CD03,HEA,atc,N05CD03,"benzodiazepin-derivater, flunitrazepam","benzodiazepin-derivater, flunitrazepam","benzodiazepin-derivater, flunitrazepam",raw_atc_enhanced_hierarchical,medium,danish,HEA_atc_N05CD,chemical_substance
HEA_atc_N05CD02,HEA,atc,N05CD02,"benzodiazepin-derivater, nitrazepam","benzodiazepin-derivater, nitrazepam","benzodiazepin-derivater, nitrazepam",raw_atc_enhanced_hierarchical,medium,danish,HEA_atc_N05CD,chemical_substance
HEA_atc_A02BC01,HEA,atc,A02BC01,"protonpumpe-hæmmere, omeprazol","protonpumpe-hæmmere, omeprazol","proton pump inhibitors, omeprazole",raw_atc_enhanced_hierarchical,medium,danish,HEA_atc_A02BC,chemical_substance
HEA_atc_R03CC03,HEA,atc,R03CC03,"selektive beta-2-adrenoceptor agonister, terbutalin","selektive beta-2-adrenoceptor agonister, terbutalin","selektive beta-2-adrenoceptor agonister, terbutalin",raw_atc_enhanced_hierarchical,medium,danish,HEA_atc_R03CC,chemical_substance
HEA_atc_C09AA10,HEA,atc,C09AA10,"ACE-hæmmere, usammensatte, trandolapril","ACE-hæmmere, usammensatte, trandolapril","ACE inhibitors, unspecific, trandolapril",raw_atc_enhanced_hierarchical,medium,danish,HEA_atc_C09AA,chemical_substance
HEA_atc_R03AL01,HEA,atc,R03AL01,"adrenergika i kombination med antikolinergika inkl. trippel-stof kombinationer med corticosteroider, fenoterol og ipratropiumbromid","adrenergika i kombination med antikolinergika inkl. trippel-stof kombinationer med corticosteroider, fenoterol og ipratropiumbromid","adrenergics in combination with anticholinergics including triple-combination products with corticosteroids, fenoterol and ipratropium bromide",raw_atc_enhanced_hierarchical,medium,danish,HEA_atc_R03AL,chemical_substance
HEA_atc_S01BC01,HEA,atc,S01BC01,"antiinflammatoriske midler, non-steroide, indometacin","antiinflammatoriske midler, non-steroide, indometacin","antiinflammatoriske midler, non-steroide, indometacin",raw_atc_enhanced_hierarchical,medium,danish,HEA_atc_S01BC,chemical_substance
HEA_atc_N05BA06,HEA,atc,N05BA06,"benzodiazepin-derivater, lorazepam","benzodiazepin-derivater, lorazepam","benzodiazepin-derivater, lorazepam",raw_atc_enhanced_hierarchical,medium,danish,HEA_atc_N05BA,chemical_substance
HEA_atc_A10BB07,HEA,atc,A10BB07,"sulfonylcarbamid, glipizid","sulfonylcarbamid, glipizid","sulfonylcarbamid, glipizid",raw_atc_enhanced_hierarchical,medium,danish,HEA_atc_A10BB,chemical_substance
HEA_atc_C08CA02,HEA,atc,C08CA02,"dihydropyridin-derivater, felodipin","dihydropyridin-derivater, felodipin","dihydropyridin-derivater, felodipin",raw_atc_enhanced_hierarchical,medium,danish,HEA_atc_C08CA,chemical_substance
HEA_atc_G03CA03,HEA,atc,G03CA03,"naturlige og semisyntetiske østrogener, usammensatte, estradiol","naturlige og semisyntetiske østrogener, usammensatte, estradiol","natural and semi-synthetic estrogens, unspecific, estradiol",raw_atc_enhanced_hierarchical,medium,danish,HEA_atc_G03CA,chemical_substance
HEA_atc_N02AX02,HEA,atc,N02AX02,"andre opioider, tramadol","andre opioider, tramadol","other opioids, tramadol",raw_atc_enhanced_hierarchical,medium,danish,HEA_atc_N02AX,chemical_substance
HEA_atc_N02AG02,HEA,atc,N02AG02,"opioider i kombinationer med antispasmodika, ketobemidon og antispasmodika","opioider i kombinationer med antispasmodika, ketobemidon og antispasmodika","opioids in combination with antispasmodics, ketobemidon and antispasmodics",raw_atc_enhanced_hierarchical,medium,danish,HEA_atc_N02AG,chemical_substance
HEA_atc_A12BA01,HEA,atc,A12BA01,"kalium, kaliumchlorid","kalium, kaliumchlorid","kalium, kaliumchlorid",raw_atc_enhanced_hierarchical,medium,danish,HEA_atc_A12BA,chemical_substance
HEA_atc_J01AA04,HEA,atc,J01AA04,"tetracycliner, lymecyclin","tetracycliner, lymecyclin","tetracycliner, lymecyclin",raw_atc_enhanced_hierarchical,medium,danish,HEA_atc_J01AA,chemical_substance
HEA_atc_N05BA01,HEA,atc,N05BA01,"benzodiazepin-derivater, diazepam","benzodiazepin-derivater, diazepam","benzodiazepin-derivater, diazepam",raw_atc_enhanced_hierarchical,medium,danish,HEA_atc_N05BA,chemical_substance
HEA_atc_C03CA01,HEA,atc,C03CA01,"sulfonamider, usammensatte, furosemid","sulfonamider, usammensatte, furosemid","sulfonamides, unspecific, furosemide",raw_atc_enhanced_hierarchical,medium,danish,HEA_atc_C03CA,chemical_substance
HEA_atc_N06AB04,HEA,atc,N06AB04,"selektive serotonin re-optagelse inhibitorer, citalopram","selektive serotonin re-optagelse inhibitorer, citalopram","selective serotonin reuptake inhibitors, citalopram",raw_atc_enhanced_hierarchical,medium,danish,HEA_atc_N06AB,chemical_substance
HEA_atc_R05CB01,HEA,atc,R05CB01,"mucolytika, acetylcystein","mucolytika, acetylcystein","mucolytics, N-acetylcysteine",raw_atc_enhanced_hierarchical,medium,danish,HEA_atc_R05CB,chemical_substance
HEA_atc_S01AA13,HEA,atc,S01AA13,"antibiotika, fusidinsyre","antibiotika, fusidinsyre","antibiotika, fusidinsyre",raw_atc_enhanced_hierarchical,medium,danish,HEA_atc_S01AA,chemical_substance
HEA_atc_J01CA02,HEA,atc,J01CA02,"penicilliner med udvidet spektrum, pivampicillin","penicilliner med udvidet spektrum, pivampicillin","broad-spectrum penicillins, pivampicillin",raw_atc_enhanced_hierarchical,medium,danish,HEA_atc_J01CA,chemical_substance
HEA_atc_S01XA20,HEA,atc,S01XA20,"andre ophthalmologiske midler, kunstig tårevæske og andre indifferente midler","andre ophthalmologiske midler, kunstig tårevæske og andre indifferente midler","other ophthalmologic agents, artificial tears and other indifferent agents",raw_atc_enhanced_hierarchical,medium,danish,HEA_atc_S01XA,chemical_substance
HEA_atc_N05AA02,HEA,atc,N05AA02,"phenothiazin med alifatisk sidekæde, levomepromazin","phenothiazin med alifatisk sidekæde, levomepromazin","Aliphatic side chain phenothiazines, levomepromazine",raw_atc_enhanced_hierarchical,medium,danish,HEA_atc_N05AA,chemical_substance
HEA_atc_C01AA05,HEA,atc,C01AA05,"digitalis-glycosider, digoxin","digitalis-glycosider, digoxin","digitalis-glycosider, digoxin",raw_atc_enhanced_hierarchical,medium,danish,HEA_atc_C01AA,chemical_substance
HEA_atc_R03DA04,HEA,atc,R03DA04,"xanthiner, theophyllin","xanthiner, theophyllin","xanthiner, theophyllin",raw_atc_enhanced_hierarchical,medium,danish,HEA_atc_R03DA,chemical_substance
HEA_atc_N05BA04,HEA,atc,N05BA04,"benzodiazepin-derivater, oxazepam","benzodiazepin-derivater, oxazepam","benzodiazepin-derivater, oxazepam",raw_atc_enhanced_hierarchical,medium,danish,HEA_atc_N05BA,chemical_substance
HEA_atc_J01CE02,HEA,atc,J01CE02,"beta-lactamase sensitive penicilliner, phenoxymethylpenicillin","beta-lactamase sensitive penicilliner, phenoxymethylpenicillin","beta-lactamase sensitive penicilliner, phenoxymethylpenicillin",raw_atc_enhanced_hierarchical,medium,danish,HEA_atc_J01CE,chemical_substance
HEA_atc_J01FA06,HEA,atc,J01FA06,"macrolider, roxithromycin","macrolider, roxithromycin","macrolider, roxithromycin",raw_atc_enhanced_hierarchical,medium,danish,HEA_atc_J01FA,chemical_substance
HEA_atc_J01CA04,HEA,atc,J01CA04,"penicilliner med udvidet spektrum, amoxicillin","penicilliner med udvidet spektrum, amoxicillin","Broad-spectrum penicillins, amoxicillin",raw_atc_enhanced_hierarchical,medium,danish,HEA_atc_J01CA,chemical_substance
HEA_atc_C09AA01,HEA,atc,C09AA01,"ACE-hæmmere, usammensatte, captopril","ACE-hæmmere, usammensatte, captopril","Uncombined ACE inhibitors, captopril",raw_atc_enhanced_hierarchical,medium,danish,HEA_atc_C09AA,chemical_substance
HEA_atc_C08CA01,HEA,atc,C08CA01,"dihydropyridin-derivater, amlodipin","dihydropyridin-derivater, amlodipin","dihydropyridin-derivater, amlodipin",raw_atc_enhanced_hierarchical,medium,danish,HEA_atc_C08CA,chemical_substance
HEA_atc_S02CA02,HEA,atc,S02CA02,"kortikosteroider og antiinfektiva i kombination, flumetason og antiinfektiva","kortikosteroider og antiinfektiva i kombination, flumetason og antiinfektiva","Combination of corticosteroids and antibiotics, flumetazone and antibiotics",raw_atc_enhanced_hierarchical,medium,danish,HEA_atc_S02CA,chemical_substance
HEA_atc_S01GA51,HEA,atc,S01GA51,"sympatomimetika anvendt som dekongestanter, naphazolin, kombinationer","sympatomimetika anvendt som dekongestanter, naphazolin, kombinationer","Sympathomimetics used as decongestants, naphazoline, combinations",raw_atc_enhanced_hierarchical,medium,danish,HEA_atc_S01GA,chemical_substance
HEA_atc_N04AB02,HEA,atc,N04AB02,"ethere, kemisk beslægtet med antihistaminer, orphenadrin (chlorid)","ethere, kemisk beslægtet med antihistaminer, orphenadrin (chlorid)","Ether, chemically related to antihistamines, orphenadrine (chloride)",raw_atc_enhanced_hierarchical,medium,danish,HEA_atc_N04AB,chemical_substance
HEA_atc_N05CF01,HEA,atc,N05CF01,"benzodiazepin-relaterede midler, zopiclon","benzodiazepin-relaterede midler, zopiclon","Benzodiazepine-related drugs, zopiclone",raw_atc_enhanced_hierarchical,medium,danish,HEA_atc_N05CF,chemical_substance
HEA_atc_H03BB02,HEA,atc,H03BB02,"svovlholdige imidazol-derivater, thiamazol","svovlholdige imidazol-derivater, thiamazol","svovlholdige imidazol-derivater, thiamazol",raw_atc_enhanced_hierarchical,medium,danish,HEA_atc_H03BB,chemical_substance
HEA_atc_J05AB01,HEA,atc,J05AB01,"nucleosider og nucleotider excl. revers transcriptase-hæmmere, aciclovir","nucleosider og nucleotider excl. revers transcriptase-hæmmere, aciclovir","Nucleosides and nucleotides excluding reverse transcriptase inhibitors, acyclovir",raw_atc_enhanced_hierarchical,medium,danish,HEA_atc_J05AB,chemical_substance
HEA_atc_A02BA01,HEA,atc,A02BA01,"H2-receptor antagonister, cimetidin","H2-receptor antagonister, cimetidin","H2-receptor antagonister, cimetidin",raw_atc_enhanced_hierarchical,medium,danish,HEA_atc_A02BA,chemical_substance
HEA_atc_J01MA02,HEA,atc,J01MA02,"fluorochinoloner, ciprofloxacin","fluorochinoloner, ciprofloxacin","fluorochinoloner, ciprofloxacin",raw_atc_enhanced_hierarchical,medium,danish,HEA_atc_J01MA,chemical_substance
HEA_atc_M01AC01,HEA,atc,M01AC01,"oxicamer, piroxicam","oxicamer, piroxicam","oxicamer, piroxicam",raw_atc_enhanced_hierarchical,medium,danish,HEA_atc_M01AC,chemical_substance
HEA_atc_N05CF02,HEA,atc,N05CF02,"benzodiazepin-relaterede midler, zolpidem","benzodiazepin-relaterede midler, zolpidem","Benzodiazepine-related drugs, zolpidem",raw_atc_enhanced_hierarchical,medium,danish,HEA_atc_N05CF,chemical_substance
HEA_atc_C03CB02,HEA,atc,C03CB02,"sulfonamider og kalium i kombination, bumetanid og kalium","sulfonamider og kalium i kombination, bumetanid og kalium","Combination of sulfonamides and potassium, bumetanide and potassium",raw_atc_enhanced_hierarchical,medium,danish,HEA_atc_C03CB,chemical_substance
HEA_atc_R03CC02,HEA,atc,R03CC02,"selektive beta-2-adrenoceptor agonister, salbutamol","selektive beta-2-adrenoceptor agonister, salbutamol","selektive beta-2-adrenoceptor agonister, salbutamol",raw_atc_enhanced_hierarchical,medium,danish,HEA_atc_R03CC,chemical_substance
HEA_atc_D07AA02,HEA,atc,D07AA02,"kortikosteroider, svagt virkende (gruppe I), hydrocortison","kortikosteroider, svagt virkende (gruppe I), hydrocortison","kortikosteroider, svagt virkende (gruppe I), hydrocortison",raw_atc_enhanced_hierarchical,medium,danish,HEA_atc_D07AA,chemical_substance
HEA_atc_N02BA01,HEA,atc,N02BA01,"salicylsyre-derivater, acetylsalicylsyre","salicylsyre-derivater, acetylsalicylsyre","salicylsyre-derivater, acetylsalicylsyre",raw_atc_enhanced_hierarchical,medium,danish,HEA_atc_N02BA,chemical_substance
HEA_atc_S01AA01,HEA,atc,S01AA01,"antibiotika, chloramphenicol","antibiotika, chloramphenicol","antibiotika, chloramphenicol",raw_atc_enhanced_hierarchical,medium,danish,HEA_atc_S01AA,chemical_substance
HEA_atc_C08DA01,HEA,atc,C08DA01,"phenylalkylamin-derivater, verapamil","phenylalkylamin-derivater, verapamil","phenylalkylamin-derivater, verapamil",raw_atc_enhanced_hierarchical,medium,danish,HEA_atc_C08DA,chemical_substance
HEA_atc_N05BA02,HEA,atc,N05BA02,"benzodiazepin-derivater, chlordiazepoxid","benzodiazepin-derivater, chlordiazepoxid","benzodiazepin-derivater, chlordiazepoxid",raw_atc_enhanced_hierarchical,medium,danish,HEA_atc_N05BA,chemical_substance
HEA_atc_S03CA04,HEA,atc,S03CA04,"kortikosteroider og antiinfektiva i kombination, hydrocortison og antiinfektiva","kortikosteroider og antiinfektiva i kombination, hydrocortison og antiinfektiva","corticosteroids and antiseptics in combination, hydrocortisone and antiseptics",raw_atc_enhanced_hierarchical,medium,danish,HEA_atc_S03CA,chemical_substance
HEA_atc_S01GX01,HEA,atc,S01GX01,"andre antiallergika, cromoglicinsyre","andre antiallergika, cromoglicinsyre","other antihistamines, cromolyn acid",raw_atc_enhanced_hierarchical,medium,danish,HEA_atc_S01GX,chemical_substance
HEA_atc_R06AE07,HEA,atc,R06AE07,"piperazin-derivater, cetirizin","piperazin-derivater, cetirizin","piperazin-derivater, cetirizin",raw_atc_enhanced_hierarchical,medium,danish,HEA_atc_R06AE,chemical_substance
HEA_atc_D07AC01,HEA,atc,D07AC01,"kortikosteroider, stærkt virkende (gruppe III), betamethason","kortikosteroider, stærkt virkende (gruppe III), betamethason","corticosteroids, potent (group III), betamethasone",raw_atc_enhanced_hierarchical,medium,danish,HEA_atc_D07AC,chemical_substance
HEA_atc_S01ED01,HEA,atc,S01ED01,"beta-blokerende midler, timolol","beta-blokerende midler, timolol","beta-blokerende midler, timolol",raw_atc_enhanced_hierarchical,medium,danish,HEA_atc_S01ED,chemical_substance
HEA_atc_S01BA01,HEA,atc,S01BA01,"kortikosteroider, usammensatte, dexamethason","kortikosteroider, usammensatte, dexamethason","kortikosteroider, usammensatte, dexamethason",raw_atc_enhanced_hierarchical,medium,danish,HEA_atc_S01BA,chemical_substance
HEA_atc_C07AB02,HEA,atc,C07AB02,"beta-blokerende midler, usammensatte, selektive, metoprolol","beta-blokerende midler, usammensatte, selektive, metoprolol","beta-blokerende midler, usammensatte, selektive, metoprolol",raw_atc_enhanced_hierarchical,medium,danish,HEA_atc_C07AB,chemical_substance
HEA_atc_C03AB02,HEA,atc,C03AB02,"thiazider og kalium i kombination, hydroflumethiazid og kalium","thiazider og kalium i kombination, hydroflumethiazid og kalium","thiazides and potassium in combination, hydroflumethiazide and potassium",raw_atc_enhanced_hierarchical,medium,danish,HEA_atc_C03AB,chemical_substance
HEA_atc_C01DA08,HEA,atc,C01DA08,"organiske nitrater, isosorbiddinitrat","organiske nitrater, isosorbiddinitrat","organiske nitrater, isosorbiddinitrat",raw_atc_enhanced_hierarchical,medium,danish,HEA_atc_C01DA,chemical_substance
HEA_atc_D07XB02,HEA,atc,D07XB02,"kortikosteroider (gruppe II), andre kombinationer, triamcinolon","kortikosteroider (gruppe II), andre kombinationer, triamcinolon","corticosteroids (group II), other combinations, triamcinolone",raw_atc_enhanced_hierarchical,medium,danish,HEA_atc_D07XB,chemical_substance
HEA_atc_S03CA01,HEA,atc,S03CA01,"kortikosteroider og antiinfektiva i kombination, dexamethason og antiinfektiva","kortikosteroider og antiinfektiva i kombination, dexamethason og antiinfektiva","corticosteroids and antiseptics in combination, dexamethasone and antiseptics",raw_atc_enhanced_hierarchical,medium,danish,HEA_atc_S03CA,chemical_substance
HEA_atc_C01DA02,HEA,atc,C01DA02,"organiske nitrater, glyceryltrinitrat","organiske nitrater, glyceryltrinitrat","organiske nitrater, glyceryltrinitrat",raw_atc_enhanced_hierarchical,medium,danish,HEA_atc_C01DA,chemical_substance
HEA_atc_D07AB02,HEA,atc,D07AB02,"kortikosteroider, middelstærkt virkende (gruppe II), hydrocortisonbutyrat","kortikosteroider, middelstærkt virkende (gruppe II), hydrocortisonbutyrat","corticosteroids, moderately potent (group II), hydrocortisone butyrate",raw_atc_enhanced_hierarchical,medium,danish,HEA_atc_D07AB,chemical_substance
HEA_atc_R05DA04,HEA,atc,R05DA04,"opiumalkaloider og derivater, codein","opiumalkaloider og derivater, codein","opiate alkaloids and derivatives, codeine",raw_atc_enhanced_hierarchical,medium,danish,HEA_atc_R05DA,chemical_substance
HEA_atc_C09CA01,HEA,atc,C09CA01,"angiotensin II receptor blokkere (ARBS), usammensatte, losartan","angiotensin II receptor blokkere (ARBS), usammensatte, losartan","angiotensin II receptor blokkere (ARBS), usammensatte, losartan",raw_atc_enhanced_hierarchical,medium,danish,HEA_atc_C09CA,chemical_substance
HEA_atc_A03FA01,HEA,atc,A03FA01,"propulsives, metoclopramid","propulsives, metoclopramid","propulsives, metoclopramid",raw_atc_enhanced_hierarchical,medium,danish,HEA_atc_A03FA,chemical_substance
HEA_atc_N02AC04,HEA,atc,N02AC04,"diphenylpropylamin-derivater, dextropropoxyphen","diphenylpropylamin-derivater, dextropropoxyphen","diphenylpropylamin-derivater, dextropropoxyphen",raw_atc_enhanced_hierarchical,medium,danish,HEA_atc_N02AC,chemical_substance
HEA_atc_N02AA01,HEA,atc,N02AA01,"naturlige opiumalkaloider, morphin","naturlige opiumalkaloider, morphin","naturlige opiumalkaloider, morphin",raw_atc_enhanced_hierarchical,medium,danish,HEA_atc_N02AA,chemical_substance
HEA_atc_S01BC03,HEA,atc,S01BC03,"antiinflammatoriske midler, non-steroide, diclofenac","antiinflammatoriske midler, non-steroide, diclofenac","antiinflammatoriske midler, non-steroide, diclofenac",raw_atc_enhanced_hierarchical,medium,danish,HEA_atc_S01BC,chemical_substance
HEA_atc_S01AE02,HEA,atc,S01AE02,"fluoroquinoloner, norfloxacin","fluoroquinoloner, norfloxacin","fluoroquinoloner, norfloxacin",raw_atc_enhanced_hierarchical,medium,danish,HEA_atc_S01AE,chemical_substance
HEA_atc_R05FA02,HEA,atc,R05FA02,"opiumderivater og expectorantia, opiumderivater og expectorantia","opiumderivater og expectorantia, opiumderivater og expectorantia","opiate derivatives and expectorants, opiate derivatives and expectorants",raw_atc_enhanced_hierarchical,medium,danish,HEA_atc_R05FA,chemical_substance
HEA_atc_S01KA01,HEA,atc,S01KA01,"viscoelastiske substanser, hyaluronsyre","viscoelastiske substanser, hyaluronsyre","viscoelastiske substanser, hyaluronsyre",raw_atc_enhanced_hierarchical,medium,danish,HEA_atc_S01KA,chemical_substance
HEA_atc_M01AB05,HEA,atc,M01AB05,"eddikesyre-derivater og beslægtede stoffer, diclofenac","eddikesyre-derivater og beslægtede stoffer, diclofenac","acetic acid derivatives and related substances, diclofenac",raw_atc_enhanced_hierarchical,medium,danish,HEA_atc_M01AB,chemical_substance
HEA_atc_R01AD05,HEA,atc,R01AD05,"kortikosteroider, budesonid","kortikosteroider, budesonid","kortikosteroider, budesonid",raw_atc_enhanced_hierarchical,medium,danish,HEA_atc_R01AD,chemical_substance
HEA_atc_D06AX01,HEA,atc,D06AX01,"andre antibiotika til udvortes brug, fusidinsyre","andre antibiotika til udvortes brug, fusidinsyre","other antibiotics for topical use, fusidic acid",raw_atc_enhanced_hierarchical,medium,danish,HEA_atc_D06AX,chemical_substance
HEA_atc_D02AF,HEA,atc,D02AF,"salicylsyrepræparater, salicylsyrepræparater","salicylsyrepræparater, salicylsyrepræparater","salicylate preparations, salicylate preparations",raw_atc_enhanced_hierarchical,medium,danish,HEA_atc_D02A,chemical_subgroup
HEA_atc_A07EC02,HEA,atc,A07EC02,"aminosalicylsyre og analoger, mesalazin","aminosalicylsyre og analoger, mesalazin","aminosalicylic acid and analogs, mesalamine",raw_atc_enhanced_hierarchical,medium,danish,HEA_atc_A07EC,chemical_substance
HEA_atc_R03AC03,HEA,atc,R03AC03,"selektive beta-2-adrenoceptor agonister, terbutalin","selektive beta-2-adrenoceptor agonister, terbutalin","selektive beta-2-adrenoceptor agonister, terbutalin",raw_atc_enhanced_hierarchical,medium,danish,HEA_atc_R03AC,chemical_substance
HEA_atc_S01FA05,HEA,atc,S01FA05,"antikolinergika, homatropin","antikolinergika, homatropin","antikolinergika, homatropin",raw_atc_enhanced_hierarchical,medium,danish,HEA_atc_S01FA,chemical_substance
HEA_atc_N04BA02,HEA,atc,N04BA02,"dopa og dopa-derivater, levodopa og decarboxylase-hæmmer","dopa og dopa-derivater, levodopa og decarboxylase-hæmmer","dopa and dopa derivatives, levodopa and decarboxylase inhibitors",raw_atc_enhanced_hierarchical,medium,danish,HEA_atc_N04BA,chemical_substance
HEA_atc_N03AA02,HEA,atc,N03AA02,"barbiturater og derivater, phenobarbital","barbiturater og derivater, phenobarbital","barbiturates and derivatives, phenobarbital",raw_atc_enhanced_hierarchical,medium,danish,HEA_atc_N03AA,chemical_substance
HEA_atc_J01XE01,HEA,atc,J01XE01,"nitrofuran-derivater, nitrofurantoin","nitrofuran-derivater, nitrofurantoin","nitrofuran-derivater, nitrofurantoin",raw_atc_enhanced_hierarchical,medium,danish,HEA_atc_J01XE,chemical_substance
HEA_atc_R01AA07,HEA,atc,R01AA07,"sympatomimetika, usammensatte, xylometazolin","sympatomimetika, usammensatte, xylometazolin","sympatomimetika, usammensatte, xylometazolin",raw_atc_enhanced_hierarchical,medium,danish,HEA_atc_R01AA,chemical_substance
HEA_atc_D01AE14,HEA,atc,D01AE14,"andre fungicider til udvortes brug, ciclopirox","andre fungicider til udvortes brug, ciclopirox","other fungicides for topical use, ciclopirox",raw_atc_enhanced_hierarchical,medium,danish,HEA_atc_D01AE,chemical_substance
HEA_atc_N05AB04,HEA,atc,N05AB04,"phenothiazin med piperazin-struktur, prochlorperazin","phenothiazin med piperazin-struktur, prochlorperazin","phenothiazines with piperazine structure, prochlorperazine",raw_atc_enhanced_hierarchical,medium,danish,HEA_atc_N05AB,chemical_substance
HEA_atc_A07DA01,HEA,atc,A07DA01,"antipropulsiva, diphenoxylat","antipropulsiva, diphenoxylat","antispasmodics, diphenoxylate",raw_atc_enhanced_hierarchical,medium,danish,HEA_atc_A07DA,chemical_substance
HEA_atc_N05AL01,HEA,atc,N05AL01,"benzamider, sulpirid","benzamider, sulpirid","benzamider, sulpirid",raw_atc_enhanced_hierarchical,medium,danish,HEA_atc_N05AL,chemical_substance
HEA_atc_M02AA07,HEA,atc,M02AA07,"antiinflammatorika, non-steroide, udvortes brug, piroxicam","antiinflammatorika, non-steroide, udvortes brug, piroxicam","nonsteroidal anti-inflammatory drugs for topical use, piroxicam",raw_atc_enhanced_hierarchical,medium,danish,HEA_atc_M02AA,chemical_substance
HEA_atc_A10AD01,HEA,atc,A10AD01,"insuliner og analoger til injektion, middel- og langtidsvirkende i kombinationer med hurtigtvirkende, insulin (human)","insuliner og analoger til injektion, middel- og langtidsvirkende i kombinationer med hurtigtvirkende, insulin (human)","insulins and analogs for injection, intermediate- and long-acting in combination with rapid-acting, human insulin",raw_atc_enhanced_hierarchical,medium,danish,HEA_atc_A10AD,chemical_substance
HEA_atc_H03AA01,HEA,atc,H03AA01,"thyroideahormoner, levothyroxinnatrium","thyroideahormoner, levothyroxinnatrium","thyroid hormones, levothyroxine sodium",raw_atc_enhanced_hierarchical,medium,danish,HEA_atc_H03AA,chemical_substance
HEA_atc_D07BB04,HEA,atc,D07BB04,"kortikosteroider (gruppe II) og antiseptika, hydrocortisonbutyrat og antiseptika","kortikosteroider (gruppe II) og antiseptika, hydrocortisonbutyrat og antiseptika","corticosteroids (group II) and antiseptics, hydrocortisone butyrate and antiseptics",raw_atc_enhanced_hierarchical,medium,danish,HEA_atc_D07BB,chemical_substance
HEA_atc_M01AE03,HEA,atc,M01AE03,"propionsyre-derivater, ketoprofen","propionsyre-derivater, ketoprofen","propionsyre-derivater, ketoprofen",raw_atc_enhanced_hierarchical,medium,danish,HEA_atc_M01AE,chemical_substance
HEA_atc_S01ED03,HEA,atc,S01ED03,"beta-blokerende midler, levobunolol","beta-blokerende midler, levobunolol","beta-blokerende midler, levobunolol",raw_atc_enhanced_hierarchical,medium,danish,HEA_atc_S01ED,chemical_substance
HEA_atc_C01DA14,HEA,atc,C01DA14,"organiske nitrater, isosorbidmononitrat","organiske nitrater, isosorbidmononitrat","organic nitrates, isosorbide mononitrate",raw_atc_enhanced_hierarchical,medium,danish,HEA_atc_C01DA,chemical_substance
HEA_atc_N05AF01,HEA,atc,N05AF01,"thioxanthen-derivater, flupentixol","thioxanthen-derivater, flupentixol","thioxanthen-derivater, flupentixol",raw_atc_enhanced_hierarchical,medium,danish,HEA_atc_N05AF,chemical_substance
HEA_atc_S01ED02,HEA,atc,S01ED02,"beta-blokerende midler, betaxolol","beta-blokerende midler, betaxolol","beta-blokerende midler, betaxolol",raw_atc_enhanced_hierarchical,medium,danish,HEA_atc_S01ED,chemical_substance
HEA_atc_D07AC04,HEA,atc,D07AC04,"kortikosteroider, stærkt virkende (gruppe III), fluocinolon","kortikosteroider, stærkt virkende (gruppe III), fluocinolon","corticosteroids, strongly active (group III), fluorocinolone",raw_atc_enhanced_hierarchical,medium,danish,HEA_atc_D07AC,chemical_substance
HEA_atc_C05AA01,HEA,atc,C05AA01,"kortikosteroider, hydrocortison","kortikosteroider, hydrocortison","kortikosteroider, hydrocortison",raw_atc_enhanced_hierarchical,medium,danish,HEA_atc_C05AA,chemical_substance
HEA_atc_A01AD02,HEA,atc,A01AD02,"andre midler til lokal behandling i mundhulen, benzydamin","andre midler til lokal behandling i mundhulen, benzydamin","other agents for local treatment in the oral cavity, benzadamine",raw_atc_enhanced_hierarchical,medium,danish,HEA_atc_A01AD,chemical_substance
HEA_atc_A02BA04,HEA,atc,A02BA04,"H2-receptor antagonister, nizatidin","H2-receptor antagonister, nizatidin","H2-receptor antagonister, nizatidin",raw_atc_enhanced_hierarchical,medium,danish,HEA_atc_A02BA,chemical_substance
HEA_atc_D07AC13,HEA,atc,D07AC13,"kortikosteroider, stærkt virkende (gruppe III), mometason","kortikosteroider, stærkt virkende (gruppe III), mometason","corticosteroids, strongly active (group III), mometasone",raw_atc_enhanced_hierarchical,medium,danish,HEA_atc_D07AC,chemical_substance
HEA_atc_G04CB01,HEA,atc,G04CB01,"testosteron-5-alfa-reduktase inhibitorer, finasterid","testosteron-5-alfa-reduktase inhibitorer, finasterid","testosteron-5-alfa-reduktase inhibitorer, finasterid",raw_atc_enhanced_hierarchical,medium,danish,HEA_atc_G04CB,chemical_substance
HEA_atc_A10BB03,HEA,atc,A10BB03,"sulfonylcarbamid, tolbutamid","sulfonylcarbamid, tolbutamid","sulfonylcarbamid, tolbutamid",raw_atc_enhanced_hierarchical,medium,danish,HEA_atc_A10BB,chemical_substance
HEA_atc_N05BA08,HEA,atc,N05BA08,"benzodiazepin-derivater, bromazepam","benzodiazepin-derivater, bromazepam","benzodiazepin-derivater, bromazepam",raw_atc_enhanced_hierarchical,medium,danish,HEA_atc_N05BA,chemical_substance
HEA_atc_M01AB01,HEA,atc,M01AB01,"eddikesyre-derivater og beslægtede stoffer, indometacin","eddikesyre-derivater og beslægtede stoffer, indometacin","salicylic acid derivatives and related substances, indomethacin",raw_atc_enhanced_hierarchical,medium,danish,HEA_atc_M01AB,chemical_substance
HEA_atc_G03CA04,HEA,atc,G03CA04,"naturlige og semisyntetiske østrogener, usammensatte, estriol","naturlige og semisyntetiske østrogener, usammensatte, estriol","natural and semi-synthetic estrogens, unesterified, estriol",raw_atc_enhanced_hierarchical,medium,danish,HEA_atc_G03CA,chemical_substance
HEA_atc_N05AC02,HEA,atc,N05AC02,"phenothiazin med piperidin-struktur, thioridazin","phenothiazin med piperidin-struktur, thioridazin","phenothiazines with piperidine structure, thiordazine",raw_atc_enhanced_hierarchical,medium,danish,HEA_atc_N05AC,chemical_substance
HEA_atc_B03AA07,HEA,atc,B03AA07,"jern(II), orale midler, ferrosulfat","jern(II), orale midler, ferrosulfat","jern(II), orale midler, ferrosulfat",raw_atc_enhanced_hierarchical,medium,danish,HEA_atc_B03AA,chemical_substance
HEA_atc_S01EA02,HEA,atc,S01EA02,"sympatomimetika til glaucombehandling, dipivefrin","sympatomimetika til glaucombehandling, dipivefrin","sympathomimetics for glaucoma treatment, dipivefrin",raw_atc_enhanced_hierarchical,medium,danish,HEA_atc_S01EA,chemical_substance
HEA_atc_R03BA02,HEA,atc,R03BA02,"glucocorticoider, budesonid","glucocorticoider, budesonid","glucocorticoider, budesonid",raw_atc_enhanced_hierarchical,medium,danish,HEA_atc_R03BA,chemical_substance
HEA_atc_S01EB01,HEA,atc,S01EB01,"parasympatomimetika, pilocarpin","parasympatomimetika, pilocarpin","parasympatomimetika, pilocarpin",raw_atc_enhanced_hierarchical,medium,danish,HEA_atc_S01EB,chemical_substance
HEA_atc_N05CD04,HEA,atc,N05CD04,"benzodiazepin-derivater, estazolam","benzodiazepin-derivater, estazolam","benzodiazepin-derivater, estazolam",raw_atc_enhanced_hierarchical,medium,danish,HEA_atc_N05CD,chemical_substance
HEA_atc_B03BA03,HEA,atc,B03BA03,"vitamin B12 (cyanocobalamin og derivater), hydroxocobalamin","vitamin B12 (cyanocobalamin og derivater), hydroxocobalamin","vitamin B12 (cyanocobalamin and derivatives), hydroxocobalamin",raw_atc_enhanced_hierarchical,medium,danish,HEA_atc_B03BA,chemical_substance
HEA_atc_N07CA02,HEA,atc,N07CA02,"midler mod svimmelhed, cinnarizin","midler mod svimmelhed, cinnarizin","midler mod svimmelhed, cinnarizin",raw_atc_enhanced_hierarchical,medium,danish,HEA_atc_N07CA,chemical_substance
HEA_atc_C03DA01,HEA,atc,C03DA01,"aldosteron-antagonister, spironolacton","aldosteron-antagonister, spironolacton","aldosteron-antagonister, spironolacton",raw_atc_enhanced_hierarchical,medium,danish,HEA_atc_C03DA,chemical_substance
HEA_atc_J01FA01,HEA,atc,J01FA01,"macrolider, erythromycin","macrolider, erythromycin","macrolider, erythromycin",raw_atc_enhanced_hierarchical,medium,danish,HEA_atc_J01FA,chemical_substance
HEA_atc_H02AB01,HEA,atc,H02AB01,"glucocorticoider, betamethason","glucocorticoider, betamethason","glucocorticoider, betamethason",raw_atc_enhanced_hierarchical,medium,danish,HEA_atc_H02AB,chemical_substance
HEA_atc_A01AB09,HEA,atc,A01AB09,"antiinfektiva til lokal brug i mundhulen, miconazol","antiinfektiva til lokal brug i mundhulen, miconazol","antiseptics for local use in the mouth, miconazole",raw_atc_enhanced_hierarchical,medium,danish,HEA_atc_A01AB,chemical_substance
HEA_atc_C07CB03,HEA,atc,C07CB03,"beta-blokkere, selektive, og andre diuretika, atenolol og andre diuretika","beta-blokkere, selektive, og andre diuretika, atenolol og andre diuretika","selective beta-blockers and other diuretics, atenolol and other diuretics",raw_atc_enhanced_hierarchical,medium,danish,HEA_atc_C07CB,chemical_substance
HEA_atc_C03EA01,HEA,atc,C03EA01,"low-ceiling diuretika og kaliumbesparende midler, hydrochlorthiazid og kaliumbesparende midler","low-ceiling diuretika og kaliumbesparende midler, hydrochlorthiazid og kaliumbesparende midler","low-ceiling diuretics and potassium-sparing agents, hydrochlorothiazide and potassium-sparing agents",raw_atc_enhanced_hierarchical,medium,danish,HEA_atc_C03EA,chemical_substance
HEA_atc_A03FA02,HEA,atc,A03FA02,"propulsives, cisaprid","propulsives, cisaprid","propulsives, cisaprid",raw_atc_enhanced_hierarchical,medium,danish,HEA_atc_A03FA,chemical_substance
HEA_atc_C04AD03,HEA,atc,C04AD03,"purin-derivater, pentoxifyllin","purin-derivater, pentoxifyllin","purin-derivater, pentoxifyllin",raw_atc_enhanced_hierarchical,medium,danish,HEA_atc_C04AD,chemical_substance
HEA_atc_N06AX03,HEA,atc,N06AX03,"andre antidepressiva, mianserin","andre antidepressiva, mianserin","other antidepressants, mianserin",raw_atc_enhanced_hierarchical,medium,danish,HEA_atc_N06AX,chemical_substance
HEA_atc_J01EA01,HEA,atc,J01EA01,"trimethoprim og derivater, trimethoprim","trimethoprim og derivater, trimethoprim","trimethoprim and derivatives, trimethoprim",raw_atc_enhanced_hierarchical,medium,danish,HEA_atc_J01EA,chemical_substance
HEA_atc_A11EA,HEA,atc,A11EA,"vitamin B-complex, uden andre stoffer, vitamin B-complex, uden andre stoffer","vitamin B-complex, uden andre stoffer, vitamin B-complex, uden andre stoffer","vitamin B-complex without other substances, vitamin B-complex without other substances",raw_atc_enhanced_hierarchical,medium,danish,HEA_atc_A11E,chemical_subgroup
HEA_atc_S01GA55,HEA,atc,S01GA55,"sympatomimetika anvendt som dekongestanter, phenylephrin, kombinationer","sympatomimetika anvendt som dekongestanter, phenylephrin, kombinationer","sympathomimetics used as decongestants, phenylephrine, combinations",raw_atc_enhanced_hierarchical,medium,danish,HEA_atc_S01GA,chemical_substance
HEA_atc_A06AB08,HEA,atc,A06AB08,"kontaktlaksantia, natriumpicosulfat","kontaktlaksantia, natriumpicosulfat","kontaktlaksantia, natriumpicosulfat",raw_atc_enhanced_hierarchical,medium,danish,HEA_atc_A06AB,chemical_substance
HEA_atc_A02AA04,HEA,atc,A02AA04,"magnesiumforbindelser, magnesiumhydroxid","magnesiumforbindelser, magnesiumhydroxid","magnesiumforbindelser, magnesiumhydroxid",raw_atc_enhanced_hierarchical,medium,danish,HEA_atc_A02AA,chemical_substance
HEA_atc_A01AB04,HEA,atc,A01AB04,"antiinfektiva til lokal brug i mundhulen, amphotericin","antiinfektiva til lokal brug i mundhulen, amphotericin","antiseptics for local use in the mouth, amphotericin",raw_atc_enhanced_hierarchical,medium,danish,HEA_atc_A01AB,chemical_substance
HEA_atc_C08CA05,HEA,atc,C08CA05,"dihydropyridin-derivater, nifedipin","dihydropyridin-derivater, nifedipin","dihydropyridin-derivater, nifedipin",raw_atc_enhanced_hierarchical,medium,danish,HEA_atc_C08CA,chemical_substance
HEA_atc_S01EC01,HEA,atc,S01EC01,"carbo-anhydrase inhibitorer, acetazolamid","carbo-anhydrase inhibitorer, acetazolamid","carbonic anhydrase inhibitors, acetazolamide",raw_atc_enhanced_hierarchical,medium,danish,HEA_atc_S01EC,chemical_substance
HEA_atc_H02AB04,HEA,atc,H02AB04,"glucocorticoider, methylprednisolon","glucocorticoider, methylprednisolon","glucocorticoider, methylprednisolon",raw_atc_enhanced_hierarchical,medium,danish,HEA_atc_H02AB,chemical_substance
HEA_atc_J01MA01,HEA,atc,J01MA01,"fluorochinoloner, ofloxacin","fluorochinoloner, ofloxacin","fluorochinoloner, ofloxacin",raw_atc_enhanced_hierarchical,medium,danish,HEA_atc_J01MA,chemical_substance
HEA_atc_N06AB05,HEA,atc,N06AB05,"selektive serotonin re-optagelse inhibitorer, paroxetin","selektive serotonin re-optagelse inhibitorer, paroxetin","selective serotonin reuptake inhibitors, paroxetine",raw_atc_enhanced_hierarchical,medium,danish,HEA_atc_N06AB,chemical_substance
HEA_atc_N02BA11,HEA,atc,N02BA11,"salicylsyre-derivater, diflunisal","salicylsyre-derivater, diflunisal","salicylsyre-derivater, diflunisal",raw_atc_enhanced_hierarchical,medium,danish,HEA_atc_N02BA,chemical_substance
HEA_atc_A06AG11,HEA,atc,A06AG11,"klystermidler, natriumlaurilsulfoacetat, inkl. kombinationspræparater","klystermidler, natriumlaurilsulfoacetat, inkl. kombinationspræparater","suppositories, sodium laurylsulfacetate, including combination preparations",raw_atc_enhanced_hierarchical,medium,danish,HEA_atc_A06AG,chemical_substance
HEA_atc_J01XX05,HEA,atc,J01XX05,"andre antibakterika, methenamin","andre antibakterika, methenamin","other antibacterials, methenamine",raw_atc_enhanced_hierarchical,medium,danish,HEA_atc_J01XX,chemical_substance
HEA_atc_A02BX13,HEA,atc,A02BX13,"andre midler mod mavesår og gastro-øsofagal reflux (gord), alginsyre","andre midler mod mavesår og gastro-øsofagal reflux (gord), alginsyre","other agents for peptic ulcers and gastro-esophageal reflux disease (GERD), alginate",raw_atc_enhanced_hierarchical,medium,danish,HEA_atc_A02BX,chemical_substance
HEA_atc_R05CB02,HEA,atc,R05CB02,"mucolytika, bromhexin","mucolytika, bromhexin","mucolytika, bromhexin",raw_atc_enhanced_hierarchical,medium,danish,HEA_atc_R05CB,chemical_substance
HEA_atc_C05CA02,HEA,atc,C05CA02,"bioflavonoider, monoxerutin","bioflavonoider, monoxerutin","bioflavonoider, monoxerutin",raw_atc_enhanced_hierarchical,medium,danish,HEA_atc_C05CA,chemical_substance
HEA_atc_S01AA11,HEA,atc,S01AA11,"antibiotika, gentamicin","antibiotika, gentamicin","antibiotika, gentamicin",raw_atc_enhanced_hierarchical,medium,danish,HEA_atc_S01AA,chemical_substance
HEA_atc_S01BA04,HEA,atc,S01BA04,"kortikosteroider, usammensatte, prednisolon","kortikosteroider, usammensatte, prednisolon","kortikosteroider, usammensatte, prednisolon",raw_atc_enhanced_hierarchical,medium,danish,HEA_atc_S01BA,chemical_substance
HEA_atc_C03CA02,HEA,atc,C03CA02,"sulfonamider, usammensatte, bumetanid","sulfonamider, usammensatte, bumetanid","sulfonamider, usammensatte, bumetanid",raw_atc_enhanced_hierarchical,medium,danish,HEA_atc_C03CA,chemical_substance
HEA_atc_D05AX02,HEA,atc,D05AX02,"andre midler mod psoriasis til udvortes brug, calcipotriol","andre midler mod psoriasis til udvortes brug, calcipotriol","other topical agents for psoriasis, calcipotriol",raw_atc_enhanced_hierarchical,medium,danish,HEA_atc_D05AX,chemical_substance
HEA_atc_L01AA02,HEA,atc,L01AA02,"kvælstofsennepsgas-analoger, chlorambucil","kvælstofsennepsgas-analoger, chlorambucil","alkylating agents, nitrogen mustards, chlorambucil",raw_atc_enhanced_hierarchical,medium,danish,HEA_atc_L01AA,chemical_substance
HEA_atc_A10AC01,HEA,atc,A10AC01,"insuliner og analoger til injektion, middellang virkningstid, insulin (human)","insuliner og analoger til injektion, middellang virkningstid, insulin (human)","insulins and analogues for injection, intermediate-acting, human insulin",raw_atc_enhanced_hierarchical,medium,danish,HEA_atc_A10AC,chemical_substance
HEA_atc_N06AA16,HEA,atc,N06AA16,"non-selektive monoamin re-optagelse inhibitorer, dosulepin","non-selektive monoamin re-optagelse inhibitorer, dosulepin","non-selective monoamine reuptake inhibitors, dosulepin",raw_atc_enhanced_hierarchical,medium,danish,HEA_atc_N06AA,chemical_substance
HEA_atc_C09AA04,HEA,atc,C09AA04,"ACE-hæmmere, usammensatte, perindopril","ACE-hæmmere, usammensatte, perindopril","ACE inhibitors, unspecific, perindopril",raw_atc_enhanced_hierarchical,medium,danish,HEA_atc_C09AA,chemical_substance
HEA_atc_N05CD09,HEA,atc,N05CD09,"benzodiazepin-derivater, brotizolam","benzodiazepin-derivater, brotizolam","benzodiazepin-derivater, brotizolam",raw_atc_enhanced_hierarchical,medium,danish,HEA_atc_N05CD,chemical_substance
HEA_atc_N05AF03,HEA,atc,N05AF03,"thioxanthen-derivater, chlorprothixen","thioxanthen-derivater, chlorprothixen","thioxanthen-derivater, chlorprothixen",raw_atc_enhanced_hierarchical,medium,danish,HEA_atc_N05AF,chemical_substance
HEA_atc_B01AA04,HEA,atc,B01AA04,"vitamin K antagonister, phenprocoumon","vitamin K antagonister, phenprocoumon","vitamin K antagonister, phenprocoumon",raw_atc_enhanced_hierarchical,medium,danish,HEA_atc_B01AA,chemical_substance
HEA_atc_B03AE02,HEA,atc,B03AE02,"jern i andre kombinationer, jern, multivitaminer og folsyre","jern i andre kombinationer, jern, multivitaminer og folsyre","iron in other combinations, iron, multivitamins and folic acid",raw_atc_enhanced_hierarchical,medium,danish,HEA_atc_B03AE,chemical_substance
HEA_atc_N05AD03,HEA,atc,N05AD03,"butyrophenon-derivater, melperon","butyrophenon-derivater, melperon","butyrophenon-derivater, melperon",raw_atc_enhanced_hierarchical,medium,danish,HEA_atc_N05AD,chemical_substance
HEA_atc_A07DA02,HEA,atc,A07DA02,"antipropulsiva, opium","antipropulsiva, opium","anticholinergics, opium",raw_atc_enhanced_hierarchical,medium,danish,HEA_atc_A07DA,chemical_substance
HEA_atc_G04CA01,HEA,atc,G04CA01,"alfa-adrenoreceptor antagonister, alfuzosin","alfa-adrenoreceptor antagonister, alfuzosin","alfa-adrenoreceptor antagonister, alfuzosin",raw_atc_enhanced_hierarchical,medium,danish,HEA_atc_G04CA,chemical_substance
HEA_atc_J01CA08,HEA,atc,J01CA08,"penicilliner med udvidet spektrum, pivmecillinam","penicilliner med udvidet spektrum, pivmecillinam","broad-spectrum penicillins, pivmecillinam",raw_atc_enhanced_hierarchical,medium,danish,HEA_atc_J01CA,chemical_substance
HEA_atc_B02AA02,HEA,atc,B02AA02,"aminosyrer, tranexamsyre","aminosyrer, tranexamsyre","aminosyrer, tranexamsyre",raw_atc_enhanced_hierarchical,medium,danish,HEA_atc_B02AA,chemical_substance
HEA_atc_G03CB01,HEA,atc,G03CB01,"syntetiske østrogener, usammensatte, dienestrol","syntetiske østrogener, usammensatte, dienestrol","synthetic estrogens, unmixed, dienestrol",raw_atc_enhanced_hierarchical,medium,danish,HEA_atc_G03CB,chemical_substance
HEA_atc_A02BA02,HEA,atc,A02BA02,"H2-receptor antagonister, ranitidin","H2-receptor antagonister, ranitidin","H2-receptor antagonister, ranitidin",raw_atc_enhanced_hierarchical,medium,danish,HEA_atc_A02BA,chemical_substance
HEA_atc_R03BA01,HEA,atc,R03BA01,"glucocorticoider, beclomethason","glucocorticoider, beclomethason","glucocorticoider, beclomethason",raw_atc_enhanced_hierarchical,medium,danish,HEA_atc_R03BA,chemical_substance
HEA_atc_J01CF01,HEA,atc,J01CF01,"beta-lactamase resistente penicilliner, dicloxacillin","beta-lactamase resistente penicilliner, dicloxacillin","beta-lactamase resistant penicillins, dicloxacillin",raw_atc_enhanced_hierarchical,medium,danish,HEA_atc_J01CF,chemical_substance
HEA_atc_A07FA01,HEA,atc,A07FA01,"mikroorganismer med virkning mod diarré, mælkesyreproducerende organismer","mikroorganismer med virkning mod diarré, mælkesyreproducerende organismer","microorganisms with effect on diarrhea, milk acid-producing organisms",raw_atc_enhanced_hierarchical,medium,danish,HEA_atc_A07FA,chemical_substance
HEA_atc_G04BD01,HEA,atc,G04BD01,"midler mod hyppig urinering og inkontinens, emepron","midler mod hyppig urinering og inkontinens, emepron","agents for frequent urination and incontinence, emepron",raw_atc_enhanced_hierarchical,medium,danish,HEA_atc_G04BD,chemical_substance
HEA_atc_D07AB09,HEA,atc,D07AB09,"kortikosteroider, middelstærkt virkende (gruppe II), triamcinolon","kortikosteroider, middelstærkt virkende (gruppe II), triamcinolon","corticosteroids, moderately potent (group II), triamcinolone",raw_atc_enhanced_hierarchical,medium,danish,HEA_atc_D07AB,chemical_substance
HEA_atc_P01BA02,HEA,atc,P01BA02,"aminochinoliner, hydroxychloroquin","aminochinoliner, hydroxychloroquin","aminochinoliner, hydroxychloroquin",raw_atc_enhanced_hierarchical,medium,danish,HEA_atc_P01BA,chemical_substance
HEA_atc_C03DB01,HEA,atc,C03DB01,"andre kaliumbesparende midler, amilorid","andre kaliumbesparende midler, amilorid","other potassium-sparing agents, amiloride",raw_atc_enhanced_hierarchical,medium,danish,HEA_atc_C03DB,chemical_substance
HEA_atc_A10BA02,HEA,atc,A10BA02,"biguanider, metformin","biguanider, metformin","biguanider, metformin",raw_atc_enhanced_hierarchical,medium,danish,HEA_atc_A10BA,chemical_substance
HEA_atc_M01AB08,HEA,atc,M01AB08,"eddikesyre-derivater og beslægtede stoffer, etodolac","eddikesyre-derivater og beslægtede stoffer, etodolac","salicylate derivatives and related substances, etodolac",raw_atc_enhanced_hierarchical,medium,danish,HEA_atc_M01AB,chemical_substance
HEA_atc_N05CD06,HEA,atc,N05CD06,"benzodiazepin-derivater, lormetazepam","benzodiazepin-derivater, lormetazepam","benzodiazepin-derivater, lormetazepam",raw_atc_enhanced_hierarchical,medium,danish,HEA_atc_N05CD,chemical_substance
HEA_atc_H02AB08,HEA,atc,H02AB08,"glucocorticoider, triamcinolon","glucocorticoider, triamcinolon","glucocorticoider, triamcinolon",raw_atc_enhanced_hierarchical,medium,danish,HEA_atc_H02AB,chemical_substance
HEA_atc_N04BD01,HEA,atc,N04BD01,"monoamin-oxidase type B hæmmere, selegilin","monoamin-oxidase type B hæmmere, selegilin","monoamine oxidase type B inhibitors, selegiline",raw_atc_enhanced_hierarchical,medium,danish,HEA_atc_N04BD,chemical_substance
HEA_atc_N02AJ07,HEA,atc,N02AJ07,"opioider i kombination med non-opioide analgetika, codein og acetylsalicylsyre","opioider i kombination med non-opioide analgetika, codein og acetylsalicylsyre","opioids in combination with non-opioid analgesics, codeine and acetylsalicylic acid",raw_atc_enhanced_hierarchical,medium,danish,HEA_atc_N02AJ,chemical_substance
HEA_atc_N02AE01,HEA,atc,N02AE01,"oripavine-derivater, buprenorphin","oripavine-derivater, buprenorphin","oripavine-derivater, buprenorphin",raw_atc_enhanced_hierarchical,medium,danish,HEA_atc_N02AE,chemical_substance
HEA_atc_H02AB07,HEA,atc,H02AB07,"glucocorticoider, prednison","glucocorticoider, prednison","glucocorticoider, prednison",raw_atc_enhanced_hierarchical,medium,danish,HEA_atc_H02AB,chemical_substance
HEA_atc_A06AB02,HEA,atc,A06AB02,"kontaktlaksantia, bisacodyl","kontaktlaksantia, bisacodyl","contact laxative, bisacodyl",raw_atc_enhanced_hierarchical,medium,danish,HEA_atc_A06AB,chemical_substance
HEA_atc_A02AB04,HEA,atc,A02AB04,"aluminiumforbindelser, dihydroxyaluminiumnatriumcarbonat","aluminiumforbindelser, dihydroxyaluminiumnatriumcarbonat","aluminiumforbindelser, dihydroxyaluminiumnatriumcarbonat",raw_atc_enhanced_hierarchical,medium,danish,HEA_atc_A02AB,chemical_substance
HEA_atc_N03AB02,HEA,atc,N03AB02,"hydantoin-derivater, phenytoin","hydantoin-derivater, phenytoin","hydantoin-derivater, phenytoin",raw_atc_enhanced_hierarchical,medium,danish,HEA_atc_N03AB,chemical_substance
HEA_atc_C09BA03,HEA,atc,C09BA03,"ACE-hæmmere og diuretika, lisinopril og diuretika","ACE-hæmmere og diuretika, lisinopril og diuretika","ACE inhibitors and diuretics, lisinopril and diuretics",raw_atc_enhanced_hierarchical,medium,danish,HEA_atc_C09BA,chemical_substance
HEA_atc_A02AD01,HEA,atc,A02AD01,"kombinationer og complexer af aluminium-, calcium-, og magnesium-forbindelser, kombinationer af almindelige salte","kombinationer og complexer af aluminium-, calcium-, og magnesium-forbindelser, kombinationer af almindelige salte","combinations and complexes of aluminum-, calcium-, and magnesium-containing compounds, combinations of common salts",raw_atc_enhanced_hierarchical,medium,danish,HEA_atc_A02AD,chemical_substance
HEA_atc_S01AB01,HEA,atc,S01AB01,"sulfonamider, sulfamethizol","sulfonamider, sulfamethizol","sulfonamider, sulfamethizol",raw_atc_enhanced_hierarchical,medium,danish,HEA_atc_S01AB,chemical_substance
HEA_atc_D07CC01,HEA,atc,D07CC01,"kortikosteroider (gruppe III) og antibiotika, betamethason og antibiotika","kortikosteroider (gruppe III) og antibiotika, betamethason og antibiotika","corticosteroids (group III) and antibiotics, betamethasone and antibiotics",raw_atc_enhanced_hierarchical,medium,danish,HEA_atc_D07CC,chemical_substance
HEA_atc_D06BA04,HEA,atc,D06BA04,"sulfonamider, sulfamethizol","sulfonamider, sulfamethizol","sulfonamider, sulfamethizol",raw_atc_enhanced_hierarchical,medium,danish,HEA_atc_D06BA,chemical_substance
HEA_atc_D01AC02,HEA,atc,D01AC02,"imidazol- og triazol-derivater, miconazol","imidazol- og triazol-derivater, miconazol","imidazole and triazole derivatives, miconazole",raw_atc_enhanced_hierarchical,medium,danish,HEA_atc_D01AC,chemical_substance
HEA_atc_S01EC03,HEA,atc,S01EC03,"carbo-anhydrase inhibitorer, dorzolamid","carbo-anhydrase inhibitorer, dorzolamid","carbo-anhydrase inhibitorer, dorzolamid",raw_atc_enhanced_hierarchical,medium,danish,HEA_atc_S01EC,chemical_substance
HEA_atc_M01AE02,HEA,atc,M01AE02,"propionsyre-derivater, naproxen","propionsyre-derivater, naproxen","propionsyre-derivater, naproxen",raw_atc_enhanced_hierarchical,medium,danish,HEA_atc_M01AE,chemical_substance
HEA_atc_S01EB51,HEA,atc,S01EB51,"parasympatomimetika, pilocarpin, kombinationer","parasympatomimetika, pilocarpin, kombinationer","parasympatomimetika, pilocarpin, kombinationer",raw_atc_enhanced_hierarchical,medium,danish,HEA_atc_S01EB,chemical_substance
HEA_atc_S01BA02,HEA,atc,S01BA02,"kortikosteroider, usammensatte, hydrocortison","kortikosteroider, usammensatte, hydrocortison","kortikosteroider, usammensatte, hydrocortison",raw_atc_enhanced_hierarchical,medium,danish,HEA_atc_S01BA,chemical_substance
HEA_atc_A03AD01,HEA,atc,A03AD01,"papaverin og derivater, papaverin","papaverin og derivater, papaverin","papaverine and derivatives, papaverine",raw_atc_enhanced_hierarchical,medium,danish,HEA_atc_A03AD,chemical_substance
HEA_atc_D06BB03,HEA,atc,D06BB03,"antivirale midler, aciclovir","antivirale midler, aciclovir","antivirale midler, aciclovir",raw_atc_enhanced_hierarchical,medium,danish,HEA_atc_D06BB,chemical_substance
HEA_atc_A07EC01,HEA,atc,A07EC01,"aminosalicylsyre og analoger, sulfasalazin","aminosalicylsyre og analoger, sulfasalazin","aminosalicylic acid and analogs, sulfasalazine",raw_atc_enhanced_hierarchical,medium,danish,HEA_atc_A07EC,chemical_substance
HEA_atc_N05AB03,HEA,atc,N05AB03,"phenothiazin med piperazin-struktur, perphenazin","phenothiazin med piperazin-struktur, perphenazin","phenothiazines with piperazine structure, perphenazine",raw_atc_enhanced_hierarchical,medium,danish,HEA_atc_N05AB,chemical_substance
HEA_atc_N04AA02,HEA,atc,N04AA02,"tertiære aminer med kulstofkæde, biperiden","tertiære aminer med kulstofkæde, biperiden","tertiary amines with carbon chain, biperiden",raw_atc_enhanced_hierarchical,medium,danish,HEA_atc_N04AA,chemical_substance
HEA_atc_R06AA02,HEA,atc,R06AA02,"aminoalkyl-ethere, diphenhydramin","aminoalkyl-ethere, diphenhydramin","aminoalkyl-ethere, diphenhydramin",raw_atc_enhanced_hierarchical,medium,danish,HEA_atc_R06AA,chemical_substance
HEA_atc_P01BC01,HEA,atc,P01BC01,"methanolquinoliner, quinin","methanolquinoliner, quinin","methanolquinoline, quinine",raw_atc_enhanced_hierarchical,medium,danish,HEA_atc_P01BC,chemical_substance
HEA_atc_S01GX02,HEA,atc,S01GX02,"andre antiallergika, levocabastin","andre antiallergika, levocabastin","other antiallergics, levocabastine",raw_atc_enhanced_hierarchical,medium,danish,HEA_atc_S01GX,chemical_substance
HEA_atc_B03BB01,HEA,atc,B03BB01,"folsyre og derivater, folsyre","folsyre og derivater, folsyre","folic acid and derivatives, folic acid",raw_atc_enhanced_hierarchical,medium,danish,HEA_atc_B03BB,chemical_substance
HEA_atc_C09AA02,HEA,atc,C09AA02,"ACE-hæmmere, usammensatte, enalapril","ACE-hæmmere, usammensatte, enalapril","ACE inhibitors, unsynthesized, enalapril",raw_atc_enhanced_hierarchical,medium,danish,HEA_atc_C09AA,chemical_substance
HEA_atc_R06AX12,HEA,atc,R06AX12,"andre antihistaminer til systemisk brug, terfenadin","andre antihistaminer til systemisk brug, terfenadin","other antihistamines for systemic use, terfenadine",raw_atc_enhanced_hierarchical,medium,danish,HEA_atc_R06AX,chemical_substance
HEA_atc_D06AX09,HEA,atc,D06AX09,"andre antibiotika til udvortes brug, mupirocin","andre antibiotika til udvortes brug, mupirocin","other antibiotics for topical use, mupirocin",raw_atc_enhanced_hierarchical,medium,danish,HEA_atc_D06AX,chemical_substance
HEA_atc_D07AC10,HEA,atc,D07AC10,"kortikosteroider, stærkt virkende (gruppe III), diflorason","kortikosteroider, stærkt virkende (gruppe III), diflorason","corticosteroids, strongly active (group III), diflorasone",raw_atc_enhanced_hierarchical,medium,danish,HEA_atc_D07AC,chemical_substance
HEA_atc_J01AA02,HEA,atc,J01AA02,"tetracycliner, doxycyclin","tetracycliner, doxycyclin","tetracycliner, doxycyclin",raw_atc_enhanced_hierarchical,medium,danish,HEA_atc_J01AA,chemical_substance
HEA_atc_D01AC20,HEA,atc,D01AC20,"imidazol- og triazol-derivater, imidazoler/triazoler i kombination med kortikosteroider","imidazol- og triazol-derivater, imidazoler/triazoler i kombination med kortikosteroider","imidazole and triazole derivatives, imidazoles/triazoles in combination with corticosteroids",raw_atc_enhanced_hierarchical,medium,danish,HEA_atc_D01AC,chemical_substance
HEA_atc_C09BA02,HEA,atc,C09BA02,"ACE-hæmmere og diuretika, enalapril og diuretika","ACE-hæmmere og diuretika, enalapril og diuretika","ACE inhibitors and diuretics, enalapril and diuretics",raw_atc_enhanced_hierarchical,medium,danish,HEA_atc_C09BA,chemical_substance
HEA_atc_C02CA01,HEA,atc,C02CA01,"alfa-adrenoceptor blokerende midler, prazosin","alfa-adrenoceptor blokerende midler, prazosin","alpha-adrenergic blocking agents, prazosin",raw_atc_enhanced_hierarchical,medium,danish,HEA_atc_C02CA,chemical_substance
HEA_atc_C07AB07,HEA,atc,C07AB07,"beta-blokerende midler, usammensatte, selektive, bisoprolol","beta-blokerende midler, usammensatte, selektive, bisoprolol","beta-blokerende midler, usammensatte, selektive, bisoprolol",raw_atc_enhanced_hierarchical,medium,danish,HEA_atc_C07AB,chemical_substance
HEA_atc_N03AF01,HEA,atc,N03AF01,"carboxamid-derivater, carbamazepin","carboxamid-derivater, carbamazepin","carboxamid-derivater, carbamazepin",raw_atc_enhanced_hierarchical,medium,danish,HEA_atc_N03AF,chemical_substance
HEA_atc_D06BA01,HEA,atc,D06BA01,"sulfonamider, sølvsulfadiazin","sulfonamider, sølvsulfadiazin","sulfonamides, silver sulfadiazine",raw_atc_enhanced_hierarchical,medium,danish,HEA_atc_D06BA,chemical_substance
HEA_atc_R01AD01,HEA,atc,R01AD01,"kortikosteroider, beclomethason","kortikosteroider, beclomethason","kortikosteroider, beclomethason",raw_atc_enhanced_hierarchical,medium,danish,HEA_atc_R01AD,chemical_substance
HEA_atc_D01AE15,HEA,atc,D01AE15,"andre fungicider til udvortes brug, terbinafin","andre fungicider til udvortes brug, terbinafin","other topical antifungals, terbinafine",raw_atc_enhanced_hierarchical,medium,danish,HEA_atc_D01AE,chemical_substance
HEA_atc_J02AC02,HEA,atc,J02AC02,"triazol- og tetrazolderivater, itraconazol","triazol- og tetrazolderivater, itraconazol","triazole and tetrazole derivatives, itraconazole",raw_atc_enhanced_hierarchical,medium,danish,HEA_atc_J02AC,chemical_substance
HEA_atc_D02AB,HEA,atc,D02AB,"zinkoxidpræparater, zinkoxidpræparater","zinkoxidpræparater, zinkoxidpræparater","zinc oxide preparations, zinc oxide preparations",raw_atc_enhanced_hierarchical,medium,danish,HEA_atc_D02A,chemical_subgroup
HEA_atc_C03BB03,HEA,atc,C03BB03,"sulfonamider og kalium i kombination, clopamid og kalium","sulfonamider og kalium i kombination, clopamid og kalium","sulfonamides and potassium in combination, clopamide and potassium",raw_atc_enhanced_hierarchical,medium,danish,HEA_atc_C03BB,chemical_substance
HEA_atc_A12AX,HEA,atc,A12AX,"calcium, kombinationer med D-vitamin og/eller andre stoffer, calcium, kombinationer med D-vitamin og/eller andre stoffer","calcium, kombinationer med D-vitamin og/eller andre stoffer, calcium, kombinationer med D-vitamin og/eller andre stoffer","calcium, combinations with vitamin D and/or other substances, calcium, combinations with vitamin D and/or other substances",raw_atc_enhanced_hierarchical,medium,danish,HEA_atc_A12A,chemical_subgroup
HEA_atc_C09AA06,HEA,atc,C09AA06,"ACE-hæmmere, usammensatte, quinapril","ACE-hæmmere, usammensatte, quinapril","ACE inhibitors, unspecific, quinapril",raw_atc_enhanced_hierarchical,medium,danish,HEA_atc_C09AA,chemical_substance
HEA_atc_J01AA07,HEA,atc,J01AA07,"tetracycliner, tetracyclin","tetracycliner, tetracyclin","tetracycliner, tetracyclin",raw_atc_enhanced_hierarchical,medium,danish,HEA_atc_J01AA,chemical_substance
HEA_atc_J05AB09,HEA,atc,J05AB09,"nucleosider og nucleotider excl. revers transcriptase-hæmmere, famciclovir","nucleosider og nucleotider excl. revers transcriptase-hæmmere, famciclovir","nucleosides and nucleotides excluding reverse transcriptase inhibitors, famciclovir",raw_atc_enhanced_hierarchical,medium,danish,HEA_atc_J05AB,chemical_substance
HEA_atc_A02BX02,HEA,atc,A02BX02,"andre midler mod mavesår og gastro-øsofagal reflux (gord), sucralfat","andre midler mod mavesår og gastro-øsofagal reflux (gord), sucralfat","other agents for peptic ulcers and gastroesophageal reflux disease (GERD), sucralfate",raw_atc_enhanced_hierarchical,medium,danish,HEA_atc_A02BX,chemical_substance
HEA_atc_A06AD11,HEA,atc,A06AD11,"osmotisk virkende laksantia, lactulose","osmotisk virkende laksantia, lactulose","osmotic laxatives, lactulose",raw_atc_enhanced_hierarchical,medium,danish,HEA_atc_A06AD,chemical_substance
HEA_atc_D07BB01,HEA,atc,D07BB01,"kortikosteroider (gruppe II) og antiseptika, flumetason og antiseptika","kortikosteroider (gruppe II) og antiseptika, flumetason og antiseptika","corticosteroids (group II) and antiseptics, flumethasone and antiseptics",raw_atc_enhanced_hierarchical,medium,danish,HEA_atc_D07BB,chemical_substance
HEA_atc_D07XC01,HEA,atc,D07XC01,"kortikosteroider (gruppe III), andre kombinationer, betamethason","kortikosteroider (gruppe III), andre kombinationer, betamethason","corticosteroids (group III), other combinations, betamethasone",raw_atc_enhanced_hierarchical,medium,danish,HEA_atc_D07XC,chemical_substance
HEA_atc_M01AX01,HEA,atc,M01AX01,"andre antiinflam./antirheum. midler, non-steroide, nabumeton","andre antiinflam./antirheum. midler, non-steroide, nabumeton","other anti-inflammatory/anti-rheumatic agents, non-steroidal, nabumetone",raw_atc_enhanced_hierarchical,medium,danish,HEA_atc_M01AX,chemical_substance
HEA_atc_N05AD01,HEA,atc,N05AD01,"butyrophenon-derivater, haloperidol","butyrophenon-derivater, haloperidol","butyrophenon-derivater, haloperidol",raw_atc_enhanced_hierarchical,medium,danish,HEA_atc_N05AD,chemical_substance
HEA_atc_D04AB01,HEA,atc,D04AB01,"lokalanæstetika til dermatologisk brug, lidocain","lokalanæstetika til dermatologisk brug, lidocain","topical local anesthetics for dermatological use, lidocaine",raw_atc_enhanced_hierarchical,medium,danish,HEA_atc_D04AB,chemical_substance
HEA_atc_J02AC01,HEA,atc,J02AC01,"triazol- og tetrazolderivater, fluconazol","triazol- og tetrazolderivater, fluconazol","triazole and tetrazole derivatives, fluconazole",raw_atc_enhanced_hierarchical,medium,danish,HEA_atc_J02AC,chemical_substance
HEA_atc_B03BA01,HEA,atc,B03BA01,"vitamin B12 (cyanocobalamin og derivater), cyanocobalamin","vitamin B12 (cyanocobalamin og derivater), cyanocobalamin","vitamin B12 (cyanocobalamin and derivatives), cyanocobalamin",raw_atc_enhanced_hierarchical,medium,danish,HEA_atc_B03BA,chemical_substance
HEA_atc_N02CX02,HEA,atc,N02CX02,"andre midler mod migræne, clonidin","andre midler mod migræne, clonidin","other migraine remedies, clonidine",raw_atc_enhanced_hierarchical,medium,danish,HEA_atc_N02CX,chemical_substance
HEA_atc_D07AC03,HEA,atc,D07AC03,"kortikosteroider, stærkt virkende (gruppe III), desoximetason","kortikosteroider, stærkt virkende (gruppe III), desoximetason","potent corticosteroids (group III), desoximetasone",raw_atc_enhanced_hierarchical,medium,danish,HEA_atc_D07AC,chemical_substance
HEA_atc_R06AC01,HEA,atc,R06AC01,"substituerede ethylendiaminer, mepyramin","substituerede ethylendiaminer, mepyramin","substituerede ethylendiaminer, mepyramin",raw_atc_enhanced_hierarchical,medium,danish,HEA_atc_R06AC,chemical_substance
HEA_atc_C05BA01,HEA,atc,C05BA01,"hepariner eller heparinoider til lokalt brug, organo-heparinoid","hepariner eller heparinoider til lokalt brug, organo-heparinoid","heparins or heparinoids for topical use, organo-heparinoid",raw_atc_enhanced_hierarchical,medium,danish,HEA_atc_C05BA,chemical_substance
HEA_atc_R06AB02,HEA,atc,R06AB02,"substituerede alkylaminer, dexchlorpheniramin","substituerede alkylaminer, dexchlorpheniramin","substituerede alkylaminer, dexchlorpheniramin",raw_atc_enhanced_hierarchical,medium,danish,HEA_atc_R06AB,chemical_substance
HEA_atc_R05DA09,HEA,atc,R05DA09,"opiumalkaloider og derivater, dextromethorphan","opiumalkaloider og derivater, dextromethorphan","opiate alkaloids and derivatives, dextromethorphan",raw_atc_enhanced_hierarchical,medium,danish,HEA_atc_R05DA,chemical_substance
HEA_atc_N05AB02,HEA,atc,N05AB02,"phenothiazin med piperazin-struktur, fluphenazin","phenothiazin med piperazin-struktur, fluphenazin","phenothiazine with piperazine structure, fluphenazine",raw_atc_enhanced_hierarchical,medium,danish,HEA_atc_N05AB,chemical_substance
HEA_atc_B01AA03,HEA,atc,B01AA03,"vitamin K antagonister, warfarin","vitamin K antagonister, warfarin","vitamin K antagonister, warfarin",raw_atc_enhanced_hierarchical,medium,danish,HEA_atc_B01AA,chemical_substance
HEA_atc_N05AF05,HEA,atc,N05AF05,"thioxanthen-derivater, zuclopenthixol","thioxanthen-derivater, zuclopenthixol","thioxanthen-derivater, zuclopenthixol",raw_atc_enhanced_hierarchical,medium,danish,HEA_atc_N05AF,chemical_substance
HEA_atc_A08AA56,HEA,atc,A08AA56,"centralt virkende anoreksika, ephedrin, kombinationer","centralt virkende anoreksika, ephedrin, kombinationer","centralt virkende anoreksika, ephedrin, kombinationer",raw_atc_enhanced_hierarchical,medium,danish,HEA_atc_A08AA,chemical_substance
HEA_atc_D07BC01,HEA,atc,D07BC01,"kortikosteroider (gruppe III) og antiseptika, betamethason og antiseptika","kortikosteroider (gruppe III) og antiseptika, betamethason og antiseptika","corticosteroids (group III) and antiseptics, betamethasone and antiseptics",raw_atc_enhanced_hierarchical,medium,danish,HEA_atc_D07BC,chemical_substance
HEA_atc_M01AC02,HEA,atc,M01AC02,"oxicamer, tenoxicam","oxicamer, tenoxicam","oxicamer, tenoxicam",raw_atc_enhanced_hierarchical,medium,danish,HEA_atc_M01AC,chemical_substance
HEA_atc_S01AE01,HEA,atc,S01AE01,"fluoroquinoloner, ofloxacin","fluoroquinoloner, ofloxacin","fluoroquinoloner, ofloxacin",raw_atc_enhanced_hierarchical,medium,danish,HEA_atc_S01AE,chemical_substance
HEA_atc_D07BB03,HEA,atc,D07BB03,"kortikosteroider (gruppe II) og antiseptika, triamcinolon og antiseptika","kortikosteroider (gruppe II) og antiseptika, triamcinolon og antiseptika","corticosteroids (group II) and antiseptics, triamcinolone and antiseptics",raw_atc_enhanced_hierarchical,medium,danish,HEA_atc_D07BB,chemical_substance
HEA_atc_A03BB01,HEA,atc,A03BB01,"belladonna-alkaloider, semisyntetiske kvaternære ammoniumforbindelser, butylscopolamin","belladonna-alkaloider, semisyntetiske kvaternære ammoniumforbindelser, butylscopolamin","belladonna alkaloids, semi-synthetic quaternary ammonium compounds, butylscopolamine",raw_atc_enhanced_hierarchical,medium,danish,HEA_atc_A03BB,chemical_substance
HEA_atc_S03BA01,HEA,atc,S03BA01,"kortikosteroider, dexamethason","kortikosteroider, dexamethason","kortikosteroider, dexamethason",raw_atc_enhanced_hierarchical,medium,danish,HEA_atc_S03BA,chemical_substance
HEA_atc_A02BC03,HEA,atc,A02BC03,"protonpumpe-hæmmere, lansoprazol","protonpumpe-hæmmere, lansoprazol","proton pump inhibitors, lansoprazole",raw_atc_enhanced_hierarchical,medium,danish,HEA_atc_A02BC,chemical_substance
HEA_atc_C09AA03,HEA,atc,C09AA03,"ACE-hæmmere, usammensatte, lisinopril","ACE-hæmmere, usammensatte, lisinopril","ACE inhibitors, unspecific, lisinopril",raw_atc_enhanced_hierarchical,medium,danish,HEA_atc_C09AA,chemical_substance
HEA_atc_M01AE11,HEA,atc,M01AE11,"propionsyre-derivater, tiaprofensyre","propionsyre-derivater, tiaprofensyre","propionsyre-derivater, tiaprofensyre",raw_atc_enhanced_hierarchical,medium,danish,HEA_atc_M01AE,chemical_substance
HEA_atc_S02AA30,HEA,atc,S02AA30,"antiinfektiva, antiinfektiva, kombinationer","antiinfektiva, antiinfektiva, kombinationer","antiinfektiva, antiinfektiva, kombinationer",raw_atc_enhanced_hierarchical,medium,danish,HEA_atc_S02AA,chemical_substance
HEA_atc_M01AA01,HEA,atc,M01AA01,"butylpyrazolidiner, phenylbutazon","butylpyrazolidiner, phenylbutazon","butylpyrazolidiner, phenylbutazon",raw_atc_enhanced_hierarchical,medium,danish,HEA_atc_M01AA,chemical_substance
HEA_atc_D01AC10,HEA,atc,D01AC10,"imidazol- og triazol-derivater, bifonazol","imidazol- og triazol-derivater, bifonazol","imidazole and triazole derivatives, bifonazole",raw_atc_enhanced_hierarchical,medium,danish,HEA_atc_D01AC,chemical_substance
HEA_atc_S01EB02,HEA,atc,S01EB02,"parasympatomimetika, carbachol","parasympatomimetika, carbachol","parasympatomimetika, carbachol",raw_atc_enhanced_hierarchical,medium,danish,HEA_atc_S01EB,chemical_substance
HEA_atc_C07AB03,HEA,atc,C07AB03,"beta-blokerende midler, usammensatte, selektive, atenolol","beta-blokerende midler, usammensatte, selektive, atenolol","beta-blokerende midler, usammensatte, selektive, atenolol",raw_atc_enhanced_hierarchical,medium,danish,HEA_atc_C07AB,chemical_substance
HEA_atc_C09AA05,HEA,atc,C09AA05,"ACE-hæmmere, usammensatte, ramipril","ACE-hæmmere, usammensatte, ramipril","ACE inhibitors, unspecific, ramipril",raw_atc_enhanced_hierarchical,medium,danish,HEA_atc_C09AA,chemical_substance
HEA_atc_C08CA08,HEA,atc,C08CA08,"dihydropyridin-derivater, nitrendipin","dihydropyridin-derivater, nitrendipin","dihydropyridin-derivater, nitrendipin",raw_atc_enhanced_hierarchical,medium,danish,HEA_atc_C08CA,chemical_substance
HEA_atc_A07AA02,HEA,atc,A07AA02,"antibiotika, nystatin","antibiotika, nystatin","antibiotika, nystatin",raw_atc_enhanced_hierarchical,medium,danish,HEA_atc_A07AA,chemical_substance
HEA_atc_A12AA06,HEA,atc,A12AA06,"calcium, calciumlactogluconat","calcium, calciumlactogluconat","calcium, calcium lactogluconate",raw_atc_enhanced_hierarchical,medium,danish,HEA_atc_A12AA,chemical_substance
HEA_atc_S01AA30,HEA,atc,S01AA30,"antibiotika, kombinationer af forskellige antibiotika","antibiotika, kombinationer af forskellige antibiotika","antibiotics, combinations of different antibiotics",raw_atc_enhanced_hierarchical,medium,danish,HEA_atc_S01AA,chemical_substance
HEA_atc_C05CA53,HEA,atc,C05CA53,"bioflavonoider, diosmin, kombinationer","bioflavonoider, diosmin, kombinationer","bioflavonoider, diosmin, kombinationer",raw_atc_enhanced_hierarchical,medium,danish,HEA_atc_C05CA,chemical_substance
HEA_atc_S01FB01,HEA,atc,S01FB01,"sympatomimetika excl. antiglaucom-midler, phenylephrin","sympatomimetika excl. antiglaucom-midler, phenylephrin","sympatomimetika excl. antiglaucom-midler, phenylephrin",raw_atc_enhanced_hierarchical,medium,danish,HEA_atc_S01FB,chemical_substance
HEA_atc_D01AC01,HEA,atc,D01AC01,"imidazol- og triazol-derivater, clotrimazol","imidazol- og triazol-derivater, clotrimazol","imidazole and triazole derivatives, clotrimazole",raw_atc_enhanced_hierarchical,medium,danish,HEA_atc_D01AC,chemical_substance
HEA_atc_H03BB01,HEA,atc,H03BB01,"svovlholdige imidazol-derivater, carbimazol","svovlholdige imidazol-derivater, carbimazol","svovlholdige imidazol-derivater, carbimazol",raw_atc_enhanced_hierarchical,medium,danish,HEA_atc_H03BB,chemical_substance
HEA_atc_D07AB10,HEA,atc,D07AB10,"kortikosteroider, middelstærkt virkende (gruppe II), alclometason","kortikosteroider, middelstærkt virkende (gruppe II), alclometason","corticosteroids, moderately potent (group II), alclometasone",raw_atc_enhanced_hierarchical,medium,danish,HEA_atc_D07AB,chemical_substance
HEA_atc_C03AA01,HEA,atc,C03AA01,"thiazider, usammensatte præparater, bendroflumethiazid","thiazider, usammensatte præparater, bendroflumethiazid","thiazides, fixed combinations, bendroflumethiazide",raw_atc_enhanced_hierarchical,medium,danish,HEA_atc_C03AA,chemical_substance
HEA_atc_N06AA05,HEA,atc,N06AA05,"non-selektive monoamin re-optagelse inhibitorer, opipramol","non-selektive monoamin re-optagelse inhibitorer, opipramol","non-selective monoamine reuptake inhibitors, opipramol",raw_atc_enhanced_hierarchical,medium,danish,HEA_atc_N06AA,chemical_substance
HEA_atc_A03AB05,HEA,atc,A03AB05,"syntetiske antikolinergika, kvaternære ammoniumforbindelser, propanthelin","syntetiske antikolinergika, kvaternære ammoniumforbindelser, propanthelin","synthetic anticholinergics, quaternary ammonium compounds, propantheline",raw_atc_enhanced_hierarchical,medium,danish,HEA_atc_A03AB,chemical_substance
HEA_atc_D07CB01,HEA,atc,D07CB01,"kortikosteroider (gruppe II) og antibiotika, triamcinolon og antibiotika","kortikosteroider (gruppe II) og antibiotika, triamcinolon og antibiotika","corticosteroids (group II) and antibiotics, triamcinolone and antibiotics",raw_atc_enhanced_hierarchical,medium,danish,HEA_atc_D07CB,chemical_substance
HEA_atc_D11AC30,HEA,atc,D11AC30,"medicinsk shampoo, medicinsk shampoo, andre","medicinsk shampoo, medicinsk shampoo, andre","medical shampoo, other medical shampoos",raw_atc_enhanced_hierarchical,medium,danish,HEA_atc_D11AC,chemical_substance
HEA_atc_J01MB02,HEA,atc,J01MB02,"andre quinoloner, nalidixinsyre","andre quinoloner, nalidixinsyre","other quinolones, nalidixic acid",raw_atc_enhanced_hierarchical,medium,danish,HEA_atc_J01MB,chemical_substance
HEA_atc_J01MA08,HEA,atc,J01MA08,"fluorochinoloner, fleroxacin","fluorochinoloner, fleroxacin","fluorochinoloner, fleroxacin",raw_atc_enhanced_hierarchical,medium,danish,HEA_atc_J01MA,chemical_substance
HEA_atc_N05BA12,HEA,atc,N05BA12,"benzodiazepin-derivater, alprazolam","benzodiazepin-derivater, alprazolam","benzodiazepin-derivater, alprazolam",raw_atc_enhanced_hierarchical,medium,danish,HEA_atc_N05BA,chemical_substance
HEA_atc_N03AG01,HEA,atc,N03AG01,"fedtsyre-derivater, valproinsyre","fedtsyre-derivater, valproinsyre","fedtsyre-derivater, valproinsyre",raw_atc_enhanced_hierarchical,medium,danish,HEA_atc_N03AG,chemical_substance
HEA_atc_B01AB01,HEA,atc,B01AB01,"heparin-gruppen, heparin","heparin-gruppen, heparin","heparin-gruppen, heparin",raw_atc_enhanced_hierarchical,medium,danish,HEA_atc_B01AB,chemical_substance
HEA_atc_V07AB,HEA,atc,V07AB,"opløsnings-og fortyndingsmidler, incl. skyllevæsker, opløsnings-og fortyndingsmidler, incl. skyllevæsker","opløsnings-og fortyndingsmidler, incl. skyllevæsker, opløsnings-og fortyndingsmidler, incl. skyllevæsker","solvents and clarifying agents, including rinse waters, solvents and clarifying agents, including rinse waters",raw_atc_enhanced_hierarchical,medium,danish,HEA_atc_V07A,chemical_subgroup
HEA_atc_N02AB02,HEA,atc,N02AB02,"phenylpiperidin-derivater, pethidin","phenylpiperidin-derivater, pethidin","phenylpiperidin-derivater, pethidin",raw_atc_enhanced_hierarchical,medium,danish,HEA_atc_N02AB,chemical_substance
HEA_atc_C07AA05,HEA,atc,C07AA05,"beta-blokerende midler, usammensatte, non-selekt., propranolol","beta-blokerende midler, usammensatte, non-selekt., propranolol","beta-blokerende midler, usammensatte, non-selekt., propranolol",raw_atc_enhanced_hierarchical,medium,danish,HEA_atc_C07AA,chemical_substance
HEA_atc_R03BB01,HEA,atc,R03BB01,"antikolinergika, ipratropiumbromid","antikolinergika, ipratropiumbromid","antikolinergika, ipratropiumbromid",raw_atc_enhanced_hierarchical,medium,danish,HEA_atc_R03BB,chemical_substance
HEA_atc_R03AC12,HEA,atc,R03AC12,"selektive beta-2-adrenoceptor agonister, salmeterol","selektive beta-2-adrenoceptor agonister, salmeterol","selektive beta-2-adrenoceptor agonister, salmeterol",raw_atc_enhanced_hierarchical,medium,danish,HEA_atc_R03AC,chemical_substance
HEA_atc_J01FA10,HEA,atc,J01FA10,"macrolider, azithromycin","macrolider, azithromycin","macrolider, azithromycin",raw_atc_enhanced_hierarchical,medium,danish,HEA_atc_J01FA,chemical_substance
HEA_atc_C02AB01,HEA,atc,C02AB01,"methyldopa, methyldopa (L-form)","methyldopa, methyldopa (L-form)","methyldopa, methyldopa (L-form)",raw_atc_enhanced_hierarchical,medium,danish,HEA_atc_C02AB,chemical_substance
HEA_atc_N04AA04,HEA,atc,N04AA04,"tertiære aminer med kulstofkæde, procyclidin","tertiære aminer med kulstofkæde, procyclidin","tertiary amines with carbon chains, procyclidine",raw_atc_enhanced_hierarchical,medium,danish,HEA_atc_N04AA,chemical_substance
HEA_atc_G01AF04,HEA,atc,G01AF04,"imidazol-derivater, miconazol","imidazol-derivater, miconazol","imidazol-derivater, miconazol",raw_atc_enhanced_hierarchical,medium,danish,HEA_atc_G01AF,chemical_substance
HEA_atc_R03BA05,HEA,atc,R03BA05,"glucocorticoider, fluticason","glucocorticoider, fluticason","glucocorticoider, fluticason",raw_atc_enhanced_hierarchical,medium,danish,HEA_atc_R03BA,chemical_substance
HEA_atc_R01AA05,HEA,atc,R01AA05,"sympatomimetika, usammensatte, oxymetazolin","sympatomimetika, usammensatte, oxymetazolin","sympatomimetika, usammensatte, oxymetazolin",raw_atc_enhanced_hierarchical,medium,danish,HEA_atc_R01AA,chemical_substance
HEA_atc_R01AX03,HEA,atc,R01AX03,"andre midler mod sygdomme i næsehulen, ipratropiumbromid","andre midler mod sygdomme i næsehulen, ipratropiumbromid","Other drugs for nasal disorders, ipratropium bromide",raw_atc_enhanced_hierarchical,medium,danish,HEA_atc_R01AX,chemical_substance
HEA_atc_A06AC01,HEA,atc,A06AC01,"volumendannende laksantia, ispaghula (loppefrø)","volumendannende laksantia, ispaghula (loppefrø)","Bulk-forming laxatives, psyllium (seed husk)",raw_atc_enhanced_hierarchical,medium,danish,HEA_atc_A06AC,chemical_substance
HEA_atc_M03BB03,HEA,atc,M03BB03,"oxazol-, thiazin-, triazin-derivater, chlorzoxazon","oxazol-, thiazin-, triazin-derivater, chlorzoxazon","oxazol-, thiazin-, triazin-derivater, chlorzoxazon",raw_atc_enhanced_hierarchical,medium,danish,HEA_atc_M03BB,chemical_substance
HEA_atc_M02AA10,HEA,atc,M02AA10,"antiinflammatorika, non-steroide, udvortes brug, ketoprofen","antiinflammatorika, non-steroide, udvortes brug, ketoprofen","Non-steroidal anti-inflammatory drugs for topical use, ketoprofen",raw_atc_enhanced_hierarchical,medium,danish,HEA_atc_M02AA,chemical_substance
HEA_atc_N06AB06,HEA,atc,N06AB06,"selektive serotonin re-optagelse inhibitorer, sertralin","selektive serotonin re-optagelse inhibitorer, sertralin","Selective serotonin reuptake inhibitors, sertraline",raw_atc_enhanced_hierarchical,medium,danish,HEA_atc_N06AB,chemical_substance
HEA_atc_N06AB03,HEA,atc,N06AB03,"selektive serotonin re-optagelse inhibitorer, fluoxetin","selektive serotonin re-optagelse inhibitorer, fluoxetin","Selective serotonin reuptake inhibitors, fluoxetine",raw_atc_enhanced_hierarchical,medium,danish,HEA_atc_N06AB,chemical_substance
HEA_atc_N05AG02,HEA,atc,N05AG02,"diphenylbutylpiperidin-derivater, pimozid","diphenylbutylpiperidin-derivater, pimozid","diphenylbutylpiperidin-derivater, pimozid",raw_atc_enhanced_hierarchical,medium,danish,HEA_atc_N05AG,chemical_substance
HEA_atc_M01AB03,HEA,atc,M01AB03,"eddikesyre-derivater og beslægtede stoffer, tolmetin","eddikesyre-derivater og beslægtede stoffer, tolmetin","Salicylic acid derivatives and related substances, tolmetin",raw_atc_enhanced_hierarchical,medium,danish,HEA_atc_M01AB,chemical_substance
HEA_atc_N06AA09,HEA,atc,N06AA09,"non-selektive monoamin re-optagelse inhibitorer, amitriptylin","non-selektive monoamin re-optagelse inhibitorer, amitriptylin","Non-selective monoamine reuptake inhibitors, amitriptyline",raw_atc_enhanced_hierarchical,medium,danish,HEA_atc_N06AA,chemical_substance
HEA_atc_C05AA08,HEA,atc,C05AA08,"kortikosteroider, fluocortolon","kortikosteroider, fluocortolon","kortikosteroider, fluocortolon",raw_atc_enhanced_hierarchical,medium,danish,HEA_atc_C05AA,chemical_substance
HEA_atc_C01BC04,HEA,atc,C01BC04,"antiarytmika, klasse I c, flecainid","antiarytmika, klasse I c, flecainid","Antiarrhythmic drugs, class Ic, flecainide",raw_atc_enhanced_hierarchical,medium,danish,HEA_atc_C01BC,chemical_substance
HEA_atc_A10BB09,HEA,atc,A10BB09,"sulfonylcarbamid, gliclazid","sulfonylcarbamid, gliclazid","sulfonylcarbamid, gliclazid",raw_atc_enhanced_hierarchical,medium,danish,HEA_atc_A10BB,chemical_substance
HEA_atc_D05AA,HEA,atc,D05AA,"tjæreholdige præparater, tjæreholdige præparater","tjæreholdige præparater, tjæreholdige præparater","Phenolic preparations, phenolic preparations",raw_atc_enhanced_hierarchical,medium,danish,HEA_atc_D05A,chemical_subgroup
HEA_atc_A11BA,HEA,atc,A11BA,"multivitaminer, usammensatte, multivitaminer, usammensatte","multivitaminer, usammensatte, multivitaminer, usammensatte","multivitaminer, usammensatte, multivitaminer, usammensatte",raw_atc_enhanced_hierarchical,medium,danish,HEA_atc_A11B,chemical_subgroup
HEA_atc_N03AA03,HEA,atc,N03AA03,"barbiturater og derivater, primidon","barbiturater og derivater, primidon","Barbiturates and derivatives, primidone",raw_atc_enhanced_hierarchical,medium,danish,HEA_atc_N03AA,chemical_substance
HEA_atc_A07AC01,HEA,atc,A07AC01,"imidazol-derivater, miconazol","imidazol-derivater, miconazol","imidazol-derivater, miconazol",raw_atc_enhanced_hierarchical,medium,danish,HEA_atc_A07AC,chemical_substance
HEA_atc_A02AF,HEA,atc,A02AF,"antacida og midler mod flatulens, antacida og midler mod flatulens","antacida og midler mod flatulens, antacida og midler mod flatulens","antacids and agents against flatulence, antacids and agents against flatulence",raw_atc_enhanced_hierarchical,medium,danish,HEA_atc_A02A,chemical_subgroup
HEA_atc_N07BC02,HEA,atc,N07BC02,"midler mod opioidafhængighed, methadon","midler mod opioidafhængighed, methadon","agents for opiate dependence, methadone",raw_atc_enhanced_hierarchical,medium,danish,HEA_atc_N07BC,chemical_substance
HEA_atc_R03BC01,HEA,atc,R03BC01,"antiallergiske midler, excl kortikosteroider, cromoglicinsyre","antiallergiske midler, excl kortikosteroider, cromoglicinsyre","antiallergics, excl corticosteroids, cromoglycate",raw_atc_enhanced_hierarchical,medium,danish,HEA_atc_R03BC,chemical_substance
HEA_atc_G03AD,HEA,atc,G03AD,"nødprævention, nødprævention","nødprævention, nødprævention","emergency prevention, emergency prevention",raw_atc_enhanced_hierarchical,medium,danish,HEA_atc_G03A,chemical_subgroup
HEA_atc_S01AA02,HEA,atc,S01AA02,"antibiotika, chlortetracyclin","antibiotika, chlortetracyclin","antibiotika, chlortetracyclin",raw_atc_enhanced_hierarchical,medium,danish,HEA_atc_S01AA,chemical_substance
HEA_atc_G03AA10,HEA,atc,G03AA10,"gestagener og østrogener, faste kombinationer, gestoden og ethinylestradiol","gestagener og østrogener, faste kombinationer, gestoden og ethinylestradiol","progestogens and oestrogens, fixed combinations, gestodene and ethinylestradiol",raw_atc_enhanced_hierarchical,medium,danish,HEA_atc_G03AA,chemical_substance
HEA_atc_G03AA09,HEA,atc,G03AA09,"gestagener og østrogener, faste kombinationer, desogestrel og ethinylestradiol","gestagener og østrogener, faste kombinationer, desogestrel og ethinylestradiol","progestogens and oestrogens, fixed combinations, desogestrel and ethinylestradiol",raw_atc_enhanced_hierarchical,medium,danish,HEA_atc_G03AA,chemical_substance
HEA_atc_P01AB01,HEA,atc,P01AB01,"nitroimidazol-derivater, metronidazol","nitroimidazol-derivater, metronidazol","nitroimidazol-derivater, metronidazol",raw_atc_enhanced_hierarchical,medium,danish,HEA_atc_P01AB,chemical_substance
HEA_atc_G03AB06,HEA,atc,G03AB06,"gestagener og østrogener, sekvenspræparater, gestoden og ethinylestradiol","gestagener og østrogener, sekvenspræparater, gestoden og ethinylestradiol","progestogens and oestrogens, sequential preparations, gestodene and ethinylestradiol",raw_atc_enhanced_hierarchical,medium,danish,HEA_atc_G03AB,chemical_substance
HEA_atc_G01AA10,HEA,atc,G01AA10,"antibiotika, clindamycin","antibiotika, clindamycin","antibiotika, clindamycin",raw_atc_enhanced_hierarchical,medium,danish,HEA_atc_G01AA,chemical_substance
HEA_atc_R06AX13,HEA,atc,R06AX13,"andre antihistaminer til systemisk brug, loratadin","andre antihistaminer til systemisk brug, loratadin","other systemic antihistamines, loratadine",raw_atc_enhanced_hierarchical,medium,danish,HEA_atc_R06AX,chemical_substance
HEA_atc_G03AA11,HEA,atc,G03AA11,"gestagener og østrogener, faste kombinationer, norgestimat og ethinylestradiol","gestagener og østrogener, faste kombinationer, norgestimat og ethinylestradiol","progestogens and oestrogens, fixed combinations, norgestimate and ethinylestradiol",raw_atc_enhanced_hierarchical,medium,danish,HEA_atc_G03AA,chemical_substance
HEA_atc_G03AA05,HEA,atc,G03AA05,"gestagener og østrogener, faste kombinationer, norethisteron og ethinylestradiol","gestagener og østrogener, faste kombinationer, norethisteron og ethinylestradiol","progestogens and oestrogens, fixed combinations, norethisterone and ethinylestradiol",raw_atc_enhanced_hierarchical,medium,danish,HEA_atc_G03AA,chemical_substance
HEA_atc_G03DA02,HEA,atc,G03DA02,"pregnen(4)-derivater, medroxyprogesteron","pregnen(4)-derivater, medroxyprogesteron","pregnen(4)-derivater, medroxyprogesteron",raw_atc_enhanced_hierarchical,medium,danish,HEA_atc_G03DA,chemical_substance
HEA_atc_A07DA03,HEA,atc,A07DA03,"antipropulsiva, loperamid","antipropulsiva, loperamid","antidiarrheal, loperamide",raw_atc_enhanced_hierarchical,medium,danish,HEA_atc_A07DA,chemical_substance
HEA_atc_R03CC12,HEA,atc,R03CC12,"selektive beta-2-adrenoceptor agonister, bambuterol","selektive beta-2-adrenoceptor agonister, bambuterol","selektive beta-2-adrenoceptor agonister, bambuterol",raw_atc_enhanced_hierarchical,medium,danish,HEA_atc_R03CC,chemical_substance
HEA_atc_R06AD03,HEA,atc,R06AD03,"phenothiazin-derivater, thiethylperazin","phenothiazin-derivater, thiethylperazin","phenothiazin-derivater, thiethylperazin",raw_atc_enhanced_hierarchical,medium,danish,HEA_atc_R06AD,chemical_substance
HEA_atc_C07AA03,HEA,atc,C07AA03,"beta-blokerende midler, usammensatte, non-selekt., pindolol","beta-blokerende midler, usammensatte, non-selekt., pindolol","beta-blokerende midler, usammensatte, non-selekt., pindolol",raw_atc_enhanced_hierarchical,medium,danish,HEA_atc_C07AA,chemical_substance
HEA_atc_A06AG10,HEA,atc,A06AG10,"klystermidler, natriumdocusat, incl. kombinationspræparater","klystermidler, natriumdocusat, incl. kombinationspræparater","enema preparations, sodium docusate, including combination preparations",raw_atc_enhanced_hierarchical,medium,danish,HEA_atc_A06AG,chemical_substance
HEA_atc_S01AX03,HEA,atc,S01AX03,"andre antiinfektiva, zinkforbindelser","andre antiinfektiva, zinkforbindelser","other antiseptics and disinfectants, zinc compounds",raw_atc_enhanced_hierarchical,medium,danish,HEA_atc_S01AX,chemical_substance
HEA_atc_C03EB01,HEA,atc,C03EB01,"high-ceiling diuretika og kaliumbesparende midler, furosemid og kaliumbesparende midler","high-ceiling diuretika og kaliumbesparende midler, furosemid og kaliumbesparende midler","high-ceiling diuretics and potassium-sparing agents, furosemide and potassium-sparing agents",raw_atc_enhanced_hierarchical,medium,danish,HEA_atc_C03EB,chemical_substance
HEA_atc_D07AC05,HEA,atc,D07AC05,"kortikosteroider, stærkt virkende (gruppe III), fluocortolon","kortikosteroider, stærkt virkende (gruppe III), fluocortolon","corticosteroids, very potent (group III), flucortolone",raw_atc_enhanced_hierarchical,medium,danish,HEA_atc_D07AC,chemical_substance
HEA_atc_C07AG02,HEA,atc,C07AG02,"alfa- og beta-blokerende midler, carvedilol","alfa- og beta-blokerende midler, carvedilol","alpha and beta blockers, carvedilol",raw_atc_enhanced_hierarchical,medium,danish,HEA_atc_C07AG,chemical_substance
HEA_atc_A11CA01,HEA,atc,A11CA01,"vitamin A, usammensatte præparater, retinol (vitamin A)","vitamin A, usammensatte præparater, retinol (vitamin A)","vitamin A, unsupplied preparations, retinol (vitamin A)",raw_atc_enhanced_hierarchical,medium,danish,HEA_atc_A11CA,chemical_substance
HEA_atc_A03AA04,HEA,atc,A03AA04,"synt. anticholin.estere med tertiære aminogrupper, mebeverin","synt. anticholin.estere med tertiære aminogrupper, mebeverin","synthetic anticholinesterase agents with tertiary amine groups, mebeverine",raw_atc_enhanced_hierarchical,medium,danish,HEA_atc_A03AA,chemical_substance
HEA_atc_R06AD02,HEA,atc,R06AD02,"phenothiazin-derivater, promethazin","phenothiazin-derivater, promethazin","phenothiazin-derivater, promethazin",raw_atc_enhanced_hierarchical,medium,danish,HEA_atc_R06AD,chemical_substance
HEA_atc_N04BB01,HEA,atc,N04BB01,"adamantan-derivater, amantadin","adamantan-derivater, amantadin","adamantan-derivater, amantadin",raw_atc_enhanced_hierarchical,medium,danish,HEA_atc_N04BB,chemical_substance
HEA_atc_C07AA02,HEA,atc,C07AA02,"beta-blokerende midler, usammensatte, non-selekt., oxprenolol","beta-blokerende midler, usammensatte, non-selekt., oxprenolol","beta-blokerende midler, usammensatte, non-selekt., oxprenolol",raw_atc_enhanced_hierarchical,medium,danish,HEA_atc_C07AA,chemical_substance
HEA_atc_D07AB01,HEA,atc,D07AB01,"kortikosteroider, middelstærkt virkende (gruppe II), clobetason","kortikosteroider, middelstærkt virkende (gruppe II), clobetason","corticosteroids, moderately potent (group II), clobetasone",raw_atc_enhanced_hierarchical,medium,danish,HEA_atc_D07AB,chemical_substance
HEA_atc_R01AC02,HEA,atc,R01AC02,"antiallergiske midler, excl. kortikosteroider, levocabastin","antiallergiske midler, excl. kortikosteroider, levocabastin","antiallergics, excluding corticosteroids, levocabastine",raw_atc_enhanced_hierarchical,medium,danish,HEA_atc_R01AC,chemical_substance
HEA_atc_C03BA05,HEA,atc,C03BA05,"sulfonamider, usammensatte, mefrusid","sulfonamider, usammensatte, mefrusid","sulfonamider, usammensatte, mefrusid",raw_atc_enhanced_hierarchical,medium,danish,HEA_atc_C03BA,chemical_substance
HEA_atc_N05BA09,HEA,atc,N05BA09,"benzodiazepin-derivater, clobazam","benzodiazepin-derivater, clobazam","benzodiazepin-derivater, clobazam",raw_atc_enhanced_hierarchical,medium,danish,HEA_atc_N05BA,chemical_substance
HEA_atc_C01DX16,HEA,atc,C01DX16,"andre vasodilatorer anvendt ved hjertesygdom, nicorandil","andre vasodilatorer anvendt ved hjertesygdom, nicorandil","other vasodilators used in heart disease, nicorandil",raw_atc_enhanced_hierarchical,medium,danish,HEA_atc_C01DX,chemical_substance
HEA_atc_D06AA03,HEA,atc,D06AA03,"tetracyclin og derivater, oxytetracyclin","tetracyclin og derivater, oxytetracyclin","tetracyclines and derivatives, oxytetracycline",raw_atc_enhanced_hierarchical,medium,danish,HEA_atc_D06AA,chemical_substance
HEA_atc_D09AA02,HEA,atc,D09AA02,"salvekompresser med antiinfektiva, fusidinsyre","salvekompresser med antiinfektiva, fusidinsyre","antiseptic dressings, fusidic acid",raw_atc_enhanced_hierarchical,medium,danish,HEA_atc_D09AA,chemical_substance
HEA_atc_C03BA03,HEA,atc,C03BA03,"sulfonamider, usammensatte, clopamid","sulfonamider, usammensatte, clopamid","sulfonamider, usammensatte, clopamid",raw_atc_enhanced_hierarchical,medium,danish,HEA_atc_C03BA,chemical_substance
HEA_atc_R03DA03,HEA,atc,R03DA03,"xanthiner, proxyphyllin","xanthiner, proxyphyllin","xanthiner, proxyphyllin",raw_atc_enhanced_hierarchical,medium,danish,HEA_atc_R03DA,chemical_substance
HEA_atc_D10AX03,HEA,atc,D10AX03,"andre midler mod acne til udvortes brug, azelainsyre","andre midler mod acne til udvortes brug, azelainsyre","other topical agents for acne treatment, azelaic acid",raw_atc_enhanced_hierarchical,medium,danish,HEA_atc_D10AX,chemical_substance
HEA_atc_G03AA07,HEA,atc,G03AA07,"gestagener og østrogener, faste kombinationer, levonorgestrel og ethinylestradiol","gestagener og østrogener, faste kombinationer, levonorgestrel og ethinylestradiol","progestogens and estrogens, fixed combinations, levonorgestrel and ethinyl estradiol",raw_atc_enhanced_hierarchical,medium,danish,HEA_atc_G03AA,chemical_substance
HEA_atc_D10AE01,HEA,atc,D10AE01,"peroxider, benzoylperoxid","peroxider, benzoylperoxid","peroxider, benzoylperoxid",raw_atc_enhanced_hierarchical,medium,danish,HEA_atc_D10AE,chemical_substance
HEA_atc_D10AF01,HEA,atc,D10AF01,"antiinfektiva til acne-behandling, clindamycin","antiinfektiva til acne-behandling, clindamycin","antibiotics for acne treatment, clindamycin",raw_atc_enhanced_hierarchical,medium,danish,HEA_atc_D10AF,chemical_substance
HEA_atc_D10BA01,HEA,atc,D10BA01,"retinoider til behandling af acne, isotretinoin","retinoider til behandling af acne, isotretinoin","retinoids for acne treatment, isotretinoin",raw_atc_enhanced_hierarchical,medium,danish,HEA_atc_D10BA,chemical_substance
HEA_atc_J01FA09,HEA,atc,J01FA09,"macrolider, clarithromycin","macrolider, clarithromycin","macrolider, clarithromycin",raw_atc_enhanced_hierarchical,medium,danish,HEA_atc_J01FA,chemical_substance
HEA_atc_B03AA01,HEA,atc,B03AA01,"jern(II), orale midler, ferroglycinsulfat","jern(II), orale midler, ferroglycinsulfat","jern(II), orale midler, ferroglycinsulfat",raw_atc_enhanced_hierarchical,medium,danish,HEA_atc_B03AA,chemical_substance
HEA_atc_N06AA12,HEA,atc,N06AA12,"non-selektive monoamin re-optagelse inhibitorer, doxepin","non-selektive monoamin re-optagelse inhibitorer, doxepin","non-selective monoamine reuptake inhibitors, doxepin",raw_atc_enhanced_hierarchical,medium,danish,HEA_atc_N06AA,chemical_substance
HEA_atc_A07EA01,HEA,atc,A07EA01,"kortikosteroider med lokal virkning, prednisolon","kortikosteroider med lokal virkning, prednisolon","corticosteroids with local action, prednisolone",raw_atc_enhanced_hierarchical,medium,danish,HEA_atc_A07EA,chemical_substance
HEA_atc_D06BX01,HEA,atc,D06BX01,"andre kemoterapeutika, metronidazol","andre kemoterapeutika, metronidazol","other chemotherapeutic agents, metronidazole",raw_atc_enhanced_hierarchical,medium,danish,HEA_atc_D06BX,chemical_substance
HEA_atc_R06AX18,HEA,atc,R06AX18,"andre antihistaminer til systemisk brug, acrivastin","andre antihistaminer til systemisk brug, acrivastin","other systemic antihistamines, acrivastine",raw_atc_enhanced_hierarchical,medium,danish,HEA_atc_R06AX,chemical_substance
HEA_atc_A01AC01,HEA,atc,A01AC01,"kortikosteroider til lokal brug i mundhulen, triamcinolon","kortikosteroider til lokal brug i mundhulen, triamcinolon","corticosteroids for local use in the oral cavity, triamcinolone",raw_atc_enhanced_hierarchical,medium,danish,HEA_atc_A01AC,chemical_substance
HEA_atc_C07AG01,HEA,atc,C07AG01,"alfa- og beta-blokerende midler, labetalol","alfa- og beta-blokerende midler, labetalol","alpha and beta blockers, labetalol",raw_atc_enhanced_hierarchical,medium,danish,HEA_atc_C07AG,chemical_substance
HEA_atc_B03AA08,HEA,atc,B03AA08,"jern(II), orale midler, ferrotartrat","jern(II), orale midler, ferrotartrat","jern(II), orale midler, ferrotartrat",raw_atc_enhanced_hierarchical,medium,danish,HEA_atc_B03AA,chemical_substance
HEA_atc_G03FB05,HEA,atc,G03FB05,"gestagener og østrogener, sekvenspræparater, norethisteron og østrogen","gestagener og østrogener, sekvenspræparater, norethisteron og østrogen","progestogens and estrogens, sequential preparations, norethisterone and estrogen",raw_atc_enhanced_hierarchical,medium,danish,HEA_atc_G03FB,chemical_substance
HEA_atc_R01AD08,HEA,atc,R01AD08,"kortikosteroider, fluticason","kortikosteroider, fluticason","kortikosteroider, fluticason",raw_atc_enhanced_hierarchical,medium,danish,HEA_atc_R01AD,chemical_substance
HEA_atc_H03BA02,HEA,atc,H03BA02,"thiouraciler, propylthiouracil","thiouraciler, propylthiouracil","thiouraciler, propylthiouracil",raw_atc_enhanced_hierarchical,medium,danish,HEA_atc_H03BA,chemical_substance
HEA_atc_N02CA01,HEA,atc,N02CA01,"ergot-alkaloider, dihydroergotamin","ergot-alkaloider, dihydroergotamin","ergot-alkaloider, dihydroergotamin",raw_atc_enhanced_hierarchical,medium,danish,HEA_atc_N02CA,chemical_substance
HEA_atc_V03AB18,HEA,atc,V03AB18,"antidoter, kaliumpermanganat","antidoter, kaliumpermanganat","antidoter, kaliumpermanganat",raw_atc_enhanced_hierarchical,medium,danish,HEA_atc_V03AB,chemical_substance
HEA_atc_C10AC01,HEA,atc,C10AC01,"galdesyrebindende midler, colestyramin","galdesyrebindende midler, colestyramin","galdesyrebindende midler, colestyramin",raw_atc_enhanced_hierarchical,medium,danish,HEA_atc_C10AC,chemical_substance
HEA_atc_N06AA10,HEA,atc,N06AA10,"non-selektive monoamin re-optagelse inhibitorer, nortriptylin","non-selektive monoamin re-optagelse inhibitorer, nortriptylin","non-selective monoamine reuptake inhibitors, nortriptyline",raw_atc_enhanced_hierarchical,medium,danish,HEA_atc_N06AA,chemical_substance
HEA_atc_S01AD03,HEA,atc,S01AD03,"antivirale midler, aciclovir","antivirale midler, aciclovir","antivirale midler, aciclovir",raw_atc_enhanced_hierarchical,medium,danish,HEA_atc_S01AD,chemical_substance
HEA_atc_D01AC03,HEA,atc,D01AC03,"imidazol- og triazol-derivater, econazol","imidazol- og triazol-derivater, econazol","imidazole and triazole derivatives, econazole",raw_atc_enhanced_hierarchical,medium,danish,HEA_atc_D01AC,chemical_substance
HEA_atc_A10BB04,HEA,atc,A10BB04,"sulfonylcarbamid, glibornurid","sulfonylcarbamid, glibornurid","sulfonylcarbamid, glibornurid",raw_atc_enhanced_hierarchical,medium,danish,HEA_atc_A10BB,chemical_substance
HEA_atc_C07AA07,HEA,atc,C07AA07,"beta-blokerende midler, usammensatte, non-selekt., sotalol","beta-blokerende midler, usammensatte, non-selekt., sotalol","beta-blokerende midler, usammensatte, non-selekt., sotalol",raw_atc_enhanced_hierarchical,medium,danish,HEA_atc_C07AA,chemical_substance
HEA_atc_G03FA01,HEA,atc,G03FA01,"gestagener og østrogener, kombinationer, norethisteron og østrogen","gestagener og østrogener, kombinationer, norethisteron og østrogen","progestogens and estrogens, combinations, norethisterone and estrogen",raw_atc_enhanced_hierarchical,medium,danish,HEA_atc_G03FA,chemical_substance
HEA_atc_R06AX11,HEA,atc,R06AX11,"andre antihistaminer til systemisk brug, astemizol","andre antihistaminer til systemisk brug, astemizol","other systemic antihistamines, astemizole",raw_atc_enhanced_hierarchical,medium,danish,HEA_atc_R06AX,chemical_substance
HEA_atc_G01AF05,HEA,atc,G01AF05,"imidazol-derivater, econazol","imidazol-derivater, econazol","imidazol-derivater, econazol",raw_atc_enhanced_hierarchical,medium,danish,HEA_atc_G01AF,chemical_substance
HEA_atc_J01AA06,HEA,atc,J01AA06,"tetracycliner, oxytetracyclin","tetracycliner, oxytetracyclin","tetracycliner, oxytetracyclin",raw_atc_enhanced_hierarchical,medium,danish,HEA_atc_J01AA,chemical_substance
HEA_atc_J01CF05,HEA,atc,J01CF05,"beta-lactamase resistente penicilliner, flucloxacillin","beta-lactamase resistente penicilliner, flucloxacillin","beta-lactamase resistant penicillins, flucloxacillin",raw_atc_enhanced_hierarchical,medium,danish,HEA_atc_J01CF,chemical_substance
HEA_atc_N02BA51,HEA,atc,N02BA51,"salicylsyre-derivater, acetylsalicylsyre, kombinationer excl. psykoleptika","salicylsyre-derivater, acetylsalicylsyre, kombinationer excl. psykoleptika","salicylsyre-derivater, acetylsalicylsyre, kombinationer excl. psykoleptika",raw_atc_enhanced_hierarchical,medium,danish,HEA_atc_N02BA,chemical_substance
HEA_atc_N07XX06,HEA,atc,N07XX06,"andre midler med virkning på nervesystemet, tetrabenazin","andre midler med virkning på nervesystemet, tetrabenazin","other substances affecting the nervous system, tetrabenazine",raw_atc_enhanced_hierarchical,medium,danish,HEA_atc_N07XX,chemical_substance
HEA_atc_N06AA04,HEA,atc,N06AA04,"non-selektive monoamin re-optagelse inhibitorer, clomipramin","non-selektive monoamin re-optagelse inhibitorer, clomipramin","non-selective monoamine reuptake inhibitors, clomipramine",raw_atc_enhanced_hierarchical,medium,danish,HEA_atc_N06AA,chemical_substance
HEA_atc_J05AB11,HEA,atc,J05AB11,"nucleosider og nucleotider excl. revers transcriptase-hæmmere, valaciclovir","nucleosider og nucleotider excl. revers transcriptase-hæmmere, valaciclovir","nucleosides and nucleotides excluding reverse transcriptase inhibitors, valacyclovir",raw_atc_enhanced_hierarchical,medium,danish,HEA_atc_J05AB,chemical_substance
HEA_atc_A11CC03,HEA,atc,A11CC03,"vitamin D og analoger, alfacalcidol","vitamin D og analoger, alfacalcidol","vitamin D and analogs, alfacalcidol",raw_atc_enhanced_hierarchical,medium,danish,HEA_atc_A11CC,chemical_substance
HEA_atc_R06AX02,HEA,atc,R06AX02,"andre antihistaminer til systemisk brug, cyproheptadin","andre antihistaminer til systemisk brug, cyproheptadin","other antihistamines for systemic use, cyproheptadine",raw_atc_enhanced_hierarchical,medium,danish,HEA_atc_R06AX,chemical_substance
HEA_atc_R03AC13,HEA,atc,R03AC13,"selektive beta-2-adrenoceptor agonister, formoterol","selektive beta-2-adrenoceptor agonister, formoterol","selektive beta-2-adrenoceptor agonister, formoterol",raw_atc_enhanced_hierarchical,medium,danish,HEA_atc_R03AC,chemical_substance
HEA_atc_G03AC01,HEA,atc,G03AC01,"gestagener, norethisteron","gestagener, norethisteron","gestagener, norethisteron",raw_atc_enhanced_hierarchical,medium,danish,HEA_atc_G03AC,chemical_substance
HEA_atc_R05DA01,HEA,atc,R05DA01,"opiumalkaloider og derivater, ethylmorphin","opiumalkaloider og derivater, ethylmorphin","opiate alkaloids and derivatives, ethylmorphine",raw_atc_enhanced_hierarchical,medium,danish,HEA_atc_R05DA,chemical_substance
HEA_atc_D07AC17,HEA,atc,D07AC17,"kortikosteroider, stærkt virkende (gruppe III), fluticason","kortikosteroider, stærkt virkende (gruppe III), fluticason","corticosteroids, potent (group III), fluticasone",raw_atc_enhanced_hierarchical,medium,danish,HEA_atc_D07AC,chemical_substance
HEA_atc_G03HB01,HEA,atc,G03HB01,"antiandrogener og østrogener, cyproteron og østrogen","antiandrogener og østrogener, cyproteron og østrogen","anti-androgens and estrogens, cyproterone acetate and estrogen",raw_atc_enhanced_hierarchical,medium,danish,HEA_atc_G03HB,chemical_substance
HEA_atc_N03AF02,HEA,atc,N03AF02,"carboxamid-derivater, oxcarbazepin","carboxamid-derivater, oxcarbazepin","carboxamid-derivater, oxcarbazepin",raw_atc_enhanced_hierarchical,medium,danish,HEA_atc_N03AF,chemical_substance
HEA_atc_N02AA04,HEA,atc,N02AA04,"naturlige opiumalkaloider, nicomorphin","naturlige opiumalkaloider, nicomorphin","naturlige opiumalkaloider, nicomorphin",raw_atc_enhanced_hierarchical,medium,danish,HEA_atc_N02AA,chemical_substance
HEA_atc_N05CM02,HEA,atc,N05CM02,"andre hypnotika og sedativa, clomethiazol","andre hypnotika og sedativa, clomethiazol","other hypnotics and sedatives, clomethiazole",raw_atc_enhanced_hierarchical,medium,danish,HEA_atc_N05CM,chemical_substance
HEA_atc_N07CA01,HEA,atc,N07CA01,"midler mod svimmelhed, betahistin","midler mod svimmelhed, betahistin","midler mod svimmelhed, betahistin",raw_atc_enhanced_hierarchical,medium,danish,HEA_atc_N07CA,chemical_substance
HEA_atc_M01AB02,HEA,atc,M01AB02,"eddikesyre-derivater og beslægtede stoffer, sulindac","eddikesyre-derivater og beslægtede stoffer, sulindac","acetic acid derivatives and related substances, sulindac",raw_atc_enhanced_hierarchical,medium,danish,HEA_atc_M01AB,chemical_substance
HEA_atc_J01CE01,HEA,atc,J01CE01,"beta-lactamase sensitive penicilliner, benzylpenicillin","beta-lactamase sensitive penicilliner, benzylpenicillin","beta-lactamase sensitive penicillins, benzylpenicillin",raw_atc_enhanced_hierarchical,medium,danish,HEA_atc_J01CE,chemical_substance
HEA_atc_C03EB02,HEA,atc,C03EB02,"high-ceiling diuretika og kaliumbesparende midler, bumetanid og kaliumbesparende midler","high-ceiling diuretika og kaliumbesparende midler, bumetanid og kaliumbesparende midler","loop diuretics and potassium-sparing agents, bumetanide and potassium-sparing agents",raw_atc_enhanced_hierarchical,medium,danish,HEA_atc_C03EB,chemical_substance
HEA_atc_S01GX04,HEA,atc,S01GX04,"andre antiallergika, nedocromil","andre antiallergika, nedocromil","other antihistamines, nedocromil",raw_atc_enhanced_hierarchical,medium,danish,HEA_atc_S01GX,chemical_substance
HEA_atc_N05CD07,HEA,atc,N05CD07,"benzodiazepin-derivater, temazepam","benzodiazepin-derivater, temazepam","benzodiazepin-derivater, temazepam",raw_atc_enhanced_hierarchical,medium,danish,HEA_atc_N05CD,chemical_substance
HEA_atc_N05AN01,HEA,atc,N05AN01,"lithium, lithium","lithium, lithium","lithium, lithium",raw_atc_enhanced_hierarchical,medium,danish,HEA_atc_N05AN,chemical_substance
HEA_atc_R01AD04,HEA,atc,R01AD04,"kortikosteroider, flunisolid","kortikosteroider, flunisolid","kortikosteroider, flunisolid",raw_atc_enhanced_hierarchical,medium,danish,HEA_atc_R01AD,chemical_substance
HEA_atc_S01FA02,HEA,atc,S01FA02,"antikolinergika, scopolamin","antikolinergika, scopolamin","antikolinergika, scopolamin",raw_atc_enhanced_hierarchical,medium,danish,HEA_atc_S01FA,chemical_substance
HEA_atc_P02CA01,HEA,atc,P02CA01,"benzimidazol-derivater, mebendazol","benzimidazol-derivater, mebendazol","benzimidazol-derivater, mebendazol",raw_atc_enhanced_hierarchical,medium,danish,HEA_atc_P02CA,chemical_substance
HEA_atc_H01BA02,HEA,atc,H01BA02,"vasopressin og analoger, desmopressin","vasopressin og analoger, desmopressin","vasopressin and analogs, desmopressin",raw_atc_enhanced_hierarchical,medium,danish,HEA_atc_H01BA,chemical_substance
HEA_atc_J04AB02,HEA,atc,J04AB02,"antibiotika, rifampicin","antibiotika, rifampicin","antibiotika, rifampicin",raw_atc_enhanced_hierarchical,medium,danish,HEA_atc_J04AB,chemical_substance
HEA_atc_N03AG04,HEA,atc,N03AG04,"fedtsyre-derivater, vigabatrin","fedtsyre-derivater, vigabatrin","fedtsyre-derivater, vigabatrin",raw_atc_enhanced_hierarchical,medium,danish,HEA_atc_N03AG,chemical_substance
HEA_atc_V01AA07,HEA,atc,V01AA07,"allergenekstrakter, allergenekstrakt fra insekter","allergenekstrakter, allergenekstrakt fra insekter","allergenekstrakter, allergenekstrakt fra insekter",raw_atc_enhanced_hierarchical,medium,danish,HEA_atc_V01AA,chemical_substance
HEA_atc_N05AA01,HEA,atc,N05AA01,"phenothiazin med alifatisk sidekæde, chlorpromazin","phenothiazin med alifatisk sidekæde, chlorpromazin","phenothiazines with aliphatic side chain, chlorpromazine",raw_atc_enhanced_hierarchical,medium,danish,HEA_atc_N05AA,chemical_substance
HEA_atc_D09AA01,HEA,atc,D09AA01,"salvekompresser med antiinfektiva, framycetin","salvekompresser med antiinfektiva, framycetin","antiseptic dressings, framycetin",raw_atc_enhanced_hierarchical,medium,danish,HEA_atc_D09AA,chemical_substance
HEA_atc_B03BA02,HEA,atc,B03BA02,"vitamin B12 (cyanocobalamin og derivater), cyanocobalamin-tannin-komplex","vitamin B12 (cyanocobalamin og derivater), cyanocobalamin-tannin-komplex","vitamin B12 (cyanocobalamin and derivatives), cyanocobalamin-tannin complex",raw_atc_enhanced_hierarchical,medium,danish,HEA_atc_B03BA,chemical_substance
HEA_atc_N06AX16,HEA,atc,N06AX16,"andre antidepressiva, venlafaxin","andre antidepressiva, venlafaxin","other antidepressants, venlafaxine",raw_atc_enhanced_hierarchical,medium,danish,HEA_atc_N06AX,chemical_substance
HEA_atc_D07CA01,HEA,atc,D07CA01,"kortikosteroider (gruppe I) og antibiotika, hydrocortison og antibiotika","kortikosteroider (gruppe I) og antibiotika, hydrocortison og antibiotika","corticosteroids (group I) and antibiotics, hydrocortisone and antibiotics",raw_atc_enhanced_hierarchical,medium,danish,HEA_atc_D07CA,chemical_substance
HEA_atc_G01AF01,HEA,atc,G01AF01,"imidazol-derivater, metronidazol","imidazol-derivater, metronidazol","imidazol-derivater, metronidazol",raw_atc_enhanced_hierarchical,medium,danish,HEA_atc_G01AF,chemical_substance
HEA_atc_N06AA07,HEA,atc,N06AA07,"non-selektive monoamin re-optagelse inhibitorer, lofepramin","non-selektive monoamin re-optagelse inhibitorer, lofepramin","non-selective monoamine reuptake inhibitors, lofepramin",raw_atc_enhanced_hierarchical,medium,danish,HEA_atc_N06AA,chemical_substance
HEA_atc_A01AD11,HEA,atc,A01AD11,"andre midler til lokal behandling i mundhulen, diverse midler til lokal behandling i mundhulen","andre midler til lokal behandling i mundhulen, diverse midler til lokal behandling i mundhulen","other agents for local treatment in the oral cavity, various agents for local treatment in the oral cavity",raw_atc_enhanced_hierarchical,medium,danish,HEA_atc_A01AD,chemical_substance
HEA_atc_G04BD02,HEA,atc,G04BD02,"midler mod hyppig urinering og inkontinens, flavoxat","midler mod hyppig urinering og inkontinens, flavoxat","agents for frequent urination and incontinence, flavoxate",raw_atc_enhanced_hierarchical,medium,danish,HEA_atc_G04BD,chemical_substance
HEA_atc_S01GA02,HEA,atc,S01GA02,"sympatomimetika anvendt som dekongestanter, tetryzolin","sympatomimetika anvendt som dekongestanter, tetryzolin","sympathomimetics used as decongestants, tetrazolin",raw_atc_enhanced_hierarchical,medium,danish,HEA_atc_S01GA,chemical_substance
HEA_atc_M03BB02,HEA,atc,M03BB02,"oxazol-, thiazin-, triazin-derivater, chlormezanon","oxazol-, thiazin-, triazin-derivater, chlormezanon","oxazol-, thiazin-, triazin-derivater, chlormezanon",raw_atc_enhanced_hierarchical,medium,danish,HEA_atc_M03BB,chemical_substance
HEA_atc_J01CA01,HEA,atc,J01CA01,"penicilliner med udvidet spektrum, ampicillin","penicilliner med udvidet spektrum, ampicillin","broad-spectrum penicillins, ampicillin",raw_atc_enhanced_hierarchical,medium,danish,HEA_atc_J01CA,chemical_substance
HEA_atc_M01AE04,HEA,atc,M01AE04,"propionsyre-derivater, fenoprofen","propionsyre-derivater, fenoprofen","propionsyre-derivater, fenoprofen",raw_atc_enhanced_hierarchical,medium,danish,HEA_atc_M01AE,chemical_substance
HEA_atc_S01AB03,HEA,atc,S01AB03,"sulfonamider, sulfadicramid","sulfonamider, sulfadicramid","sulfonamider, sulfadicramid",raw_atc_enhanced_hierarchical,medium,danish,HEA_atc_S01AB,chemical_substance
HEA_atc_B03AC,HEA,atc,B03AC,"jern, parenterale midler, jern, parenterale midler","jern, parenterale midler, jern, parenterale midler","iron, parenteral agents, iron, parenteral agents",raw_atc_enhanced_hierarchical,medium,danish,HEA_atc_B03A,chemical_subgroup
HEA_atc_D04AX,HEA,atc,D04AX,"andre kløestillende midler, andre kløestillende midler","andre kløestillende midler, andre kløestillende midler","other antiflatulent agents, other antiflatulent agents",raw_atc_enhanced_hierarchical,medium,danish,HEA_atc_D04A,chemical_subgroup
HEA_atc_N06AG02,HEA,atc,N06AG02,"monoamin-oxidase type A hæmmere, moclobemid","monoamin-oxidase type A hæmmere, moclobemid","monoamine oxidase-A inhibitors, moclobemide",raw_atc_enhanced_hierarchical,medium,danish,HEA_atc_N06AG,chemical_substance
HEA_atc_S01EA51,HEA,atc,S01EA51,"sympatomimetika til glaucombehandling, adrenalin, kombinationer","sympatomimetika til glaucombehandling, adrenalin, kombinationer","sympathomimetics for glaucoma treatment, adrenaline, combinations",raw_atc_enhanced_hierarchical,medium,danish,HEA_atc_S01EA,chemical_substance
HEA_atc_C01BC03,HEA,atc,C01BC03,"antiarytmika, klasse I c, propafenon","antiarytmika, klasse I c, propafenon","antiarrhythmics, class Ic, propafenone",raw_atc_enhanced_hierarchical,medium,danish,HEA_atc_C01BC,chemical_substance
HEA_atc_A08AA03,HEA,atc,A08AA03,"centralt virkende anoreksika, amfepramon","centralt virkende anoreksika, amfepramon","centralt virkende anoreksika, amfepramon",raw_atc_enhanced_hierarchical,medium,danish,HEA_atc_A08AA,chemical_substance
HEA_atc_R01AC03,HEA,atc,R01AC03,"antiallergiske midler, excl. kortikosteroider, azelastin","antiallergiske midler, excl. kortikosteroider, azelastin","antiallergics, excluding corticosteroids, azelastine",raw_atc_enhanced_hierarchical,medium,danish,HEA_atc_R01AC,chemical_substance
HEA_atc_P01BA01,HEA,atc,P01BA01,"aminochinoliner, chloroquin","aminochinoliner, chloroquin","aminochinoliner, chloroquin",raw_atc_enhanced_hierarchical,medium,danish,HEA_atc_P01BA,chemical_substance
HEA_atc_M03BA02,HEA,atc,M03BA02,"carbaminsyre-estere, carisoprodol","carbaminsyre-estere, carisoprodol","carbaminsyre-estere, carisoprodol",raw_atc_enhanced_hierarchical,medium,danish,HEA_atc_M03BA,chemical_substance
HEA_atc_J01EE01,HEA,atc,J01EE01,"sulfonamid og trimethoprim incl. derivater i komb., sulfamethoxazol og trimethoprim","sulfonamid og trimethoprim incl. derivater i komb., sulfamethoxazol og trimethoprim","sulfonamide and trimethoprim including derivatives in combination, sulfamethoxazole and trimethoprim",raw_atc_enhanced_hierarchical,medium,danish,HEA_atc_J01EE,chemical_substance
HEA_atc_J07BC01,HEA,atc,J07BC01,"hepatitis vacciner, hepatitis B, renset antigen","hepatitis vacciner, hepatitis B, renset antigen","hepatitis vacciner, hepatitis B, renset antigen",raw_atc_enhanced_hierarchical,medium,danish,HEA_atc_J07BC,chemical_substance
HEA_atc_C07AB04,HEA,atc,C07AB04,"beta-blokerende midler, usammensatte, selektive, acebutolol","beta-blokerende midler, usammensatte, selektive, acebutolol","beta-blokerende midler, usammensatte, selektive, acebutolol",raw_atc_enhanced_hierarchical,medium,danish,HEA_atc_C07AB,chemical_substance
HEA_atc_A08AA04,HEA,atc,A08AA04,"centralt virkende anoreksika, dexfenfluramin","centralt virkende anoreksika, dexfenfluramin","centrally acting anorexigenics, dexfenfluramine",raw_atc_enhanced_hierarchical,medium,danish,HEA_atc_A08AA,chemical_substance
HEA_atc_B02BA01,HEA,atc,B02BA01,"vitamin K, phytomenadion","vitamin K, phytomenadion","vitamin K, phytomenadion",raw_atc_enhanced_hierarchical,medium,danish,HEA_atc_B02BA,chemical_substance
HEA_atc_R02AD02,HEA,atc,R02AD02,"lokalanæstetika, lidocain","lokalanæstetika, lidocain","local anesthetics, lidocaine",raw_atc_enhanced_hierarchical,medium,danish,HEA_atc_R02AD,chemical_substance
HEA_atc_G03BA03,HEA,atc,G03BA03,"3-oxoandrosten(4)-derivater, testosteron","3-oxoandrosten(4)-derivater, testosteron","3-oxo-androstene derivatives, testosterone",raw_atc_enhanced_hierarchical,medium,danish,HEA_atc_G03BA,chemical_substance
HEA_atc_N02CA72,HEA,atc,N02CA72,"ergot-alkaloider, ergotamin i kombination med psykoleptika","ergot-alkaloider, ergotamin i kombination med psykoleptika","ergot alkaloids in combination with psychotropic agents, ergotamine",raw_atc_enhanced_hierarchical,medium,danish,HEA_atc_N02CA,chemical_substance
HEA_atc_M03BX02,HEA,atc,M03BX02,"andre muskelrelaxantia, centralt virkende, tizanidin","andre muskelrelaxantia, centralt virkende, tizanidin","other central muscle relaxants, tizanidine",raw_atc_enhanced_hierarchical,medium,danish,HEA_atc_M03BX,chemical_substance
HEA_atc_G03BB01,HEA,atc,G03BB01,"5-androstanon(3)-derivater, mesterolon","5-androstanon(3)-derivater, mesterolon","5-androstanone derivatives, mestranol",raw_atc_enhanced_hierarchical,medium,danish,HEA_atc_G03BB,chemical_substance
HEA_atc_G04BE04,HEA,atc,G04BE04,"midler anvendt ved erektionsforstyrrelser, yohimbin","midler anvendt ved erektionsforstyrrelser, yohimbin","erectile dysfunction agents, yohimbine",raw_atc_enhanced_hierarchical,medium,danish,HEA_atc_G04BE,chemical_substance
HEA_atc_N06AA02,HEA,atc,N06AA02,"non-selektive monoamin re-optagelse inhibitorer, imipramin","non-selektive monoamin re-optagelse inhibitorer, imipramin","non-selective monoamine reuptake inhibitors, imipramine",raw_atc_enhanced_hierarchical,medium,danish,HEA_atc_N06AA,chemical_substance
HEA_atc_N07BA01,HEA,atc,N07BA01,"midler mod nicotinafhængighed, nicotin","midler mod nicotinafhængighed, nicotin","nicotine dependence medications, nicotine",raw_atc_enhanced_hierarchical,medium,danish,HEA_atc_N07BA,chemical_substance
HEA_atc_D01AE16,HEA,atc,D01AE16,"andre fungicider til udvortes brug, amorolfin","andre fungicider til udvortes brug, amorolfin","other topical antifungal agents, amorolfine",raw_atc_enhanced_hierarchical,medium,danish,HEA_atc_D01AE,chemical_substance
HEA_atc_D01BA02,HEA,atc,D01BA02,"fungicider til systemisk brug, terbinafin","fungicider til systemisk brug, terbinafin","systemic antifungal agents, terbinafine",raw_atc_enhanced_hierarchical,medium,danish,HEA_atc_D01BA,chemical_substance
HEA_atc_C10AB02,HEA,atc,C10AB02,"fibrater, bezafibrat","fibrater, bezafibrat","fibrater, bezafibrat",raw_atc_enhanced_hierarchical,medium,danish,HEA_atc_C10AB,chemical_substance
HEA_atc_N02CA52,HEA,atc,N02CA52,"ergot-alkaloider, ergotamin, kombinationspræparater","ergot-alkaloider, ergotamin, kombinationspræparater","ergot alkaloids, ergotamine, combination preparations",raw_atc_enhanced_hierarchical,medium,danish,HEA_atc_N02CA,chemical_substance
HEA_atc_G03DC02,HEA,atc,G03DC02,"estren-derivater, norethisteron","estren-derivater, norethisteron","estren-derivater, norethisteron",raw_atc_enhanced_hierarchical,medium,danish,HEA_atc_G03DC,chemical_substance
HEA_atc_M04AC01,HEA,atc,M04AC01,"midler uden virkning på urinsyre-metabolismen, colchicin","midler uden virkning på urinsyre-metabolismen, colchicin","agents not affecting uric acid metabolism, colchicine",raw_atc_enhanced_hierarchical,medium,danish,HEA_atc_M04AC,chemical_substance
HEA_atc_G03FB01,HEA,atc,G03FB01,"gestagener og østrogener, sekvenspræparater, norgestrel og østrogen","gestagener og østrogener, sekvenspræparater, norgestrel og østrogen","progestogens and estrogens, sequential preparations, norethisterone and estrogen",raw_atc_enhanced_hierarchical,medium,danish,HEA_atc_G03FB,chemical_substance
HEA_atc_N06AA17,HEA,atc,N06AA17,"non-selektive monoamin re-optagelse inhibitorer, amoxapin","non-selektive monoamin re-optagelse inhibitorer, amoxapin","non-selective monoamine reuptake inhibitors, amoxapine",raw_atc_enhanced_hierarchical,medium,danish,HEA_atc_N06AA,chemical_substance
HEA_atc_N03AE01,HEA,atc,N03AE01,"benzodiazepin-derivater, clonazepam","benzodiazepin-derivater, clonazepam","benzodiazepin-derivater, clonazepam",raw_atc_enhanced_hierarchical,medium,danish,HEA_atc_N03AE,chemical_substance
HEA_atc_G03FB06,HEA,atc,G03FB06,"gestagener og østrogener, sekvenspræparater, medroxyprogesteron og østrogen","gestagener og østrogener, sekvenspræparater, medroxyprogesteron og østrogen","progestogens and estrogens, sequential preparations, medroxyprogesterone and estrogen",raw_atc_enhanced_hierarchical,medium,danish,HEA_atc_G03FB,chemical_substance
HEA_atc_G01AF02,HEA,atc,G01AF02,"imidazol-derivater, clotrimazol","imidazol-derivater, clotrimazol","imidazol-derivater, clotrimazol",raw_atc_enhanced_hierarchical,medium,danish,HEA_atc_G01AF,chemical_substance
HEA_atc_C05BB02,HEA,atc,C05BB02,"scleroserende midler til lokal injektion, polidocanol","scleroserende midler til lokal injektion, polidocanol","sclerosing agents for local injection, polidocanol",raw_atc_enhanced_hierarchical,medium,danish,HEA_atc_C05BB,chemical_substance
HEA_atc_C07BB02,HEA,atc,C07BB02,"beta-blokkere, selektive, og thiazider, metoprolol og thiazider","beta-blokkere, selektive, og thiazider, metoprolol og thiazider","selective beta-blockers and thiazides, metoprolol and thiazides",raw_atc_enhanced_hierarchical,medium,danish,HEA_atc_C07BB,chemical_substance
HEA_atc_N06AA03,HEA,atc,N06AA03,"non-selektive monoamin re-optagelse inhibitorer, imipraminoxid","non-selektive monoamin re-optagelse inhibitorer, imipraminoxid","non-selective monoamine reuptake inhibitors, imipraminoxide",raw_atc_enhanced_hierarchical,medium,danish,HEA_atc_N06AA,chemical_substance
HEA_atc_C07FB02,HEA,atc,C07FB02,"beta-blokerende midler og calciumantagonister, metoprolol og felodipin","beta-blokerende midler og calciumantagonister, metoprolol og felodipin","beta-blockers and calcium channel blockers, metoprolol and felodipine",raw_atc_enhanced_hierarchical,medium,danish,HEA_atc_C07FB,chemical_substance
HEA_atc_C10AB04,HEA,atc,C10AB04,"fibrater, gemfibrozil","fibrater, gemfibrozil","fibrater, gemfibrozil",raw_atc_enhanced_hierarchical,medium,danish,HEA_atc_C10AB,chemical_substance
HEA_atc_N07BB01,HEA,atc,N07BB01,"midler mod alkoholafhængighed, disulfiram","midler mod alkoholafhængighed, disulfiram","agents for alcohol dependence, disulfiram",raw_atc_enhanced_hierarchical,medium,danish,HEA_atc_N07BB,chemical_substance
HEA_atc_R03AC04,HEA,atc,R03AC04,"selektive beta-2-adrenoceptor agonister, fenoterol","selektive beta-2-adrenoceptor agonister, fenoterol","selektive beta-2-adrenoceptor agonister, fenoterol",raw_atc_enhanced_hierarchical,medium,danish,HEA_atc_R03AC,chemical_substance
HEA_atc_C10AA02,HEA,atc,C10AA02,"HMG COA reduktase-inhibitorer, lovastatin","HMG COA reduktase-inhibitorer, lovastatin","HMG-CoA reductase inhibitors, lovastatin",raw_atc_enhanced_hierarchical,medium,danish,HEA_atc_C10AA,chemical_substance
HEA_atc_G03CX01,HEA,atc,G03CX01,"andre østrogener, tibolon","andre østrogener, tibolon","other estrogens, tibolone",raw_atc_enhanced_hierarchical,medium,danish,HEA_atc_G03CX,chemical_substance
HEA_atc_P01BC02,HEA,atc,P01BC02,"methanolquinoliner, mefloquin","methanolquinoliner, mefloquin","methanolquinoliner, mefloquin",raw_atc_enhanced_hierarchical,medium,danish,HEA_atc_P01BC,chemical_substance
HEA_atc_G03CA53,HEA,atc,G03CA53,"naturlige og semisyntetiske østrogener, usammensatte, estradiol, kombinationer","naturlige og semisyntetiske østrogener, usammensatte, estradiol, kombinationer","natural and semi-synthetic estrogens, unspecified, estradiol, combinations",raw_atc_enhanced_hierarchical,medium,danish,HEA_atc_G03CA,chemical_substance
HEA_atc_M01AG02,HEA,atc,M01AG02,"fenamater, tolfenamsyre","fenamater, tolfenamsyre","fenamater, tolfenamsyre",raw_atc_enhanced_hierarchical,medium,danish,HEA_atc_M01AG,chemical_substance
HEA_atc_C03AA03,HEA,atc,C03AA03,"thiazider, usammensatte præparater, hydrochlorthiazid","thiazider, usammensatte præparater, hydrochlorthiazid","thiazides, unspecified preparations, hydrochlorothiazide",raw_atc_enhanced_hierarchical,medium,danish,HEA_atc_C03AA,chemical_substance
HEA_atc_A04AD01,HEA,atc,A04AD01,"andre antiemetika, scopolamin","andre antiemetika, scopolamin","other antiemetics, scopolamine",raw_atc_enhanced_hierarchical,medium,danish,HEA_atc_A04AD,chemical_substance
HEA_atc_J07AP01,HEA,atc,J07AP01,"tyfus vacciner, tyfus, oral, levende attenueret","tyfus vacciner, tyfus, oral, levende attenueret","tyfus vacciner, tyfus, oral, levende attenueret",raw_atc_enhanced_hierarchical,medium,danish,HEA_atc_J07AP,chemical_substance
HEA_atc_D07AC09,HEA,atc,D07AC09,"kortikosteroider, stærkt virkende (gruppe III), budesonid","kortikosteroider, stærkt virkende (gruppe III), budesonid","corticosteroids, potent (group III), budesonide",raw_atc_enhanced_hierarchical,medium,danish,HEA_atc_D07AC,chemical_substance
HEA_atc_N06AB08,HEA,atc,N06AB08,"selektive serotonin re-optagelse inhibitorer, fluvoxamin","selektive serotonin re-optagelse inhibitorer, fluvoxamin","selective serotonin reuptake inhibitors, fluvoxamine",raw_atc_enhanced_hierarchical,medium,danish,HEA_atc_N06AB,chemical_substance
HEA_atc_R05DA07,HEA,atc,R05DA07,"opiumalkaloider og derivater, noscapin","opiumalkaloider og derivater, noscapin","opiate alkaloids and derivatives, noscapine",raw_atc_enhanced_hierarchical,medium,danish,HEA_atc_R05DA,chemical_substance
HEA_atc_C08CA03,HEA,atc,C08CA03,"dihydropyridin-derivater, isradipin","dihydropyridin-derivater, isradipin","dihydropyridin-derivater, isradipin",raw_atc_enhanced_hierarchical,medium,danish,HEA_atc_C08CA,chemical_substance
HEA_atc_L04AD01,HEA,atc,L04AD01,"calcineurinhæmmere, ciclosporin","calcineurinhæmmere, ciclosporin","calcineurin inhibitors, cyclosporine",raw_atc_enhanced_hierarchical,medium,danish,HEA_atc_L04AD,chemical_substance
HEA_atc_C10AA01,HEA,atc,C10AA01,"HMG COA reduktase-inhibitorer, simvastatin","HMG COA reduktase-inhibitorer, simvastatin","HMG-CoA reductase inhibitors, simvastatin",raw_atc_enhanced_hierarchical,medium,danish,HEA_atc_C10AA,chemical_substance
HEA_atc_N05AA03,HEA,atc,N05AA03,"phenothiazin med alifatisk sidekæde, promazin","phenothiazin med alifatisk sidekæde, promazin","Aliphatic side chain phenothiazines, promazine",raw_atc_enhanced_hierarchical,medium,danish,HEA_atc_N05AA,chemical_substance
HEA_atc_C01BA01,HEA,atc,C01BA01,"antiarytmika, klasse I a, quinidin","antiarytmika, klasse I a, quinidin","Class Ia antiarrhythmics, quinidine",raw_atc_enhanced_hierarchical,medium,danish,HEA_atc_C01BA,chemical_substance
HEA_atc_A10AB01,HEA,atc,A10AB01,"insuliner og analoger til injektion, hurtigtvirkende, insulin (human)","insuliner og analoger til injektion, hurtigtvirkende, insulin (human)","Rapid-acting injectable insulins and analogs, human insulin",raw_atc_enhanced_hierarchical,medium,danish,HEA_atc_A10AB,chemical_substance
HEA_atc_N05BB01,HEA,atc,N05BB01,"diphenylmethan-derivater, hydroxyzin","diphenylmethan-derivater, hydroxyzin","diphenylmethan-derivater, hydroxyzin",raw_atc_enhanced_hierarchical,medium,danish,HEA_atc_N05BB,chemical_substance
HEA_atc_D04AA02,HEA,atc,D04AA02,"antihistaminer til dermatologisk brug, mepyramin","antihistaminer til dermatologisk brug, mepyramin","Antihistamines for dermatologic use, mepyramine",raw_atc_enhanced_hierarchical,medium,danish,HEA_atc_D04AA,chemical_substance
HEA_atc_M04AB01,HEA,atc,M04AB01,"midler, der øger urinsyreudskillelsen, probenecid","midler, der øger urinsyreudskillelsen, probenecid","Agents increasing renal acid excretion, probenecid",raw_atc_enhanced_hierarchical,medium,danish,HEA_atc_M04AB,chemical_substance
HEA_atc_V01AA03,HEA,atc,V01AA03,"allergenekstrakter, allergenekstrakt fra husstøvmider","allergenekstrakter, allergenekstrakt fra husstøvmider","Allergenic extracts, house dust mite allergenic extract",raw_atc_enhanced_hierarchical,medium,danish,HEA_atc_V01AA,chemical_substance
HEA_atc_L04AX03,HEA,atc,L04AX03,"andre immunosuppressiva, methotrexat","andre immunosuppressiva, methotrexat","Other immunosuppressive agents, methotrexate",raw_atc_enhanced_hierarchical,medium,danish,HEA_atc_L04AX,chemical_substance
HEA_atc_J07BC02,HEA,atc,J07BC02,"hepatitis vacciner, hepatitis A, inaktiveret, hel virus","hepatitis vacciner, hepatitis A, inaktiveret, hel virus","Hepatitis vaccines, hepatitis A, inactivated whole virus vaccine",raw_atc_enhanced_hierarchical,medium,danish,HEA_atc_J07BC,chemical_substance
HEA_atc_N02CX01,HEA,atc,N02CX01,"andre midler mod migræne, pizotifen","andre midler mod migræne, pizotifen","Other migraine remedies, pizotyphen",raw_atc_enhanced_hierarchical,medium,danish,HEA_atc_N02CX,chemical_substance
HEA_atc_D06AX04,HEA,atc,D06AX04,"andre antibiotika til udvortes brug, neomycin","andre antibiotika til udvortes brug, neomycin","Topical antibiotics, neomycin",raw_atc_enhanced_hierarchical,medium,danish,HEA_atc_D06AX,chemical_substance
HEA_atc_C05AD03,HEA,atc,C05AD03,"lokalanæstetika, benzocain","lokalanæstetika, benzocain","local anesthetics, benzocaine",raw_atc_enhanced_hierarchical,medium,danish,HEA_atc_C05AD,chemical_substance
HEA_atc_C08CA04,HEA,atc,C08CA04,"dihydropyridin-derivater, nicardipin","dihydropyridin-derivater, nicardipin","dihydropyridin-derivater, nicardipin",raw_atc_enhanced_hierarchical,medium,danish,HEA_atc_C08CA,chemical_substance
HEA_atc_C02DG01,HEA,atc,C02DG01,"guanidin-derivater, pinacidil","guanidin-derivater, pinacidil","guanidin-derivater, pinacidil",raw_atc_enhanced_hierarchical,medium,danish,HEA_atc_C02DG,chemical_substance
HEA_atc_L04AX01,HEA,atc,L04AX01,"andre immunosuppressiva, azathioprin","andre immunosuppressiva, azathioprin","other immunosuppressants, azathioprine",raw_atc_enhanced_hierarchical,medium,danish,HEA_atc_L04AX,chemical_substance
HEA_atc_L02BA01,HEA,atc,L02BA01,"anti-østrogener, tamoxifen","anti-østrogener, tamoxifen","anti-estrogens, tamoxifen",raw_atc_enhanced_hierarchical,medium,danish,HEA_atc_L02BA,chemical_substance
HEA_atc_C01BA03,HEA,atc,C01BA03,"antiarytmika, klasse I a, disopyramid","antiarytmika, klasse I a, disopyramid","antiarrhythmics, class Ia, disopyramine",raw_atc_enhanced_hierarchical,medium,danish,HEA_atc_C01BA,chemical_substance
HEA_atc_D04AB04,HEA,atc,D04AB04,"lokalanæstetika til dermatologisk brug, benzocain","lokalanæstetika til dermatologisk brug, benzocain","topical anesthetics for dermatologic use, benzocaine",raw_atc_enhanced_hierarchical,medium,danish,HEA_atc_D04AB,chemical_substance
HEA_atc_C02DB02,HEA,atc,C02DB02,"hydrazinophthalazin-derivater, hydralazin","hydrazinophthalazin-derivater, hydralazin","hydrazinophthalazin-derivater, hydralazin",raw_atc_enhanced_hierarchical,medium,danish,HEA_atc_C02DB,chemical_substance
HEA_atc_N02CA02,HEA,atc,N02CA02,"ergot-alkaloider, ergotamin","ergot-alkaloider, ergotamin","ergot-alkaloider, ergotamin",raw_atc_enhanced_hierarchical,medium,danish,HEA_atc_N02CA,chemical_substance
HEA_atc_M05BA01,HEA,atc,M05BA01,"bisphosphonater, etidronsyre","bisphosphonater, etidronsyre","bisphosphonater, etidronsyre",raw_atc_enhanced_hierarchical,medium,danish,HEA_atc_M05BA,chemical_substance
HEA_atc_G03CA57,HEA,atc,G03CA57,"naturlige og semisyntetiske østrogener, usammensatte, konjugerede østrogener","naturlige og semisyntetiske østrogener, usammensatte, konjugerede østrogener","natural and semi-synthetic estrogens, unconjugated, conjugated estrogens",raw_atc_enhanced_hierarchical,medium,danish,HEA_atc_G03CA,chemical_substance
HEA_atc_N04BC01,HEA,atc,N04BC01,"dopamin-agonister, bromocriptin","dopamin-agonister, bromocriptin","dopamin-agonister, bromocriptin",raw_atc_enhanced_hierarchical,medium,danish,HEA_atc_N04BC,chemical_substance
HEA_atc_N04BC02,HEA,atc,N04BC02,"dopamin-agonister, pergolid","dopamin-agonister, pergolid","dopamin-agonister, pergolid",raw_atc_enhanced_hierarchical,medium,danish,HEA_atc_N04BC,chemical_substance
HEA_atc_V03AE01,HEA,atc,V03AE01,"midler t. behandl. af hyperkaliæmi og hyperphosphatæmi, polystyrensulfonat","midler t. behandl. af hyperkaliæmi og hyperphosphatæmi, polystyrensulfonat","agents for the treatment of hyperkalemia and hyperphosphatemia, polystyrene sulfonate",raw_atc_enhanced_hierarchical,medium,danish,HEA_atc_V03AE,chemical_substance
HEA_atc_N02CC01,HEA,atc,N02CC01,"selektive 5HT(1)-receptor-agonister, sumatriptan","selektive 5HT(1)-receptor-agonister, sumatriptan","selektive 5HT(1)-receptor-agonister, sumatriptan",raw_atc_enhanced_hierarchical,medium,danish,HEA_atc_N02CC,chemical_substance
HEA_atc_N02AD01,HEA,atc,N02AD01,"benzomorphan-derivater, pentazocin","benzomorphan-derivater, pentazocin","benzomorphan-derivater, pentazocin",raw_atc_enhanced_hierarchical,medium,danish,HEA_atc_N02AD,chemical_substance
HEA_atc_A03BA01,HEA,atc,A03BA01,"belladonna-alkaloider, tertiære aminer, atropin","belladonna-alkaloider, tertiære aminer, atropin","belladonna alkaloids, tertiary amines, atropine",raw_atc_enhanced_hierarchical,medium,danish,HEA_atc_A03BA,chemical_substance
HEA_atc_M03BX01,HEA,atc,M03BX01,"andre muskelrelaxantia, centralt virkende, baclofen","andre muskelrelaxantia, centralt virkende, baclofen","other muscle relaxants, centrally acting, baclofen",raw_atc_enhanced_hierarchical,medium,danish,HEA_atc_M03BX,chemical_substance
HEA_atc_D07XA01,HEA,atc,D07XA01,"kortikosteroider (gruppe I), andre kombinationer, hydrocortison","kortikosteroider (gruppe I), andre kombinationer, hydrocortison","corticosteroids (group I), other combinations, hydrocortisone",raw_atc_enhanced_hierarchical,medium,danish,HEA_atc_D07XA,chemical_substance
HEA_atc_J02AB02,HEA,atc,J02AB02,"imidazol-derivater, ketoconazol","imidazol-derivater, ketoconazol","imidazol-derivater, ketoconazol",raw_atc_enhanced_hierarchical,medium,danish,HEA_atc_J02AB,chemical_substance
HEA_atc_A09AA02,HEA,atc,A09AA02,"enzympræparater, multienzymer (lipase, protease etc.)","enzympræparater, multienzymer (lipase, protease etc.)","enzyme preparations, multi-enzyme (lipase, protease etc.)",raw_atc_enhanced_hierarchical,medium,danish,HEA_atc_A09AA,chemical_substance
HEA_atc_R01AC01,HEA,atc,R01AC01,"antiallergiske midler, excl. kortikosteroider, cromoglicinsyre","antiallergiske midler, excl. kortikosteroider, cromoglicinsyre","antihistamines, excluding corticosteroids, cromolyn acid",raw_atc_enhanced_hierarchical,medium,danish,HEA_atc_R01AC,chemical_substance
HEA_atc_A03BA03,HEA,atc,A03BA03,"belladonna-alkaloider, tertiære aminer, hyoscyamin","belladonna-alkaloider, tertiære aminer, hyoscyamin","belladonna alkaloids, tertiary amines, hyoscine",raw_atc_enhanced_hierarchical,medium,danish,HEA_atc_A03BA,chemical_substance
HEA_atc_G01AG02,HEA,atc,G01AG02,"triazol-derivater, terconazol","triazol-derivater, terconazol","triazol-derivater, terconazol",raw_atc_enhanced_hierarchical,medium,danish,HEA_atc_G01AG,chemical_substance
HEA_atc_G04BE01,HEA,atc,G04BE01,"midler anvendt ved erektionsforstyrrelser, alprostadil","midler anvendt ved erektionsforstyrrelser, alprostadil","erectile dysfunction drugs, alprostadil",raw_atc_enhanced_hierarchical,medium,danish,HEA_atc_G04BE,chemical_substance
HEA_atc_N01BB52,HEA,atc,N01BB52,"amider, lidocain, kombinationer","amider, lidocain, kombinationer","amider, lidocain, kombinationer",raw_atc_enhanced_hierarchical,medium,danish,HEA_atc_N01BB,chemical_substance
HEA_atc_R06AE03,HEA,atc,R06AE03,"piperazin-derivater, cyclizin","piperazin-derivater, cyclizin","piperazin-derivater, cyclizin",raw_atc_enhanced_hierarchical,medium,danish,HEA_atc_R06AE,chemical_substance
HEA_atc_C03BA11,HEA,atc,C03BA11,"sulfonamider, usammensatte, indapamid","sulfonamider, usammensatte, indapamid","sulfonamider, usammensatte, indapamid",raw_atc_enhanced_hierarchical,medium,danish,HEA_atc_C03BA,chemical_substance
HEA_atc_C02CA04,HEA,atc,C02CA04,"alfa-adrenoceptor blokerende midler, doxazosin","alfa-adrenoceptor blokerende midler, doxazosin","alpha-adrenergic blocking agents, doxazosin",raw_atc_enhanced_hierarchical,medium,danish,HEA_atc_C02CA,chemical_substance
HEA_atc_N05AX08,HEA,atc,N05AX08,"andre antipsykotika, risperidon","andre antipsykotika, risperidon","other antipsychotics, risperidone",raw_atc_enhanced_hierarchical,medium,danish,HEA_atc_N05AX,chemical_substance
HEA_atc_J01CA06,HEA,atc,J01CA06,"penicilliner med udvidet spektrum, bacampicillin","penicilliner med udvidet spektrum, bacampicillin","broad-spectrum penicillins, bacampicillin",raw_atc_enhanced_hierarchical,medium,danish,HEA_atc_J01CA,chemical_substance
HEA_atc_C01BD01,HEA,atc,C01BD01,"antiarytmika, klasse III, amiodaron","antiarytmika, klasse III, amiodaron","antiarrhythmics, class III, amiodarone",raw_atc_enhanced_hierarchical,medium,danish,HEA_atc_C01BD,chemical_substance
HEA_atc_N07CA03,HEA,atc,N07CA03,"midler mod svimmelhed, flunarizin","midler mod svimmelhed, flunarizin","midler mod svimmelhed, flunarizin",raw_atc_enhanced_hierarchical,medium,danish,HEA_atc_N07CA,chemical_substance
HEA_atc_G04CA03,HEA,atc,G04CA03,"alfa-adrenoreceptor antagonister, terazosin","alfa-adrenoreceptor antagonister, terazosin","alfa-adrenoreceptor antagonister, terazosin",raw_atc_enhanced_hierarchical,medium,danish,HEA_atc_G04CA,chemical_substance
HEA_atc_A12CB01,HEA,atc,A12CB01,"zink, zinksulfat","zink, zinksulfat","zink, zinksulfat",raw_atc_enhanced_hierarchical,medium,danish,HEA_atc_A12CB,chemical_substance
HEA_atc_N06BC01,HEA,atc,N06BC01,"xanthin-derivater, caffein","xanthin-derivater, caffein","xanthin-derivater, caffein",raw_atc_enhanced_hierarchical,medium,danish,HEA_atc_N06BC,chemical_substance
HEA_atc_B05CB01,HEA,atc,B05CB01,"saltopløsninger, natriumchlorid","saltopløsninger, natriumchlorid","saline solutions, sodium chloride",raw_atc_enhanced_hierarchical,medium,danish,HEA_atc_B05CB,chemical_substance
HEA_atc_D05BB02,HEA,atc,D05BB02,"retinoider til psoriasisbehandling, acitretin","retinoider til psoriasisbehandling, acitretin","retinoids for psoriasis treatment, acitretin",raw_atc_enhanced_hierarchical,medium,danish,HEA_atc_D05BB,chemical_substance
HEA_atc_C09BA01,HEA,atc,C09BA01,"ACE-hæmmere og diuretika, captopril og diuretika","ACE-hæmmere og diuretika, captopril og diuretika","ACE inhibitors and diuretics, captopril and diuretics",raw_atc_enhanced_hierarchical,medium,danish,HEA_atc_C09BA,chemical_substance
HEA_atc_N04AA01,HEA,atc,N04AA01,"tertiære aminer med kulstofkæde, trihexyphenidyl","tertiære aminer med kulstofkæde, trihexyphenidyl","tertiary amines with carbon chain, trihexyphenidyl",raw_atc_enhanced_hierarchical,medium,danish,HEA_atc_N04AA,chemical_substance
HEA_atc_N06AA06,HEA,atc,N06AA06,"non-selektive monoamin re-optagelse inhibitorer, trimipramin","non-selektive monoamin re-optagelse inhibitorer, trimipramin","non-selective monoamine reuptake inhibitors, trimipramine",raw_atc_enhanced_hierarchical,medium,danish,HEA_atc_N06AA,chemical_substance
HEA_atc_D01AC60,HEA,atc,D01AC60,"imidazol- og triazol-derivater, bifonazol kombinationer","imidazol- og triazol-derivater, bifonazol kombinationer","imidazole and triazole derivatives, bifonazole combinations",raw_atc_enhanced_hierarchical,medium,danish,HEA_atc_D01AC,chemical_substance
HEA_atc_L01AA03,HEA,atc,L01AA03,"kvælstofsennepsgas-analoger, melphalan","kvælstofsennepsgas-analoger, melphalan","alkylating agents, melphalan",raw_atc_enhanced_hierarchical,medium,danish,HEA_atc_L01AA,chemical_substance
HEA_atc_C02AC01,HEA,atc,C02AC01,"imidazolin-receptor agonister, clonidin","imidazolin-receptor agonister, clonidin","imidazolin-receptor agonister, clonidin",raw_atc_enhanced_hierarchical,medium,danish,HEA_atc_C02AC,chemical_substance
HEA_atc_G02AB01,HEA,atc,G02AB01,"secale-alkaloider, methylergometrin","secale-alkaloider, methylergometrin","secale-alkaloider, methylergometrin",raw_atc_enhanced_hierarchical,medium,danish,HEA_atc_G02AB,chemical_substance
HEA_atc_G03FB09,HEA,atc,G03FB09,"gestagener og østrogener, sekvenspræparater, levonorgestrel og østrogen","gestagener og østrogener, sekvenspræparater, levonorgestrel og østrogen","progestogens and estrogens, sequential preparations, levonorgestrel and estrogen",raw_atc_enhanced_hierarchical,medium,danish,HEA_atc_G03FB,chemical_substance
HEA_atc_A02AH,HEA,atc,A02AH,"antacida og natriumhydrogencarbonat, antacida og natriumhydrogencarbonat","antacida og natriumhydrogencarbonat, antacida og natriumhydrogencarbonat","antacids and sodium bicarbonate, antacids and sodium bicarbonate",raw_atc_enhanced_hierarchical,medium,danish,HEA_atc_A02A,chemical_subgroup
HEA_atc_S01BA07,HEA,atc,S01BA07,"kortikosteroider, usammensatte, fluormetholon","kortikosteroider, usammensatte, fluormetholon","kortikosteroider, usammensatte, fluormetholon",raw_atc_enhanced_hierarchical,medium,danish,HEA_atc_S01BA,chemical_substance
HEA_atc_A07BB,HEA,atc,A07BB,"bismuth-præparater, bismuth-præparater","bismuth-præparater, bismuth-præparater","bismuth preparations, bismuth preparations",raw_atc_enhanced_hierarchical,medium,danish,HEA_atc_A07B,chemical_subgroup
HEA_atc_C07CA03,HEA,atc,C07CA03,"beta-blokkere, non-selektive, og andre diuretika, pindolol og andre diuretika","beta-blokkere, non-selektive, og andre diuretika, pindolol og andre diuretika","non-selective beta-blockers and other diuretics, pindolol and other diuretics",raw_atc_enhanced_hierarchical,medium,danish,HEA_atc_C07CA,chemical_substance
HEA_atc_C10AA03,HEA,atc,C10AA03,"HMG COA reduktase-inhibitorer, pravastatin","HMG COA reduktase-inhibitorer, pravastatin","HMG-CoA reductase inhibitors, pravastatin",raw_atc_enhanced_hierarchical,medium,danish,HEA_atc_C10AA,chemical_substance
HEA_atc_A03AX13,HEA,atc,A03AX13,"andre midler mod funktionelle gastrointestinale forstyrrelser, silikoner","andre midler mod funktionelle gastrointestinale forstyrrelser, silikoner","other agents for functional gastrointestinal disorders, silicones",raw_atc_enhanced_hierarchical,medium,danish,HEA_atc_A03AX,chemical_substance
HEA_atc_C03BA04,HEA,atc,C03BA04,"sulfonamider, usammensatte, chlortalidon","sulfonamider, usammensatte, chlortalidon","sulfonamider, usammensatte, chlortalidon",raw_atc_enhanced_hierarchical,medium,danish,HEA_atc_C03BA,chemical_substance
HEA_atc_D10AA02,HEA,atc,D10AA02,"kortikosteroider, kombinationer til acnebehandling, methylprednisolon","kortikosteroider, kombinationer til acnebehandling, methylprednisolon","corticosteroids, combinations for acne treatment, methylprednisolone",raw_atc_enhanced_hierarchical,medium,danish,HEA_atc_D10AA,chemical_substance
HEA_atc_R03BC03,HEA,atc,R03BC03,"antiallergiske midler, excl kortikosteroider, nedocromil","antiallergiske midler, excl kortikosteroider, nedocromil","antiallergics, excl corticosteroids, nedocromil",raw_atc_enhanced_hierarchical,medium,danish,HEA_atc_R03BC,chemical_substance
HEA_atc_P01BB01,HEA,atc,P01BB01,"biguanider, proguanil","biguanider, proguanil","biguanider, proguanil",raw_atc_enhanced_hierarchical,medium,danish,HEA_atc_P01BB,chemical_substance
HEA_atc_C09AA07,HEA,atc,C09AA07,"ACE-hæmmere, usammensatte, benazepril","ACE-hæmmere, usammensatte, benazepril","ACE inhibitors, uncombined, benazepril",raw_atc_enhanced_hierarchical,medium,danish,HEA_atc_C09AA,chemical_substance
HEA_atc_A11DA01,HEA,atc,A11DA01,"thiamin (vitamin B1), usammensatte præparater, thiamin (vitamin B1)","thiamin (vitamin B1), usammensatte præparater, thiamin (vitamin B1)","thiamine (vitamin B1), uncombined preparations, thiamine (vitamin B1)",raw_atc_enhanced_hierarchical,medium,danish,HEA_atc_A11DA,chemical_substance
HEA_atc_P01AB02,HEA,atc,P01AB02,"nitroimidazol-derivater, tinidazol","nitroimidazol-derivater, tinidazol","nitroimidazol-derivater, tinidazol",raw_atc_enhanced_hierarchical,medium,danish,HEA_atc_P01AB,chemical_substance
HEA_atc_J01DC02,HEA,atc,J01DC02,"cephalosporiner, 2. generation, cefuroxim","cephalosporiner, 2. generation, cefuroxim","cephalosporiner, 2. generation, cefuroxim",raw_atc_enhanced_hierarchical,medium,danish,HEA_atc_J01DC,chemical_substance
HEA_atc_N06AA21,HEA,atc,N06AA21,"non-selektive monoamin re-optagelse inhibitorer, maprotilin","non-selektive monoamin re-optagelse inhibitorer, maprotilin","non-selective monoamine reuptake inhibitors, maprotiline",raw_atc_enhanced_hierarchical,medium,danish,HEA_atc_N06AA,chemical_substance
HEA_atc_N05BA05,HEA,atc,N05BA05,"benzodiazepin-derivater, clorazepatkalium","benzodiazepin-derivater, clorazepatkalium","benzodiazepin-derivater, clorazepatkalium",raw_atc_enhanced_hierarchical,medium,danish,HEA_atc_N05BA,chemical_substance
HEA_atc_C01CA01,HEA,atc,C01CA01,"adrenerge og dopaminerge midler, etilefrin","adrenerge og dopaminerge midler, etilefrin","adrenergic and dopaminergic agents, etilefrin",raw_atc_enhanced_hierarchical,medium,danish,HEA_atc_C01CA,chemical_substance
HEA_atc_A12CA01,HEA,atc,A12CA01,"natrium, natriumchlorid","natrium, natriumchlorid","natrium, natriumchlorid",raw_atc_enhanced_hierarchical,medium,danish,HEA_atc_A12CA,chemical_substance
HEA_atc_A12AA01,HEA,atc,A12AA01,"calcium, calciumphosphat","calcium, calciumphosphat","calcium, calciumphosphat",raw_atc_enhanced_hierarchical,medium,danish,HEA_atc_A12AA,chemical_substance
HEA_atc_J06BA01,HEA,atc,J06BA01,"immunoglobuliner, normal human, immunoglobuliner, normal human til extravasc. brug","immunoglobuliner, normal human, immunoglobuliner, normal human til extravasc. brug","immunoglobulins, human normal, immunoglobulins, human normal for extravascular use",raw_atc_enhanced_hierarchical,medium,danish,HEA_atc_J06BA,chemical_substance
HEA_atc_A08AA02,HEA,atc,A08AA02,"centralt virkende anoreksika, fenfluramin","centralt virkende anoreksika, fenfluramin","centralt virkende anoreksika, fenfluramin",raw_atc_enhanced_hierarchical,medium,danish,HEA_atc_A08AA,chemical_substance
HEA_atc_B06AA55,HEA,atc,B06AA55,"enzymer, streptokinase, kombinationer","enzymer, streptokinase, kombinationer","enzymer, streptokinase, kombinationer",raw_atc_enhanced_hierarchical,medium,danish,HEA_atc_B06AA,chemical_substance
HEA_atc_R02AA05,HEA,atc,R02AA05,"antiseptika, chlorhexidin","antiseptika, chlorhexidin","antiseptika, chlorhexidin",raw_atc_enhanced_hierarchical,medium,danish,HEA_atc_R02AA,chemical_substance
HEA_atc_C07AA06,HEA,atc,C07AA06,"beta-blokerende midler, usammensatte, non-selekt., timolol","beta-blokerende midler, usammensatte, non-selekt., timolol","beta-blokerende midler, usammensatte, non-selekt., timolol",raw_atc_enhanced_hierarchical,medium,danish,HEA_atc_C07AA,chemical_substance
HEA_atc_H04AA01,HEA,atc,H04AA01,"glycogenolytiske hormoner, glucagon","glycogenolytiske hormoner, glucagon","glycogenolytiske hormoner, glucagon",raw_atc_enhanced_hierarchical,medium,danish,HEA_atc_H04AA,chemical_substance
HEA_atc_D11AF,HEA,atc,D11AF,"midler mod vorter og ligtorne, midler mod vorter og ligtorne","midler mod vorter og ligtorne, midler mod vorter og ligtorne","agents for vertigo and motion sickness, agents for vertigo and motion sickness",raw_atc_enhanced_hierarchical,medium,danish,HEA_atc_D11A,chemical_subgroup
HEA_atc_S01FA01,HEA,atc,S01FA01,"antikolinergika, atropin","antikolinergika, atropin","antikolinergika, atropin",raw_atc_enhanced_hierarchical,medium,danish,HEA_atc_S01FA,chemical_substance
HEA_atc_G03AB03,HEA,atc,G03AB03,"gestagener og østrogener, sekvenspræparater, levonorgestrel og ethinylestradiol","gestagener og østrogener, sekvenspræparater, levonorgestrel og ethinylestradiol","gestagens and estrogens, sequential preparations, levonorgestrel and ethinyl estradiol",raw_atc_enhanced_hierarchical,medium,danish,HEA_atc_G03AB,chemical_substance
HEA_atc_N05AH02,HEA,atc,N05AH02,"diazepiner, oxazepiner, thiazepiner og oxepiner, clozapin","diazepiner, oxazepiner, thiazepiner og oxepiner, clozapin","diazepines, oxazepines, thiazepines and oxepines, clozapine",raw_atc_enhanced_hierarchical,medium,danish,HEA_atc_N05AH,chemical_substance
HEA_atc_D07AC06,HEA,atc,D07AC06,"kortikosteroider, stærkt virkende (gruppe III), diflucortolon","kortikosteroider, stærkt virkende (gruppe III), diflucortolon","corticosteroids, strongly acting (group III), diflucortolon",raw_atc_enhanced_hierarchical,medium,danish,HEA_atc_D07AC,chemical_substance
HEA_atc_G03AB04,HEA,atc,G03AB04,"gestagener og østrogener, sekvenspræparater, norethisteron og ethinylestradiol","gestagener og østrogener, sekvenspræparater, norethisteron og ethinylestradiol","gestagens and estrogens, sequential preparations, norethisterone and ethinylestradiol",raw_atc_enhanced_hierarchical,medium,danish,HEA_atc_G03AB,chemical_substance
HEA_atc_G03HA01,HEA,atc,G03HA01,"antiandrogener, usammensatte, cyproteron","antiandrogener, usammensatte, cyproteron","antiandrogener, usammensatte, cyproteron",raw_atc_enhanced_hierarchical,medium,danish,HEA_atc_G03HA,chemical_substance
HEA_atc_G03DC03,HEA,atc,G03DC03,"estren-derivater, lynestrenol","estren-derivater, lynestrenol","estren-derivater, lynestrenol",raw_atc_enhanced_hierarchical,medium,danish,HEA_atc_G03DC,chemical_substance
HEA_atc_L01AA01,HEA,atc,L01AA01,"kvælstofsennepsgas-analoger, cyclophosphamid","kvælstofsennepsgas-analoger, cyclophosphamid","nitrogen mustard analogs, cyclophosphamide",raw_atc_enhanced_hierarchical,medium,danish,HEA_atc_L01AA,chemical_substance
HEA_atc_N07BB02,HEA,atc,N07BB02,"midler mod alkoholafhængighed, calciumcarbimid","midler mod alkoholafhængighed, calciumcarbimid","alcohol dependence medications, calcium carbimide",raw_atc_enhanced_hierarchical,medium,danish,HEA_atc_N07BB,chemical_substance
HEA_atc_G03GA01,HEA,atc,G03GA01,"gonadotropiner, choriongonadotropin","gonadotropiner, choriongonadotropin","gonadotropiner, choriongonadotropin",raw_atc_enhanced_hierarchical,medium,danish,HEA_atc_G03GA,chemical_substance
HEA_atc_L02AE04,HEA,atc,L02AE04,"gonadotropin-releasing hormon analoger, triptorelin","gonadotropin-releasing hormon analoger, triptorelin","gonadotropin-releasing hormone analogs, triptorelin",raw_atc_enhanced_hierarchical,medium,danish,HEA_atc_L02AE,chemical_substance
HEA_atc_H01BB02,HEA,atc,H01BB02,"oxytocin og analoger, oxytocin","oxytocin og analoger, oxytocin","oxytocin and analogs, oxytocin",raw_atc_enhanced_hierarchical,medium,danish,HEA_atc_H01BB,chemical_substance
HEA_atc_G02BA03,HEA,atc,G02BA03,"intrauterine antikonceptionelle midler, plast intrauterint indlæg med gestagen","intrauterine antikonceptionelle midler, plast intrauterint indlæg med gestagen","intrauterine contraceptive devices, plastic intrauterine insert with gestagen",raw_atc_enhanced_hierarchical,medium,danish,HEA_atc_G02BA,chemical_substance
HEA_atc_S03AA30,HEA,atc,S03AA30,"antiinfektiva, antiinfektiva, kombinationer","antiinfektiva, antiinfektiva, kombinationer","antiinfektiva, antiinfektiva, kombinationer",raw_atc_enhanced_hierarchical,medium,danish,HEA_atc_S03AA,chemical_substance
HEA_atc_N01BB20,HEA,atc,N01BB20,"amider, kombinationer af amider","amider, kombinationer af amider","amides, combinations of amides",raw_atc_enhanced_hierarchical,medium,danish,HEA_atc_N01BB,chemical_substance
HEA_atc_C05AD01,HEA,atc,C05AD01,"lokalanæstetika, lidocain","lokalanæstetika, lidocain","local anesthetics, lidocaine",raw_atc_enhanced_hierarchical,medium,danish,HEA_atc_C05AD,chemical_substance
HEA_atc_S01HA06,HEA,atc,S01HA06,"lokalanæstetika, cinchocain","lokalanæstetika, cinchocain","local anesthetics, cinchocaine",raw_atc_enhanced_hierarchical,medium,danish,HEA_atc_S01HA,chemical_substance
HEA_atc_S01HA02,HEA,atc,S01HA02,"lokalanæstetika, oxybuprocain","lokalanæstetika, oxybuprocain","local anesthetic, oxibuprocaine",raw_atc_enhanced_hierarchical,medium,danish,HEA_atc_S01HA,chemical_substance
HEA_atc_G03GA04,HEA,atc,G03GA04,"gonadotropiner, urofollitropin","gonadotropiner, urofollitropin","gonadotropiner, urofollitropin",raw_atc_enhanced_hierarchical,medium,danish,HEA_atc_G03GA,chemical_substance
HEA_atc_J01CR02,HEA,atc,J01CR02,"komb. af penicilliner, incl. beta-lactamase inhib., amoxicillin og beta-lactamaseinhibitor","komb. af penicilliner, incl. beta-lactamase inhib., amoxicillin og beta-lactamaseinhibitor","combination of penicillins, including beta-lactamase inhibitors, amoxicillin and beta-lactamase inhibitor",raw_atc_enhanced_hierarchical,medium,danish,HEA_atc_J01CR,chemical_substance
HEA_atc_G03AB05,HEA,atc,G03AB05,"gestagener og østrogener, sekvenspræparater, desogestrel og ethinylestradiol","gestagener og østrogener, sekvenspræparater, desogestrel og ethinylestradiol","progestogens and estrogens, sequential preparations, desogestrel and ethinyl estradiol",raw_atc_enhanced_hierarchical,medium,danish,HEA_atc_G03AB,chemical_substance
HEA_atc_D10AD01,HEA,atc,D10AD01,"retinoider til udvortes brug mod acne, tretinoin","retinoider til udvortes brug mod acne, tretinoin","retinoids for topical use in acne treatment, tretinoin",raw_atc_enhanced_hierarchical,medium,danish,HEA_atc_D10AD,chemical_substance
HEA_atc_J01FA02,HEA,atc,J01FA02,"macrolider, spiramycin","macrolider, spiramycin","macrolider, spiramycin",raw_atc_enhanced_hierarchical,medium,danish,HEA_atc_J01FA,chemical_substance
HEA_atc_N03AX09,HEA,atc,N03AX09,"andre antiepileptika, lamotrigin","andre antiepileptika, lamotrigin","other antiepileptic drugs, lamotrigine",raw_atc_enhanced_hierarchical,medium,danish,HEA_atc_N03AX,chemical_substance
HEA_atc_G03GA02,HEA,atc,G03GA02,"gonadotropiner, gonadotropin, human menopausal","gonadotropiner, gonadotropin, human menopausal","gonadotropins, human menopausal gonadotropin",raw_atc_enhanced_hierarchical,medium,danish,HEA_atc_G03GA,chemical_substance
HEA_atc_G03GB02,HEA,atc,G03GB02,"ovulationsstimulerende midler, syntetiske, clomifen","ovulationsstimulerende midler, syntetiske, clomifen","ovulationsstimulerende midler, syntetiske, clomifen",raw_atc_enhanced_hierarchical,medium,danish,HEA_atc_G03GB,chemical_substance
HEA_atc_L02AE03,HEA,atc,L02AE03,"gonadotropin-releasing hormon analoger, goserelin","gonadotropin-releasing hormon analoger, goserelin","gonadotropin-releasing hormone analogs, goserelin",raw_atc_enhanced_hierarchical,medium,danish,HEA_atc_L02AE,chemical_substance
HEA_atc_R06AE05,HEA,atc,R06AE05,"piperazin-derivater, meclozin","piperazin-derivater, meclozin","piperazin-derivater, meclozin",raw_atc_enhanced_hierarchical,medium,danish,HEA_atc_R06AE,chemical_substance
HEA_atc_A02BC02,HEA,atc,A02BC02,"protonpumpe-hæmmere, pantoprazol","protonpumpe-hæmmere, pantoprazol","proton pump inhibitors, pantoprazole",raw_atc_enhanced_hierarchical,medium,danish,HEA_atc_A02BC,chemical_substance
HEA_atc_R01BA52,HEA,atc,R01BA52,"sympatomimetika, pseudoephedrin, kombinationer","sympatomimetika, pseudoephedrin, kombinationer","sympatomimetika, pseudoephedrin, kombinationer",raw_atc_enhanced_hierarchical,medium,danish,HEA_atc_R01BA,chemical_substance
HEA_atc_C07AB05,HEA,atc,C07AB05,"beta-blokerende midler, usammensatte, selektive, betaxolol","beta-blokerende midler, usammensatte, selektive, betaxolol","beta-blokerende midler, usammensatte, selektive, betaxolol",raw_atc_enhanced_hierarchical,medium,danish,HEA_atc_C07AB,chemical_substance
HEA_atc_G03XA01,HEA,atc,G03XA01,"antigonadotropiner og lignende stoffer, danazol","antigonadotropiner og lignende stoffer, danazol","antigonadotropic agents and similar substances, danazol",raw_atc_enhanced_hierarchical,medium,danish,HEA_atc_G03XA,chemical_substance
HEA_atc_R01AC51,HEA,atc,R01AC51,"antiallergiske midler, excl. kortikosteroider, cromoglicinsyre, kombinationer","antiallergiske midler, excl. kortikosteroider, cromoglicinsyre, kombinationer","antiallergiske midler, excl. kortikosteroider, cromoglicinsyre, kombinationer",raw_atc_enhanced_hierarchical,medium,danish,HEA_atc_R01AC,chemical_substance
HEA_atc_V01AA05,HEA,atc,V01AA05,"allergenekstrakter, allergenekstrakt fra træpollen","allergenekstrakter, allergenekstrakt fra træpollen","allergenic extracts, allergenic extract from tree pollen",raw_atc_enhanced_hierarchical,medium,danish,HEA_atc_V01AA,chemical_substance
HEA_atc_V01AA02,HEA,atc,V01AA02,"allergenekstrakter, allergenekstrakt fra græspollen","allergenekstrakter, allergenekstrakt fra græspollen","allergenic extracts, grass pollen allergenic extract",raw_atc_enhanced_hierarchical,medium,danish,HEA_atc_V01AA,chemical_substance
HEA_atc_C03AA02,HEA,atc,C03AA02,"thiazider, usammensatte præparater, hydroflumethiazid","thiazider, usammensatte præparater, hydroflumethiazid","thiazides, unsystematic preparations, hydroflumethiazide",raw_atc_enhanced_hierarchical,medium,danish,HEA_atc_C03AA,chemical_substance
HEA_atc_N05CD01,HEA,atc,N05CD01,"benzodiazepin-derivater, flurazepam","benzodiazepin-derivater, flurazepam","benzodiazepin-derivater, flurazepam",raw_atc_enhanced_hierarchical,medium,danish,HEA_atc_N05CD,chemical_substance
HEA_atc_A06AX01,HEA,atc,A06AX01,"andre midler mod obstipatio, glycerol","andre midler mod obstipatio, glycerol","other laxatives, glycerol",raw_atc_enhanced_hierarchical,medium,danish,HEA_atc_A06AX,chemical_substance
HEA_atc_N05AC01,HEA,atc,N05AC01,"phenothiazin med piperidin-struktur, periciazin","phenothiazin med piperidin-struktur, periciazin","phenothiazines with piperidine structure, periciazine",raw_atc_enhanced_hierarchical,medium,danish,HEA_atc_N05AC,chemical_substance
HEA_atc_R02AA03,HEA,atc,R02AA03,"antiseptika, dichlorbenzylalkohol","antiseptika, dichlorbenzylalkohol","antiseptika, dichlorbenzylalkohol",raw_atc_enhanced_hierarchical,medium,danish,HEA_atc_R02AA,chemical_substance
HEA_atc_J01MA06,HEA,atc,J01MA06,"fluorochinoloner, norfloxacin","fluorochinoloner, norfloxacin","fluorochinoloner, norfloxacin",raw_atc_enhanced_hierarchical,medium,danish,HEA_atc_J01MA,chemical_substance
HEA_atc_R06AD04,HEA,atc,R06AD04,"phenothiazin-derivater, methdilazin","phenothiazin-derivater, methdilazin","phenothiazin-derivater, methdilazin",raw_atc_enhanced_hierarchical,medium,danish,HEA_atc_R06AD,chemical_substance
HEA_atc_S01AX07,HEA,atc,S01AX07,"andre antiinfektiva, natriumborat","andre antiinfektiva, natriumborat","other antiseptics and disinfectants, sodium borate",raw_atc_enhanced_hierarchical,medium,danish,HEA_atc_S01AX,chemical_substance
HEA_atc_B01AC07,HEA,atc,B01AC07,"blodplade-aggregationshæmmere excl. heparin, dipyridamol","blodplade-aggregationshæmmere excl. heparin, dipyridamol","platelet aggregation inhibitors excluding heparin, dipyridamole",raw_atc_enhanced_hierarchical,medium,danish,HEA_atc_B01AC,chemical_substance
HEA_atc_R03DA05,HEA,atc,R03DA05,"xanthiner, aminophyllin","xanthiner, aminophyllin","xanthiner, aminophyllin",raw_atc_enhanced_hierarchical,medium,danish,HEA_atc_R03DA,chemical_substance
HEA_atc_N02AB01,HEA,atc,N02AB01,"phenylpiperidin-derivater, ketobemidon","phenylpiperidin-derivater, ketobemidon","phenylpiperidin-derivater, ketobemidon",raw_atc_enhanced_hierarchical,medium,danish,HEA_atc_N02AB,chemical_substance
HEA_atc_L01BC02,HEA,atc,L01BC02,"pyrimidin-analoger, fluoruracil","pyrimidin-analoger, fluoruracil","pyrimidin-analoger, fluoruracil",raw_atc_enhanced_hierarchical,medium,danish,HEA_atc_L01BC,chemical_substance
HEA_atc_N05AG03,HEA,atc,N05AG03,"diphenylbutylpiperidin-derivater, penfluridol","diphenylbutylpiperidin-derivater, penfluridol","diphenylbutylpiperidin-derivater, penfluridol",raw_atc_enhanced_hierarchical,medium,danish,HEA_atc_N05AG,chemical_substance
HEA_atc_D08AX,HEA,atc,D08AX,"andre antiseptika og desinficerende midler, andre antiseptika og desinficerende midler","andre antiseptika og desinficerende midler, andre antiseptika og desinficerende midler","other antiseptics and disinfectants, other antiseptics and disinfectants",raw_atc_enhanced_hierarchical,medium,danish,HEA_atc_D08A,chemical_subgroup
HEA_atc_N01BB02,HEA,atc,N01BB02,"amider, lidocain","amider, lidocain","amider, lidocain",raw_atc_enhanced_hierarchical,medium,danish,HEA_atc_N01BB,chemical_substance
HEA_atc_A06AB06,HEA,atc,A06AB06,"kontaktlaksantia, sennes-glycosider","kontaktlaksantia, sennes-glycosider","kontaktlaksantia, sennes-glycosider",raw_atc_enhanced_hierarchical,medium,danish,HEA_atc_A06AB,chemical_substance
HEA_atc_A10BF01,HEA,atc,A10BF01,"alfa-glucosidase hæmmere, acarbose","alfa-glucosidase hæmmere, acarbose","alpha-glucosidase inhibitors, acarbose",raw_atc_enhanced_hierarchical,medium,danish,HEA_atc_A10BF,chemical_substance
HEA_atc_C01BB02,HEA,atc,C01BB02,"antiarytmika, klasse I b, mexiletin","antiarytmika, klasse I b, mexiletin","antiarrhythmics, class Ib, mexiletine",raw_atc_enhanced_hierarchical,medium,danish,HEA_atc_C01BB,chemical_substance
HEA_atc_A02BB01,HEA,atc,A02BB01,"prostaglandiner, misoprostol","prostaglandiner, misoprostol","prostaglandiner, misoprostol",raw_atc_enhanced_hierarchical,medium,danish,HEA_atc_A02BB,chemical_substance
HEA_atc_M01AE05,HEA,atc,M01AE05,"propionsyre-derivater, fenbufen","propionsyre-derivater, fenbufen","propionsyre-derivater, fenbufen",raw_atc_enhanced_hierarchical,medium,danish,HEA_atc_M01AE,chemical_substance
HEA_atc_S01FA06,HEA,atc,S01FA06,"antikolinergika, tropicamid","antikolinergika, tropicamid","antikolinergika, tropicamid",raw_atc_enhanced_hierarchical,medium,danish,HEA_atc_S01FA,chemical_substance
HEA_atc_N04AC01,HEA,atc,N04AC01,"ethere af tropin eller tropin-derivater, benzatropin","ethere af tropin eller tropin-derivater, benzatropin","derivatives of tropine or tropine derivatives, benzatropine",raw_atc_enhanced_hierarchical,medium,danish,HEA_atc_N04AC,chemical_substance
HEA_atc_M03BC01,HEA,atc,M03BC01,"ethere, kemisk beslægtet med antihistaminer, orphenadrin (citrat)","ethere, kemisk beslægtet med antihistaminer, orphenadrin (citrat)","ether, chemically related to antihistamines, orphenadrine (citrate)",raw_atc_enhanced_hierarchical,medium,danish,HEA_atc_M03BC,chemical_substance
HEA_atc_D07XC02,HEA,atc,D07XC02,"kortikosteroider (gruppe III), andre kombinationer, desoximetason","kortikosteroider (gruppe III), andre kombinationer, desoximetason","corticosteroids (group III), other combinations, desoximetasone",raw_atc_enhanced_hierarchical,medium,danish,HEA_atc_D07XC,chemical_substance
HEA_atc_L02BB01,HEA,atc,L02BB01,"anti-androgener, flutamid","anti-androgener, flutamid","anti-androgener, flutamid",raw_atc_enhanced_hierarchical,medium,danish,HEA_atc_L02BB,chemical_substance
HEA_atc_D07AB07,HEA,atc,D07AB07,"kortikosteroider, middelstærkt virkende (gruppe II), flupredniden","kortikosteroider, middelstærkt virkende (gruppe II), flupredniden","corticosteroids, moderately potent (group II), fluprednisolone",raw_atc_enhanced_hierarchical,medium,danish,HEA_atc_D07AB,chemical_substance
HEA_atc_R05DB20,HEA,atc,R05DB20,"andre antitussiva, kombinationer af andre antitussiva","andre antitussiva, kombinationer af andre antitussiva","other antitussives, combinations of other antitussives",raw_atc_enhanced_hierarchical,medium,danish,HEA_atc_R05DB,chemical_substance
HEA_atc_R05CA10,HEA,atc,R05CA10,"expectorantia, kombinationer af expectorantia","expectorantia, kombinationer af expectorantia","expectorants, combinations of expectorants",raw_atc_enhanced_hierarchical,medium,danish,HEA_atc_R05CA,chemical_substance
HEA_atc_A14AB01,HEA,atc,A14AB01,"estren-derivater, nandrolon","estren-derivater, nandrolon","estren-derivater, nandrolon",raw_atc_enhanced_hierarchical,medium,danish,HEA_atc_A14AB,chemical_substance
HEA_atc_J04AK01,HEA,atc,J04AK01,"andre stoffer til behandling af tuberculose, pyrazinamid","andre stoffer til behandling af tuberculose, pyrazinamid","other substances for the treatment of tuberculosis, pyrazinamide",raw_atc_enhanced_hierarchical,medium,danish,HEA_atc_J04AK,chemical_substance
HEA_atc_J04AK02,HEA,atc,J04AK02,"andre stoffer til behandling af tuberculose, ethambutol","andre stoffer til behandling af tuberculose, ethambutol","other substances for the treatment of tuberculosis, ethambutol",raw_atc_enhanced_hierarchical,medium,danish,HEA_atc_J04AK,chemical_substance
HEA_atc_J04AC01,HEA,atc,J04AC01,"hydrazider, isoniazid","hydrazider, isoniazid","hydrazider, isoniazid",raw_atc_enhanced_hierarchical,medium,danish,HEA_atc_J04AC,chemical_substance
HEA_atc_N05BE01,HEA,atc,N05BE01,"azaspirodecanedion-derivater, buspiron","azaspirodecanedion-derivater, buspiron","azaspirodecanedion-derivater, buspiron",raw_atc_enhanced_hierarchical,medium,danish,HEA_atc_N05BE,chemical_substance
HEA_atc_J01XC01,HEA,atc,J01XC01,"steroid antibakterika, fusidinsyre","steroid antibakterika, fusidinsyre","steroid antibiotics, fusidic acid",raw_atc_enhanced_hierarchical,medium,danish,HEA_atc_J01XC,chemical_substance
HEA_atc_B01AB10,HEA,atc,B01AB10,"heparin-gruppen, tinzaparin","heparin-gruppen, tinzaparin","heparin-gruppen, tinzaparin",raw_atc_enhanced_hierarchical,medium,danish,HEA_atc_B01AB,chemical_substance
HEA_atc_D07AB11,HEA,atc,D07AB11,"kortikosteroider, middelstærkt virkende (gruppe II), hydrocortisonbuteprat","kortikosteroider, middelstærkt virkende (gruppe II), hydrocortisonbuteprat","corticosteroids, moderately potent (group II), hydrocortisone buteprate",raw_atc_enhanced_hierarchical,medium,danish,HEA_atc_D07AB,chemical_substance
HEA_atc_J01DB01,HEA,atc,J01DB01,"cephalosporiner, 1. generation, cefalexin","cephalosporiner, 1. generation, cefalexin","cephalosporiner, 1. generation, cefalexin",raw_atc_enhanced_hierarchical,medium,danish,HEA_atc_J01DB,chemical_substance
HEA_atc_M01AE09,HEA,atc,M01AE09,"propionsyre-derivater, flurbiprofen","propionsyre-derivater, flurbiprofen","propionsyre-derivater, flurbiprofen",raw_atc_enhanced_hierarchical,medium,danish,HEA_atc_M01AE,chemical_substance
HEA_atc_P03AC04,HEA,atc,P03AC04,"pyrethriner, incl. syntetiske forbindelser, permethrin","pyrethriner, incl. syntetiske forbindelser, permethrin","pyrethriner, incl. syntetiske forbindelser, permethrin",raw_atc_enhanced_hierarchical,medium,danish,HEA_atc_P03AC,chemical_substance
HEA_atc_M05BA04,HEA,atc,M05BA04,"bisphosphonater, alendronsyre","bisphosphonater, alendronsyre","bisphosphonater, alendronsyre",raw_atc_enhanced_hierarchical,medium,danish,HEA_atc_M05BA,chemical_substance
HEA_atc_A06AB20,HEA,atc,A06AB20,"kontaktlaksantia, kontaktlaksantia i kombination","kontaktlaksantia, kontaktlaksantia i kombination","contact lens solutions, contact lens solutions in combination",raw_atc_enhanced_hierarchical,medium,danish,HEA_atc_A06AB,chemical_substance
HEA_atc_A01AB17,HEA,atc,A01AB17,"antiinfektiva til lokal brug i mundhulen, metronidazol","antiinfektiva til lokal brug i mundhulen, metronidazol","topical antiseptics for oral use, metronidazole",raw_atc_enhanced_hierarchical,medium,danish,HEA_atc_A01AB,chemical_substance
HEA_atc_A01AA01,HEA,atc,A01AA01,"midler mod caries, natriumfluorid","midler mod caries, natriumfluorid","caries preventive agents, sodium fluoride",raw_atc_enhanced_hierarchical,medium,danish,HEA_atc_A01AA,chemical_substance
HEA_atc_M01CC01,HEA,atc,M01CC01,"penicillamin og lign. stoffer, penicillamin","penicillamin og lign. stoffer, penicillamin","penicillamine and similar substances, penicillamine",raw_atc_enhanced_hierarchical,medium,danish,HEA_atc_M01CC,chemical_substance
HEA_atc_A06AG06,HEA,atc,A06AG06,"klystermidler, olie","klystermidler, olie","klystermidler, olie",raw_atc_enhanced_hierarchical,medium,danish,HEA_atc_A06AG,chemical_substance
HEA_atc_C07AA01,HEA,atc,C07AA01,"beta-blokerende midler, usammensatte, non-selekt., alprenolol","beta-blokerende midler, usammensatte, non-selekt., alprenolol","beta-blokerende midler, usammensatte, non-selekt., alprenolol",raw_atc_enhanced_hierarchical,medium,danish,HEA_atc_C07AA,chemical_substance
HEA_atc_N06BA04,HEA,atc,N06BA04,"centralt virkende sympatomimetika, methylphenidat","centralt virkende sympatomimetika, methylphenidat","centralt virkende sympatomimetika, methylphenidat",raw_atc_enhanced_hierarchical,medium,danish,HEA_atc_N06BA,chemical_substance
HEA_atc_B05CA02,HEA,atc,B05CA02,"antiinfektiva, chlorhexidin","antiinfektiva, chlorhexidin","antiinfektiva, chlorhexidin",raw_atc_enhanced_hierarchical,medium,danish,HEA_atc_B05CA,chemical_substance
HEA_atc_R05DB05,HEA,atc,R05DB05,"andre antitussiva, pentoxyverin","andre antitussiva, pentoxyverin","other antitussives, pentoxyverine",raw_atc_enhanced_hierarchical,medium,danish,HEA_atc_R05DB,chemical_substance
HEA_atc_A03FA03,HEA,atc,A03FA03,"propulsives, domperidon","propulsives, domperidon","propulsives, domperidon",raw_atc_enhanced_hierarchical,medium,danish,HEA_atc_A03FA,chemical_substance
HEA_atc_R03AA01,HEA,atc,R03AA01,"alfa- og beta-adrenoceptor agonister, adrenalin","alfa- og beta-adrenoceptor agonister, adrenalin","alpha- and beta-adrenergic agonists, adrenaline",raw_atc_enhanced_hierarchical,medium,danish,HEA_atc_R03AA,chemical_substance
HEA_atc_A04AA01,HEA,atc,A04AA01,"serotonin (5HT3) antagonister, ondansetron","serotonin (5HT3) antagonister, ondansetron","serotonin (5HT3) antagonister, ondansetron",raw_atc_enhanced_hierarchical,medium,danish,HEA_atc_A04AA,chemical_substance
HEA_atc_D07XB01,HEA,atc,D07XB01,"kortikosteroider (gruppe II), andre kombinationer, flumetason","kortikosteroider (gruppe II), andre kombinationer, flumetason","corticosteroids (group II), other combinations, fluticasone",raw_atc_enhanced_hierarchical,medium,danish,HEA_atc_D07XB,chemical_substance
HEA_atc_M01CB01,HEA,atc,M01CB01,"guld-forbindelser, aurothiomalat-natrium","guld-forbindelser, aurothiomalat-natrium","guld-forbindelser, aurothiomalat-natrium",raw_atc_enhanced_hierarchical,medium,danish,HEA_atc_M01CB,chemical_substance
HEA_atc_D07AC08,HEA,atc,D07AC08,"kortikosteroider, stærkt virkende (gruppe III), fluocinonid","kortikosteroider, stærkt virkende (gruppe III), fluocinonid","potent corticosteroids (group III), fluocinonide",raw_atc_enhanced_hierarchical,medium,danish,HEA_atc_D07AC,chemical_substance
HEA_atc_D01AA01,HEA,atc,D01AA01,"antibiotika, nystatin","antibiotika, nystatin","antibiotika, nystatin",raw_atc_enhanced_hierarchical,medium,danish,HEA_atc_D01AA,chemical_substance
HEA_atc_A02AB05,HEA,atc,A02AB05,"aluminiumforbindelser, aluminiumacetoacetat","aluminiumforbindelser, aluminiumacetoacetat","aluminiumforbindelser, aluminiumacetoacetat",raw_atc_enhanced_hierarchical,medium,danish,HEA_atc_A02AB,chemical_substance
HEA_atc_A11HA02,HEA,atc,A11HA02,"andre usammensatte vitaminpræparater, pyridoxin (vitamin B6)","andre usammensatte vitaminpræparater, pyridoxin (vitamin B6)","other uncombined vitamin preparations, pyridoxine (vitamin B6)",raw_atc_enhanced_hierarchical,medium,danish,HEA_atc_A11HA,chemical_substance
HEA_atc_D06BB02,HEA,atc,D06BB02,"antivirale midler, tromantadin","antivirale midler, tromantadin","antivirale midler, tromantadin",raw_atc_enhanced_hierarchical,medium,danish,HEA_atc_D06BB,chemical_substance
HEA_atc_G03DA04,HEA,atc,G03DA04,"pregnen(4)-derivater, progesteron","pregnen(4)-derivater, progesteron","pregnen(4)-derivater, progesteron",raw_atc_enhanced_hierarchical,medium,danish,HEA_atc_G03DA,chemical_substance
HEA_atc_A06AA02,HEA,atc,A06AA02,"blødgørende midler, natriumdocusat","blødgørende midler, natriumdocusat","laxatives, sodium docusate",raw_atc_enhanced_hierarchical,medium,danish,HEA_atc_A06AA,chemical_substance
HEA_atc_A11CB,HEA,atc,A11CB,"vitamin A og D i kombination, vitamin A og D i kombination","vitamin A og D i kombination, vitamin A og D i kombination","vitamin A and D combination, vitamin A and D combination",raw_atc_enhanced_hierarchical,medium,danish,HEA_atc_A11C,chemical_subgroup
HEA_atc_C10AD06,HEA,atc,C10AD06,"nicotinsyre og derivater, acipimox","nicotinsyre og derivater, acipimox","Nicotinic acid and derivatives, acipimox",raw_atc_enhanced_hierarchical,medium,danish,HEA_atc_C10AD,chemical_substance
HEA_atc_A01AB02,HEA,atc,A01AB02,"antiinfektiva til lokal brug i mundhulen, hydrogenperoxid","antiinfektiva til lokal brug i mundhulen, hydrogenperoxid","Antiseptics for local use in the mouth, hydrogen peroxide",raw_atc_enhanced_hierarchical,medium,danish,HEA_atc_A01AB,chemical_substance
HEA_atc_H02AB09,HEA,atc,H02AB09,"glucocorticoider, hydrocortison","glucocorticoider, hydrocortison","glucocorticoider, hydrocortison",raw_atc_enhanced_hierarchical,medium,danish,HEA_atc_H02AB,chemical_substance
HEA_atc_A06AG02,HEA,atc,A06AG02,"klystermidler, bisacodyl","klystermidler, bisacodyl","klystermidler, bisacodyl",raw_atc_enhanced_hierarchical,medium,danish,HEA_atc_A06AG,chemical_substance
HEA_atc_R06AA04,HEA,atc,R06AA04,"aminoalkyl-ethere, clemastin","aminoalkyl-ethere, clemastin","aminoalkyl-ethere, clemastin",raw_atc_enhanced_hierarchical,medium,danish,HEA_atc_R06AA,chemical_substance
HEA_atc_V03AB21,HEA,atc,V03AB21,"antidoter, kaliumiodid","antidoter, kaliumiodid","antidoter, kaliumiodid",raw_atc_enhanced_hierarchical,medium,danish,HEA_atc_V03AB,chemical_substance
HEA_atc_J07BB02,HEA,atc,J07BB02,"influenza vacciner, influenza, renset antigen","influenza vacciner, influenza, renset antigen","influenza vacciner, influenza, renset antigen",raw_atc_enhanced_hierarchical,medium,danish,HEA_atc_J07BB,chemical_substance
HEA_atc_N05AA04,HEA,atc,N05AA04,"phenothiazin med alifatisk sidekæde, acepromazin","phenothiazin med alifatisk sidekæde, acepromazin","Phenothiazines with aliphatic side chain, acepromazine",raw_atc_enhanced_hierarchical,medium,danish,HEA_atc_N05AA,chemical_substance
HEA_atc_D07AD02,HEA,atc,D07AD02,"kortikosteroider, ekstra stærkt virkende (gruppe IV), halcinonid","kortikosteroider, ekstra stærkt virkende (gruppe IV), halcinonid","Corticosteroids, very potent (Group IV), halcinonide",raw_atc_enhanced_hierarchical,medium,danish,HEA_atc_D07AD,chemical_substance
HEA_atc_A07EA02,HEA,atc,A07EA02,"kortikosteroider med lokal virkning, hydrocortison","kortikosteroider med lokal virkning, hydrocortison","Corticosteroids with local effect, hydrocortisone",raw_atc_enhanced_hierarchical,medium,danish,HEA_atc_A07EA,chemical_substance
HEA_atc_G03AA03,HEA,atc,G03AA03,"gestagener og østrogener, faste kombinationer, lynestrenol og ethinylestradiol","gestagener og østrogener, faste kombinationer, lynestrenol og ethinylestradiol","Progestogens and estrogens, fixed combinations, lynestrenol and ethinylestradiol",raw_atc_enhanced_hierarchical,medium,danish,HEA_atc_G03AA,chemical_substance
HEA_atc_A11AA03,HEA,atc,A11AA03,"multivitaminer med mineraler, multivitaminer og andre mineraler, incl. komb.","multivitaminer med mineraler, multivitaminer og andre mineraler, incl. komb.","Multivitamins with minerals, multivitamins and other minerals, including combinations",raw_atc_enhanced_hierarchical,medium,danish,HEA_atc_A11AA,chemical_substance
HEA_atc_H02AB02,HEA,atc,H02AB02,"glucocorticoider, dexamethason","glucocorticoider, dexamethason","glucocorticoider, dexamethason",raw_atc_enhanced_hierarchical,medium,danish,HEA_atc_H02AB,chemical_substance
HEA_atc_D05BA02,HEA,atc,D05BA02,"psoralener til systemisk brug, methoxalen, systemisk","psoralener til systemisk brug, methoxalen, systemisk","Psoralens for systemic use, methoxsalen, systemic",raw_atc_enhanced_hierarchical,medium,danish,HEA_atc_D05BA,chemical_substance
HEA_atc_D01BA01,HEA,atc,D01BA01,"fungicider til systemisk brug, griseofulvin","fungicider til systemisk brug, griseofulvin","Antifungal agents for systemic use, griseofulvin",raw_atc_enhanced_hierarchical,medium,danish,HEA_atc_D01BA,chemical_substance
HEA_atc_J01BA01,HEA,atc,J01BA01,"amphenicoler, chloramphenicol","amphenicoler, chloramphenicol","amphenicoler, chloramphenicol",raw_atc_enhanced_hierarchical,medium,danish,HEA_atc_J01BA,chemical_substance
HEA_atc_R06AE04,HEA,atc,R06AE04,"piperazin-derivater, chlorcyclizin","piperazin-derivater, chlorcyclizin","piperazin-derivater, chlorcyclizin",raw_atc_enhanced_hierarchical,medium,danish,HEA_atc_R06AE,chemical_substance
HEA_atc_D06BB04,HEA,atc,D06BB04,"antivirale midler, podophyllotoxin","antivirale midler, podophyllotoxin","antivirale midler, podophyllotoxin",raw_atc_enhanced_hierarchical,medium,danish,HEA_atc_D06BB,chemical_substance
HEA_atc_N03AB01,HEA,atc,N03AB01,"hydantoin-derivater, ethotoin","hydantoin-derivater, ethotoin","hydantoin-derivater, ethotoin",raw_atc_enhanced_hierarchical,medium,danish,HEA_atc_N03AB,chemical_substance
HEA_atc_D08AC02,HEA,atc,D08AC02,"biguanider og amidiner, chlorhexidin","biguanider og amidiner, chlorhexidin","Biguanides and amidines, chlorhexidine",raw_atc_enhanced_hierarchical,medium,danish,HEA_atc_D08AC,chemical_substance
HEA_atc_R06AA11,HEA,atc,R06AA11,"aminoalkyl-ethere, dimenhydrinat","aminoalkyl-ethere, dimenhydrinat","aminoalkyl-ethere, dimenhydrinat",raw_atc_enhanced_hierarchical,medium,danish,HEA_atc_R06AA,chemical_substance
HEA_atc_G03AC03,HEA,atc,G03AC03,"gestagener, levonorgestrel","gestagener, levonorgestrel","gestagener, levonorgestrel",raw_atc_enhanced_hierarchical,medium,danish,HEA_atc_G03AC,chemical_substance
HEA_atc_M01CB03,HEA,atc,M01CB03,"guld-forbindelser, auranofin","guld-forbindelser, auranofin","guld-forbindelser, auranofin",raw_atc_enhanced_hierarchical,medium,danish,HEA_atc_M01CB,chemical_substance
HEA_atc_G03AC02,HEA,atc,G03AC02,"gestagener, lynestrenol","gestagener, lynestrenol","gestagener, lynestrenol",raw_atc_enhanced_hierarchical,medium,danish,HEA_atc_G03AC,chemical_substance
HEA_atc_G03AC06,HEA,atc,G03AC06,"gestagener, medroxyprogesteron","gestagener, medroxyprogesteron","gestagener, medroxyprogesteron",raw_atc_enhanced_hierarchical,medium,danish,HEA_atc_G03AC,chemical_substance
HEA_atc_J01FF01,HEA,atc,J01FF01,"lincosamider, clindamycin","lincosamider, clindamycin","lincosamider, clindamycin",raw_atc_enhanced_hierarchical,medium,danish,HEA_atc_J01FF,chemical_substance
HEA_atc_C09BA07,HEA,atc,C09BA07,"ACE-hæmmere og diuretika, benazepril og diuretika","ACE-hæmmere og diuretika, benazepril og diuretika","ACE inhibitors and diuretics, benazepril and diuretics",raw_atc_enhanced_hierarchical,medium,danish,HEA_atc_C09BA,chemical_substance
HEA_atc_L02AB01,HEA,atc,L02AB01,"gestagener, megestrol","gestagener, megestrol","gestagener, megestrol",raw_atc_enhanced_hierarchical,medium,danish,HEA_atc_L02AB,chemical_substance
HEA_atc_M02AA05,HEA,atc,M02AA05,"antiinflammatorika, non-steroide, udvortes brug, benzydamin","antiinflammatorika, non-steroide, udvortes brug, benzydamin","nonsteroidal anti-inflammatory drugs, topical use, benzydamine",raw_atc_enhanced_hierarchical,medium,danish,HEA_atc_M02AA,chemical_substance
HEA_atc_P02DA01,HEA,atc,P02DA01,"salicylsyre-derivater, niclosamid","salicylsyre-derivater, niclosamid","salicylsyre-derivater, niclosamid",raw_atc_enhanced_hierarchical,medium,danish,HEA_atc_P02DA,chemical_substance
HEA_atc_J01CA20,HEA,atc,J01CA20,"penicilliner med udvidet spektrum, kombinationer af penicilliner med udvidet spektrum","penicilliner med udvidet spektrum, kombinationer af penicilliner med udvidet spektrum","broad-spectrum penicillins, combinations of broad-spectrum penicillins",raw_atc_enhanced_hierarchical,medium,danish,HEA_atc_J01CA,chemical_substance
HEA_atc_A01AB03,HEA,atc,A01AB03,"antiinfektiva til lokal brug i mundhulen, chlorhexidin","antiinfektiva til lokal brug i mundhulen, chlorhexidin","antiseptics for local oral use, chlorhexidine",raw_atc_enhanced_hierarchical,medium,danish,HEA_atc_A01AB,chemical_substance
HEA_atc_P03AC03,HEA,atc,P03AC03,"pyrethriner, incl. syntetiske forbindelser, phenothrin","pyrethriner, incl. syntetiske forbindelser, phenothrin","pyrethriner, incl. syntetiske forbindelser, phenothrin",raw_atc_enhanced_hierarchical,medium,danish,HEA_atc_P03AC,chemical_substance
HEA_atc_N05AD05,HEA,atc,N05AD05,"butyrophenon-derivater, pipamperon","butyrophenon-derivater, pipamperon","butyrophenon-derivater, pipamperon",raw_atc_enhanced_hierarchical,medium,danish,HEA_atc_N05AD,chemical_substance
HEA_atc_J04BA02,HEA,atc,J04BA02,"midler til behandling af lepra, dapson","midler til behandling af lepra, dapson","leprosy treatment agents, dapsone",raw_atc_enhanced_hierarchical,medium,danish,HEA_atc_J04BA,chemical_substance
HEA_atc_A02BX05,HEA,atc,A02BX05,"andre midler mod mavesår og gastro-øsofagal reflux (gord), bismuthsubcitrat","andre midler mod mavesår og gastro-øsofagal reflux (gord), bismuthsubcitrat","other agents for peptic ulcer and gastroesophageal reflux disease (GERD), bismuth subcitrate",raw_atc_enhanced_hierarchical,medium,danish,HEA_atc_A02BX,chemical_substance
HEA_atc_C10AC02,HEA,atc,C10AC02,"galdesyrebindende midler, colestipol","galdesyrebindende midler, colestipol","galdesyrebindende midler, colestipol",raw_atc_enhanced_hierarchical,medium,danish,HEA_atc_C10AC,chemical_substance
HEA_atc_N01BB01,HEA,atc,N01BB01,"amider, bupivacain","amider, bupivacain","amider, bupivacain",raw_atc_enhanced_hierarchical,medium,danish,HEA_atc_N01BB,chemical_substance
HEA_atc_C09AA09,HEA,atc,C09AA09,"ACE-hæmmere, usammensatte, fosinopril","ACE-hæmmere, usammensatte, fosinopril","ACE inhibitors, unspecified, fosinopril",raw_atc_enhanced_hierarchical,medium,danish,HEA_atc_C09AA,chemical_substance
HEA_atc_A04AD05,HEA,atc,A04AD05,"andre antiemetika, metopimazin","andre antiemetika, metopimazin","other antiemetics, metopimazine",raw_atc_enhanced_hierarchical,medium,danish,HEA_atc_A04AD,chemical_substance
HEA_atc_S01ED05,HEA,atc,S01ED05,"beta-blokerende midler, carteolol","beta-blokerende midler, carteolol","beta-blokerende midler, carteolol",raw_atc_enhanced_hierarchical,medium,danish,HEA_atc_S01ED,chemical_substance
HEA_atc_D02AX,HEA,atc,D02AX,"andre blødgørende og hudbeskyttende midler, andre blødgørende og hudbeskyttende midler","andre blødgørende og hudbeskyttende midler, andre blødgørende og hudbeskyttende midler","other keratolytics and protective skin agents, other keratolytics and protective skin agents",raw_atc_enhanced_hierarchical,medium,danish,HEA_atc_D02A,chemical_subgroup
HEA_atc_S01ED04,HEA,atc,S01ED04,"beta-blokerende midler, metipranolol","beta-blokerende midler, metipranolol","beta-blokerende midler, metipranolol",raw_atc_enhanced_hierarchical,medium,danish,HEA_atc_S01ED,chemical_substance
HEA_atc_B03AA06,HEA,atc,B03AA06,"jern(II), orale midler, ferrosuccinat","jern(II), orale midler, ferrosuccinat","jern(II), orale midler, ferrosuccinat",raw_atc_enhanced_hierarchical,medium,danish,HEA_atc_B03AA,chemical_substance
HEA_atc_R03DA02,HEA,atc,R03DA02,"xanthiner, cholintheophyllinat","xanthiner, cholintheophyllinat","xanthiner, cholintheophyllinat",raw_atc_enhanced_hierarchical,medium,danish,HEA_atc_R03DA,chemical_substance
HEA_atc_R01AA06,HEA,atc,R01AA06,"sympatomimetika, usammensatte, tetryzolin","sympatomimetika, usammensatte, tetryzolin","sympatomimetika, usammensatte, tetryzolin",raw_atc_enhanced_hierarchical,medium,danish,HEA_atc_R01AA,chemical_substance
HEA_atc_G01AA07,HEA,atc,G01AA07,"antibiotika, oxytetracyclin","antibiotika, oxytetracyclin","antibiotika, oxytetracyclin",raw_atc_enhanced_hierarchical,medium,danish,HEA_atc_G01AA,chemical_substance
HEA_atc_D08AD,HEA,atc,D08AD,"borsyrepræparater, borsyrepræparater","borsyrepræparater, borsyrepræparater","borate preparations, borate preparations",raw_atc_enhanced_hierarchical,medium,danish,HEA_atc_D08A,chemical_subgroup
HEA_atc_D03AX01,HEA,atc,D03AX01,"andre sårhelende midler, cadexomer iod","andre sårhelende midler, cadexomer iod","other wound healing agents, cadexomer iodine",raw_atc_enhanced_hierarchical,medium,danish,HEA_atc_D03AX,chemical_substance
HEA_atc_L02AB02,HEA,atc,L02AB02,"gestagener, medroxyprogesteron","gestagener, medroxyprogesteron","gestagener, medroxyprogesteron",raw_atc_enhanced_hierarchical,medium,danish,HEA_atc_L02AB,chemical_substance
HEA_atc_N02AC01,HEA,atc,N02AC01,"diphenylpropylamin-derivater, dextromoramid","diphenylpropylamin-derivater, dextromoramid","diphenylpropylamin-derivater, dextromoramid",raw_atc_enhanced_hierarchical,medium,danish,HEA_atc_N02AC,chemical_substance
HEA_atc_R06AX09,HEA,atc,R06AX09,"andre antihistaminer til systemisk brug, azatadin","andre antihistaminer til systemisk brug, azatadin","other antihistamines for systemic use, azatadine",raw_atc_enhanced_hierarchical,medium,danish,HEA_atc_R06AX,chemical_substance
HEA_atc_G03DB01,HEA,atc,G03DB01,"pregnadien-derivater, dydrogesteron","pregnadien-derivater, dydrogesteron","pregnadien-derivater, dydrogesteron",raw_atc_enhanced_hierarchical,medium,danish,HEA_atc_G03DB,chemical_substance
HEA_atc_C03AA05,HEA,atc,C03AA05,"thiazider, usammensatte præparater, polythiazid","thiazider, usammensatte præparater, polythiazid","thiazides, compound preparations, polythiazide",raw_atc_enhanced_hierarchical,medium,danish,HEA_atc_C03AA,chemical_substance
HEA_atc_D03AA,HEA,atc,D03AA,"levertransalver, levertransalver","levertransalver, levertransalver","levertransalver, levertransalver",raw_atc_enhanced_hierarchical,medium,danish,HEA_atc_D03A,chemical_subgroup
HEA_atc_P02CX01,HEA,atc,P02CX01,"andre antinematode-midler, pyrvinium","andre antinematode-midler, pyrvinium","other antihelminthics, anthelmintics for nematodes, pyrvinium",raw_atc_enhanced_hierarchical,medium,danish,HEA_atc_P02CX,chemical_substance
HEA_atc_G02CB03,HEA,atc,G02CB03,"prolactin inhibitorer, cabergolin","prolactin inhibitorer, cabergolin","prolactin inhibitorer, cabergolin",raw_atc_enhanced_hierarchical,medium,danish,HEA_atc_G02CB,chemical_substance
HEA_atc_H02AA02,HEA,atc,H02AA02,"mineralocorticoider, fludrocortison","mineralocorticoider, fludrocortison","mineralocorticoider, fludrocortison",raw_atc_enhanced_hierarchical,medium,danish,HEA_atc_H02AA,chemical_substance
HEA_atc_M02AA08,HEA,atc,M02AA08,"antiinflammatorika, non-steroide, udvortes brug, felbinac","antiinflammatorika, non-steroide, udvortes brug, felbinac","non-steroidal anti-inflammatory drugs, topical use, felbinac",raw_atc_enhanced_hierarchical,medium,danish,HEA_atc_M02AA,chemical_substance
HEA_atc_H01CA02,HEA,atc,H01CA02,"gonadotropin-releasing hormoner, nafarelin","gonadotropin-releasing hormoner, nafarelin","gonadotropin-releasing hormones, nafarelin",raw_atc_enhanced_hierarchical,medium,danish,HEA_atc_H01CA,chemical_substance
HEA_atc_N07AA02,HEA,atc,N07AA02,"anticholinesteraser, pyridostigmin","anticholinesteraser, pyridostigmin","anticholinesteraser, pyridostigmin",raw_atc_enhanced_hierarchical,medium,danish,HEA_atc_N07AA,chemical_substance
HEA_atc_N01AH01,HEA,atc,N01AH01,"opioid-anæstetika, fentanyl","opioid-anæstetika, fentanyl","opioid analgesics, fentanyl",raw_atc_enhanced_hierarchical,medium,danish,HEA_atc_N01AH,chemical_substance
HEA_atc_D02AC,HEA,atc,D02AC,"vaselin og fedtstoffer, vaselin og fedtstoffer","vaselin og fedtstoffer, vaselin og fedtstoffer","vaseline and fat substances, vaseline and fat substances",raw_atc_enhanced_hierarchical,medium,danish,HEA_atc_D02A,chemical_subgroup
HEA_atc_N05AD06,HEA,atc,N05AD06,"butyrophenon-derivater, bromperidol","butyrophenon-derivater, bromperidol","butyrophenon-derivater, bromperidol",raw_atc_enhanced_hierarchical,medium,danish,HEA_atc_N05AD,chemical_substance
HEA_atc_A07EC03,HEA,atc,A07EC03,"aminosalicylsyre og analoger, olsalazin","aminosalicylsyre og analoger, olsalazin","aminosalicylic acid and analogs, olsalazine",raw_atc_enhanced_hierarchical,medium,danish,HEA_atc_A07EC,chemical_substance
HEA_atc_D06BB01,HEA,atc,D06BB01,"antivirale midler, idoxuridin","antivirale midler, idoxuridin","antivirale midler, idoxuridin",raw_atc_enhanced_hierarchical,medium,danish,HEA_atc_D06BB,chemical_substance
HEA_atc_N02CA04,HEA,atc,N02CA04,"ergot-alkaloider, methysergid","ergot-alkaloider, methysergid","ergot-alkaloider, methysergid",raw_atc_enhanced_hierarchical,medium,danish,HEA_atc_N02CA,chemical_substance
HEA_atc_N06BA01,HEA,atc,N06BA01,"centralt virkende sympatomimetika, amfetamin","centralt virkende sympatomimetika, amfetamin","centralt virkende sympatomimetika, amfetamin",raw_atc_enhanced_hierarchical,medium,danish,HEA_atc_N06BA,chemical_substance
HEA_atc_P01BD51,HEA,atc,P01BD51,"diaminopyrimidiner, pyrimethamin, kombinationer","diaminopyrimidiner, pyrimethamin, kombinationer","diaminopyrimidiner, pyrimethamin, kombinationer",raw_atc_enhanced_hierarchical,medium,danish,HEA_atc_P01BD,chemical_substance
HEA_atc_D11AX02,HEA,atc,D11AX02,"andre dermatologiske midler, gamolensyre","andre dermatologiske midler, gamolensyre","other dermatological preparations, glycolic acid",raw_atc_enhanced_hierarchical,medium,danish,HEA_atc_D11AX,chemical_substance
HEA_atc_N01AB01,HEA,atc,N01AB01,"halogenerede kulbrinter, halothan","halogenerede kulbrinter, halothan","halogenerede kulbrinter, halothan",raw_atc_enhanced_hierarchical,medium,danish,HEA_atc_N01AB,chemical_substance
HEA_atc_M03AB01,HEA,atc,M03AB01,"cholin-derivater, suxamethon","cholin-derivater, suxamethon","cholin-derivater, suxamethon",raw_atc_enhanced_hierarchical,medium,danish,HEA_atc_M03AB,chemical_substance
HEA_atc_N01AF03,HEA,atc,N01AF03,"barbiturater, usammensatte, thiopental","barbiturater, usammensatte, thiopental","Barbiturates, unscheduled, thiopental",raw_atc_enhanced_hierarchical,medium,danish,HEA_atc_N01AF,chemical_substance
HEA_atc_V03AB25,HEA,atc,V03AB25,"antidoter, flumazenil","antidoter, flumazenil","antidoter, flumazenil",raw_atc_enhanced_hierarchical,medium,danish,HEA_atc_V03AB,chemical_substance
HEA_atc_C01CA24,HEA,atc,C01CA24,"adrenerge og dopaminerge midler, adrenalin","adrenerge og dopaminerge midler, adrenalin","Adrenergic and dopamine agents, adrenaline",raw_atc_enhanced_hierarchical,medium,danish,HEA_atc_C01CA,chemical_substance
HEA_atc_L02AE01,HEA,atc,L02AE01,"gonadotropin-releasing hormon analoger, buserelin","gonadotropin-releasing hormon analoger, buserelin","Gonadotropin-releasing hormone analogs, buserelin",raw_atc_enhanced_hierarchical,medium,danish,HEA_atc_L02AE,chemical_substance
HEA_atc_D11AC03,HEA,atc,D11AC03,"medicinsk shampoo, selenforbindelser","medicinsk shampoo, selenforbindelser","medicinsk shampoo, selenforbindelser",raw_atc_enhanced_hierarchical,medium,danish,HEA_atc_D11AC,chemical_substance
HEA_atc_A02AB01,HEA,atc,A02AB01,"aluminiumforbindelser, aluminiumoxid","aluminiumforbindelser, aluminiumoxid","aluminiumforbindelser, aluminiumoxid",raw_atc_enhanced_hierarchical,medium,danish,HEA_atc_A02AB,chemical_substance
HEA_atc_V01AA11,HEA,atc,V01AA11,"allergenekstrakter, allergenekstrakt fra dyr","allergenekstrakter, allergenekstrakt fra dyr","allergenekstrakter, allergenekstrakt fra dyr",raw_atc_enhanced_hierarchical,medium,danish,HEA_atc_V01AA,chemical_substance
HEA_atc_N03AD01,HEA,atc,N03AD01,"succinimid-derivater, ethosuximid","succinimid-derivater, ethosuximid","succinimid-derivater, ethosuximid",raw_atc_enhanced_hierarchical,medium,danish,HEA_atc_N03AD,chemical_substance
HEA_atc_D02AE01,HEA,atc,D02AE01,"carbamidpræparater, carbamid","carbamidpræparater, carbamid","Carbamide preparations, carbamide",raw_atc_enhanced_hierarchical,medium,danish,HEA_atc_D02AE,chemical_substance
HEA_atc_V03AG01,HEA,atc,V03AG01,"midler til behandling af hypercalcæmi, natriumcellulosephosphat","midler til behandling af hypercalcæmi, natriumcellulosephosphat","Agents for the treatment of hypercalcemia, sodium cellulose phosphate",raw_atc_enhanced_hierarchical,medium,danish,HEA_atc_V03AG,chemical_substance
HEA_atc_C07BA06,HEA,atc,C07BA06,"beta-blokkere, non-selektive og thiazider, timolol og thiazider","beta-blokkere, non-selektive og thiazider, timolol og thiazider","Beta-blockers, non-selective and thiazides, timolol and thiazides",raw_atc_enhanced_hierarchical,medium,danish,HEA_atc_C07BA,chemical_substance
HEA_atc_B05BB01,HEA,atc,B05BB01,"opløsninger med virkning på elektrolytbalancen, elektrolytter","opløsninger med virkning på elektrolytbalancen, elektrolytter","Solutions affecting electrolyte balance, electrolytes",raw_atc_enhanced_hierarchical,medium,danish,HEA_atc_B05BB,chemical_substance
HEA_atc_B05BA03,HEA,atc,B05BA03,"opløsninger til parenteral ernæring, kulhydrater","opløsninger til parenteral ernæring, kulhydrater","Solutions for parenteral nutrition, carbohydrates",raw_atc_enhanced_hierarchical,medium,danish,HEA_atc_B05BA,chemical_substance
HEA_atc_G03AA01,HEA,atc,G03AA01,"gestagener og østrogener, faste kombinationer, etynodiol og estradiol","gestagener og østrogener, faste kombinationer, etynodiol og estradiol","Progestogens and estrogens, fixed combinations, ethynodiol diacetate and estradiol",raw_atc_enhanced_hierarchical,medium,danish,HEA_atc_G03AA,chemical_substance
HEA_atc_P03AX03,HEA,atc,P03AX03,"andre ectoparasitmidler, incl. scabiesmidler, malathion","andre ectoparasitmidler, incl. scabiesmidler, malathion","Other ectoparasitic agents, including scabicide agents, malathion",raw_atc_enhanced_hierarchical,medium,danish,HEA_atc_P03AX,chemical_substance
HEA_atc_N05AD08,HEA,atc,N05AD08,"butyrophenon-derivater, droperidol","butyrophenon-derivater, droperidol","butyrophenon-derivater, droperidol",raw_atc_enhanced_hierarchical,medium,danish,HEA_atc_N05AD,chemical_substance
HEA_atc_N01AH03,HEA,atc,N01AH03,"opioid-anæstetika, sufentanil","opioid-anæstetika, sufentanil","opioid analgesics, sufentanil",raw_atc_enhanced_hierarchical,medium,danish,HEA_atc_N01AH,chemical_substance
HEA_atc_A02BA03,HEA,atc,A02BA03,"H2-receptor antagonister, famotidin","H2-receptor antagonister, famotidin","H2-receptor antagonister, famotidin",raw_atc_enhanced_hierarchical,medium,danish,HEA_atc_A02BA,chemical_substance
HEA_atc_D11AX01,HEA,atc,D11AX01,"andre dermatologiske midler, minoxidil, udvortes","andre dermatologiske midler, minoxidil, udvortes","other dermatologic preparations, minoxidil, undecylenic acid",raw_atc_enhanced_hierarchical,medium,danish,HEA_atc_D11AX,chemical_substance
HEA_atc_N02BB51,HEA,atc,N02BB51,"pyrazoloner, phenazon, kombinationer excl. psykoleptika","pyrazoloner, phenazon, kombinationer excl. psykoleptika","pyrazoloner, phenazon, kombinationer excl. psykoleptika",raw_atc_enhanced_hierarchical,medium,danish,HEA_atc_N02BB,chemical_substance
HEA_atc_D07BC02,HEA,atc,D07BC02,"kortikosteroider (gruppe III) og antiseptika, fluocinolon og antiseptika","kortikosteroider (gruppe III) og antiseptika, fluocinolon og antiseptika","corticosteroids (class III) and antiseptics, fluocinolone and antiseptics",raw_atc_enhanced_hierarchical,medium,danish,HEA_atc_D07BC,chemical_substance
HEA_atc_R07AB07,HEA,atc,R07AB07,"respirationsstimulerende midler, almitrin","respirationsstimulerende midler, almitrin","respirationsstimulerende midler, almitrin",raw_atc_enhanced_hierarchical,medium,danish,HEA_atc_R07AB,chemical_substance
HEA_atc_C10AB01,HEA,atc,C10AB01,"fibrater, clofibrat","fibrater, clofibrat","fibrater, clofibrat",raw_atc_enhanced_hierarchical,medium,danish,HEA_atc_C10AB,chemical_substance
HEA_atc_N05AH01,HEA,atc,N05AH01,"diazepiner, oxazepiner, thiazepiner og oxepiner, loxapin","diazepiner, oxazepiner, thiazepiner og oxepiner, loxapin","benzodiazepines, oxazepam, thiazepine, and oxepine derivatives, loxapine",raw_atc_enhanced_hierarchical,medium,danish,HEA_atc_N05AH,chemical_substance
HEA_atc_D08AG03,HEA,atc,D08AG03,"iodpræparater, iod","iodpræparater, iod","iodine preparations, iodine",raw_atc_enhanced_hierarchical,medium,danish,HEA_atc_D08AG,chemical_substance
HEA_atc_A07CA,HEA,atc,A07CA,"orale rehydreringssalt-formuleringer, orale rehydreringssalt-formuleringer","orale rehydreringssalt-formuleringer, orale rehydreringssalt-formuleringer","orale rehydreringssalt-formuleringer, orale rehydreringssalt-formuleringer",raw_atc_enhanced_hierarchical,medium,danish,HEA_atc_A07C,chemical_subgroup
HEA_atc_A11CC04,HEA,atc,A11CC04,"vitamin D og analoger, calcitriol","vitamin D og analoger, calcitriol","vitamin D and analogs, calcitriol",raw_atc_enhanced_hierarchical,medium,danish,HEA_atc_A11CC,chemical_substance
HEA_atc_R06AD01,HEA,atc,R06AD01,"phenothiazin-derivater, alimemazin","phenothiazin-derivater, alimemazin","phenothiazin-derivater, alimemazin",raw_atc_enhanced_hierarchical,medium,danish,HEA_atc_R06AD,chemical_substance
HEA_atc_A07EA06,HEA,atc,A07EA06,"kortikosteroider med lokal virkning, budesonid","kortikosteroider med lokal virkning, budesonid","corticosteroids with local action, budesonide",raw_atc_enhanced_hierarchical,medium,danish,HEA_atc_A07EA,chemical_substance
HEA_atc_D11AA,HEA,atc,D11AA,"antihidrotica, antihidrotica","antihidrotica, antihidrotica","antihidrotica, antihidrotica",raw_atc_enhanced_hierarchical,medium,danish,HEA_atc_D11A,chemical_subgroup
HEA_atc_H01AC01,HEA,atc,H01AC01,"somatropin og somatropin agonister, somatropin","somatropin og somatropin agonister, somatropin","somatotropins and somatotropin agonists, somatropin",raw_atc_enhanced_hierarchical,medium,danish,HEA_atc_H01AC,chemical_substance
HEA_atc_A06AG01,HEA,atc,A06AG01,"klystermidler, natriumphosphat","klystermidler, natriumphosphat","klystermidler, natriumphosphat",raw_atc_enhanced_hierarchical,medium,danish,HEA_atc_A06AG,chemical_substance
HEA_atc_J01XA01,HEA,atc,J01XA01,"glycopeptid antibakterika, vancomycin","glycopeptid antibakterika, vancomycin","glycopeptid antibakterika, vancomycin",raw_atc_enhanced_hierarchical,medium,danish,HEA_atc_J01XA,chemical_substance
HEA_atc_C05AX02,HEA,atc,C05AX02,"andre midler til behandling af hæmorider og analfissurer til lokalt brug, bismuthpræparater, kombinationer","andre midler til behandling af hæmorider og analfissurer til lokalt brug, bismuthpræparater, kombinationer","other agents for the treatment of hemorrhoids and anal fissures for local use, bismuth preparations, combinations",raw_atc_enhanced_hierarchical,medium,danish,HEA_atc_C05AX,chemical_substance
HEA_atc_L01BB02,HEA,atc,L01BB02,"purin-analoger, mercaptopurin","purin-analoger, mercaptopurin","purin-analoger, mercaptopurin",raw_atc_enhanced_hierarchical,medium,danish,HEA_atc_L01BB,chemical_substance
HEA_atc_G02AD04,HEA,atc,G02AD04,"prostaglandiner, carboprost","prostaglandiner, carboprost","prostaglandiner, carboprost",raw_atc_enhanced_hierarchical,medium,danish,HEA_atc_G02AD,chemical_substance
HEA_atc_M05BA02,HEA,atc,M05BA02,"bisphosphonater, clodronsyre","bisphosphonater, clodronsyre","bisphosphonater, clodronsyre",raw_atc_enhanced_hierarchical,medium,danish,HEA_atc_M05BA,chemical_substance
HEA_atc_L01AB01,HEA,atc,L01AB01,"alkylsulfonater, busulfan","alkylsulfonater, busulfan","alkylsulfonater, busulfan",raw_atc_enhanced_hierarchical,medium,danish,HEA_atc_L01AB,chemical_substance
HEA_atc_R03BB02,HEA,atc,R03BB02,"antikolinergika, oxitropiumbromid","antikolinergika, oxitropiumbromid","antikolinergika, oxitropiumbromid",raw_atc_enhanced_hierarchical,medium,danish,HEA_atc_R03BB,chemical_substance
HEA_atc_C10AA04,HEA,atc,C10AA04,"HMG COA reduktase-inhibitorer, fluvastatin","HMG COA reduktase-inhibitorer, fluvastatin","HMG-CoA reductase inhibitors, fluvastatin",raw_atc_enhanced_hierarchical,medium,danish,HEA_atc_C10AA,chemical_substance
HEA_atc_L02AE02,HEA,atc,L02AE02,"gonadotropin-releasing hormon analoger, leuprorelin","gonadotropin-releasing hormon analoger, leuprorelin","gonadotropin-releasing hormone analogs, leuprorelin",raw_atc_enhanced_hierarchical,medium,danish,HEA_atc_L02AE,chemical_substance
HEA_atc_J07BB01,HEA,atc,J07BB01,"influenza vacciner, influenza, inaktiveret, hele virus","influenza vacciner, influenza, inaktiveret, hele virus","influenza vaccines, influenza, inactivated, whole virus",raw_atc_enhanced_hierarchical,medium,danish,HEA_atc_J07BB,chemical_substance
HEA_atc_P03AX01,HEA,atc,P03AX01,"andre ectoparasitmidler, incl. scabiesmidler, benzylbenzoat","andre ectoparasitmidler, incl. scabiesmidler, benzylbenzoat","other ectoparasitic agents, including scabicide preparations, benzyl benzoate",raw_atc_enhanced_hierarchical,medium,danish,HEA_atc_P03AX,chemical_substance
HEA_atc_R03BA03,HEA,atc,R03BA03,"glucocorticoider, flunisolid","glucocorticoider, flunisolid","glucocorticoider, flunisolid",raw_atc_enhanced_hierarchical,medium,danish,HEA_atc_R03BA,chemical_substance
HEA_atc_N05AF04,HEA,atc,N05AF04,"thioxanthen-derivater, tiotixen","thioxanthen-derivater, tiotixen","thioxanthen-derivater, tiotixen",raw_atc_enhanced_hierarchical,medium,danish,HEA_atc_N05AF,chemical_substance
HEA_atc_N06AF01,HEA,atc,N06AF01,"monoamin-oxidase hæmmere, non-selektive, isocarboxazid","monoamin-oxidase hæmmere, non-selektive, isocarboxazid","monoamine oxidase inhibitors, non-selective, isocarboxazid",raw_atc_enhanced_hierarchical,medium,danish,HEA_atc_N06AF,chemical_substance
HEA_atc_R03AC05,HEA,atc,R03AC05,"selektive beta-2-adrenoceptor agonister, rimiterol","selektive beta-2-adrenoceptor agonister, rimiterol","selektive beta-2-adrenoceptor agonister, rimiterol",raw_atc_enhanced_hierarchical,medium,danish,HEA_atc_R03AC,chemical_substance
HEA_atc_D03AX03,HEA,atc,D03AX03,"andre sårhelende midler, dexpanthenol","andre sårhelende midler, dexpanthenol","other wound healing agents, dexpanthenol",raw_atc_enhanced_hierarchical,medium,danish,HEA_atc_D03AX,chemical_substance
HEA_atc_G03FA11,HEA,atc,G03FA11,"gestagener og østrogener, kombinationer, levonorgestrel og østrogen","gestagener og østrogener, kombinationer, levonorgestrel og østrogen","progestogens and estrogens, combinations, levonorgestrel and estrogen",raw_atc_enhanced_hierarchical,medium,danish,HEA_atc_G03FA,chemical_substance
HEA_atc_H03AA02,HEA,atc,H03AA02,"thyroideahormoner, liothyroninnatrium","thyroideahormoner, liothyroninnatrium","thyroid hormones, liothyronine sodium",raw_atc_enhanced_hierarchical,medium,danish,HEA_atc_H03AA,chemical_substance
HEA_atc_A06AB30,HEA,atc,A06AB30,"kontaktlaksantia, kontaktlaksantia i komb. m. belladonna-alkaloider","kontaktlaksantia, kontaktlaksantia i komb. m. belladonna-alkaloider","kontaktlaksantia, kontaktlaksantia i komb. m. belladonna-alkaloider",raw_atc_enhanced_hierarchical,medium,danish,HEA_atc_A06AB,chemical_substance
HEA_atc_S01EC02,HEA,atc,S01EC02,"carbo-anhydrase inhibitorer, diclofenamid","carbo-anhydrase inhibitorer, diclofenamid","carbonic anhydrase inhibitors, diclofenamide",raw_atc_enhanced_hierarchical,medium,danish,HEA_atc_S01EC,chemical_substance
HEA_atc_A06AD02,HEA,atc,A06AD02,"osmotisk virkende laksantia, magnesiumoxid","osmotisk virkende laksantia, magnesiumoxid","osmotic laxatives, magnesium oxide",raw_atc_enhanced_hierarchical,medium,danish,HEA_atc_A06AD,chemical_substance
HEA_atc_R03CB03,HEA,atc,R03CB03,"non-selektive beta-adrenoceptor agonister, orciprenalin","non-selektive beta-adrenoceptor agonister, orciprenalin","non-selektive beta-adrenoceptor agonister, orciprenalin",raw_atc_enhanced_hierarchical,medium,danish,HEA_atc_R03CB,chemical_substance
HEA_atc_G03FA10,HEA,atc,G03FA10,"gestagener og østrogener, kombinationer, norgestrel og østrogen","gestagener og østrogener, kombinationer, norgestrel og østrogen","progestogens and estrogens, combinations, norgestrel and estrogen",raw_atc_enhanced_hierarchical,medium,danish,HEA_atc_G03FA,chemical_substance
HEA_atc_B02BC01,HEA,atc,B02BC01,"hæmostatika til lokal brug, absorberbar gelatinesvamp","hæmostatika til lokal brug, absorberbar gelatinesvamp","topical hemostatic agents, absorbable gelatin sponge",raw_atc_enhanced_hierarchical,medium,danish,HEA_atc_B02BC,chemical_substance
HEA_atc_V01AA10,HEA,atc,V01AA10,"allergenekstrakter, allergenekstrakt fra blomster","allergenekstrakter, allergenekstrakt fra blomster","allergenekstrakter, allergenekstrakt fra blomster",raw_atc_enhanced_hierarchical,medium,danish,HEA_atc_V01AA,chemical_substance
HEA_atc_J01DD04,HEA,atc,J01DD04,"cephalosporiner, 3. generation, ceftriaxon","cephalosporiner, 3. generation, ceftriaxon","cephalosporiner, 3. generation, ceftriaxon",raw_atc_enhanced_hierarchical,medium,danish,HEA_atc_J01DD,chemical_substance
HEA_atc_N05AC04,HEA,atc,N05AC04,"phenothiazin med piperidin-struktur, pipotiazin","phenothiazin med piperidin-struktur, pipotiazin","phenothiazine with piperidine structure, pipotiazine",raw_atc_enhanced_hierarchical,medium,danish,HEA_atc_N05AC,chemical_substance
HEA_atc_J01DD13,HEA,atc,J01DD13,"cephalosporiner, 3. generation, cefpodoxim","cephalosporiner, 3. generation, cefpodoxim","cephalosporiner, 3. generation, cefpodoxim",raw_atc_enhanced_hierarchical,medium,danish,HEA_atc_J01DD,chemical_substance
HEA_atc_N06BA02,HEA,atc,N06BA02,"centralt virkende sympatomimetika, dexamfetamin","centralt virkende sympatomimetika, dexamfetamin","centralt virkende sympatomimetika, dexamfetamin",raw_atc_enhanced_hierarchical,medium,danish,HEA_atc_N06BA,chemical_substance
HEA_atc_A02AC02,HEA,atc,A02AC02,"calciumforbindelser, calciumsilicat","calciumforbindelser, calciumsilicat","calciumforbindelser, calciumsilicat",raw_atc_enhanced_hierarchical,medium,danish,HEA_atc_A02AC,chemical_substance
HEA_atc_A06AA51,HEA,atc,A06AA51,"blødgørende midler, paraffinolie, kombinationspræparater","blødgørende midler, paraffinolie, kombinationspræparater","lubricants, mineral oil, combination preparations",raw_atc_enhanced_hierarchical,medium,danish,HEA_atc_A06AA,chemical_substance
HEA_atc_L02AA01,HEA,atc,L02AA01,"østrogener, diethylstilbestrol","østrogener, diethylstilbestrol","estrogens, diethylstilbestrol",raw_atc_enhanced_hierarchical,medium,danish,HEA_atc_L02AA,chemical_substance
HEA_atc_B02BC02,HEA,atc,B02BC02,"hæmostatika til lokal brug, oxideret cellulose","hæmostatika til lokal brug, oxideret cellulose","topical hemostatic agents, oxidized cellulose",raw_atc_enhanced_hierarchical,medium,danish,HEA_atc_B02BC,chemical_substance
HEA_atc_N05CD08,HEA,atc,N05CD08,"benzodiazepin-derivater, midazolam","benzodiazepin-derivater, midazolam","benzodiazepin-derivater, midazolam",raw_atc_enhanced_hierarchical,medium,danish,HEA_atc_N05CD,chemical_substance
HEA_atc_R05CB13,HEA,atc,R05CB13,"mucolytika, dornase alfa (desoxiribonuclease)","mucolytika, dornase alfa (desoxiribonuclease)","mucolytika, dornase alfa (desoxiribonuclease)",raw_atc_enhanced_hierarchical,medium,danish,HEA_atc_R05CB,chemical_substance
HEA_atc_M03CA01,HEA,atc,M03CA01,"dantrolen og derivater, dantrolen","dantrolen og derivater, dantrolen","dantrolene and derivatives, dantrolene",raw_atc_enhanced_hierarchical,medium,danish,HEA_atc_M03CA,chemical_substance
HEA_atc_B05XA01,HEA,atc,B05XA01,"elektrolyt-opløsninger, kaliumchlorid","elektrolyt-opløsninger, kaliumchlorid","electrolyte solutions, potassium chloride",raw_atc_enhanced_hierarchical,medium,danish,HEA_atc_B05XA,chemical_substance
HEA_atc_A07EB01,HEA,atc,A07EB01,"antiallergika, excl. kortikosteroider, cromoglicinsyre","antiallergika, excl. kortikosteroider, cromoglicinsyre","antiallergics, excluding corticosteroids, cromolyn acid",raw_atc_enhanced_hierarchical,medium,danish,HEA_atc_A07EB,chemical_substance
HEA_atc_P03AC51,HEA,atc,P03AC51,"pyrethriner, incl. syntetiske forbindelser, pyrethrum, kombinationer","pyrethriner, incl. syntetiske forbindelser, pyrethrum, kombinationer","pyrethriner, incl. syntetiske forbindelser, pyrethrum, kombinationer",raw_atc_enhanced_hierarchical,medium,danish,HEA_atc_P03AC,chemical_substance
HEA_atc_C02CA06,HEA,atc,C02CA06,"alfa-adrenoceptor blokerende midler, urapidil","alfa-adrenoceptor blokerende midler, urapidil","alfa-adrenoceptor blokerende midler, urapidil",raw_atc_enhanced_hierarchical,medium,danish,HEA_atc_C02CA,chemical_substance
HEA_atc_S01FA04,HEA,atc,S01FA04,"antikolinergika, cyclopentolat","antikolinergika, cyclopentolat","antikolinergika, cyclopentolat",raw_atc_enhanced_hierarchical,medium,danish,HEA_atc_S01FA,chemical_substance
HEA_atc_L02AA02,HEA,atc,L02AA02,"østrogener, polyestradiolphosphat","østrogener, polyestradiolphosphat","estrogens, polyestradiolphosphoric acid",raw_atc_enhanced_hierarchical,medium,danish,HEA_atc_L02AA,chemical_substance
HEA_atc_J06BA02,HEA,atc,J06BA02,"immunoglobuliner, normal human, immunoglobuliner, normal human til intravasc. brug","immunoglobuliner, normal human, immunoglobuliner, normal human til intravasc. brug","immunoglobulins, human normal, for intravenous use",raw_atc_enhanced_hierarchical,medium,danish,HEA_atc_J06BA,chemical_substance
HEA_atc_J01CF02,HEA,atc,J01CF02,"beta-lactamase resistente penicilliner, cloxacillin","beta-lactamase resistente penicilliner, cloxacillin","beta-lactamase resistant penicillins, cloxacillin",raw_atc_enhanced_hierarchical,medium,danish,HEA_atc_J01CF,chemical_substance
HEA_atc_C04AB01,HEA,atc,C04AB01,"imidazolin-derivater, phentolamin","imidazolin-derivater, phentolamin","imidazolin-derivater, phentolamin",raw_atc_enhanced_hierarchical,medium,danish,HEA_atc_C04AB,chemical_substance
HEA_atc_N01BB53,HEA,atc,N01BB53,"amider, mepivacain, kombinationer","amider, mepivacain, kombinationer","amider, mepivacain, kombinationer",raw_atc_enhanced_hierarchical,medium,danish,HEA_atc_N01BB,chemical_substance
HEA_atc_B01AB04,HEA,atc,B01AB04,"heparin-gruppen, dalteparin","heparin-gruppen, dalteparin","heparin-gruppen, dalteparin",raw_atc_enhanced_hierarchical,medium,danish,HEA_atc_B01AB,chemical_substance
HEA_atc_B01AB05,HEA,atc,B01AB05,"heparin-gruppen, enoxaparin","heparin-gruppen, enoxaparin","heparin-gruppen, enoxaparin",raw_atc_enhanced_hierarchical,medium,danish,HEA_atc_B01AB,chemical_substance
HEA_atc_A11CC02,HEA,atc,A11CC02,"vitamin D og analoger, dihydrotachysterol","vitamin D og analoger, dihydrotachysterol","vitamin D and analogs, dihydrotachysterol",raw_atc_enhanced_hierarchical,medium,danish,HEA_atc_A11CC,chemical_substance
HEA_atc_L03AA02,HEA,atc,L03AA02,"kolonistimulerende faktorer, filgrastim","kolonistimulerende faktorer, filgrastim","kolonistimulerende faktorer, filgrastim",raw_atc_enhanced_hierarchical,medium,danish,HEA_atc_L03AA,chemical_substance
HEA_atc_J01XB01,HEA,atc,J01XB01,"polymyxiner, colistin","polymyxiner, colistin","polymyxiner, colistin",raw_atc_enhanced_hierarchical,medium,danish,HEA_atc_J01XB,chemical_substance
HEA_atc_S02DA,HEA,atc,S02DA,"analgetika og anæstetika, analgetika og anæstetika","analgetika og anæstetika, analgetika og anæstetika","analgesics and anesthetics, analgesics and anesthetics",raw_atc_enhanced_hierarchical,medium,danish,HEA_atc_S02D,chemical_subgroup
HEA_atc_J01GB03,HEA,atc,J01GB03,"andre aminoglycosider, gentamicin","andre aminoglycosider, gentamicin","other aminoglycosides, gentamicin",raw_atc_enhanced_hierarchical,medium,danish,HEA_atc_J01GB,chemical_substance
HEA_atc_A11CC01,HEA,atc,A11CC01,"vitamin D og analoger, ergocalciferol","vitamin D og analoger, ergocalciferol","vitamin D and analogs, ergocalciferol",raw_atc_enhanced_hierarchical,medium,danish,HEA_atc_A11CC,chemical_substance
HEA_atc_G01AX03,HEA,atc,G01AX03,"andre antiinfektiva og antiseptika, metacresolsulfonsyre-formaldehyd","andre antiinfektiva og antiseptika, metacresolsulfonsyre-formaldehyd","other antiseptic and antimicrobial agents, metacresolsulfonic acid-formaldehyde",raw_atc_enhanced_hierarchical,medium,danish,HEA_atc_G01AX,chemical_substance
HEA_atc_M01AB15,HEA,atc,M01AB15,"eddikesyre-derivater og beslægtede stoffer, ketorolac","eddikesyre-derivater og beslægtede stoffer, ketorolac","acetic acid derivatives and related substances, ketorolac",raw_atc_enhanced_hierarchical,medium,danish,HEA_atc_M01AB,chemical_substance
HEA_atc_G03XA02,HEA,atc,G03XA02,"antigonadotropiner og lignende stoffer, gestrinon","antigonadotropiner og lignende stoffer, gestrinon","antigonadotropic agents and analogs, gestrinone",raw_atc_enhanced_hierarchical,medium,danish,HEA_atc_G03XA,chemical_substance
HEA_atc_V03AX,HEA,atc,V03AX,"andre terapeutiske produkter, andre terapeutiske produkter","andre terapeutiske produkter, andre terapeutiske produkter","other therapeutic products, other therapeutic products",raw_atc_enhanced_hierarchical,medium,danish,HEA_atc_V03A,chemical_subgroup
HEA_atc_D01AE20,HEA,atc,D01AE20,"andre fungicider til udvortes brug, kombinationer af andre fungicider til udvortes brug","andre fungicider til udvortes brug, kombinationer af andre fungicider til udvortes brug","other fungicides for topical use, combinations of other fungicides for topical use",raw_atc_enhanced_hierarchical,medium,danish,HEA_atc_D01AE,chemical_substance
HEA_atc_B05XA19,HEA,atc,B05XA19,"elektrolyt-opløsninger, calciumgluconat","elektrolyt-opløsninger, calciumgluconat","electrolyte solutions, calcium gluconate",raw_atc_enhanced_hierarchical,medium,danish,HEA_atc_B05XA,chemical_substance
HEA_atc_L02AA04,HEA,atc,L02AA04,"østrogener, fosfestrol","østrogener, fosfestrol","estrogens, fosfestrol",raw_atc_enhanced_hierarchical,medium,danish,HEA_atc_L02AA,chemical_substance
HEA_atc_N01BB54,HEA,atc,N01BB54,"amider, prilocain, kombinationer","amider, prilocain, kombinationer","amider, prilocain, kombinationer",raw_atc_enhanced_hierarchical,medium,danish,HEA_atc_N01BB,chemical_substance
HEA_atc_N06AA11,HEA,atc,N06AA11,"non-selektive monoamin re-optagelse inhibitorer, protriptylin","non-selektive monoamin re-optagelse inhibitorer, protriptylin","non-selective monoamine reuptake inhibitors, protriptyline",raw_atc_enhanced_hierarchical,medium,danish,HEA_atc_N06AA,chemical_substance
HEA_atc_M01AX04,HEA,atc,M01AX04,"andre antiinflam./antirheum. midler, non-steroide, azapropazon","andre antiinflam./antirheum. midler, non-steroide, azapropazon","other anti-inflammatory/anti-rheumatic drugs, non-steroidal, azapropazone",raw_atc_enhanced_hierarchical,medium,danish,HEA_atc_M01AX,chemical_substance
HEA_atc_D07AB03,HEA,atc,D07AB03,"kortikosteroider, middelstærkt virkende (gruppe II), flumetason","kortikosteroider, middelstærkt virkende (gruppe II), flumetason","corticosteroids, moderately potent (group II), flumethasone",raw_atc_enhanced_hierarchical,medium,danish,HEA_atc_D07AB,chemical_substance
HEA_atc_C09BA05,HEA,atc,C09BA05,"ACE-hæmmere og diuretika, ramipril og diuretika","ACE-hæmmere og diuretika, ramipril og diuretika","ACE inhibitors and diuretics, ramipril and diuretics",raw_atc_enhanced_hierarchical,medium,danish,HEA_atc_C09BA,chemical_substance
HEA_atc_C03BA02,HEA,atc,C03BA02,"sulfonamider, usammensatte, quinethazon","sulfonamider, usammensatte, quinethazon","sulfonamider, usammensatte, quinethazon",raw_atc_enhanced_hierarchical,medium,danish,HEA_atc_C03BA,chemical_substance
HEA_atc_J01CE09,HEA,atc,J01CE09,"beta-lactamase sensitive penicilliner, procain penicillin","beta-lactamase sensitive penicilliner, procain penicillin","beta-lactamase sensitive penicillins, procaine penicillin",raw_atc_enhanced_hierarchical,medium,danish,HEA_atc_J01CE,chemical_substance
HEA_atc_B02BC05,HEA,atc,B02BC05,"hæmostatika til lokal brug, adrenalon","hæmostatika til lokal brug, adrenalon","hemostatics for local use, epinephrine",raw_atc_enhanced_hierarchical,medium,danish,HEA_atc_B02BC,chemical_substance
HEA_atc_N01BX01,HEA,atc,N01BX01,"andre lokalanæstetika, ethylchlorid","andre lokalanæstetika, ethylchlorid","other local anesthetics, chloroethane",raw_atc_enhanced_hierarchical,medium,danish,HEA_atc_N01BX,chemical_substance
HEA_atc_C03AA04,HEA,atc,C03AA04,"thiazider, usammensatte præparater, chlorthiazid","thiazider, usammensatte præparater, chlorthiazid","thiazides, compound preparations, chlorthalidone",raw_atc_enhanced_hierarchical,medium,danish,HEA_atc_C03AA,chemical_substance
HEA_atc_N05CA04,HEA,atc,N05CA04,"barbiturater, usammensatte, barbital","barbiturater, usammensatte, barbital","Barbiturates, unsynthesized, barbital",raw_atc_enhanced_hierarchical,medium,danish,HEA_atc_N05CA,chemical_substance
HEA_atc_N05CC02,HEA,atc,N05CC02,"aldehyder og derivater, chloralodol","aldehyder og derivater, chloralodol","Aldehydes and derivatives, chloral hydrate",raw_atc_enhanced_hierarchical,medium,danish,HEA_atc_N05CC,chemical_substance
HEA_atc_B02BC,HEA,atc,B02BC,"hæmostatika til lokal brug, hæmostatika til lokal brug","hæmostatika til lokal brug, hæmostatika til lokal brug","Hemostatics for local use, hemostatics for local use",raw_atc_enhanced_hierarchical,medium,danish,HEA_atc_B02B,chemical_subgroup
HEA_atc_A11GA01,HEA,atc,A11GA01,"ascorbinsyre (vitamin C), usammensatte præp., ascorbinsyre (vitamin C)","ascorbinsyre (vitamin C), usammensatte præp., ascorbinsyre (vitamin C)","Ascorbic acid (vitamin C), unsynthesized preparations, ascorbic acid (vitamin C)",raw_atc_enhanced_hierarchical,medium,danish,HEA_atc_A11GA,chemical_substance
HEA_atc_M03AX01,HEA,atc,M03AX01,"andre muskelrelaxantia, perifert virkende, botulinum toxin","andre muskelrelaxantia, perifert virkende, botulinum toxin","Other muscle relaxants, peripherally acting, botulinum toxin",raw_atc_enhanced_hierarchical,medium,danish,HEA_atc_M03AX,chemical_substance
HEA_atc_H01CB02,HEA,atc,H01CB02,"somatostatin og analoger, octreotid","somatostatin og analoger, octreotid","Somatostatin and analogs, octreotide",raw_atc_enhanced_hierarchical,medium,danish,HEA_atc_H01CB,chemical_substance
HEA_atc_V03AF03,HEA,atc,V03AF03,"afgiftningsmidler ved cytostatikabehandling, calciumfolinat","afgiftningsmidler ved cytostatikabehandling, calciumfolinat","Agents to counteract cytotoxic effects of chemotherapy, calcium folinate",raw_atc_enhanced_hierarchical,medium,danish,HEA_atc_V03AF,chemical_substance
HEA_atc_V03AC01,HEA,atc,V03AC01,"jern-chelaterende midler, deferoxamin","jern-chelaterende midler, deferoxamin","jern-chelaterende midler, deferoxamin",raw_atc_enhanced_hierarchical,medium,danish,HEA_atc_V03AC,chemical_substance
HEA_atc_S01AE03,HEA,atc,S01AE03,"fluoroquinoloner, ciprofloxacin","fluoroquinoloner, ciprofloxacin","fluoroquinoloner, ciprofloxacin",raw_atc_enhanced_hierarchical,medium,danish,HEA_atc_S01AE,chemical_substance
HEA_atc_L03AB05,HEA,atc,L03AB05,"interferoner, interferon alfa-2B","interferoner, interferon alfa-2B","interferoner, interferon alfa-2B",raw_atc_enhanced_hierarchical,medium,danish,HEA_atc_L03AB,chemical_substance
HEA_atc_V03AB17,HEA,atc,V03AB17,"antidoter, methylthioninchlorid","antidoter, methylthioninchlorid","Antidotes, methionine hydroxy analog chloride",raw_atc_enhanced_hierarchical,medium,danish,HEA_atc_V03AB,chemical_substance
HEA_atc_J01CA11,HEA,atc,J01CA11,"penicilliner med udvidet spektrum, mecillinam","penicilliner med udvidet spektrum, mecillinam","Broad-spectrum penicillins, mecillinam",raw_atc_enhanced_hierarchical,medium,danish,HEA_atc_J01CA,chemical_substance
HEA_atc_R03AB03,HEA,atc,R03AB03,"non-selektive beta-adrenoceptor agonister, orciprenalin","non-selektive beta-adrenoceptor agonister, orciprenalin","non-selektive beta-adrenoceptor agonister, orciprenalin",raw_atc_enhanced_hierarchical,medium,danish,HEA_atc_R03AB,chemical_substance
HEA_atc_V03AB22,HEA,atc,V03AB22,"antidoter, amylnitrit","antidoter, amylnitrit","antidoter, amylnitrit",raw_atc_enhanced_hierarchical,medium,danish,HEA_atc_V03AB,chemical_substance
HEA_atc_D02AA,HEA,atc,D02AA,"siliconepræparater, siliconepræparater","siliconepræparater, siliconepræparater","Silicone preparations, silicone preparations",raw_atc_enhanced_hierarchical,medium,danish,HEA_atc_D02A,chemical_subgroup
HEA_atc_V04CL,HEA,atc,V04CL,"tests for allergiske sygdomme, tests for allergiske sygdomme","tests for allergiske sygdomme, tests for allergiske sygdomme","allergy disease tests, allergy disease tests",raw_atc_enhanced_hierarchical,medium,danish,HEA_atc_V04C,chemical_subgroup
HEA_atc_L01BA01,HEA,atc,L01BA01,"folsyre-analoger, methotrexat","folsyre-analoger, methotrexat","folsyre-analoger, methotrexat",raw_atc_enhanced_hierarchical,medium,danish,HEA_atc_L01BA,chemical_substance
HEA_atc_N01BB03,HEA,atc,N01BB03,"amider, mepivacain","amider, mepivacain","amider, mepivacain",raw_atc_enhanced_hierarchical,medium,danish,HEA_atc_N01BB,chemical_substance
HEA_atc_A06AD65,HEA,atc,A06AD65,"osmotisk virkende laksantia, macrogol, kombinationer","osmotisk virkende laksantia, macrogol, kombinationer","osmotisk virkende laksantia, macrogol, kombinationer",raw_atc_enhanced_hierarchical,medium,danish,HEA_atc_A06AD,chemical_substance
HEA_atc_V03AB15,HEA,atc,V03AB15,"antidoter, naloxon","antidoter, naloxon","antidoter, naloxon",raw_atc_enhanced_hierarchical,medium,danish,HEA_atc_V03AB,chemical_substance
HEA_atc_J06BB04,HEA,atc,J06BB04,"specifikke immunoglobuliner, hepatitis B immunoglobulin","specifikke immunoglobuliner, hepatitis B immunoglobulin","specifikke immunoglobuliner, hepatitis B immunoglobulin",raw_atc_enhanced_hierarchical,medium,danish,HEA_atc_J06BB,chemical_substance
HEA_atc_A04AA02,HEA,atc,A04AA02,"serotonin (5HT3) antagonister, granisetron","serotonin (5HT3) antagonister, granisetron","serotonin (5HT3) antagonister, granisetron",raw_atc_enhanced_hierarchical,medium,danish,HEA_atc_A04AA,chemical_substance
HEA_atc_B05DA,HEA,atc,B05DA,"isotoniske opløsninger, isotoniske opløsninger","isotoniske opløsninger, isotoniske opløsninger","isotonic solutions, isotonic solutions",raw_atc_enhanced_hierarchical,medium,danish,HEA_atc_B05D,chemical_subgroup
HEA_atc_H05BA01,HEA,atc,H05BA01,"calcitoninpræparater, calcitonin (laks, syntetisk)","calcitoninpræparater, calcitonin (laks, syntetisk)","calcitonin preparations, calcitonin (salmon, synthetic)",raw_atc_enhanced_hierarchical,medium,danish,HEA_atc_H05BA,chemical_substance
HEA_atc_J02AX01,HEA,atc,J02AX01,"andre antimykotika til systemisk brug, flucytosin","andre antimykotika til systemisk brug, flucytosin","other antifungal agents for systemic use, flucytosine",raw_atc_enhanced_hierarchical,medium,danish,HEA_atc_J02AX,chemical_substance
HEA_atc_A07AA09,HEA,atc,A07AA09,"antibiotika, vancomycin","antibiotika, vancomycin","antibiotika, vancomycin",raw_atc_enhanced_hierarchical,medium,danish,HEA_atc_A07AA,chemical_substance
HEA_atc_J01CF03,HEA,atc,J01CF03,"beta-lactamase resistente penicilliner, methicillin","beta-lactamase resistente penicilliner, methicillin","beta-lactamase resistant penicillins, methicillin",raw_atc_enhanced_hierarchical,medium,danish,HEA_atc_J01CF,chemical_substance
HEA_atc_H01AA02,HEA,atc,H01AA02,"acth, tetracosactid","acth, tetracosactid","acth, tetracosactid",raw_atc_enhanced_hierarchical,medium,danish,HEA_atc_H01AA,chemical_substance
HEA_atc_P03AC52,HEA,atc,P03AC52,"pyrethriner, incl. syntetiske forbindelser, bioallethrin, kombinationer","pyrethriner, incl. syntetiske forbindelser, bioallethrin, kombinationer","pyrethriner, incl. syntetiske forbindelser, bioallethrin, kombinationer",raw_atc_enhanced_hierarchical,medium,danish,HEA_atc_P03AC,chemical_substance
HEA_atc_M01AE14,HEA,atc,M01AE14,"propionsyre-derivater, dexibuprofen","propionsyre-derivater, dexibuprofen","propionsyre-derivater, dexibuprofen",raw_atc_enhanced_hierarchical,medium,danish,HEA_atc_M01AE,chemical_substance
HEA_atc_N05AB01,HEA,atc,N05AB01,"phenothiazin med piperazin-struktur, dixyrazin","phenothiazin med piperazin-struktur, dixyrazin","phenothiazines with piperazine structure, dixyrazine",raw_atc_enhanced_hierarchical,medium,danish,HEA_atc_N05AB,chemical_substance
HEA_atc_N02AG01,HEA,atc,N02AG01,"opioider i kombinationer med antispasmodika, morphin og antispasmodika","opioider i kombinationer med antispasmodika, morphin og antispasmodika","opioids in combination with antispasmodics, morphine and antispasmodics",raw_atc_enhanced_hierarchical,medium,danish,HEA_atc_N02AG,chemical_substance
HEA_atc_N05CA01,HEA,atc,N05CA01,"barbiturater, usammensatte, pentobarbital","barbiturater, usammensatte, pentobarbital","unsynthesized barbiturates, pentobarbital",raw_atc_enhanced_hierarchical,medium,danish,HEA_atc_N05CA,chemical_substance
HEA_atc_B05BB02,HEA,atc,B05BB02,"opløsninger med virkning på elektrolytbalancen, elektrolytter med kulhydrater","opløsninger med virkning på elektrolytbalancen, elektrolytter med kulhydrater","solutions affecting electrolyte balance, electrolytes with carbohydrates",raw_atc_enhanced_hierarchical,medium,danish,HEA_atc_B05BB,chemical_substance
HEA_atc_N01AX03,HEA,atc,N01AX03,"andre generelle anæstetika, ketamin","andre generelle anæstetika, ketamin","other general anaesthetics, ketamine",raw_atc_enhanced_hierarchical,medium,danish,HEA_atc_N01AX,chemical_substance
HEA_atc_D09AB01,HEA,atc,D09AB01,"zinkbandager, zinkbandage uden tilsætninger","zinkbandager, zinkbandage uden tilsætninger","zinc dressings, zinc dressing without additives",raw_atc_enhanced_hierarchical,medium,danish,HEA_atc_D09AB,chemical_substance
HEA_atc_P01CX01,HEA,atc,P01CX01,"andre midler mod leishmaniasis og trypanosomiasis, pentamidinisethionat","andre midler mod leishmaniasis og trypanosomiasis, pentamidinisethionat","other antiprotozoal agents, pentamidine isethionate",raw_atc_enhanced_hierarchical,medium,danish,HEA_atc_P01CX,chemical_substance
HEA_atc_C01CA26,HEA,atc,C01CA26,"adrenerge og dopaminerge midler, efedrin","adrenerge og dopaminerge midler, efedrin","adrenergic and dopamine agonists, ephedrine",raw_atc_enhanced_hierarchical,medium,danish,HEA_atc_C01CA,chemical_substance
HEA_atc_N01BB51,HEA,atc,N01BB51,"amider, bupivacain, kombinationer","amider, bupivacain, kombinationer","amider, bupivacain, kombinationer",raw_atc_enhanced_hierarchical,medium,danish,HEA_atc_N01BB,chemical_substance
HEA_atc_L03AA10,HEA,atc,L03AA10,"kolonistimulerende faktorer, lenograstim","kolonistimulerende faktorer, lenograstim","kolonistimulerende faktorer, lenograstim",raw_atc_enhanced_hierarchical,medium,danish,HEA_atc_L03AA,chemical_substance
HEA_atc_L01AB02,HEA,atc,L01AB02,"alkylsulfonater, treosulfan","alkylsulfonater, treosulfan","alkylsulfonater, treosulfan",raw_atc_enhanced_hierarchical,medium,danish,HEA_atc_L01AB,chemical_substance
HEA_atc_S02AA01,HEA,atc,S02AA01,"antiinfektiva, chloramphenicol","antiinfektiva, chloramphenicol","antiinfektiva, chloramphenicol",raw_atc_enhanced_hierarchical,medium,danish,HEA_atc_S02AA,chemical_substance
HEA_atc_C04AC01,HEA,atc,C04AC01,"nicotinsyre og derivater, nicotinsyre","nicotinsyre og derivater, nicotinsyre","nicotinic acid and derivatives, nicotinic acid",raw_atc_enhanced_hierarchical,medium,danish,HEA_atc_C04AC,chemical_substance
HEA_atc_B03AB05,HEA,atc,B03AB05,"jern(III), orale midler, ferrioxid-polymaltosekomplekser","jern(III), orale midler, ferrioxid-polymaltosekomplekser","jern(III), orale midler, ferrioxid-polymaltosekomplekser",raw_atc_enhanced_hierarchical,medium,danish,HEA_atc_B03AB,chemical_substance
HEA_atc_B05DB,HEA,atc,B05DB,"hypertoniske opløsninger, hypertoniske opløsninger","hypertoniske opløsninger, hypertoniske opløsninger","hypertonic solutions, hypertonic solutions",raw_atc_enhanced_hierarchical,medium,danish,HEA_atc_B05D,chemical_subgroup
HEA_atc_J01XD01,HEA,atc,J01XD01,"imidazol-derivater, metronidazol","imidazol-derivater, metronidazol","imidazol-derivater, metronidazol",raw_atc_enhanced_hierarchical,medium,danish,HEA_atc_J01XD,chemical_substance
HEA_atc_L02BG02,HEA,atc,L02BG02,"aromatase inhibitorer, formestan","aromatase inhibitorer, formestan","aromatase inhibitorer, formestan",raw_atc_enhanced_hierarchical,medium,danish,HEA_atc_L02BG,chemical_substance
HEA_atc_L01XX11,HEA,atc,L01XX11,"andre neoplastiske stoffer, estramustin","andre neoplastiske stoffer, estramustin","other antineoplastic agents, estramustine",raw_atc_enhanced_hierarchical,medium,danish,HEA_atc_L01XX,chemical_substance
HEA_atc_J01DD02,HEA,atc,J01DD02,"cephalosporiner, 3. generation, ceftazidim","cephalosporiner, 3. generation, ceftazidim","cephalosporiner, 3. generation, ceftazidim",raw_atc_enhanced_hierarchical,medium,danish,HEA_atc_J01DD,chemical_substance
HEA_atc_J01GB07,HEA,atc,J01GB07,"andre aminoglycosider, netilmicin","andre aminoglycosider, netilmicin","other aminoglycosides, netilmicin",raw_atc_enhanced_hierarchical,medium,danish,HEA_atc_J01GB,chemical_substance
HEA_atc_B03XA01,HEA,atc,B03XA01,"andre midler mod anæmi, erythropoietin","andre midler mod anæmi, erythropoietin","other agents in the treatment of anemia, erythropoietin",raw_atc_enhanced_hierarchical,medium,danish,HEA_atc_B03XA,chemical_substance
HEA_atc_C07AA16,HEA,atc,C07AA16,"beta-blokerende midler, usammensatte, non-selekt., tertatolol","beta-blokerende midler, usammensatte, non-selekt., tertatolol","beta-blokerende midler, usammensatte, non-selekt., tertatolol",raw_atc_enhanced_hierarchical,medium,danish,HEA_atc_C07AA,chemical_substance
HEA_atc_J07AG01,HEA,atc,J07AG01,"haemophilus influenzae B vacciner, haemophilus influenzae B, purified antigen konjugeret","haemophilus influenzae B vacciner, haemophilus influenzae B, purified antigen konjugeret","haemophilus influenzae B vacciner, haemophilus influenzae B, purified antigen konjugeret",raw_atc_enhanced_hierarchical,medium,danish,HEA_atc_J07AG,chemical_substance
HEA_atc_C08CA06,HEA,atc,C08CA06,"dihydropyridin-derivater, nimodipin","dihydropyridin-derivater, nimodipin","dihydropyridin-derivater, nimodipin",raw_atc_enhanced_hierarchical,medium,danish,HEA_atc_C08CA,chemical_substance
HEA_atc_J05AF01,HEA,atc,J05AF01,"nucleosid og nucleotid revers transcriptase-hæmmere, zidovudin","nucleosid og nucleotid revers transcriptase-hæmmere, zidovudin","nucleoside and nucleotide reverse transcriptase inhibitors, zidovudine",raw_atc_enhanced_hierarchical,medium,danish,HEA_atc_J05AF,chemical_substance
HEA_atc_J01GB01,HEA,atc,J01GB01,"andre aminoglycosider, tobramycin","andre aminoglycosider, tobramycin","other aminoglycosides, tobramycin",raw_atc_enhanced_hierarchical,medium,danish,HEA_atc_J01GB,chemical_substance
HEA_atc_N01AB06,HEA,atc,N01AB06,"halogenerede kulbrinter, isofluran","halogenerede kulbrinter, isofluran","halogenerede kulbrinter, isofluran",raw_atc_enhanced_hierarchical,medium,danish,HEA_atc_N01AB,chemical_substance
HEA_atc_N01AX10,HEA,atc,N01AX10,"andre generelle anæstetika, propofol","andre generelle anæstetika, propofol","other general anesthetics, propofol",raw_atc_enhanced_hierarchical,medium,danish,HEA_atc_N01AX,chemical_substance
HEA_atc_A03AB02,HEA,atc,A03AB02,"syntetiske antikolinergika, kvaternære ammoniumforbindelser, glycopyrron","syntetiske antikolinergika, kvaternære ammoniumforbindelser, glycopyrron","synthetic anticholinergics, quaternary ammonium compounds, glycopyrronium",raw_atc_enhanced_hierarchical,medium,danish,HEA_atc_A03AB,chemical_substance
HEA_atc_N07AA01,HEA,atc,N07AA01,"anticholinesteraser, neostigmin","anticholinesteraser, neostigmin","anticholinesterases, neostigmine",raw_atc_enhanced_hierarchical,medium,danish,HEA_atc_N07AA,chemical_substance
HEA_atc_M03AC01,HEA,atc,M03AC01,"andre kvaternære ammoniumforbindelser, pancuron","andre kvaternære ammoniumforbindelser, pancuron","other quaternary ammonium compounds, pancuronium",raw_atc_enhanced_hierarchical,medium,danish,HEA_atc_M03AC,chemical_substance
HEA_atc_N01AB04,HEA,atc,N01AB04,"halogenerede kulbrinter, enfluran","halogenerede kulbrinter, enfluran","halogenerede kulbrinter, enfluran",raw_atc_enhanced_hierarchical,medium,danish,HEA_atc_N01AB,chemical_substance
HEA_atc_B05BA02,HEA,atc,B05BA02,"opløsninger til parenteral ernæring, fedtemulsioner","opløsninger til parenteral ernæring, fedtemulsioner","solutions for parenteral nutrition, fat emulsions",raw_atc_enhanced_hierarchical,medium,danish,HEA_atc_B05BA,chemical_substance
HEA_atc_N01AH02,HEA,atc,N01AH02,"opioid-anæstetika, alfentanil","opioid-anæstetika, alfentanil","opioid anesthetics, alfentanil",raw_atc_enhanced_hierarchical,medium,danish,HEA_atc_N01AH,chemical_substance
HEA_atc_A04AA03,HEA,atc,A04AA03,"serotonin (5HT3) antagonister, tropisetron","serotonin (5HT3) antagonister, tropisetron","serotonin (5HT3) antagonister, tropisetron",raw_atc_enhanced_hierarchical,medium,danish,HEA_atc_A04AA,chemical_substance
HEA_atc_S01XA05,HEA,atc,S01XA05,"andre ophthalmologiske midler, natriumedetat","andre ophthalmologiske midler, natriumedetat","other ophthalmic agents, sodium edetate",raw_atc_enhanced_hierarchical,medium,danish,HEA_atc_S01XA,chemical_substance
HEA_atc_J01GB06,HEA,atc,J01GB06,"andre aminoglycosider, amikacin","andre aminoglycosider, amikacin","other aminoglycosides, amikacin",raw_atc_enhanced_hierarchical,medium,danish,HEA_atc_J01GB,chemical_substance
HEA_atc_N07BB04,HEA,atc,N07BB04,"midler mod alkoholafhængighed, naltrexon","midler mod alkoholafhængighed, naltrexon","alcohol dependence medications, naltrexone",raw_atc_enhanced_hierarchical,medium,danish,HEA_atc_N07BB,chemical_substance
HEA_atc_C08CA10,HEA,atc,C08CA10,"dihydropyridin-derivater, nilvadipin","dihydropyridin-derivater, nilvadipin","dihydropyridin-derivater, nilvadipin",raw_atc_enhanced_hierarchical,medium,danish,HEA_atc_C08CA,chemical_substance
HEA_atc_N01AF01,HEA,atc,N01AF01,"barbiturater, usammensatte, methohexital","barbiturater, usammensatte, methohexital","unspecific barbiturates, methohexitone",raw_atc_enhanced_hierarchical,medium,danish,HEA_atc_N01AF,chemical_substance
HEA_atc_L03AB03,HEA,atc,L03AB03,"interferoner, interferon gamma","interferoner, interferon gamma","interferoner, interferon gamma",raw_atc_enhanced_hierarchical,medium,danish,HEA_atc_L03AB,chemical_substance
HEA_atc_N05CC01,HEA,atc,N05CC01,"aldehyder og derivater, chloralhydrat","aldehyder og derivater, chloralhydrat","aldehydes and their derivatives, chloral hydrate",raw_atc_enhanced_hierarchical,medium,danish,HEA_atc_N05CC,chemical_substance
HEA_atc_L01CB01,HEA,atc,L01CB01,"podophyllotoxin-derivater, etoposid","podophyllotoxin-derivater, etoposid","podophyllotoxin-derivater, etoposid",raw_atc_enhanced_hierarchical,medium,danish,HEA_atc_L01CB,chemical_substance
HEA_atc_R02AB02,HEA,atc,R02AB02,"antibiotika, tyrothricin","antibiotika, tyrothricin","antibiotika, tyrothricin",raw_atc_enhanced_hierarchical,medium,danish,HEA_atc_R02AB,chemical_substance
HEA_atc_B05BA10,HEA,atc,B05BA10,"opløsninger til parenteral ernæring, kombinationer af opløsninger til parenteral ernæring","opløsninger til parenteral ernæring, kombinationer af opløsninger til parenteral ernæring","solutions for parenteral nutrition, combinations of solutions for parenteral nutrition",raw_atc_enhanced_hierarchical,medium,danish,HEA_atc_B05BA,chemical_substance
HEA_atc_B05BC01,HEA,atc,B05BC01,"opløsninger til osmotisk diurese, mannitol","opløsninger til osmotisk diurese, mannitol","solutions for osmotic diuresis, mannitol",raw_atc_enhanced_hierarchical,medium,danish,HEA_atc_B05BC,chemical_substance
HEA_atc_A01AD01,HEA,atc,A01AD01,"andre midler til lokal behandling i mundhulen, adrenalin","andre midler til lokal behandling i mundhulen, adrenalin","other agents for local treatment in the oral cavity, adrenaline",raw_atc_enhanced_hierarchical,medium,danish,HEA_atc_A01AD,chemical_substance
HEA_atc_L03AB04,HEA,atc,L03AB04,"interferoner, interferon alfa-2A","interferoner, interferon alfa-2A","interferoner, interferon alfa-2A",raw_atc_enhanced_hierarchical,medium,danish,HEA_atc_L03AB,chemical_substance
HEA_atc_L01DB01,HEA,atc,L01DB01,"anthracycliner og beslægtede stoffer, doxorubicin","anthracycliner og beslægtede stoffer, doxorubicin","anthracyclines and related substances, doxorubicin",raw_atc_enhanced_hierarchical,medium,danish,HEA_atc_L01DB,chemical_substance
HEA_atc_C01CA02,HEA,atc,C01CA02,"adrenerge og dopaminerge midler, isoprenalin","adrenerge og dopaminerge midler, isoprenalin","adrenergic and dopaminergic agents, isoprenaline",raw_atc_enhanced_hierarchical,medium,danish,HEA_atc_C01CA,chemical_substance
HEA_atc_M03AC04,HEA,atc,M03AC04,"andre kvaternære ammoniumforbindelser, atracurium","andre kvaternære ammoniumforbindelser, atracurium","other quaternary ammonium compounds, atracurium",raw_atc_enhanced_hierarchical,medium,danish,HEA_atc_M03AC,chemical_substance
HEA_atc_C03DA02,HEA,atc,C03DA02,"aldosteron-antagonister, kaliumcanrenoat","aldosteron-antagonister, kaliumcanrenoat","aldosteron-antagonister, kaliumcanrenoat",raw_atc_enhanced_hierarchical,medium,danish,HEA_atc_C03DA,chemical_substance
HEA_atc_L01DC01,HEA,atc,L01DC01,"andre cytotoxiske antibiotika, bleomycin","andre cytotoxiske antibiotika, bleomycin","other cytotoxic antibiotics, bleomycin",raw_atc_enhanced_hierarchical,medium,danish,HEA_atc_L01DC,chemical_substance
HEA_atc_J07BG01,HEA,atc,J07BG01,"rabies vacciner, rabies, inaktiveret, hele virus","rabies vacciner, rabies, inaktiveret, hele virus","rabies vaccines, rabies, inactivated whole virus",raw_atc_enhanced_hierarchical,medium,danish,HEA_atc_J07BG,chemical_substance
HEA_atc_B05AA01,HEA,atc,B05AA01,"blodsubstitutter og plasmaprotein-fraktioner, albumin","blodsubstitutter og plasmaprotein-fraktioner, albumin","blood substitutes and plasma protein fractions, albumin",raw_atc_enhanced_hierarchical,medium,danish,HEA_atc_B05AA,chemical_substance
HEA_atc_J01DH51,HEA,atc,J01DH51,"carbapenemer, imipenem og cilastatin","carbapenemer, imipenem og cilastatin","carbapenems, imipenem and cilastatin",raw_atc_enhanced_hierarchical,medium,danish,HEA_atc_J01DH,chemical_substance
HEA_atc_G03GA05,HEA,atc,G03GA05,"gonadotropiner, follitropin alfa","gonadotropiner, follitropin alfa","gonadotropiner, follitropin alfa",raw_atc_enhanced_hierarchical,medium,danish,HEA_atc_G03GA,chemical_substance
HEA_atc_A10BB12,HEA,atc,A10BB12,"sulfonylcarbamid, glimepirid","sulfonylcarbamid, glimepirid","sulfonylcarbamid, glimepirid",raw_atc_enhanced_hierarchical,medium,danish,HEA_atc_A10BB,chemical_substance
HEA_atc_M01AC06,HEA,atc,M01AC06,"oxicamer, meloxicam","oxicamer, meloxicam","oxicamer, meloxicam",raw_atc_enhanced_hierarchical,medium,danish,HEA_atc_M01AC,chemical_substance
HEA_atc_G03GA06,HEA,atc,G03GA06,"gonadotropiner, follitropin beta","gonadotropiner, follitropin beta","gonadotropiner, follitropin beta",raw_atc_enhanced_hierarchical,medium,danish,HEA_atc_G03GA,chemical_substance
HEA_atc_N02AJ06,HEA,atc,N02AJ06,"opioider i kombination med non-opioide analgetika, codein og paracetamol","opioider i kombination med non-opioide analgetika, codein og paracetamol","opioids in combination with non-opioid analgesics, codeine and paracetamol",raw_atc_enhanced_hierarchical,medium,danish,HEA_atc_N02AJ,chemical_substance
HEA_atc_R06AX22,HEA,atc,R06AX22,"andre antihistaminer til systemisk brug, ebastin","andre antihistaminer til systemisk brug, ebastin","other antihistamines for systemic use, ebastine",raw_atc_enhanced_hierarchical,medium,danish,HEA_atc_R06AX,chemical_substance
HEA_atc_S01CA01,HEA,atc,S01CA01,"kortikosteroider og antiinfektiva i kombination, dexamethason og antiinfektiva","kortikosteroider og antiinfektiva i kombination, dexamethason og antiinfektiva","corticosteroids and antiseptics in combination, dexamethasone and antiseptics",raw_atc_enhanced_hierarchical,medium,danish,HEA_atc_S01CA,chemical_substance
HEA_atc_M01AB55,HEA,atc,M01AB55,"eddikesyre-derivater og beslægtede stoffer, diclofenac, kombinationer","eddikesyre-derivater og beslægtede stoffer, diclofenac, kombinationer","acetic acid derivatives and related substances, diclofenac, combinations",raw_atc_enhanced_hierarchical,medium,danish,HEA_atc_M01AB,chemical_substance
HEA_atc_L02BB03,HEA,atc,L02BB03,"anti-androgener, bicalutamid","anti-androgener, bicalutamid","anti-androgener, bicalutamid",raw_atc_enhanced_hierarchical,medium,danish,HEA_atc_L02BB,chemical_substance
HEA_atc_N06AX11,HEA,atc,N06AX11,"andre antidepressiva, mirtazapin","andre antidepressiva, mirtazapin","other antidepressants, mirtazapine",raw_atc_enhanced_hierarchical,medium,danish,HEA_atc_N06AX,chemical_substance
HEA_atc_A02BA07,HEA,atc,A02BA07,"H2-receptor antagonister, ranitidinbismuthcitrat","H2-receptor antagonister, ranitidinbismuthcitrat","H2-receptor antagonists, ranitidine bismuth citrate",raw_atc_enhanced_hierarchical,medium,danish,HEA_atc_A02BA,chemical_substance
HEA_atc_D06BB06,HEA,atc,D06BB06,"antivirale midler, penciclovir","antivirale midler, penciclovir","antivirale midler, penciclovir",raw_atc_enhanced_hierarchical,medium,danish,HEA_atc_D06BB,chemical_substance
HEA_atc_C01EB15,HEA,atc,C01EB15,"andre hjertemidler, trimetazidin","andre hjertemidler, trimetazidin","other cardiac agents, trimetazidine",raw_atc_enhanced_hierarchical,medium,danish,HEA_atc_C01EB,chemical_substance
HEA_atc_C09DA01,HEA,atc,C09DA01,"angiotensin II receptor blokkere (ARBS) og diuretika, losartan og diuretika","angiotensin II receptor blokkere (ARBS) og diuretika, losartan og diuretika","angiotensin II receptor blockers (ARBs) and diuretics, losartan and diuretics",raw_atc_enhanced_hierarchical,medium,danish,HEA_atc_C09DA,chemical_substance
HEA_atc_G04CA02,HEA,atc,G04CA02,"alfa-adrenoreceptor antagonister, tamsulosin","alfa-adrenoreceptor antagonister, tamsulosin","alfa-adrenoreceptor antagonister, tamsulosin",raw_atc_enhanced_hierarchical,medium,danish,HEA_atc_G04CA,chemical_substance
HEA_atc_N02BF01,HEA,atc,N02BF01,"gabapentinoider, gabapentin","gabapentinoider, gabapentin","gabapentinoider, gabapentin",raw_atc_enhanced_hierarchical,medium,danish,HEA_atc_N02BF,chemical_substance
HEA_atc_N02AB03,HEA,atc,N02AB03,"phenylpiperidin-derivater, fentanyl","phenylpiperidin-derivater, fentanyl","phenylpiperidin-derivater, fentanyl",raw_atc_enhanced_hierarchical,medium,danish,HEA_atc_N02AB,chemical_substance
HEA_atc_A10AB04,HEA,atc,A10AB04,"insuliner og analoger til injektion, hurtigtvirkende, insulin lispro","insuliner og analoger til injektion, hurtigtvirkende, insulin lispro","insulins and analogues for injection, rapid-acting, insulin lispro",raw_atc_enhanced_hierarchical,medium,danish,HEA_atc_A10AB,chemical_substance
HEA_atc_N07XX02,HEA,atc,N07XX02,"andre midler med virkning på nervesystemet, riluzol","andre midler med virkning på nervesystemet, riluzol","other agents affecting the nervous system, riluzole",raw_atc_enhanced_hierarchical,medium,danish,HEA_atc_N07XX,chemical_substance
HEA_atc_D08AX01,HEA,atc,D08AX01,"andre antiseptika og desinficerende midler, hydrogenperoxid","andre antiseptika og desinficerende midler, hydrogenperoxid","other antiseptics and disinfectants, hydrogen peroxide",raw_atc_enhanced_hierarchical,medium,danish,HEA_atc_D08AX,chemical_substance
HEA_atc_C09AA13,HEA,atc,C09AA13,"ACE-hæmmere, usammensatte, moexipril","ACE-hæmmere, usammensatte, moexipril","ACE inhibitors, non-combinations, moexipril",raw_atc_enhanced_hierarchical,medium,danish,HEA_atc_C09AA,chemical_substance
HEA_atc_L01XA02,HEA,atc,L01XA02,"platin-forbindelser, carboplatin","platin-forbindelser, carboplatin","platin-forbindelser, carboplatin",raw_atc_enhanced_hierarchical,medium,danish,HEA_atc_L01XA,chemical_substance
HEA_atc_C09CA03,HEA,atc,C09CA03,"angiotensin II receptor blokkere (ARBS), usammensatte, valsartan","angiotensin II receptor blokkere (ARBS), usammensatte, valsartan","angiotensin II receptor blokkere (ARBS), usammensatte, valsartan",raw_atc_enhanced_hierarchical,medium,danish,HEA_atc_C09CA,chemical_substance
HEA_atc_J02AA01,HEA,atc,J02AA01,"antibiotika, amphotericin","antibiotika, amphotericin","antibiotika, amphotericin",raw_atc_enhanced_hierarchical,medium,danish,HEA_atc_J02AA,chemical_substance
HEA_atc_L01CA02,HEA,atc,L01CA02,"vinca-alkaloider og analoger, vincristin","vinca-alkaloider og analoger, vincristin","Vinca alkaloids and analogs, vincristine",raw_atc_enhanced_hierarchical,medium,danish,HEA_atc_L01CA,chemical_substance
HEA_atc_S01EA03,HEA,atc,S01EA03,"sympatomimetika til glaucombehandling, apraclonidin","sympatomimetika til glaucombehandling, apraclonidin","Sympathomimetics for glaucoma treatment, apraclonidine",raw_atc_enhanced_hierarchical,medium,danish,HEA_atc_S01EA,chemical_substance
HEA_atc_L04AA06,HEA,atc,L04AA06,"selektive immunsuppressiva, mycophenolsyre","selektive immunsuppressiva, mycophenolsyre","Selective immunosuppressants, mycophenolic acid",raw_atc_enhanced_hierarchical,medium,danish,HEA_atc_L04AA,chemical_substance
HEA_atc_J07AL01,HEA,atc,J07AL01,"pneumokok vacciner, pneumococcus, renset polysaccharid antigen","pneumokok vacciner, pneumococcus, renset polysaccharid antigen","pneumokok vacciner, pneumococcus, renset polysaccharid antigen",raw_atc_enhanced_hierarchical,medium,danish,HEA_atc_J07AL,chemical_substance
HEA_atc_N05AH03,HEA,atc,N05AH03,"diazepiner, oxazepiner, thiazepiner og oxepiner, olanzapin","diazepiner, oxazepiner, thiazepiner og oxepiner, olanzapin","Diazepines, oxazepines, thiazepines and oxepines, olanzapine",raw_atc_enhanced_hierarchical,medium,danish,HEA_atc_N05AH,chemical_substance
HEA_atc_N03AG06,HEA,atc,N03AG06,"fedtsyre-derivater, tiagabin","fedtsyre-derivater, tiagabin","fedtsyre-derivater, tiagabin",raw_atc_enhanced_hierarchical,medium,danish,HEA_atc_N03AG,chemical_substance
HEA_atc_G02AD02,HEA,atc,G02AD02,"prostaglandiner, dinoproston","prostaglandiner, dinoproston","prostaglandiner, dinoproston",raw_atc_enhanced_hierarchical,medium,danish,HEA_atc_G02AD,chemical_substance
HEA_atc_A10AE01,HEA,atc,A10AE01,"insuliner og analoger til injektion, langtidsvirkende, insulin (human)","insuliner og analoger til injektion, langtidsvirkende, insulin (human)","Insulin and analogs for injection, long-acting, insulin (human)",raw_atc_enhanced_hierarchical,medium,danish,HEA_atc_A10AE,chemical_substance
HEA_atc_L03AB08,HEA,atc,L03AB08,"interferoner, interferon beta-1B","interferoner, interferon beta-1B","interferoner, interferon beta-1B",raw_atc_enhanced_hierarchical,medium,danish,HEA_atc_L03AB,chemical_substance
HEA_atc_J01DH02,HEA,atc,J01DH02,"carbapenemer, meropenem","carbapenemer, meropenem","carbapenemer, meropenem",raw_atc_enhanced_hierarchical,medium,danish,HEA_atc_J01DH,chemical_substance
HEA_atc_J01DD01,HEA,atc,J01DD01,"cephalosporiner, 3. generation, cefotaxim","cephalosporiner, 3. generation, cefotaxim","cephalosporiner, 3. generation, cefotaxim",raw_atc_enhanced_hierarchical,medium,danish,HEA_atc_J01DD,chemical_substance
HEA_atc_N07AA51,HEA,atc,N07AA51,"anticholinesteraser, neostigmin, kombinationer","anticholinesteraser, neostigmin, kombinationer","anticholinesteraser, neostigmin, kombinationer",raw_atc_enhanced_hierarchical,medium,danish,HEA_atc_N07AA,chemical_substance
HEA_atc_J06BB03,HEA,atc,J06BB03,"specifikke immunoglobuliner, varicella/zoster immunoglobulin","specifikke immunoglobuliner, varicella/zoster immunoglobulin","specifikke immunoglobuliner, varicella/zoster immunoglobulin",raw_atc_enhanced_hierarchical,medium,danish,HEA_atc_J06BB,chemical_substance
HEA_atc_A07FA02,HEA,atc,A07FA02,"mikroorganismer med virkning mod diarré, saccharomyces boulardii","mikroorganismer med virkning mod diarré, saccharomyces boulardii","Microorganisms with effect on diarrhea, Saccharomyces boulardii",raw_atc_enhanced_hierarchical,medium,danish,HEA_atc_A07FA,chemical_substance
HEA_atc_L01AD02,HEA,atc,L01AD02,"nitrosoureastoffer, lomustin","nitrosoureastoffer, lomustin","nitrosoureastoffer, lomustin",raw_atc_enhanced_hierarchical,medium,danish,HEA_atc_L01AD,chemical_substance
HEA_atc_J05AF02,HEA,atc,J05AF02,"nucleosid og nucleotid revers transcriptase-hæmmere, didanosin","nucleosid og nucleotid revers transcriptase-hæmmere, didanosin","Nucleoside and nucleotide reverse transcriptase inhibitors, didanosine",raw_atc_enhanced_hierarchical,medium,danish,HEA_atc_J05AF,chemical_substance
HEA_atc_J05AB06,HEA,atc,J05AB06,"nucleosider og nucleotider excl. revers transcriptase-hæmmere, ganciclovir","nucleosider og nucleotider excl. revers transcriptase-hæmmere, ganciclovir","Nucleosides and nucleotides excluding reverse transcriptase inhibitors, ganciclovir",raw_atc_enhanced_hierarchical,medium,danish,HEA_atc_J05AB,chemical_substance
HEA_atc_B01AD01,HEA,atc,B01AD01,"enzymer, streptokinase","enzymer, streptokinase","enzymer, streptokinase",raw_atc_enhanced_hierarchical,medium,danish,HEA_atc_B01AD,chemical_substance
HEA_atc_M03AC09,HEA,atc,M03AC09,"andre kvaternære ammoniumforbindelser, rocuroniumbromid","andre kvaternære ammoniumforbindelser, rocuroniumbromid","Other quaternary ammonium compounds, rocuronium bromide",raw_atc_enhanced_hierarchical,medium,danish,HEA_atc_M03AC,chemical_substance
HEA_atc_A01AB13,HEA,atc,A01AB13,"antiinfektiva til lokal brug i mundhulen, tetracyclin","antiinfektiva til lokal brug i mundhulen, tetracyclin","Topical antiseptics for oral use, tetracycline",raw_atc_enhanced_hierarchical,medium,danish,HEA_atc_A01AB,chemical_substance
HEA_atc_B05XC,HEA,atc,B05XC,"vitaminer, vitaminer","vitaminer, vitaminer","vitaminer, vitaminer",raw_atc_enhanced_hierarchical,medium,danish,HEA_atc_B05X,chemical_subgroup
HEA_atc_B05XA31,HEA,atc,B05XA31,"elektrolyt-opløsninger, elektrolytter i komb. med andre stoffer","elektrolyt-opløsninger, elektrolytter i komb. med andre stoffer","Electrolyte solutions, electrolytes in combination with other substances",raw_atc_enhanced_hierarchical,medium,danish,HEA_atc_B05XA,chemical_substance
HEA_atc_C01EB10,HEA,atc,C01EB10,"andre hjertemidler, adenosin","andre hjertemidler, adenosin","Other cardiovascular drugs, adenosine",raw_atc_enhanced_hierarchical,medium,danish,HEA_atc_C01EB,chemical_substance
HEA_atc_V03AB08,HEA,atc,V03AB08,"antidoter, natriumnitrit","antidoter, natriumnitrit","antidoter, natriumnitrit",raw_atc_enhanced_hierarchical,medium,danish,HEA_atc_V03AB,chemical_substance
HEA_atc_B02BD02,HEA,atc,B02BD02,"blodkoagulationsfaktorer, koagulationsfaktor VIII","blodkoagulationsfaktorer, koagulationsfaktor VIII","blodkoagulationsfaktorer, koagulationsfaktor VIII",raw_atc_enhanced_hierarchical,medium,danish,HEA_atc_B02BD,chemical_substance
HEA_atc_S01HA01,HEA,atc,S01HA01,"lokalanæstetika, cocain","lokalanæstetika, cocain","Local anesthetics, cocaine",raw_atc_enhanced_hierarchical,medium,danish,HEA_atc_S01HA,chemical_substance
HEA_atc_G02AD03,HEA,atc,G02AD03,"prostaglandiner, gemeprost","prostaglandiner, gemeprost","prostaglandiner, gemeprost",raw_atc_enhanced_hierarchical,medium,danish,HEA_atc_G02AD,chemical_substance
HEA_atc_S01EE01,HEA,atc,S01EE01,"prostaglandin-analoger, latanoprost","prostaglandin-analoger, latanoprost","prostaglandin-analoger, latanoprost",raw_atc_enhanced_hierarchical,medium,danish,HEA_atc_S01EE,chemical_substance
HEA_atc_M01AB16,HEA,atc,M01AB16,"eddikesyre-derivater og beslægtede stoffer, aceclofenac","eddikesyre-derivater og beslægtede stoffer, aceclofenac","Acetic acid derivatives and related substances, aceclofenac",raw_atc_enhanced_hierarchical,medium,danish,HEA_atc_M01AB,chemical_substance
HEA_atc_A06AD12,HEA,atc,A06AD12,"osmotisk virkende laksantia, lactitol","osmotisk virkende laksantia, lactitol","osmotisk virkende laksantia, lactitol",raw_atc_enhanced_hierarchical,medium,danish,HEA_atc_A06AD,chemical_substance
HEA_atc_C10AA05,HEA,atc,C10AA05,"HMG COA reduktase-inhibitorer, atorvastatin","HMG COA reduktase-inhibitorer, atorvastatin","HMG-CoA reductase inhibitors, atorvastatin",raw_atc_enhanced_hierarchical,medium,danish,HEA_atc_C10AA,chemical_substance
HEA_atc_S01BC05,HEA,atc,S01BC05,"antiinflammatoriske midler, non-steroide, ketorolac","antiinflammatoriske midler, non-steroide, ketorolac","antiinflammatoriske midler, non-steroide, ketorolac",raw_atc_enhanced_hierarchical,medium,danish,HEA_atc_S01BC,chemical_substance
HEA_atc_S01GX05,HEA,atc,S01GX05,"andre antiallergika, lodoxamid","andre antiallergika, lodoxamid","Other antiallergics, lodoxamide",raw_atc_enhanced_hierarchical,medium,danish,HEA_atc_S01GX,chemical_substance
HEA_atc_N06DA02,HEA,atc,N06DA02,"anticholinesteraser, donepezil","anticholinesteraser, donepezil","Anticholinesterases, donepezil",raw_atc_enhanced_hierarchical,medium,danish,HEA_atc_N06DA,chemical_substance
HEA_atc_N02AA05,HEA,atc,N02AA05,"naturlige opiumalkaloider, oxycodon","naturlige opiumalkaloider, oxycodon","naturlige opiumalkaloider, oxycodon",raw_atc_enhanced_hierarchical,medium,danish,HEA_atc_N02AA,chemical_substance
HEA_atc_N02CC03,HEA,atc,N02CC03,"selektive 5HT(1)-receptor-agonister, zolmitriptan","selektive 5HT(1)-receptor-agonister, zolmitriptan","selektive 5HT(1)-receptor-agonister, zolmitriptan",raw_atc_enhanced_hierarchical,medium,danish,HEA_atc_N02CC,chemical_substance
HEA_atc_N04BX01,HEA,atc,N04BX01,"andre dopaminerge stoffer, tolcapon","andre dopaminerge stoffer, tolcapon","Other dopamine agonists, tolcapone",raw_atc_enhanced_hierarchical,medium,danish,HEA_atc_N04BX,chemical_substance
HEA_atc_C08CA09,HEA,atc,C08CA09,"dihydropyridin-derivater, lacidipin","dihydropyridin-derivater, lacidipin","dihydropyridin-derivater, lacidipin",raw_atc_enhanced_hierarchical,medium,danish,HEA_atc_C08CA,chemical_substance
HEA_atc_M05BB01,HEA,atc,M05BB01,"bisphosphonater, kombinationer, etidronsyre og calcium, sekvenspræparater","bisphosphonater, kombinationer, etidronsyre og calcium, sekvenspræparater","Bisphosphonates combinations, etidronate and calcium, sequential preparations",raw_atc_enhanced_hierarchical,medium,danish,HEA_atc_M05BB,chemical_substance
HEA_atc_N04BC06,HEA,atc,N04BC06,"dopamin-agonister, cabergolin","dopamin-agonister, cabergolin","dopamin-agonister, cabergolin",raw_atc_enhanced_hierarchical,medium,danish,HEA_atc_N04BC,chemical_substance
HEA_atc_R03AL02,HEA,atc,R03AL02,"adrenergika i kombination med antikolinergika inkl. trippel-stof kombinationer med corticosteroider, salbutamol og ipratropiumbromid","adrenergika i kombination med antikolinergika inkl. trippel-stof kombinationer med corticosteroider, salbutamol og ipratropiumbromid","adrenergics in combination with anticholinergics including triple-drug combinations with corticosteroids, salbutamol and ipratropium bromide",raw_atc_enhanced_hierarchical,medium,danish,HEA_atc_R03AL,chemical_substance
HEA_atc_N03AX11,HEA,atc,N03AX11,"andre antiepileptika, topiramat","andre antiepileptika, topiramat","other antiepileptics, topiramate",raw_atc_enhanced_hierarchical,medium,danish,HEA_atc_N03AX,chemical_substance
HEA_atc_J07BC20,HEA,atc,J07BC20,"hepatitis vacciner, kombinationer af hepatitis vacciner","hepatitis vacciner, kombinationer af hepatitis vacciner","hepatitis vaccines, combinations of hepatitis vaccines",raw_atc_enhanced_hierarchical,medium,danish,HEA_atc_J07BC,chemical_substance
HEA_atc_D10AD03,HEA,atc,D10AD03,"retinoider til udvortes brug mod acne, adapalen","retinoider til udvortes brug mod acne, adapalen","retinoids for topical use in acne, adapalene",raw_atc_enhanced_hierarchical,medium,danish,HEA_atc_D10AD,chemical_substance
HEA_atc_C02AC05,HEA,atc,C02AC05,"imidazolin-receptor agonister, moxonidin","imidazolin-receptor agonister, moxonidin","imidazolin-receptor agonister, moxonidin",raw_atc_enhanced_hierarchical,medium,danish,HEA_atc_C02AC,chemical_substance
HEA_atc_C08CX01,HEA,atc,C08CX01,"andre selekt. calciumantagonister m. primært vasculær effekt, mibefradil","andre selekt. calciumantagonister m. primært vasculær effekt, mibefradil","other selective calcium antagonists primarily with vascular effects, mibefradil",raw_atc_enhanced_hierarchical,medium,danish,HEA_atc_C08CX,chemical_substance
HEA_atc_C09CA02,HEA,atc,C09CA02,"angiotensin II receptor blokkere (ARBS), usammensatte, eprosartan","angiotensin II receptor blokkere (ARBS), usammensatte, eprosartan","angiotensin II receptor blokkere (ARBS), usammensatte, eprosartan",raw_atc_enhanced_hierarchical,medium,danish,HEA_atc_C09CA,chemical_substance
HEA_atc_C09CA06,HEA,atc,C09CA06,"angiotensin II receptor blokkere (ARBS), usammensatte, candesartan","angiotensin II receptor blokkere (ARBS), usammensatte, candesartan","angiotensin II receptor blokkere (ARBS), usammensatte, candesartan",raw_atc_enhanced_hierarchical,medium,danish,HEA_atc_C09CA,chemical_substance
HEA_atc_L02BG04,HEA,atc,L02BG04,"aromatase inhibitorer, letrozol","aromatase inhibitorer, letrozol","aromatase inhibitorer, letrozol",raw_atc_enhanced_hierarchical,medium,danish,HEA_atc_L02BG,chemical_substance
HEA_atc_J01XA02,HEA,atc,J01XA02,"glycopeptid antibakterika, teicoplanin","glycopeptid antibakterika, teicoplanin","glycopeptid antibakterika, teicoplanin",raw_atc_enhanced_hierarchical,medium,danish,HEA_atc_J01XA,chemical_substance
HEA_atc_J07AM01,HEA,atc,J07AM01,"tetanus vacciner, tetanus toxoid","tetanus vacciner, tetanus toxoid","tetanus vacciner, tetanus toxoid",raw_atc_enhanced_hierarchical,medium,danish,HEA_atc_J07AM,chemical_substance
HEA_atc_N05AE03,HEA,atc,N05AE03,"indol-derivater, sertindol","indol-derivater, sertindol","indol-derivater, sertindol",raw_atc_enhanced_hierarchical,medium,danish,HEA_atc_N05AE,chemical_substance
HEA_atc_C09CA04,HEA,atc,C09CA04,"angiotensin II receptor blokkere (ARBS), usammensatte, irbesartan","angiotensin II receptor blokkere (ARBS), usammensatte, irbesartan","angiotensin II receptor blokkere (ARBS), usammensatte, irbesartan",raw_atc_enhanced_hierarchical,medium,danish,HEA_atc_C09CA,chemical_substance
HEA_atc_G02CA01,HEA,atc,G02CA01,"sympatomimetika, vehæmmende, ritodrin","sympatomimetika, vehæmmende, ritodrin","sympathomimetics, mast cell stabilizers, ritodrine",raw_atc_enhanced_hierarchical,medium,danish,HEA_atc_G02CA,chemical_substance
HEA_atc_J07AF01,HEA,atc,J07AF01,"difteri vacciner, difteri toxoid","difteri vacciner, difteri toxoid","difteri vacciner, difteri toxoid",raw_atc_enhanced_hierarchical,medium,danish,HEA_atc_J07AF,chemical_substance
HEA_atc_N04BC04,HEA,atc,N04BC04,"dopamin-agonister, ropinirol","dopamin-agonister, ropinirol","dopamin-agonister, ropinirol",raw_atc_enhanced_hierarchical,medium,danish,HEA_atc_N04BC,chemical_substance
HEA_atc_J07AM51,HEA,atc,J07AM51,"tetanus vacciner, tetanus toxoid, komb. med difteri toxoid","tetanus vacciner, tetanus toxoid, komb. med difteri toxoid","tetanus vaccines, tetanus toxoid, combined with diphtheria toxoid",raw_atc_enhanced_hierarchical,medium,danish,HEA_atc_J07AM,chemical_substance
HEA_atc_M01AC05,HEA,atc,M01AC05,"oxicamer, lornoxicam","oxicamer, lornoxicam","oxicamer, lornoxicam",raw_atc_enhanced_hierarchical,medium,danish,HEA_atc_M01AC,chemical_substance
HEA_atc_C10AA06,HEA,atc,C10AA06,"HMG COA reduktase-inhibitorer, cerivastatin","HMG COA reduktase-inhibitorer, cerivastatin","HMG-CoA reductase inhibitors, cerivastatin",raw_atc_enhanced_hierarchical,medium,danish,HEA_atc_C10AA,chemical_substance
HEA_atc_R01AD09,HEA,atc,R01AD09,"kortikosteroider, mometason","kortikosteroider, mometason","kortikosteroider, mometason",raw_atc_enhanced_hierarchical,medium,danish,HEA_atc_R01AD,chemical_substance
HEA_atc_A12AA04,HEA,atc,A12AA04,"calcium, calciumcarbonat","calcium, calciumcarbonat","calcium, calcium carbonate",raw_atc_enhanced_hierarchical,medium,danish,HEA_atc_A12AA,chemical_substance
HEA_atc_S01BC04,HEA,atc,S01BC04,"antiinflammatoriske midler, non-steroide, flurbiprofen","antiinflammatoriske midler, non-steroide, flurbiprofen","antiinflammatoriske midler, non-steroide, flurbiprofen",raw_atc_enhanced_hierarchical,medium,danish,HEA_atc_S01BC,chemical_substance
HEA_atc_L02BG03,HEA,atc,L02BG03,"aromatase inhibitorer, anastrozol","aromatase inhibitorer, anastrozol","aromatase inhibitorer, anastrozol",raw_atc_enhanced_hierarchical,medium,danish,HEA_atc_L02BG,chemical_substance
HEA_atc_J01DB03,HEA,atc,J01DB03,"cephalosporiner, 1. generation, cefalotin","cephalosporiner, 1. generation, cefalotin","cephalosporiner, 1. generation, cefalotin",raw_atc_enhanced_hierarchical,medium,danish,HEA_atc_J01DB,chemical_substance
HEA_atc_J07AN01,HEA,atc,J07AN01,"tuberculose vacciner, tuberculose, levende attenueret","tuberculose vacciner, tuberculose, levende attenueret","tuberculose vacciner, tuberculose, levende attenueret",raw_atc_enhanced_hierarchical,medium,danish,HEA_atc_J07AN,chemical_substance
HEA_atc_J04AB04,HEA,atc,J04AB04,"antibiotika, rifabutin","antibiotika, rifabutin","antibiotika, rifabutin",raw_atc_enhanced_hierarchical,medium,danish,HEA_atc_J04AB,chemical_substance
HEA_atc_N02AA03,HEA,atc,N02AA03,"naturlige opiumalkaloider, hydromorphon","naturlige opiumalkaloider, hydromorphon","naturlige opiumalkaloider, hydromorphon",raw_atc_enhanced_hierarchical,medium,danish,HEA_atc_N02AA,chemical_substance
HEA_atc_N01AB08,HEA,atc,N01AB08,"halogenerede kulbrinter, sevofluran","halogenerede kulbrinter, sevofluran","halogenerede kulbrinter, sevofluran",raw_atc_enhanced_hierarchical,medium,danish,HEA_atc_N01AB,chemical_substance
HEA_atc_V08AB04,HEA,atc,V08AB04,"vandopl.,nefrotrope,lavosm. røntgenkontrastmidl., iopamidol","vandopl.,nefrotrope,lavosm. røntgenkontrastmidl., iopamidol","osmotics, nephroprotective, low-osmolality radiographic contrast media, iopamidol",raw_atc_enhanced_hierarchical,medium,danish,HEA_atc_V08AB,chemical_substance
HEA_atc_M03AC11,HEA,atc,M03AC11,"andre kvaternære ammoniumforbindelser, cisatracurium","andre kvaternære ammoniumforbindelser, cisatracurium","other quaternary ammonium compounds, cisatracurium",raw_atc_enhanced_hierarchical,medium,danish,HEA_atc_M03AC,chemical_substance
HEA_atc_L04AD02,HEA,atc,L04AD02,"calcineurinhæmmere, tacrolimus","calcineurinhæmmere, tacrolimus","calcineurin inhibitors, tacrolimus",raw_atc_enhanced_hierarchical,medium,danish,HEA_atc_L04AD,chemical_substance
HEA_atc_J05AF05,HEA,atc,J05AF05,"nucleosid og nucleotid revers transcriptase-hæmmere, lamivudin","nucleosid og nucleotid revers transcriptase-hæmmere, lamivudin","nucleoside and nucleotide reverse transcriptase inhibitors, lamivudine",raw_atc_enhanced_hierarchical,medium,danish,HEA_atc_J05AF,chemical_substance
HEA_atc_C08DA51,HEA,atc,C08DA51,"phenylalkylamin-derivater, verapamil, kombinationer","phenylalkylamin-derivater, verapamil, kombinationer","phenylalkylamin-derivater, verapamil, kombinationer",raw_atc_enhanced_hierarchical,medium,danish,HEA_atc_C08DA,chemical_substance
HEA_atc_B05AA07,HEA,atc,B05AA07,"blodsubstitutter og plasmaprotein-fraktioner, hydroxyethylstivelse","blodsubstitutter og plasmaprotein-fraktioner, hydroxyethylstivelse","blood substitutes and plasma protein fractions, hydroxyethyl starch",raw_atc_enhanced_hierarchical,medium,danish,HEA_atc_B05AA,chemical_substance
HEA_atc_R07AB01,HEA,atc,R07AB01,"respirationsstimulerende midler, doxapram","respirationsstimulerende midler, doxapram","respirationsstimulerende midler, doxapram",raw_atc_enhanced_hierarchical,medium,danish,HEA_atc_R07AB,chemical_substance
HEA_atc_J07BF03,HEA,atc,J07BF03,"poliomyelitis vacciner, poliomyelitis, trivalent, inaktiveret, hele virus","poliomyelitis vacciner, poliomyelitis, trivalent, inaktiveret, hele virus","poliomyelitis vaccines, poliomyelitis, trivalent, inactivated, whole virus",raw_atc_enhanced_hierarchical,medium,danish,HEA_atc_J07BF,chemical_substance
HEA_atc_L01XA01,HEA,atc,L01XA01,"platin-forbindelser, cisplatin","platin-forbindelser, cisplatin","platin-forbindelser, cisplatin",raw_atc_enhanced_hierarchical,medium,danish,HEA_atc_L01XA,chemical_substance
HEA_atc_J01DF01,HEA,atc,J01DF01,"monobactamer, aztreonam","monobactamer, aztreonam","monobactamer, aztreonam",raw_atc_enhanced_hierarchical,medium,danish,HEA_atc_J01DF,chemical_substance
HEA_atc_N01BB09,HEA,atc,N01BB09,"amider, ropivacain","amider, ropivacain","amider, ropivacain",raw_atc_enhanced_hierarchical,medium,danish,HEA_atc_N01BB,chemical_substance
HEA_atc_V04CE01,HEA,atc,V04CE01,"tests for leverfunktionskapacitet, galactose","tests for leverfunktionskapacitet, galactose","tests for leverfunktionskapacitet, galactose",raw_atc_enhanced_hierarchical,medium,danish,HEA_atc_V04CE,chemical_substance
HEA_atc_J07CA01,HEA,atc,J07CA01,"bacterielle og virale vacciner, kombinerede, difteri-poliomyelitis-tetanus","bacterielle og virale vacciner, kombinerede, difteri-poliomyelitis-tetanus","bacterial and viral vaccines, combined, diphtheria-poliomyelitis-tetanus",raw_atc_enhanced_hierarchical,medium,danish,HEA_atc_J07CA,chemical_substance
HEA_atc_N06AX06,HEA,atc,N06AX06,"andre antidepressiva, nefazodon","andre antidepressiva, nefazodon","other antidepressants, nefazodone",raw_atc_enhanced_hierarchical,medium,danish,HEA_atc_N06AX,chemical_substance
HEA_atc_R06AX25,HEA,atc,R06AX25,"andre antihistaminer til systemisk brug, mizolastin","andre antihistaminer til systemisk brug, mizolastin","other systemic antihistamines, mizolastine",raw_atc_enhanced_hierarchical,medium,danish,HEA_atc_R06AX,chemical_substance
HEA_atc_A08AB01,HEA,atc,A08AB01,"midler mod fedme med perifer virkning, orlistat","midler mod fedme med perifer virkning, orlistat","obesity agents with peripheral action, orlistat",raw_atc_enhanced_hierarchical,medium,danish,HEA_atc_A08AB,chemical_substance
HEA_atc_R06AX26,HEA,atc,R06AX26,"andre antihistaminer til systemisk brug, fexofenadin","andre antihistaminer til systemisk brug, fexofenadin","other systemic antihistamines, fexofenadine",raw_atc_enhanced_hierarchical,medium,danish,HEA_atc_R06AX,chemical_substance
HEA_atc_A10BX02,HEA,atc,A10BX02,"andre blod-glucose sænkende midler, ekskl. insuliner, repaglinid","andre blod-glucose sænkende midler, ekskl. insuliner, repaglinid","other blood-glucose lowering agents, excluding insulin, repaglinide",raw_atc_enhanced_hierarchical,medium,danish,HEA_atc_A10BX,chemical_substance
HEA_atc_N02CC04,HEA,atc,N02CC04,"selektive 5HT(1)-receptor-agonister, rizatriptan","selektive 5HT(1)-receptor-agonister, rizatriptan","selektive 5HT(1)-receptor-agonister, rizatriptan",raw_atc_enhanced_hierarchical,medium,danish,HEA_atc_N02CC,chemical_substance
HEA_atc_S01ED51,HEA,atc,S01ED51,"beta-blokerende midler, timolol, kombinationer","beta-blokerende midler, timolol, kombinationer","beta-blokerende midler, timolol, kombinationer",raw_atc_enhanced_hierarchical,medium,danish,HEA_atc_S01ED,chemical_substance
HEA_atc_S01EA05,HEA,atc,S01EA05,"sympatomimetika til glaucombehandling, brimonidin","sympatomimetika til glaucombehandling, brimonidin","sympathomimetics for glaucoma treatment, brimonidine",raw_atc_enhanced_hierarchical,medium,danish,HEA_atc_S01EA,chemical_substance
HEA_atc_G04BE03,HEA,atc,G04BE03,"midler anvendt ved erektionsforstyrrelser, sildenafil","midler anvendt ved erektionsforstyrrelser, sildenafil","drugs used for erectile dysfunction, sildenafil",raw_atc_enhanced_hierarchical,medium,danish,HEA_atc_G04BE,chemical_substance
HEA_atc_G04BD07,HEA,atc,G04BD07,"midler mod hyppig urinering og inkontinens, tolterodin","midler mod hyppig urinering og inkontinens, tolterodin","drugs for frequent urination and incontinence, tolterodine",raw_atc_enhanced_hierarchical,medium,danish,HEA_atc_G04BD,chemical_substance
HEA_atc_R03DC03,HEA,atc,R03DC03,"leukotrien-receptor antagonister, montelukast","leukotrien-receptor antagonister, montelukast","leukotrien-receptor antagonister, montelukast",raw_atc_enhanced_hierarchical,medium,danish,HEA_atc_R03DC,chemical_substance
HEA_atc_B05XA06,HEA,atc,B05XA06,"elektrolyt-opløsninger, kaliumphosphat, incl. komb. m. andre kaliumsalte","elektrolyt-opløsninger, kaliumphosphat, incl. komb. m. andre kaliumsalte","electrolyte solutions, potassium phosphate, including combinations with other potassium salts",raw_atc_enhanced_hierarchical,medium,danish,HEA_atc_B05XA,chemical_substance
HEA_atc_J01MA11,HEA,atc,J01MA11,"fluorochinoloner, grepafloxacin","fluorochinoloner, grepafloxacin","fluorochinoloner, grepafloxacin",raw_atc_enhanced_hierarchical,medium,danish,HEA_atc_J01MA,chemical_substance
HEA_atc_B01AC04,HEA,atc,B01AC04,"blodplade-aggregationshæmmere excl. heparin, clopidogrel","blodplade-aggregationshæmmere excl. heparin, clopidogrel","platelet aggregation inhibitors, excluding heparin, clopidogrel",raw_atc_enhanced_hierarchical,medium,danish,HEA_atc_B01AC,chemical_substance
HEA_atc_N02CC02,HEA,atc,N02CC02,"selektive 5HT(1)-receptor-agonister, naratriptan","selektive 5HT(1)-receptor-agonister, naratriptan","selektive 5HT(1)-receptor-agonister, naratriptan",raw_atc_enhanced_hierarchical,medium,danish,HEA_atc_N02CC,chemical_substance
HEA_atc_C09DA03,HEA,atc,C09DA03,"angiotensin II receptor blokkere (ARBS) og diuretika, valsartan og diuretika","angiotensin II receptor blokkere (ARBS) og diuretika, valsartan og diuretika","angiotensin II receptor blockers (ARBs) and diuretics, valsartan and diuretics",raw_atc_enhanced_hierarchical,medium,danish,HEA_atc_C09DA,chemical_substance
HEA_atc_N04BC05,HEA,atc,N04BC05,"dopamin-agonister, pramipexol","dopamin-agonister, pramipexol","dopamin-agonister, pramipexol",raw_atc_enhanced_hierarchical,medium,danish,HEA_atc_N04BC,chemical_substance
HEA_atc_N06DA03,HEA,atc,N06DA03,"anticholinesteraser, rivastigmin","anticholinesteraser, rivastigmin","acetylcholinesterase inhibitors, rivastigmine",raw_atc_enhanced_hierarchical,medium,danish,HEA_atc_N06DA,chemical_substance
HEA_atc_M09AX01,HEA,atc,M09AX01,"andre midler mod forstyrrelser i det muskulo-skeletale system, hyaluronsyre","andre midler mod forstyrrelser i det muskulo-skeletale system, hyaluronsyre","other drugs for disorders of the musculo-skeletal system, hyaluronic acid",raw_atc_enhanced_hierarchical,medium,danish,HEA_atc_M09AX,chemical_substance
HEA_atc_G03XC01,HEA,atc,G03XC01,"selektive østrogenreceptor-modulatorer, raloxifen","selektive østrogenreceptor-modulatorer, raloxifen","selective estrogen receptor modulators, raloxifene",raw_atc_enhanced_hierarchical,medium,danish,HEA_atc_G03XC,chemical_substance
HEA_atc_P01BB51,HEA,atc,P01BB51,"biguanider, proguanil og atovaquon","biguanider, proguanil og atovaquon","biguanides, proguanil and atovaquone",raw_atc_enhanced_hierarchical,medium,danish,HEA_atc_P01BB,chemical_substance
HEA_atc_R01AD11,HEA,atc,R01AD11,"kortikosteroider, triamcinolon","kortikosteroider, triamcinolon","kortikosteroider, triamcinolon",raw_atc_enhanced_hierarchical,medium,danish,HEA_atc_R01AD,chemical_substance
HEA_atc_N04BX02,HEA,atc,N04BX02,"andre dopaminerge stoffer, entacapon","andre dopaminerge stoffer, entacapon","other dopamine agonists, entacapone",raw_atc_enhanced_hierarchical,medium,danish,HEA_atc_N04BX,chemical_substance
HEA_atc_S01AE04,HEA,atc,S01AE04,"fluoroquinoloner, lomefloxacin","fluoroquinoloner, lomefloxacin","fluoroquinoloner, lomefloxacin",raw_atc_enhanced_hierarchical,medium,danish,HEA_atc_S01AE,chemical_substance
HEA_atc_D11AX10,HEA,atc,D11AX10,"andre dermatologiske midler, finasterid","andre dermatologiske midler, finasterid","other dermatological agents, finasteride",raw_atc_enhanced_hierarchical,medium,danish,HEA_atc_D11AX,chemical_substance
HEA_atc_N06AX18,HEA,atc,N06AX18,"andre antidepressiva, reboxetin","andre antidepressiva, reboxetin","other antidepressants, reboxetine",raw_atc_enhanced_hierarchical,medium,danish,HEA_atc_N06AX,chemical_substance
HEA_atc_A06AD,HEA,atc,A06AD,"osmotisk virkende laksantia, osmotisk virkende laksantia","osmotisk virkende laksantia, osmotisk virkende laksantia","osmotisk virkende laksantia, osmotisk virkende laksantia",raw_atc_enhanced_hierarchical,medium,danish,HEA_atc_A06A,chemical_subgroup
HEA_atc_A07BA01,HEA,atc,A07BA01,"kul-præparater, aktivt kul","kul-præparater, aktivt kul","charcoal preparations, active charcoal",raw_atc_enhanced_hierarchical,medium,danish,HEA_atc_A07BA,chemical_substance
HEA_atc_J01MA13,HEA,atc,J01MA13,"fluorochinoloner, trovafloxacin","fluorochinoloner, trovafloxacin","fluorochinoloner, trovafloxacin",raw_atc_enhanced_hierarchical,medium,danish,HEA_atc_J01MA,chemical_substance
HEA_atc_A12BA02,HEA,atc,A12BA02,"kalium, kaliumcitrat","kalium, kaliumcitrat","kalium, kaliumcitrat",raw_atc_enhanced_hierarchical,medium,danish,HEA_atc_A12BA,chemical_substance
HEA_atc_B05AA05,HEA,atc,B05AA05,"blodsubstitutter og plasmaprotein-fraktioner, dextran","blodsubstitutter og plasmaprotein-fraktioner, dextran","blood substitutes and plasma protein fractions, dextran",raw_atc_enhanced_hierarchical,medium,danish,HEA_atc_B05AA,chemical_substance
HEA_atc_M03AC10,HEA,atc,M03AC10,"andre kvaternære ammoniumforbindelser, mivacuriumchlorid","andre kvaternære ammoniumforbindelser, mivacuriumchlorid","other quaternary ammonium compounds, mivacurium chloride",raw_atc_enhanced_hierarchical,medium,danish,HEA_atc_M03AC,chemical_substance
HEA_atc_J01CA12,HEA,atc,J01CA12,"penicilliner med udvidet spektrum, piperacillin","penicilliner med udvidet spektrum, piperacillin","broad-spectrum penicillins, piperacillin",raw_atc_enhanced_hierarchical,medium,danish,HEA_atc_J01CA,chemical_substance
HEA_atc_N07BC03,HEA,atc,N07BC03,"midler mod opioidafhængighed, levacetylmethadol","midler mod opioidafhængighed, levacetylmethadol","opiate dependence medications, levacetylmethadol",raw_atc_enhanced_hierarchical,medium,danish,HEA_atc_N07BC,chemical_substance
HEA_atc_V04CF01,HEA,atc,V04CF01,"tuberkulose-diagnostika, tuberculin","tuberkulose-diagnostika, tuberculin","tuberculosis diagnostic agents, tuberculin",raw_atc_enhanced_hierarchical,medium,danish,HEA_atc_V04CF,chemical_substance
HEA_atc_B05XA05,HEA,atc,B05XA05,"elektrolyt-opløsninger, magnesiumsulfat","elektrolyt-opløsninger, magnesiumsulfat","electrolyte solutions, magnesium sulfate",raw_atc_enhanced_hierarchical,medium,danish,HEA_atc_B05XA,chemical_substance
HEA_atc_L02BB02,HEA,atc,L02BB02,"anti-androgener, nilutamid","anti-androgener, nilutamid","anti-androgener, nilutamid",raw_atc_enhanced_hierarchical,medium,danish,HEA_atc_L02BB,chemical_substance
HEA_atc_J07BK01,HEA,atc,J07BK01,"varicella zoster vacciner, varicella, levende attenueret","varicella zoster vacciner, varicella, levende attenueret","varicella zoster vacciner, varicella, levende attenueret",raw_atc_enhanced_hierarchical,medium,danish,HEA_atc_J07BK,chemical_substance
HEA_atc_L01BC01,HEA,atc,L01BC01,"pyrimidin-analoger, cytarabin","pyrimidin-analoger, cytarabin","pyrimidin-analoger, cytarabin",raw_atc_enhanced_hierarchical,medium,danish,HEA_atc_L01BC,chemical_substance
HEA_atc_N01AH06,HEA,atc,N01AH06,"opioid-anæstetika, remifentanil","opioid-anæstetika, remifentanil","opioid anesthetics, remifentanil",raw_atc_enhanced_hierarchical,medium,danish,HEA_atc_N01AH,chemical_substance
HEA_atc_A16AA04,HEA,atc,A16AA04,"aminosyrer og derivater, mercaptamin","aminosyrer og derivater, mercaptamin","amino acids and derivatives, mercaptamine",raw_atc_enhanced_hierarchical,medium,danish,HEA_atc_A16AA,chemical_substance
HEA_atc_M05BA03,HEA,atc,M05BA03,"bisphosphonater, pamidronsyre","bisphosphonater, pamidronsyre","bisphosphonater, pamidronsyre",raw_atc_enhanced_hierarchical,medium,danish,HEA_atc_M05BA,chemical_substance
HEA_atc_V08AB05,HEA,atc,V08AB05,"vandopl.,nefrotrope,lavosm. røntgenkontrastmidl., iopromid","vandopl.,nefrotrope,lavosm. røntgenkontrastmidl., iopromid","water-soluble, nephrotoxic, low-osmolality X-ray contrast media, iopromide",raw_atc_enhanced_hierarchical,medium,danish,HEA_atc_V08AB,chemical_substance
HEA_atc_S01GX06,HEA,atc,S01GX06,"andre antiallergika, emedastin","andre antiallergika, emedastin","other antihistamines, emedastine",raw_atc_enhanced_hierarchical,medium,danish,HEA_atc_S01GX,chemical_substance
HEA_atc_N05CF03,HEA,atc,N05CF03,"benzodiazepin-relaterede midler, zaleplon","benzodiazepin-relaterede midler, zaleplon","benzodiazepin-relaterede midler, zaleplon",raw_atc_enhanced_hierarchical,medium,danish,HEA_atc_N05CF,chemical_substance
HEA_atc_A02BC04,HEA,atc,A02BC04,"protonpumpe-hæmmere, rabeprazol","protonpumpe-hæmmere, rabeprazol","proton pump inhibitors, rabeprazole",raw_atc_enhanced_hierarchical,medium,danish,HEA_atc_A02BC,chemical_substance
HEA_atc_A10AB05,HEA,atc,A10AB05,"insuliner og analoger til injektion, hurtigtvirkende, insulin aspart","insuliner og analoger til injektion, hurtigtvirkende, insulin aspart","insulins and analogues for injection, rapid-acting, insulin aspart",raw_atc_enhanced_hierarchical,medium,danish,HEA_atc_A10AB,chemical_substance
HEA_atc_M01AH02,HEA,atc,M01AH02,"coxibs, rofecoxib","coxibs, rofecoxib","coxibs, rofecoxib",raw_atc_enhanced_hierarchical,medium,danish,HEA_atc_M01AH,chemical_substance
HEA_atc_S02CA03,HEA,atc,S02CA03,"kortikosteroider og antiinfektiva i kombination, hydrocortison og antiinfektiva","kortikosteroider og antiinfektiva i kombination, hydrocortison og antiinfektiva","corticosteroids and antiseptics in combination, hydrocortisone and antiseptics",raw_atc_enhanced_hierarchical,medium,danish,HEA_atc_S02CA,chemical_substance
HEA_atc_S01BA13,HEA,atc,S01BA13,"kortikosteroider, usammensatte, rimexolon","kortikosteroider, usammensatte, rimexolon","kortikosteroider, usammensatte, rimexolon",raw_atc_enhanced_hierarchical,medium,danish,HEA_atc_S01BA,chemical_substance
HEA_atc_L04AK01,HEA,atc,L04AK01,"dihydroorotat dehydrogenase (DHODH) hæmmere, leflunomid","dihydroorotat dehydrogenase (DHODH) hæmmere, leflunomid","dihydroorotate dehydrogenase (DHODH) inhibitors, leflunomide",raw_atc_enhanced_hierarchical,medium,danish,HEA_atc_L04AK,chemical_substance
HEA_atc_M02AA13,HEA,atc,M02AA13,"antiinflammatorika, non-steroide, udvortes brug, ibuprofen","antiinflammatorika, non-steroide, udvortes brug, ibuprofen","anti-inflammatory agents, non-steroidal, for topical use, ibuprofen",raw_atc_enhanced_hierarchical,medium,danish,HEA_atc_M02AA,chemical_substance
HEA_atc_D10AD04,HEA,atc,D10AD04,"retinoider til udvortes brug mod acne, isotretinoin","retinoider til udvortes brug mod acne, isotretinoin","retinoids for topical use for acne, isotretinoin",raw_atc_enhanced_hierarchical,medium,danish,HEA_atc_D10AD,chemical_substance
HEA_atc_J05AH01,HEA,atc,J05AH01,"neuraminidase-inhibitorer, zanamivir","neuraminidase-inhibitorer, zanamivir","neuraminidase-inhibitorer, zanamivir",raw_atc_enhanced_hierarchical,medium,danish,HEA_atc_J05AH,chemical_substance
HEA_atc_A10AD04,HEA,atc,A10AD04,"insuliner og analoger til injektion, middel- og langtidsvirkende i kombinationer med hurtigtvirkende, insulin lispro","insuliner og analoger til injektion, middel- og langtidsvirkende i kombinationer med hurtigtvirkende, insulin lispro","Insulin and analogues for injection, intermediate- and long-acting in combination with rapid-acting, insulin lispro",raw_atc_enhanced_hierarchical,medium,danish,HEA_atc_A10AD,chemical_substance
HEA_atc_N07BC01,HEA,atc,N07BC01,"midler mod opioidafhængighed, buprenorphin","midler mod opioidafhængighed, buprenorphin","Opioid dependence treatment agents, buprenorphine",raw_atc_enhanced_hierarchical,medium,danish,HEA_atc_N07BC,chemical_substance
HEA_atc_R03AK06,HEA,atc,R03AK06,"adrenergika kombinationer med corticosteroider/andre midler, excl. antikolinergika, salmeterol og fluticason","adrenergika kombinationer med corticosteroider/andre midler, excl. antikolinergika, salmeterol og fluticason","Adrenergic combinations with corticosteroids/other agents, excluding anticholinergics, salmeterol and fluticasone",raw_atc_enhanced_hierarchical,medium,danish,HEA_atc_R03AK,chemical_substance
HEA_atc_L01DC03,HEA,atc,L01DC03,"andre cytotoxiske antibiotika, mitomycin","andre cytotoxiske antibiotika, mitomycin","Other cytotoxic antibiotics, mitomycin",raw_atc_enhanced_hierarchical,medium,danish,HEA_atc_L01DC,chemical_substance
HEA_atc_V03AB14,HEA,atc,V03AB14,"antidoter, protamin","antidoter, protamin","antidoter, protamin",raw_atc_enhanced_hierarchical,medium,danish,HEA_atc_V03AB,chemical_substance
HEA_atc_A07EC04,HEA,atc,A07EC04,"aminosalicylsyre og analoger, balsalazid","aminosalicylsyre og analoger, balsalazid","Aminosalicylic acid and analogues, balsalazide",raw_atc_enhanced_hierarchical,medium,danish,HEA_atc_A07EC,chemical_substance
HEA_atc_D06BB10,HEA,atc,D06BB10,"antivirale midler, imiquimod","antivirale midler, imiquimod","antivirale midler, imiquimod",raw_atc_enhanced_hierarchical,medium,danish,HEA_atc_D06BB,chemical_substance
HEA_atc_H01CC02,HEA,atc,H01CC02,"anti gonadotropin releasing hormoner, cetrorelix","anti gonadotropin releasing hormoner, cetrorelix","Anti-gonadotropin releasing hormone agents, cetrorelix",raw_atc_enhanced_hierarchical,medium,danish,HEA_atc_H01CC,chemical_substance
HEA_atc_N06BA07,HEA,atc,N06BA07,"centralt virkende sympatomimetika, modafinil","centralt virkende sympatomimetika, modafinil","centralt virkende sympatomimetika, modafinil",raw_atc_enhanced_hierarchical,medium,danish,HEA_atc_N06BA,chemical_substance
HEA_atc_G03AC08,HEA,atc,G03AC08,"gestagener, etonogestrel","gestagener, etonogestrel","gestagener, etonogestrel",raw_atc_enhanced_hierarchical,medium,danish,HEA_atc_G03AC,chemical_substance
HEA_atc_J05AE02,HEA,atc,J05AE02,"protease inhibitorer, indinavir","protease inhibitorer, indinavir","protease inhibitorer, indinavir",raw_atc_enhanced_hierarchical,medium,danish,HEA_atc_J05AE,chemical_substance
HEA_atc_J05AR01,HEA,atc,J05AR01,"antivirale midler til behandling af HIV-infektioner, komb., zidovudin og lamivudin","antivirale midler til behandling af HIV-infektioner, komb., zidovudin og lamivudin","Antiviral agents for the treatment of HIV infections, combination, zidovudine and lamivudine",raw_atc_enhanced_hierarchical,medium,danish,HEA_atc_J05AR,chemical_substance
HEA_atc_B05BA01,HEA,atc,B05BA01,"opløsninger til parenteral ernæring, aminosyrer","opløsninger til parenteral ernæring, aminosyrer","Solutions for parenteral nutrition, amino acids",raw_atc_enhanced_hierarchical,medium,danish,HEA_atc_B05BA,chemical_substance
HEA_atc_J05AE04,HEA,atc,J05AE04,"protease inhibitorer, nelfinavir","protease inhibitorer, nelfinavir","protease inhibitorer, nelfinavir",raw_atc_enhanced_hierarchical,medium,danish,HEA_atc_J05AE,chemical_substance
HEA_atc_B05XB02,HEA,atc,B05XB02,"aminosyrer, alanylglutamin","aminosyrer, alanylglutamin","aminosyrer, alanylglutamin",raw_atc_enhanced_hierarchical,medium,danish,HEA_atc_B05XB,chemical_substance
HEA_atc_J07AH03,HEA,atc,J07AH03,"meningokok vacciner, meningococcus A,C, bivalent renset polysaccharid antigen","meningokok vacciner, meningococcus A,C, bivalent renset polysaccharid antigen","Meningococcal vaccines, meningococcus A, C, bivalent purified polysaccharide antigen",raw_atc_enhanced_hierarchical,medium,danish,HEA_atc_J07AH,chemical_substance
HEA_atc_J05AF04,HEA,atc,J05AF04,"nucleosid og nucleotid revers transcriptase-hæmmere, stavudin","nucleosid og nucleotid revers transcriptase-hæmmere, stavudin","Nucleoside and nucleotide reverse transcriptase inhibitors, stavudine",raw_atc_enhanced_hierarchical,medium,danish,HEA_atc_J05AF,chemical_substance
HEA_atc_J07AE01,HEA,atc,J07AE01,"cholera vacciner, cholera, inaktiveret, hele celler","cholera vacciner, cholera, inaktiveret, hele celler","cholera vacciner, cholera, inaktiveret, hele celler",raw_atc_enhanced_hierarchical,medium,danish,HEA_atc_J07AE,chemical_substance
HEA_atc_B05CB03,HEA,atc,B05CB03,"saltopløsninger, magnesiumcitrat","saltopløsninger, magnesiumcitrat",magnesium citrate solutions,raw_atc_enhanced_hierarchical,medium,danish,HEA_atc_B05CB,chemical_substance
HEA_atc_M01AH01,HEA,atc,M01AH01,"coxibs, celecoxib","coxibs, celecoxib","coxibs, celecoxib",raw_atc_enhanced_hierarchical,medium,danish,HEA_atc_M01AH,chemical_substance
HEA_atc_S01AA12,HEA,atc,S01AA12,"antibiotika, tobramycin","antibiotika, tobramycin","antibiotika, tobramycin",raw_atc_enhanced_hierarchical,medium,danish,HEA_atc_S01AA,chemical_substance
HEA_atc_N06AX12,HEA,atc,N06AX12,"andre antidepressiva, bupropion","andre antidepressiva, bupropion","other antidepressants, bupropion",raw_atc_enhanced_hierarchical,medium,danish,HEA_atc_N06AX,chemical_substance
HEA_atc_S01EC04,HEA,atc,S01EC04,"carbo-anhydrase inhibitorer, brinzolamid","carbo-anhydrase inhibitorer, brinzolamid","carbonic anhydrase inhibitors, brinzolamide",raw_atc_enhanced_hierarchical,medium,danish,HEA_atc_S01EC,chemical_substance
HEA_atc_A02BC05,HEA,atc,A02BC05,"protonpumpe-hæmmere, esomeprazol","protonpumpe-hæmmere, esomeprazol","proton pump inhibitors, esomeprazole",raw_atc_enhanced_hierarchical,medium,danish,HEA_atc_A02BC,chemical_substance
HEA_atc_S01GX07,HEA,atc,S01GX07,"andre antiallergika, azelastin","andre antiallergika, azelastin","other antihistamines, azelastine",raw_atc_enhanced_hierarchical,medium,danish,HEA_atc_S01GX,chemical_substance
HEA_atc_C09DA04,HEA,atc,C09DA04,"angiotensin II receptor blokkere (ARBS) og diuretika, irbesartan og diuretika","angiotensin II receptor blokkere (ARBS) og diuretika, irbesartan og diuretika","angiotensin II receptor blockers (ARBs) and diuretics, irbesartan and diuretics",raw_atc_enhanced_hierarchical,medium,danish,HEA_atc_C09DA,chemical_substance
HEA_atc_C09CA07,HEA,atc,C09CA07,"angiotensin II receptor blokkere (ARBS), usammensatte, telmisartan","angiotensin II receptor blokkere (ARBS), usammensatte, telmisartan","angiotensin II receptor blokkere (ARBS), usammensatte, telmisartan",raw_atc_enhanced_hierarchical,medium,danish,HEA_atc_C09CA,chemical_substance
HEA_atc_C08CA13,HEA,atc,C08CA13,"dihydropyridin-derivater, lercanidipin","dihydropyridin-derivater, lercanidipin","dihydropyridin-derivater, lercanidipin",raw_atc_enhanced_hierarchical,medium,danish,HEA_atc_C08CA,chemical_substance
HEA_atc_C09DA06,HEA,atc,C09DA06,"angiotensin II receptor blokkere (ARBS) og diuretika, candesartan og diuretika","angiotensin II receptor blokkere (ARBS) og diuretika, candesartan og diuretika","angiotensin II receptor blockers (ARBs) and diuretics, candesartan and diuretics",raw_atc_enhanced_hierarchical,medium,danish,HEA_atc_C09DA,chemical_substance
HEA_atc_B01AB06,HEA,atc,B01AB06,"heparin-gruppen, nadroparin","heparin-gruppen, nadroparin","heparin-gruppen, nadroparin",raw_atc_enhanced_hierarchical,medium,danish,HEA_atc_B01AB,chemical_substance
HEA_atc_L01CD01,HEA,atc,L01CD01,"taxaner, paclitaxel","taxaner, paclitaxel","taxaner, paclitaxel",raw_atc_enhanced_hierarchical,medium,danish,HEA_atc_L01CD,chemical_substance
HEA_atc_L02BG06,HEA,atc,L02BG06,"aromatase inhibitorer, exemestan","aromatase inhibitorer, exemestan","aromatase inhibitorer, exemestan",raw_atc_enhanced_hierarchical,medium,danish,HEA_atc_L02BG,chemical_substance
HEA_atc_J06BD01,HEA,atc,J06BD01,"antivirale monoklonale antistoffer, palivizumab","antivirale monoklonale antistoffer, palivizumab","antivirale monoklonale antistoffer, palivizumab",raw_atc_enhanced_hierarchical,medium,danish,HEA_atc_J06BD,chemical_substance
HEA_atc_A10BG02,HEA,atc,A10BG02,"thiazolindioner, rosiglitazon","thiazolindioner, rosiglitazon","thiazolindioner, rosiglitazon",raw_atc_enhanced_hierarchical,medium,danish,HEA_atc_A10BG,chemical_substance
HEA_atc_N07BB03,HEA,atc,N07BB03,"midler mod alkoholafhængighed, acamprosat","midler mod alkoholafhængighed, acamprosat","alcohol dependence medications, acamprosate",raw_atc_enhanced_hierarchical,medium,danish,HEA_atc_N07BB,chemical_substance
HEA_atc_N06DA04,HEA,atc,N06DA04,"anticholinesteraser, galantamin","anticholinesteraser, galantamin","acetylcholinesterase inhibitors, galantamine",raw_atc_enhanced_hierarchical,medium,danish,HEA_atc_N06DA,chemical_substance
HEA_atc_G03FA12,HEA,atc,G03FA12,"gestagener og østrogener, kombinationer, medroxyprogesteron og østrogen","gestagener og østrogener, kombinationer, medroxyprogesteron og østrogen","progestogens and estrogens, combinations, medroxyprogesterone and estrogen",raw_atc_enhanced_hierarchical,medium,danish,HEA_atc_G03FA,chemical_substance
HEA_atc_D05AC01,HEA,atc,D05AC01,"antracen-derivater, dithranol","antracen-derivater, dithranol","antracen-derivater, dithranol",raw_atc_enhanced_hierarchical,medium,danish,HEA_atc_D05AC,chemical_substance
HEA_atc_N03AX14,HEA,atc,N03AX14,"andre antiepileptika, levetiracetam","andre antiepileptika, levetiracetam","other antiepileptic drugs, levetiracetam",raw_atc_enhanced_hierarchical,medium,danish,HEA_atc_N03AX,chemical_substance
HEA_atc_A07DA53,HEA,atc,A07DA53,"antipropulsiva, loperamid, kombinationer","antipropulsiva, loperamid, kombinationer","antiprokinetic agents, loperamide, combinations",raw_atc_enhanced_hierarchical,medium,danish,HEA_atc_A07DA,chemical_substance
HEA_atc_A10BG03,HEA,atc,A10BG03,"thiazolindioner, pioglitazon","thiazolindioner, pioglitazon","thiazolindioner, pioglitazon",raw_atc_enhanced_hierarchical,medium,danish,HEA_atc_A10BG,chemical_substance
HEA_atc_V03AE02,HEA,atc,V03AE02,"midler t. behandl. af hyperkaliæmi og hyperphosphatæmi, sevelamer","midler t. behandl. af hyperkaliæmi og hyperphosphatæmi, sevelamer","agents for the treatment of hyperkalemia and hyperphosphatemia, sevelamer",raw_atc_enhanced_hierarchical,medium,danish,HEA_atc_V03AE,chemical_substance
HEA_atc_G03AC09,HEA,atc,G03AC09,"gestagener, desogestrel","gestagener, desogestrel","gestagener, desogestrel",raw_atc_enhanced_hierarchical,medium,danish,HEA_atc_G03AC,chemical_substance
HEA_atc_V08AA01,HEA,atc,V08AA01,"vandopl.,nefrotrope,højosm. røntgenkontrastmidl., diatrizoinsyre","vandopl.,nefrotrope,højosm. røntgenkontrastmidl., diatrizoinsyre","osmotic diuretics, nephroprotective, high-osmolality radiographic contrast media, diatrizoic acid",raw_atc_enhanced_hierarchical,medium,danish,HEA_atc_V08AA,chemical_substance
HEA_atc_J07CA02,HEA,atc,J07CA02,"bacterielle og virale vacciner, kombinerede, difteri-pertussis-poliomyelitis-tetanus","bacterielle og virale vacciner, kombinerede, difteri-pertussis-poliomyelitis-tetanus","bacterial and viral vaccines, combined, diphtheria-tetanus-acellular pertussis-poliovirus",raw_atc_enhanced_hierarchical,medium,danish,HEA_atc_J07CA,chemical_substance
HEA_atc_J05AG03,HEA,atc,J05AG03,"non-nucleosid revers transcriptase-hæmmere, efavirenz","non-nucleosid revers transcriptase-hæmmere, efavirenz","non-nucleoside reverse transcriptase inhibitors, efavirenz",raw_atc_enhanced_hierarchical,medium,danish,HEA_atc_J05AG,chemical_substance
HEA_atc_L04AB02,HEA,atc,L04AB02,"tumor necrosis factor alpha (TNF-alfa) hæmmere, infliximab","tumor necrosis factor alpha (TNF-alfa) hæmmere, infliximab","tumor necrosis factor alpha (TNF-alpha) inhibitors, infliximab",raw_atc_enhanced_hierarchical,medium,danish,HEA_atc_L04AB,chemical_substance
HEA_atc_J05AP01,HEA,atc,J05AP01,"antivirale midler til behandling af HCV-infektioner, ribavirin","antivirale midler til behandling af HCV-infektioner, ribavirin","antiviral agents for the treatment of HCV infections, ribavirin",raw_atc_enhanced_hierarchical,medium,danish,HEA_atc_J05AP,chemical_substance
HEA_atc_V03AF01,HEA,atc,V03AF01,"afgiftningsmidler ved cytostatikabehandling, mesna","afgiftningsmidler ved cytostatikabehandling, mesna","uroprotective agents during cytotoxic therapy, mesna",raw_atc_enhanced_hierarchical,medium,danish,HEA_atc_V03AF,chemical_substance
HEA_atc_H01CC01,HEA,atc,H01CC01,"anti gonadotropin releasing hormoner, ganirelix","anti gonadotropin releasing hormoner, ganirelix","anti-gonadotropin releasing hormone agents, ganirelix",raw_atc_enhanced_hierarchical,medium,danish,HEA_atc_H01CC,chemical_substance
HEA_atc_V04CX,HEA,atc,V04CX,"andre diagnostika, andre diagnostika","andre diagnostika, andre diagnostika","other diagnostic agents, other diagnostic agents",raw_atc_enhanced_hierarchical,medium,danish,HEA_atc_V04C,chemical_subgroup
HEA_atc_R06AX27,HEA,atc,R06AX27,"andre antihistaminer til systemisk brug, desloratadin","andre antihistaminer til systemisk brug, desloratadin","other systemic antihistamines, desloratadine",raw_atc_enhanced_hierarchical,medium,danish,HEA_atc_R06AX,chemical_substance
HEA_atc_R03AK07,HEA,atc,R03AK07,"adrenergika kombinationer med corticosteroider/andre midler, excl. antikolinergika, formoterol og budesonid","adrenergika kombinationer med corticosteroider/andre midler, excl. antikolinergika, formoterol og budesonid","adrenergic combinations with corticosteroids/other agents, excluding anticholinergics, formoterol and budesonide",raw_atc_enhanced_hierarchical,medium,danish,HEA_atc_R03AK,chemical_substance
HEA_atc_S01GX08,HEA,atc,S01GX08,"andre antiallergika, ketotifen","andre antiallergika, ketotifen","other antiallergics, ketotifen",raw_atc_enhanced_hierarchical,medium,danish,HEA_atc_S01GX,chemical_substance
HEA_atc_A08AA10,HEA,atc,A08AA10,"centralt virkende anoreksika, sibutramin","centralt virkende anoreksika, sibutramin","centralt virkende anoreksika, sibutramin",raw_atc_enhanced_hierarchical,medium,danish,HEA_atc_A08AA,chemical_substance
HEA_atc_G04BE07,HEA,atc,G04BE07,"midler anvendt ved erektionsforstyrrelser, apomorphin","midler anvendt ved erektionsforstyrrelser, apomorphin","drugs used for erectile dysfunction, apomorphine",raw_atc_enhanced_hierarchical,medium,danish,HEA_atc_G04BE,chemical_substance
HEA_atc_G03AA12,HEA,atc,G03AA12,"gestagener og østrogener, faste kombinationer, drospirenon og ethinylestradiol","gestagener og østrogener, faste kombinationer, drospirenon og ethinylestradiol","gestagens and estrogens, fixed combinations, drospirenone and ethinyl estradiol",raw_atc_enhanced_hierarchical,medium,danish,HEA_atc_G03AA,chemical_substance
HEA_atc_D05AX52,HEA,atc,D05AX52,"andre midler mod psoriasis til udvortes brug, calcipotriol, kombinationer","andre midler mod psoriasis til udvortes brug, calcipotriol, kombinationer","other topical agents for psoriasis, calcipotriol, combinations",raw_atc_enhanced_hierarchical,medium,danish,HEA_atc_D05AX,chemical_substance
HEA_atc_N02CC06,HEA,atc,N02CC06,"selektive 5HT(1)-receptor-agonister, eletriptan","selektive 5HT(1)-receptor-agonister, eletriptan","selektive 5HT(1)-receptor-agonister, eletriptan",raw_atc_enhanced_hierarchical,medium,danish,HEA_atc_N02CC,chemical_substance
HEA_atc_N05AH04,HEA,atc,N05AH04,"diazepiner, oxazepiner, thiazepiner og oxepiner, quetiapin","diazepiner, oxazepiner, thiazepiner og oxepiner, quetiapin","diazepines, oxazepines, thiazepines and oxepines, quetiapine",raw_atc_enhanced_hierarchical,medium,danish,HEA_atc_N05AH,chemical_substance
HEA_atc_N02CC05,HEA,atc,N02CC05,"selektive 5HT(1)-receptor-agonister, almotriptan","selektive 5HT(1)-receptor-agonister, almotriptan","selektive 5HT(1)-receptor-agonister, almotriptan",raw_atc_enhanced_hierarchical,medium,danish,HEA_atc_N02CC,chemical_substance
HEA_atc_G03FB11,HEA,atc,G03FB11,"gestagener og østrogener, sekvenspræparater, trimegeston og østrogen","gestagener og østrogener, sekvenspræparater, trimegeston og østrogen","gestagens and estrogens, sequential preparations, trimegestone and estrogen",raw_atc_enhanced_hierarchical,medium,danish,HEA_atc_G03FB,chemical_substance
HEA_atc_L01XX05,HEA,atc,L01XX05,"andre neoplastiske stoffer, hydroxycarbamid","andre neoplastiske stoffer, hydroxycarbamid","other antineoplastic agents, hydroxyurea",raw_atc_enhanced_hierarchical,medium,danish,HEA_atc_L01XX,chemical_substance
HEA_atc_G03AD01,HEA,atc,G03AD01,"nødprævention, levonorgestrel","nødprævention, levonorgestrel","emergency contraception, levonorgestrel",raw_atc_enhanced_hierarchical,medium,danish,HEA_atc_G03AD,chemical_substance
HEA_atc_G04BD09,HEA,atc,G04BD09,"midler mod hyppig urinering og inkontinens, trospium","midler mod hyppig urinering og inkontinens, trospium","antispasmodics for frequent urination and incontinence, trospium",raw_atc_enhanced_hierarchical,medium,danish,HEA_atc_G04BD,chemical_substance
HEA_atc_J01MA14,HEA,atc,J01MA14,"fluorochinoloner, moxifloxacin","fluorochinoloner, moxifloxacin","fluorochinoloner, moxifloxacin",raw_atc_enhanced_hierarchical,medium,danish,HEA_atc_J01MA,chemical_substance
HEA_atc_L03AA03,HEA,atc,L03AA03,"kolonistimulerende faktorer, molgramostim","kolonistimulerende faktorer, molgramostim","kolonistimulerende faktorer, molgramostim",raw_atc_enhanced_hierarchical,medium,danish,HEA_atc_L03AA,chemical_substance
HEA_atc_N05AE04,HEA,atc,N05AE04,"indol-derivater, ziprasidon","indol-derivater, ziprasidon","indol-derivater, ziprasidon",raw_atc_enhanced_hierarchical,medium,danish,HEA_atc_N05AE,chemical_substance
HEA_atc_J05AF06,HEA,atc,J05AF06,"nucleosid og nucleotid revers transcriptase-hæmmere, abacavir","nucleosid og nucleotid revers transcriptase-hæmmere, abacavir","nucleoside and nucleotide reverse transcriptase inhibitors, abacavir",raw_atc_enhanced_hierarchical,medium,danish,HEA_atc_J05AF,chemical_substance
HEA_atc_N01AB07,HEA,atc,N01AB07,"halogenerede kulbrinter, desfluran","halogenerede kulbrinter, desfluran","halogenerede kulbrinter, desfluran",raw_atc_enhanced_hierarchical,medium,danish,HEA_atc_N01AB,chemical_substance
HEA_atc_J07BB,HEA,atc,J07BB,"influenza vacciner, influenza vacciner","influenza vacciner, influenza vacciner","influenza vacciner, influenza vacciner",raw_atc_enhanced_hierarchical,medium,danish,HEA_atc_J07B,chemical_subgroup
HEA_atc_A10BX03,HEA,atc,A10BX03,"andre blod-glucose sænkende midler, ekskl. insuliner, nateglinid","andre blod-glucose sænkende midler, ekskl. insuliner, nateglinid","other blood glucose lowering agents, excluding insulin, nateglinide",raw_atc_enhanced_hierarchical,medium,danish,HEA_atc_A10BX,chemical_substance
HEA_atc_N01BB58,HEA,atc,N01BB58,"amider, articain, kombinationer","amider, articain, kombinationer","amider, articain, kombinationer",raw_atc_enhanced_hierarchical,medium,danish,HEA_atc_N01BB,chemical_substance
HEA_atc_J07AH02,HEA,atc,J07AH02,"meningokok vacciner, andre meningococcal monovalent, renset polysaccharid antigen","meningokok vacciner, andre meningococcal monovalent, renset polysaccharid antigen","meningococcal vaccines, other monovalent meningococcal, purified polysaccharide antigen",raw_atc_enhanced_hierarchical,medium,danish,HEA_atc_J07AH,chemical_substance
HEA_atc_L01DB07,HEA,atc,L01DB07,"anthracycliner og beslægtede stoffer, mitoxantron","anthracycliner og beslægtede stoffer, mitoxantron","anthracyclines and related substances, mitoxantrone",raw_atc_enhanced_hierarchical,medium,danish,HEA_atc_L01DB,chemical_substance
HEA_atc_S01EE04,HEA,atc,S01EE04,"prostaglandin-analoger, travoprost","prostaglandin-analoger, travoprost","prostaglandin-analoger, travoprost",raw_atc_enhanced_hierarchical,medium,danish,HEA_atc_S01EE,chemical_substance
HEA_atc_B01AC11,HEA,atc,B01AC11,"blodplade-aggregationshæmmere excl. heparin, iloprost","blodplade-aggregationshæmmere excl. heparin, iloprost","platelet aggregation inhibitors, excluding heparin, iloprost",raw_atc_enhanced_hierarchical,medium,danish,HEA_atc_B01AC,chemical_substance
HEA_atc_L01AX03,HEA,atc,L01AX03,"andre alkyleringsmidler, temozolomid","andre alkyleringsmidler, temozolomid","other alkylating agents, temozolomide",raw_atc_enhanced_hierarchical,medium,danish,HEA_atc_L01AX,chemical_substance
HEA_atc_R06AE09,HEA,atc,R06AE09,"piperazin-derivater, levocetirizin","piperazin-derivater, levocetirizin","piperazin-derivater, levocetirizin",raw_atc_enhanced_hierarchical,medium,danish,HEA_atc_R06AE,chemical_substance
HEA_atc_R03BB04,HEA,atc,R03BB04,"antikolinergika, tiotropiumbromid","antikolinergika, tiotropiumbromid","antikolinergika, tiotropiumbromid",raw_atc_enhanced_hierarchical,medium,danish,HEA_atc_R03BB,chemical_substance
HEA_atc_N06AB10,HEA,atc,N06AB10,"selektive serotonin re-optagelse inhibitorer, escitalopram","selektive serotonin re-optagelse inhibitorer, escitalopram","selective serotonin reuptake inhibitors, escitalopram",raw_atc_enhanced_hierarchical,medium,danish,HEA_atc_N06AB,chemical_substance
HEA_atc_S02AA15,HEA,atc,S02AA15,"antiinfektiva, ciprofloxacin","antiinfektiva, ciprofloxacin","antiinfektiva, ciprofloxacin",raw_atc_enhanced_hierarchical,medium,danish,HEA_atc_S02AA,chemical_substance
HEA_atc_D11AH02,HEA,atc,D11AH02,"midler til dermatitis, ekskl. kortikosteroider, pimecrolimus","midler til dermatitis, ekskl. kortikosteroider, pimecrolimus","topical agents for dermatitis, excluding corticosteroids, pimecrolimus",raw_atc_enhanced_hierarchical,medium,danish,HEA_atc_D11AH,chemical_substance
HEA_atc_D11AH01,HEA,atc,D11AH01,"midler til dermatitis, ekskl. kortikosteroider, tacrolimus","midler til dermatitis, ekskl. kortikosteroider, tacrolimus","topical agents for dermatitis, excluding corticosteroids and tacrolimus",raw_atc_enhanced_hierarchical,medium,danish,HEA_atc_D11AH,chemical_substance
HEA_atc_A10AD05,HEA,atc,A10AD05,"insuliner og analoger til injektion, middel- og langtidsvirkende i kombinationer med hurtigtvirkende, insulin aspart","insuliner og analoger til injektion, middel- og langtidsvirkende i kombinationer med hurtigtvirkende, insulin aspart","insulin and analogues for injection, intermediate- and long-acting in combination with rapid-acting, insulin aspart",raw_atc_enhanced_hierarchical,medium,danish,HEA_atc_A10AD,chemical_substance
HEA_atc_S01EE03,HEA,atc,S01EE03,"prostaglandin-analoger, bimatoprost","prostaglandin-analoger, bimatoprost","prostaglandin-analoger, bimatoprost",raw_atc_enhanced_hierarchical,medium,danish,HEA_atc_S01EE,chemical_substance
HEA_atc_S01AE05,HEA,atc,S01AE05,"fluoroquinoloner, levofloxacin","fluoroquinoloner, levofloxacin","fluoroquinoloner, levofloxacin",raw_atc_enhanced_hierarchical,medium,danish,HEA_atc_S01AE,chemical_substance
HEA_atc_G03FA15,HEA,atc,G03FA15,"gestagener og østrogener, kombinationer, dienogest og østrogen","gestagener og østrogener, kombinationer, dienogest og østrogen","progestogens and estrogens, combinations, dienogest and estrogen",raw_atc_enhanced_hierarchical,medium,danish,HEA_atc_G03FA,chemical_substance
HEA_atc_G02BB01,HEA,atc,G02BB01,"intravaginale antikonceptionelle midler, vaginal ring med gestagen og østrogen","intravaginale antikonceptionelle midler, vaginal ring med gestagen og østrogen","intra-vaginal contraceptives, vaginal ring containing progestogen and estrogen",raw_atc_enhanced_hierarchical,medium,danish,HEA_atc_G02BB,chemical_substance
HEA_atc_B01AC30,HEA,atc,B01AC30,"blodplade-aggregationshæmmere excl. heparin, kombinationer af blodplade-aggregationshæmmere excl. heparin","blodplade-aggregationshæmmere excl. heparin, kombinationer af blodplade-aggregationshæmmere excl. heparin","platelet aggregation inhibitors, excluding heparin, combinations of platelet aggregation inhibitors, excluding heparin",raw_atc_enhanced_hierarchical,medium,danish,HEA_atc_B01AC,chemical_substance
HEA_atc_C09BA04,HEA,atc,C09BA04,"ACE-hæmmere og diuretika, perindopril og diuretika","ACE-hæmmere og diuretika, perindopril og diuretika","ACE inhibitors and diuretics, perindopril and diuretics",raw_atc_enhanced_hierarchical,medium,danish,HEA_atc_C09BA,chemical_substance
HEA_atc_C09DA07,HEA,atc,C09DA07,"angiotensin II receptor blokkere (ARBS) og diuretika, telmisartan og diuretika","angiotensin II receptor blokkere (ARBS) og diuretika, telmisartan og diuretika","angiotensin II receptor blockers (ARBs) and diuretics, telmisartan and diuretics",raw_atc_enhanced_hierarchical,medium,danish,HEA_atc_C09DA,chemical_substance
HEA_atc_L01CD02,HEA,atc,L01CD02,"taxaner, docetaxel","taxaner, docetaxel","taxaner, docetaxel",raw_atc_enhanced_hierarchical,medium,danish,HEA_atc_L01CD,chemical_substance
HEA_atc_G03GA07,HEA,atc,G03GA07,"gonadotropiner, lutropin alfa","gonadotropiner, lutropin alfa","gonadotropiner, lutropin alfa",raw_atc_enhanced_hierarchical,medium,danish,HEA_atc_G03GA,chemical_substance
HEA_atc_J05AH02,HEA,atc,J05AH02,"neuraminidase-inhibitorer, oseltamivir","neuraminidase-inhibitorer, oseltamivir","neuraminidase-inhibitorer, oseltamivir",raw_atc_enhanced_hierarchical,medium,danish,HEA_atc_J05AH,chemical_substance
HEA_atc_N05AL05,HEA,atc,N05AL05,"benzamider, amisulprid","benzamider, amisulprid","benzamider, amisulprid",raw_atc_enhanced_hierarchical,medium,danish,HEA_atc_N05AL,chemical_substance
HEA_atc_N06DX01,HEA,atc,N06DX01,"andre midler mod demens, memantin","andre midler mod demens, memantin","other drugs for dementia, memantine",raw_atc_enhanced_hierarchical,medium,danish,HEA_atc_N06DX,chemical_substance
HEA_atc_L01XD03,HEA,atc,L01XD03,"sensibilatorer til fotodynamisk/stråle-terapi, methylaminolevulinat","sensibilatorer til fotodynamisk/stråle-terapi, methylaminolevulinat","photosensitizers for photodynamic/radiation therapy, methyl aminolevulinate",raw_atc_enhanced_hierarchical,medium,danish,HEA_atc_L01XD,chemical_substance
HEA_atc_L01BC05,HEA,atc,L01BC05,"pyrimidin-analoger, gemcitabin","pyrimidin-analoger, gemcitabin","pyrimidin-analoger, gemcitabin",raw_atc_enhanced_hierarchical,medium,danish,HEA_atc_L01BC,chemical_substance
HEA_atc_J01XX08,HEA,atc,J01XX08,"andre antibakterika, linezolid","andre antibakterika, linezolid","other antibiotics, linezolid",raw_atc_enhanced_hierarchical,medium,danish,HEA_atc_J01XX,chemical_substance
HEA_atc_G03GA08,HEA,atc,G03GA08,"gonadotropiner, choriongonadotropin alfa","gonadotropiner, choriongonadotropin alfa","gonadotropiner, choriongonadotropin alfa",raw_atc_enhanced_hierarchical,medium,danish,HEA_atc_G03GA,chemical_substance
HEA_atc_B01AX05,HEA,atc,B01AX05,"andre antithrombosemidler, fondaparinux","andre antithrombosemidler, fondaparinux","other antithrombotic agents, fondaparinux",raw_atc_enhanced_hierarchical,medium,danish,HEA_atc_B01AX,chemical_substance
HEA_atc_B02AB01,HEA,atc,B02AB01,"proteinase hæmmere, aprotinin","proteinase hæmmere, aprotinin","proteinase inhibitors, aprotinin",raw_atc_enhanced_hierarchical,medium,danish,HEA_atc_B02AB,chemical_substance
HEA_atc_B05CX03,HEA,atc,B05CX03,"andre skyllevæsker, glycin","andre skyllevæsker, glycin","other detergents, glycine",raw_atc_enhanced_hierarchical,medium,danish,HEA_atc_B05CX,chemical_substance
HEA_atc_L01EA01,HEA,atc,L01EA01,"BCR-ABL tyrosinkinasehæmmere, imatinib","BCR-ABL tyrosinkinasehæmmere, imatinib","BCR-ABL tyrosine kinase inhibitors, imatinib",raw_atc_enhanced_hierarchical,medium,danish,HEA_atc_L01EA,chemical_substance
HEA_atc_M05BA08,HEA,atc,M05BA08,"bisphosphonater, zoledronsyre","bisphosphonater, zoledronsyre","bisphosphonater, zoledronsyre",raw_atc_enhanced_hierarchical,medium,danish,HEA_atc_M05BA,chemical_substance
HEA_atc_J02AC03,HEA,atc,J02AC03,"triazol- og tetrazolderivater, voriconazol","triazol- og tetrazolderivater, voriconazol","triazole and tetrazole derivatives, voriconazole",raw_atc_enhanced_hierarchical,medium,danish,HEA_atc_J02AC,chemical_substance
HEA_atc_L01BC06,HEA,atc,L01BC06,"pyrimidin-analoger, capecitabin","pyrimidin-analoger, capecitabin","pyrimidin-analoger, capecitabin",raw_atc_enhanced_hierarchical,medium,danish,HEA_atc_L01BC,chemical_substance
HEA_atc_V03AE07,HEA,atc,V03AE07,"midler t. behandl. af hyperkaliæmi og hyperphosphatæmi, calciumacetat","midler t. behandl. af hyperkaliæmi og hyperphosphatæmi, calciumacetat","agents for treatment of hyperkalemia and hyperphosphatemia, calcium acetate",raw_atc_enhanced_hierarchical,medium,danish,HEA_atc_V03AE,chemical_substance
HEA_atc_V08DA02,HEA,atc,V08DA02,"ultralyd kontrastmidler, mikropartikler af galactose","ultralyd kontrastmidler, mikropartikler af galactose","ultrasound contrast agents, microparticles of galactose",raw_atc_enhanced_hierarchical,medium,danish,HEA_atc_V08DA,chemical_substance
HEA_atc_B02BD04,HEA,atc,B02BD04,"blodkoagulationsfaktorer, koagulationsfaktor IX","blodkoagulationsfaktorer, koagulationsfaktor IX","blood coagulation factors, factor IX",raw_atc_enhanced_hierarchical,medium,danish,HEA_atc_B02BD,chemical_substance
HEA_atc_J01CR05,HEA,atc,J01CR05,"komb. af penicilliner, incl. beta-lactamase inhib., piperacillin og beta-lactamaseinhibitor","komb. af penicilliner, incl. beta-lactamase inhib., piperacillin og beta-lactamaseinhibitor","combination of penicillins including beta-lactamase inhibitors, piperacillin and beta-lactamase inhibitor",raw_atc_enhanced_hierarchical,medium,danish,HEA_atc_J01CR,chemical_substance
HEA_atc_V03AF04,HEA,atc,V03AF04,"afgiftningsmidler ved cytostatikabehandling, calciumlevofolinat","afgiftningsmidler ved cytostatikabehandling, calciumlevofolinat","antidotes during cytotoxic treatment, calcium levofoline",raw_atc_enhanced_hierarchical,medium,danish,HEA_atc_V03AF,chemical_substance
HEA_atc_S01GX09,HEA,atc,S01GX09,"andre antiallergika, olopatadin","andre antiallergika, olopatadin","other antihistamines, olapatadine",raw_atc_enhanced_hierarchical,medium,danish,HEA_atc_S01GX,chemical_substance
HEA_atc_M01AX05,HEA,atc,M01AX05,"andre antiinflam./antirheum. midler, non-steroide, glucosamin","andre antiinflam./antirheum. midler, non-steroide, glucosamin","other anti-inflammatory/anti-rheumatic drugs, non-steroidal, glucosamine",raw_atc_enhanced_hierarchical,medium,danish,HEA_atc_M01AX,chemical_substance
HEA_atc_M01AH05,HEA,atc,M01AH05,"coxibs, etoricoxib","coxibs, etoricoxib","coxibs, etoricoxib",raw_atc_enhanced_hierarchical,medium,danish,HEA_atc_M01AH,chemical_substance
HEA_atc_G04BE08,HEA,atc,G04BE08,"midler anvendt ved erektionsforstyrrelser, tadalafil","midler anvendt ved erektionsforstyrrelser, tadalafil","drugs used for erectile dysfunction, tadalafil",raw_atc_enhanced_hierarchical,medium,danish,HEA_atc_G04BE,chemical_substance
HEA_atc_C10AA07,HEA,atc,C10AA07,"HMG COA reduktase-inhibitorer, rosuvastatin","HMG COA reduktase-inhibitorer, rosuvastatin","HMG-CoA reductase inhibitors, rosuvastatin",raw_atc_enhanced_hierarchical,medium,danish,HEA_atc_C10AA,chemical_substance
HEA_atc_G04BE09,HEA,atc,G04BE09,"midler anvendt ved erektionsforstyrrelser, vardenafil","midler anvendt ved erektionsforstyrrelser, vardenafil","drugs used for erectile dysfunction, vardenafil",raw_atc_enhanced_hierarchical,medium,danish,HEA_atc_G04BE,chemical_substance
HEA_atc_D05AX,HEA,atc,D05AX,"andre midler mod psoriasis til udvortes brug, andre midler mod psoriasis til udvortes brug","andre midler mod psoriasis til udvortes brug, andre midler mod psoriasis til udvortes brug","other topical drugs for psoriasis, other topical drugs for psoriasis",raw_atc_enhanced_hierarchical,medium,danish,HEA_atc_D05A,chemical_subgroup
HEA_atc_G04CB02,HEA,atc,G04CB02,"testosteron-5-alfa-reduktase inhibitorer, dutasterid","testosteron-5-alfa-reduktase inhibitorer, dutasterid","testosteron-5-alfa-reduktase inhibitorer, dutasterid",raw_atc_enhanced_hierarchical,medium,danish,HEA_atc_G04CB,chemical_substance
HEA_atc_A11E,HEA,atc,A11E,"vitamin B-complex, incl. kombinationer","vitamin B-complex, incl. kombinationer","vitamin B-complex, incl. kombinationer",raw_atc_enhanced_hierarchical,medium,danish,HEA_atc_A11,pharmacological_subgroup
HEA_atc_H05AA02,HEA,atc,H05AA02,"parathyroidea-hormoner og analoger, teriparatid","parathyroidea-hormoner og analoger, teriparatid","parathyroid hormones and analogs, teriparatide",raw_atc_enhanced_hierarchical,medium,danish,HEA_atc_H05AA,chemical_substance
HEA_atc_G03AA13,HEA,atc,G03AA13,"gestagener og østrogener, faste kombinationer, norelgestromin og ethinylestradiol","gestagener og østrogener, faste kombinationer, norelgestromin og ethinylestradiol","gestagens and estrogens, fixed combinations, norelgestromin and ethinylestradiol",raw_atc_enhanced_hierarchical,medium,danish,HEA_atc_G03AA,chemical_substance
HEA_atc_L04AB01,HEA,atc,L04AB01,"tumor necrosis factor alpha (TNF-alfa) hæmmere, etanercept","tumor necrosis factor alpha (TNF-alfa) hæmmere, etanercept","tumor necrosis factor alpha (TNF-alpha) inhibitors, etanercept",raw_atc_enhanced_hierarchical,medium,danish,HEA_atc_L04AB,chemical_substance
HEA_atc_R03BA07,HEA,atc,R03BA07,"glucocorticoider, mometason","glucocorticoider, mometason","glucocorticoider, mometason",raw_atc_enhanced_hierarchical,medium,danish,HEA_atc_R03BA,chemical_substance
HEA_atc_L01CA01,HEA,atc,L01CA01,"vinca-alkaloider og analoger, vinblastin","vinca-alkaloider og analoger, vinblastin","vinca alkaloids and analogs, vinblastine",raw_atc_enhanced_hierarchical,medium,danish,HEA_atc_L01CA,chemical_substance
HEA_atc_N04BA03,HEA,atc,N04BA03,"dopa og dopa-derivater, levodopa, decarboxylase-hæmmer og COMT-hæmmer","dopa og dopa-derivater, levodopa, decarboxylase-hæmmer og COMT-hæmmer","dopamine and dopamine derivatives, L-DOPA, decarboxylase inhibitors and COMT inhibitors",raw_atc_enhanced_hierarchical,medium,danish,HEA_atc_N04BA,chemical_substance
HEA_atc_A01AB22,HEA,atc,A01AB22,"antiinfektiva til lokal brug i mundhulen, doxycyclin","antiinfektiva til lokal brug i mundhulen, doxycyclin","topical antiseptics for oral use, doxycycline",raw_atc_enhanced_hierarchical,medium,danish,HEA_atc_A01AB,chemical_substance
HEA_atc_J07CA06,HEA,atc,J07CA06,"bacterielle og virale vacciner, kombinerede, difteri-haemophilus influenzae B-pertussis-polio-tetanus","bacterielle og virale vacciner, kombinerede, difteri-haemophilus influenzae B-pertussis-polio-tetanus","bacterial and viral vaccines, combined, diphtheria-Haemophilus influenzae B-pertussis-polio-tetanus",raw_atc_enhanced_hierarchical,medium,danish,HEA_atc_J07CA,chemical_substance
HEA_atc_A11HA03,HEA,atc,A11HA03,"andre usammensatte vitaminpræparater, tocopherol (vitamin E)","andre usammensatte vitaminpræparater, tocopherol (vitamin E)","other uncombined vitamin preparations, tocopherol (vitamin E)",raw_atc_enhanced_hierarchical,medium,danish,HEA_atc_A11HA,chemical_substance
HEA_atc_N01AX14,HEA,atc,N01AX14,"andre generelle anæstetika, esketamin","andre generelle anæstetika, esketamin","other general anesthetics, esketamine",raw_atc_enhanced_hierarchical,medium,danish,HEA_atc_N01AX,chemical_substance
HEA_atc_R06AE06,HEA,atc,R06AE06,"piperazin-derivater, oxatomid","piperazin-derivater, oxatomid","piperazin-derivater, oxatomid",raw_atc_enhanced_hierarchical,medium,danish,HEA_atc_R06AE,chemical_substance
HEA_atc_A10BD03,HEA,atc,A10BD03,"komb. af orale blod-glucose sænkende midler, metformin og rosiglitazon","komb. af orale blod-glucose sænkende midler, metformin og rosiglitazon","combination of oral blood glucose lowering agents, metformin and rosiglitazone",raw_atc_enhanced_hierarchical,medium,danish,HEA_atc_A10BD,chemical_substance
HEA_atc_D11AX18,HEA,atc,D11AX18,"andre dermatologiske midler, diclofenac","andre dermatologiske midler, diclofenac","other dermatological agents, diclofenac",raw_atc_enhanced_hierarchical,medium,danish,HEA_atc_D11AX,chemical_substance
HEA_atc_A04AD54,HEA,atc,A04AD54,"andre antiemetika, chlorbutanol, kombinationspræparater","andre antiemetika, chlorbutanol, kombinationspræparater","other antiemetics, chlorbutanol, combination preparations",raw_atc_enhanced_hierarchical,medium,danish,HEA_atc_A04AD,chemical_substance
HEA_atc_C02KX01,HEA,atc,C02KX01,"antihypertensiva til pulmonal arteriel hypertension, bosentan","antihypertensiva til pulmonal arteriel hypertension, bosentan","antihypertensives for pulmonary arterial hypertension, bosentan",raw_atc_enhanced_hierarchical,medium,danish,HEA_atc_C02KX,chemical_substance
HEA_atc_B03XA02,HEA,atc,B03XA02,"andre midler mod anæmi, darbepoetin alfa","andre midler mod anæmi, darbepoetin alfa","other agents in the treatment of anemia, darbepoetin alfa",raw_atc_enhanced_hierarchical,medium,danish,HEA_atc_B03XA,chemical_substance
HEA_atc_M01AH04,HEA,atc,M01AH04,"coxibs, parecoxib","coxibs, parecoxib","coxibs, parecoxib",raw_atc_enhanced_hierarchical,medium,danish,HEA_atc_M01AH,chemical_substance
HEA_atc_R03DC01,HEA,atc,R03DC01,"leukotrien-receptor antagonister, zafirlukast","leukotrien-receptor antagonister, zafirlukast","leukotrien-receptor antagonister, zafirlukast",raw_atc_enhanced_hierarchical,medium,danish,HEA_atc_R03DC,chemical_substance
HEA_atc_N02BF02,HEA,atc,N02BF02,"gabapentinoider, pregabalin","gabapentinoider, pregabalin","gabapentinoider, pregabalin",raw_atc_enhanced_hierarchical,medium,danish,HEA_atc_N02BF,chemical_substance
HEA_atc_N05AX12,HEA,atc,N05AX12,"andre antipsykotika, aripiprazol","andre antipsykotika, aripiprazol","other antipsychotics, aripiprazole",raw_atc_enhanced_hierarchical,medium,danish,HEA_atc_N05AX,chemical_substance
HEA_atc_C10AX09,HEA,atc,C10AX09,"andre lipid-modificerende midler, ezetimib","andre lipid-modificerende midler, ezetimib","other lipid-modifying agents, ezetimibe",raw_atc_enhanced_hierarchical,medium,danish,HEA_atc_C10AX,chemical_substance
HEA_atc_A10AE04,HEA,atc,A10AE04,"insuliner og analoger til injektion, langtidsvirkende, insulin glargin","insuliner og analoger til injektion, langtidsvirkende, insulin glargin","insulins and analogues for injection, long-acting, insulin glargine",raw_atc_enhanced_hierarchical,medium,danish,HEA_atc_A10AE,chemical_substance
HEA_atc_G03FA17,HEA,atc,G03FA17,"gestagener og østrogener, kombinationer, drospirenon og østrogen","gestagener og østrogener, kombinationer, drospirenon og østrogen","gestagens and estrogens, combinations, drospirenone and estrogen",raw_atc_enhanced_hierarchical,medium,danish,HEA_atc_G03FA,chemical_substance
HEA_atc_A10AE05,HEA,atc,A10AE05,"insuliner og analoger til injektion, langtidsvirkende, insulin detemir","insuliner og analoger til injektion, langtidsvirkende, insulin detemir","insulins and analogues for injection, long-acting, insulin detemir",raw_atc_enhanced_hierarchical,medium,danish,HEA_atc_A10AE,chemical_substance
HEA_atc_G04BD08,HEA,atc,G04BD08,"midler mod hyppig urinering og inkontinens, solifenacin","midler mod hyppig urinering og inkontinens, solifenacin","drugs for frequent urination and incontinence, solifenacin",raw_atc_enhanced_hierarchical,medium,danish,HEA_atc_G04BD,chemical_substance
HEA_atc_M05BA07,HEA,atc,M05BA07,"bisphosphonater, risedronsyre","bisphosphonater, risedronsyre","bisphosphonater, risedronsyre",raw_atc_enhanced_hierarchical,medium,danish,HEA_atc_M05BA,chemical_substance
HEA_atc_M05BX03,HEA,atc,M05BX03,"andre midler med virkning på knoglestruktur og mineralisering, strontiumranelat","andre midler med virkning på knoglestruktur og mineralisering, strontiumranelat","other drugs affecting bone structure and mineralization, strontium ranelate",raw_atc_enhanced_hierarchical,medium,danish,HEA_atc_M05BX,chemical_substance
HEA_atc_N06AX21,HEA,atc,N06AX21,"andre antidepressiva, duloxetin","andre antidepressiva, duloxetin","other antidepressants, duloxetine",raw_atc_enhanced_hierarchical,medium,danish,HEA_atc_N06AX,chemical_substance
HEA_atc_C03DA04,HEA,atc,C03DA04,"aldosteron-antagonister, eplerenon","aldosteron-antagonister, eplerenon","aldosteron-antagonister, eplerenon",raw_atc_enhanced_hierarchical,medium,danish,HEA_atc_C03DA,chemical_substance
HEA_atc_C09DA02,HEA,atc,C09DA02,"angiotensin II receptor blokkere (ARBS) og diuretika, eprosartan og diuretika","angiotensin II receptor blokkere (ARBS) og diuretika, eprosartan og diuretika","angiotensin II receptor blockers (ARBs) and diuretics, eprosartan and diuretics",raw_atc_enhanced_hierarchical,medium,danish,HEA_atc_C09DA,chemical_substance
HEA_atc_J07BA01,HEA,atc,J07BA01,"encephalitis vacciner, encephalitis, tick borne, inaktiveret, hele virus","encephalitis vacciner, encephalitis, tick borne, inaktiveret, hele virus","encephalitis vaccines, tick-borne encephalitis, inactivated, whole virus",raw_atc_enhanced_hierarchical,medium,danish,HEA_atc_J07BA,chemical_substance
HEA_atc_L01XX33,HEA,atc,L01XX33,"andre neoplastiske stoffer, celecoxib","andre neoplastiske stoffer, celecoxib","other neo-plastic substances, celecoxib",raw_atc_enhanced_hierarchical,medium,danish,HEA_atc_L01XX,chemical_substance
HEA_atc_M05BA06,HEA,atc,M05BA06,"bisphosphonater, ibandronsyre","bisphosphonater, ibandronsyre","bisphosphonater, ibandronsyre",raw_atc_enhanced_hierarchical,medium,danish,HEA_atc_M05BA,chemical_substance
HEA_atc_L02BA03,HEA,atc,L02BA03,"anti-østrogener, fulvestrant","anti-østrogener, fulvestrant","anti-estrogens, fulvestrant",raw_atc_enhanced_hierarchical,medium,danish,HEA_atc_L02BA,chemical_substance
HEA_atc_B01AE05,HEA,atc,B01AE05,"direkte virkende thrombin-inhibitorer, ximelagatran","direkte virkende thrombin-inhibitorer, ximelagatran","direkte virkende thrombin-inhibitorer, ximelagatran",raw_atc_enhanced_hierarchical,medium,danish,HEA_atc_B01AE,chemical_substance
HEA_atc_J07BL01,HEA,atc,J07BL01,"gul feber vacciner, gul feber, levende attenueret","gul feber vacciner, gul feber, levende attenueret","gul feber vacciner, gul feber, levende attenueret",raw_atc_enhanced_hierarchical,medium,danish,HEA_atc_J07BL,chemical_substance
HEA_atc_J07AJ52,HEA,atc,J07AJ52,"pertussis vacciner, pertusiss, renset antigen, kombinationer med toxoider","pertussis vacciner, pertusiss, renset antigen, kombinationer med toxoider","pertussis vaccines, pertussis, purified antigen, combinations with toxoids",raw_atc_enhanced_hierarchical,medium,danish,HEA_atc_J07AJ,chemical_substance
HEA_atc_B05XA02,HEA,atc,B05XA02,"elektrolyt-opløsninger, natriumhydrogencarbonat","elektrolyt-opløsninger, natriumhydrogencarbonat","electrolyte solutions, sodium bicarbonate",raw_atc_enhanced_hierarchical,medium,danish,HEA_atc_B05XA,chemical_substance
HEA_atc_M05BB03,HEA,atc,M05BB03,"bisphosphonater, kombinationer, alendronsyre og colecalciferol","bisphosphonater, kombinationer, alendronsyre og colecalciferol","bisphosphonates, combinations, alendronic acid and colecalciferol",raw_atc_enhanced_hierarchical,medium,danish,HEA_atc_M05BB,chemical_substance
HEA_atc_M02AA15,HEA,atc,M02AA15,"antiinflammatorika, non-steroide, udvortes brug, diclofenac","antiinflammatorika, non-steroide, udvortes brug, diclofenac","anti-inflammatory agents, non-steroidal, topical use, diclofenac",raw_atc_enhanced_hierarchical,medium,danish,HEA_atc_M02AA,chemical_substance
HEA_atc_C09CA08,HEA,atc,C09CA08,"angiotensin II receptor blokkere (ARBS), usammensatte, olmesartanmedoxomil","angiotensin II receptor blokkere (ARBS), usammensatte, olmesartanmedoxomil","angiotensin II receptor blokkere (ARBS), usammensatte, olmesartanmedoxomil",raw_atc_enhanced_hierarchical,medium,danish,HEA_atc_C09CA,chemical_substance
HEA_atc_G04BD04,HEA,atc,G04BD04,"midler mod hyppig urinering og inkontinens, oxybutynin","midler mod hyppig urinering og inkontinens, oxybutynin","drugs for frequent urination and incontinence, oxybutynin",raw_atc_enhanced_hierarchical,medium,danish,HEA_atc_G04BD,chemical_substance
HEA_atc_G03XB01,HEA,atc,G03XB01,"progesteron-receptormodulatorer, mifepriston","progesteron-receptormodulatorer, mifepriston","progesteron-receptormodulatorer, mifepriston",raw_atc_enhanced_hierarchical,medium,danish,HEA_atc_G03XB,chemical_substance
HEA_atc_G04BD10,HEA,atc,G04BD10,"midler mod hyppig urinering og inkontinens, darifenacin","midler mod hyppig urinering og inkontinens, darifenacin","drugs for frequent urination and incontinence, darifenacin",raw_atc_enhanced_hierarchical,medium,danish,HEA_atc_G04BD,chemical_substance
HEA_atc_R05CB15,HEA,atc,R05CB15,"mucolytika, erdostein","mucolytika, erdostein","mucolytika, erdostein",raw_atc_enhanced_hierarchical,medium,danish,HEA_atc_R05CB,chemical_substance
HEA_atc_H05BX01,HEA,atc,H05BX01,"andre anti-parathyroide midler, cinacalcet","andre anti-parathyroide midler, cinacalcet","other anti-parathyroid drugs, cinacalcet",raw_atc_enhanced_hierarchical,medium,danish,HEA_atc_H05BX,chemical_substance
HEA_atc_R02AD05,HEA,atc,R02AD05,"lokalanæstetika, ambroxol","lokalanæstetika, ambroxol","local anesthetics, ambroxol",raw_atc_enhanced_hierarchical,medium,danish,HEA_atc_R02AD,chemical_substance
HEA_atc_N04BD02,HEA,atc,N04BD02,"monoamin-oxidase type B hæmmere, rasagilin","monoamin-oxidase type B hæmmere, rasagilin","monoamine oxidase type B inhibitors, rasagiline",raw_atc_enhanced_hierarchical,medium,danish,HEA_atc_N04BD,chemical_substance
HEA_atc_V03AC02,HEA,atc,V03AC02,"jern-chelaterende midler, deferipron","jern-chelaterende midler, deferipron","jern-chelaterende midler, deferipron",raw_atc_enhanced_hierarchical,medium,danish,HEA_atc_V03AC,chemical_substance
HEA_atc_R03DX07,HEA,atc,R03DX07,"andre systemiske midler mod obstruktiv lungesygdom, roflumilast","andre systemiske midler mod obstruktiv lungesygdom, roflumilast","other systemic agents for obstructive airway diseases, roflumilast",raw_atc_enhanced_hierarchical,medium,danish,HEA_atc_R03DX,chemical_substance
HEA_atc_B02BD03,HEA,atc,B02BD03,"blodkoagulationsfaktorer, faktor VIII-hæmmer passerende koagulationsfaktor","blodkoagulationsfaktorer, faktor VIII-hæmmer passerende koagulationsfaktor","blood coagulation factors, factor VIII inhibitor bypassing agent",raw_atc_enhanced_hierarchical,medium,danish,HEA_atc_B02BD,chemical_substance
HEA_atc_L04AH02,HEA,atc,L04AH02,"mammalian target of rapamycin (mTOR) kinasehæmmere, everolimus","mammalian target of rapamycin (mTOR) kinasehæmmere, everolimus","mammalian target of rapamycin (mTOR) kinase inhibitors, everolimus",raw_atc_enhanced_hierarchical,medium,danish,HEA_atc_L04AH,chemical_substance
HEA_atc_L04AG02,HEA,atc,L04AG02,"monoklonale antistoffer, efalizumab","monoklonale antistoffer, efalizumab","monoklonale antistoffer, efalizumab",raw_atc_enhanced_hierarchical,medium,danish,HEA_atc_L04AG,chemical_substance
HEA_atc_B01AE04,HEA,atc,B01AE04,"direkte virkende thrombin-inhibitorer, melagatran","direkte virkende thrombin-inhibitorer, melagatran","direkte virkende thrombin-inhibitorer, melagatran",raw_atc_enhanced_hierarchical,medium,danish,HEA_atc_B01AE,chemical_substance
HEA_atc_J07BA02,HEA,atc,J07BA02,"encephalitis vacciner, encephalitis, japansk, inaktiveret, hele virus","encephalitis vacciner, encephalitis, japansk, inaktiveret, hele virus","encephalitis vaccines, Japanese encephalitis, inactivated, whole virus",raw_atc_enhanced_hierarchical,medium,danish,HEA_atc_J07BA,chemical_substance
HEA_atc_L03AX03,HEA,atc,L03AX03,"andre immunstimulanter, bcg vaccine","andre immunstimulanter, bcg vaccine","other immunostimulants, BCG vaccine",raw_atc_enhanced_hierarchical,medium,danish,HEA_atc_L03AX,chemical_substance
HEA_atc_J05AR10,HEA,atc,J05AR10,"antivirale midler til behandling af HIV-infektioner, komb., lopinavir og ritonavir","antivirale midler til behandling af HIV-infektioner, komb., lopinavir og ritonavir","antiviral agents for treatment of HIV infections, combination, lopinavir and ritonavir",raw_atc_enhanced_hierarchical,medium,danish,HEA_atc_J05AR,chemical_substance
HEA_atc_J05AR04,HEA,atc,J05AR04,"antivirale midler til behandling af HIV-infektioner, komb., zidovudin, lamivudin og abacavir","antivirale midler til behandling af HIV-infektioner, komb., zidovudin, lamivudin og abacavir","antiviral agents for treatment of HIV infections, combination, zidovudine, lamivudine and abacavir",raw_atc_enhanced_hierarchical,medium,danish,HEA_atc_J05AR,chemical_substance
HEA_atc_V08CA03,HEA,atc,V08CA03,"paramagnetiske kontrastmidler, gadodiamid","paramagnetiske kontrastmidler, gadodiamid","paramagnetiske kontrastmidler, gadodiamid",raw_atc_enhanced_hierarchical,medium,danish,HEA_atc_V08CA,chemical_substance
HEA_atc_C01EA01,HEA,atc,C01EA01,"prostaglandiner, alprostadil","prostaglandiner, alprostadil","prostaglandiner, alprostadil",raw_atc_enhanced_hierarchical,medium,danish,HEA_atc_C01EA,chemical_substance
HEA_atc_B05ZB,HEA,atc,B05ZB,"hæmofiltrater, hæmofiltrater","hæmofiltrater, hæmofiltrater","hemofilters, hemofilters",raw_atc_enhanced_hierarchical,medium,danish,HEA_atc_B05Z,chemical_subgroup
HEA_atc_J07AL02,HEA,atc,J07AL02,"pneumokok vacciner, pneumococcus, renset polysaccharid antigen konjugeret","pneumokok vacciner, pneumococcus, renset polysaccharid antigen konjugeret","pneumokok vacciner, pneumococcus, renset polysaccharid antigen konjugeret",raw_atc_enhanced_hierarchical,medium,danish,HEA_atc_J07AL,chemical_substance
HEA_atc_H01CB03,HEA,atc,H01CB03,"somatostatin og analoger, lanreotid","somatostatin og analoger, lanreotid","somatostatin and analogs, lanreotide",raw_atc_enhanced_hierarchical,medium,danish,HEA_atc_H01CB,chemical_substance
HEA_atc_L01XX35,HEA,atc,L01XX35,"andre neoplastiske stoffer, anagrelid","andre neoplastiske stoffer, anagrelid","other neo-plastic substances, anagrelid",raw_atc_enhanced_hierarchical,medium,danish,HEA_atc_L01XX,chemical_substance
HEA_atc_N03AB05,HEA,atc,N03AB05,"hydantoin-derivater, fosphenytoin","hydantoin-derivater, fosphenytoin","hydantoin-derivater, fosphenytoin",raw_atc_enhanced_hierarchical,medium,danish,HEA_atc_N03AB,chemical_substance
HEA_atc_N06BA09,HEA,atc,N06BA09,"centralt virkende sympatomimetika, atomoxetin","centralt virkende sympatomimetika, atomoxetin","centralt virkende sympatomimetika, atomoxetin",raw_atc_enhanced_hierarchical,medium,danish,HEA_atc_N06BA,chemical_substance
HEA_atc_L03AB10,HEA,atc,L03AB10,"interferoner, Peginterferon alfa-2B","interferoner, Peginterferon alfa-2B","interferoner, Peginterferon alfa-2B",raw_atc_enhanced_hierarchical,medium,danish,HEA_atc_L03AB,chemical_substance
HEA_atc_D10AF51,HEA,atc,D10AF51,"antiinfektiva til acne-behandling, clindamycin, komb.","antiinfektiva til acne-behandling, clindamycin, komb.","anti-infectives for acne treatment, clindamycin, combination",raw_atc_enhanced_hierarchical,medium,danish,HEA_atc_D10AF,chemical_substance
HEA_atc_J07BM01,HEA,atc,J07BM01,"papillomavirus-vacciner, papillomavirus (human type 6, 11, 16, 18)","papillomavirus-vacciner, papillomavirus (human type 6, 11, 16, 18)","papillomavirus-vacciner, papillomavirus (human type 6, 11, 16, 18)",raw_atc_enhanced_hierarchical,medium,danish,HEA_atc_J07BM,chemical_substance
HEA_atc_N07BA03,HEA,atc,N07BA03,"midler mod nicotinafhængighed, vareniclin","midler mod nicotinafhængighed, vareniclin","nicotine dependence medications, varenicline",raw_atc_enhanced_hierarchical,medium,danish,HEA_atc_N07BA,chemical_substance
HEA_atc_N03AX15,HEA,atc,N03AX15,"andre antiepileptika, zonisamid","andre antiepileptika, zonisamid","other anti-epileptics, zonisamide",raw_atc_enhanced_hierarchical,medium,danish,HEA_atc_N03AX,chemical_substance
HEA_atc_A08AX01,HEA,atc,A08AX01,"andre midler mod fedme, rimonabant","andre midler mod fedme, rimonabant","other obesity medications, rimonabant",raw_atc_enhanced_hierarchical,medium,danish,HEA_atc_A08AX,chemical_substance
HEA_atc_C09DA08,HEA,atc,C09DA08,"angiotensin II receptor blokkere (ARBS) og diuretika, olmesartanmedoxomil og diuretika","angiotensin II receptor blokkere (ARBS) og diuretika, olmesartanmedoxomil og diuretika","angiotensin II receptor blockers (ARBs) and diuretics, olmesartan medoxomil and diuretics",raw_atc_enhanced_hierarchical,medium,danish,HEA_atc_C09DA,chemical_substance
HEA_atc_C01EB17,HEA,atc,C01EB17,"andre hjertemidler, ivabradin","andre hjertemidler, ivabradin","other heart medications, ivabradine",raw_atc_enhanced_hierarchical,medium,danish,HEA_atc_C01EB,chemical_substance
HEA_atc_A16AX03,HEA,atc,A16AX03,"div. midler til fordøjelsesorganer og stofskifte, natriumphenylbutyrat","div. midler til fordøjelsesorganer og stofskifte, natriumphenylbutyrat","various agents for digestive organs and metabolism, sodium phenylbutyrate",raw_atc_enhanced_hierarchical,medium,danish,HEA_atc_A16AX,chemical_substance
HEA_atc_H05AA03,HEA,atc,H05AA03,"parathyroidea-hormoner og analoger, parathyroideahormon","parathyroidea-hormoner og analoger, parathyroideahormon","parathyroid hormones and analogs, parathyroid hormone",raw_atc_enhanced_hierarchical,medium,danish,HEA_atc_H05AA,chemical_substance
HEA_atc_A10AB06,HEA,atc,A10AB06,"insuliner og analoger til injektion, hurtigtvirkende, insulin glulisin","insuliner og analoger til injektion, hurtigtvirkende, insulin glulisin","insulins and analogs for injection, rapid-acting, insulin glargine",raw_atc_enhanced_hierarchical,medium,danish,HEA_atc_A10AB,chemical_substance
HEA_atc_N07XX04,HEA,atc,N07XX04,"andre midler med virkning på nervesystemet, natriumoxybat","andre midler med virkning på nervesystemet, natriumoxybat","other agents affecting the nervous system, sodium oxybate",raw_atc_enhanced_hierarchical,medium,danish,HEA_atc_N07XX,chemical_substance
HEA_atc_N04BC09,HEA,atc,N04BC09,"dopamin-agonister, rotigotin","dopamin-agonister, rotigotin","dopamin-agonister, rotigotin",raw_atc_enhanced_hierarchical,medium,danish,HEA_atc_N04BC,chemical_substance
HEA_atc_A04AD12,HEA,atc,A04AD12,"andre antiemetika, aprepitant","andre antiemetika, aprepitant","other antiemetics, aprepitant",raw_atc_enhanced_hierarchical,medium,danish,HEA_atc_A04AD,chemical_substance
HEA_atc_L01EB02,HEA,atc,L01EB02,"epidermal vækstfaktor receptor (EGFR)-tyrosinkinasehæmmere, erlotinib","epidermal vækstfaktor receptor (EGFR)-tyrosinkinasehæmmere, erlotinib","epidermal growth factor receptor (EGFR)-tyrosine kinase inhibitors, erlotinib",raw_atc_enhanced_hierarchical,medium,danish,HEA_atc_L01EB,chemical_substance
HEA_atc_D06BB11,HEA,atc,D06BB11,"antivirale midler, docosanol","antivirale midler, docosanol","antivirale midler, docosanol",raw_atc_enhanced_hierarchical,medium,danish,HEA_atc_D06BB,chemical_substance
HEA_atc_J05AB14,HEA,atc,J05AB14,"nucleosider og nucleotider excl. revers transcriptase-hæmmere, valganciclovir","nucleosider og nucleotider excl. revers transcriptase-hæmmere, valganciclovir","nucleosides and nucleotides excluding reverse transcriptase inhibitors, valganciclovir",raw_atc_enhanced_hierarchical,medium,danish,HEA_atc_J05AB,chemical_substance
HEA_atc_L01FG01,HEA,atc,L01FG01,"vaskulær endotelial vækstfaktor (VEGF/VEGFR) hæmmere, bevacizumab","vaskulær endotelial vækstfaktor (VEGF/VEGFR) hæmmere, bevacizumab","vascular endothelial growth factor (VEGF/VEGFR) inhibitors, bevacizumab",raw_atc_enhanced_hierarchical,medium,danish,HEA_atc_L01FG,chemical_substance
HEA_atc_J04AM02,HEA,atc,J04AM02,"komb. af stoffer til behandling af tuberculose, rifampicin og isoniazid","komb. af stoffer til behandling af tuberculose, rifampicin og isoniazid","combination of drugs for the treatment of tuberculosis, rifampicin and isoniazid",raw_atc_enhanced_hierarchical,medium,danish,HEA_atc_J04AM,chemical_substance
HEA_atc_V03AE03,HEA,atc,V03AE03,"midler t. behandl. af hyperkaliæmi og hyperphosphatæmi, lanthancarbonat","midler t. behandl. af hyperkaliæmi og hyperphosphatæmi, lanthancarbonat","agents for the treatment of hyperkalemia and hyperphosphatemia, lanthanum carbonate",raw_atc_enhanced_hierarchical,medium,danish,HEA_atc_V03AE,chemical_substance
HEA_atc_J07AP03,HEA,atc,J07AP03,"tyfus vacciner, tyfus, renset polysaccharid antigen","tyfus vacciner, tyfus, renset polysaccharid antigen","typhoid vaccines, typhoid, purified polysaccharide antigen",raw_atc_enhanced_hierarchical,medium,danish,HEA_atc_J07AP,chemical_substance
HEA_atc_C09DB01,HEA,atc,C09DB01,"angiotensin II receptor blokkere (ARBS) og calciumantagonister (CCB), valsartan og amlodipin","angiotensin II receptor blokkere (ARBS) og calciumantagonister (CCB), valsartan og amlodipin","angiotensin II receptor blockers (ARBs) and calcium channel blockers (CCBs), valsartan and amlodipine",raw_atc_enhanced_hierarchical,medium,danish,HEA_atc_C09DB,chemical_substance
HEA_atc_A10BH01,HEA,atc,A10BH01,"dipeptidylpeptidase 4 (DPP-4) hæmmere, sitagliptin","dipeptidylpeptidase 4 (DPP-4) hæmmere, sitagliptin","dipeptidyl peptidase 4 (DPP-4) inhibitors, sitagliptin",raw_atc_enhanced_hierarchical,medium,danish,HEA_atc_A10BH,chemical_substance
HEA_atc_N07BC51,HEA,atc,N07BC51,"midler mod opioidafhængighed, buprenorphin, komb.","midler mod opioidafhængighed, buprenorphin, komb.","opioid dependence treatment agents, buprenorphine, combination",raw_atc_enhanced_hierarchical,medium,danish,HEA_atc_N07BC,chemical_substance
HEA_atc_A10BJ01,HEA,atc,A10BJ01,"glucagon-lignende peptid-1 receptor (GLP-1) analog, exenatid","glucagon-lignende peptid-1 receptor (GLP-1) analog, exenatid","glucagon-lignende peptid-1 receptor (GLP-1) analog, exenatid",raw_atc_enhanced_hierarchical,medium,danish,HEA_atc_A10BJ,chemical_substance
HEA_atc_N05CH01,HEA,atc,N05CH01,"melatoninreceptor-agonister, melatonin","melatoninreceptor-agonister, melatonin","melatoninreceptor-agonister, melatonin",raw_atc_enhanced_hierarchical,medium,danish,HEA_atc_N05CH,chemical_substance
HEA_atc_C07AB12,HEA,atc,C07AB12,"beta-blokerende midler, usammensatte, selektive, nebivolol","beta-blokerende midler, usammensatte, selektive, nebivolol","beta-blokerende midler, usammensatte, selektive, nebivolol",raw_atc_enhanced_hierarchical,medium,danish,HEA_atc_C07AB,chemical_substance
HEA_atc_C05AE01,HEA,atc,C05AE01,"muskelafslappende midler, glyceryltrinitrat","muskelafslappende midler, glyceryltrinitrat","muskelafslappende midler, glyceryltrinitrat",raw_atc_enhanced_hierarchical,medium,danish,HEA_atc_C05AE,chemical_substance
HEA_atc_C10BA02,HEA,atc,C10BA02,"lipid-modificerende midler, kombinationer, simvastatin og ezetimib","lipid-modificerende midler, kombinationer, simvastatin og ezetimib","lipid modifying agents, combinations, simvastatin and ezetimibe",raw_atc_enhanced_hierarchical,medium,danish,HEA_atc_C10BA,chemical_substance
HEA_atc_G04BE30,HEA,atc,G04BE30,"midler anvendt ved erektionsforstyrrelser, kombinationer af midler anvendt ved erektionsforstyrrelser","midler anvendt ved erektionsforstyrrelser, kombinationer af midler anvendt ved erektionsforstyrrelser","erectile dysfunction drugs, combinations of erectile dysfunction drugs",raw_atc_enhanced_hierarchical,medium,danish,HEA_atc_G04BE,chemical_substance
HEA_atc_N02CC07,HEA,atc,N02CC07,"selektive 5HT(1)-receptor-agonister, frovatriptan","selektive 5HT(1)-receptor-agonister, frovatriptan","selektive 5HT(1)-receptor-agonister, frovatriptan",raw_atc_enhanced_hierarchical,medium,danish,HEA_atc_N02CC,chemical_substance
HEA_atc_J02AC04,HEA,atc,J02AC04,"triazol- og tetrazolderivater, posaconazol","triazol- og tetrazolderivater, posaconazol","triazole and tetrazole derivatives, posaconazole",raw_atc_enhanced_hierarchical,medium,danish,HEA_atc_J02AC,chemical_substance
HEA_atc_J07BM02,HEA,atc,J07BM02,"papillomavirus-vacciner, papillomavirus (human type 16, 18)","papillomavirus-vacciner, papillomavirus (human type 16, 18)","papillomavirus-vacciner, papillomavirus (human type 16, 18)",raw_atc_enhanced_hierarchical,medium,danish,HEA_atc_J07BM,chemical_substance
HEA_atc_J04AM06,HEA,atc,J04AM06,"komb. af stoffer til behandling af tuberculose, rifampicin, pyrazinamid, ethambutol og isoniazid","komb. af stoffer til behandling af tuberculose, rifampicin, pyrazinamid, ethambutol og isoniazid","combination of tuberculosis treatment agents, rifampicin, pyrazinamide, ethambutol and isoniazid",raw_atc_enhanced_hierarchical,medium,danish,HEA_atc_J04AM,chemical_substance
HEA_atc_D06AX13,HEA,atc,D06AX13,"andre antibiotika til udvortes brug, retapamulin","andre antibiotika til udvortes brug, retapamulin","other topical antibiotics, retapamulin",raw_atc_enhanced_hierarchical,medium,danish,HEA_atc_D06AX,chemical_substance
HEA_atc_N05AX13,HEA,atc,N05AX13,"andre antipsykotika, paliperidon","andre antipsykotika, paliperidon","other antipsychotics, paliperidone",raw_atc_enhanced_hierarchical,medium,danish,HEA_atc_N05AX,chemical_substance
HEA_atc_N04BC07,HEA,atc,N04BC07,"dopamin-agonister, apomorphin","dopamin-agonister, apomorphin","dopamin-agonister, apomorphin",raw_atc_enhanced_hierarchical,medium,danish,HEA_atc_N04BC,chemical_substance
HEA_atc_A10BD04,HEA,atc,A10BD04,"komb. af orale blod-glucose sænkende midler, glimepirid og rosiglitazon","komb. af orale blod-glucose sænkende midler, glimepirid og rosiglitazon","combination of oral blood glucose lowering agents, glimepiride and rosiglitazone",raw_atc_enhanced_hierarchical,medium,danish,HEA_atc_A10BD,chemical_substance
HEA_atc_J07BH01,HEA,atc,J07BH01,"rota virus diarrhea vacciner, rota virus, levende attenueret","rota virus diarrhea vacciner, rota virus, levende attenueret","rotavirus diarrhea vaccines, rotavirus, live attenuated",raw_atc_enhanced_hierarchical,medium,danish,HEA_atc_J07BH,chemical_substance
HEA_atc_A16AA06,HEA,atc,A16AA06,"aminosyrer og derivater, betain","aminosyrer og derivater, betain","amino acids and their derivatives, betaine",raw_atc_enhanced_hierarchical,medium,danish,HEA_atc_A16AA,chemical_substance
HEA_atc_V03AC03,HEA,atc,V03AC03,"jern-chelaterende midler, deferasirox","jern-chelaterende midler, deferasirox","jern-chelaterende midler, deferasirox",raw_atc_enhanced_hierarchical,medium,danish,HEA_atc_V03AC,chemical_substance
HEA_atc_H05BX02,HEA,atc,H05BX02,"andre anti-parathyroide midler, paricalcitol","andre anti-parathyroide midler, paricalcitol","other antiparathyroid agents, paricalcitol",raw_atc_enhanced_hierarchical,medium,danish,HEA_atc_H05BX,chemical_substance
HEA_atc_B02BC30,HEA,atc,B02BC30,"hæmostatika til lokal brug, kombinationer af haemostatica til lokal brug","hæmostatika til lokal brug, kombinationer af haemostatica til lokal brug","hemostatics for topical use, combinations of hemostatics for topical use",raw_atc_enhanced_hierarchical,medium,danish,HEA_atc_B02BC,chemical_substance
HEA_atc_B02AB02,HEA,atc,B02AB02,"proteinase hæmmere, alfa1 antitrypsin","proteinase hæmmere, alfa1 antitrypsin","proteinase inhibitors, alpha1 antitrypsin",raw_atc_enhanced_hierarchical,medium,danish,HEA_atc_B02AB,chemical_substance
HEA_atc_J06BB01,HEA,atc,J06BB01,"specifikke immunoglobuliner, anti-D (Rh) immunoglobulin","specifikke immunoglobuliner, anti-D (Rh) immunoglobulin","specifikke immunoglobuliner, anti-D (Rh) immunoglobulin",raw_atc_enhanced_hierarchical,medium,danish,HEA_atc_J06BB,chemical_substance
HEA_atc_J01AA12,HEA,atc,J01AA12,"tetracycliner, tigecyclin","tetracycliner, tigecyclin","tetracycliner, tigecyclin",raw_atc_enhanced_hierarchical,medium,danish,HEA_atc_J01AA,chemical_substance
HEA_atc_L04AB04,HEA,atc,L04AB04,"tumor necrosis factor alpha (TNF-alfa) hæmmere, adalimumab","tumor necrosis factor alpha (TNF-alfa) hæmmere, adalimumab","tumor necrosis factor alpha (TNF-alpha) inhibitors, adalimumab",raw_atc_enhanced_hierarchical,medium,danish,HEA_atc_L04AB,chemical_substance
HEA_atc_J02AX04,HEA,atc,J02AX04,"andre antimykotika til systemisk brug, caspofungin","andre antimykotika til systemisk brug, caspofungin","other antifungal agents for systemic use, caspofungin",raw_atc_enhanced_hierarchical,medium,danish,HEA_atc_J02AX,chemical_substance
HEA_atc_N03AF03,HEA,atc,N03AF03,"carboxamid-derivater, rufinamid","carboxamid-derivater, rufinamid","carboxamid-derivater, rufinamid",raw_atc_enhanced_hierarchical,medium,danish,HEA_atc_N03AF,chemical_substance
HEA_atc_J07BH02,HEA,atc,J07BH02,"rota virus diarrhea vacciner, rota virus, pentavalent, levende, reassorted","rota virus diarrhea vacciner, rota virus, pentavalent, levende, reassorted","rotavirus diarrhea vaccines, pentavalent live reassorted rotavirus vaccine",raw_atc_enhanced_hierarchical,medium,danish,HEA_atc_J07BH,chemical_substance
HEA_atc_R01AD12,HEA,atc,R01AD12,"kortikosteroider, fluticasonfuroat","kortikosteroider, fluticasonfuroat","kortikosteroider, fluticasonfuroat",raw_atc_enhanced_hierarchical,medium,danish,HEA_atc_R01AD,chemical_substance
HEA_atc_G04BD11,HEA,atc,G04BD11,"midler mod hyppig urinering og inkontinens, fesoterodin","midler mod hyppig urinering og inkontinens, fesoterodin","drugs for frequent urination and incontinence, fesoterodine",raw_atc_enhanced_hierarchical,medium,danish,HEA_atc_G04BD,chemical_substance
HEA_atc_A10BD07,HEA,atc,A10BD07,"komb. af orale blod-glucose sænkende midler, metformin og sitagliptin","komb. af orale blod-glucose sænkende midler, metformin og sitagliptin","combination of oral blood glucose lowering agents, metformin and sitagliptin",raw_atc_enhanced_hierarchical,medium,danish,HEA_atc_A10BD,chemical_substance
HEA_atc_C09XA02,HEA,atc,C09XA02,"renin-inhibitorer, aliskiren","renin-inhibitorer, aliskiren","renin-inhibitorer, aliskiren",raw_atc_enhanced_hierarchical,medium,danish,HEA_atc_C09XA,chemical_substance
HEA_atc_A10BD08,HEA,atc,A10BD08,"komb. af orale blod-glucose sænkende midler, metformin og vildagliptin","komb. af orale blod-glucose sænkende midler, metformin og vildagliptin","combination of oral blood glucose lowering agents, metformin and vildagliptin",raw_atc_enhanced_hierarchical,medium,danish,HEA_atc_A10BD,chemical_substance
HEA_atc_B01AE07,HEA,atc,B01AE07,"direkte virkende thrombin-inhibitorer, dabigatranetexilat","direkte virkende thrombin-inhibitorer, dabigatranetexilat","direkte virkende thrombin-inhibitorer, dabigatranetexilat",raw_atc_enhanced_hierarchical,medium,danish,HEA_atc_B01AE,chemical_substance
HEA_atc_D10AD53,HEA,atc,D10AD53,"retinoider til udvortes brug mod acne, adapalen, kombinationer","retinoider til udvortes brug mod acne, adapalen, kombinationer","retinoids for topical use for acne, adapalene, combinations",raw_atc_enhanced_hierarchical,medium,danish,HEA_atc_D10AD,chemical_substance
HEA_atc_S01EE05,HEA,atc,S01EE05,"prostaglandin-analoger, tafluprost","prostaglandin-analoger, tafluprost","prostaglandin-analoger, tafluprost",raw_atc_enhanced_hierarchical,medium,danish,HEA_atc_S01EE,chemical_substance
HEA_atc_R01AB06,HEA,atc,R01AB06,"sympatomimetika, komb. excl. kortikosteroider, xylometazolin","sympatomimetika, komb. excl. kortikosteroider, xylometazolin","sympatomimetika, komb. excl. kortikosteroider, xylometazolin",raw_atc_enhanced_hierarchical,medium,danish,HEA_atc_R01AB,chemical_substance
HEA_atc_R02AX03,HEA,atc,R02AX03,"andre halsmidler, benzydamin","andre halsmidler, benzydamin","Other throat preparations, benzocaine",raw_atc_enhanced_hierarchical,medium,danish,HEA_atc_R02AX,chemical_substance
HEA_atc_G03GA30,HEA,atc,G03GA30,"gonadotropiner, kombinationer af gonadotropiner","gonadotropiner, kombinationer af gonadotropiner","Gonadotropins, combinations of gonadotropins",raw_atc_enhanced_hierarchical,medium,danish,HEA_atc_G03GA,chemical_substance
HEA_atc_C09BB04,HEA,atc,C09BB04,"ACE-hæmmere og calciumantagonister, perindopril og amlodipin","ACE-hæmmere og calciumantagonister, perindopril og amlodipin","ACE inhibitors and calcium channel blockers, perindopril and amlodipine",raw_atc_enhanced_hierarchical,medium,danish,HEA_atc_C09BB,chemical_substance
HEA_atc_S01BC10,HEA,atc,S01BC10,"antiinflammatoriske midler, non-steroide, nepafenac","antiinflammatoriske midler, non-steroide, nepafenac","antiinflammatoriske midler, non-steroide, nepafenac",raw_atc_enhanced_hierarchical,medium,danish,HEA_atc_S01BC,chemical_substance
HEA_atc_A06AH01,HEA,atc,A06AH01,"perifere opioidreceptor antagonister, methylnaltrexonbromid","perifere opioidreceptor antagonister, methylnaltrexonbromid","perifere opioidreceptor antagonister, methylnaltrexonbromid",raw_atc_enhanced_hierarchical,medium,danish,HEA_atc_A06AH,chemical_substance
HEA_atc_R03AK08,HEA,atc,R03AK08,"adrenergika kombinationer med corticosteroider/andre midler, excl. antikolinergika, formoterol og beclometason","adrenergika kombinationer med corticosteroider/andre midler, excl. antikolinergika, formoterol og beclometason","Adrenergic combinations with corticosteroids/other substances, excluding anticholinergics, formoterol and beclomethasone",raw_atc_enhanced_hierarchical,medium,danish,HEA_atc_R03AK,chemical_substance
HEA_atc_C10AC04,HEA,atc,C10AC04,"galdesyrebindende midler, colesevelam","galdesyrebindende midler, colesevelam","galdesyrebindende midler, colesevelam",raw_atc_enhanced_hierarchical,medium,danish,HEA_atc_C10AC,chemical_substance
HEA_atc_A10BH02,HEA,atc,A10BH02,"dipeptidylpeptidase 4 (DPP-4) hæmmere, vildagliptin","dipeptidylpeptidase 4 (DPP-4) hæmmere, vildagliptin","Dipeptidyl peptidase 4 (DPP-4) inhibitors, vildagliptin",raw_atc_enhanced_hierarchical,medium,danish,HEA_atc_A10BH,chemical_substance
HEA_atc_B03AA03,HEA,atc,B03AA03,"jern(II), orale midler, ferrogluconat","jern(II), orale midler, ferrogluconat","Iron(II), oral preparations, ferrogluconate",raw_atc_enhanced_hierarchical,medium,danish,HEA_atc_B03AA,chemical_substance
HEA_atc_J04AM05,HEA,atc,J04AM05,"komb. af stoffer til behandling af tuberculose, rifampicin, pyrazinamid og isoniazid","komb. af stoffer til behandling af tuberculose, rifampicin, pyrazinamid og isoniazid","Combination of substances for the treatment of tuberculosis, rifampicin, pyrazinamide and isoniazid",raw_atc_enhanced_hierarchical,medium,danish,HEA_atc_J04AM,chemical_substance
HEA_atc_J05AG01,HEA,atc,J05AG01,"non-nucleosid revers transcriptase-hæmmere, nevirapin","non-nucleosid revers transcriptase-hæmmere, nevirapin","Non-nucleoside reverse transcriptase inhibitors, nevirapine",raw_atc_enhanced_hierarchical,medium,danish,HEA_atc_J05AG,chemical_substance
HEA_atc_J01DH03,HEA,atc,J01DH03,"carbapenemer, ertapenem","carbapenemer, ertapenem","carbapenemer, ertapenem",raw_atc_enhanced_hierarchical,medium,danish,HEA_atc_J01DH,chemical_substance
HEA_atc_B01AF01,HEA,atc,B01AF01,"direkte faktor Xa-hæmmere, rivaroxaban","direkte faktor Xa-hæmmere, rivaroxaban","Direct factor Xa inhibitors, rivaroxaban",raw_atc_enhanced_hierarchical,medium,danish,HEA_atc_B01AF,chemical_substance
HEA_atc_L01EX02,HEA,atc,L01EX02,"andre proteinkinasehæmmere, sorafenib","andre proteinkinasehæmmere, sorafenib","Other protein kinase inhibitors, sorafenib",raw_atc_enhanced_hierarchical,medium,danish,HEA_atc_L01EX,chemical_substance
HEA_atc_V04CX04,HEA,atc,V04CX04,"andre diagnostika, mannitol","andre diagnostika, mannitol","Other diagnostic agents, mannitol",raw_atc_enhanced_hierarchical,medium,danish,HEA_atc_V04CX,chemical_substance
HEA_atc_D11AH04,HEA,atc,D11AH04,"midler til dermatitis, ekskl. kortikosteroider, alitretinoin","midler til dermatitis, ekskl. kortikosteroider, alitretinoin","Topical agents for dermatitis, excl. corticosteroids, alitretinoin",raw_atc_enhanced_hierarchical,medium,danish,HEA_atc_D11AH,chemical_substance
HEA_atc_J05AR02,HEA,atc,J05AR02,"antivirale midler til behandling af HIV-infektioner, komb., lamivudin og abacavir","antivirale midler til behandling af HIV-infektioner, komb., lamivudin og abacavir","Antiviral agents for the treatment of HIV infections, combination, lamivudine and abacavir",raw_atc_enhanced_hierarchical,medium,danish,HEA_atc_J05AR,chemical_substance
HEA_atc_V08CB01,HEA,atc,V08CB01,"superparamagnetiske kontrastmidler, ferumoxsil","superparamagnetiske kontrastmidler, ferumoxsil","superparamagnetiske kontrastmidler, ferumoxsil",raw_atc_enhanced_hierarchical,medium,danish,HEA_atc_V08CB,chemical_substance
HEA_atc_J05AE08,HEA,atc,J05AE08,"protease inhibitorer, atazanavir","protease inhibitorer, atazanavir","protease inhibitorer, atazanavir",raw_atc_enhanced_hierarchical,medium,danish,HEA_atc_J05AE,chemical_substance
HEA_atc_J05AE03,HEA,atc,J05AE03,"protease inhibitorer, ritonavir","protease inhibitorer, ritonavir","protease inhibitorer, ritonavir",raw_atc_enhanced_hierarchical,medium,danish,HEA_atc_J05AE,chemical_substance
HEA_atc_B05XA03,HEA,atc,B05XA03,"elektrolyt-opløsninger, natriumchlorid","elektrolyt-opløsninger, natriumchlorid","Electrolyte solutions, sodium chloride",raw_atc_enhanced_hierarchical,medium,danish,HEA_atc_B05XA,chemical_substance
HEA_atc_N06AX22,HEA,atc,N06AX22,"andre antidepressiva, agomelatin","andre antidepressiva, agomelatin","Other antidepressants, agomelatine",raw_atc_enhanced_hierarchical,medium,danish,HEA_atc_N06AX,chemical_substance
HEA_atc_A10BJ02,HEA,atc,A10BJ02,"glucagon-lignende peptid-1 receptor (GLP-1) analog, liraglutid","glucagon-lignende peptid-1 receptor (GLP-1) analog, liraglutid","glucagon-lignende peptid-1 receptor (GLP-1) analog, liraglutid",raw_atc_enhanced_hierarchical,medium,danish,HEA_atc_A10BJ,chemical_substance
HEA_atc_N02AA55,HEA,atc,N02AA55,"naturlige opiumalkaloider, oxycodon og naloxon","naturlige opiumalkaloider, oxycodon og naloxon","Natural opium alkaloids, oxycodone and naloxone",raw_atc_enhanced_hierarchical,medium,danish,HEA_atc_N02AA,chemical_substance
HEA_atc_N03AX18,HEA,atc,N03AX18,"andre antiepileptika, lacosamid","andre antiepileptika, lacosamid","Other anticonvulsants, lacosamide",raw_atc_enhanced_hierarchical,medium,danish,HEA_atc_N03AX,chemical_substance
HEA_atc_R02AX01,HEA,atc,R02AX01,"andre halsmidler, flurbiprofen","andre halsmidler, flurbiprofen","Other throat preparations, flurbiprofen",raw_atc_enhanced_hierarchical,medium,danish,HEA_atc_R02AX,chemical_substance
HEA_atc_C10AD52,HEA,atc,C10AD52,"nicotinsyre og derivater, nicotinsyre, kombinationer","nicotinsyre og derivater, nicotinsyre, kombinationer","Nicotinic acid and its derivatives, nicotinic acid, combinations",raw_atc_enhanced_hierarchical,medium,danish,HEA_atc_C10AD,chemical_substance
HEA_atc_M01AE17,HEA,atc,M01AE17,"propionsyre-derivater, dexketoprofen","propionsyre-derivater, dexketoprofen","propionsyre-derivater, dexketoprofen",raw_atc_enhanced_hierarchical,medium,danish,HEA_atc_M01AE,chemical_substance
HEA_atc_G03AB08,HEA,atc,G03AB08,"gestagener og østrogener, sekvenspræparater, dienogest og estradiol","gestagener og østrogener, sekvenspræparater, dienogest og estradiol","Progestogens and estrogens, sequential preparations, dienogest and estradiol",raw_atc_enhanced_hierarchical,medium,danish,HEA_atc_G03AB,chemical_substance
HEA_atc_C09BB02,HEA,atc,C09BB02,"ACE-hæmmere og calciumantagonister, enalapril og lercanidipin","ACE-hæmmere og calciumantagonister, enalapril og lercanidipin","ACE inhibitors and calcium antagonists, enalapril and lercanidipine",raw_atc_enhanced_hierarchical,medium,danish,HEA_atc_C09BB,chemical_substance
HEA_atc_B01AC22,HEA,atc,B01AC22,"blodplade-aggregationshæmmere excl. heparin, prasugrel","blodplade-aggregationshæmmere excl. heparin, prasugrel","platelet aggregation inhibitors excluding heparin, prasugrel",raw_atc_enhanced_hierarchical,medium,danish,HEA_atc_B01AC,chemical_substance
HEA_atc_C09XA52,HEA,atc,C09XA52,"renin-inhibitorer, aliskiren og hydrochlorthiazid","renin-inhibitorer, aliskiren og hydrochlorthiazid","renin inhibitors, aliskiren and hydrochlorothiazide",raw_atc_enhanced_hierarchical,medium,danish,HEA_atc_C09XA,chemical_substance
HEA_atc_A10BH03,HEA,atc,A10BH03,"dipeptidylpeptidase 4 (DPP-4) hæmmere, saxagliptin","dipeptidylpeptidase 4 (DPP-4) hæmmere, saxagliptin","dipeptidyl peptidase 4 (DPP-4) inhibitors, saxagliptin",raw_atc_enhanced_hierarchical,medium,danish,HEA_atc_A10BH,chemical_substance
HEA_atc_N03AF04,HEA,atc,N03AF04,"carboxamid-derivater, eslicarbazepin","carboxamid-derivater, eslicarbazepin","carboxamid-derivater, eslicarbazepin",raw_atc_enhanced_hierarchical,medium,danish,HEA_atc_N03AF,chemical_substance
HEA_atc_L01EX01,HEA,atc,L01EX01,"andre proteinkinasehæmmere, sunitinib","andre proteinkinasehæmmere, sunitinib","other protein kinase inhibitors, sunitinib",raw_atc_enhanced_hierarchical,medium,danish,HEA_atc_L01EX,chemical_substance
HEA_atc_N03AX17,HEA,atc,N03AX17,"andre antiepileptika, stiripentol","andre antiepileptika, stiripentol","other anticonvulsants, stiripentol",raw_atc_enhanced_hierarchical,medium,danish,HEA_atc_N03AX,chemical_substance
HEA_atc_V03AE04,HEA,atc,V03AE04,"midler t. behandl. af hyperkaliæmi og hyperphosphatæmi, calciumacetat og magnesiumcarbonat","midler t. behandl. af hyperkaliæmi og hyperphosphatæmi, calciumacetat og magnesiumcarbonat","agents for the treatment of hyperkalemia and hyperphosphatemia, calcium acetate and magnesium carbonate",raw_atc_enhanced_hierarchical,medium,danish,HEA_atc_V03AE,chemical_substance
HEA_atc_V08AB09,HEA,atc,V08AB09,"vandopl.,nefrotrope,lavosm. røntgenkontrastmidl., iodixanol","vandopl.,nefrotrope,lavosm. røntgenkontrastmidl., iodixanol","osmotically neutral, nephroprotective, low-osmolality radiographic contrast media, iodixanol",raw_atc_enhanced_hierarchical,medium,danish,HEA_atc_V08AB,chemical_substance
HEA_atc_G02CB04,HEA,atc,G02CB04,"prolactin inhibitorer, quinagolid","prolactin inhibitorer, quinagolid","prolactin inhibitorer, quinagolid",raw_atc_enhanced_hierarchical,medium,danish,HEA_atc_G02CB,chemical_substance
HEA_atc_V06CA,HEA,atc,V06CA,"ernæringsmidler uden phenylalanin, ernæringsmidler uden phenylalanin","ernæringsmidler uden phenylalanin, ernæringsmidler uden phenylalanin","dietary supplements without phenylalanine, dietary supplements without phenylalanine",raw_atc_enhanced_hierarchical,medium,danish,HEA_atc_V06C,chemical_subgroup
HEA_atc_L03AB07,HEA,atc,L03AB07,"interferoner, interferon beta-1A","interferoner, interferon beta-1A","interferoner, interferon beta-1A",raw_atc_enhanced_hierarchical,medium,danish,HEA_atc_L03AB,chemical_substance
HEA_atc_C01CA06,HEA,atc,C01CA06,"adrenerge og dopaminerge midler, phenylephrin","adrenerge og dopaminerge midler, phenylephrin","adrenergic and dopaminergic agents, phenylephrine",raw_atc_enhanced_hierarchical,medium,danish,HEA_atc_C01CA,chemical_substance
HEA_atc_J05AR06,HEA,atc,J05AR06,"antivirale midler til behandling af HIV-infektioner, komb., emtricitabin,tenofovirdisoproxil og efavirenz","antivirale midler til behandling af HIV-infektioner, komb., emtricitabin,tenofovirdisoproxil og efavirenz","antiretroviral agents for the treatment of HIV infections, combination, emtricitabine, tenofovir disoproxil, and efavirenz",raw_atc_enhanced_hierarchical,medium,danish,HEA_atc_J05AR,chemical_substance
HEA_atc_B06AC01,HEA,atc,B06AC01,"midler til arvelig angioødem, C1-inhibitor, fra plasma","midler til arvelig angioødem, C1-inhibitor, fra plasma","hereditary angioedema drugs, C1 inhibitor, from plasma",raw_atc_enhanced_hierarchical,medium,danish,HEA_atc_B06AC,chemical_substance
HEA_atc_L04AH01,HEA,atc,L04AH01,"mammalian target of rapamycin (mTOR) kinasehæmmere, sirolimus","mammalian target of rapamycin (mTOR) kinasehæmmere, sirolimus","mammalian target of rapamycin (mTOR) kinase inhibitors, sirolimus",raw_atc_enhanced_hierarchical,medium,danish,HEA_atc_L04AH,chemical_substance
HEA_atc_R03AC18,HEA,atc,R03AC18,"selektive beta-2-adrenoceptor agonister, indacaterol","selektive beta-2-adrenoceptor agonister, indacaterol","selektive beta-2-adrenoceptor agonister, indacaterol",raw_atc_enhanced_hierarchical,medium,danish,HEA_atc_R03AC,chemical_substance
HEA_atc_C01BD07,HEA,atc,C01BD07,"antiarytmika, klasse III, dronedaron","antiarytmika, klasse III, dronedaron","antiarrhythmics, class III, dronedarone",raw_atc_enhanced_hierarchical,medium,danish,HEA_atc_C01BD,chemical_substance
HEA_atc_J05AF10,HEA,atc,J05AF10,"nucleosid og nucleotid revers transcriptase-hæmmere, entecavir","nucleosid og nucleotid revers transcriptase-hæmmere, entecavir","nucleoside and nucleotide reverse transcriptase inhibitors, entecavir",raw_atc_enhanced_hierarchical,medium,danish,HEA_atc_J05AF,chemical_substance
HEA_atc_A06AB58,HEA,atc,A06AB58,"kontaktlaksantia, natriumpicosulfat, kombinationspræparater","kontaktlaksantia, natriumpicosulfat, kombinationspræparater","contact lens solutions, sodium picosulfate, combination preparations",raw_atc_enhanced_hierarchical,medium,danish,HEA_atc_A06AB,chemical_substance
HEA_atc_S01AE07,HEA,atc,S01AE07,"fluoroquinoloner, moxifloxacin","fluoroquinoloner, moxifloxacin","fluoroquinoloner, moxifloxacin",raw_atc_enhanced_hierarchical,medium,danish,HEA_atc_S01AE,chemical_substance
HEA_atc_C09DX01,HEA,atc,C09DX01,"angiotensin II receptor blokkere (arbs), andre kombinationer, valsartan, amlodipin og hydrochlorthiazid","angiotensin II receptor blokkere (arbs), andre kombinationer, valsartan, amlodipin og hydrochlorthiazid","angiotensin II receptor blockers (ARBs), other combinations, valsartan, amlodipine, and hydrochlorothiazide",raw_atc_enhanced_hierarchical,medium,danish,HEA_atc_C09DX,chemical_substance
HEA_atc_M05BX04,HEA,atc,M05BX04,"andre midler med virkning på knoglestruktur og mineralisering, denosumab","andre midler med virkning på knoglestruktur og mineralisering, denosumab","other agents affecting bone structure and mineralization, denosumab",raw_atc_enhanced_hierarchical,medium,danish,HEA_atc_M05BX,chemical_substance
HEA_atc_G03GA09,HEA,atc,G03GA09,"gonadotropiner, corifollitropin alfa","gonadotropiner, corifollitropin alfa","gonadotropiner, corifollitropin alfa",raw_atc_enhanced_hierarchical,medium,danish,HEA_atc_G03GA,chemical_substance
HEA_atc_G04CA52,HEA,atc,G04CA52,"alfa-adrenoreceptor antagonister, tamsulosin og dutasterid","alfa-adrenoreceptor antagonister, tamsulosin og dutasterid","alpha-adrenergic receptor antagonists, tamsulosin and dutasteride",raw_atc_enhanced_hierarchical,medium,danish,HEA_atc_G04CA,chemical_substance
HEA_atc_G03AD02,HEA,atc,G03AD02,"nødprævention, ulipristal","nødprævention, ulipristal","emergency prevention, ulipristal",raw_atc_enhanced_hierarchical,medium,danish,HEA_atc_G03AD,chemical_substance
HEA_atc_J06BB05,HEA,atc,J06BB05,"specifikke immunoglobuliner, rabies immunoglobulin","specifikke immunoglobuliner, rabies immunoglobulin","specifikke immunoglobuliner, rabies immunoglobulin",raw_atc_enhanced_hierarchical,medium,danish,HEA_atc_J06BB,chemical_substance
HEA_atc_J07AH08,HEA,atc,J07AH08,"meningokok vacciner, meningococcus A,C,Y,W-135, tetravalent renset polysaccharid antigen konj.","meningokok vacciner, meningococcus A,C,Y,W-135, tetravalent renset polysaccharid antigen konj.","meningococcal vaccine, quadrivalent meningococcus A, C, Y, W-135 polysaccharide conjugate antigen",raw_atc_enhanced_hierarchical,medium,danish,HEA_atc_J07AH,chemical_substance
HEA_atc_A16AX07,HEA,atc,A16AX07,"div. midler til fordøjelsesorganer og stofskifte, sapropterin","div. midler til fordøjelsesorganer og stofskifte, sapropterin","various agents for gastrointestinal and metabolic use, sapropterin",raw_atc_enhanced_hierarchical,medium,danish,HEA_atc_A16AX,chemical_substance
HEA_atc_B03XA03,HEA,atc,B03XA03,"andre midler mod anæmi, methoxypolyethylenglycol-epoetin beta","andre midler mod anæmi, methoxypolyethylenglycol-epoetin beta","other agents in the treatment of anemia, methoxypolyethylene glycol epoetin beta",raw_atc_enhanced_hierarchical,medium,danish,HEA_atc_B03XA,chemical_substance
HEA_atc_L04AC05,HEA,atc,L04AC05,"interleukinhæmmere, ustekinumab","interleukinhæmmere, ustekinumab","interleukin inhibitors, ustekinumab",raw_atc_enhanced_hierarchical,medium,danish,HEA_atc_L04AC,chemical_substance
HEA_atc_L01XX23,HEA,atc,L01XX23,"andre neoplastiske stoffer, mitotan","andre neoplastiske stoffer, mitotan","other antineoplastic agents, mitotane",raw_atc_enhanced_hierarchical,medium,danish,HEA_atc_L01XX,chemical_substance
HEA_atc_N01BX04,HEA,atc,N01BX04,"andre lokalanæstetika, capsaicin","andre lokalanæstetika, capsaicin","other local anesthetics, capsaicin",raw_atc_enhanced_hierarchical,medium,danish,HEA_atc_N01BX,chemical_substance
HEA_atc_L04AX02,HEA,atc,L04AX02,"andre immunosuppressiva, thalidomid","andre immunosuppressiva, thalidomid","other immunosuppressive agents, thalidomide",raw_atc_enhanced_hierarchical,medium,danish,HEA_atc_L04AX,chemical_substance
HEA_atc_A11HA08,HEA,atc,A11HA08,"andre usammensatte vitaminpræparater, tocofersolan","andre usammensatte vitaminpræparater, tocofersolan","other uncombined vitamin preparations, tocopherol solanate",raw_atc_enhanced_hierarchical,medium,danish,HEA_atc_A11HA,chemical_substance
HEA_atc_L04AB06,HEA,atc,L04AB06,"tumor necrosis factor alpha (TNF-alfa) hæmmere, golimumab","tumor necrosis factor alpha (TNF-alfa) hæmmere, golimumab","tumor necrosis factor alpha (TNF-alpha) inhibitors, golimumab",raw_atc_enhanced_hierarchical,medium,danish,HEA_atc_L04AB,chemical_substance
HEA_atc_A16AX04,HEA,atc,A16AX04,"div. midler til fordøjelsesorganer og stofskifte, nitisinon","div. midler til fordøjelsesorganer og stofskifte, nitisinon","various agents for gastrointestinal and metabolic use, nitisinone",raw_atc_enhanced_hierarchical,medium,danish,HEA_atc_A16AX,chemical_substance
HEA_atc_B01AC24,HEA,atc,B01AC24,"blodplade-aggregationshæmmere excl. heparin, ticagrelor","blodplade-aggregationshæmmere excl. heparin, ticagrelor","platelet aggregation inhibitors excluding heparin, ticagrelor",raw_atc_enhanced_hierarchical,medium,danish,HEA_atc_B01AC,chemical_substance
HEA_atc_D11AX16,HEA,atc,D11AX16,"andre dermatologiske midler, eflornithin","andre dermatologiske midler, eflornithin","other dermatologic preparations, eflornithine",raw_atc_enhanced_hierarchical,medium,danish,HEA_atc_D11AX,chemical_substance
HEA_atc_N02AX06,HEA,atc,N02AX06,"andre opioider, tapentadol","andre opioider, tapentadol","other opioids, tapentadol",raw_atc_enhanced_hierarchical,medium,danish,HEA_atc_N02AX,chemical_substance
HEA_atc_R05CB06,HEA,atc,R05CB06,"mucolytika, ambroxol","mucolytika, ambroxol","mucolytika, ambroxol",raw_atc_enhanced_hierarchical,medium,danish,HEA_atc_R05CB,chemical_substance
HEA_atc_A07AA11,HEA,atc,A07AA11,"antibiotika, rifaximin","antibiotika, rifaximin","antibiotika, rifaximin",raw_atc_enhanced_hierarchical,medium,danish,HEA_atc_A07AA,chemical_substance
HEA_atc_C03XA01,HEA,atc,C03XA01,"vasopressin antagonister, tolvaptan","vasopressin antagonister, tolvaptan","vasopressin antagonister, tolvaptan",raw_atc_enhanced_hierarchical,medium,danish,HEA_atc_C03XA,chemical_substance
HEA_atc_G03DB08,HEA,atc,G03DB08,"pregnadien-derivater, dienogest","pregnadien-derivater, dienogest","pregnadien-derivater, dienogest",raw_atc_enhanced_hierarchical,medium,danish,HEA_atc_G03DB,chemical_substance
HEA_atc_N03AX21,HEA,atc,N03AX21,"andre antiepileptika, retigabin","andre antiepileptika, retigabin","other antiepileptic drugs, retigabine",raw_atc_enhanced_hierarchical,medium,danish,HEA_atc_N03AX,chemical_substance
HEA_atc_N05AH05,HEA,atc,N05AH05,"diazepiner, oxazepiner, thiazepiner og oxepiner, asenapin","diazepiner, oxazepiner, thiazepiner og oxepiner, asenapin","diazepam, oxazepam, thiadiazepam and oxepin derivatives, asenapine",raw_atc_enhanced_hierarchical,medium,danish,HEA_atc_N05AH,chemical_substance
HEA_atc_J07AH04,HEA,atc,J07AH04,"meningokok vacciner, meningococcus A,C,Y,W-135, tetravalent renset polysaccharid antigen","meningokok vacciner, meningococcus A,C,Y,W-135, tetravalent renset polysaccharid antigen","meningococcal vaccines, quadrivalent meningococcus A, C, Y, W-135 polysaccharide antigen vaccine",raw_atc_enhanced_hierarchical,medium,danish,HEA_atc_J07AH,chemical_substance
HEA_atc_A10BH05,HEA,atc,A10BH05,"dipeptidylpeptidase 4 (DPP-4) hæmmere, linagliptin","dipeptidylpeptidase 4 (DPP-4) hæmmere, linagliptin","dipeptidyl peptidase-4 (DPP-4) inhibitors, linagliptin",raw_atc_enhanced_hierarchical,medium,danish,HEA_atc_A10BH,chemical_substance
HEA_atc_J05AR03,HEA,atc,J05AR03,"antivirale midler til behandling af HIV-infektioner, komb., tenofovirdisoproxil og emtricitabin","antivirale midler til behandling af HIV-infektioner, komb., tenofovirdisoproxil og emtricitabin","antiretroviral agents for the treatment of HIV infection, fixed combination of tenofovir disoproxil and emtricitabine",raw_atc_enhanced_hierarchical,medium,danish,HEA_atc_J05AR,chemical_substance
HEA_atc_L01CA04,HEA,atc,L01CA04,"vinca-alkaloider og analoger, vinorelbin","vinca-alkaloider og analoger, vinorelbin","vincamine alkaloids and analogs, vinorelbine",raw_atc_enhanced_hierarchical,medium,danish,HEA_atc_L01CA,chemical_substance
HEA_atc_N02BG10,HEA,atc,N02BG10,"andre analgetika og antipyretika, cannabinoider","andre analgetika og antipyretika, cannabinoider","other analgesics and antipyretics, cannabinoids",raw_atc_enhanced_hierarchical,medium,danish,HEA_atc_N02BG,chemical_substance
HEA_atc_L01,HEA,atc,L01,antineoplastiske stoffer,antineoplastiske stoffer,antineoplastiske stoffer,raw_atc_enhanced_hierarchical,medium,danish,HEA_atc_L,therapeutic_subgroup
HEA_atc_L02BX02,HEA,atc,L02BX02,"andre hormon-antagonister og lign. stoffer, degarelix","andre hormon-antagonister og lign. stoffer, degarelix","other hormone antagonists and similar substances, degarelix",raw_atc_enhanced_hierarchical,medium,danish,HEA_atc_L02BX,chemical_substance
HEA_atc_B01AF02,HEA,atc,B01AF02,"direkte faktor Xa-hæmmere, apixaban","direkte faktor Xa-hæmmere, apixaban","direct factor Xa inhibitors, apixaban",raw_atc_enhanced_hierarchical,medium,danish,HEA_atc_B01AF,chemical_substance
HEA_atc_L01CE02,HEA,atc,L01CE02,"topoisomerase 1 hæmmere, irinotecan","topoisomerase 1 hæmmere, irinotecan","topoisomerase 1 inhibitors, irinotecan",raw_atc_enhanced_hierarchical,medium,danish,HEA_atc_L01CE,chemical_substance
HEA_atc_N07XX07,HEA,atc,N07XX07,"andre midler med virkning på nervesystemet, fampridin","andre midler med virkning på nervesystemet, fampridin","other agents affecting the nervous system, fampridin",raw_atc_enhanced_hierarchical,medium,danish,HEA_atc_N07XX,chemical_substance
HEA_atc_J05AF07,HEA,atc,J05AF07,"nucleosid og nucleotid revers transcriptase-hæmmere, tenofovir disoproxil","nucleosid og nucleotid revers transcriptase-hæmmere, tenofovir disoproxil","nucleoside and nucleotide reverse transcriptase inhibitors, tenofovir disoproxil",raw_atc_enhanced_hierarchical,medium,danish,HEA_atc_J05AF,chemical_substance
HEA_atc_J01EC02,HEA,atc,J01EC02,"sulfonamider med middellang virkningstid, sulfadiazin","sulfonamider med middellang virkningstid, sulfadiazin","sulfonamides with intermediate duration of action, sulfadiazine",raw_atc_enhanced_hierarchical,medium,danish,HEA_atc_J01EC,chemical_substance
HEA_atc_V10X,HEA,atc,V10X,andre radiofarmaka til terapeutisk brug,andre radiofarmaka til terapeutisk brug,other radiopharmaceuticals for therapeutic use,raw_atc_enhanced_hierarchical,medium,danish,HEA_atc_V10,pharmacological_subgroup
HEA_atc_S01AA26,HEA,atc,S01AA26,"antibiotika, azithromycin","antibiotika, azithromycin","antibiotika, azithromycin",raw_atc_enhanced_hierarchical,medium,danish,HEA_atc_S01AA,chemical_substance
HEA_atc_R03BB06,HEA,atc,R03BB06,"antikolinergika, glycopyrroniumbromid","antikolinergika, glycopyrroniumbromid","antikolinergika, glycopyrroniumbromid",raw_atc_enhanced_hierarchical,medium,danish,HEA_atc_R03BB,chemical_substance
HEA_atc_R03BB05,HEA,atc,R03BB05,"antikolinergika, aclidiniumbromid","antikolinergika, aclidiniumbromid","antikolinergika, aclidiniumbromid",raw_atc_enhanced_hierarchical,medium,danish,HEA_atc_R03BB,chemical_substance
HEA_atc_S02CA06,HEA,atc,S02CA06,"kortikosteroider og antiinfektiva i kombination, dexamethason og antiinfektiva","kortikosteroider og antiinfektiva i kombination, dexamethason og antiinfektiva","corticosteroids and antiseptics in combination, dexamethasone and antiseptics",raw_atc_enhanced_hierarchical,medium,danish,HEA_atc_S02CA,chemical_substance
HEA_atc_S01BC11,HEA,atc,S01BC11,"antiinflammatoriske midler, non-steroide, bromfenac","antiinflammatoriske midler, non-steroide, bromfenac","antiinflammatoriske midler, non-steroide, bromfenac",raw_atc_enhanced_hierarchical,medium,danish,HEA_atc_S01BC,chemical_substance
HEA_atc_R03BA08,HEA,atc,R03BA08,"glucocorticoider, ciclesonid","glucocorticoider, ciclesonid","glucocorticoider, ciclesonid",raw_atc_enhanced_hierarchical,medium,danish,HEA_atc_R03BA,chemical_substance
HEA_atc_A06AX05,HEA,atc,A06AX05,"andre midler mod obstipatio, prucaloprid","andre midler mod obstipatio, prucaloprid","other agents for the treatment of constipation, prucalopride",raw_atc_enhanced_hierarchical,medium,danish,HEA_atc_A06AX,chemical_substance
HEA_atc_D06BB53,HEA,atc,D06BB53,"antivirale midler, aciclovir, kombinationer","antivirale midler, aciclovir, kombinationer","antiviral agents, acyclovir, combinations",raw_atc_enhanced_hierarchical,medium,danish,HEA_atc_D06BB,chemical_substance
HEA_atc_M01AE52,HEA,atc,M01AE52,"propionsyre-derivater, naproxen og esomeprazol","propionsyre-derivater, naproxen og esomeprazol","propionic acid derivatives, naproxen and esomeprazole",raw_atc_enhanced_hierarchical,medium,danish,HEA_atc_M01AE,chemical_substance
HEA_atc_A11CC05,HEA,atc,A11CC05,"vitamin D og analoger, colecalciferol","vitamin D og analoger, colecalciferol","Vitamin D and analogs, colecalciferol",raw_atc_enhanced_hierarchical,medium,danish,HEA_atc_A11CC,chemical_substance
HEA_atc_A10BK01,HEA,atc,A10BK01,"natrium-glucose co-transporter 2 (SGLT2) inhibitorer, dapagliflozin","natrium-glucose co-transporter 2 (SGLT2) inhibitorer, dapagliflozin","natrium-glucose co-transporter 2 (SGLT2) inhibitorer, dapagliflozin",raw_atc_enhanced_hierarchical,medium,danish,HEA_atc_A10BK,chemical_substance
HEA_atc_G03AA14,HEA,atc,G03AA14,"gestagener og østrogener, faste kombinationer, nomegestrol og estradiol","gestagener og østrogener, faste kombinationer, nomegestrol og estradiol","Gestagens and estrogens, fixed combinations, nomegestrol and estradiol",raw_atc_enhanced_hierarchical,medium,danish,HEA_atc_G03AA,chemical_substance
HEA_atc_C07BB12,HEA,atc,C07BB12,"beta-blokkere, selektive, og thiazider, nebivolol og thiazider","beta-blokkere, selektive, og thiazider, nebivolol og thiazider","Selective beta-blockers and thiazides, nebivolol and thiazides",raw_atc_enhanced_hierarchical,medium,danish,HEA_atc_C07BB,chemical_substance
HEA_atc_N03AX22,HEA,atc,N03AX22,"andre antiepileptika, perampanel","andre antiepileptika, perampanel","Other antiepileptic drugs, perampanel",raw_atc_enhanced_hierarchical,medium,danish,HEA_atc_N03AX,chemical_substance
HEA_atc_A10BD11,HEA,atc,A10BD11,"komb. af orale blod-glucose sænkende midler, metformin og linagliptin","komb. af orale blod-glucose sænkende midler, metformin og linagliptin","Combination of oral blood-glucose lowering agents, metformin and linagliptin",raw_atc_enhanced_hierarchical,medium,danish,HEA_atc_A10BD,chemical_substance
HEA_atc_L02BX03,HEA,atc,L02BX03,"andre hormon-antagonister og lign. stoffer, abirateron","andre hormon-antagonister og lign. stoffer, abirateron","Other hormone antagonists and similar substances, abiraterone",raw_atc_enhanced_hierarchical,medium,danish,HEA_atc_L02BX,chemical_substance
HEA_atc_QA11EA,HEA,atc,QA11EA,ATC QA11EA: Pharmaceutical product,ATC QA11EA: Pharmaceutical product,ATC QA11EA: Pharmaceutical product,CSV:HEA_atc_fallback,medium,danish,,
HEA_atc_G03XB02,HEA,atc,G03XB02,"progesteron-receptormodulatorer, ulipristal","progesteron-receptormodulatorer, ulipristal","progesteron-receptormodulatorer, ulipristal",raw_atc_enhanced_hierarchical,medium,danish,HEA_atc_G03XB,chemical_substance
HEA_atc_B01AC13,HEA,atc,B01AC13,"blodplade-aggregationshæmmere excl. heparin, abciximab","blodplade-aggregationshæmmere excl. heparin, abciximab","Platelet aggregation inhibitors excluding heparin, abciximab",raw_atc_enhanced_hierarchical,medium,danish,HEA_atc_B01AC,chemical_substance
HEA_atc_G04BD12,HEA,atc,G04BD12,"midler mod hyppig urinering og inkontinens, mirabegron","midler mod hyppig urinering og inkontinens, mirabegron","Drugs for frequent urination and incontinence, mirabegron",raw_atc_enhanced_hierarchical,medium,danish,HEA_atc_G04BD,chemical_substance
HEA_atc_R01AD58,HEA,atc,R01AD58,"kortikosteroider, fluticason, kombinationer","kortikosteroider, fluticason, kombinationer","kortikosteroider, fluticason, kombinationer",raw_atc_enhanced_hierarchical,medium,danish,HEA_atc_R01AD,chemical_substance
HEA_atc_R06AX29,HEA,atc,R06AX29,"andre antihistaminer til systemisk brug, bilastin","andre antihistaminer til systemisk brug, bilastin","Other antihistamines for systemic use, bilastine",raw_atc_enhanced_hierarchical,medium,danish,HEA_atc_R06AX,chemical_substance
HEA_atc_N07BB05,HEA,atc,N07BB05,"midler mod alkoholafhængighed, nalmefen","midler mod alkoholafhængighed, nalmefen","Drugs for alcohol dependence, nalmefene",raw_atc_enhanced_hierarchical,medium,danish,HEA_atc_N07BB,chemical_substance
HEA_atc_R03AK11,HEA,atc,R03AK11,"adrenergika kombinationer med corticosteroider/andre midler, excl. antikolinergika, formoterol og fluticason","adrenergika kombinationer med corticosteroider/andre midler, excl. antikolinergika, formoterol og fluticason","Adrenergic combination products with corticosteroids/others, excluding anticholinergics, formoterol and fluticasone",raw_atc_enhanced_hierarchical,medium,danish,HEA_atc_R03AK,chemical_substance
HEA_atc_S02CA05,HEA,atc,S02CA05,"kortikosteroider og antiinfektiva i kombination, fluocinolonacetonid og antiinfektiva","kortikosteroider og antiinfektiva i kombination, fluocinolonacetonid og antiinfektiva","Corticosteroids and antiseptics in combination, fluocinolone acetonide and antiseptics",raw_atc_enhanced_hierarchical,medium,danish,HEA_atc_S02CA,chemical_substance
HEA_atc_M04AA03,HEA,atc,M04AA03,"midler, der hæmmer urinsyreproduktionen, febuxostat","midler, der hæmmer urinsyreproduktionen, febuxostat","Agents that inhibit uric acid production, febuxostat",raw_atc_enhanced_hierarchical,medium,danish,HEA_atc_M04AA,chemical_substance
HEA_atc_R03AL04,HEA,atc,R03AL04,"adrenergika i kombination med antikolinergika inkl. trippel-stof kombinationer med corticosteroider, indacaterol og glycopyrroniumbromid","adrenergika i kombination med antikolinergika inkl. trippel-stof kombinationer med corticosteroider, indacaterol og glycopyrroniumbromid","Adrenergic products in combination with anticholinergics including triple-drug combinations with corticosteroids, indacaterol and glycopyrronium bromide",raw_atc_enhanced_hierarchical,medium,danish,HEA_atc_R03AL,chemical_substance
HEA_atc_D06BX02,HEA,atc,D06BX02,"andre kemoterapeutika, ingenolmebutat","andre kemoterapeutika, ingenolmebutat","Other chemotherapeutic agents, ingenol mebutate",raw_atc_enhanced_hierarchical,medium,danish,HEA_atc_D06BX,chemical_substance
HEA_atc_A06AX04,HEA,atc,A06AX04,"andre midler mod obstipatio, linaclotid","andre midler mod obstipatio, linaclotid","Other laxatives, linaclotide",raw_atc_enhanced_hierarchical,medium,danish,HEA_atc_A06AX,chemical_substance
HEA_atc_S01FA56,HEA,atc,S01FA56,"antikolinergika, tropicamid, kombinationer","antikolinergika, tropicamid, kombinationer","antikolinergika, tropicamid, kombinationer",raw_atc_enhanced_hierarchical,medium,danish,HEA_atc_S01FA,chemical_substance
HEA_atc_L01BC52,HEA,atc,L01BC52,"pyrimidin-analoger, fluoruracil, kombinationer","pyrimidin-analoger, fluoruracil, kombinationer","pyrimidin-analoger, fluoruracil, kombinationer",raw_atc_enhanced_hierarchical,medium,danish,HEA_atc_L01BC,chemical_substance
HEA_atc_A10AE06,HEA,atc,A10AE06,"insuliner og analoger til injektion, langtidsvirkende, insulin degludec","insuliner og analoger til injektion, langtidsvirkende, insulin degludec","Insulin and analogues for injection, long-acting, insulin degludec",raw_atc_enhanced_hierarchical,medium,danish,HEA_atc_A10AE,chemical_substance
HEA_atc_N06BA12,HEA,atc,N06BA12,"centralt virkende sympatomimetika, lisdexamfetamin","centralt virkende sympatomimetika, lisdexamfetamin","centralt virkende sympatomimetika, lisdexamfetamin",raw_atc_enhanced_hierarchical,medium,danish,HEA_atc_N06BA,chemical_substance
HEA_atc_N02BE51,HEA,atc,N02BE51,"anilider, paracetamol, kombinationer excl. psykoleptika","anilider, paracetamol, kombinationer excl. psykoleptika","anilider, paracetamol, kombinationer excl. psykoleptika",raw_atc_enhanced_hierarchical,medium,danish,HEA_atc_N02BE,chemical_substance
HEA_atc_A10BJ03,HEA,atc,A10BJ03,"glucagon-lignende peptid-1 receptor (GLP-1) analog, lixisenatid","glucagon-lignende peptid-1 receptor (GLP-1) analog, lixisenatid","glucagon-lignende peptid-1 receptor (GLP-1) analog, lixisenatid",raw_atc_enhanced_hierarchical,medium,danish,HEA_atc_A10BJ,chemical_substance
HEA_atc_V09X,HEA,atc,V09X,andre radiofarmaka til diagnostisk brug,andre radiofarmaka til diagnostisk brug,Other radiopharmaceuticals for diagnostic use,raw_atc_enhanced_hierarchical,medium,danish,HEA_atc_V09,pharmacological_subgroup
HEA_atc_C09AA15,HEA,atc,C09AA15,"ACE-hæmmere, usammensatte, zofenopril","ACE-hæmmere, usammensatte, zofenopril","ACE inhibitors, unspecific, zofenopril",raw_atc_enhanced_hierarchical,medium,danish,HEA_atc_C09AA,chemical_substance
HEA_atc_A10AD06,HEA,atc,A10AD06,"insuliner og analoger til injektion, middel- og langtidsvirkende i kombinationer med hurtigtvirkende, insulin degludec og insulin aspart","insuliner og analoger til injektion, middel- og langtidsvirkende i kombinationer med hurtigtvirkende, insulin degludec og insulin aspart","Insulin and analogues for injection, intermediate- and long-acting in combination with rapid-acting, insulin degludec and insulin aspart",raw_atc_enhanced_hierarchical,medium,danish,HEA_atc_A10AD,chemical_substance
HEA_atc_A10BH04,HEA,atc,A10BH04,"dipeptidylpeptidase 4 (DPP-4) hæmmere, alogliptin","dipeptidylpeptidase 4 (DPP-4) hæmmere, alogliptin","Dipeptidylpeptidase 4 (DPP-4) inhibitors, alogliptin",raw_atc_enhanced_hierarchical,medium,danish,HEA_atc_A10BH,chemical_substance
HEA_atc_R05CB16,HEA,atc,R05CB16,"mucolytika, mannitol","mucolytika, mannitol","mucolytika, mannitol",raw_atc_enhanced_hierarchical,medium,danish,HEA_atc_R05CB,chemical_substance
HEA_atc_A10BD10,HEA,atc,A10BD10,"komb. af orale blod-glucose sænkende midler, metformin og saxagliptin","komb. af orale blod-glucose sænkende midler, metformin og saxagliptin","Combination of oral blood glucose lowering agents, metformin and saxagliptin",raw_atc_enhanced_hierarchical,medium,danish,HEA_atc_A10BD,chemical_substance
HEA_atc_C01CA04,HEA,atc,C01CA04,"adrenerge og dopaminerge midler, dopamin","adrenerge og dopaminerge midler, dopamin","Adrenergic and dopaminergic agents, dopamine",raw_atc_enhanced_hierarchical,medium,danish,HEA_atc_C01CA,chemical_substance
HEA_atc_V08BA02,HEA,atc,V08BA02,"bariumsulfat-holdige røntgenkontrastmidler, bariumsulfat uden suspensionsmidler","bariumsulfat-holdige røntgenkontrastmidler, bariumsulfat uden suspensionsmidler","Barium sulfate containing radiographic contrast media, barium sulfate without suspending agents",raw_atc_enhanced_hierarchical,medium,danish,HEA_atc_V08BA,chemical_substance
HEA_atc_C09BA15,HEA,atc,C09BA15,"ACE-hæmmere og diuretika, zofenopril og diuretika","ACE-hæmmere og diuretika, zofenopril og diuretika","ACE inhibitors and diuretics, zofenopril and diuretics",raw_atc_enhanced_hierarchical,medium,danish,HEA_atc_C09BA,chemical_substance
HEA_atc_G04BX14,HEA,atc,G04BX14,"andre urologika, dapoxetin","andre urologika, dapoxetin","Other urological agents, dapoxetine",raw_atc_enhanced_hierarchical,medium,danish,HEA_atc_G04BX,chemical_substance
HEA_atc_D11AX21,HEA,atc,D11AX21,"andre dermatologiske midler, brimonidin","andre dermatologiske midler, brimonidin","Other dermatological agents, brimonidine",raw_atc_enhanced_hierarchical,medium,danish,HEA_atc_D11AX,chemical_substance
HEA_atc_N06AX26,HEA,atc,N06AX26,"andre antidepressiva, vortioxetin","andre antidepressiva, vortioxetin","Other antidepressants, vortioxetine",raw_atc_enhanced_hierarchical,medium,danish,HEA_atc_N06AX,chemical_substance
HEA_atc_A10BK02,HEA,atc,A10BK02,"natrium-glucose co-transporter 2 (SGLT2) inhibitorer, canagliflozin","natrium-glucose co-transporter 2 (SGLT2) inhibitorer, canagliflozin","natrium-glucose co-transporter 2 (SGLT2) inhibitorer, canagliflozin",raw_atc_enhanced_hierarchical,medium,danish,HEA_atc_A10BK,chemical_substance
HEA_atc_R03AK10,HEA,atc,R03AK10,"adrenergika kombinationer med corticosteroider/andre midler, excl. antikolinergika, vilanterol og fluticasonfuroat","adrenergika kombinationer med corticosteroider/andre midler, excl. antikolinergika, vilanterol og fluticasonfuroat","Adrenergic combinations with corticosteroids/other agents, excluding anticholinergics, vilanterol and fluticasone furoate",raw_atc_enhanced_hierarchical,medium,danish,HEA_atc_R03AK,chemical_substance
HEA_atc_J07BK02,HEA,atc,J07BK02,"varicella zoster vacciner, zoster virus, levende attenueret","varicella zoster vacciner, zoster virus, levende attenueret","Varicella zoster vaccines, zoster virus, live attenuated",raw_atc_enhanced_hierarchical,medium,danish,HEA_atc_J07BK,chemical_substance
HEA_atc_R03AL03,HEA,atc,R03AL03,"adrenergika i kombination med antikolinergika inkl. trippel-stof kombinationer med corticosteroider, vilanterol og umeclidiniumbromid","adrenergika i kombination med antikolinergika inkl. trippel-stof kombinationer med corticosteroider, vilanterol og umeclidiniumbromid","adrenergics in combination with anticholinergics including triple-drug combinations with corticosteroids, vilanterol and umeclidinium bromide",raw_atc_enhanced_hierarchical,medium,danish,HEA_atc_R03AL,chemical_substance
HEA_atc_A10BD15,HEA,atc,A10BD15,"komb. af orale blod-glucose sænkende midler, metformin og dapagliflozin","komb. af orale blod-glucose sænkende midler, metformin og dapagliflozin","combination of oral blood glucose lowering agents, metformin and dapagliflozin",raw_atc_enhanced_hierarchical,medium,danish,HEA_atc_A10BD,chemical_substance
HEA_atc_A05AA02,HEA,atc,A05AA02,"galdesyrer og derivater, ursodeoxycholsyre","galdesyrer og derivater, ursodeoxycholsyre","bile acids and derivatives, ursodeoxycholic acid",raw_atc_enhanced_hierarchical,medium,danish,HEA_atc_A05AA,chemical_substance
HEA_atc_A10BD13,HEA,atc,A10BD13,"komb. af orale blod-glucose sænkende midler, metformin og alogliptin","komb. af orale blod-glucose sænkende midler, metformin og alogliptin","combination of oral blood glucose lowering agents, metformin and alogliptin",raw_atc_enhanced_hierarchical,medium,danish,HEA_atc_A10BD,chemical_substance
HEA_atc_A10BK03,HEA,atc,A10BK03,"natrium-glucose co-transporter 2 (SGLT2) inhibitorer, empagliflozin","natrium-glucose co-transporter 2 (SGLT2) inhibitorer, empagliflozin","natrium-glucose co-transporter 2 (SGLT2) inhibitorer, empagliflozin",raw_atc_enhanced_hierarchical,medium,danish,HEA_atc_A10BK,chemical_substance
HEA_atc_R03AC19,HEA,atc,R03AC19,"selektive beta-2-adrenoceptor agonister, olodaterol","selektive beta-2-adrenoceptor agonister, olodaterol","selektive beta-2-adrenoceptor agonister, olodaterol",raw_atc_enhanced_hierarchical,medium,danish,HEA_atc_R03AC,chemical_substance
HEA_atc_G04CA53,HEA,atc,G04CA53,"alfa-adrenoreceptor antagonister, tamsulosin og solifenacin","alfa-adrenoreceptor antagonister, tamsulosin og solifenacin","alpha-adrenergic receptor antagonists, tamsulosin and solifenacin",raw_atc_enhanced_hierarchical,medium,danish,HEA_atc_G04CA,chemical_substance
HEA_atc_D06BB12,HEA,atc,D06BB12,"antivirale midler, sinecatechins","antivirale midler, sinecatechins","antivirale midler, sinecatechins",raw_atc_enhanced_hierarchical,medium,danish,HEA_atc_D06BB,chemical_substance
HEA_atc_N07CA52,HEA,atc,N07CA52,"midler mod svimmelhed, cinnarizin, kombinationer","midler mod svimmelhed, cinnarizin, kombinationer","midler mod svimmelhed, cinnarizin, kombinationer",raw_atc_enhanced_hierarchical,medium,danish,HEA_atc_N07CA,chemical_substance
HEA_atc_G04BE10,HEA,atc,G04BE10,"midler anvendt ved erektionsforstyrrelser, avanafil","midler anvendt ved erektionsforstyrrelser, avanafil","drugs used for erectile dysfunction, avanafil",raw_atc_enhanced_hierarchical,medium,danish,HEA_atc_G04BE,chemical_substance
HEA_atc_A12CC04,HEA,atc,A12CC04,"magnesium, magnesiumcitrat","magnesium, magnesiumcitrat","magnesium, magnesiumcitrat",raw_atc_enhanced_hierarchical,medium,danish,HEA_atc_A12CC,chemical_substance
HEA_atc_S01EC54,HEA,atc,S01EC54,"carbo-anhydrase inhibitorer, brinzolamid, kombinationer","carbo-anhydrase inhibitorer, brinzolamid, kombinationer","carbonic anhydrase inhibitors, brinzolamide, combinations",raw_atc_enhanced_hierarchical,medium,danish,HEA_atc_S01EC,chemical_substance
HEA_atc_L04AX04,HEA,atc,L04AX04,"andre immunosuppressiva, lenalidomid","andre immunosuppressiva, lenalidomid","other immunosuppressants, lenalidomide",raw_atc_enhanced_hierarchical,medium,danish,HEA_atc_L04AX,chemical_substance
HEA_atc_N05AE05,HEA,atc,N05AE05,"indol-derivater, lurasidon","indol-derivater, lurasidon","indol-derivater, lurasidon",raw_atc_enhanced_hierarchical,medium,danish,HEA_atc_N05AE,chemical_substance
HEA_atc_A10BD09,HEA,atc,A10BD09,"komb. af orale blod-glucose sænkende midler, pioglitazon og alogliptin","komb. af orale blod-glucose sænkende midler, pioglitazon og alogliptin","combination of oral blood glucose lowering agents, pioglitazone and alogliptin",raw_atc_enhanced_hierarchical,medium,danish,HEA_atc_A10BD,chemical_substance
HEA_atc_L01CE01,HEA,atc,L01CE01,"topoisomerase 1 hæmmere, topotecan","topoisomerase 1 hæmmere, topotecan","topoisomerase 1 inhibitors, topotecan",raw_atc_enhanced_hierarchical,medium,danish,HEA_atc_L01CE,chemical_substance
HEA_atc_A04AA05,HEA,atc,A04AA05,"serotonin (5HT3) antagonister, palonosetron","serotonin (5HT3) antagonister, palonosetron","serotonin (5HT3) antagonister, palonosetron",raw_atc_enhanced_hierarchical,medium,danish,HEA_atc_A04AA,chemical_substance
HEA_atc_A06AH03,HEA,atc,A06AH03,"perifere opioidreceptor antagonister, naloxegol","perifere opioidreceptor antagonister, naloxegol","perifere opioidreceptor antagonister, naloxegol",raw_atc_enhanced_hierarchical,medium,danish,HEA_atc_A06AH,chemical_substance
HEA_atc_R03AL06,HEA,atc,R03AL06,"adrenergika i kombination med antikolinergika inkl. trippel-stof kombinationer med corticosteroider, olodaterol og tiotropiumbromid","adrenergika i kombination med antikolinergika inkl. trippel-stof kombinationer med corticosteroider, olodaterol og tiotropiumbromid","sympathomimetics in combination with anticholinergics including triple-drug combinations with corticosteroids, olodaterol and tiotropium bromide",raw_atc_enhanced_hierarchical,medium,danish,HEA_atc_R03AL,chemical_substance
HEA_atc_A10BJ05,HEA,atc,A10BJ05,"glucagon-lignende peptid-1 receptor (GLP-1) analog, dulaglutid","glucagon-lignende peptid-1 receptor (GLP-1) analog, dulaglutid","glucagon-lignende peptid-1 receptor (GLP-1) analog, dulaglutid",raw_atc_enhanced_hierarchical,medium,danish,HEA_atc_A10BJ,chemical_substance
HEA_atc_D11AX22,HEA,atc,D11AX22,"andre dermatologiske midler, ivermectin","andre dermatologiske midler, ivermectin","other dermatological agents, ivermectin",raw_atc_enhanced_hierarchical,medium,danish,HEA_atc_D11AX,chemical_substance
HEA_atc_R03AL05,HEA,atc,R03AL05,"adrenergika i kombination med antikolinergika inkl. trippel-stof kombinationer med corticosteroider, formoterol og aclidiniumbromid","adrenergika i kombination med antikolinergika inkl. trippel-stof kombinationer med corticosteroider, formoterol og aclidiniumbromid","sympathomimetics in combination with anticholinergics including triple-drug combinations with corticosteroids, formoterol and aclidinium bromide",raw_atc_enhanced_hierarchical,medium,danish,HEA_atc_R03AL,chemical_substance
HEA_atc_C10BA05,HEA,atc,C10BA05,"lipid-modificerende midler, kombinationer, atorvastatin og ezetimibe","lipid-modificerende midler, kombinationer, atorvastatin og ezetimibe","lipid-modifying preparations, combinations, atorvastatin and ezetimibe",raw_atc_enhanced_hierarchical,medium,danish,HEA_atc_C10BA,chemical_substance
HEA_atc_A10BD20,HEA,atc,A10BD20,"komb. af orale blod-glucose sænkende midler, metformin og empagliflozin","komb. af orale blod-glucose sænkende midler, metformin og empagliflozin","combination of oral blood glucose lowering agents, metformin and empagliflozin",raw_atc_enhanced_hierarchical,medium,danish,HEA_atc_A10BD,chemical_substance
HEA_atc_R06AX28,HEA,atc,R06AX28,"andre antihistaminer til systemisk brug, rupatadin","andre antihistaminer til systemisk brug, rupatadin","other antihistamines for systemic use, rupatadine",raw_atc_enhanced_hierarchical,medium,danish,HEA_atc_R06AX,chemical_substance
HEA_atc_R03BB07,HEA,atc,R03BB07,"antikolinergika, umeclidiniumbromid","antikolinergika, umeclidiniumbromid","antikolinergika, umeclidiniumbromid",raw_atc_enhanced_hierarchical,medium,danish,HEA_atc_R03BB,chemical_substance
HEA_atc_S01XA18,HEA,atc,S01XA18,"andre ophthalmologiske midler, ciclosporin","andre ophthalmologiske midler, ciclosporin","other ophthalmological agents, cyclosporin",raw_atc_enhanced_hierarchical,medium,danish,HEA_atc_S01XA,chemical_substance
HEA_atc_N02AF02,HEA,atc,N02AF02,"morphinan-derivater, nalbufin","morphinan-derivater, nalbufin","morphinan-derivater, nalbufin",raw_atc_enhanced_hierarchical,medium,danish,HEA_atc_N02AF,chemical_substance
HEA_atc_A10BD16,HEA,atc,A10BD16,"komb. af orale blod-glucose sænkende midler, metformin og canagliflozin","komb. af orale blod-glucose sænkende midler, metformin og canagliflozin","combination of oral blood glucose lowering agents, metformin and canagliflozin",raw_atc_enhanced_hierarchical,medium,danish,HEA_atc_A10BD,chemical_substance
HEA_atc_J07CA09,HEA,atc,J07CA09,"bacterielle og virale vacciner, kombinerede, difteri-haemophilus influenzae B-pertussis-polio-tetanus-hepatitis B","bacterielle og virale vacciner, kombinerede, difteri-haemophilus influenzae B-pertussis-polio-tetanus-hepatitis B","bacterial and viral vaccines, combined, diphtheria-haemophilus influenzae B-pertussis-polio-tetanus-hepatitis B",raw_atc_enhanced_hierarchical,medium,danish,HEA_atc_J07CA,chemical_substance
HEA_atc_C10AX13,HEA,atc,C10AX13,"andre lipid-modificerende midler, evolocumab","andre lipid-modificerende midler, evolocumab","other lipid modifying agents, evolocumab",raw_atc_enhanced_hierarchical,medium,danish,HEA_atc_C10AX,chemical_substance
HEA_atc_V08AB02,HEA,atc,V08AB02,"vandopl.,nefrotrope,lavosm. røntgenkontrastmidl., iohexol","vandopl.,nefrotrope,lavosm. røntgenkontrastmidl., iohexol","Water-soluble, nephroprotective, low-osmolality radiographic contrast media, iohexol",raw_atc_enhanced_hierarchical,medium,danish,HEA_atc_V08AB,chemical_substance
HEA_atc_N02A,HEA,atc,N02A,opioider,opioider,opioider,raw_atc_enhanced_hierarchical,medium,danish,HEA_atc_N02,pharmacological_subgroup
HEA_atc_L01XD04,HEA,atc,L01XD04,"sensibilatorer til fotodynamisk/stråle-terapi, aminolevulinsyre","sensibilatorer til fotodynamisk/stråle-terapi, aminolevulinsyre","Sensitizers for photodynamic/radiation therapy, 5-aminolevulinic acid",raw_atc_enhanced_hierarchical,medium,danish,HEA_atc_L01XD,chemical_substance
HEA_atc_H01BB03,HEA,atc,H01BB03,"oxytocin og analoger, carbetocin","oxytocin og analoger, carbetocin","Oxytocin and analogs, carbetocin",raw_atc_enhanced_hierarchical,medium,danish,HEA_atc_H01BB,chemical_substance
HEA_atc_V08DA01,HEA,atc,V08DA01,"ultralyd kontrastmidler, perflutren, human albumin mikrosfærer","ultralyd kontrastmidler, perflutren, human albumin mikrosfærer","Ultrasound contrast agents, perfluorocarbon stabilized human serum albumin microspheres, perflutren",raw_atc_enhanced_hierarchical,medium,danish,HEA_atc_V08DA,chemical_substance
HEA_atc_L02BB04,HEA,atc,L02BB04,"anti-androgener, enzalutamid","anti-androgener, enzalutamid","anti-androgener, enzalutamid",raw_atc_enhanced_hierarchical,medium,danish,HEA_atc_L02BB,chemical_substance
HEA_atc_L01EL01,HEA,atc,L01EL01,"Bruton's tyrosinkinase (BTK) hæmmere, ibrutinib","Bruton's tyrosinkinase (BTK) hæmmere, ibrutinib","Bruton's tyrosine kinase (BTK) inhibitors, ibrutinib",raw_atc_enhanced_hierarchical,medium,danish,HEA_atc_L01EL,chemical_substance
HEA_atc_B01AF03,HEA,atc,B01AF03,"direkte faktor Xa-hæmmere, edoxaban","direkte faktor Xa-hæmmere, edoxaban","Direct factor Xa inhibitors, edoxaban",raw_atc_enhanced_hierarchical,medium,danish,HEA_atc_B01AF,chemical_substance
HEA_atc_A07XA04,HEA,atc,A07XA04,"andre midler mod diarré, racecadotril","andre midler mod diarré, racecadotril","Other anti-diarrheal agents, racecadotril",raw_atc_enhanced_hierarchical,medium,danish,HEA_atc_A07XA,chemical_substance
HEA_atc_C02AC02,HEA,atc,C02AC02,"imidazolin-receptor agonister, guanfacin","imidazolin-receptor agonister, guanfacin","imidazolin-receptor agonister, guanfacin",raw_atc_enhanced_hierarchical,medium,danish,HEA_atc_C02AC,chemical_substance
HEA_atc_C10AX14,HEA,atc,C10AX14,"andre lipid-modificerende midler, alirocumab","andre lipid-modificerende midler, alirocumab","Other lipid-modifying agents, alirocumab",raw_atc_enhanced_hierarchical,medium,danish,HEA_atc_C10AX,chemical_substance
HEA_atc_C09DX04,HEA,atc,C09DX04,"angiotensin II receptor blokkere (arbs), andre kombinationer, valsartan og sacubitril","angiotensin II receptor blokkere (arbs), andre kombinationer, valsartan og sacubitril","Angiotensin II receptor blockers (ARBs), other combinations, valsartan and sacubitril",raw_atc_enhanced_hierarchical,medium,danish,HEA_atc_C09DX,chemical_substance
HEA_atc_R02AA20,HEA,atc,R02AA20,"antiseptika, diverse antiseptika","antiseptika, diverse antiseptika","antiseptika, diverse antiseptika",raw_atc_enhanced_hierarchical,medium,danish,HEA_atc_R02AA,chemical_substance
HEA_atc_N03AX23,HEA,atc,N03AX23,"andre antiepileptika, brivaracetam","andre antiepileptika, brivaracetam","Other anticonvulsants, brivaracetam",raw_atc_enhanced_hierarchical,medium,danish,HEA_atc_N03AX,chemical_substance
HEA_atc_N04BD03,HEA,atc,N04BD03,"monoamin-oxidase type B hæmmere, safinamid","monoamin-oxidase type B hæmmere, safinamid","monoamine oxidase B inhibitor, safinamide",raw_atc_enhanced_hierarchical,medium,danish,HEA_atc_N04BD,chemical_substance
HEA_atc_J01MA12,HEA,atc,J01MA12,"fluorochinoloner, levofloxacin","fluorochinoloner, levofloxacin","fluorochinoloner, levofloxacin",raw_atc_enhanced_hierarchical,medium,danish,HEA_atc_J01MA,chemical_substance
HEA_atc_L01EX03,HEA,atc,L01EX03,"andre proteinkinasehæmmere, pazopanib","andre proteinkinasehæmmere, pazopanib","other protein kinase inhibitors, pazopanib",raw_atc_enhanced_hierarchical,medium,danish,HEA_atc_L01EX,chemical_substance
HEA_atc_V04CX05,HEA,atc,V04CX05,"andre diagnostika, 13-C-urea","andre diagnostika, 13-C-urea","other diagnostic agents, 13-C-urea",raw_atc_enhanced_hierarchical,medium,danish,HEA_atc_V04CX,chemical_substance
HEA_atc_M09AB02,HEA,atc,M09AB02,"enzymer, collagenase clostridium histolytikum","enzymer, collagenase clostridium histolytikum","enzymes, clostridium histolyticum collagenase",raw_atc_enhanced_hierarchical,medium,danish,HEA_atc_M09AB,chemical_substance
HEA_atc_V08AB10,HEA,atc,V08AB10,"vandopl.,nefrotrope,lavosm. røntgenkontrastmidl., iomeprol","vandopl.,nefrotrope,lavosm. røntgenkontrastmidl., iomeprol","water-soluble nephrotoxic radiographic contrast media, iomeprol",raw_atc_enhanced_hierarchical,medium,danish,HEA_atc_V08AB,chemical_substance
HEA_atc_A16AB03,HEA,atc,A16AB03,"enzymer, agalsidase alfa","enzymer, agalsidase alfa","enzymer, agalsidase alfa",raw_atc_enhanced_hierarchical,medium,danish,HEA_atc_A16AB,chemical_substance
HEA_atc_L04AA32,HEA,atc,L04AA32,"selektive immunsuppressiva, apremilast","selektive immunsuppressiva, apremilast","selektive immunsuppressiva, apremilast",raw_atc_enhanced_hierarchical,medium,danish,HEA_atc_L04AA,chemical_substance
HEA_atc_A10AE56,HEA,atc,A10AE56,"insuliner og analoger til injektion, langtidsvirkende, insulin degludec og liraglutid","insuliner og analoger til injektion, langtidsvirkende, insulin degludec og liraglutid","insulin and analogues for injection, long-acting, insulin degludec and liraglutide",raw_atc_enhanced_hierarchical,medium,danish,HEA_atc_A10AE,chemical_substance
HEA_atc_J07BM03,HEA,atc,J07BM03,"papillomavirus-vacciner, papillomavirus (human type 6, 11, 16, 18, 31, 33, 45, 52,58)","papillomavirus-vacciner, papillomavirus (human type 6, 11, 16, 18, 31, 33, 45, 52,58)","papillomavirus-vacciner, papillomavirus (human type 6, 11, 16, 18, 31, 33, 45, 52,58)",raw_atc_enhanced_hierarchical,medium,danish,HEA_atc_J07BM,chemical_substance
HEA_atc_A04AD10,HEA,atc,A04AD10,"andre antiemetika, dronabinol","andre antiemetika, dronabinol","other antiemetics, dronabinol",raw_atc_enhanced_hierarchical,medium,danish,HEA_atc_A04AD,chemical_substance
HEA_atc_N03AX24,HEA,atc,N03AX24,"andre antiepileptika, cannabidiol","andre antiepileptika, cannabidiol","other anticonvulsants, cannabidiol",raw_atc_enhanced_hierarchical,medium,danish,HEA_atc_N03AX,chemical_substance
HEA_atc_R03AL09,HEA,atc,R03AL09,"adrenergika i kombination med antikolinergika inkl. trippel-stof kombinationer med corticosteroider, formoterol, glycopyrroniumbromid og beclometason","adrenergika i kombination med antikolinergika inkl. trippel-stof kombinationer med corticosteroider, formoterol, glycopyrroniumbromid og beclometason","adrenergics in combination with anticholinergics including triple-drug combinations with corticosteroids, formoterol, glycopyrronium bromide and beclomethasone",raw_atc_enhanced_hierarchical,medium,danish,HEA_atc_R03AL,chemical_substance
HEA_atc_A10BD21,HEA,atc,A10BD21,"komb. af orale blod-glucose sænkende midler, saxagliptin og dapagliflozin","komb. af orale blod-glucose sænkende midler, saxagliptin og dapagliflozin","combination of oral blood glucose lowering agents, saxagliptin and dapagliflozin",raw_atc_enhanced_hierarchical,medium,danish,HEA_atc_A10BD,chemical_substance
HEA_atc_G03GA10,HEA,atc,G03GA10,"gonadotropiner, follitropin delta","gonadotropiner, follitropin delta","gonadotropiner, follitropin delta",raw_atc_enhanced_hierarchical,medium,danish,HEA_atc_G03GA,chemical_substance
HEA_atc_S01LA05,HEA,atc,S01LA05,"antineovaskularisationsmidler, aflibercept","antineovaskularisationsmidler, aflibercept","antineovaskularisationsmidler, aflibercept",raw_atc_enhanced_hierarchical,medium,danish,HEA_atc_S01LA,chemical_substance
HEA_atc_H03AA05,HEA,atc,H03AA05,"thyroideahormoner, thyroideakirtel-præparater","thyroideahormoner, thyroideakirtel-præparater","thyroid hormones, thyroid preparations",raw_atc_enhanced_hierarchical,medium,danish,HEA_atc_H03AA,chemical_substance
HEA_atc_J07AH09,HEA,atc,J07AH09,"meningokok vacciner, meningococcus B, multikomponent vaccine","meningokok vacciner, meningococcus B, multikomponent vaccine","meningococcal vaccines, meningococcus B, multicomponent vaccine",raw_atc_enhanced_hierarchical,medium,danish,HEA_atc_J07AH,chemical_substance
HEA_atc_A08AA62,HEA,atc,A08AA62,"centralt virkende anoreksika, bupropion og naltrexon","centralt virkende anoreksika, bupropion og naltrexon","centrally acting appetite suppressants, bupropion and naltrexone",raw_atc_enhanced_hierarchical,medium,danish,HEA_atc_A08AA,chemical_substance
HEA_atc_V03AE05,HEA,atc,V03AE05,"midler t. behandl. af hyperkaliæmi og hyperphosphatæmi, sucroferrioxyhydroxid","midler t. behandl. af hyperkaliæmi og hyperphosphatæmi, sucroferrioxyhydroxid","agents for the treatment of hyperkalemia and hyperphosphatemia, sucroferric oxyhydroxide",raw_atc_enhanced_hierarchical,medium,danish,HEA_atc_V03AE,chemical_substance
HEA_atc_J05AJ03,HEA,atc,J05AJ03,"integrasehæmmere, dolutegravir","integrasehæmmere, dolutegravir","integrase inhibitors, dolutegravir",raw_atc_enhanced_hierarchical,medium,danish,HEA_atc_J05AJ,chemical_substance
HEA_atc_A07DA06,HEA,atc,A07DA06,"antipropulsiva, eluxadolin","antipropulsiva, eluxadolin","anti-prokinetic agents, eluxadoline",raw_atc_enhanced_hierarchical,medium,danish,HEA_atc_A07DA,chemical_substance
HEA_atc_A07AA12,HEA,atc,A07AA12,"antibiotika, fidaxomicin","antibiotika, fidaxomicin","antibiotika, fidaxomicin",raw_atc_enhanced_hierarchical,medium,danish,HEA_atc_A07AA,chemical_substance
HEA_atc_L04AC10,HEA,atc,L04AC10,"interleukinhæmmere, secukinumab","interleukinhæmmere, secukinumab","interleukin inhibitors, secukinumab",raw_atc_enhanced_hierarchical,medium,danish,HEA_atc_L04AC,chemical_substance
HEA_atc_V04CC02,HEA,atc,V04CC02,"tests for bile duct patency, magnesiumsulfat","tests for bile duct patency, magnesiumsulfat","tests for bile duct patency, magnesiumsulfat",raw_atc_enhanced_hierarchical,medium,danish,HEA_atc_V04CC,chemical_substance
HEA_atc_L04AX07,HEA,atc,L04AX07,"andre immunosuppressiva, dimethylfumarat","andre immunosuppressiva, dimethylfumarat","other immunosuppressants, dimethyl fumarate",raw_atc_enhanced_hierarchical,medium,danish,HEA_atc_L04AX,chemical_substance
HEA_atc_S01XA21,HEA,atc,S01XA21,"andre ophthalmologiske midler, mercaptamin","andre ophthalmologiske midler, mercaptamin","other ophthalmic agents, mercaptamine",raw_atc_enhanced_hierarchical,medium,danish,HEA_atc_S01XA,chemical_substance
HEA_atc_J02AC05,HEA,atc,J02AC05,"triazol- og tetrazolderivater, isavuconazol","triazol- og tetrazolderivater, isavuconazol","triazole and tetrazole derivatives, isavuconazole",raw_atc_enhanced_hierarchical,medium,danish,HEA_atc_J02AC,chemical_substance
HEA_atc_J05AE10,HEA,atc,J05AE10,"protease inhibitorer, darunavir","protease inhibitorer, darunavir","protease inhibitorer, darunavir",raw_atc_enhanced_hierarchical,medium,danish,HEA_atc_J05AE,chemical_substance
HEA_atc_L01EA02,HEA,atc,L01EA02,"BCR-ABL tyrosinkinasehæmmere, dasatinib","BCR-ABL tyrosinkinasehæmmere, dasatinib","BCR-ABL tyrosine kinase inhibitors, dasatinib",raw_atc_enhanced_hierarchical,medium,danish,HEA_atc_L01EA,chemical_substance
HEA_atc_A10BJ06,HEA,atc,A10BJ06,"glucagon-lignende peptid-1 receptor (GLP-1) analog, semaglutid","glucagon-lignende peptid-1 receptor (GLP-1) analog, semaglutid","glucagon-lignende peptid-1 receptor (GLP-1) analog, semaglutid",raw_atc_enhanced_hierarchical,medium,danish,HEA_atc_A10BJ,chemical_substance
HEA_atc_R03AL08,HEA,atc,R03AL08,"adrenergika i kombination med antikolinergika inkl. trippel-stof kombinationer med corticosteroider, vilanterol, umeclidiniumbromid og fluticasonfuroat","adrenergika i kombination med antikolinergika inkl. trippel-stof kombinationer med corticosteroider, vilanterol, umeclidiniumbromid og fluticasonfuroat","adrenergics in combination with anticholinergics including triple-combination products with corticosteroids, vilanterol, umeclidinium bromide and fluticasone furoate",raw_atc_enhanced_hierarchical,medium,danish,HEA_atc_R03AL,chemical_substance
HEA_atc_G03AA16,HEA,atc,G03AA16,"gestagener og østrogener, faste kombinationer, dienogest og ethinylestradiol","gestagener og østrogener, faste kombinationer, dienogest og ethinylestradiol","progestogens and estrogens, fixed combinations, dienogest and ethinyl estradiol",raw_atc_enhanced_hierarchical,medium,danish,HEA_atc_G03AA,chemical_substance
HEA_atc_B03AB10,HEA,atc,B03AB10,"jern(III), orale midler, ferrimaltol","jern(III), orale midler, ferrimaltol","jern(III), orale midler, ferrimaltol",raw_atc_enhanced_hierarchical,medium,danish,HEA_atc_B03AB,chemical_substance
HEA_atc_L04AB05,HEA,atc,L04AB05,"tumor necrosis factor alpha (TNF-alfa) hæmmere, certolizumab pegol","tumor necrosis factor alpha (TNF-alfa) hæmmere, certolizumab pegol","tumor necrosis factor alpha (TNF-alpha) inhibitors, certolizumab pegol",raw_atc_enhanced_hierarchical,medium,danish,HEA_atc_L04AB,chemical_substance
HEA_atc_A10BD19,HEA,atc,A10BD19,"komb. af orale blod-glucose sænkende midler, linagliptin og empagliflozin","komb. af orale blod-glucose sænkende midler, linagliptin og empagliflozin","combination of oral blood glucose lowering agents, linagliptin and empagliflozin",raw_atc_enhanced_hierarchical,medium,danish,HEA_atc_A10BD,chemical_substance
HEA_atc_A10BK04,HEA,atc,A10BK04,"natrium-glucose co-transporter 2 (SGLT2) inhibitorer, ertugliflozin","natrium-glucose co-transporter 2 (SGLT2) inhibitorer, ertugliflozin","natrium-glucose co-transporter 2 (SGLT2) inhibitorer, ertugliflozin",raw_atc_enhanced_hierarchical,medium,danish,HEA_atc_A10BK,chemical_substance
HEA_atc_B05BB,HEA,atc,B05BB,"opløsninger med virkning på elektrolytbalancen, opløsninger med virkning på elektrolytbalancen","opløsninger med virkning på elektrolytbalancen, opløsninger med virkning på elektrolytbalancen","solutions affecting electrolyte balance, solutions affecting electrolyte balance",raw_atc_enhanced_hierarchical,medium,danish,HEA_atc_B05B,chemical_subgroup
HEA_atc_A10BD24,HEA,atc,A10BD24,"komb. af orale blod-glucose sænkende midler, sitagliptin og ertugliflozin","komb. af orale blod-glucose sænkende midler, sitagliptin og ertugliflozin","combination of oral blood glucose lowering agents, sitagliptin and ertugliflozin",raw_atc_enhanced_hierarchical,medium,danish,HEA_atc_A10BD,chemical_substance
HEA_atc_A10AE54,HEA,atc,A10AE54,"insuliner og analoger til injektion, langtidsvirkende, insulin glargin og lixisenatid","insuliner og analoger til injektion, langtidsvirkende, insulin glargin og lixisenatid","insulins and analogues for injection, long-acting, insulin glargine and lixisenatide",raw_atc_enhanced_hierarchical,medium,danish,HEA_atc_A10AE,chemical_substance
HEA_atc_D01AE02,HEA,atc,D01AE02,"andre fungicider til udvortes brug, methylrosanilin","andre fungicider til udvortes brug, methylrosanilin","other fungicides for topical use, methylrosaniline",raw_atc_enhanced_hierarchical,medium,danish,HEA_atc_D01AE,chemical_substance
HEA_atc_J07BD01,HEA,atc,J07BD01,"mæslingevacciner, mæslinger, levende attenueret","mæslingevacciner, mæslinger, levende attenueret","pertussis vaccines, pertussis, live attenuated",raw_atc_enhanced_hierarchical,medium,danish,HEA_atc_J07BD,chemical_substance
HEA_atc_J07CA10,HEA,atc,J07CA10,"bacterielle og virale vacciner, kombinerede, tyfus - hepatitis A","bacterielle og virale vacciner, kombinerede, tyfus - hepatitis A","bacterial and viral vaccines, combination, typhus - hepatitis A",raw_atc_enhanced_hierarchical,medium,danish,HEA_atc_J07CA,chemical_substance
HEA_atc_M04AB05,HEA,atc,M04AB05,"midler, der øger urinsyreudskillelsen, lesinurad","midler, der øger urinsyreudskillelsen, lesinurad","agents increasing urinary acid excretion, lesinurad",raw_atc_enhanced_hierarchical,medium,danish,HEA_atc_M04AB,chemical_substance
HEA_atc_S01JA51,HEA,atc,S01JA51,"farvestoffer, fluorescein, kombinationer","farvestoffer, fluorescein, kombinationer","farvestoffer, fluorescein, kombinationer",raw_atc_enhanced_hierarchical,medium,danish,HEA_atc_S01JA,chemical_substance
HEA_atc_N07XX11,HEA,atc,N07XX11,"andre midler med virkning på nervesystemet, pitolisant","andre midler med virkning på nervesystemet, pitolisant","other agents affecting the nervous system, pitolisant",raw_atc_enhanced_hierarchical,medium,danish,HEA_atc_N07XX,chemical_substance
HEA_atc_L04AC03,HEA,atc,L04AC03,"interleukinhæmmere, anakinra","interleukinhæmmere, anakinra","interleukin inhibitors, anakinra",raw_atc_enhanced_hierarchical,medium,danish,HEA_atc_L04AC,chemical_substance
HEA_atc_D11AX24,HEA,atc,D11AX24,"andre dermatologiske midler, deoxycholsyre","andre dermatologiske midler, deoxycholsyre","other dermatological agents, deoxycholic acid",raw_atc_enhanced_hierarchical,medium,danish,HEA_atc_D11AX,chemical_substance
HEA_atc_A16AX09,HEA,atc,A16AX09,"div. midler til fordøjelsesorganer og stofskifte, glycerolphenylbutyrat","div. midler til fordøjelsesorganer og stofskifte, glycerolphenylbutyrat","various agents for digestive organs and metabolism, glycerol phenylbutyrate",raw_atc_enhanced_hierarchical,medium,danish,HEA_atc_A16AX,chemical_substance
HEA_atc_A10BD23,HEA,atc,A10BD23,"komb. af orale blod-glucose sænkende midler, metformin og ertugliflozin","komb. af orale blod-glucose sænkende midler, metformin og ertugliflozin","combination of oral blood glucose lowering agents, metformin and ertugliflozin",raw_atc_enhanced_hierarchical,medium,danish,HEA_atc_A10BD,chemical_substance
HEA_atc_V04CD01,HEA,atc,V04CD01,"tests for hypofysefunktion, metyrapon","tests for hypofysefunktion, metyrapon","tests for hypofysefunktion, metyrapon",raw_atc_enhanced_hierarchical,medium,danish,HEA_atc_V04CD,chemical_substance
HEA_atc_N02CD01,HEA,atc,N02CD01,"calcitoningenrelaterede peptid (CGRP) antagonister, erenumab","calcitoningenrelaterede peptid (CGRP) antagonister, erenumab","calcitoningenrelaterede peptid (CGRP) antagonister, erenumab",raw_atc_enhanced_hierarchical,medium,danish,HEA_atc_N02CD,chemical_substance
HEA_atc_N05AX15,HEA,atc,N05AX15,"andre antipsykotika, cariprazin","andre antipsykotika, cariprazin","other antipsychotics, cariprazine",raw_atc_enhanced_hierarchical,medium,danish,HEA_atc_N05AX,chemical_substance
HEA_atc_C01CA07,HEA,atc,C01CA07,"adrenerge og dopaminerge midler, dobutamin","adrenerge og dopaminerge midler, dobutamin","adrenergic and dopaminergic agents, dobutamine",raw_atc_enhanced_hierarchical,medium,danish,HEA_atc_C01CA,chemical_substance
HEA_atc_S02BA08,HEA,atc,S02BA08,"kortikosteroider, fluocinolonacetonid","kortikosteroider, fluocinolonacetonid","kortikosteroider, fluocinolonacetonid",raw_atc_enhanced_hierarchical,medium,danish,HEA_atc_S02BA,chemical_substance
HEA_atc_C05AE03,HEA,atc,C05AE03,"muskelafslappende midler, diltiazem","muskelafslappende midler, diltiazem","muscle relaxants, diltiazem",raw_atc_enhanced_hierarchical,medium,danish,HEA_atc_C05AE,chemical_substance
HEA_atc_G03XX01,HEA,atc,G03XX01,"andre kønshormoner og modulatorer af genitalsystemet, prasteron","andre kønshormoner og modulatorer af genitalsystemet, prasteron","other sex hormones and genital system modulators, prasterone",raw_atc_enhanced_hierarchical,medium,danish,HEA_atc_G03XX,chemical_substance
HEA_atc_C01CA17,HEA,atc,C01CA17,"adrenerge og dopaminerge midler, midodrin","adrenerge og dopaminerge midler, midodrin","adrenergic and dopaminergic agents, midodrine",raw_atc_enhanced_hierarchical,medium,danish,HEA_atc_C01CA,chemical_substance
HEA_atc_R03AL07,HEA,atc,R03AL07,"adrenergika i kombination med antikolinergika inkl. trippel-stof kombinationer med corticosteroider, formoterol og glycopyrroniumbromid","adrenergika i kombination med antikolinergika inkl. trippel-stof kombinationer med corticosteroider, formoterol og glycopyrroniumbromid","adrenergic agents in combination with anticholinergic agents including triple-drug combinations with corticosteroids, formoterol and glycopyrronium bromide",raw_atc_enhanced_hierarchical,medium,danish,HEA_atc_R03AL,chemical_substance
HEA_atc_A11HA05,HEA,atc,A11HA05,"andre usammensatte vitaminpræparater, biotin","andre usammensatte vitaminpræparater, biotin","other multivitamin preparations, biotin",raw_atc_enhanced_hierarchical,medium,danish,HEA_atc_A11HA,chemical_substance
HEA_atc_S01XA,HEA,atc,S01XA,"andre ophthalmologiske midler, andre ophthalmologiske midler","andre ophthalmologiske midler, andre ophthalmologiske midler","other ophthalmologic agents, other ophthalmologic agents",raw_atc_enhanced_hierarchical,medium,danish,HEA_atc_S01X,chemical_subgroup
HEA_atc_P03AA,HEA,atc,P03AA,"svovlholdige midler, svovlholdige midler","svovlholdige midler, svovlholdige midler","sulfur-containing agents, sulfur-containing agents",raw_atc_enhanced_hierarchical,medium,danish,HEA_atc_P03A,chemical_subgroup
HEA_atc_N05AX16,HEA,atc,N05AX16,"andre antipsykotika, brexpiprazol","andre antipsykotika, brexpiprazol","other antipsychotics, brexpiprazole",raw_atc_enhanced_hierarchical,medium,danish,HEA_atc_N05AX,chemical_substance
HEA_atc_A06AC51,HEA,atc,A06AC51,"volumendannende laksantia, ispaghula, kombinationspræparater","volumendannende laksantia, ispaghula, kombinationspræparater","bulk-forming laxatives, ispaghula, combination preparations",raw_atc_enhanced_hierarchical,medium,danish,HEA_atc_A06AC,chemical_substance
HEA_atc_A06A,HEA,atc,A06A,midler mod obstipatio,midler mod obstipatio,agents for constipation,raw_atc_enhanced_hierarchical,medium,danish,HEA_atc_A06,pharmacological_subgroup
HEA_atc_V04CA02,HEA,atc,V04CA02,"tests for diabetes, glucose","tests for diabetes, glucose","tests for diabetes, glucose",raw_atc_enhanced_hierarchical,medium,danish,HEA_atc_V04CA,chemical_substance
HEA_atc_L01EJ01,HEA,atc,L01EJ01,"janus associerede kinase (JAK) hæmmere, ruxolitinib","janus associerede kinase (JAK) hæmmere, ruxolitinib","janus associated kinase (JAK) inhibitors, ruxolitinib",raw_atc_enhanced_hierarchical,medium,danish,HEA_atc_L01EJ,chemical_substance
HEA_atc_G03CC07,HEA,atc,G03CC07,"østrogener, kombinationer med andre stoffer, konjugerede østrogener og bazedoxifen","østrogener, kombinationer med andre stoffer, konjugerede østrogener og bazedoxifen","estrogens, combinations with other substances, conjugated estrogens and bazedoxifene",raw_atc_enhanced_hierarchical,medium,danish,HEA_atc_G03CC,chemical_substance
HEA_atc_A16AX05,HEA,atc,A16AX05,"div. midler til fordøjelsesorganer og stofskifte, zinkacetat","div. midler til fordøjelsesorganer og stofskifte, zinkacetat","various agents for digestive organs and metabolism, zinc acetate",raw_atc_enhanced_hierarchical,medium,danish,HEA_atc_A16AX,chemical_substance
HEA_atc_N03AA,HEA,atc,N03AA,"barbiturater og derivater, barbiturater og derivater","barbiturater og derivater, barbiturater og derivater","barbiturates and derivatives, barbiturates and derivatives",raw_atc_enhanced_hierarchical,medium,danish,HEA_atc_N03A,chemical_subgroup
HEA_atc_D08AL01,HEA,atc,D08AL01,"sølvforbindelser, sølvnitrat","sølvforbindelser, sølvnitrat","silver compounds, silver nitrate",raw_atc_enhanced_hierarchical,medium,danish,HEA_atc_D08AL,chemical_substance
HEA_atc_G04BX15,HEA,atc,G04BX15,"andre urologika, pentosanpolysulfatnatrium","andre urologika, pentosanpolysulfatnatrium","other urologicals, pentosan polysulfate sodium",raw_atc_enhanced_hierarchical,medium,danish,HEA_atc_G04BX,chemical_substance
HEA_atc_J07BD52,HEA,atc,J07BD52,"mæslingevacciner, mæslinger, komb. m. fåresyge og rubella, levende attenueret","mæslingevacciner, mæslinger, komb. m. fåresyge og rubella, levende attenueret","measles vaccines, measles, combined with mumps and rubella, live attenuated",raw_atc_enhanced_hierarchical,medium,danish,HEA_atc_J07BD,chemical_substance
HEA_atc_P02CF01,HEA,atc,P02CF01,"avermectiner, ivermectin","avermectiner, ivermectin","avermectiner, ivermectin",raw_atc_enhanced_hierarchical,medium,danish,HEA_atc_P02CF,chemical_substance
HEA_atc_N06BA14,HEA,atc,N06BA14,"centralt virkende sympatomimetika, solriamfetol","centralt virkende sympatomimetika, solriamfetol","centralt virkende sympatomimetika, solriamfetol",raw_atc_enhanced_hierarchical,medium,danish,HEA_atc_N06BA,chemical_substance
HEA_atc_R03AL12,HEA,atc,R03AL12,"adrenergika i kombination med antikolinergika inkl. trippel-stof kombinationer med corticosteroider, indacaterol, glycopyrroiniumbromid og mometason","adrenergika i kombination med antikolinergika inkl. trippel-stof kombinationer med corticosteroider, indacaterol, glycopyrroiniumbromid og mometason","adrenergics in combination with anticholinergics including triple-drug combinations with corticosteroids, indacaterol, glycopyrronium bromide and mometasone",raw_atc_enhanced_hierarchical,medium,danish,HEA_atc_R03AL,chemical_substance
HEA_atc_A11HA04,HEA,atc,A11HA04,"andre usammensatte vitaminpræparater, riboflavin (vitamin B2)","andre usammensatte vitaminpræparater, riboflavin (vitamin B2)","other uncombined vitamin preparations, riboflavin (vitamin B2)",raw_atc_enhanced_hierarchical,medium,danish,HEA_atc_A11HA,chemical_substance
HEA_atc_C03BA08,HEA,atc,C03BA08,"sulfonamider, usammensatte, metolazon","sulfonamider, usammensatte, metolazon","sulfonamider, usammensatte, metolazon",raw_atc_enhanced_hierarchical,medium,danish,HEA_atc_C03BA,chemical_substance
HEA_atc_R03AK14,HEA,atc,R03AK14,"adrenergika kombinationer med corticosteroider/andre midler, excl. antikolinergika, indacaterol og mometason","adrenergika kombinationer med corticosteroider/andre midler, excl. antikolinergika, indacaterol og mometason","adrenergic combinations with corticosteroids/other agents, excluding anticholinergics, indacaterol and mometasone",raw_atc_enhanced_hierarchical,medium,danish,HEA_atc_R03AK,chemical_substance
HEA_atc_L04AF01,HEA,atc,L04AF01,"janus associerede kinase (JAK) hæmmere, tofacitinib","janus associerede kinase (JAK) hæmmere, tofacitinib","janus associated kinase (JAK) inhibitors, tofacitinib",raw_atc_enhanced_hierarchical,medium,danish,HEA_atc_L04AF,chemical_substance
HEA_atc_V08BA01,HEA,atc,V08BA01,"bariumsulfat-holdige røntgenkontrastmidler, bariumsulfat med suspensionsmidler","bariumsulfat-holdige røntgenkontrastmidler, bariumsulfat med suspensionsmidler","Barium sulfate-containing radiographic contrast media, barium sulfate with suspension agents",raw_atc_enhanced_hierarchical,medium,danish,HEA_atc_V08BA,chemical_substance
HEA_atc_J01XX01,HEA,atc,J01XX01,"andre antibakterika, fosfomycin","andre antibakterika, fosfomycin","Other antibacterials, fosfomycin",raw_atc_enhanced_hierarchical,medium,danish,HEA_atc_J01XX,chemical_substance
HEA_atc_V03AE10,HEA,atc,V03AE10,"midler t. behandl. af hyperkaliæmi og hyperphosphatæmi, natriumzirconiumcyclosilicat","midler t. behandl. af hyperkaliæmi og hyperphosphatæmi, natriumzirconiumcyclosilicat","Agents for the treatment of hyperkalemia and hyperphosphatemia, sodium zirconium cyclosilicate",raw_atc_enhanced_hierarchical,medium,danish,HEA_atc_V03AE,chemical_substance
HEA_atc_S01JA01,HEA,atc,S01JA01,"farvestoffer, fluorescein","farvestoffer, fluorescein","farvestoffer, fluorescein",raw_atc_enhanced_hierarchical,medium,danish,HEA_atc_S01JA,chemical_substance
HEA_atc_S01XA03,HEA,atc,S01XA03,"andre ophthalmologiske midler, natriumchlorid, hypertonisk","andre ophthalmologiske midler, natriumchlorid, hypertonisk","Other ophthalmic agents, sodium chloride, hypertonic",raw_atc_enhanced_hierarchical,medium,danish,HEA_atc_S01XA,chemical_substance
HEA_atc_S01HA03,HEA,atc,S01HA03,"lokalanæstetika, tetracain","lokalanæstetika, tetracain","Local anesthetics, tetracaine",raw_atc_enhanced_hierarchical,medium,danish,HEA_atc_S01HA,chemical_substance
HEA_atc_R03CA02,HEA,atc,R03CA02,"alfa- og beta-adrenoceptor agonister, ephedrin","alfa- og beta-adrenoceptor agonister, ephedrin","Alpha- and beta-adrenergic agonists, ephedrine",raw_atc_enhanced_hierarchical,medium,danish,HEA_atc_R03CA,chemical_substance
HEA_atc_G03AC10,HEA,atc,G03AC10,"gestagener, drospirenon","gestagener, drospirenon","gestagener, drospirenon",raw_atc_enhanced_hierarchical,medium,danish,HEA_atc_G03AC,chemical_substance
HEA_atc_L01EX09,HEA,atc,L01EX09,"andre proteinkinasehæmmere, nintedanib","andre proteinkinasehæmmere, nintedanib","Other protein kinase inhibitors, nintedanib",raw_atc_enhanced_hierarchical,medium,danish,HEA_atc_L01EX,chemical_substance
HEA_atc_J01XX11,HEA,atc,J01XX11,"andre antibakterika, tedizolid","andre antibakterika, tedizolid","Other antibacterials, tedizolid",raw_atc_enhanced_hierarchical,medium,danish,HEA_atc_J01XX,chemical_substance
HEA_atc_J07BK03,HEA,atc,J07BK03,"varicella zoster vacciner, zoster, renset antigen","varicella zoster vacciner, zoster, renset antigen","varicella zoster vacciner, zoster, renset antigen",raw_atc_enhanced_hierarchical,medium,danish,HEA_atc_J07BK,chemical_substance
HEA_atc_J05AB18,HEA,atc,J05AB18,"nucleosider og nucleotider excl. revers transcriptase-hæmmere, molnupiravir","nucleosider og nucleotider excl. revers transcriptase-hæmmere, molnupiravir","Nucleosides and nucleotides excluding reverse transcriptase inhibitors, molnupiravir",raw_atc_enhanced_hierarchical,medium,danish,HEA_atc_J05AB,chemical_substance
HEA_atc_R03AL11,HEA,atc,R03AL11,"adrenergika i kombination med antikolinergika inkl. trippel-stof kombinationer med corticosteroider, formoterol, glycopyrroniumbromid og budesonid","adrenergika i kombination med antikolinergika inkl. trippel-stof kombinationer med corticosteroider, formoterol, glycopyrroniumbromid og budesonid","Adrenergics in combination with anticholinergics including triple-drug combinations with corticosteroids, formoterol, glycopyrronium bromide and budesonid",raw_atc_enhanced_hierarchical,medium,danish,HEA_atc_R03AL,chemical_substance
HEA_atc_J05A,HEA,atc,J05A,direkte virkende antivirale midler,direkte virkende antivirale midler,direkte virkende antivirale midler,raw_atc_enhanced_hierarchical,medium,danish,HEA_atc_J05,pharmacological_subgroup
HEA_atc_D10AB02,HEA,atc,D10AB02,"svovlholdige acne-midler, svovl","svovlholdige acne-midler, svovl","sulfur-containing acne treatments, sulfur",raw_atc_enhanced_hierarchical,medium,danish,HEA_atc_D10AB,chemical_substance
HEA_atc_N03AX25,HEA,atc,N03AX25,"andre antiepileptika, cenobamat","andre antiepileptika, cenobamat","other antiepileptic drugs, cenobamate",raw_atc_enhanced_hierarchical,medium,danish,HEA_atc_N03AX,chemical_substance
HEA_atc_J06AA04,HEA,atc,J06AA04,"immunsera, botulinum antitoxin","immunsera, botulinum antitoxin","immunsera, botulinum antitoxin",raw_atc_enhanced_hierarchical,medium,danish,HEA_atc_J06AA,chemical_substance
HEA_atc_N04BX04,HEA,atc,N04BX04,"andre dopaminerge stoffer, opicapon","andre dopaminerge stoffer, opicapon","other dopamine-related substances, opicapone",raw_atc_enhanced_hierarchical,medium,danish,HEA_atc_N04BX,chemical_substance
HEA_atc_A12CC30,HEA,atc,A12CC30,"magnesium, magnesium (forskellige salte i kombination)","magnesium, magnesium (forskellige salte i kombination)","magnesium, magnesium (various salts in combination)",raw_atc_enhanced_hierarchical,medium,danish,HEA_atc_A12CC,chemical_substance
HEA_atc_A04AA55,HEA,atc,A04AA55,"serotonin (5HT3) antagonister, palonosetron, kombinationer","serotonin (5HT3) antagonister, palonosetron, kombinationer","serotonin (5HT3) antagonister, palonosetron, kombinationer",raw_atc_enhanced_hierarchical,medium,danish,HEA_atc_A04AA,chemical_substance
HEA_atc_L04AF02,HEA,atc,L04AF02,"janus associerede kinase (JAK) hæmmere, baricitinib","janus associerede kinase (JAK) hæmmere, baricitinib","janus associated kinase (JAK) inhibitors, baricitinib",raw_atc_enhanced_hierarchical,medium,danish,HEA_atc_L04AF,chemical_substance
HEA_atc_D08AB,HEA,atc,D08AB,"aluminiumforbindelser, aluminiumforbindelser","aluminiumforbindelser, aluminiumforbindelser","aluminum compounds, aluminum compounds",raw_atc_enhanced_hierarchical,medium,danish,HEA_atc_D08A,chemical_subgroup
HEA_atc_C10AX06,HEA,atc,C10AX06,"andre lipid-modificerende midler, omega-3-triglycerider inkl. andre estre og syrer","andre lipid-modificerende midler, omega-3-triglycerider inkl. andre estre og syrer","other lipid-modifying agents, omega-3-triglycerides including other esters and acids",raw_atc_enhanced_hierarchical,medium,danish,HEA_atc_C10AX,chemical_substance
HEA_atc_D11AX11,HEA,atc,D11AX11,"andre dermatologiske midler, hydroquinon","andre dermatologiske midler, hydroquinon","other dermatological agents, hydroquinone",raw_atc_enhanced_hierarchical,medium,danish,HEA_atc_D11AX,chemical_substance
HEA_atc_N02CD06,HEA,atc,N02CD06,"calcitoningenrelaterede peptid (CGRP) antagonister, rimegepant","calcitoningenrelaterede peptid (CGRP) antagonister, rimegepant","calcitoningenrelaterede peptid (CGRP) antagonister, rimegepant",raw_atc_enhanced_hierarchical,medium,danish,HEA_atc_N02CD,chemical_substance
HEA_atc_R05CA03,HEA,atc,R05CA03,"expectorantia, guaifenesin","expectorantia, guaifenesin","expectorants, guaifenesin",raw_atc_enhanced_hierarchical,medium,danish,HEA_atc_R05CA,chemical_substance
HEA_atc_D10AD06,HEA,atc,D10AD06,"retinoider til udvortes brug mod acne, trifaroten","retinoider til udvortes brug mod acne, trifaroten","retinoids for topical use for acne, trifarotene",raw_atc_enhanced_hierarchical,medium,danish,HEA_atc_D10AD,chemical_substance
HEA_atc_J05AE30,HEA,atc,J05AE30,"protease inhibitorer, nirmatrelvir og ritonavir","protease inhibitorer, nirmatrelvir og ritonavir","protease inhibitors, nirmatrelvir and ritonavir",raw_atc_enhanced_hierarchical,medium,danish,HEA_atc_J05AE,chemical_substance
HEA_atc_D06BX03,HEA,atc,D06BX03,"andre kemoterapeutika, tirbanibulin","andre kemoterapeutika, tirbanibulin","other antineoplastic agents, tirbanibulin",raw_atc_enhanced_hierarchical,medium,danish,HEA_atc_D06BX,chemical_substance
HEA_atc_C03DA05,HEA,atc,C03DA05,"aldosteron-antagonister, finerenon","aldosteron-antagonister, finerenon","aldosteron-antagonister, finerenon",raw_atc_enhanced_hierarchical,medium,danish,HEA_atc_C03DA,chemical_substance
HEA_atc_H01CC54,HEA,atc,H01CC54,"anti gonadotropin releasing hormoner, relugolix, estradiol og norethisteron","anti gonadotropin releasing hormoner, relugolix, estradiol og norethisteron","anti-gonadotropin releasing hormone agents, relugolix, estradiol and norethisterone",raw_atc_enhanced_hierarchical,medium,danish,HEA_atc_H01CC,chemical_substance
HEA_atc_G03AA18,HEA,atc,G03AA18,"gestagener og østrogener, faste kombinationer, drospirenon og estetrol","gestagener og østrogener, faste kombinationer, drospirenon og estetrol","progestogens and oestrogens, fixed combinations, drospirenone and estetrol",raw_atc_enhanced_hierarchical,medium,danish,HEA_atc_G03AA,chemical_substance
HEA_atc_N05BC01,HEA,atc,N05BC01,"carbamater, meprobamat","carbamater, meprobamat","carbamater, meprobamat",raw_atc_enhanced_hierarchical,medium,danish,HEA_atc_N05BC,chemical_substance
HEA_atc_C01DX22,HEA,atc,C01DX22,"andre vasodilatorer anvendt ved hjertesygdom, vericiguat","andre vasodilatorer anvendt ved hjertesygdom, vericiguat","other vasodilators used in heart disease, vericiguat",raw_atc_enhanced_hierarchical,medium,danish,HEA_atc_C01DX,chemical_substance
HEA_atc_N03AX26,HEA,atc,N03AX26,"andre antiepileptika, fenfluramin","andre antiepileptika, fenfluramin","other anticonvulsants, fenfluramine",raw_atc_enhanced_hierarchical,medium,danish,HEA_atc_N03AX,chemical_substance
HEA_atc_R01AD59,HEA,atc,R01AD59,"kortikosteroider, mometason, kombinationer","kortikosteroider, mometason, kombinationer","kortikosteroider, mometason, kombinationer",raw_atc_enhanced_hierarchical,medium,danish,HEA_atc_R01AD,chemical_substance
HEA_atc_H02AB13,HEA,atc,H02AB13,"glucocorticoider, deflazacort","glucocorticoider, deflazacort","glucocorticoider, deflazacort",raw_atc_enhanced_hierarchical,medium,danish,HEA_atc_H02AB,chemical_substance
HEA_atc_B05XA04,HEA,atc,B05XA04,"elektrolyt-opløsninger, ammoniumchlorid","elektrolyt-opløsninger, ammoniumchlorid","electrolyte solutions, ammonium chloride",raw_atc_enhanced_hierarchical,medium,danish,HEA_atc_B05XA,chemical_substance
HEA_atc_G01A,HEA,atc,G01A,"antiinfektiva/antiseptika, excl. kombinationer med kortikosteroider","antiinfektiva/antiseptika, excl. kombinationer med kortikosteroider",antiseptics/antimicrobials excluding corticosteroid combinations,raw_atc_enhanced_hierarchical,medium,danish,HEA_atc_G01,pharmacological_subgroup
HEA_atc_N02BG09,HEA,atc,N02BG09,"andre analgetika og antipyretika, methoxyfluran","andre analgetika og antipyretika, methoxyfluran","other analgesics and antipyretics, methoxyflurane",raw_atc_enhanced_hierarchical,medium,danish,HEA_atc_N02BG,chemical_substance
HEA_atc_J06BB02,HEA,atc,J06BB02,"specifikke immunoglobuliner, tetanus immunoglobulin","specifikke immunoglobuliner, tetanus immunoglobulin","specifikke immunoglobuliner, tetanus immunoglobulin",raw_atc_enhanced_hierarchical,medium,danish,HEA_atc_J06BB,chemical_substance
HEA_atc_G04BA01,HEA,atc,G04BA01,"acidoserende midler, ammoniumchlorid","acidoserende midler, ammoniumchlorid","acidoserende midler, ammoniumchlorid",raw_atc_enhanced_hierarchical,medium,danish,HEA_atc_G04BA,chemical_substance
HEA_atc_L01EC03,HEA,atc,L01EC03,"B-Raf serin-threoninkinase (BRAF) hæmmere, encorafenib","B-Raf serin-threoninkinase (BRAF) hæmmere, encorafenib","B-Raf serine-threonine kinase (BRAF) inhibitors, encorafenib",raw_atc_enhanced_hierarchical,medium,danish,HEA_atc_L01EC,chemical_substance
HEA_atc_J01EB04,HEA,atc,J01EB04,"sulfonamider med kort virkningstid, sulfapyridin","sulfonamider med kort virkningstid, sulfapyridin","short-acting sulfonamides, sulfapyridine",raw_atc_enhanced_hierarchical,medium,danish,HEA_atc_J01EB,chemical_substance
HEA_atc_H02AB10,HEA,atc,H02AB10,"glucocorticoider, cortison","glucocorticoider, cortison","glucocorticoider, cortison",raw_atc_enhanced_hierarchical,medium,danish,HEA_atc_H02AB,chemical_substance
HEA_atc_M05BX06,HEA,atc,M05BX06,"andre midler med virkning på knoglestruktur og mineralisering, romosozumab","andre midler med virkning på knoglestruktur og mineralisering, romosozumab","other agents affecting bone structure and mineralization, romosozumab",raw_atc_enhanced_hierarchical,medium,danish,HEA_atc_M05BX,chemical_substance
HEA_atc_J07BN02,HEA,atc,J07BN02,"COVID-19 vacciner, COVID-19, virusvektor, non-replikerende","COVID-19 vacciner, COVID-19, virusvektor, non-replikerende","COVID-19 vacciner, COVID-19, virusvektor, non-replikerende",raw_atc_enhanced_hierarchical,medium,danish,HEA_atc_J07BN,chemical_substance
HEA_atc_L04AX05,HEA,atc,L04AX05,"andre immunosuppressiva, pirfenidon","andre immunosuppressiva, pirfenidon","other immunosuppressive agents, pirfenidone",raw_atc_enhanced_hierarchical,medium,danish,HEA_atc_L04AX,chemical_substance
HEA_atc_V03AE09,HEA,atc,V03AE09,"midler t. behandl. af hyperkaliæmi og hyperphosphatæmi, patiromercalcium","midler t. behandl. af hyperkaliæmi og hyperphosphatæmi, patiromercalcium","agents for the treatment of hyperkalemia and hyperphosphatemia, patiromer calcium",raw_atc_enhanced_hierarchical,medium,danish,HEA_atc_V03AE,chemical_substance
HEA_atc_J05AX18,HEA,atc,J05AX18,"andre antivirale midler, letermovir","andre antivirale midler, letermovir","other antiviral agents, letermovir",raw_atc_enhanced_hierarchical,medium,danish,HEA_atc_J05AX,chemical_substance
HEA_atc_D11AH05,HEA,atc,D11AH05,"midler til dermatitis, ekskl. kortikosteroider, dupilumab","midler til dermatitis, ekskl. kortikosteroider, dupilumab","agents for dermatitis, excluding corticosteroids, dupilumab",raw_atc_enhanced_hierarchical,medium,danish,HEA_atc_D11AH,chemical_substance
HEA_atc_J05AX25,HEA,atc,J05AX25,"andre antivirale midler, baloxavirmarboxil","andre antivirale midler, baloxavirmarboxil","other antiviral agents, baloxavir marboxil",raw_atc_enhanced_hierarchical,medium,danish,HEA_atc_J05AX,chemical_substance
HEA_atc_D06AX07,HEA,atc,D06AX07,"andre antibiotika til udvortes brug, gentamicin","andre antibiotika til udvortes brug, gentamicin","other antibiotics for topical use, gentamicin",raw_atc_enhanced_hierarchical,medium,danish,HEA_atc_D06AX,chemical_substance
HEA_atc_S01EE51,HEA,atc,S01EE51,"prostaglandin-analoger, latanoprost og netarsudil","prostaglandin-analoger, latanoprost og netarsudil","prostaglandin analogs, latanoprost and netarsudil",raw_atc_enhanced_hierarchical,medium,danish,HEA_atc_S01EE,chemical_substance
HEA_atc_J07BX04,HEA,atc,J07BX04,"andre virale vacciner, denguefeber vacciner","andre virale vacciner, denguefeber vacciner","other viral vaccines, dengue fever vaccines",raw_atc_enhanced_hierarchical,medium,danish,HEA_atc_J07BX,chemical_substance
HEA_atc_D11AA01,HEA,atc,D11AA01,"antihidrotica, glycopyrronium","antihidrotica, glycopyrronium","anticholinergic, glycopyrronium",raw_atc_enhanced_hierarchical,medium,danish,HEA_atc_D11AA,chemical_substance
HEA_atc_R06AA59,HEA,atc,R06AA59,"aminoalkyl-ethere, doxylamin, kombinationer","aminoalkyl-ethere, doxylamin, kombinationer","aminoalkyl-ethere, doxylamin, kombinationer",raw_atc_enhanced_hierarchical,medium,danish,HEA_atc_R06AA,chemical_substance
HEA_atc_N07BA04,HEA,atc,N07BA04,"midler mod nicotinafhængighed, cytisiniclin","midler mod nicotinafhængighed, cytisiniclin","nicotine dependence therapies, cytisinicline",raw_atc_enhanced_hierarchical,medium,danish,HEA_atc_N07BA,chemical_substance
HEA_atc_D02AE,HEA,atc,D02AE,"carbamidpræparater, carbamidpræparater","carbamidpræparater, carbamidpræparater","carbamate preparations, carbamate preparations",raw_atc_enhanced_hierarchical,medium,danish,HEA_atc_D02A,chemical_subgroup
HEA_atc_J07BX05,HEA,atc,J07BX05,"andre virale vacciner, respiratorisk syncytialvirus-vacciner","andre virale vacciner, respiratorisk syncytialvirus-vacciner","other viral vaccines, respiratory syncytial virus vaccines",raw_atc_enhanced_hierarchical,medium,danish,HEA_atc_J07BX,chemical_substance
HEA_atc_N02AB72,HEA,atc,N02AB72,"phenylpiperidin-derivater, pethidin, kombinationer med psykoleptika","phenylpiperidin-derivater, pethidin, kombinationer med psykoleptika","phenylpiperidine derivatives, pethidine, combinations with psychotropic agents",raw_atc_enhanced_hierarchical,medium,danish,HEA_atc_N02AB,chemical_substance
HEA_atc_S01AX18,HEA,atc,S01AX18,"andre antiinfektiva, povidon-iod","andre antiinfektiva, povidon-iod","other antiseptics, polyvinylpyrrolidone iodine",raw_atc_enhanced_hierarchical,medium,danish,HEA_atc_S01AX,chemical_substance
HEA_atc_J07AE02,HEA,atc,J07AE02,"cholera vacciner, cholera, levende attenueret","cholera vacciner, cholera, levende attenueret","cholera vacciner, cholera, levende attenueret",raw_atc_enhanced_hierarchical,medium,danish,HEA_atc_J07AE,chemical_substance
HEA_atc_B05XA14,HEA,atc,B05XA14,"elektrolyt-opløsninger, natriumglycerophosphat","elektrolyt-opløsninger, natriumglycerophosphat","electrolyte solutions, sodium glycerophosphate",raw_atc_enhanced_hierarchical,medium,danish,HEA_atc_B05XA,chemical_substance
HEA_atc_R03DX05,HEA,atc,R03DX05,"andre systemiske midler mod obstruktiv lungesygdom, omalizumab","andre systemiske midler mod obstruktiv lungesygdom, omalizumab","other systemic drugs for obstructive lung disease, omalizumab",raw_atc_enhanced_hierarchical,medium,danish,HEA_atc_R03DX,chemical_substance
HEA_atc_L04AG04,HEA,atc,L04AG04,"monoklonale antistoffer, belimumab","monoklonale antistoffer, belimumab","monoklonale antistoffer, belimumab",raw_atc_enhanced_hierarchical,medium,danish,HEA_atc_L04AG,chemical_substance
HEA_atc_N02CD02,HEA,atc,N02CD02,"calcitoningenrelaterede peptid (CGRP) antagonister, galcanezumab","calcitoningenrelaterede peptid (CGRP) antagonister, galcanezumab","calcitoningenrelaterede peptid (CGRP) antagonister, galcanezumab",raw_atc_enhanced_hierarchical,medium,danish,HEA_atc_N02CD,chemical_substance
HEA_atc_B01AD02,HEA,atc,B01AD02,"enzymer, alteplase","enzymer, alteplase","enzymer, alteplase",raw_atc_enhanced_hierarchical,medium,danish,HEA_atc_B01AD,chemical_substance
HEA_atc_N02CD03,HEA,atc,N02CD03,"calcitoningenrelaterede peptid (CGRP) antagonister, fremanezumab","calcitoningenrelaterede peptid (CGRP) antagonister, fremanezumab","calcitoningenrelaterede peptid (CGRP) antagonister, fremanezumab",raw_atc_enhanced_hierarchical,medium,danish,HEA_atc_N02CD,chemical_substance
HEA_atc_A12BA30,HEA,atc,A12BA30,"kalium, kalium (forskellige salte i kombination)","kalium, kalium (forskellige salte i kombination)","potassium, potassium (various salts in combination)",raw_atc_enhanced_hierarchical,medium,danish,HEA_atc_A12BA,chemical_substance
HEA_atc_A11JA,HEA,atc,A11JA,"kombinationer af vitaminer, kombinationer af vitaminer","kombinationer af vitaminer, kombinationer af vitaminer","vitamin combinations, vitamin combinations",raw_atc_enhanced_hierarchical,medium,danish,HEA_atc_A11J,chemical_subgroup
HEA_atc_S01AA27,HEA,atc,S01AA27,"antibiotika, cefuroxim","antibiotika, cefuroxim","antibiotika, cefuroxim",raw_atc_enhanced_hierarchical,medium,danish,HEA_atc_S01AA,chemical_substance
HEA_atc_L04AF03,HEA,atc,L04AF03,"janus associerede kinase (JAK) hæmmere, upadacitinib","janus associerede kinase (JAK) hæmmere, upadacitinib","Janus-associated kinase (JAK) inhibitors, upadacitinib",raw_atc_enhanced_hierarchical,medium,danish,HEA_atc_L04AF,chemical_substance
