code,prefix,database,value,description,description_da,description_da_alt,description_da_full,description_en,description_en_official,description_en_official_source,description_en_source,source,confidence,language,parent_code,hierarchy_level,n_occurrences,n_people,pct_people
LAB_disco_419000,LAB,disco,419000,"Kartoteksarbejde og andre specialopgaver, ekskl. kundebetjening","Kartoteksarbejde og andre specialopgaver, ekskl. kundebetjening",,,Other office clerks,Other office clerks,isco88,isco88,CSV:LAB_disco_from_raw_hierarchical,medium,danish,LAB_disco_410000,minor_group,2838715,408976,0.045297
LAB_disco_400000,LAB,disco,400000,Kontorarbejde,Kontorarbejde,,,Clerks,Clerks,isco88,isco88,CSV:LAB_disco_from_raw_hierarchical,medium,danish,,major_group,2762473,417243,0.046213
LAB_disco_411500,LAB,disco,411500,Alment kontor- og sekretærarbejde,Alment kontor- og sekretærarbejde,,,Secretaries,Secretaries,isco88,isco88,CSV:LAB_disco_from_raw_hierarchical,medium,danish,LAB_disco_411000,unit_group,3925976,381914,0.0423
LAB_disco_827100,LAB,disco,827100,"Industrislagtning, maskinel behandling af råvarer inden for fiskeindustri mv.","Industrislagtning, maskinel behandling af råvarer inden for fiskeindustri mv.",,,Meat- and fish-processing-machine operators,Meat- and fish-processing-machine operators,isco88,isco88,CSV:LAB_disco_from_raw_hierarchical,medium,danish,LAB_disco_827000,unit_group,689631,87448,0.009686
LAB_disco_827000,LAB,disco,827000,Betjening af maskiner inden for nærings- og nydelsesmiddelindustri,Betjening af maskiner inden for nærings- og nydelsesmiddelindustri,,,Food and related products machine operators,Food and related products machine operators,isco88,isco88,CSV:LAB_disco_from_raw_hierarchical,medium,danish,LAB_disco_820000,minor_group,151163,37381,0.00414
LAB_disco_827110,LAB,disco,827110,"Industrielt slagteriarbejde, behandling af råvarer (ekskl. fjerkræ)","Industrielt slagteriarbejde, behandling af råvarer (ekskl. fjerkræ)",,,Meat- and fish-processing-machine operators,Meat- and fish-processing-machine operators,isco88,isco88,CSV:LAB_disco_from_raw_hierarchical,medium,danish,LAB_disco_827100,detail,165026,23986,0.002657
LAB_disco_221300,LAB,disco,221300,"Arbejde inden for planteavl og husdyravl, herunder agronom- og konsulentarbejde","Arbejde inden for planteavl og husdyravl, herunder agronom- og konsulentarbejde",,,Agronomists and related professionals,Agronomists and related professionals,isco88,isco88,CSV:LAB_disco_from_raw_hierarchical,medium,danish,LAB_disco_221000,unit_group,83193,7362,0.000815
LAB_disco_200000,LAB,disco,200000,Arbejde der forudsætter viden på højeste niveau inden for område,Arbejde der forudsætter viden på højeste niveau inden for område,,,Professionals,Professionals,isco88,isco88,CSV:LAB_disco_from_raw_hierarchical,medium,danish,,major_group,612113,128678,0.014252
LAB_disco_232000,LAB,disco,232000,Undervisning på gymnasier og erhvervsskoler,Undervisning på gymnasier og erhvervsskoler,,,Secondary education teaching professionals,Secondary education teaching professionals,isco88,isco88,CSV:LAB_disco_from_raw_hierarchical,medium,danish,LAB_disco_230000,minor_group,502336,55287,0.006123
LAB_disco_913200,LAB,disco,913200,"Rengøring, køkkenhjælp mv. (ikke private hjem)","Rengøring, køkkenhjælp mv. (ikke private hjem)",,,"Helpers and cleaners in offices, hotels and other establishments","Helpers and cleaners in offices, hotels and other establishments",isco88,isco88,CSV:LAB_disco_from_raw_hierarchical,medium,danish,LAB_disco_913000,unit_group,3307149,463459,0.051332
LAB_disco_913210,LAB,disco,913210,Rengøring af kontorer og beboelsesområder,Rengøring af kontorer og beboelsesområder,,,"Helpers and cleaners in offices, hotels and other establishments","Helpers and cleaners in offices, hotels and other establishments",isco88,isco88,CSV:LAB_disco_from_raw_hierarchical,medium,danish,LAB_disco_913200,detail,452737,100715,0.011155
LAB_disco_724000,LAB,disco,724000,Elektro? og elektronikmekanikerarbejde mv.,Elektro? og elektronikmekanikerarbejde mv.,,,Electrical and electronic equipment mechanics and fitters,Electrical and electronic equipment mechanics and fitters,isco88,isco88,CSV:LAB_disco_from_raw_hierarchical,medium,danish,LAB_disco_720000,minor_group,331660,41430,0.004589
LAB_disco_700000,LAB,disco,700000,Håndværkspræget arbejde,Håndværkspræget arbejde,,,Craft and Related Trades Workers,Craft and Related Trades Workers,isco88,isco88,CSV:LAB_disco_from_raw_hierarchical,medium,danish,,major_group,1489795,261491,0.028962
LAB_disco_713700,LAB,disco,713700,Elektrikerarbejde,Elektrikerarbejde,,,Electrician work,Building and related electricians,isco88,translated,CSV:LAB_disco_from_raw_hierarchical,medium,danish,LAB_disco_713000,unit_group,793140,68717,0.007611
LAB_disco_712400,LAB,disco,712400,Arbejde med isolering af bygninger,Arbejde med isolering af bygninger,,,Work involving building insulation,Insulation Workers,isco08-crosswalk,translated,CSV:LAB_disco_from_raw,medium,danish,LAB_disco_712000,unit_group,1570695,132675,0.014695
LAB_disco_121000,LAB,disco,121000,Ledelse omfattende virksomheden som helhed i virksomhed med mindst 10 beskæftigede,Ledelse omfattende virksomheden som helhed i virksomhed med mindst 10 beskæftigede,,,Directors and chief executives,Directors and chief executives,isco88,isco88,CSV:LAB_disco_from_raw_hierarchical,medium,danish,LAB_disco_120000,minor_group,412680,40699,0.004508
LAB_disco_123100,LAB,disco,123100,Arbejde vedr. administration og finansiering i ikke-finansielle virksomheder i virksomhed med mindst 10 beskæftigede,Arbejde vedr. administration og finansiering i ikke-finansielle virksomheder i virksomhed med mindst 10 beskæftigede,,,Finance and administration managers,Finance and administration managers,isco88,isco88,CSV:LAB_disco_from_raw_hierarchical,medium,danish,LAB_disco_123000,unit_group,268060,30058,0.003329
LAB_disco_121020,LAB,disco,121020,Tværgående direktører i virksomhed med mindst 10 beskæftigede,Tværgående direktører i virksomhed med mindst 10 beskæftigede,,,Directors and chief executives,Directors and chief executives,isco88,isco88,CSV:LAB_disco_from_raw_hierarchical,medium,danish,LAB_disco_121000,detail,39916,7010,0.000776
LAB_disco_612100,LAB,disco,612100,"Arbejde med opdræt af husdyr, ekskl. fjerkræ","Arbejde med opdræt af husdyr, ekskl. fjerkræ",,,"Work related to livestock farming, excluding poultry",Livestock and Dairy Producers,isco08-crosswalk,translated,CSV:LAB_disco_from_raw,medium,danish,LAB_disco_612000,unit_group,156393,18006,0.001994
LAB_disco_613000,LAB,disco,613000,Arbejde med dyrkning af plantevækst og opdræt af dyr,Arbejde med dyrkning af plantevækst og opdræt af dyr,,,Work related to crop cultivation and animal husbandry,Mixed Crop and Animal Producers,isco08-crosswalk,translated,CSV:LAB_disco_from_raw,medium,danish,LAB_disco_610000,minor_group,1361400,136951,0.015168
LAB_disco_011000,LAB,disco,011000,Militær/civilforsvar,Militær/civilforsvar,,,Armed Forces,Armed Forces,isco88,isco88,CSV:LAB_disco_from_raw_hierarchical,medium,danish,LAB_disco_010000,minor_group,1044255,154049,0.017062
LAB_disco_341500,LAB,disco,341500,Salgsarbejde,Salgsarbejde,,,Technical and commercial sales representatives,Technical and commercial sales representatives,isco88,isco88,CSV:LAB_disco_from_raw_hierarchical,medium,danish,LAB_disco_341000,unit_group,1050478,119477,0.013233
LAB_disco_241100,LAB,disco,241100,Revisions- og regnskabscontrollerarbejde,Revisions- og regnskabscontrollerarbejde,,,Auditing and accounting control work,Accountants,isco08-crosswalk,translated,CSV:LAB_disco_from_raw,medium,danish,LAB_disco_241000,unit_group,503732,45293,0.005017
LAB_disco_130000,LAB,disco,130000,Ledelse af virksomhed med færre end 10 beskæftigede,Ledelse af virksomhed med færre end 10 beskæftigede,,,Managers of small enterprises,Managers of small enterprises,isco88,isco88,CSV:LAB_disco_from_raw_hierarchical,medium,danish,LAB_disco_100000,sub_major_group,24260,6299,0.000698
LAB_disco_832210,LAB,disco,832210,Hyrevogns- og privatchaufførarbejde eller tilsvarende chaufførarbejde,Hyrevogns- og privatchaufførarbejde eller tilsvarende chaufførarbejde,,,Taxi driving and private chauffeur work or equivalent driver work,"Car, Taxi and Van Drivers",isco08-crosswalk,translated,CSV:LAB_disco_from_raw,medium,danish,LAB_disco_832200,detail,28948,6796,0.000753
LAB_disco_131700,LAB,disco,131700,Ledelse af hovedaktiviteten i virksomheder inden for forretningsservice i virksomhed med færre end 10 beskæftigede,Ledelse af hovedaktiviteten i virksomheder inden for forretningsservice i virksomhed med færre end 10 beskæftigede,,,Managers of small enterprises in business services enterprises,Managers of small enterprises in business services enterprises,isco88,isco88,CSV:LAB_disco_from_raw_hierarchical,medium,danish,LAB_disco_131000,unit_group,460139,88534,0.009806
LAB_disco_315200,LAB,disco,315200,Skibsførerarbejde,Skibsførerarbejde,,,Ship driving work,Ships’ Deck Officers and Pilots,isco08-crosswalk,translated,CSV:LAB_disco_from_raw,medium,danish,LAB_disco_315000,unit_group,66304,9174,0.001016
LAB_disco_123200,LAB,disco,123200,Personaleledelse i virksomhed med mindst 10 beskæftigede,Personaleledelse i virksomhed med mindst 10 beskæftigede,,,Personnel and industrial relations managers,Personnel and industrial relations managers,isco88,isco88,CSV:LAB_disco_from_raw_hierarchical,medium,danish,LAB_disco_123000,unit_group,38826,5669,0.000628
LAB_disco_821100,LAB,disco,821100,Monteringsarbejde af mekaniske maskiner,Monteringsarbejde af mekaniske maskiner,,,Mechanical machinery assembly work,Mechanical Machinery Assemblers,isco08-crosswalk,translated,CSV:LAB_disco_from_raw,medium,danish,LAB_disco_821000,unit_group,353663,48778,0.005403
LAB_disco_900000,LAB,disco,900000,Andet arbejde,Andet arbejde,,,Elementary Occupations,Elementary Occupations,isco88,isco88,CSV:LAB_disco_from_raw_hierarchical,medium,danish,,major_group,4440617,566307,0.062723
LAB_disco_826300,LAB,disco,826300,Betjening af symaskiner,Betjening af symaskiner,,,Sewing-machine operators,Sewing-machine operators,isco88,isco88,CSV:LAB_disco_from_raw_hierarchical,medium,danish,LAB_disco_826000,unit_group,406642,38664,0.004282
LAB_disco_913300,LAB,disco,913300,Vaskeri- og renseriarbejde,Vaskeri- og renseriarbejde,,,Hand-launderers and pressers,Hand-launderers and pressers,isco88,isco88,CSV:LAB_disco_from_raw_hierarchical,medium,danish,LAB_disco_913000,unit_group,114483,16917,0.001874
LAB_disco_734500,LAB,disco,734500,Håndbogbinding,Håndbogbinding,,,Bookbinders and related workers,Bookbinders and related workers,isco88,isco88,CSV:LAB_disco_from_raw_hierarchical,medium,danish,LAB_disco_734000,unit_group,30967,2710,0.0003
LAB_disco_914100,LAB,disco,914100,Ejendomsservice og pedelarbejde,Ejendomsservice og pedelarbejde,,,Building caretakers,Building caretakers,isco88,isco88,CSV:LAB_disco_from_raw_hierarchical,medium,danish,LAB_disco_914000,unit_group,614019,78456,0.00869
LAB_disco_931200,LAB,disco,931200,Anlægsarbejde,Anlægsarbejde,,,"Construction and maintenance labourers: roads, dams and similar constructions","Construction and maintenance labourers: roads, dams and similar constructions",isco88,isco88,CSV:LAB_disco_from_raw_hierarchical,medium,danish,LAB_disco_931000,unit_group,718209,92702,0.010268
LAB_disco_734000,LAB,disco,734000,"Formfremstilling, håndbogbinding og serigrafi","Formfremstilling, håndbogbinding og serigrafi",,,Craft printing and related trades workers,Craft printing and related trades workers,isco88,isco88,CSV:LAB_disco_from_raw_hierarchical,medium,danish,LAB_disco_730000,minor_group,142388,20655,0.002288
LAB_disco_414200,LAB,disco,414200,Postarbejde,Postarbejde,,,Mail carriers and sorting clerks,Mail carriers and sorting clerks,isco88,isco88,CSV:LAB_disco_from_raw_hierarchical,medium,danish,LAB_disco_414000,unit_group,907977,120363,0.013331
LAB_disco_233100,LAB,disco,233100,"Undervisning på folkeskoleniveau, ekskl. børnehaveklasse","Undervisning på folkeskoleniveau, ekskl. børnehaveklasse",,,Primary education teaching professionals,Primary education teaching professionals,isco88,isco88,CSV:LAB_disco_from_raw_hierarchical,medium,danish,LAB_disco_233000,unit_group,2181506,176846,0.019587
LAB_disco_233110,LAB,disco,233110,"Undervisning i folkeskoler, ekskl. børnehaveklasse","Undervisning i folkeskoler, ekskl. børnehaveklasse",,,Primary education teaching professionals,Primary education teaching professionals,isco88,isco88,CSV:LAB_disco_from_raw_hierarchical,medium,danish,LAB_disco_233100,detail,960581,115525,0.012795
LAB_disco_231000,LAB,disco,231000,"Undervisning på universiteter mm., herunder undervisning med forskningspligt","Undervisning på universiteter mm., herunder undervisning med forskningspligt",,,"College, university and higher education teaching professionals","College, university and higher education teaching professionals",isco88,isco88,CSV:LAB_disco_from_raw_hierarchical,medium,danish,LAB_disco_230000,minor_group,401198,54609,0.006048
LAB_disco_230000,LAB,disco,230000,"Undervisning i folkeskoler, erhvervsskoler, gymnasier samt højere læreanstalter, forskningstilrettelæggelse og kontrol af undervisningsarbejde","Undervisning i folkeskoler, erhvervsskoler, gymnasier samt højere læreanstalter, forskningstilrettelæggelse og kontrol af undervisningsarbejde",,,Teaching professionals,Teaching professionals,isco88,isco88,CSV:LAB_disco_from_raw_hierarchical,medium,danish,LAB_disco_200000,sub_major_group,520023,100510,0.011132
LAB_disco_332000,LAB,disco,332000,Pædagogisk arbejde med børn under den undervisningspligtige alder,Pædagogisk arbejde med børn under den undervisningspligtige alder,,,Pre-primary education teaching associate professionals,Pre-primary education teaching associate professionals,isco88,isco88,CSV:LAB_disco_from_raw_hierarchical,medium,danish,LAB_disco_330000,minor_group,2064231,160621,0.01779
LAB_disco_131400,LAB,disco,131400,Ledelse af salget i engros- og detailhandelsvirksomhed i virksomhed med færre end 10 beskæftigede,Ledelse af salget i engros- og detailhandelsvirksomhed i virksomhed med færre end 10 beskæftigede,,,Managers of small enterprises in wholesale and retail trade,Managers of small enterprises in wholesale and retail trade,isco88,isco88,CSV:LAB_disco_from_raw_hierarchical,medium,danish,LAB_disco_131000,unit_group,906289,141953,0.015722
LAB_disco_800000,LAB,disco,800000,Proces- og maskinoperatørarbejde samt transport- og anlægsarbejde,Proces- og maskinoperatørarbejde samt transport- og anlægsarbejde,,,Plant and Machine Operators and Assemblers,Plant and Machine Operators and Assemblers,isco88,isco88,CSV:LAB_disco_from_raw_hierarchical,medium,danish,,major_group,614857,134515,0.014899
LAB_disco_513200,LAB,disco,513200,Bartenderarbejde,Bartenderarbejde,,,Bartending work,Bartenders,isco08-crosswalk,translated,CSV:LAB_disco_from_raw,medium,danish,LAB_disco_513000,unit_group,2928507,335887,0.037202
LAB_disco_322000,LAB,disco,322000,"Assistentarbejde inden for sundhedssektoren, ekskl. sygeplejearbejde","Assistentarbejde inden for sundhedssektoren, ekskl. sygeplejearbejde",,,Health associate professionals (except nursing),Health associate professionals (except nursing),isco88,isco88,CSV:LAB_disco_from_raw_hierarchical,medium,danish,LAB_disco_320000,minor_group,87622,13518,0.001497
LAB_disco_513000,LAB,disco,513000,Omsorgsarbejde,Omsorgsarbejde,,,Personal care and related workers,Personal care and related workers,isco88,isco88,CSV:LAB_disco_from_raw_hierarchical,medium,danish,LAB_disco_510000,minor_group,472989,114837,0.012719
LAB_disco_910000,LAB,disco,910000,"Rengørings- og renovationsarbejde, bud- og vagttjeneste, telefon- og dørsalg m.v.","Rengørings- og renovationsarbejde, bud- og vagttjeneste, telefon- og dørsalg m.v.",,,Sales and services elementary occupations,Sales and services elementary occupations,isco88,isco88,CSV:LAB_disco_from_raw_hierarchical,medium,danish,LAB_disco_900000,sub_major_group,130709,35903,0.003977
LAB_disco_915100,LAB,disco,915100,"Bude, dragere o.l.","Bude, dragere o.l.",,,"Messengers, package and luggage porters and deliverers","Messengers, package and luggage porters and deliverers",isco88,isco88,CSV:LAB_disco_from_raw_hierarchical,medium,danish,LAB_disco_915000,unit_group,303172,87943,0.00974
LAB_disco_721400,LAB,disco,721400,Stålkonstruktionsarbejde,Stålkonstruktionsarbejde,,,Steel construction work,Structural Metal Preparers and Erectors,isco08-crosswalk,translated,CSV:LAB_disco_from_raw,medium,danish,LAB_disco_721000,unit_group,222584,27834,0.003083
LAB_disco_722200,LAB,disco,722200,Værktøjsmagerarbejde,Værktøjsmagerarbejde,,,Toolmaking work,Toolmakers and Related Workers,isco08-crosswalk,translated,CSV:LAB_disco_from_raw,medium,danish,LAB_disco_722000,unit_group,462266,47703,0.005283
LAB_disco_832310,LAB,disco,832310,"Buschauffører, national rutefart","Buschauffører, national rutefart",,,Bus and tram drivers,Bus and tram drivers,isco88,isco88,CSV:LAB_disco_from_raw_hierarchical,medium,danish,LAB_disco_832300,detail,116588,18108,0.002006
LAB_disco_511200,LAB,disco,511200,Kontrolarbejde under rejser,Kontrolarbejde under rejser,,,Control work during travels,Transport Conductors,isco08-crosswalk,translated,CSV:LAB_disco_from_raw,medium,danish,LAB_disco_511000,unit_group,89336,8885,0.000984
LAB_disco_832300,LAB,disco,832300,Buschauffører,Buschauffører,,,Bus and tram drivers,Bus and tram drivers,isco88,isco88,CSV:LAB_disco_from_raw_hierarchical,medium,danish,LAB_disco_832000,unit_group,134191,22655,0.002509
LAB_disco_413300,LAB,disco,413300,Transporttilrettelæggelse,Transporttilrettelæggelse,,,Transport clerks,Transport clerks,isco88,isco88,CSV:LAB_disco_from_raw_hierarchical,medium,danish,LAB_disco_413000,unit_group,138284,18956,0.0021
LAB_disco_913000,LAB,disco,913000,Rengørings- og køkkenhjælpsarbejde,Rengørings- og køkkenhjælpsarbejde,,,"Domestic and related helpers, cleaners and launderers","Domestic and related helpers, cleaners and launderers",isco88,isco88,CSV:LAB_disco_from_raw_hierarchical,medium,danish,LAB_disco_910000,minor_group,67084,17142,0.001899
LAB_disco_413100,LAB,disco,413100,Tekstbehandlingsarbejde,Tekstbehandlingsarbejde,,,Text processing work,Typists and Word Processing Operators,isco08-crosswalk,translated,CSV:LAB_disco_from_raw,medium,danish,LAB_disco_413000,unit_group,693163,136917,0.015165
LAB_disco_334000,LAB,disco,334000,Undervisnings- og pædagogisk arbejde i øvrigt,Undervisnings- og pædagogisk arbejde i øvrigt,,,Other teaching associate professionals,Other teaching associate professionals,isco88,isco88,CSV:LAB_disco_from_raw_hierarchical,medium,danish,LAB_disco_330000,minor_group,288974,55502,0.006147
LAB_disco_334020,LAB,disco,334020,Køreteknisk undervisningsarbejde o.l.,Køreteknisk undervisningsarbejde o.l.,,,Other teaching associate professionals,Other teaching associate professionals,isco88,isco88,CSV:LAB_disco_from_raw_hierarchical,medium,danish,LAB_disco_334000,detail,5239,1402,0.000155
LAB_disco_833400,LAB,disco,833400,Truckførere,Truckførere,,,Lifting-truck operators,Lifting-truck operators,isco88,isco88,CSV:LAB_disco_from_raw_hierarchical,medium,danish,LAB_disco_833000,unit_group,230923,31479,0.003487
LAB_disco_832000,LAB,disco,832000,Chaufførarbejde,Chaufførarbejde,,,Motor vehicle drivers,Motor vehicle drivers,isco88,isco88,CSV:LAB_disco_from_raw_hierarchical,medium,danish,LAB_disco_830000,minor_group,811212,69244,0.007669
LAB_disco_921100,LAB,disco,921100,Manuelt arbejde inden for agerbrug,Manuelt arbejde inden for agerbrug,,,Manual work within arable farming,Crop Farm Labourers,isco08-crosswalk,translated,CSV:LAB_disco_from_raw,medium,danish,LAB_disco_921000,unit_group,537538,63156,0.006995
LAB_disco_343920,LAB,disco,343920,Administrativ arbejdstilrettelæggelse og personaleledelse,Administrativ arbejdstilrettelæggelse og personaleledelse,,,Administrative associate professionals,Administrative associate professionals,isco88,isco88,CSV:LAB_disco_from_raw_hierarchical,medium,danish,LAB_disco_343900,detail,269015,44740,0.004955
LAB_disco_822900,LAB,disco,822900,Betjening af maskiner ved andet kemisk arbejde,Betjening af maskiner ved andet kemisk arbejde,,,Chemical-products machine operators not elsewhere classified,Chemical-products machine operators not elsewhere classified,isco88,isco88,CSV:LAB_disco_from_raw_hierarchical,medium,danish,LAB_disco_822000,unit_group,23783,3621,0.000401
LAB_disco_713400,LAB,disco,713400,Isoleringsarbejde,Isoleringsarbejde,,,Insulation workers,Insulation workers,isco88,isco88,CSV:LAB_disco_from_raw_hierarchical,medium,danish,LAB_disco_713000,unit_group,50396,5194,0.000575
LAB_disco_512200,LAB,disco,512200,"Tilberedning af måltider, fx kok og køkkenleder","Tilberedning af måltider, fx kok og køkkenleder",,,Cooks,Cooks,isco88,isco88,CSV:LAB_disco_from_raw_hierarchical,medium,danish,LAB_disco_512000,unit_group,1053363,133297,0.014764
LAB_disco_832200,LAB,disco,832200,Hyre- og varevognschauffører,Hyre- og varevognschauffører,,,"Car, taxi and van drivers","Car, taxi and van drivers",isco88,isco88,CSV:LAB_disco_from_raw_hierarchical,medium,danish,LAB_disco_832000,unit_group,184392,23591,0.002613
LAB_disco_512000,LAB,disco,512000,Kokkearbejde (ekskl. køkkenchefarbejde),Kokkearbejde (ekskl. køkkenchefarbejde),,,Cooking work (excluding head chef work),Cooks,isco08-crosswalk,translated,CSV:LAB_disco_from_raw,medium,danish,LAB_disco_510000,minor_group,184097,39594,0.004385
LAB_disco_513120,LAB,disco,513120,Pædagogisk medhjælp i institutioner,Pædagogisk medhjælp i institutioner,,,Child-care workers,Child-care workers,isco88,isco88,CSV:LAB_disco_from_raw_hierarchical,medium,danish,LAB_disco_513100,detail,838171,184407,0.020425
LAB_disco_321100,LAB,disco,321100,Teknikerarbejde inden for brug af medicinsk røntgen- og behandlingsudstyr,Teknikerarbejde inden for brug af medicinsk røntgen- og behandlingsudstyr,,,Technical work related to the use of medical X-ray and treatment equipment,Medical Imaging and Therapeutic Equipment Technicians,isco08-crosswalk,translated,CSV:LAB_disco_from_raw,medium,danish,LAB_disco_321000,unit_group,239357,19945,0.002209
LAB_disco_311100,LAB,disco,311100,"Teknikerarbejde inden for fysik, kemi, geologi mv.","Teknikerarbejde inden for fysik, kemi, geologi mv.",,,Chemical and physical science technicians,Chemical and physical science technicians,isco88,isco88,CSV:LAB_disco_from_raw_hierarchical,medium,danish,LAB_disco_311000,unit_group,212320,23639,0.002618
LAB_disco_823200,LAB,disco,823200,Betjening af maskiner inden for plastindustri,Betjening af maskiner inden for plastindustri,,,Plastic-products machine operators,Plastic-products machine operators,isco88,isco88,CSV:LAB_disco_from_raw_hierarchical,medium,danish,LAB_disco_823000,unit_group,134734,23606,0.002615
LAB_disco_914111,LAB,disco,914111,Ejendomsserviceassistentarbejde,Ejendomsserviceassistentarbejde,,,Building caretakers,Building caretakers,isco88,isco88,CSV:LAB_disco_from_raw_hierarchical,medium,danish,LAB_disco_914100,detail,38528,8140,0.000902
LAB_disco_913240,LAB,disco,913240,Medhjælp i køkken,Medhjælp i køkken,,,"Helpers and cleaners in offices, hotels and other establishments","Helpers and cleaners in offices, hotels and other establishments",isco88,isco88,CSV:LAB_disco_from_raw_hierarchical,medium,danish,LAB_disco_913200,detail,187976,49445,0.005476
LAB_disco_828400,LAB,disco,828400,"Monterings- og samlebåndsarbejde inden for metal-, gummi- og plastproduktion","Monterings- og samlebåndsarbejde inden for metal-, gummi- og plastproduktion",,,"Metal-, rubber- and plastic-products assemblers","Metal-, rubber- and plastic-products assemblers",isco88,isco88,CSV:LAB_disco_from_raw_hierarchical,medium,danish,LAB_disco_828000,unit_group,305279,45005,0.004985
LAB_disco_827140,LAB,disco,827140,"Færdigvareproduktion, kød-, fjerkræ- og fiskeprodukter","Færdigvareproduktion, kød-, fjerkræ- og fiskeprodukter",,,Meat- and fish-processing-machine operators,Meat- and fish-processing-machine operators,isco88,isco88,CSV:LAB_disco_from_raw_hierarchical,medium,danish,LAB_disco_827100,detail,37142,7446,0.000825
LAB_disco_131500,LAB,disco,131500,Ledelse af hovedaktiviteten i hotel- og restaurationsvirksomhed i virksomhed med færre end 10 beskæftigede,Ledelse af hovedaktiviteten i hotel- og restaurationsvirksomhed i virksomhed med færre end 10 beskæftigede,,,Managers of small enterprises of restaurants and hotels,Managers of small enterprises of restaurants and hotels,isco88,isco88,CSV:LAB_disco_from_raw_hierarchical,medium,danish,LAB_disco_131000,unit_group,212585,34911,0.003867
LAB_disco_244400,LAB,disco,244400,Arbejde inden for sprogvidenskab,Arbejde inden for sprogvidenskab,,,"Philologists, translators and interpreters","Philologists, translators and interpreters",isco88,isco88,CSV:LAB_disco_from_raw_hierarchical,medium,danish,LAB_disco_244000,unit_group,70524,11539,0.001278
LAB_disco_122500,LAB,disco,122500,Ledelse af hovedaktiviteten i hotel- og restaurationsvirksomhed i virksomhed med mindst 10 beskæftigede,Ledelse af hovedaktiviteten i hotel- og restaurationsvirksomhed i virksomhed med mindst 10 beskæftigede,,,Production and operations managers in restaurants and hotels,Production and operations managers in restaurants and hotels,isco88,isco88,CSV:LAB_disco_from_raw_hierarchical,medium,danish,LAB_disco_122000,unit_group,33055,9748,0.00108
LAB_disco_827120,LAB,disco,827120,"Fjerkræslagteriarbejde, behandling af råvarer","Fjerkræslagteriarbejde, behandling af råvarer",,,Meat- and fish-processing-machine operators,Meat- and fish-processing-machine operators,isco88,isco88,CSV:LAB_disco_from_raw_hierarchical,medium,danish,LAB_disco_827100,detail,25452,5805,0.000643
LAB_disco_513300,LAB,disco,513300,Social- og sundhedspersonale i private hjem,Social- og sundhedspersonale i private hjem,,,Home-based personal care workers,Home-based personal care workers,isco88,isco88,CSV:LAB_disco_from_raw_hierarchical,medium,danish,LAB_disco_513000,unit_group,2387347,277196,0.030702
LAB_disco_121010,LAB,disco,121010,"Øverste ledelsesniveau, administrerende direktører eller tilsvarende i virksomhed med mindst 10 beskæftigede","Øverste ledelsesniveau, administrerende direktører eller tilsvarende i virksomhed med mindst 10 beskæftigede",,,Directors and chief executives,Directors and chief executives,isco88,isco88,CSV:LAB_disco_from_raw_hierarchical,medium,danish,LAB_disco_121000,detail,127891,20469,0.002267
LAB_disco_122400,LAB,disco,122400,Ledelse af salget i engros- og detailhandelsvirksomhed i virksomhed med mindst 10 beskæftigede,Ledelse af salget i engros- og detailhandelsvirksomhed i virksomhed med mindst 10 beskæftigede,,,Production and operations managers in wholesale and retail trade,Production and operations managers in wholesale and retail trade,isco88,isco88,CSV:LAB_disco_from_raw_hierarchical,medium,danish,LAB_disco_122000,unit_group,280773,70643,0.007824
LAB_disco_933010,LAB,disco,933010,Lager- og pakhusarbejde,Lager- og pakhusarbejde,,,Transport labourers and freight handlers,Transport labourers and freight handlers,isco88,isco88,CSV:LAB_disco_from_raw_hierarchical,medium,danish,LAB_disco_933000,detail,599281,146340,0.016208
LAB_disco_213900,LAB,disco,213900,"Andet IT-arbejde på teknisk højt niveau, herunder rådgivning om implementering og vedligeholdelse af software og hardware","Andet IT-arbejde på teknisk højt niveau, herunder rådgivning om implementering og vedligeholdelse af software og hardware",,,Computing professionals not elsewhere classified,Computing professionals not elsewhere classified,isco88,isco88,CSV:LAB_disco_from_raw_hierarchical,medium,danish,LAB_disco_213000,unit_group,357537,53225,0.005895
LAB_disco_826000,LAB,disco,826000,"Betjening af maskiner inden for tekstil-, skind- og læderindustri","Betjening af maskiner inden for tekstil-, skind- og læderindustri",,,"Textile-, fur- and leather-products machine operators","Textile-, fur- and leather-products machine operators",isco88,isco88,CSV:LAB_disco_from_raw_hierarchical,medium,danish,LAB_disco_820000,minor_group,96451,11182,0.001238
LAB_disco_932000,LAB,disco,932000,Manuelt arbejde inden for fremstillingsvirksomhed,Manuelt arbejde inden for fremstillingsvirksomhed,,,Manufacturing labourers,Manufacturing labourers,isco88,isco88,CSV:LAB_disco_from_raw_hierarchical,medium,danish,LAB_disco_930000,minor_group,556112,115145,0.012753
LAB_disco_333000,LAB,disco,333000,Omsorgs- og pædagogisk arbejde for børn og voksne i specialinstitutioner,Omsorgs- og pædagogisk arbejde for børn og voksne i specialinstitutioner,,,Special education teaching associate professionals,Special education teaching associate professionals,isco88,isco88,CSV:LAB_disco_from_raw_hierarchical,medium,danish,LAB_disco_330000,minor_group,929451,97279,0.010774
LAB_disco_812300,LAB,disco,812300,Støberiarbejde,Støberiarbejde,,,Metal heat-treating-plant operators,Metal heat-treating-plant operators,isco88,isco88,CSV:LAB_disco_from_raw_hierarchical,medium,danish,LAB_disco_812000,unit_group,68450,9933,0.0011
LAB_disco_824000,LAB,disco,824000,Betjening af maskiner vedr. færdige produkter i træ,Betjening af maskiner vedr. færdige produkter i træ,,,Wood-products machine operators,Wood-products machine operators,isco88,isco88,CSV:LAB_disco_from_raw_hierarchical,medium,danish,LAB_disco_820000,minor_group,297447,41223,0.004566
LAB_disco_522000,LAB,disco,522000,Detailsalg og demonstrationsarbejde,Detailsalg og demonstrationsarbejde,,,"Shop, stall and market salespersons and demonstrators","Shop, stall and market salespersons and demonstrators",isco88,isco88,CSV:LAB_disco_from_raw_hierarchical,medium,danish,LAB_disco_520000,minor_group,3038472,430837,0.047719
LAB_disco_829090,LAB,disco,829090,Betjening af øvrige maskiner,Betjening af øvrige maskiner,,,Other machine operators not elsewhere classified,Other machine operators not elsewhere classified,isco88,isco88,CSV:LAB_disco_from_raw_hierarchical,medium,danish,LAB_disco_829000,detail,83579,18834,0.002086
LAB_disco_710000,LAB,disco,710000,Arbejde med råstofudvinding og bygningshåndværk,Arbejde med råstofudvinding og bygningshåndværk,,,Extraction and building trades workers,Extraction and building trades workers,isco88,isco88,CSV:LAB_disco_from_raw_hierarchical,medium,danish,LAB_disco_700000,sub_major_group,90996,12055,0.001335
LAB_disco_131900,LAB,disco,131900,Ledelse af hovedaktiviteten i andre virksomheder i virksomhed med færre end 10 beskæftigede,Ledelse af hovedaktiviteten i andre virksomheder i virksomhed med færre end 10 beskæftigede,,,Managers of small enterprises not elsewhere classifie,Managers of small enterprises not elsewhere classifie,isco88,isco88,CSV:LAB_disco_from_raw_hierarchical,medium,danish,LAB_disco_131000,unit_group,162234,28385,0.003144
LAB_disco_111000,LAB,disco,111000,"Lovgivningsarbejde og overordnet administration af lovgivning, før 2004 inkl. overordnet offentlig ledelse","Lovgivningsarbejde og overordnet administration af lovgivning, før 2004 inkl. overordnet offentlig ledelse",,,Legislators and senior government officials,Legislators and senior government officials,isco88,isco88,CSV:LAB_disco_from_raw_hierarchical,medium,danish,LAB_disco_110000,minor_group,170913,27825,0.003082
LAB_disco_244200,LAB,disco,244200,Arbejde inden for sociologi og antropologi,Arbejde inden for sociologi og antropologi,,,"Sociologists, anthropologists and related professionals","Sociologists, anthropologists and related professionals",isco88,isco88,CSV:LAB_disco_from_raw_hierarchical,medium,danish,LAB_disco_244000,unit_group,32292,6058,0.000671
LAB_disco_932020,LAB,disco,932020,Andet industriarbejde uden betjening af stationære maskiner,Andet industriarbejde uden betjening af stationære maskiner,,,Manufacturing labourers,Manufacturing labourers,isco88,isco88,CSV:LAB_disco_from_raw_hierarchical,medium,danish,LAB_disco_932000,detail,192627,41159,0.004559
LAB_disco_931210,LAB,disco,931210,Asfaltarbejde,Asfaltarbejde,,,Asphalt work,Civil Engineering Labourers,isco08-crosswalk,translated,CSV:LAB_disco_from_raw,medium,danish,LAB_disco_931200,detail,17284,3322,0.000368
LAB_disco_741100,LAB,disco,741100,Elektrikerarbejde,Elektrikerarbejde,,,Electrician work,Building and Related Electricians,isco08-crosswalk,translated,CSV:LAB_disco_from_raw,medium,danish,LAB_disco_741000,unit_group,262657,32168,0.003563
LAB_disco_513210,LAB,disco,513210,Social- og sundhedspersonale på institutioner,Social- og sundhedspersonale på institutioner,,,Institution-based personal care workers,Institution-based personal care workers,isco88,isco88,CSV:LAB_disco_from_raw_hierarchical,medium,danish,LAB_disco_513200,detail,636044,103668,0.011482
LAB_disco_343900,LAB,disco,343900,Andet administrationsarbejde,Andet administrationsarbejde,,,Administrative associate professionals,Administrative associate professionals,isco88,isco88,CSV:LAB_disco_from_raw_hierarchical,medium,danish,LAB_disco_343000,unit_group,650839,91383,0.010121
LAB_disco_300000,LAB,disco,300000,"Arbejde, der forudsætter viden på mellemniveau","Arbejde, der forudsætter viden på mellemniveau",,,Technicians and Associate Professionals,Technicians and Associate Professionals,isco88,isco88,CSV:LAB_disco_from_raw_hierarchical,medium,danish,,major_group,610918,142139,0.015743
LAB_disco_344300,LAB,disco,344300,"Arbejde vedr. tildeling af offentlige ydelser, herunder socialformidling i stat og kommune","Arbejde vedr. tildeling af offentlige ydelser, herunder socialformidling i stat og kommune",,,Government social benefits officials,Government social benefits officials,isco88,isco88,CSV:LAB_disco_from_raw_hierarchical,medium,danish,LAB_disco_344000,unit_group,225932,21632,0.002396
LAB_disco_723100,LAB,disco,723100,Automekaniker- og automontørarbejde,Automekaniker- og automontørarbejde,,,Motor vehicle mechanics and fitters,Motor vehicle mechanics and fitters,isco88,isco88,CSV:LAB_disco_from_raw_hierarchical,medium,danish,LAB_disco_723000,unit_group,955986,78589,0.008704
LAB_disco_722300,LAB,disco,722300,Operatør- og opstillingsarbejde af metalforarbejdningsmaskiner,Operatør- og opstillingsarbejde af metalforarbejdningsmaskiner,,,Operator and setup work for metalworking machines,Metal Working Machine Tool Setters and Operators,isco08-crosswalk,translated,CSV:LAB_disco_from_raw,medium,danish,LAB_disco_722000,unit_group,876129,79781,0.008836
LAB_disco_741300,LAB,disco,741300,Installation og reparation af elektrisk ledningsføring inden for forsyningsvirksomhed,Installation og reparation af elektrisk ledningsføring inden for forsyningsvirksomhed,,,Installation and repair of electrical wiring in utility services,Electrical Line Installers and Repairers,isco08-crosswalk,translated,CSV:LAB_disco_from_raw,medium,danish,LAB_disco_741000,unit_group,64943,9467,0.001049
LAB_disco_827200,LAB,disco,827200,Betjening af maskiner i mejeriproduktion,Betjening af maskiner i mejeriproduktion,,,Dairy-products machine operators,Dairy-products machine operators,isco88,isco88,CSV:LAB_disco_from_raw_hierarchical,medium,danish,LAB_disco_827000,unit_group,119342,15467,0.001713
LAB_disco_312200,LAB,disco,312200,Tilsynsførende inden for fremstillingsvirksomhed,Tilsynsførende inden for fremstillingsvirksomhed,,,Supervisory work in manufacturing industry,Manufacturing Supervisors,isco08-crosswalk,translated,CSV:LAB_disco_from_raw,medium,danish,LAB_disco_312000,unit_group,127521,18652,0.002066
LAB_disco_411300,LAB,disco,411300,Indtastningsarbejde,Indtastningsarbejde,,,Data entry operators,Data entry operators,isco88,isco88,CSV:LAB_disco_from_raw_hierarchical,medium,danish,LAB_disco_411000,unit_group,103406,17284,0.001914
LAB_disco_734300,LAB,disco,734300,Gravør- og ætserarbejde,Gravør- og ætserarbejde,,,Printing engravers and etchers,Printing engravers and etchers,isco88,isco88,CSV:LAB_disco_from_raw_hierarchical,medium,danish,LAB_disco_734000,unit_group,47379,5196,0.000575
LAB_disco_734100,LAB,disco,734100,Grafisk formfremstilling,Grafisk formfremstilling,,,"Compositors, typesetters and related workers","Compositors, typesetters and related workers",isco88,isco88,CSV:LAB_disco_from_raw_hierarchical,medium,danish,LAB_disco_734000,unit_group,293145,27393,0.003034
LAB_disco_422300,LAB,disco,422300,Telefonomstillingsarbejde,Telefonomstillingsarbejde,,,Telephone switchboard work,Telephone Switchboard Operators,isco08-crosswalk,translated,CSV:LAB_disco_from_raw,medium,danish,LAB_disco_422000,unit_group,170800,21430,0.002374
LAB_disco_341600,LAB,disco,341600,Indkøbsarbejde,Indkøbsarbejde,,,Buyers,Buyers,isco88,isco88,CSV:LAB_disco_from_raw_hierarchical,medium,danish,LAB_disco_341000,unit_group,249505,30615,0.003391
LAB_disco_244600,LAB,disco,244600,"Socialrådgivningsarbejde, der forudsætter efteruddannelse, fx gennemført årskursus eller tilsvarende erfaringsgrundlag opnået","Socialrådgivningsarbejde, der forudsætter efteruddannelse, fx gennemført årskursus eller tilsvarende erfaringsgrundlag opnået",,,Social work professionals,Social work professionals,isco88,isco88,CSV:LAB_disco_from_raw_hierarchical,medium,danish,LAB_disco_244000,unit_group,54584,7684,0.000851
LAB_disco_346000,LAB,disco,346000,Socialrådgivning og tilsvarende omsorgsarbejde,Socialrådgivning og tilsvarende omsorgsarbejde,,,Social work associate professionals,Social work associate professionals,isco88,isco88,CSV:LAB_disco_from_raw_hierarchical,medium,danish,LAB_disco_340000,minor_group,175124,28934,0.003205
LAB_disco_933000,LAB,disco,933000,Manuelt transport- og lagerarbejde m.v.,Manuelt transport- og lagerarbejde m.v.,,,Transport labourers and freight handlers,Transport labourers and freight handlers,isco88,isco88,CSV:LAB_disco_from_raw_hierarchical,medium,danish,LAB_disco_930000,minor_group,907658,183051,0.020274
LAB_disco_933020,LAB,disco,933020,Lastning og losning af skibe ekskl. bulk og fisk,Lastning og losning af skibe ekskl. bulk og fisk,,,Transport labourers and freight handlers,Transport labourers and freight handlers,isco88,isco88,CSV:LAB_disco_from_raw_hierarchical,medium,danish,LAB_disco_933000,detail,8827,1629,0.00018
LAB_disco_933030,LAB,disco,933030,"Lastning og losning af skibe, bulk","Lastning og losning af skibe, bulk",,,Transport labourers and freight handlers,Transport labourers and freight handlers,isco88,isco88,CSV:LAB_disco_from_raw_hierarchical,medium,danish,LAB_disco_933000,detail,2171,512,5.7e-05
LAB_disco_322900,LAB,disco,322900,"Assistentarbejde inden for sundhedssektoren i øvrigt, herunder zoneterapeutarbejde","Assistentarbejde inden for sundhedssektoren i øvrigt, herunder zoneterapeutarbejde",,,Health associate professionals (except nursing) not elsewhere classified,Health associate professionals (except nursing) not elsewhere classified,isco88,isco88,CSV:LAB_disco_from_raw_hierarchical,medium,danish,LAB_disco_322000,unit_group,134162,18141,0.002009
LAB_disco_513100,LAB,disco,513100,Tjenerarbejde,Tjenerarbejde,,,Waiting work,Waiters,isco08-crosswalk,translated,CSV:LAB_disco_from_raw,medium,danish,LAB_disco_513000,unit_group,1448084,220141,0.024382
LAB_disco_513110,LAB,disco,513110,Børnepasning i private hjem,Børnepasning i private hjem,,,Child-care workers,Child-care workers,isco88,isco88,CSV:LAB_disco_from_raw_hierarchical,medium,danish,LAB_disco_513100,detail,291007,33895,0.003754
LAB_disco_343100,LAB,disco,343100,Fotografarbejde,Fotografarbejde,,,Photographer work,Photographers,isco08-crosswalk,translated,CSV:LAB_disco_from_raw,medium,danish,LAB_disco_343000,unit_group,527630,61961,0.006863
LAB_disco_344000,LAB,disco,344000,Arbejde vedr. offentlige ydelser og afgifter,Arbejde vedr. offentlige ydelser og afgifter,,,"Customs, tax and related government associate professionals","Customs, tax and related government associate professionals",isco88,isco88,CSV:LAB_disco_from_raw_hierarchical,medium,danish,LAB_disco_340000,minor_group,21710,3492,0.000387
LAB_disco_343310,LAB,disco,343310,Bogholderiarbejde,Bogholderiarbejde,,,Bookkeepers,Bookkeepers,isco88,isco88,CSV:LAB_disco_from_raw_hierarchical,medium,danish,LAB_disco_343300,detail,107713,20034,0.002219
LAB_disco_235960,LAB,disco,235960,Kursusvirksomhed i øvrigt,Kursusvirksomhed i øvrigt,,,Other teaching professionals not elsewhere classified,Other teaching professionals not elsewhere classified,isco88,isco88,CSV:LAB_disco_from_raw_hierarchical,medium,danish,LAB_disco_235900,detail,13556,3234,0.000358
LAB_disco_235900,LAB,disco,235900,Andet undervisningsarbejde,Andet undervisningsarbejde,,,Other teaching professionals not elsewhere classified,Other teaching professionals not elsewhere classified,isco88,isco88,CSV:LAB_disco_from_raw_hierarchical,medium,danish,LAB_disco_235000,unit_group,224294,40971,0.004538
LAB_disco_321190,LAB,disco,321190,"Teknikerarbejde inden for biologi, biokemi, farmakologi og zoologi i øvrigt","Teknikerarbejde inden for biologi, biokemi, farmakologi og zoologi i øvrigt",,,Life science technicians,Life science technicians,isco88,isco88,CSV:LAB_disco_from_raw_hierarchical,medium,danish,LAB_disco_321100,detail,4847,703,7.8e-05
LAB_disco_331000,LAB,disco,331000,Skoleundervisning af børn under den undervisningspligtige alder,Skoleundervisning af børn under den undervisningspligtige alder,,,Primary education teaching associate professionals,Primary education teaching associate professionals,isco88,isco88,CSV:LAB_disco_from_raw_hierarchical,medium,danish,LAB_disco_330000,minor_group,229001,29594,0.003278
LAB_disco_829000,LAB,disco,829000,Betjening af andre maskiner og kvalitetskontrol af varer i produktionen,Betjening af andre maskiner og kvalitetskontrol af varer i produktionen,,,Other machine operators not elsewhere classified,Other machine operators not elsewhere classified,isco88,isco88,CSV:LAB_disco_from_raw_hierarchical,medium,danish,LAB_disco_820000,minor_group,219316,42718,0.004731
LAB_disco_822100,LAB,disco,822100,"Betjening af maskiner i medicinalvare-, sæbe- og kosmetikindustrien","Betjening af maskiner i medicinalvare-, sæbe- og kosmetikindustrien",,,Pharmaceutical-and toiletry-products machine operators,Pharmaceutical-and toiletry-products machine operators,isco88,isco88,CSV:LAB_disco_from_raw_hierarchical,medium,danish,LAB_disco_822000,unit_group,33302,4946,0.000548
LAB_disco_522010,LAB,disco,522010,Kasseekspedientarbejde,Kasseekspedientarbejde,,,"Shop, stall and market salespersons and demonstrators","Shop, stall and market salespersons and demonstrators",isco88,isco88,CSV:LAB_disco_from_raw_hierarchical,medium,danish,LAB_disco_522000,detail,483521,126697,0.014033
LAB_disco_222100,LAB,disco,222100,Lægearbejde,Lægearbejde,,,Medical doctors,Medical doctors,isco88,isco88,CSV:LAB_disco_from_raw_hierarchical,medium,danish,LAB_disco_222000,unit_group,710725,32770,0.00363
LAB_disco_341900,LAB,disco,341900,Andet salgs- og finansieringsarbejde,Andet salgs- og finansieringsarbejde,,,Finance and sales associate professionals not elsewhere classified,Finance and sales associate professionals not elsewhere classified,isco88,isco88,CSV:LAB_disco_from_raw_hierarchical,medium,danish,LAB_disco_341000,unit_group,516641,77686,0.008604
LAB_disco_341160,LAB,disco,341160,"Rådgivningsarbejde vedr. omsætning af værdipapirer, valuta og andre finansielle instrumenter","Rådgivningsarbejde vedr. omsætning af værdipapirer, valuta og andre finansielle instrumenter",,,Securities and finance dealers and brokers,Securities and finance dealers and brokers,isco88,isco88,CSV:LAB_disco_from_raw_hierarchical,medium,danish,LAB_disco_341100,detail,12667,2164,0.00024
LAB_disco_342100,LAB,disco,342100,Sportsudøvere,Sportsudøvere,,,Sports instructors,Athletes and Sports Players,isco08-crosswalk,translated,CSV:LAB_disco_from_raw,medium,danish,LAB_disco_342000,unit_group,22305,3379,0.000374
LAB_disco_312130,LAB,disco,312130,Hotline-/IT-teknikerarbejde internt i virksomheden,Hotline-/IT-teknikerarbejde internt i virksomheden,,,Computer assistants,Computer assistants,isco88,isco88,CSV:LAB_disco_from_raw_hierarchical,medium,danish,LAB_disco_312100,detail,35893,7274,0.000806
LAB_disco_341940,LAB,disco,341940,Generel finansiel og forsikringsmæssig rådgivning,Generel finansiel og forsikringsmæssig rådgivning,,,Finance and sales associate professionals not elsewhere classified,Finance and sales associate professionals not elsewhere classified,isco88,isco88,CSV:LAB_disco_from_raw_hierarchical,medium,danish,LAB_disco_341900,detail,198989,26502,0.002935
LAB_disco_311400,LAB,disco,311400,Teknikerarbejde inden for det elektroniske område,Teknikerarbejde inden for det elektroniske område,,,Technical work in the electronic field,Electronics Engineering Technicians,isco08-crosswalk,translated,CSV:LAB_disco_from_raw,medium,danish,LAB_disco_311000,unit_group,295952,31244,0.003461
LAB_disco_343300,LAB,disco,343300,"Galleri-, museums- og biblioteksteknikerarbejde","Galleri-, museums- og biblioteksteknikerarbejde",,,"Gallery, museum and library technical work","Gallery, Museum and Library Technicians",isco08-crosswalk,translated,CSV:LAB_disco_from_raw,medium,danish,LAB_disco_343000,unit_group,467002,49876,0.005524
LAB_disco_341000,LAB,disco,341000,Salgs- og finansieringsarbejde,Salgs- og finansieringsarbejde,,,Finance and sales associate professionals,Finance and sales associate professionals,isco88,isco88,CSV:LAB_disco_from_raw_hierarchical,medium,danish,LAB_disco_340000,minor_group,70939,20243,0.002242
LAB_disco_341950,LAB,disco,341950,Forsikringsteknisk arbejde vedr. oprettelse og vedligeholdelse af forsikringspolicer,Forsikringsteknisk arbejde vedr. oprettelse og vedligeholdelse af forsikringspolicer,,,Finance and sales associate professionals not elsewhere classified,Finance and sales associate professionals not elsewhere classified,isco88,isco88,CSV:LAB_disco_from_raw_hierarchical,medium,danish,LAB_disco_341900,detail,41096,5956,0.00066
LAB_disco_241900,LAB,disco,241900,"Specialfunktioner i erhvervsvirksomheder, interesseorganisationer og offentlige virksomheder","Specialfunktioner i erhvervsvirksomheder, interesseorganisationer og offentlige virksomheder",,,Business professionals not elsewhere classified,Business professionals not elsewhere classified,isco88,isco88,CSV:LAB_disco_from_raw_hierarchical,medium,danish,LAB_disco_241000,unit_group,665371,86915,0.009627
LAB_disco_412200,LAB,disco,412200,"Beregningsarbejde vedr. finansielle transaktioner, statistik, standardforsikringspræmier mv.","Beregningsarbejde vedr. finansielle transaktioner, statistik, standardforsikringspræmier mv.",,,Statistical and finance clerks,Statistical and finance clerks,isco88,isco88,CSV:LAB_disco_from_raw_hierarchical,medium,danish,LAB_disco_412000,unit_group,150476,23241,0.002574
LAB_disco_343400,LAB,disco,343400,Køkkenchefarbejde,Køkkenchefarbejde,,,Kitchen management,Chefs,isco08-crosswalk,translated,CSV:LAB_disco_from_raw,medium,danish,LAB_disco_343000,unit_group,22998,3651,0.000404
LAB_disco_421200,LAB,disco,421200,Bookmaker- og croupierarbejde samt beslægtede funktioner,Bookmaker- og croupierarbejde samt beslægtede funktioner,,,Bookmaking and croupier work including related functions,"Bookmakers, Croupiers and Related Gaming Workers",isco08-crosswalk,translated,CSV:LAB_disco_from_raw,medium,danish,LAB_disco_421000,unit_group,476201,51661,0.005722
LAB_disco_311800,LAB,disco,311800,Teknisk tegnearbejde,Teknisk tegnearbejde,,,Technical drawing / drafting work,Draughtspersons,isco08-crosswalk,translated,CSV:LAB_disco_from_raw,medium,danish,LAB_disco_311000,unit_group,291417,26139,0.002895
LAB_disco_421210,LAB,disco,421210,Bank- og sparekassearbejde med generel kundebetjening,Bank- og sparekassearbejde med generel kundebetjening,,,Tellers and other counter clerks,Tellers and other counter clerks,isco88,isco88,CSV:LAB_disco_from_raw_hierarchical,medium,danish,LAB_disco_421200,detail,130727,21042,0.002331
LAB_disco_235100,LAB,disco,235100,"Forskning, udvikling og rådgivning inden for undervisningsmetoder","Forskning, udvikling og rådgivning inden for undervisningsmetoder",,,"Research, development and consultation regarding teaching methods",Education Methods specialists,isco08-crosswalk,translated,CSV:LAB_disco_from_raw,medium,danish,LAB_disco_235000,unit_group,25331,3904,0.000432
LAB_disco_235200,LAB,disco,235200,Kontrol og tilrettelæggelse af undervisning,Kontrol og tilrettelæggelse af undervisning,,,School inspectors,School inspectors,isco88,isco88,CSV:LAB_disco_from_raw_hierarchical,medium,danish,LAB_disco_235000,unit_group,50796,6193,0.000686
LAB_disco_312100,LAB,disco,312100,Tilsynsførende inden for råstofindvinding,Tilsynsførende inden for råstofindvinding,,,Supervision within raw material extraction,Mining Supervisors,isco08-crosswalk,translated,CSV:LAB_disco_from_raw,medium,danish,LAB_disco_312000,unit_group,319125,44165,0.004892
LAB_disco_312000,LAB,disco,312000,IT-teknisk arbejde,IT-teknisk arbejde,,,Computer associate professionals,Computer associate professionals,isco88,isco88,CSV:LAB_disco_from_raw_hierarchical,medium,danish,LAB_disco_310000,minor_group,70499,14013,0.001552
LAB_disco_213200,LAB,disco,213200,"Rådgivning inden for landbrug, skovbrug og fiskeri","Rådgivning inden for landbrug, skovbrug og fiskeri",,,"Consultation within agriculture, forestry and fishing","Farming, Forestry and Fisheries Advisers",isco08-crosswalk,translated,CSV:LAB_disco_from_raw,medium,danish,LAB_disco_213000,unit_group,117459,14835,0.001643
LAB_disco_213100,LAB,disco,213100,Udvikling og overordnet drift af IT-systemer,Udvikling og overordnet drift af IT-systemer,,,"Computer systems designers, analysts and programmers","Computer systems designers, analysts and programmers",isco88,isco88,CSV:LAB_disco_from_raw_hierarchical,medium,danish,LAB_disco_213000,unit_group,167034,25630,0.002839
LAB_disco_214100,LAB,disco,214100,Ingeniørarbejde i industri og produktion,Ingeniørarbejde i industri og produktion,,,Engineering work in industry and production,Industrial and Production Engineers,isco08-crosswalk,translated,CSV:LAB_disco_from_raw,medium,danish,LAB_disco_214000,unit_group,291482,19506,0.00216
LAB_disco_712210,LAB,disco,712210,"Murerarbejde, ekskl. medhjælpere","Murerarbejde, ekskl. medhjælpere",,,Bricklayers and stonemasons,Bricklayers and stonemasons,isco88,isco88,CSV:LAB_disco_from_raw_hierarchical,medium,danish,LAB_disco_712200,detail,180948,23713,0.002626
LAB_disco_235990,LAB,disco,235990,Andet arbejde vedr. undervisning,Andet arbejde vedr. undervisning,,,Other teaching professionals not elsewhere classified,Other teaching professionals not elsewhere classified,isco88,isco88,CSV:LAB_disco_from_raw_hierarchical,medium,danish,LAB_disco_235900,detail,27364,7163,0.000793
LAB_disco_312110,LAB,disco,312110,"Programmeringsarbejde, tilpasning af applikationer, design af skabeloner","Programmeringsarbejde, tilpasning af applikationer, design af skabeloner",,,Computer assistants,Computer assistants,isco88,isco88,CSV:LAB_disco_from_raw_hierarchical,medium,danish,LAB_disco_312100,detail,96201,16816,0.001863
LAB_disco_522030,LAB,disco,522030,Ekspedientarbejde,Ekspedientarbejde,,,"Shop, stall and market salespersons and demonstrators","Shop, stall and market salespersons and demonstrators",isco88,isco88,CSV:LAB_disco_from_raw_hierarchical,medium,danish,LAB_disco_522000,detail,1096222,232061,0.025703
LAB_disco_421220,LAB,disco,421220,Kassererarbejde i bank og sparekasse,Kassererarbejde i bank og sparekasse,,,Tellers and other counter clerks,Tellers and other counter clerks,isco88,isco88,CSV:LAB_disco_from_raw_hierarchical,medium,danish,LAB_disco_421200,detail,21301,2993,0.000331
LAB_disco_931290,LAB,disco,931290,"Jord-, kloak- og andet anlægsarbejde","Jord-, kloak- og andet anlægsarbejde",,,"Earthwork, sewer and other installation labor",Civil Engineering Labourers,isco08-crosswalk,translated,CSV:LAB_disco_from_raw,medium,danish,LAB_disco_931200,detail,108919,20841,0.002308
LAB_disco_931300,LAB,disco,931300,"Bygningsarbejde, medhjælp","Bygningsarbejde, medhjælp",,,Building construction labourers,Building construction labourers,isco88,isco88,CSV:LAB_disco_from_raw_hierarchical,medium,danish,LAB_disco_931000,unit_group,203678,39915,0.004421
LAB_disco_244500,LAB,disco,244500,Arbejde inden for psykologi,Arbejde inden for psykologi,,,Psychologists,Psychologists,isco88,isco88,CSV:LAB_disco_from_raw_hierarchical,medium,danish,LAB_disco_244000,unit_group,204777,18133,0.002008
LAB_disco_322300,LAB,disco,322300,"Arbejde med kostforplejning og kostens sammensætning og tilberedning, fx økonomaarbejde","Arbejde med kostforplejning og kostens sammensætning og tilberedning, fx økonomaarbejde",,,Dieticians and nutritionists,Dieticians and nutritionists,isco88,isco88,CSV:LAB_disco_from_raw_hierarchical,medium,danish,LAB_disco_322000,unit_group,124291,10818,0.001198
LAB_disco_241910,LAB,disco,241910,"Specialfunktioner i erhvervsvirksomheder vedr. organisation, økonomi, salg mv.","Specialfunktioner i erhvervsvirksomheder vedr. organisation, økonomi, salg mv.",,,Business professionals not elsewhere classified,Business professionals not elsewhere classified,isco88,isco88,CSV:LAB_disco_from_raw_hierarchical,medium,danish,LAB_disco_241900,detail,134416,23788,0.002635
LAB_disco_112000,LAB,disco,112000,Overordnet offentlig ledelse,Overordnet offentlig ledelse,,,Legislators and senior officials,Legislators and senior officials,isco88,isco88,CSV:LAB_disco_from_raw_hierarchical,medium,danish,LAB_disco_110000,minor_group,9833,1642,0.000182
LAB_disco_110000,LAB,disco,110000,Lovgivningsarbejde samt ledelse i offentlig administration og interesseorganisationer,Lovgivningsarbejde samt ledelse i offentlig administration og interesseorganisationer,,,Legislators and senior officials,Legislators and senior officials,isco88,isco88,CSV:LAB_disco_from_raw_hierarchical,medium,danish,LAB_disco_100000,sub_major_group,5189,1045,0.000116
LAB_disco_921200,LAB,disco,921200,Manuelt arbejde inden for husdyravl,Manuelt arbejde inden for husdyravl,,,Manual labor in animal husbandry,Livestock Farm Labourers,isco08-crosswalk,translated,CSV:LAB_disco_from_raw,medium,danish,LAB_disco_921000,unit_group,51888,6427,0.000712
LAB_disco_723300,LAB,disco,723300,"Mekanikerarbejde, landbrugs- og industrimaskiner","Mekanikerarbejde, landbrugs- og industrimaskiner",,,Mechanic work on agricultural and industrial machinery,Agricultural and Industrial Machinery Mechanics and Repairers,isco08-crosswalk,translated,CSV:LAB_disco_from_raw,medium,danish,LAB_disco_723000,unit_group,404511,54388,0.006024
LAB_disco_341930,LAB,disco,341930,Arbejde vedr. pensions- og investeringsrådgivning,Arbejde vedr. pensions- og investeringsrådgivning,,,Finance and sales associate professionals not elsewhere classified,Finance and sales associate professionals not elsewhere classified,isco88,isco88,CSV:LAB_disco_from_raw_hierarchical,medium,danish,LAB_disco_341900,detail,18606,3252,0.00036
LAB_disco_342900,LAB,disco,342900,Andet forretningsservicearbejde,Andet forretningsservicearbejde,,,Business services agents and trade brokers not elsewhere classified,Business services agents and trade brokers not elsewhere classified,isco88,isco88,CSV:LAB_disco_from_raw_hierarchical,medium,danish,LAB_disco_342000,unit_group,79055,13140,0.001455
LAB_disco_343990,LAB,disco,343990,Administrativ forvaltning og sagsbehandling,Administrativ forvaltning og sagsbehandling,,,Administrative associate professionals,Administrative associate professionals,isco88,isco88,CSV:LAB_disco_from_raw_hierarchical,medium,danish,LAB_disco_343900,detail,151119,28972,0.003209
LAB_disco_832400,LAB,disco,832400,Last- og tankbilschauffører,Last- og tankbilschauffører,,,Heavy truck and lorry drivers,Heavy truck and lorry drivers,isco88,isco88,CSV:LAB_disco_from_raw_hierarchical,medium,danish,LAB_disco_832000,unit_group,484813,59936,0.006638
LAB_disco_123900,LAB,disco,123900,Ledelse af andre specialområder i virksomhed med mindst 10 beskæftigede,Ledelse af andre specialområder i virksomhed med mindst 10 beskæftigede,,,Other specialist managers not elsewhere classified,Other specialist managers not elsewhere classified,isco88,isco88,CSV:LAB_disco_from_raw_hierarchical,medium,danish,LAB_disco_123000,unit_group,279585,38297,0.004242
LAB_disco_833000,LAB,disco,833000,Arbejde med andre mobile maskiner og køretøjer,Arbejde med andre mobile maskiner og køretøjer,,,Agricultural and other mobile plant operators,Agricultural and other mobile plant operators,isco88,isco88,CSV:LAB_disco_from_raw_hierarchical,medium,danish,LAB_disco_830000,minor_group,5569,697,7.7e-05
LAB_disco_214900,LAB,disco,214900,Andet ingeniørarbejde (undtagen elektroteknologi),Andet ingeniørarbejde (undtagen elektroteknologi),,,Other engineering work (excluding electrical engineering),Engineering Professionals Not Elsewhere Classified,isco08-crosswalk,translated,CSV:LAB_disco_from_raw,medium,danish,LAB_disco_214000,unit_group,321854,42237,0.004678
LAB_disco_214000,LAB,disco,214000,Arkitekt- og ingeniørarbejde,Arkitekt- og ingeniørarbejde,,,"Architects, engineers and related professionals","Architects, engineers and related professionals",isco88,isco88,CSV:LAB_disco_from_raw_hierarchical,medium,danish,LAB_disco_210000,minor_group,862396,82607,0.009149
LAB_disco_712410,LAB,disco,712410,Tømrer- og snedkerarbejde vedr. byggeri,Tømrer- og snedkerarbejde vedr. byggeri,,,Carpenters and joiners,Carpenters and joiners,isco88,isco88,CSV:LAB_disco_from_raw_hierarchical,medium,danish,LAB_disco_712400,detail,294102,46308,0.005129
LAB_disco_825300,LAB,disco,825300,Betjening af papirbearbejdningsmaskiner,Betjening af papirbearbejdningsmaskiner,,,Paper-products machine operators,Paper-products machine operators,isco88,isco88,CSV:LAB_disco_from_raw_hierarchical,medium,danish,LAB_disco_825000,unit_group,121178,12786,0.001416
LAB_disco_234000,LAB,disco,234000,Undervisning af handicappede,Undervisning af handicappede,,,Special education teaching professionals,Special education teaching professionals,isco88,isco88,CSV:LAB_disco_from_raw_hierarchical,medium,danish,LAB_disco_230000,minor_group,88070,12874,0.001426
LAB_disco_221000,LAB,disco,221000,Arbejde inden for naturvidenskab,Arbejde inden for naturvidenskab,,,Life science professionals,Life science professionals,isco88,isco88,CSV:LAB_disco_from_raw_hierarchical,medium,danish,LAB_disco_220000,minor_group,31845,13808,0.001529
LAB_disco_514100,LAB,disco,514100,Frisørarbejde,Frisørarbejde,,,Hairdressing work,Hairdressers,isco08-crosswalk,translated,CSV:LAB_disco_from_raw,medium,danish,LAB_disco_514000,unit_group,521774,38644,0.00428
LAB_disco_913100,LAB,disco,913100,Rengørings- og køkkenhjælpsarbejde i private hjem,Rengørings- og køkkenhjælpsarbejde i private hjem,,,Domestic helpers and cleaners,Domestic helpers and cleaners,isco88,isco88,CSV:LAB_disco_from_raw_hierarchical,medium,danish,LAB_disco_913000,unit_group,238172,31744,0.003516
LAB_disco_311900,LAB,disco,311900,Andet teknikerarbejde inden for fysisk videnskab og ingeniørvirksomhed,Andet teknikerarbejde inden for fysisk videnskab og ingeniørvirksomhed,,,Other technical work in physical science and engineering,Physical and Engineering Science Technicians Not Elsewhere Classified,isco08-crosswalk,translated,CSV:LAB_disco_from_raw,medium,danish,LAB_disco_311000,unit_group,397718,49815,0.005517
LAB_disco_247000,LAB,disco,247000,Arbejde med administration af lovgivningen inden for den offentlige sektor,Arbejde med administration af lovgivningen inden for den offentlige sektor,,,Public service administrative professionals,Public service administrative professionals,isco88,isco88,CSV:LAB_disco_from_raw_hierarchical,medium,danish,LAB_disco_240000,minor_group,264567,36359,0.004027
LAB_disco_244100,LAB,disco,244100,Arbejde inden for samfundsøkonomi,Arbejde inden for samfundsøkonomi,,,Economists,Economists,isco88,isco88,CSV:LAB_disco_from_raw_hierarchical,medium,danish,LAB_disco_244000,unit_group,115820,16813,0.001862
LAB_disco_723110,LAB,disco,723110,"Mekanikerarbejde, person- og varevogne","Mekanikerarbejde, person- og varevogne",,,Mechanic work for passenger and freight vehicles,Motor Vehicle Mechanics and Repairers,isco08-crosswalk,translated,CSV:LAB_disco_from_raw,medium,danish,LAB_disco_723100,detail,61069,10249,0.001135
LAB_disco_712200,LAB,disco,712200,Arbejde med gulv- og klinkelægning,Arbejde med gulv- og klinkelægning,,,Floor and tile laying work,Floor Layers and Tile Setters,isco08-crosswalk,translated,CSV:LAB_disco_from_raw,medium,danish,LAB_disco_712000,unit_group,499225,39245,0.004347
LAB_disco_343200,LAB,disco,343200,Indretningsarkitekt- og dekoratørarbejde,Indretningsarkitekt- og dekoratørarbejde,,,Interior architect and decorator work,Interior Designers and Decorators,isco08-crosswalk,translated,CSV:LAB_disco_from_raw,medium,danish,LAB_disco_343000,unit_group,117447,10516,0.001165
LAB_disco_341990,LAB,disco,341990,Andet salgs- og finansieringsarbejde i øvrigt,Andet salgs- og finansieringsarbejde i øvrigt,,,Finance and sales associate professionals not elsewhere classified,Finance and sales associate professionals not elsewhere classified,isco88,isco88,CSV:LAB_disco_from_raw_hierarchical,medium,danish,LAB_disco_341900,detail,22107,4665,0.000517
LAB_disco_243200,LAB,disco,243200,Arbejde inden for PR,Arbejde inden for PR,,,Work in public relations,Public Relations Professionals,isco08-crosswalk,translated,CSV:LAB_disco_from_raw,medium,danish,LAB_disco_243000,unit_group,198034,11673,0.001293
LAB_disco_222300,LAB,disco,222300,Veterinærarbejde,Veterinærarbejde,,,Veterinarians,Veterinarians,isco88,isco88,CSV:LAB_disco_from_raw_hierarchical,medium,danish,LAB_disco_222000,unit_group,78736,4304,0.000477
LAB_disco_512300,LAB,disco,512300,Serveringsarbejde,Serveringsarbejde,,,"Waiters, waitresses and bartenders","Waiters, waitresses and bartenders",isco88,isco88,CSV:LAB_disco_from_raw_hierarchical,medium,danish,LAB_disco_512000,unit_group,472148,83868,0.009289
LAB_disco_122900,LAB,disco,122900,Ledelse af hovedaktiviteten i andre virksomheder i virksomhed med mindst 10 beskæftigede,Ledelse af hovedaktiviteten i andre virksomheder i virksomhed med mindst 10 beskæftigede,,,Production and operations managers not elsewhere classified,Production and operations managers not elsewhere classified,isco88,isco88,CSV:LAB_disco_from_raw_hierarchical,medium,danish,LAB_disco_122000,unit_group,351242,48473,0.005369
LAB_disco_122930,LAB,disco,122930,Ledelse i social- og sundhedssektoren i virksomhed med mindst 10 beskæftigede,Ledelse i social- og sundhedssektoren i virksomhed med mindst 10 beskæftigede,,,Production and operations managers not elsewhere classified,Production and operations managers not elsewhere classified,isco88,isco88,CSV:LAB_disco_from_raw_hierarchical,medium,danish,LAB_disco_122900,detail,83616,14101,0.001562
LAB_disco_122800,LAB,disco,122800,Ledelse af hovedaktiviteten i virksomheder inden for personlige tjenesteydelser i virksomhed med mindst 10 beskæftigede,Ledelse af hovedaktiviteten i virksomheder inden for personlige tjenesteydelser i virksomhed med mindst 10 beskæftigede,,,"Production and operations managers in personal care, cleaning and related services","Production and operations managers in personal care, cleaning and related services",isco88,isco88,CSV:LAB_disco_from_raw_hierarchical,medium,danish,LAB_disco_122000,unit_group,45227,15039,0.001666
LAB_disco_828100,LAB,disco,828100,Montering af me­kaniske maskiner,Montering af me­kaniske maskiner,,,Mechanical-machinery assemblers,Mechanical-machinery assemblers,isco88,isco88,CSV:LAB_disco_from_raw_hierarchical,medium,danish,LAB_disco_828000,unit_group,67329,8404,0.000931
LAB_disco_422230,LAB,disco,422230,Lægesekretærarbejde,Lægesekretærarbejde,,,Receptionists and information clerks,Receptionists and information clerks,isco88,isco88,CSV:LAB_disco_from_raw_hierarchical,medium,danish,LAB_disco_422200,detail,95015,13177,0.001459
LAB_disco_931230,LAB,disco,931230,Kabelarbejde,Kabelarbejde,,,Cable work,Civil Engineering Labourers,isco08-crosswalk,translated,CSV:LAB_disco_from_raw,medium,danish,LAB_disco_931200,detail,21650,4111,0.000455
LAB_disco_931000,LAB,disco,931000,Manuelt arbejde inden for bygge- og anlægssektoren,Manuelt arbejde inden for bygge- og anlægssektoren,,,Mining and construction labourers,Mining and construction labourers,isco88,isco88,CSV:LAB_disco_from_raw_hierarchical,medium,danish,LAB_disco_930000,minor_group,239415,51142,0.005664
LAB_disco_211300,LAB,disco,211300,Arbejde inden for kemi,Arbejde inden for kemi,,,Work in chemistry,Chemists,isco08-crosswalk,translated,CSV:LAB_disco_from_raw,medium,danish,LAB_disco_211000,unit_group,45700,5063,0.000561
LAB_disco_341510,LAB,disco,341510,Opsøgende salgsarbejde ekskl. detailsalg,Opsøgende salgsarbejde ekskl. detailsalg,,,Technical and commercial sales representatives,Technical and commercial sales representatives,isco88,isco88,CSV:LAB_disco_from_raw_hierarchical,medium,danish,LAB_disco_341500,detail,276634,44523,0.004931
LAB_disco_341590,LAB,disco,341590,Andet salgsarbejde ekskl. detailsalg,Andet salgsarbejde ekskl. detailsalg,,,Technical and commercial sales representatives,Technical and commercial sales representatives,isco88,isco88,CSV:LAB_disco_from_raw_hierarchical,medium,danish,LAB_disco_341500,detail,255500,43575,0.004826
LAB_disco_831000,LAB,disco,831000,Jernbanedrift,Jernbanedrift,,,Locomotive engine drivers and related workers,Locomotive engine drivers and related workers,isco88,isco88,CSV:LAB_disco_from_raw_hierarchical,medium,danish,LAB_disco_830000,minor_group,23,9,1e-06
LAB_disco_413200,LAB,disco,413200,Dataregistreringsarbejde,Dataregistreringsarbejde,,,Data-entry work,Data Entry Clerks,isco08-crosswalk,translated,CSV:LAB_disco_from_raw,medium,danish,LAB_disco_413000,unit_group,274232,38830,0.004301
LAB_disco_514900,LAB,disco,514900,Servicearbejde i øvrigt,Servicearbejde i øvrigt,,,Other personal services workers not elsewhere classified,Other personal services workers not elsewhere classified,isco88,isco88,CSV:LAB_disco_from_raw_hierarchical,medium,danish,LAB_disco_514000,unit_group,17448,4811,0.000533
LAB_disco_321111,LAB,disco,321111,"Laborantarbejde, medicinalindustri","Laborantarbejde, medicinalindustri",,,Life science technicians,Life science technicians,isco88,isco88,CSV:LAB_disco_from_raw_hierarchical,medium,danish,LAB_disco_321100,detail,72504,10458,0.001158
LAB_disco_831200,LAB,disco,831200,Tograngering,Tograngering,,,Train shunting,"Railway Brake, Signal and Switch Operators",isco08-crosswalk,translated,CSV:LAB_disco_from_raw,medium,danish,LAB_disco_831000,unit_group,66243,6254,0.000693
LAB_disco_214200,LAB,disco,214200,Ingeniørarbejde vedrørende bygninger og anlæg,Ingeniørarbejde vedrørende bygninger og anlæg,,,Engineering work concerning buildings and installations,Civil Engineers,isco08-crosswalk,translated,CSV:LAB_disco_from_raw,medium,danish,LAB_disco_214000,unit_group,224409,23734,0.002629
LAB_disco_322800,LAB,disco,322800,Farmaceutisk assistentarbejde,Farmaceutisk assistentarbejde,,,Pharmaceutical assistants,Pharmaceutical assistants,isco88,isco88,CSV:LAB_disco_from_raw_hierarchical,medium,danish,LAB_disco_322000,unit_group,110362,7282,0.000807
LAB_disco_342200,LAB,disco,342200,"Træner-, instruktør- og dommerarbejde inden for sport","Træner-, instruktør- og dommerarbejde inden for sport",,,"Trainer, instructor, and referee work in sports","Sports Coaches, Instructors and Officials",isco08-crosswalk,translated,CSV:LAB_disco_from_raw,medium,danish,LAB_disco_342000,unit_group,137874,15143,0.001677
LAB_disco_414220,LAB,disco,414220,Postbudarbejde,Postbudarbejde,,,Mail carriers and sorting clerks,Mail carriers and sorting clerks,isco88,isco88,CSV:LAB_disco_from_raw_hierarchical,medium,danish,LAB_disco_414200,detail,251882,51383,0.005691
LAB_disco_913220,LAB,disco,913220,Rengøring på hospitaler o.l.,Rengøring på hospitaler o.l.,,,"Helpers and cleaners in offices, hotels and other establishments","Helpers and cleaners in offices, hotels and other establishments",isco88,isco88,CSV:LAB_disco_from_raw_hierarchical,medium,danish,LAB_disco_913200,detail,93588,22139,0.002452
LAB_disco_743700,LAB,disco,743700,"Møbelpolstre-, autosadelmagerarbejde","Møbelpolstre-, autosadelmagerarbejde",,,Upholsterers and related workers,Upholsterers and related workers,isco88,isco88,CSV:LAB_disco_from_raw_hierarchical,medium,danish,LAB_disco_743000,unit_group,63046,5703,0.000632
LAB_disco_323100,LAB,disco,323100,Sygeplejearbejde,Sygeplejearbejde,,,Nursing associate professionals,Nursing associate professionals,isco88,isco88,CSV:LAB_disco_from_raw_hierarchical,medium,danish,LAB_disco_323000,unit_group,2084498,117826,0.01305
LAB_disco_713600,LAB,disco,713600,Vvs-arbejde,Vvs-arbejde,,,Plumbers and pipe fitters,Plumbers and pipe fitters,isco88,isco88,CSV:LAB_disco_from_raw_hierarchical,medium,danish,LAB_disco_713000,unit_group,637264,46336,0.005132
LAB_disco_245100,LAB,disco,245100,Journalistik og skribentarbejde,Journalistik og skribentarbejde,,,"Authors, journalists and other writers","Authors, journalists and other writers",isco88,isco88,CSV:LAB_disco_from_raw_hierarchical,medium,danish,LAB_disco_245000,unit_group,213519,18989,0.002103
LAB_disco_214500,LAB,disco,214500,Ingeniørarbejde inden for kemi,Ingeniørarbejde inden for kemi,,,Engineering work in chemistry,Chemical Engineers,isco08-crosswalk,translated,CSV:LAB_disco_from_raw,medium,danish,LAB_disco_214000,unit_group,154670,17877,0.00198
LAB_disco_214300,LAB,disco,214300,Ingeniørarbejde inden for miljø,Ingeniørarbejde inden for miljø,,,Engineering work in environmental science,Environmental Engineers,isco08-crosswalk,translated,CSV:LAB_disco_from_raw,medium,danish,LAB_disco_214000,unit_group,67598,8623,0.000955
LAB_disco_422310,LAB,disco,422310,Telefonomstillingsarbejde,Telefonomstillingsarbejde,,,Telephone switchboard work,Telephone switchboard operators,isco88,translated,CSV:LAB_disco_from_raw_hierarchical,medium,danish,LAB_disco_422300,detail,26095,5235,0.00058
LAB_disco_826100,LAB,disco,826100,"Betjening af maskiner i garnforberedende arbejde, spinderiarbejde","Betjening af maskiner i garnforberedende arbejde, spinderiarbejde",,,"Fibre-preparing-, spinning- and winding-machine operators","Fibre-preparing-, spinning- and winding-machine operators",isco88,isco88,CSV:LAB_disco_from_raw_hierarchical,medium,danish,LAB_disco_826000,unit_group,23327,2545,0.000282
LAB_disco_826400,LAB,disco,826400,Betjening af maskiner til efterbehandlingsarbejde,Betjening af maskiner til efterbehandlingsarbejde,,,"Bleaching-, dyeing- and cleaning-machine operators","Bleaching-, dyeing- and cleaning-machine operators",isco88,isco88,CSV:LAB_disco_from_raw_hierarchical,medium,danish,LAB_disco_826000,unit_group,30989,4438,0.000492
LAB_disco_743500,LAB,disco,743500,Tilskærerarbejde (ikke maskinelt),Tilskærerarbejde (ikke maskinelt),,,"Textile, leather and related pattern-makers and cutters","Textile, leather and related pattern-makers and cutters",isco88,isco88,CSV:LAB_disco_from_raw_hierarchical,medium,danish,LAB_disco_743000,unit_group,27109,2511,0.000278
LAB_disco_411100,LAB,disco,411100,Stenografering og maskinskrivning,Stenografering og maskinskrivning,,,Stenographers and typists,Stenographers and typists,isco88,isco88,CSV:LAB_disco_from_raw_hierarchical,medium,danish,LAB_disco_411000,unit_group,61455,11062,0.001225
LAB_disco_414100,LAB,disco,414100,"Registreringsarbejde vedr. bestand, udlån og hjemtagning af bøger mv.","Registreringsarbejde vedr. bestand, udlån og hjemtagning af bøger mv.",,,Library and filing clerks,Library and filing clerks,isco88,isco88,CSV:LAB_disco_from_raw_hierarchical,medium,danish,LAB_disco_414000,unit_group,99487,27466,0.003042
LAB_disco_724300,LAB,disco,724300,Elektronikmekanikerarbejde,Elektronikmekanikerarbejde,,,Electrical and electronic equipment mechanics and fitters,Electrical and electronic equipment mechanics and fitters,isco88,isco88,CSV:LAB_disco_from_raw_hierarchical,medium,danish,LAB_disco_724000,unit_group,208375,25876,0.002866
LAB_disco_334010,LAB,disco,334010,Undervisning og pædagogisk arbejde i institutioner i øvrigt,Undervisning og pædagogisk arbejde i institutioner i øvrigt,,,Other teaching associate professionals,Other teaching associate professionals,isco88,isco88,CSV:LAB_disco_from_raw_hierarchical,medium,danish,LAB_disco_334000,detail,28206,6674,0.000739
LAB_disco_724500,LAB,disco,724500,Kabelmontørarbejde,Kabelmontørarbejde,,,"Electrical line installers, repairers and cable jointers","Electrical line installers, repairers and cable jointers",isco88,isco88,CSV:LAB_disco_from_raw_hierarchical,medium,danish,LAB_disco_724000,unit_group,55701,5993,0.000664
LAB_disco_825100,LAB,disco,825100,Betjening af trykmaskiner,Betjening af trykmaskiner,,,Printing-machine operators,Printing-machine operators,isco88,isco88,CSV:LAB_disco_from_raw_hierarchical,medium,danish,LAB_disco_825000,unit_group,78132,8547,0.000947
LAB_disco_321131,LAB,disco,321131,"Bioanalytiker- og laborantarbejde, hospitaler","Bioanalytiker- og laborantarbejde, hospitaler",,,Life science technicians,Life science technicians,isco88,isco88,CSV:LAB_disco_from_raw_hierarchical,medium,danish,LAB_disco_321100,detail,42742,6187,0.000685
LAB_disco_223030,LAB,disco,223030,Overordnet sygeplejerskearbejde og hjemmesygeplejearbejde,Overordnet sygeplejerskearbejde og hjemmesygeplejearbejde,,,Nursing and midwifery professionals,Nursing and midwifery professionals,isco88,isco88,CSV:LAB_disco_from_raw_hierarchical,medium,danish,LAB_disco_223000,detail,92628,14409,0.001596
LAB_disco_223000,LAB,disco,223000,Arbejde inden for naturmedicin og alternativ behandling,Arbejde inden for naturmedicin og alternativ behandling,,,Work in natural medicine and alternative treatment,Traditional and Complementary Medicine Professionals,isco08-crosswalk,translated,CSV:LAB_disco_from_raw,medium,danish,LAB_disco_220000,minor_group,283471,26190,0.002901
LAB_disco_347100,LAB,disco,347100,"Dekoration, design og illustration","Dekoration, design og illustration",,,Decorators and commercial designers,Decorators and commercial designers,isco88,isco88,CSV:LAB_disco_from_raw_hierarchical,medium,danish,LAB_disco_347000,unit_group,190389,21078,0.002335
LAB_disco_828300,LAB,disco,828300,Montering af elektronisk udstyr,Montering af elektronisk udstyr,,,Electronic-equipment assemblers,Electronic-equipment assemblers,isco88,isco88,CSV:LAB_disco_from_raw_hierarchical,medium,danish,LAB_disco_828000,unit_group,155363,19194,0.002126
LAB_disco_611200,LAB,disco,611200,Dyrkning af afgrøder fra træer og buske,Dyrkning af afgrøder fra træer og buske,,,Cultivation of crops from trees and shrubs,Tree and Shrub Crop Growers,isco08-crosswalk,translated,CSV:LAB_disco_from_raw,medium,danish,LAB_disco_611000,unit_group,339867,34171,0.003785
LAB_disco_100000,LAB,disco,100000,"Ledelse på øverste plan i virksomheder, organisationer og den offentlige sektor","Ledelse på øverste plan i virksomheder, organisationer og den offentlige sektor",,,Armed forces,Armed forces,isco88,isco88,CSV:LAB_disco_from_raw_hierarchical,medium,danish,,major_group,21989,5329,0.00059
LAB_disco_826200,LAB,disco,826200,Betjening af væve- og strikkemaskiner,Betjening af væve- og strikkemaskiner,,,Weaving- and knitting-machine operators,Weaving- and knitting-machine operators,isco88,isco88,CSV:LAB_disco_from_raw_hierarchical,medium,danish,LAB_disco_826000,unit_group,25665,2773,0.000307
LAB_disco_815900,LAB,disco,815900,"Andet operatørarbejde ved fremstilling af tekstil-, pels- og læderprodukter","Andet operatørarbejde ved fremstilling af tekstil-, pels- og læderprodukter",,,"Other operating work in the production of textile, fur, and leather products","Textile, Fur and Leather Products Machine Operators Not Elsewhere Classified",isco08-crosswalk,translated,CSV:LAB_disco_from_raw,medium,danish,LAB_disco_815000,unit_group,138431,15519,0.001719
LAB_disco_414210,LAB,disco,414210,"Betjentarbejde, herunder intern postbehandling","Betjentarbejde, herunder intern postbehandling",,,Mail carriers and sorting clerks,Mail carriers and sorting clerks,isco88,isco88,CSV:LAB_disco_from_raw_hierarchical,medium,danish,LAB_disco_414200,detail,29843,5567,0.000617
LAB_disco_245110,LAB,disco,245110,Journalistisk arbejde,Journalistisk arbejde,,,"Authors, journalists and other writers","Authors, journalists and other writers",isco88,isco88,CSV:LAB_disco_from_raw_hierarchical,medium,danish,LAB_disco_245100,detail,82535,11951,0.001324
LAB_disco_722100,LAB,disco,722100,Smedearbejde,Smedearbejde,,,Smithing / blacksmith work,"Blacksmiths, Hammersmiths and Forging Press Workers",isco08-crosswalk,translated,CSV:LAB_disco_from_raw,medium,danish,LAB_disco_722000,unit_group,428620,51761,0.005733
LAB_disco_313300,LAB,disco,313300,Teknisk kontrolarbejde på kemiske behandlingsanlæg,Teknisk kontrolarbejde på kemiske behandlingsanlæg,,,Technical control work on chemical treatment facilities,Chemical Processing Plant Controllers,isco08-crosswalk,translated,CSV:LAB_disco_from_raw,medium,danish,LAB_disco_313000,unit_group,54254,3766,0.000417
LAB_disco_131930,LAB,disco,131930,Ledelse i social- og sundhedssektoren i virksomhed med færre end 10 beskæftigede,Ledelse i social- og sundhedssektoren i virksomhed med færre end 10 beskæftigede,,,Managers of small enterprises not elsewhere classifie,Managers of small enterprises not elsewhere classifie,isco88,isco88,CSV:LAB_disco_from_raw_hierarchical,medium,danish,LAB_disco_131900,detail,42396,9160,0.001015
LAB_disco_330000,LAB,disco,330000,Omsorgs- og pædagogisk arbejde,Omsorgs- og pædagogisk arbejde,,,Teaching associate professionals,Teaching associate professionals,isco88,isco88,CSV:LAB_disco_from_raw_hierarchical,medium,danish,LAB_disco_300000,sub_major_group,114611,25710,0.002848
LAB_disco_245120,LAB,disco,245120,Redaktionelt arbejde,Redaktionelt arbejde,,,"Authors, journalists and other writers","Authors, journalists and other writers",isco88,isco88,CSV:LAB_disco_from_raw_hierarchical,medium,danish,LAB_disco_245100,detail,17692,2957,0.000328
LAB_disco_245290,LAB,disco,245290,Andet kunstnerisk arbejde inden for billedkunst og formgivning,Andet kunstnerisk arbejde inden for billedkunst og formgivning,,,"Sculptors, painters and related artists","Sculptors, painters and related artists",isco88,isco88,CSV:LAB_disco_from_raw_hierarchical,medium,danish,LAB_disco_245200,detail,2986,563,6.2e-05
LAB_disco_724400,LAB,disco,724400,Telefon- og telegrafmekanikerarbejde,Telefon- og telegrafmekanikerarbejde,,,Telegraph and telephone installers and servicers,Telegraph and telephone installers and servicers,isco88,isco88,CSV:LAB_disco_from_raw_hierarchical,medium,danish,LAB_disco_724000,unit_group,41492,5045,0.000559
LAB_disco_123300,LAB,disco,123300,"Salgs- og afsætningsledelse, ekskl. salgsvirksomhed i virksomhed med mindst 10 beskæftigede","Salgs- og afsætningsledelse, ekskl. salgsvirksomhed i virksomhed med mindst 10 beskæftigede",,,Sales and marketing managers,Sales and marketing managers,isco88,isco88,CSV:LAB_disco_from_raw_hierarchical,medium,danish,LAB_disco_123000,unit_group,192215,25843,0.002862
LAB_disco_122700,LAB,disco,122700,Ledelse af hovedaktiviteten i virksomheder inden for forretningsservice i virksomhed med mindst 10 beskæftigede,Ledelse af hovedaktiviteten i virksomheder inden for forretningsservice i virksomhed med mindst 10 beskæftigede,,,Production and operations managers in business services enterprises,Production and operations managers in business services enterprises,isco88,isco88,CSV:LAB_disco_from_raw_hierarchical,medium,danish,LAB_disco_122000,unit_group,282221,78904,0.008739
LAB_disco_240000,LAB,disco,240000,Arbejde inden for samfundsvidenskaberne og humaniora,Arbejde inden for samfundsvidenskaberne og humaniora,,,Other professionals,Other professionals,isco88,isco88,CSV:LAB_disco_from_raw_hierarchical,medium,danish,LAB_disco_200000,sub_major_group,35118,9140,0.001012
LAB_disco_341710,LAB,disco,341710,Vurderings- og takseringsarbejde,Vurderings- og takseringsarbejde,,,"Appraisers, valuers and auctioneers","Appraisers, valuers and auctioneers",isco88,isco88,CSV:LAB_disco_from_raw_hierarchical,medium,danish,LAB_disco_341700,detail,14121,1799,0.000199
LAB_disco_341700,LAB,disco,341700,"Vurdering, taksering og sagsbehandling af forsikringsskader","Vurdering, taksering og sagsbehandling af forsikringsskader",,,"Appraisers, valuers and auctioneers","Appraisers, valuers and auctioneers",isco88,isco88,CSV:LAB_disco_from_raw_hierarchical,medium,danish,LAB_disco_341000,unit_group,57430,6860,0.00076
LAB_disco_341100,LAB,disco,341100,Juridisk arbejde på mellemniveau,Juridisk arbejde på mellemniveau,,,Legal work at intermediate level,Legal and Related Associate Professionals,isco08-crosswalk,translated,CSV:LAB_disco_from_raw,medium,danish,LAB_disco_341000,unit_group,114487,23769,0.002633
LAB_disco_814100,LAB,disco,814100,Operatørarbejde ved fremstilling af gummiprodukter,Operatørarbejde ved fremstilling af gummiprodukter,,,Operating work in the production of rubber products,Rubber Products Machine Operators,isco08-crosswalk,translated,CSV:LAB_disco_from_raw,medium,danish,LAB_disco_814000,unit_group,17965,1945,0.000215
LAB_disco_913230,LAB,disco,913230,Rengøring af fabrikslokaler o.l.,Rengøring af fabrikslokaler o.l.,,,"Helpers and cleaners in offices, hotels and other establishments","Helpers and cleaners in offices, hotels and other establishments",isco88,isco88,CSV:LAB_disco_from_raw_hierarchical,medium,danish,LAB_disco_913200,detail,81017,20307,0.002249
LAB_disco_932010,LAB,disco,932010,Manuelt pakningsarbejde,Manuelt pakningsarbejde,,,Manufacturing labourers,Manufacturing labourers,isco88,isco88,CSV:LAB_disco_from_raw_hierarchical,medium,danish,LAB_disco_932000,detail,185158,40770,0.004516
LAB_disco_131600,LAB,disco,131600,Ledelse af hovedaktiviteten i virksomheder inden for transport og kommunikation i virksomhed med færre end 10 beskæftigede,Ledelse af hovedaktiviteten i virksomheder inden for transport og kommunikation i virksomhed med færre end 10 beskæftigede,,,"Managers of small enterprises in transport, storage and communications","Managers of small enterprises in transport, storage and communications",isco88,isco88,CSV:LAB_disco_from_raw_hierarchical,medium,danish,LAB_disco_131000,unit_group,69876,12668,0.001403
LAB_disco_500000,LAB,disco,500000,"Detailsalg, service- og omsorgsarbejde","Detailsalg, service- og omsorgsarbejde",,,Service Workers and Shop and Market Sales Workers,Service Workers and Shop and Market Sales Workers,isco88,isco88,CSV:LAB_disco_from_raw_hierarchical,medium,danish,,major_group,85277,34371,0.003807
LAB_disco_812100,LAB,disco,812100,Operatørarbejde ved forarbejdning af metal,Operatørarbejde ved forarbejdning af metal,,,Operating work in metal preparatory processing,Metal Processing Plant Operators,isco08-crosswalk,translated,CSV:LAB_disco_from_raw,medium,danish,LAB_disco_812000,unit_group,3547,606,6.7e-05
LAB_disco_823100,LAB,disco,823100,Betjening af maskiner i gummivareindustrien,Betjening af maskiner i gummivareindustrien,,,Rubber-products machine operators,Rubber-products machine operators,isco88,isco88,CSV:LAB_disco_from_raw_hierarchical,medium,danish,LAB_disco_823000,unit_group,39202,4673,0.000518
LAB_disco_828700,LAB,disco,828700,Andet monterings og samlebåndsarbejde,Andet monterings og samlebåndsarbejde,,,Composite products assemblers,Composite products assemblers,isco88,isco88,CSV:LAB_disco_from_raw_hierarchical,medium,danish,LAB_disco_828000,unit_group,98840,18770,0.002079
LAB_disco_827400,LAB,disco,827400,Betjening af bageri- og sukkervareproduktionsmaskiner,Betjening af bageri- og sukkervareproduktionsmaskiner,,,"Baked-goods, cereal- and chocolate-products machine operators","Baked-goods, cereal- and chocolate-products machine operators",isco88,isco88,CSV:LAB_disco_from_raw_hierarchical,medium,danish,LAB_disco_827000,unit_group,80874,13651,0.001512
LAB_disco_832460,LAB,disco,832460,"Andre last- og tankbilschauffører, national transport","Andre last- og tankbilschauffører, national transport",,,Heavy truck and lorry drivers,Heavy truck and lorry drivers,isco88,isco88,CSV:LAB_disco_from_raw_hierarchical,medium,danish,LAB_disco_832400,detail,157938,27244,0.003017
LAB_disco_122000,LAB,disco,122000,Ledelse af hovedaktiviteten i virksomhed med mindst 10 beskæftigede,Ledelse af hovedaktiviteten i virksomhed med mindst 10 beskæftigede,,,Production and operations managers,Production and operations managers,isco88,isco88,CSV:LAB_disco_from_raw_hierarchical,medium,danish,LAB_disco_120000,minor_group,84002,45736,0.005066
LAB_disco_814300,LAB,disco,814300,Operatørarbejde ved fremstilling af papirprodukter,Operatørarbejde ved fremstilling af papirprodukter,,,Operating work in the production of paper products,Paper Products Machine Operators,isco08-crosswalk,translated,CSV:LAB_disco_from_raw,medium,danish,LAB_disco_814000,unit_group,31135,2920,0.000323
LAB_disco_812200,LAB,disco,812200,Operatørarbejde ved overfladebehandling af metal,Operatørarbejde ved overfladebehandling af metal,,,Operating work in surface treatment of metal,"Metal Finishing, Plating and Coating Machine Operators",isco08-crosswalk,translated,CSV:LAB_disco_from_raw,medium,danish,LAB_disco_812000,unit_group,28740,3186,0.000353
LAB_disco_513220,LAB,disco,513220,Portørarbejde,Portørarbejde,,,Institution-based personal care workers,Institution-based personal care workers,isco88,isco88,CSV:LAB_disco_from_raw_hierarchical,medium,danish,LAB_disco_513200,detail,34858,5350,0.000593
LAB_disco_930000,LAB,disco,930000,"Manuelt arbejde inden for bygge- og anlægssektoren, fremstillingsvirksomhed samt transportsektoren","Manuelt arbejde inden for bygge- og anlægssektoren, fremstillingsvirksomhed samt transportsektoren",,,"Labourers in mining, construction, manufacturing and transport","Labourers in mining, construction, manufacturing and transport",isco88,isco88,CSV:LAB_disco_from_raw_hierarchical,medium,danish,LAB_disco_900000,sub_major_group,19675,6612,0.000732
LAB_disco_829010,LAB,disco,829010,Maskinel pakning og mærkning,Maskinel pakning og mærkning,,,Other machine operators not elsewhere classified,Other machine operators not elsewhere classified,isco88,isco88,CSV:LAB_disco_from_raw_hierarchical,medium,danish,LAB_disco_829000,detail,57041,10819,0.001198
LAB_disco_933060,LAB,disco,933060,Medhjælp i butik mv. (uden kassearbejde),Medhjælp i butik mv. (uden kassearbejde),,,Transport labourers and freight handlers,Transport labourers and freight handlers,isco88,isco88,CSV:LAB_disco_from_raw_hierarchical,medium,danish,LAB_disco_933000,detail,130336,40927,0.004533
LAB_disco_322500,LAB,disco,322500,Arbejde med tandpleje,Arbejde med tandpleje,,,Dental assistants,Dental assistants,isco88,isco88,CSV:LAB_disco_from_raw_hierarchical,medium,danish,LAB_disco_322000,unit_group,98257,11216,0.001242
LAB_disco_422200,LAB,disco,422200,Informationsarbejde på kundekontaktcentre,Informationsarbejde på kundekontaktcentre,,,Information work at customer contact centers,Contact Centre Information Clerks,isco08-crosswalk,translated,CSV:LAB_disco_from_raw,medium,danish,LAB_disco_422000,unit_group,150676,18725,0.002074
LAB_disco_913250,LAB,disco,913250,Klargøring af værelser på hoteller o.l.,Klargøring af værelser på hoteller o.l.,,,"Helpers and cleaners in offices, hotels and other establishments","Helpers and cleaners in offices, hotels and other establishments",isco88,isco88,CSV:LAB_disco_from_raw_hierarchical,medium,danish,LAB_disco_913200,detail,40656,11604,0.001285
LAB_disco_245300,LAB,disco,245300,Kunstnerisk arbejde vedr. musik og sang,Kunstnerisk arbejde vedr. musik og sang,,,"Composers, musicians and singers","Composers, musicians and singers",isco88,isco88,CSV:LAB_disco_from_raw_hierarchical,medium,danish,LAB_disco_245000,unit_group,86906,8148,0.000902
LAB_disco_340000,LAB,disco,340000,"Arbejde med salg, finansiering, forretningsservice, administration m.v.","Arbejde med salg, finansiering, forretningsservice, administration m.v.",,,Other associate professionals,Other associate professionals,isco88,isco88,CSV:LAB_disco_from_raw_hierarchical,medium,danish,LAB_disco_300000,sub_major_group,169766,39061,0.004326
LAB_disco_732100,LAB,disco,732100,Prepressarbejde og grafisk formfremstilling,Prepressarbejde og grafisk formfremstilling,,,Prepress work and graphic form production,Pre-press Technicians,isco08-crosswalk,translated,CSV:LAB_disco_from_raw,medium,danish,LAB_disco_732000,unit_group,31223,2475,0.000274
LAB_disco_516900,LAB,disco,516900,Servicearbejde ikke klassificeret andetsteds,Servicearbejde ikke klassificeret andetsteds,,,Service work not elsewhere classified,Personal Services Workers Not Elsewhere Classified,isco08-crosswalk,translated,CSV:LAB_disco_from_raw,medium,danish,LAB_disco_516000,unit_group,132305,13427,0.001487
LAB_disco_411200,LAB,disco,411200,"Betjening af teleprinter, telefax, varslingsanlæg og lignende maskiner","Betjening af teleprinter, telefax, varslingsanlæg og lignende maskiner",,,Word-processor and related operators,Word-processor and related operators,isco88,isco88,CSV:LAB_disco_from_raw_hierarchical,medium,danish,LAB_disco_411000,unit_group,14974,2118,0.000235
LAB_disco_915200,LAB,disco,915200,"Dørvogtere, billettering og opsyn o.l.","Dørvogtere, billettering og opsyn o.l.",,,"Doorkeepers, watchpersons and related workers","Doorkeepers, watchpersons and related workers",isco88,isco88,CSV:LAB_disco_from_raw_hierarchical,medium,danish,LAB_disco_915000,unit_group,149960,23973,0.002655
LAB_disco_232010,LAB,disco,232010,Undervisning ved erhvervsuddannelser for unge,Undervisning ved erhvervsuddannelser for unge,,,Teaching at vocational schools for young people,Vocational Education Teachers,isco08-crosswalk,translated,CSV:LAB_disco_from_raw,medium,danish,LAB_disco_232000,detail,139492,14944,0.001655
LAB_disco_516200,LAB,disco,516200,Kammertjenerarbejde,Kammertjenerarbejde,,,Valet work,Companions and Valets,isco08-crosswalk,translated,CSV:LAB_disco_from_raw,medium,danish,LAB_disco_516000,unit_group,367975,17039,0.001887
LAB_disco_122920,LAB,disco,122920,Ledelse i undervisningssektoren i virksomhed med mindst 10 beskæftigede,Ledelse i undervisningssektoren i virksomhed med mindst 10 beskæftigede,,,Production and operations managers not elsewhere classified,Production and operations managers not elsewhere classified,isco88,isco88,CSV:LAB_disco_from_raw_hierarchical,medium,danish,LAB_disco_122900,detail,62900,8074,0.000894
LAB_disco_723390,LAB,disco,723390,Mekaniker- og montørarbejde i øvrigt,Mekaniker- og montørarbejde i øvrigt,,,Agricultural- or industrial-machinery mechanics and fitters,Agricultural- or industrial-machinery mechanics and fitters,isco88,isco88,CSV:LAB_disco_from_raw_hierarchical,medium,danish,LAB_disco_723300,detail,150510,25202,0.002791
LAB_disco_344200,LAB,disco,344200,Toldarbejde (administrative funktioner),Toldarbejde (administrative funktioner),,,Government tax and excise officials,Government tax and excise officials,isco88,isco88,CSV:LAB_disco_from_raw_hierarchical,medium,danish,LAB_disco_344000,unit_group,36453,5762,0.000638
LAB_disco_311110,LAB,disco,311110,Laborantarbejde,Laborantarbejde,,,Laboratory technician work,Chemical and Physical Science Technicians,isco08-crosswalk,translated,CSV:LAB_disco_from_raw,medium,danish,LAB_disco_311100,detail,64588,8435,0.000934
LAB_disco_312120,LAB,disco,312120,"IT-driftsplanlægning og -administration, herunder administration af brugerrettigheder","IT-driftsplanlægning og -administration, herunder administration af brugerrettigheder",,,Computer assistants,Computer assistants,isco88,isco88,CSV:LAB_disco_from_raw_hierarchical,medium,danish,LAB_disco_312100,detail,32271,6230,0.00069
LAB_disco_741200,LAB,disco,741200,Elektromekanikerarbejde,Elektromekanikerarbejde,,,Electromechanical work,Electrical Mechanics and Fitters,isco08-crosswalk,translated,CSV:LAB_disco_from_raw,medium,danish,LAB_disco_741000,unit_group,272321,26630,0.002949
LAB_disco_724100,LAB,disco,724100,Elektromekanikerarbejde,Elektromekanikerarbejde,,,Electrical mechanics fitters and services,Electrical mechanics fitters and services,isco88,isco88,CSV:LAB_disco_from_raw_hierarchical,medium,danish,LAB_disco_724000,unit_group,385513,52616,0.005828
LAB_disco_832470,LAB,disco,832470,"Andre last- og tankbilschauffører, international transport","Andre last- og tankbilschauffører, international transport",,,Heavy truck and lorry drivers,Heavy truck and lorry drivers,isco88,isco88,CSV:LAB_disco_from_raw_hierarchical,medium,danish,LAB_disco_832400,detail,26241,5516,0.000611
LAB_disco_242900,LAB,disco,242900,Juridisk arbejde i øvrigt,Juridisk arbejde i øvrigt,,,Legal professionals not elswhere classified,Legal professionals not elswhere classified,isco88,isco88,CSV:LAB_disco_from_raw_hierarchical,medium,danish,LAB_disco_242000,unit_group,181361,22605,0.002504
LAB_disco_213130,LAB,disco,213130,"Overordnet drift af IT-systemer, herunder planlægning, implementering og vedligeholdelse af drifts-systemer","Overordnet drift af IT-systemer, herunder planlægning, implementering og vedligeholdelse af drifts-systemer",,,"Computer systems designers, analysts and programmers","Computer systems designers, analysts and programmers",isco88,isco88,CSV:LAB_disco_from_raw_hierarchical,medium,danish,LAB_disco_213100,detail,27436,5371,0.000595
LAB_disco_122200,LAB,disco,122200,Ledelse af reklame og PR,Ledelse af reklame og PR,,,Management of advertising and PR,Advertising and Public Relations Managers,isco08-crosswalk,translated,CSV:LAB_disco_from_raw,medium,danish,LAB_disco_122000,unit_group,219024,43621,0.004831
LAB_disco_131200,LAB,disco,131200,Ledelse af produktion inden for akvakultur og fiskeri,Ledelse af produktion inden for akvakultur og fiskeri,,,Management of production in aquaculture and fishing,Aquaculture and Fisheries Production Managers,isco08-crosswalk,translated,CSV:LAB_disco_from_raw,medium,danish,LAB_disco_131000,unit_group,183516,36430,0.004035
LAB_disco_827500,LAB,disco,827500,Betjening af maskiner i frugt- og grøntkonservesproduktion og margarinefremstilling,Betjening af maskiner i frugt- og grøntkonservesproduktion og margarinefremstilling,,,"Fruit-, vegetable- and nut-processing-machine operators","Fruit-, vegetable- and nut-processing-machine operators",isco88,isco88,CSV:LAB_disco_from_raw_hierarchical,medium,danish,LAB_disco_827000,unit_group,26578,5172,0.000573
LAB_disco_235950,LAB,disco,235950,Undervisning på aftenskoler,Undervisning på aftenskoler,,,Other teaching professionals not elsewhere classified,Other teaching professionals not elsewhere classified,isco88,isco88,CSV:LAB_disco_from_raw_hierarchical,medium,danish,LAB_disco_235900,detail,27289,7549,0.000836
LAB_disco_235910,LAB,disco,235910,Undervisningsarbejde ikke klassificeret andetsteds (ekskl. medhjælp),Undervisningsarbejde ikke klassificeret andetsteds (ekskl. medhjælp),,,Educational work not classified elsewhere (excluding helpers),Teaching Professionals Not Elsewhere Classified,isco08-crosswalk,translated,CSV:LAB_disco_from_raw,medium,danish,LAB_disco_235900,detail,22965,4999,0.000554
LAB_disco_232020,LAB,disco,232020,Undervisning ved arbejdsmarkedsuddannelser,Undervisning ved arbejdsmarkedsuddannelser,,,Training at labor market education programs,Vocational Education Teachers,isco08-crosswalk,translated,CSV:LAB_disco_from_raw,medium,danish,LAB_disco_232000,detail,174596,23680,0.002623
LAB_disco_343000,LAB,disco,343000,Administrationsarbejde,Administrationsarbejde,,,Administrative associate professionals,Administrative associate professionals,isco88,isco88,CSV:LAB_disco_from_raw_hierarchical,medium,danish,LAB_disco_340000,minor_group,65467,15374,0.001703
LAB_disco_813100,LAB,disco,813100,Operatør ved glas- og keramikovne,Operatør ved glas- og keramikovne,,,Glass and ceramics kiln and related machine operators,Glass and ceramics kiln and related machine operators,isco88,isco88,CSV:LAB_disco_from_raw_hierarchical,medium,danish,LAB_disco_813000,unit_group,20237,1964,0.000218
LAB_disco_343120,LAB,disco,343120,"Administrativt arbejde, intern sagsbehandling og direktionssekretærarbejde","Administrativt arbejde, intern sagsbehandling og direktionssekretærarbejde",,,Administrative secretaries and related associate professionals,Administrative secretaries and related associate professionals,isco88,isco88,CSV:LAB_disco_from_raw_hierarchical,medium,danish,LAB_disco_343100,detail,157402,25192,0.00279
LAB_disco_615200,LAB,disco,615200,Kystfiskeri,Kystfiskeri,,,Inland and coastal waters fishery workers,Inland and coastal waters fishery workers,isco88,isco88,CSV:LAB_disco_from_raw_hierarchical,medium,danish,LAB_disco_615000,unit_group,229706,19308,0.002139
LAB_disco_311300,LAB,disco,311300,Teknikerarbejde inden for det elektriske område,Teknikerarbejde inden for det elektriske område,,,Technical work in the electrical field,Electrical Engineering Technicians,isco08-crosswalk,translated,CSV:LAB_disco_from_raw,medium,danish,LAB_disco_311000,unit_group,105185,12318,0.001364
LAB_disco_213110,LAB,disco,213110,Arbejde inden for biokemi,Arbejde inden for biokemi,,,Work in biochemistry,"Biologists, Botanists, Zoologists and Related Professionals",isco08-crosswalk,translated,CSV:LAB_disco_from_raw,medium,danish,LAB_disco_213100,detail,53920,10421,0.001154
LAB_disco_742300,LAB,disco,742300,Opstilling og betjening af maskiner inden for træindustri,Opstilling og betjening af maskiner inden for træindustri,,,Woodworking machine setters and setter-operators,Woodworking machine setters and setter-operators,isco88,isco88,CSV:LAB_disco_from_raw_hierarchical,medium,danish,LAB_disco_742000,unit_group,150843,22283,0.002468
LAB_disco_511100,LAB,disco,511100,Passagerbetjening,Passagerbetjening,,,Travel attendants and travel stewards,Travel attendants and travel stewards,isco88,isco88,CSV:LAB_disco_from_raw_hierarchical,medium,danish,LAB_disco_511000,unit_group,81659,8650,0.000958
LAB_disco_341170,LAB,disco,341170,"Analysearbejde vedr. omsætning af værdipapirer, valuta og andre finansielle instrumenter","Analysearbejde vedr. omsætning af værdipapirer, valuta og andre finansielle instrumenter",,,Securities and finance dealers and brokers,Securities and finance dealers and brokers,isco88,isco88,CSV:LAB_disco_from_raw_hierarchical,medium,danish,LAB_disco_341100,detail,12084,2245,0.000249
LAB_disco_348000,LAB,disco,348000,Arbejde med tilknytning til religion,Arbejde med tilknytning til religion,,,Religious associate professionals,Religious associate professionals,isco88,isco88,CSV:LAB_disco_from_raw_hierarchical,medium,danish,LAB_disco_340000,minor_group,36881,6787,0.000752
LAB_disco_721200,LAB,disco,721200,Svejsearbejde og skærebrænding,Svejsearbejde og skærebrænding,,,Welding work and flame cutting,Welders and Flame Cutters,isco08-crosswalk,translated,CSV:LAB_disco_from_raw,medium,danish,LAB_disco_721000,unit_group,356692,41052,0.004547
LAB_disco_722400,LAB,disco,722400,Arbejde med polering og slibning af emner i metal,Arbejde med polering og slibning af emner i metal,,,Polishing and grinding of metal objects work,"Metal Polishers, Wheel Grinders and Tool Sharpeners",isco08-crosswalk,translated,CSV:LAB_disco_from_raw,medium,danish,LAB_disco_722000,unit_group,31996,3552,0.000393
LAB_disco_714200,LAB,disco,714200,Sprøjtelakeringsarbejde,Sprøjtelakeringsarbejde,,,"Painters, building structure cleaners and related trades workers","Painters, building structure cleaners and related trades workers",isco88,isco88,CSV:LAB_disco_from_raw_hierarchical,medium,danish,LAB_disco_714000,unit_group,72811,8370,0.000927
LAB_disco_832450,LAB,disco,832450,Last- og tankbilschauffører med salgs- og repræsentationsopgaver,Last- og tankbilschauffører med salgs- og repræsentationsopgaver,,,Heavy truck and lorry drivers,Heavy truck and lorry drivers,isco88,isco88,CSV:LAB_disco_from_raw_hierarchical,medium,danish,LAB_disco_832400,detail,27996,4377,0.000485
LAB_disco_911300,LAB,disco,911300,salgs- og servicearbejde fra gade eller telefon,salgs- og servicearbejde fra gade eller telefon,,,Door-to-door and telephone salespersons,Door-to-door and telephone salespersons,isco88,isco88,CSV:LAB_disco_from_raw_hierarchical,medium,danish,LAB_disco_911000,unit_group,59312,16160,0.00179
LAB_disco_412110,LAB,disco,412110,Beregningsarbejde vedr. bogføring,Beregningsarbejde vedr. bogføring,,,Accounting and book-keeping clerks,Accounting and book-keeping clerks,isco88,isco88,CSV:LAB_disco_from_raw_hierarchical,medium,danish,LAB_disco_412100,detail,100122,16624,0.001841
LAB_disco_344900,LAB,disco,344900,Administrative funktioner i offentlig virksomhed i øvrigt,Administrative funktioner i offentlig virksomhed i øvrigt,,,"Customs, tax and related government associate professionals not elsewhere classified","Customs, tax and related government associate professionals not elsewhere classified",isco88,isco88,CSV:LAB_disco_from_raw_hierarchical,medium,danish,LAB_disco_344000,unit_group,53764,6180,0.000684
LAB_disco_413330,LAB,disco,413330,Udryknings- og transporttilrettelæggelse vedr. redningstjeneste,Udryknings- og transporttilrettelæggelse vedr. redningstjeneste,,,Transport clerks,Transport clerks,isco88,isco88,CSV:LAB_disco_from_raw_hierarchical,medium,danish,LAB_disco_413300,detail,5874,1024,0.000113
LAB_disco_712900,LAB,disco,712900,Andet bygningsarbejde,Andet bygningsarbejde,,,Building frame and related trades workers not elsewhere classified,Building frame and related trades workers not elsewhere classified,isco88,isco88,CSV:LAB_disco_from_raw_hierarchical,medium,danish,LAB_disco_712000,unit_group,47346,8300,0.000919
LAB_disco_311000,LAB,disco,311000,"Teknikerarbejde inden for fysik og kemi, mekanik mv.","Teknikerarbejde inden for fysik og kemi, mekanik mv.",,,Physical and engineering science technicians,Physical and engineering science technicians,isco88,isco88,CSV:LAB_disco_from_raw_hierarchical,medium,danish,LAB_disco_310000,minor_group,64893,14384,0.001593
LAB_disco_311200,LAB,disco,311200,Teknikerarbejde inden for byggeri- og anlæg,Teknikerarbejde inden for byggeri- og anlæg,,,Technical work within construction and installation,Civil Engineering Technicians,isco08-crosswalk,translated,CSV:LAB_disco_from_raw,medium,danish,LAB_disco_311000,unit_group,200133,23528,0.002606
LAB_disco_311500,LAB,disco,311500,"Teknikerarbejde vedr. maskiner og røranlæg, ikke på skibe","Teknikerarbejde vedr. maskiner og røranlæg, ikke på skibe",,,Mechanical engineering technicians,Mechanical engineering technicians,isco88,isco88,CSV:LAB_disco_from_raw_hierarchical,medium,danish,LAB_disco_311000,unit_group,382273,35721,0.003956
LAB_disco_314100,LAB,disco,314100,Teknikerarbejde inden for biovidenskab (undtagen medicinsk område),Teknikerarbejde inden for biovidenskab (undtagen medicinsk område),,,Technical work within bioscience (except medical area),Life Science Technicians (excluding Medical),isco08-crosswalk,translated,CSV:LAB_disco_from_raw,medium,danish,LAB_disco_314000,unit_group,51289,4973,0.000551
LAB_disco_833200,LAB,disco,833200,Entreprenørmaskinførere,Entreprenørmaskinførere,,,Earth-moving and related plant operators,Earth-moving and related plant operators,isco88,isco88,CSV:LAB_disco_from_raw_hierarchical,medium,danish,LAB_disco_833000,unit_group,138654,14596,0.001617
LAB_disco_123400,LAB,disco,123400,Informations- og markedsføringsledelse i virksomhed med mindst 10 beskæftigede,Informations- og markedsføringsledelse i virksomhed med mindst 10 beskæftigede,,,Advertising and public relations managers,Advertising and public relations managers,isco88,isco88,CSV:LAB_disco_from_raw_hierarchical,medium,danish,LAB_disco_123000,unit_group,46498,6332,0.000701
LAB_disco_614100,LAB,disco,614100,Skovbrugsarbejde,Skovbrugsarbejde,,,Forestry workers and loggers,Forestry workers and loggers,isco88,isco88,CSV:LAB_disco_from_raw_hierarchical,medium,danish,LAB_disco_614000,unit_group,36639,5535,0.000613
LAB_disco_833300,LAB,disco,833300,Kran- og liftførerarbejde,Kran- og liftførerarbejde,,,"Crane, hoist and related plant operators","Crane, hoist and related plant operators",isco88,isco88,CSV:LAB_disco_from_raw_hierarchical,medium,danish,LAB_disco_833000,unit_group,32966,3592,0.000398
LAB_disco_833310,LAB,disco,833310,Kranførere ved stationære kraner,Kranførere ved stationære kraner,,,"Crane, hoist and related plant operators","Crane, hoist and related plant operators",isco88,isco88,CSV:LAB_disco_from_raw_hierarchical,medium,danish,LAB_disco_833300,detail,3553,515,5.7e-05
LAB_disco_723190,LAB,disco,723190,"Mekanikerarbejde, andre områder","Mekanikerarbejde, andre områder",,,"Mechanic work, other areas",Motor Vehicle Mechanics and Repairers,isco08-crosswalk,translated,CSV:LAB_disco_from_raw,medium,danish,LAB_disco_723100,detail,9980,1878,0.000208
LAB_disco_914113,LAB,disco,914113,Pedelarbejde på skoler o.l.,Pedelarbejde på skoler o.l.,,,Building caretakers,Building caretakers,isco88,isco88,CSV:LAB_disco_from_raw_hierarchical,medium,danish,LAB_disco_914100,detail,20295,3916,0.000434
LAB_disco_720000,LAB,disco,720000,Metal- og maskinarbejde,Metal- og maskinarbejde,,,"Metal, machinery and related trades workers","Metal, machinery and related trades workers",isco88,isco88,CSV:LAB_disco_from_raw_hierarchical,medium,danish,LAB_disco_700000,sub_major_group,14868,3283,0.000364
LAB_disco_831210,LAB,disco,831210,Betjent- og rangerarbejde,Betjent- og rangerarbejde,,,"Railway brakers, signallers and shunters","Railway brakers, signallers and shunters",isco88,isco88,CSV:LAB_disco_from_raw_hierarchical,medium,danish,LAB_disco_831200,detail,10682,1436,0.000159
LAB_disco_512100,LAB,disco,512100,Generelt husholdningsarbejde,Generelt husholdningsarbejde,,,Housekeepers and related workers,Housekeepers and related workers,isco88,isco88,CSV:LAB_disco_from_raw_hierarchical,medium,danish,LAB_disco_512000,unit_group,92609,11502,0.001274
LAB_disco_322200,LAB,disco,322200,Assisterende arbejde inden for fødselshjælp,Assisterende arbejde inden for fødselshjælp,,,Assistant work within maternity care,Midwifery Associate Professionals,isco08-crosswalk,translated,CSV:LAB_disco_from_raw,medium,danish,LAB_disco_322000,unit_group,20388,1843,0.000204
LAB_disco_914112,LAB,disco,914112,Arbejde som gårdmand o.l.,Arbejde som gårdmand o.l.,,,Building caretakers,Building caretakers,isco88,isco88,CSV:LAB_disco_from_raw_hierarchical,medium,danish,LAB_disco_914100,detail,33481,6271,0.000695
LAB_disco_823210,LAB,disco,823210,Betjening af maskiner ved produktion af plast,Betjening af maskiner ved produktion af plast,,,Plastic-products machine operators,Plastic-products machine operators,isco88,isco88,CSV:LAB_disco_from_raw_hierarchical,medium,danish,LAB_disco_823200,detail,12724,2201,0.000244
LAB_disco_823220,LAB,disco,823220,Betjening af maskiner ved produktion af plastprodukter,Betjening af maskiner ved produktion af plastprodukter,,,Plastic-products machine operators,Plastic-products machine operators,isco88,isco88,CSV:LAB_disco_from_raw_hierarchical,medium,danish,LAB_disco_823200,detail,56598,10529,0.001166
LAB_disco_244430,LAB,disco,244430,Tolkearbejde,Tolkearbejde,,,"Philologists, translators and interpreters","Philologists, translators and interpreters",isco88,isco88,CSV:LAB_disco_from_raw_hierarchical,medium,danish,LAB_disco_244400,detail,10532,2271,0.000252
LAB_disco_235930,LAB,disco,235930,Undervisning af indvandrere,Undervisning af indvandrere,,,Other teaching professionals not elsewhere classified,Other teaching professionals not elsewhere classified,isco88,isco88,CSV:LAB_disco_from_raw_hierarchical,medium,danish,LAB_disco_235900,detail,8907,1717,0.00019
LAB_disco_241930,LAB,disco,241930,"Specialfunktioner i offentlige virksomheder vedr. organisation, økonomi, forvaltning mv.","Specialfunktioner i offentlige virksomheder vedr. organisation, økonomi, forvaltning mv.",,,Business professionals not elsewhere classified,Business professionals not elsewhere classified,isco88,isco88,CSV:LAB_disco_from_raw_hierarchical,medium,danish,LAB_disco_241900,detail,8568,1911,0.000212
LAB_disco_611230,LAB,disco,611230,Anlægsgartnerarbejde,Anlægsgartnerarbejde,,,"Gardeners, horticultural and nursery growers","Gardeners, horticultural and nursery growers",isco88,isco88,CSV:LAB_disco_from_raw_hierarchical,medium,danish,LAB_disco_611200,detail,36677,6751,0.000748
LAB_disco_913260,LAB,disco,913260,"Rengøring af passagerområder i fly, tog og busser","Rengøring af passagerområder i fly, tog og busser",,,"Helpers and cleaners in offices, hotels and other establishments","Helpers and cleaners in offices, hotels and other establishments",isco88,isco88,CSV:LAB_disco_from_raw_hierarchical,medium,danish,LAB_disco_913200,detail,11424,1836,0.000203
LAB_disco_911000,LAB,disco,911000,Salg og service fra gade eller telefon,Salg og service fra gade eller telefon,,,Street vendors and related workers,Street vendors and related workers,isco88,isco88,CSV:LAB_disco_from_raw_hierarchical,medium,danish,LAB_disco_910000,minor_group,4936,1765,0.000195
LAB_disco_832410,LAB,disco,832410,"Last- og tankbilschauffører med farligt gods, national transport","Last- og tankbilschauffører med farligt gods, national transport",,,Heavy truck and lorry drivers,Heavy truck and lorry drivers,isco88,isco88,CSV:LAB_disco_from_raw_hierarchical,medium,danish,LAB_disco_832400,detail,15953,2890,0.00032
LAB_disco_914200,LAB,disco,914200,Vinduespolering og klargøring af biler,Vinduespolering og klargøring af biler,,,"Vehicle, window and related cleaners","Vehicle, window and related cleaners",isco88,isco88,CSV:LAB_disco_from_raw_hierarchical,medium,danish,LAB_disco_914000,unit_group,75634,8253,0.000914
LAB_disco_724200,LAB,disco,724200,Montørarbejde vedr. elektronik,Montørarbejde vedr. elektronik,,,"Electronics mechanics, fitters and servicers","Electronics mechanics, fitters and servicers",isco88,isco88,CSV:LAB_disco_from_raw_hierarchical,medium,danish,LAB_disco_724000,unit_group,96722,12218,0.001353
LAB_disco_422210,LAB,disco,422210,Receptionsarbejde,Receptionsarbejde,,,Receptionists and information clerks,Receptionists and information clerks,isco88,isco88,CSV:LAB_disco_from_raw_hierarchical,medium,danish,LAB_disco_422200,detail,44720,10509,0.001164
LAB_disco_131300,LAB,disco,131300,Ledelse af produktionen i bygge- og anlægssektoren i virksomhed med færre end 10 beskæftigede,Ledelse af produktionen i bygge- og anlægssektoren i virksomhed med færre end 10 beskæftigede,,,Managers of small enterprises in construction,Managers of small enterprises in construction,isco88,isco88,CSV:LAB_disco_from_raw_hierarchical,medium,danish,LAB_disco_131000,unit_group,117726,18793,0.002081
LAB_disco_131100,LAB,disco,131100,Ledelse af produktion i landbrug og skovbrug,Ledelse af produktion i landbrug og skovbrug,,,Production management in agriculture and forestry,Agricultural and Forestry Production Managers,isco08-crosswalk,translated,CSV:LAB_disco_from_raw,medium,danish,LAB_disco_131000,unit_group,146616,32814,0.003634
LAB_disco_742200,LAB,disco,742200,Installation og service inden for informations- og kommunikationsteknologi,Installation og service inden for informations- og kommunikationsteknologi,,,Installation and service within information and communication technology,Information and Communications Technology Installers and Servicers,isco08-crosswalk,translated,CSV:LAB_disco_from_raw,medium,danish,LAB_disco_742000,unit_group,81393,10677,0.001183
LAB_disco_241000,LAB,disco,241000,Arbejde med virksomheders organisation og økonomi,Arbejde med virksomheders organisation og økonomi,,,Business professionals,Business professionals,isco88,isco88,CSV:LAB_disco_from_raw_hierarchical,medium,danish,LAB_disco_240000,minor_group,106618,14239,0.001577
LAB_disco_714100,LAB,disco,714100,Maler- og tapetsererarbejde,Maler- og tapetsererarbejde,,,Painters and related workers,Painters and related workers,isco88,isco88,CSV:LAB_disco_from_raw_hierarchical,medium,danish,LAB_disco_714000,unit_group,604884,42515,0.004709
LAB_disco_421100,LAB,disco,421100,Kundebetjening og kassererarbejde i pengeinstitutter,Kundebetjening og kassererarbejde i pengeinstitutter,,,Customer service and cashier work in financial institutions,Bank Tellers and Related Clerks,isco08-crosswalk,translated,CSV:LAB_disco_from_raw,medium,danish,LAB_disco_421000,unit_group,146953,17734,0.001964
LAB_disco_341200,LAB,disco,341200,Social rådgivningsarbejde på mellemniveau,Social rådgivningsarbejde på mellemniveau,,,Mid-level social counseling work,Social Work Associate Professionals,isco08-crosswalk,translated,CSV:LAB_disco_from_raw,medium,danish,LAB_disco_341000,unit_group,129682,12399,0.001373
LAB_disco_245200,LAB,disco,245200,Illustrations- og formgivningsarbejde,Illustrations- og formgivningsarbejde,,,"Sculptors, painters and related artists","Sculptors, painters and related artists",isco88,isco88,CSV:LAB_disco_from_raw_hierarchical,medium,danish,LAB_disco_245000,unit_group,75975,9574,0.00106
LAB_disco_600000,LAB,disco,600000,"Arbejde inden for landbrug, gartneri, skovbrug, jagt og fiskeri","Arbejde inden for landbrug, gartneri, skovbrug, jagt og fiskeri",,,Skilled Agricultural and Fishery Workers,Skilled Agricultural and Fishery Workers,isco88,isco88,CSV:LAB_disco_from_raw_hierarchical,medium,danish,,major_group,3677,972,0.000108
LAB_disco_911310,LAB,disco,911310,Dør- og telefonsalg,Dør- og telefonsalg,,,Door-to-door and telephone salespersons,Door-to-door and telephone salespersons,isco88,isco88,CSV:LAB_disco_from_raw_hierarchical,medium,danish,LAB_disco_911300,detail,53089,15138,0.001677
LAB_disco_223020,LAB,disco,223020,Sundhedsplejerskearbejde,Sundhedsplejerskearbejde,,,Nursing and midwifery professionals,Nursing and midwifery professionals,isco88,isco88,CSV:LAB_disco_from_raw_hierarchical,medium,danish,LAB_disco_223000,detail,25241,2786,0.000309
LAB_disco_412100,LAB,disco,412100,Beregningsarbejde vedr. bogføring og revision,Beregningsarbejde vedr. bogføring og revision,,,Accounting and book-keeping clerks,Accounting and book-keeping clerks,isco88,isco88,CSV:LAB_disco_from_raw_hierarchical,medium,danish,LAB_disco_412000,unit_group,190193,29462,0.003263
LAB_disco_123500,LAB,disco,123500,Indkøbs- og forsyningsledelse i virksomhed med mindst 10 beskæftigede,Indkøbs- og forsyningsledelse i virksomhed med mindst 10 beskæftigede,,,Supply and distribution managers,Supply and distribution managers,isco88,isco88,CSV:LAB_disco_from_raw_hierarchical,medium,danish,LAB_disco_123000,unit_group,75312,8901,0.000986
LAB_disco_421500,LAB,disco,421500,Inkassoarbejde,Inkassoarbejde,,,Debt-collectors and related workers,Debt-collectors and related workers,isco88,isco88,CSV:LAB_disco_from_raw_hierarchical,medium,danish,LAB_disco_421000,unit_group,15911,2098,0.000232
LAB_disco_233120,LAB,disco,233120,Undervisning i ungdomsskoler,Undervisning i ungdomsskoler,,,Primary education teaching professionals,Primary education teaching professionals,isco88,isco88,CSV:LAB_disco_from_raw_hierarchical,medium,danish,LAB_disco_233100,detail,46020,11845,0.001312
LAB_disco_213120,LAB,disco,213120,"Arbejde inden for biologi, botanik, zoologi og beslægtede områder","Arbejde inden for biologi, botanik, zoologi og beslægtede områder",,,"Work in biology, botany, zoology, and related fields","Biologists, Botanists, Zoologists and Related Professionals",isco08-crosswalk,translated,CSV:LAB_disco_from_raw,medium,danish,LAB_disco_213100,detail,76092,14646,0.001622
LAB_disco_246000,LAB,disco,246000,"Arbejde inden for religion, herunder præster o.l.","Arbejde inden for religion, herunder præster o.l.",,,Religious professionals,Religious professionals,isco88,isco88,CSV:LAB_disco_from_raw_hierarchical,medium,danish,LAB_disco_240000,minor_group,111966,6559,0.000726
LAB_disco_614200,LAB,disco,614200,kulsvierarbejde,kulsvierarbejde,,,Charcoal burners and related workers,Charcoal burners and related workers,isco88,isco88,CSV:LAB_disco_from_raw_hierarchical,medium,danish,LAB_disco_614000,unit_group,3658,1106,0.000122
LAB_disco_214400,LAB,disco,214400,Ingeniørarbejde inden for mekaniske systemer,Ingeniørarbejde inden for mekaniske systemer,,,Engineering work within mechanical systems,Mechanical Engineers,isco08-crosswalk,translated,CSV:LAB_disco_from_raw,medium,danish,LAB_disco_214000,unit_group,130623,13662,0.001513
LAB_disco_713100,LAB,disco,713100,Tagdækningsarbejde,Tagdækningsarbejde,,,Roofers,Roofers,isco88,isco88,CSV:LAB_disco_from_raw_hierarchical,medium,danish,LAB_disco_713000,unit_group,53133,5213,0.000577
LAB_disco_931330,LAB,disco,931330,Medhjælp ved murerarbejde,Medhjælp ved murerarbejde,,,Helper work for bricklayers,Building Construction Labourers,isco08-crosswalk,translated,CSV:LAB_disco_from_raw,medium,danish,LAB_disco_931300,detail,26710,5585,0.000619
LAB_disco_614000,LAB,disco,614000,Skovbrugsarbejde,Skovbrugsarbejde,,,Forestry and related workers,Forestry and related workers,isco88,isco88,CSV:LAB_disco_from_raw_hierarchical,medium,danish,LAB_disco_610000,minor_group,3767,1201,0.000133
LAB_disco_120000,LAB,disco,120000,Øverste ledelse i virksomheden i virksomhed med mindst 10 beskæftigede,Øverste ledelse i virksomheden i virksomhed med mindst 10 beskæftigede,,,Corporate managers,Corporate managers,isco88,isco88,CSV:LAB_disco_from_raw_hierarchical,medium,danish,LAB_disco_100000,sub_major_group,55932,11752,0.001302
LAB_disco_314300,LAB,disco,314300,Skovbrugsteknikerarbejde,Skovbrugsteknikerarbejde,,,Forest engineering work,Forestry Technicians,isco08-crosswalk,translated,CSV:LAB_disco_from_raw,medium,danish,LAB_disco_314000,unit_group,47047,2754,0.000305
LAB_disco_821200,LAB,disco,821200,Monteringsarbejde af elektrisk og elektronisk udstyr,Monteringsarbejde af elektrisk og elektronisk udstyr,,,Installation work of electrical and electronic equipment,Electrical and Electronic Equipment Assemblers,isco08-crosswalk,translated,CSV:LAB_disco_from_raw,medium,danish,LAB_disco_821000,unit_group,79914,10903,0.001208
LAB_disco_241200,LAB,disco,241200,"Personalearbejde på professionelt niveau, herunder ansatte i konsulentbureauer","Personalearbejde på professionelt niveau, herunder ansatte i konsulentbureauer",,,Personnel and careers professionals,Personnel and careers professionals,isco88,isco88,CSV:LAB_disco_from_raw_hierarchical,medium,danish,LAB_disco_241000,unit_group,121233,19418,0.002151
LAB_disco_828500,LAB,disco,828500,Monterings- og samlebåndsarbejde inden for træproduktion,Monterings- og samlebåndsarbejde inden for træproduktion,,,Wood and related products assemblers,Wood and related products assemblers,isco88,isco88,CSV:LAB_disco_from_raw_hierarchical,medium,danish,LAB_disco_828000,unit_group,63216,10396,0.001151
LAB_disco_712430,LAB,disco,712430,Tømrer- og snedkerarbejde (industriel forarbejdning uden anvendelse af maskiner),Tømrer- og snedkerarbejde (industriel forarbejdning uden anvendelse af maskiner),,,Carpenters and joiners,Carpenters and joiners,isco88,isco88,CSV:LAB_disco_from_raw_hierarchical,medium,danish,LAB_disco_712400,detail,11413,2211,0.000245
LAB_disco_241920,LAB,disco,241920,"Specialfunktioner i interesseorganisationer vedr. organisation, økonomi mv.","Specialfunktioner i interesseorganisationer vedr. organisation, økonomi mv.",,,Business professionals not elsewhere classified,Business professionals not elsewhere classified,isco88,isco88,CSV:LAB_disco_from_raw_hierarchical,medium,danish,LAB_disco_241900,detail,44186,7085,0.000785
LAB_disco_114200,LAB,disco,114200,Ledelse af økonomiske interesseorganisationer,Ledelse af økonomiske interesseorganisationer,,,"Senior officials of employers', workers' and other economic-interest organisations","Senior officials of employers', workers' and other economic-interest organisations",isco88,isco88,CSV:LAB_disco_from_raw_hierarchical,medium,danish,LAB_disco_114000,unit_group,22302,2930,0.000325
LAB_disco_123600,LAB,disco,123600,"Edb-ledelse, ledelse af edb-virksomhed placeres i gruppe 131700 i virksomhed med mindst 10 beskæftigede","Edb-ledelse, ledelse af edb-virksomhed placeres i gruppe 131700 i virksomhed med mindst 10 beskæftigede",,,Computing services managers,Computing services managers,isco88,isco88,CSV:LAB_disco_from_raw_hierarchical,medium,danish,LAB_disco_123000,unit_group,31773,4146,0.000459
LAB_disco_712930,LAB,disco,712930,Opsætning og nedtagning af stilladser,Opsætning og nedtagning af stilladser,,,Building frame and related trades workers not elsewhere classified,Building frame and related trades workers not elsewhere classified,isco88,isco88,CSV:LAB_disco_from_raw_hierarchical,medium,danish,LAB_disco_712900,detail,16254,2974,0.000329
LAB_disco_721300,LAB,disco,721300,Pladesmedarbejde,Pladesmedarbejde,,,Sheet-metal work,Sheet Metal Workers,isco08-crosswalk,translated,CSV:LAB_disco_from_raw,medium,danish,LAB_disco_721000,unit_group,213872,25239,0.002795
LAB_disco_713900,LAB,disco,713900,"Andet bygningshåndværk, fx køkkenmontering","Andet bygningshåndværk, fx køkkenmontering",,,Building finishers and related trade workers not elsewhere classified,Building finishers and related trade workers not elsewhere classified,isco88,isco88,CSV:LAB_disco_from_raw_hierarchical,medium,danish,LAB_disco_713000,unit_group,77464,14890,0.001649
LAB_disco_816200,LAB,disco,816200,Kedelpasning,Kedelpasning,,,Steam-engine and boiler operators,Steam-engine and boiler operators,isco88,isco88,CSV:LAB_disco_from_raw_hierarchical,medium,danish,LAB_disco_816000,unit_group,62841,5858,0.000649
LAB_disco_315220,LAB,disco,315220,Kontrolarbejde vedr. sikkerhed,Kontrolarbejde vedr. sikkerhed,,,"Safety, health and quality inspectors","Safety, health and quality inspectors",isco88,isco88,CSV:LAB_disco_from_raw_hierarchical,medium,danish,LAB_disco_315200,detail,12453,1929,0.000214
LAB_disco_825200,LAB,disco,825200,Betjening af bogbinderimaskiner,Betjening af bogbinderimaskiner,,,Book-binding-machine operators,Book-binding-machine operators,isco88,isco88,CSV:LAB_disco_from_raw_hierarchical,medium,danish,LAB_disco_825000,unit_group,65887,6752,0.000748
LAB_disco_825130,LAB,disco,825130,"Betjening af trykmaskiner, digitaltryk og -print","Betjening af trykmaskiner, digitaltryk og -print",,,Printing-machine operators,Printing-machine operators,isco88,isco88,CSV:LAB_disco_from_raw_hierarchical,medium,danish,LAB_disco_825100,detail,1904,371,4.1e-05
LAB_disco_827800,LAB,disco,827800,Betjening af maskiner i bryggeriproduktion,Betjening af maskiner i bryggeriproduktion,,,"Brewers, wine and other beverage machine operators","Brewers, wine and other beverage machine operators",isco88,isco88,CSV:LAB_disco_from_raw_hierarchical,medium,danish,LAB_disco_827000,unit_group,110387,11212,0.001242
LAB_disco_828000,LAB,disco,828000,Monterings- og samlebåndsarbejde,Monterings- og samlebåndsarbejde,,,Assemblers,Assemblers,isco88,isco88,CSV:LAB_disco_from_raw_hierarchical,medium,danish,LAB_disco_820000,minor_group,74141,6093,0.000675
LAB_disco_733200,LAB,disco,733200,Håndarbejde i tekstil og læder,Håndarbejde i tekstil og læder,,,"Handicraft workers in textile, leather and related materials","Handicraft workers in textile, leather and related materials",isco88,isco88,CSV:LAB_disco_from_raw_hierarchical,medium,danish,LAB_disco_733000,unit_group,6371,1056,0.000117
LAB_disco_412120,LAB,disco,412120,Beregningsarbejde vedr. revision,Beregningsarbejde vedr. revision,,,Accounting and book-keeping clerks,Accounting and book-keeping clerks,isco88,isco88,CSV:LAB_disco_from_raw_hierarchical,medium,danish,LAB_disco_412100,detail,25142,4595,0.000509
LAB_disco_510000,LAB,disco,510000,Service- og omsorgsarbejde,Service- og omsorgsarbejde,,,Personal and protective services workers,Personal and protective services workers,isco88,isco88,CSV:LAB_disco_from_raw_hierarchical,medium,danish,LAB_disco_500000,sub_major_group,485,130,1.4e-05
LAB_disco_422100,LAB,disco,422100,Rejsebureauarbejde,Rejsebureauarbejde,,,Travel agency work,Travel Consultants and Clerks,isco08-crosswalk,translated,CSV:LAB_disco_from_raw,medium,danish,LAB_disco_422000,unit_group,118984,15480,0.001715
LAB_disco_914220,LAB,disco,914220,Rengøring og klargøring af biler,Rengøring og klargøring af biler,,,"Vehicle, window and related cleaners","Vehicle, window and related cleaners",isco88,isco88,CSV:LAB_disco_from_raw_hierarchical,medium,danish,LAB_disco_914200,detail,9397,2208,0.000245
LAB_disco_122210,LAB,disco,122210,Øverste ledelse af produktionen i industrivirksomheder i virksomhed med mindst 10 beskæftigede,Øverste ledelse af produktionen i industrivirksomheder i virksomhed med mindst 10 beskæftigede,,,Production and operations managers in manufacturing,Production and operations managers in manufacturing,isco88,isco88,CSV:LAB_disco_from_raw_hierarchical,medium,danish,LAB_disco_122200,detail,27480,4687,0.000519
LAB_disco_243100,LAB,disco,243100,Arbejde inden for reklame og marketing,Arbejde inden for reklame og marketing,,,Work in advertising and marketing,Advertising and Marketing Professionals,isco08-crosswalk,translated,CSV:LAB_disco_from_raw,medium,danish,LAB_disco_243000,unit_group,20449,3065,0.000339
LAB_disco_832420,LAB,disco,832420,"Last- og tankbilschauffører med farligt gods, international transport","Last- og tankbilschauffører med farligt gods, international transport",,,Heavy truck and lorry drivers,Heavy truck and lorry drivers,isco88,isco88,CSV:LAB_disco_from_raw_hierarchical,medium,danish,LAB_disco_832400,detail,2215,497,5.5e-05
LAB_disco_343910,LAB,disco,343910,Tilsyns- og inspektørarbejde,Tilsyns- og inspektørarbejde,,,Administrative associate professionals,Administrative associate professionals,isco88,isco88,CSV:LAB_disco_from_raw_hierarchical,medium,danish,LAB_disco_343900,detail,62055,10507,0.001164
LAB_disco_213000,LAB,disco,213000,IT-arbejde på teknisk højt niveau,IT-arbejde på teknisk højt niveau,,,Computing professionals,Computing professionals,isco88,isco88,CSV:LAB_disco_from_raw_hierarchical,medium,danish,LAB_disco_210000,minor_group,5686,1147,0.000127
LAB_disco_222400,LAB,disco,222400,Farmaceutarbejde,Farmaceutarbejde,,,Pharmacists,Pharmacists,isco88,isco88,CSV:LAB_disco_from_raw_hierarchical,medium,danish,LAB_disco_222000,unit_group,121863,8659,0.000959
LAB_disco_342910,LAB,disco,342910,Salgs- og rådgivningsarbejde vedr. reklamer,Salgs- og rådgivningsarbejde vedr. reklamer,,,Business services agents and trade brokers not elsewhere classified,Business services agents and trade brokers not elsewhere classified,isco88,isco88,CSV:LAB_disco_from_raw_hierarchical,medium,danish,LAB_disco_342900,detail,30310,5368,0.000595
LAB_disco_712000,LAB,disco,712000,Bygningsarbejde (basis),Bygningsarbejde (basis),,,Building frame and related trades workers,Building frame and related trades workers,isco88,isco88,CSV:LAB_disco_from_raw_hierarchical,medium,danish,LAB_disco_710000,minor_group,33130,5968,0.000661
LAB_disco_832330,LAB,disco,832330,"Buschauffører, international rutefart","Buschauffører, international rutefart",,,Bus and tram drivers,Bus and tram drivers,isco88,isco88,CSV:LAB_disco_from_raw_hierarchical,medium,danish,LAB_disco_832300,detail,618,140,1.6e-05
LAB_disco_313200,LAB,disco,313200,Teknisk kontrolarbejde på forbrændings- og vandrensningsanlæg,Teknisk kontrolarbejde på forbrændings- og vandrensningsanlæg,,,Technical inspection work on incineration and wastewater treatment plants,Incinerator and Water Treatment Plant Operators,isco08-crosswalk,translated,CSV:LAB_disco_from_raw,medium,danish,LAB_disco_313000,unit_group,21189,2235,0.000248
LAB_disco_816300,LAB,disco,816300,Operatør ved forbrændings- og vandforsyningsanlæg,Operatør ved forbrændings- og vandforsyningsanlæg,,,"Incinerator, water-treatment and related plant operators","Incinerator, water-treatment and related plant operators",isco88,isco88,CSV:LAB_disco_from_raw_hierarchical,medium,danish,LAB_disco_816000,unit_group,8199,941,0.000104
LAB_disco_831100,LAB,disco,831100,Lokomotivførerarbejde,Lokomotivførerarbejde,,,Locomotive driver work,Locomotive Engine Drivers,isco08-crosswalk,translated,CSV:LAB_disco_from_raw,medium,danish,LAB_disco_831000,unit_group,84209,5061,0.000561
LAB_disco_827600,LAB,disco,827600,Betjening af maskiner i sukkerproduktion,Betjening af maskiner i sukkerproduktion,,,Sugar production machine operators,Sugar production machine operators,isco88,isco88,CSV:LAB_disco_from_raw_hierarchical,medium,danish,LAB_disco_827000,unit_group,12910,1938,0.000215
LAB_disco_511110,LAB,disco,511110,Passagerbetjening under rejser,Passagerbetjening under rejser,,,Passenger service during travel,Travel Attendants and Travel Stewards,isco08-crosswalk,translated,CSV:LAB_disco_from_raw,medium,danish,LAB_disco_511100,detail,38296,5420,0.0006
LAB_disco_741140,LAB,disco,741140,Slagterarbejde vedr. butik o.l.,Slagterarbejde vedr. butik o.l.,,,"Butchers, fishmongers and related food preparers","Butchers, fishmongers and related food preparers",isco88,isco88,CSV:LAB_disco_from_raw_hierarchical,medium,danish,LAB_disco_741100,detail,45213,8155,0.000903
LAB_disco_342300,LAB,disco,342300,Instruktørarbejde inden for fitness og beslægtede områder,Instruktørarbejde inden for fitness og beslægtede områder,,,Instruction work within fitness and related areas,Fitness and Recreation Instructors and Programme Leaders,isco08-crosswalk,translated,CSV:LAB_disco_from_raw,medium,danish,LAB_disco_342000,unit_group,76459,12865,0.001425
LAB_disco_827130,LAB,disco,827130,Maskinel behandling af råvarer inden for fiskeindustrien,Maskinel behandling af råvarer inden for fiskeindustrien,,,Meat- and fish-processing-machine operators,Meat- and fish-processing-machine operators,isco88,isco88,CSV:LAB_disco_from_raw_hierarchical,medium,danish,LAB_disco_827100,detail,16363,3266,0.000362
LAB_disco_341920,LAB,disco,341920,Finansielt arbejde vedr. boligrådgivning,Finansielt arbejde vedr. boligrådgivning,,,Finance and sales associate professionals not elsewhere classified,Finance and sales associate professionals not elsewhere classified,isco88,isco88,CSV:LAB_disco_from_raw_hierarchical,medium,danish,LAB_disco_341900,detail,17531,3656,0.000405
LAB_disco_242000,LAB,disco,242000,Juridisk arbejde,Juridisk arbejde,,,Legal professionals,Legal professionals,isco88,isco88,CSV:LAB_disco_from_raw_hierarchical,medium,danish,LAB_disco_240000,minor_group,41203,6625,0.000734
LAB_disco_520000,LAB,disco,520000,Detailsalg og modelarbejde,Detailsalg og modelarbejde,,,"Models, salespersons and demonstrators","Models, salespersons and demonstrators",isco88,isco88,CSV:LAB_disco_from_raw_hierarchical,medium,danish,LAB_disco_500000,sub_major_group,3716,978,0.000108
LAB_disco_322600,LAB,disco,322600,"Fysioterapi, kiropraktik og andet terapeutarbejde","Fysioterapi, kiropraktik og andet terapeutarbejde",,,Physiotherapists and related associate professionals,Physiotherapists and related associate professionals,isco88,isco88,CSV:LAB_disco_from_raw_hierarchical,medium,danish,LAB_disco_322000,unit_group,247309,21564,0.002388
LAB_disco_915300,LAB,disco,915300,"Måleraflæsning, automattømning","Måleraflæsning, automattømning",,,"Vending-machine money collectors, meter readers and related workers","Vending-machine money collectors, meter readers and related workers",isco88,isco88,CSV:LAB_disco_from_raw_hierarchical,medium,danish,LAB_disco_915000,unit_group,9408,1566,0.000173
LAB_disco_832430,LAB,disco,832430,Last- og tankbilschauffører med flytteopgaver,Last- og tankbilschauffører med flytteopgaver,,,Heavy truck and lorry drivers,Heavy truck and lorry drivers,isco88,isco88,CSV:LAB_disco_from_raw_hierarchical,medium,danish,LAB_disco_832400,detail,11797,2555,0.000283
LAB_disco_122600,LAB,disco,122600,Ledelse af hovedaktiviteten i virksomheder inden for transport og kommunikation i virksomhed med mindst 10 beskæftigede,Ledelse af hovedaktiviteten i virksomheder inden for transport og kommunikation i virksomhed med mindst 10 beskæftigede,,,"Production and operations managers in transport, storage and communications","Production and operations managers in transport, storage and communications",isco88,isco88,CSV:LAB_disco_from_raw_hierarchical,medium,danish,LAB_disco_122000,unit_group,61274,12092,0.001339
LAB_disco_834000,LAB,disco,834000,Dæksarbejde og medhjælperarbejde ombord på skibe,Dæksarbejde og medhjælperarbejde ombord på skibe,,,Ships' deck crews and related workers,Ships' deck crews and related workers,isco88,isco88,CSV:LAB_disco_from_raw_hierarchical,medium,danish,LAB_disco_830000,minor_group,104786,9981,0.001105
LAB_disco_811300,LAB,disco,811300,Boreanlægsarbejde,Boreanlægsarbejde,,,Boilermaker work,Well Drillers and Borers and Related Workers,isco08-crosswalk,translated,CSV:LAB_disco_from_raw,medium,danish,LAB_disco_811000,unit_group,17612,1781,0.000197
LAB_disco_321200,LAB,disco,321200,Teknikerarbejde inden for landbrugs- og skovbrugsvidenskab,Teknikerarbejde inden for landbrugs- og skovbrugsvidenskab,,,Agronomy and forestry technicians,Agronomy and forestry technicians,isco88,isco88,CSV:LAB_disco_from_raw_hierarchical,medium,danish,LAB_disco_321000,unit_group,38164,3456,0.000383
LAB_disco_114000,LAB,disco,114000,Overordnet ledelse af interesseorganisationer og humanitære organisationer,Overordnet ledelse af interesseorganisationer og humanitære organisationer,,,Senior officials of special-interest organisations,Senior officials of special-interest organisations,isco88,isco88,CSV:LAB_disco_from_raw_hierarchical,medium,danish,LAB_disco_110000,minor_group,3766,341,3.8e-05
LAB_disco_731100,LAB,disco,731100,Finmekanikerarbejde,Finmekanikerarbejde,,,Precision mechanic work,Precision-instrument Makers and Repairers,isco08-crosswalk,translated,CSV:LAB_disco_from_raw,medium,danish,LAB_disco_731000,unit_group,118212,10430,0.001155
LAB_disco_721500,LAB,disco,721500,Riggerarbejde,Riggerarbejde,,,Rigger work,Riggers and Cable Splicers,isco08-crosswalk,translated,CSV:LAB_disco_from_raw,medium,danish,LAB_disco_721000,unit_group,7589,895,9.9e-05
LAB_disco_731300,LAB,disco,731300,"Juveler-, guld- og sølvsmedearbejde","Juveler-, guld- og sølvsmedearbejde",,,"Jewelry, gold and silver smithing work",Jewellery and Precious Metal Workers,isco08-crosswalk,translated,CSV:LAB_disco_from_raw,medium,danish,LAB_disco_731000,unit_group,56214,4519,0.000501
LAB_disco_721100,LAB,disco,721100,Formning og støbning af emner i metal,Formning og støbning af emner i metal,,,Metal forming and casting work,Metal Moulders and Coremakers,isco08-crosswalk,translated,CSV:LAB_disco_from_raw,medium,danish,LAB_disco_721000,unit_group,46776,5490,0.000608
LAB_disco_744200,LAB,disco,744200,Skomager- og læderarbejde,Skomager- og læderarbejde,,,Shoe-makers and related workers,Shoe-makers and related workers,isco88,isco88,CSV:LAB_disco_from_raw_hierarchical,medium,danish,LAB_disco_744000,unit_group,33573,2860,0.000317
LAB_disco_314200,LAB,disco,314200,Landbrugsteknikerarbejde,Landbrugsteknikerarbejde,,,Agricultural technician work,Agricultural Technicians,isco08-crosswalk,translated,CSV:LAB_disco_from_raw,medium,danish,LAB_disco_314000,unit_group,138850,8921,0.000988
LAB_disco_341300,LAB,disco,341300,Arbejde med tilknytning til religion på mellemniveau,Arbejde med tilknytning til religion på mellemniveau,,,Religious work at intermediate level,Religious Associate Professionals,isco08-crosswalk,translated,CSV:LAB_disco_from_raw,medium,danish,LAB_disco_341000,unit_group,72923,5857,0.000649
LAB_disco_916100,LAB,disco,916100,Renovationsarbejde,Renovationsarbejde,,,Garbage collectors,Garbage collectors,isco88,isco88,CSV:LAB_disco_from_raw_hierarchical,medium,danish,LAB_disco_916000,unit_group,39228,5896,0.000653
LAB_disco_811200,LAB,disco,811200,Operatørarbejde ved anlæg til råstofudvinding,Operatørarbejde ved anlæg til råstofudvinding,,,Operator work at facilities for raw material extraction,Mineral and Stone Processing Plant Operators,isco08-crosswalk,translated,CSV:LAB_disco_from_raw,medium,danish,LAB_disco_811000,unit_group,16521,2019,0.000224
LAB_disco_732400,LAB,disco,732400,Glas- og porcelænsmalingsarbejde,Glas- og porcelænsmalingsarbejde,,,"Glass, ceramics and related decorative painters","Glass, ceramics and related decorative painters",isco88,isco88,CSV:LAB_disco_from_raw_hierarchical,medium,danish,LAB_disco_732000,unit_group,17794,1323,0.000147
LAB_disco_611100,LAB,disco,611100,Dyrkning af markafgrøder inden for jordbrug,Dyrkning af markafgrøder inden for jordbrug,,,Cultivation of field crops in agriculture,Field Crop and Vegetable Growers,isco08-crosswalk,translated,CSV:LAB_disco_from_raw,medium,danish,LAB_disco_611000,unit_group,47619,12953,0.001435
LAB_disco_347200,LAB,disco,347200,Speakerarbejde,Speakerarbejde,,,"Radio, television and other announcers","Radio, television and other announcers",isco88,isco88,CSV:LAB_disco_from_raw_hierarchical,medium,danish,LAB_disco_347000,unit_group,3447,635,7e-05
LAB_disco_411400,LAB,disco,411400,"Betjening af bogføringsmaskiner, regnemaskiner o.l.","Betjening af bogføringsmaskiner, regnemaskiner o.l.",,,Calculating-machine operators,Calculating-machine operators,isco88,isco88,CSV:LAB_disco_from_raw_hierarchical,medium,danish,LAB_disco_411000,unit_group,35977,6233,0.00069
LAB_disco_242100,LAB,disco,242100,Analytikerarbejde inden for ledelse og virksomhedsorganisation,Analytikerarbejde inden for ledelse og virksomhedsorganisation,,,Analytical work in management and business organization,Management and Organization Analysts,isco08-crosswalk,translated,CSV:LAB_disco_from_raw,medium,danish,LAB_disco_242000,unit_group,120593,8700,0.000964
LAB_disco_815200,LAB,disco,815200,Operatørarbejde ved vævning og strikning,Operatørarbejde ved vævning og strikning,,,Operator work in weaving and knitting,Weaving and Knitting Machine Operators,isco08-crosswalk,translated,CSV:LAB_disco_from_raw,medium,danish,LAB_disco_815000,unit_group,2466,311,3.4e-05
LAB_disco_313100,LAB,disco,313100,Teknisk kontrolarbejde på kraftværker,Teknisk kontrolarbejde på kraftværker,,,Technical control work at power plants,Power Production Plant Operators,isco08-crosswalk,translated,CSV:LAB_disco_from_raw,medium,danish,LAB_disco_313000,unit_group,117378,11926,0.001321
LAB_disco_743600,LAB,disco,743600,Sy- og broderiarbejde (ikke maskinelt),Sy- og broderiarbejde (ikke maskinelt),,,"Sewers, embroiderers and related workers","Sewers, embroiderers and related workers",isco88,isco88,CSV:LAB_disco_from_raw_hierarchical,medium,danish,LAB_disco_743000,unit_group,22109,2692,0.000298
LAB_disco_347500,LAB,disco,347500,Trænervirksomhed og sportsudøvelse,Trænervirksomhed og sportsudøvelse,,,"Athletes, sports persons and related associate professionals","Athletes, sports persons and related associate professionals",isco88,isco88,CSV:LAB_disco_from_raw_hierarchical,medium,danish,LAB_disco_347000,unit_group,34805,5009,0.000555
LAB_disco_931390,LAB,disco,931390,Medhjælp ved andet bygningsarbejde,Medhjælp ved andet bygningsarbejde,,,Helper work for other building trades,Building Construction Labourers,isco08-crosswalk,translated,CSV:LAB_disco_from_raw,medium,danish,LAB_disco_931300,detail,65537,16231,0.001798
LAB_disco_826600,LAB,disco,826600,Betjening af maskiner til skoproduktion,Betjening af maskiner til skoproduktion,,,Shoemaking- and related machine operators,Shoemaking- and related machine operators,isco88,isco88,CSV:LAB_disco_from_raw_hierarchical,medium,danish,LAB_disco_826000,unit_group,12751,1227,0.000136
LAB_disco_911320,LAB,disco,911320,"Interviewarbejde vedr. undersøgelser, herunder personlig henvendelse","Interviewarbejde vedr. undersøgelser, herunder personlig henvendelse",,,Door-to-door and telephone salespersons,Door-to-door and telephone salespersons,isco88,isco88,CSV:LAB_disco_from_raw_hierarchical,medium,danish,LAB_disco_911300,detail,38794,12815,0.001419
LAB_disco_816000,LAB,disco,816000,Energi- og vandforsyningsanlægsarbejde,Energi- og vandforsyningsanlægsarbejde,,,Power-production and related plant operators,Power-production and related plant operators,isco88,isco88,CSV:LAB_disco_from_raw_hierarchical,medium,danish,LAB_disco_810000,minor_group,4119,1268,0.00014
LAB_disco_122300,LAB,disco,122300,Ledelse af kommerciel forskning og udvikling,Ledelse af kommerciel forskning og udvikling,,,Management of commercial research and development,Research and Development Managers,isco08-crosswalk,translated,CSV:LAB_disco_from_raw,medium,danish,LAB_disco_122000,unit_group,76598,17251,0.001911
LAB_disco_612200,LAB,disco,612200,Arbejde med opdræt af fjerkræ,Arbejde med opdræt af fjerkræ,,,Work in raising turkeys,Poultry Producers,isco08-crosswalk,translated,CSV:LAB_disco_from_raw,medium,danish,LAB_disco_612000,unit_group,2859,374,4.1e-05
LAB_disco_245400,LAB,disco,245400,Kunstnerisk arbejde som danser og koreograf,Kunstnerisk arbejde som danser og koreograf,,,Choreographers and dancers,Choreographers and dancers,isco88,isco88,CSV:LAB_disco_from_raw_hierarchical,medium,danish,LAB_disco_245000,unit_group,7093,639,7.1e-05
LAB_disco_822300,LAB,disco,822300,Betjening af maskiner ved galvanisering og industrilakering,Betjening af maskiner ved galvanisering og industrilakering,,,"Metal finishing-, plating- and coating-machine operators","Metal finishing-, plating- and coating-machine operators",isco88,isco88,CSV:LAB_disco_from_raw_hierarchical,medium,danish,LAB_disco_822000,unit_group,23548,3442,0.000381
LAB_disco_827300,LAB,disco,827300,Betjening af maskiner på møllerier,Betjening af maskiner på møllerier,,,Grain- and spice-milling-machine operators,Grain- and spice-milling-machine operators,isco88,isco88,CSV:LAB_disco_from_raw_hierarchical,medium,danish,LAB_disco_827000,unit_group,22483,2753,0.000305
LAB_disco_315230,LAB,disco,315230,Kontrolarbejde vedr. kvalitet,Kontrolarbejde vedr. kvalitet,,,"Safety, health and quality inspectors","Safety, health and quality inspectors",isco88,isco88,CSV:LAB_disco_from_raw_hierarchical,medium,danish,LAB_disco_315200,detail,44878,6629,0.000734
LAB_disco_516300,LAB,disco,516300,Bedemandsarbejde,Bedemandsarbejde,,,Funeral director work,Undertakers and Embalmers,isco08-crosswalk,translated,CSV:LAB_disco_from_raw,medium,danish,LAB_disco_516000,unit_group,103598,6536,0.000724
LAB_disco_321300,LAB,disco,321300,Rådgivningsarbejde ved landbrug og skovbrug,Rådgivningsarbejde ved landbrug og skovbrug,,,Farming and forestry advisers,Farming and forestry advisers,isco88,isco88,CSV:LAB_disco_from_raw_hierarchical,medium,danish,LAB_disco_321000,unit_group,37985,4383,0.000485
LAB_disco_826500,LAB,disco,826500,Betjening af maskiner til garvning og pelsberedningsarbejde,Betjening af maskiner til garvning og pelsberedningsarbejde,,,Fur- and leather-preparing-machine operators,Fur- and leather-preparing-machine operators,isco88,isco88,CSV:LAB_disco_from_raw_hierarchical,medium,danish,LAB_disco_826000,unit_group,5469,648,7.2e-05
LAB_disco_222200,LAB,disco,222200,Jordemoderarbejde,Jordemoderarbejde,,,Midwifery work,Midwifery Professionals,isco08-crosswalk,translated,CSV:LAB_disco_from_raw,medium,danish,LAB_disco_222000,unit_group,186053,8739,0.000968
LAB_disco_322400,LAB,disco,322400,Optikerarbejde,Optikerarbejde,,,Optometrists and opticians,Optometrists and opticians,isco88,isco88,CSV:LAB_disco_from_raw_hierarchical,medium,danish,LAB_disco_322000,unit_group,72551,4272,0.000473
LAB_disco_235000,LAB,disco,235000,Arbejde vedrørende undervisning i øvrigt,Arbejde vedrørende undervisning i øvrigt,,,Other teaching professionals,Other teaching professionals,isco88,isco88,CSV:LAB_disco_from_raw_hierarchical,medium,danish,LAB_disco_230000,minor_group,6841,2188,0.000242
LAB_disco_522020,LAB,disco,522020,Demonstrationsarbejde,Demonstrationsarbejde,,,"Shop, stall and market salespersons and demonstrators","Shop, stall and market salespersons and demonstrators",isco88,isco88,CSV:LAB_disco_from_raw_hierarchical,medium,danish,LAB_disco_522000,detail,19974,5006,0.000554
LAB_disco_122100,LAB,disco,122100,Ledelse af salg og marketing,Ledelse af salg og marketing,,,Sales and Marketing Management,Sales and Marketing Managers,isco08-crosswalk,translated,CSV:LAB_disco_from_raw,medium,danish,LAB_disco_122000,unit_group,254310,56163,0.006221
LAB_disco_828200,LAB,disco,828200,Montering af elektrisk udstyr,Montering af elektrisk udstyr,,,Electrical-equipment assemblers,Electrical-equipment assemblers,isco88,isco88,CSV:LAB_disco_from_raw_hierarchical,medium,danish,LAB_disco_828000,unit_group,73968,10276,0.001138
LAB_disco_816100,LAB,disco,816100,Elværksoperatørarbejde,Elværksoperatørarbejde,,,Power-production plant operators,Power-production plant operators,isco88,isco88,CSV:LAB_disco_from_raw_hierarchical,medium,danish,LAB_disco_816000,unit_group,23873,2928,0.000324
LAB_disco_244300,LAB,disco,244300,Arbejde inden for filosofi og historie,Arbejde inden for filosofi og historie,,,"Philosophers, historians and political scientists","Philosophers, historians and political scientists",isco88,isco88,CSV:LAB_disco_from_raw_hierarchical,medium,danish,LAB_disco_244000,unit_group,64853,10654,0.00118
LAB_disco_131000,LAB,disco,131000,Ledelse af virksomhed med færre end 10 beskæftigede,Ledelse af virksomhed med færre end 10 beskæftigede,,,Managers of small enterprises,Managers of small enterprises,isco88,isco88,CSV:LAB_disco_from_raw_hierarchical,medium,danish,LAB_disco_130000,minor_group,932,307,3.4e-05
LAB_disco_933090,LAB,disco,933090,Medhjælp ved transportarbejde i øvrigt,Medhjælp ved transportarbejde i øvrigt,,,Transport labourers and freight handlers,Transport labourers and freight handlers,isco88,isco88,CSV:LAB_disco_from_raw_hierarchical,medium,danish,LAB_disco_933000,detail,18571,4276,0.000474
LAB_disco_742000,LAB,disco,742000,Træindustriarbejde,Træindustriarbejde,,,"Wood treaters, cabinet-makers and related trades workers","Wood treaters, cabinet-makers and related trades workers",isco88,isco88,CSV:LAB_disco_from_raw_hierarchical,medium,danish,LAB_disco_740000,minor_group,615,171,1.9e-05
LAB_disco_211100,LAB,disco,211100,Arbejde inden for fysik og astronomi,Arbejde inden for fysik og astronomi,,,Work in Physics and Astronomy,Physicists and Astronomers,isco08-crosswalk,translated,CSV:LAB_disco_from_raw,medium,danish,LAB_disco_211000,unit_group,13425,1936,0.000214
LAB_disco_312300,LAB,disco,312300,Tilsynsførende inden for bygge- og anlægsvirksomhed,Tilsynsførende inden for bygge- og anlægsvirksomhed,,,Supervisory Work in Construction and Installation Services,Construction Supervisors,isco08-crosswalk,translated,CSV:LAB_disco_from_raw,medium,danish,LAB_disco_312000,unit_group,4518,827,9.2e-05
LAB_disco_321000,LAB,disco,321000,"Teknikerarbejde inden for biologi, biokemi, farmakologi, zoologi, botanik, landbrug og skovbrug","Teknikerarbejde inden for biologi, biokemi, farmakologi, zoologi, botanik, landbrug og skovbrug",,,Life science technicians and related associate professional,Life science technicians and related associate professional,isco88,isco88,CSV:LAB_disco_from_raw_hierarchical,medium,danish,LAB_disco_320000,minor_group,4007,989,0.00011
LAB_disco_743200,LAB,disco,743200,"Spinde-, væve- og strikkearbejde (håndarbejde)","Spinde-, væve- og strikkearbejde (håndarbejde)",,,"Weavers, knitters and related workers","Weavers, knitters and related workers",isco88,isco88,CSV:LAB_disco_from_raw_hierarchical,medium,danish,LAB_disco_743000,unit_group,19396,1819,0.000201
LAB_disco_342220,LAB,disco,342220,Spedition vedr. søtransport,Spedition vedr. søtransport,,,Clearing and forwarding agents,Clearing and forwarding agents,isco88,isco88,CSV:LAB_disco_from_raw_hierarchical,medium,danish,LAB_disco_342200,detail,12672,2197,0.000243
LAB_disco_516100,LAB,disco,516100,Astrologiarbejde og beslægtede funktioner,Astrologiarbejde og beslægtede funktioner,,,Astrology Work and Related Functions,"Astrologers, Fortune-tellers and Related Workers",isco08-crosswalk,translated,CSV:LAB_disco_from_raw,medium,danish,LAB_disco_516000,unit_group,63024,8472,0.000938
LAB_disco_931220,LAB,disco,931220,Medhjælp med brolæggerarbejde,Medhjælp med brolæggerarbejde,,,Assistant Work with Well Drilling,Civil Engineering Labourers,isco08-crosswalk,translated,CSV:LAB_disco_from_raw,medium,danish,LAB_disco_931200,detail,2416,523,5.8e-05
LAB_disco_241400,LAB,disco,241400,Arbejde inden for finans og økonomi (via 241),Arbejde inden for finans og økonomi (via 241),,,Work in finance and economics (via 241),,,translated,CSV:LAB_disco_from_raw_hierarchical,medium,danish,LAB_disco_241000,unit_group,162,81,9e-06
LAB_disco_341910,LAB,disco,341910,Marketingsarbejde,Marketingsarbejde,,,Finance and sales associate professionals not elsewhere classified,Finance and sales associate professionals not elsewhere classified,isco88,isco88,CSV:LAB_disco_from_raw_hierarchical,medium,danish,LAB_disco_341900,detail,57051,11968,0.001326
LAB_disco_322640,LAB,disco,322640,Ergoterapeutarbejde,Ergoterapeutarbejde,,,Physiotherapists and related associate professionals,Physiotherapists and related associate professionals,isco88,isco88,CSV:LAB_disco_from_raw_hierarchical,medium,danish,LAB_disco_322600,detail,78891,8456,0.000937
LAB_disco_341720,LAB,disco,341720,Forsikringsteknisk arbejde vedr. sagsbehandling af forsikringsskader,Forsikringsteknisk arbejde vedr. sagsbehandling af forsikringsskader,,,"Appraisers, valuers and auctioneers","Appraisers, valuers and auctioneers",isco88,isco88,CSV:LAB_disco_from_raw_hierarchical,medium,danish,LAB_disco_341700,detail,23175,3770,0.000418
LAB_disco_611290,LAB,disco,611290,Gartneriarbejde i øvrigt,Gartneriarbejde i øvrigt,,,"Gardeners, horticultural and nursery growers","Gardeners, horticultural and nursery growers",isco88,isco88,CSV:LAB_disco_from_raw_hierarchical,medium,danish,LAB_disco_611200,detail,6284,1696,0.000188
LAB_disco_311910,LAB,disco,311910,"Teknikerarbejde vedr. drift, planlægning og kvalitetskontrol","Teknikerarbejde vedr. drift, planlægning og kvalitetskontrol",,,Physical and engineering science technicians not elsewhere classified,Physical and engineering science technicians not elsewhere classified,isco88,isco88,CSV:LAB_disco_from_raw_hierarchical,medium,danish,LAB_disco_311900,detail,39010,7409,0.000821
LAB_disco_723000,LAB,disco,723000,Mekaniker- og montørarbejde,Mekaniker- og montørarbejde,,,Machinery mechanics and fitters,Machinery mechanics and fitters,isco88,isco88,CSV:LAB_disco_from_raw_hierarchical,medium,danish,LAB_disco_720000,minor_group,7337,1453,0.000161
LAB_disco_311990,LAB,disco,311990,Teknikerarbejde i øvrigt,Teknikerarbejde i øvrigt,,,Physical and engineering science technicians not elsewhere classified,Physical and engineering science technicians not elsewhere classified,isco88,isco88,CSV:LAB_disco_from_raw_hierarchical,medium,danish,LAB_disco_311900,detail,17015,3536,0.000392
LAB_disco_341120,LAB,disco,341120,Kreditarbejde vedr. behandling/bevilling,Kreditarbejde vedr. behandling/bevilling,,,Securities and finance dealers and brokers,Securities and finance dealers and brokers,isco88,isco88,CSV:LAB_disco_from_raw_hierarchical,medium,danish,LAB_disco_341100,detail,7543,1302,0.000144
LAB_disco_311130,LAB,disco,311130,Laboratorieteknikerarbejde,Laboratorieteknikerarbejde,,,Laboratory Technician Work,Chemical and Physical Science Technicians,isco08-crosswalk,translated,CSV:LAB_disco_from_raw,medium,danish,LAB_disco_311100,detail,12372,1678,0.000186
LAB_disco_221110,LAB,disco,221110,Arbejde inden for levnedsmiddelområdet,Arbejde inden for levnedsmiddelområdet,,,"Biologists, botanists, zoologists and related professionals","Biologists, botanists, zoologists and related professionals",isco88,isco88,CSV:LAB_disco_from_raw_hierarchical,medium,danish,LAB_disco_221100,detail,6886,1080,0.00012
LAB_disco_832280,LAB,disco,832280,"Andre varevognschauffører, national transport","Andre varevognschauffører, national transport",,,"Car, taxi and van drivers","Car, taxi and van drivers",isco88,isco88,CSV:LAB_disco_from_raw_hierarchical,medium,danish,LAB_disco_832200,detail,48277,10005,0.001108
LAB_disco_341320,LAB,disco,341320,Ejendomshandler,Ejendomshandler,,,Estate agents,Estate agents,isco88,isco88,CSV:LAB_disco_from_raw_hierarchical,medium,danish,LAB_disco_341300,detail,1808,315,3.5e-05
LAB_disco_341310,LAB,disco,341310,Ejendomsmægler,Ejendomsmægler,,,Estate agents,Estate agents,isco88,isco88,CSV:LAB_disco_from_raw_hierarchical,medium,danish,LAB_disco_341300,detail,11715,2062,0.000228
LAB_disco_221200,LAB,disco,221200,Speciallægearbejde,Speciallægearbejde,,,Specialist work,Specialist Medical Practitioners,isco08-crosswalk,translated,CSV:LAB_disco_from_raw,medium,danish,LAB_disco_221000,unit_group,21546,3142,0.000348
LAB_disco_245140,LAB,disco,245140,Presse- og kommunikationsarbejde,Presse- og kommunikationsarbejde,,,"Authors, journalists and other writers","Authors, journalists and other writers",isco88,isco88,CSV:LAB_disco_from_raw_hierarchical,medium,danish,LAB_disco_245100,detail,6458,1537,0.00017
LAB_disco_712990,LAB,disco,712990,Andet bygningsarbejde,Andet bygningsarbejde,,,Building frame and related trades workers not elsewhere classified,Building frame and related trades workers not elsewhere classified,isco88,isco88,CSV:LAB_disco_from_raw_hierarchical,medium,danish,LAB_disco_712900,detail,22515,5224,0.000579
LAB_disco_511120,LAB,disco,511120,Passagerbetjening i lufthavne og havneterminaler,Passagerbetjening i lufthavne og havneterminaler,,,Passenger service in airports and port terminals,Travel Attendants and Travel Stewards,isco08-crosswalk,translated,CSV:LAB_disco_from_raw,medium,danish,LAB_disco_511100,detail,18215,2916,0.000323
LAB_disco_347112,LAB,disco,347112,Butiksdekoration,Butiksdekoration,,,Decorators and commercial designers,Decorators and commercial designers,isco88,isco88,CSV:LAB_disco_from_raw_hierarchical,medium,danish,LAB_disco_347100,detail,5086,901,0.0001
LAB_disco_123000,LAB,disco,123000,Ledelse af specialområder i virksomhed med mindst 10 beskæftigede,Ledelse af specialområder i virksomhed med mindst 10 beskæftigede,,,Other specialist managers,Other specialist managers,isco88,isco88,CSV:LAB_disco_from_raw_hierarchical,medium,danish,LAB_disco_120000,minor_group,2275,558,6.2e-05
LAB_disco_820000,LAB,disco,820000,Betjening af industrimaskiner,Betjening af industrimaskiner,,,Machine operators and assemblers,Machine operators and assemblers,isco88,isco88,CSV:LAB_disco_from_raw_hierarchical,medium,danish,LAB_disco_800000,sub_major_group,3786,561,6.2e-05
LAB_disco_723310,LAB,disco,723310,Kølemontørarbejde,Kølemontørarbejde,,,Agricultural- or industrial-machinery mechanics and fitters,Agricultural- or industrial-machinery mechanics and fitters,isco88,isco88,CSV:LAB_disco_from_raw_hierarchical,medium,danish,LAB_disco_723300,detail,7022,1309,0.000145
LAB_disco_817000,LAB,disco,817000,Industrirobotoperatører,Industrirobotoperatører,,,Industrial robot operators,Industrial robot operators,isco88,isco88,CSV:LAB_disco_from_raw_hierarchical,medium,danish,LAB_disco_810000,minor_group,5923,1040,0.000115
LAB_disco_122220,LAB,disco,122220,Ledelse af produktionen i industrivirksomheder i øvrigt i virksomhed med mindst 10 beskæftigede,Ledelse af produktionen i industrivirksomheder i øvrigt i virksomhed med mindst 10 beskæftigede,,,Production and operations managers in manufacturing,Production and operations managers in manufacturing,isco88,isco88,CSV:LAB_disco_from_raw_hierarchical,medium,danish,LAB_disco_122200,detail,36399,6186,0.000685
LAB_disco_311600,LAB,disco,311600,Teknikerarbejde inden for det kemiske område,Teknikerarbejde inden for det kemiske område,,,Technical work in the chemical field,Chemical Engineering Technicians,isco08-crosswalk,translated,CSV:LAB_disco_from_raw,medium,danish,LAB_disco_311000,unit_group,26267,2852,0.000316
LAB_disco_313130,LAB,disco,313130,"Film- og videooptagelse, nyhedsformidling","Film- og videooptagelse, nyhedsformidling",,,Photographers and image and sound recording equipment operators,Photographers and image and sound recording equipment operators,isco88,isco88,CSV:LAB_disco_from_raw_hierarchical,medium,danish,LAB_disco_313100,detail,1582,274,3e-05
LAB_disco_813900,LAB,disco,813900,"Andre procesoperatører ved glas-, keramik- og teglproduktion","Andre procesoperatører ved glas-, keramik- og teglproduktion",,,"Glass, ceramics and related plant operators not elsewhere classified","Glass, ceramics and related plant operators not elsewhere classified",isco88,isco88,CSV:LAB_disco_from_raw_hierarchical,medium,danish,LAB_disco_813000,unit_group,25351,3480,0.000385
LAB_disco_235940,LAB,disco,235940,Undervisning ved arbejdsmarkedsuddannelser,Undervisning ved arbejdsmarkedsuddannelser,,,Other teaching professionals not elsewhere classified,Other teaching professionals not elsewhere classified,isco88,isco88,CSV:LAB_disco_from_raw_hierarchical,medium,danish,LAB_disco_235900,detail,9423,1498,0.000166
LAB_disco_833100,LAB,disco,833100,Landbrugsmaskinførere,Landbrugsmaskinførere,,,Motorised farm and forestry plant operators,Motorised farm and forestry plant operators,isco88,isco88,CSV:LAB_disco_from_raw_hierarchical,medium,danish,LAB_disco_833000,unit_group,37150,3173,0.000351
LAB_disco_713500,LAB,disco,713500,Glarmesterarbejde,Glarmesterarbejde,,,Glaziers,Glaziers,isco88,isco88,CSV:LAB_disco_from_raw_hierarchical,medium,danish,LAB_disco_713000,unit_group,53976,4374,0.000484
LAB_disco_931340,LAB,disco,931340,"Beton-, jernbeton- og montagearbejde","Beton-, jernbeton- og montagearbejde",,,"Concrete, reinforced concrete, and assembly work",Building Construction Labourers,isco08-crosswalk,translated,CSV:LAB_disco_from_raw,medium,danish,LAB_disco_931300,detail,57236,10474,0.00116
LAB_disco_123700,LAB,disco,123700,Forsknings- og udviklingsledelse i virksomhed med mindst 10 beskæftigede,Forsknings- og udviklingsledelse i virksomhed med mindst 10 beskæftigede,,,Research and development managers,Research and development managers,isco88,isco88,CSV:LAB_disco_from_raw_hierarchical,medium,danish,LAB_disco_123000,unit_group,38503,5845,0.000647
LAB_disco_322700,LAB,disco,322700,Assistentarbejde hos dyrlæge,Assistentarbejde hos dyrlæge,,,Veterinary assistants,Veterinary assistants,isco88,isco88,CSV:LAB_disco_from_raw_hierarchical,medium,danish,LAB_disco_322000,unit_group,5787,825,9.1e-05
LAB_disco_245500,LAB,disco,245500,Film- og skuespilarbejde,Film- og skuespilarbejde,,,"Film, stage and related actors and directors","Film, stage and related actors and directors",isco88,isco88,CSV:LAB_disco_from_raw_hierarchical,medium,danish,LAB_disco_245000,unit_group,49909,8368,0.000927
LAB_disco_313900,LAB,disco,313900,Andet teknisk kontrolarbejde inden for processtyring,Andet teknisk kontrolarbejde inden for processtyring,,,Other technical control work within process control,Process Control Technicians Not Elsewhere Classified,isco08-crosswalk,translated,CSV:LAB_disco_from_raw,medium,danish,LAB_disco_313000,unit_group,26634,4848,0.000537
LAB_disco_221100,LAB,disco,221100,Almindeligt lægearbejde,Almindeligt lægearbejde,,,General medical work,Generalist Medical Practitioners,isco08-crosswalk,translated,CSV:LAB_disco_from_raw,medium,danish,LAB_disco_221000,unit_group,38278,5822,0.000645
LAB_disco_311920,LAB,disco,311920,Teknikerarbejde vedr. produktion,Teknikerarbejde vedr. produktion,,,Physical and engineering science technicians not elsewhere classified,Physical and engineering science technicians not elsewhere classified,isco88,isco88,CSV:LAB_disco_from_raw_hierarchical,medium,danish,LAB_disco_311900,detail,21368,4089,0.000453
LAB_disco_322810,LAB,disco,322810,Apoteksassistent,Apoteksassistent,,,Pharmaceutical assistants,Pharmaceutical assistants,isco88,isco88,CSV:LAB_disco_from_raw_hierarchical,medium,danish,LAB_disco_322800,detail,60384,5716,0.000633
LAB_disco_233130,LAB,disco,233130,"Undervisning på efter-, husholdnings- og håndarbejdsskoler","Undervisning på efter-, husholdnings- og håndarbejdsskoler",,,Primary education teaching professionals,Primary education teaching professionals,isco88,isco88,CSV:LAB_disco_from_raw_hierarchical,medium,danish,LAB_disco_233100,detail,40800,6661,0.000738
LAB_disco_514110,LAB,disco,514110,Frisør- og barberarbejde,Frisør- og barberarbejde,,,"Hairdressers, barbers, beauticians and related workers","Hairdressers, barbers, beauticians and related workers",isco88,isco88,CSV:LAB_disco_from_raw_hierarchical,medium,danish,LAB_disco_514100,detail,111712,17173,0.001902
LAB_disco_122990,LAB,disco,122990,Ledelse af hovedaktiviteten i øvrigt i virksomhed med mindst 10 beskæftigede,Ledelse af hovedaktiviteten i øvrigt i virksomhed med mindst 10 beskæftigede,,,Production and operations managers not elsewhere classified,Production and operations managers not elsewhere classified,isco88,isco88,CSV:LAB_disco_from_raw_hierarchical,medium,danish,LAB_disco_122900,detail,14056,2528,0.00028
LAB_disco_212100,LAB,disco,212100,"Arbejde med matematiske begreber, teorier og metoder","Arbejde med matematiske begreber, teorier og metoder",,,Mathematicians and related professionals,Mathematicians and related professionals,isco88,isco88,CSV:LAB_disco_from_raw_hierarchical,medium,danish,LAB_disco_212000,unit_group,10478,1755,0.000194
LAB_disco_933040,LAB,disco,933040,"Lastning og losning af skibe, fisk","Lastning og losning af skibe, fisk",,,Transport labourers and freight handlers,Transport labourers and freight handlers,isco88,isco88,CSV:LAB_disco_from_raw_hierarchical,medium,danish,LAB_disco_933000,detail,2429,458,5.1e-05
LAB_disco_235920,LAB,disco,235920,Pædagogisk arbejde ikke klassificeret andetsteds (ekskl. medhjælp),Pædagogisk arbejde ikke klassificeret andetsteds (ekskl. medhjælp),,,Pedagogical work not classified elsewhere (excluding assistants),Teaching Professionals Not Elsewhere Classified,isco08-crosswalk,translated,CSV:LAB_disco_from_raw,medium,danish,LAB_disco_235900,detail,15430,2734,0.000303
LAB_disco_414300,LAB,disco,414300,"Korrekturlæsning, kodning o.l.","Korrekturlæsning, kodning o.l.",,,"Coding, proof-reading and related clerks","Coding, proof-reading and related clerks",isco88,isco88,CSV:LAB_disco_from_raw_hierarchical,medium,danish,LAB_disco_414000,unit_group,13603,2668,0.000296
LAB_disco_913270,LAB,disco,913270,"Serviceassistentarbejde, tværgående serviceopgaver mv.","Serviceassistentarbejde, tværgående serviceopgaver mv.",,,"Helpers and cleaners in offices, hotels and other establishments","Helpers and cleaners in offices, hotels and other establishments",isco88,isco88,CSV:LAB_disco_from_raw_hierarchical,medium,danish,LAB_disco_913200,detail,27694,8056,0.000892
LAB_disco_612900,LAB,disco,612900,Andet arbejde med dyreopdræt,Andet arbejde med dyreopdræt,,,Other work related to animal husbandry,Animal Producers Not Elsewhere Classified,isco08-crosswalk,translated,CSV:LAB_disco_from_raw,medium,danish,LAB_disco_612000,unit_group,103975,12573,0.001393
LAB_disco_342990,LAB,disco,342990,Andet agentarbejde inden for forretningsservice,Andet agentarbejde inden for forretningsservice,,,Business services agents and trade brokers not elsewhere classified,Business services agents and trade brokers not elsewhere classified,isco88,isco88,CSV:LAB_disco_from_raw_hierarchical,medium,danish,LAB_disco_342900,detail,9517,2018,0.000224
LAB_disco_712100,LAB,disco,712100,Arbejde med tagdækning,Arbejde med tagdækning,,,Roof covering work,Roofers,isco08-crosswalk,translated,CSV:LAB_disco_from_raw,medium,danish,LAB_disco_712000,unit_group,18366,3297,0.000365
LAB_disco_741130,LAB,disco,741130,Røgearbejde,Røgearbejde,,,"Butchers, fishmongers and related food preparers","Butchers, fishmongers and related food preparers",isco88,isco88,CSV:LAB_disco_from_raw_hierarchical,medium,danish,LAB_disco_741100,detail,1769,571,6.3e-05
LAB_disco_714110,LAB,disco,714110,Bygningsmaler- og tapetsererarbejde,Bygningsmaler- og tapetsererarbejde,,,Painters and related workers,Painters and related workers,isco88,isco88,CSV:LAB_disco_from_raw_hierarchical,medium,danish,LAB_disco_714100,detail,91681,14399,0.001595
LAB_disco_723200,LAB,disco,723200,Flymekanikerarbejde,Flymekanikerarbejde,,,Aircraft mechanic work,Aircraft Engine Mechanics and Repairers,isco08-crosswalk,translated,CSV:LAB_disco_from_raw,medium,danish,LAB_disco_723000,unit_group,43699,3132,0.000347
LAB_disco_342210,LAB,disco,342210,Spedition vedr. land- og lufttransport,Spedition vedr. land- og lufttransport,,,Clearing and forwarding agents,Clearing and forwarding agents,isco88,isco88,CSV:LAB_disco_from_raw_hierarchical,medium,danish,LAB_disco_342200,detail,52249,7586,0.00084
LAB_disco_413350,LAB,disco,413350,Transporttilrettelæggelse vedr. godstransport med last- og varevogn,Transporttilrettelæggelse vedr. godstransport med last- og varevogn,,,Transport clerks,Transport clerks,isco88,isco88,CSV:LAB_disco_from_raw_hierarchical,medium,danish,LAB_disco_413300,detail,8654,1836,0.000203
LAB_disco_311120,LAB,disco,311120,Assistentarbejde i laboratorier,Assistentarbejde i laboratorier,,,Laboratory assistant work,Chemical and Physical Science Technicians,isco08-crosswalk,translated,CSV:LAB_disco_from_raw,medium,danish,LAB_disco_311100,detail,7800,1411,0.000156
LAB_disco_742100,LAB,disco,742100,Elektronikmekanikerarbejde,Elektronikmekanikerarbejde,,,Electronic mechanic work,Electronics Mechanics and Servicers,isco08-crosswalk,translated,CSV:LAB_disco_from_raw,medium,danish,LAB_disco_742000,unit_group,3285,775,8.6e-05
LAB_disco_322100,LAB,disco,322100,Assisterende arbejde inden for sygepleje,Assisterende arbejde inden for sygepleje,,,Auxiliary work in nursing,Nursing Associate Professionals,isco08-crosswalk,translated,CSV:LAB_disco_from_raw,medium,danish,LAB_disco_322000,unit_group,2634,609,6.7e-05
LAB_disco_343110,LAB,disco,343110,Oversættelse af korrespondance m.v.,Oversættelse af korrespondance m.v.,,,Administrative secretaries and related associate professionals,Administrative secretaries and related associate professionals,isco88,isco88,CSV:LAB_disco_from_raw_hierarchical,medium,danish,LAB_disco_343100,detail,16223,2288,0.000253
LAB_disco_222900,LAB,disco,222900,Videnskabeligt arbejde inden for medicin og farmaci i øvrigt,Videnskabeligt arbejde inden for medicin og farmaci i øvrigt,,,Health professionals (except nursing) not elsewhere classified,Health professionals (except nursing) not elsewhere classified,isco88,isco88,CSV:LAB_disco_from_raw_hierarchical,medium,danish,LAB_disco_222000,unit_group,23395,3373,0.000374
LAB_disco_832440,LAB,disco,832440,Last- og tankbilschauffører med renovationsopgaver,Last- og tankbilschauffører med renovationsopgaver,,,Heavy truck and lorry drivers,Heavy truck and lorry drivers,isco88,isco88,CSV:LAB_disco_from_raw_hierarchical,medium,danish,LAB_disco_832400,detail,20595,3933,0.000436
LAB_disco_514300,LAB,disco,514300,Bedemandsarbejde,Bedemandsarbejde,,,Funeral director work,Undertakers and embalmers,isco88,translated,CSV:LAB_disco_from_raw_hierarchical,medium,danish,LAB_disco_514000,unit_group,6282,664,7.4e-05
LAB_disco_114210,LAB,disco,114210,Politisk ansvarlige/politisk valgte ledere i økonomiske interesseorganisationer,Politisk ansvarlige/politisk valgte ledere i økonomiske interesseorganisationer,,,"Senior officials of employers', workers' and other economic-interest organisations","Senior officials of employers', workers' and other economic-interest organisations",isco88,isco88,CSV:LAB_disco_from_raw_hierarchical,medium,danish,LAB_disco_114200,detail,9077,1454,0.000161
LAB_disco_832260,LAB,disco,832260,Varevognschauffører med renovationsopgaver,Varevognschauffører med renovationsopgaver,,,"Car, taxi and van drivers","Car, taxi and van drivers",isco88,isco88,CSV:LAB_disco_from_raw_hierarchical,medium,danish,LAB_disco_832200,detail,3424,808,8.9e-05
LAB_disco_921300,LAB,disco,921300,Manuelt arbejde inden for både agerbrug og husdyravl,Manuelt arbejde inden for både agerbrug og husdyravl,,,Manual work in both agriculture and livestock farming,Mixed Crop and Livestock Farm Labourers,isco08-crosswalk,translated,CSV:LAB_disco_from_raw,medium,danish,LAB_disco_921000,unit_group,23973,4436,0.000491
LAB_disco_615300,LAB,disco,615300,Havfiskeri,Havfiskeri,,,Deep-sea fishery workers,Deep-sea fishery workers,isco88,isco88,CSV:LAB_disco_from_raw_hierarchical,medium,danish,LAB_disco_615000,unit_group,7516,1928,0.000214
LAB_disco_833320,LAB,disco,833320,Kran- og liftførere ved mobile kraner og lifte,Kran- og liftførere ved mobile kraner og lifte,,,"Crane, hoist and related plant operators","Crane, hoist and related plant operators",isco88,isco88,CSV:LAB_disco_from_raw_hierarchical,medium,danish,LAB_disco_833300,detail,6627,1038,0.000115
LAB_disco_322610,LAB,disco,322610,Fysioterapeutarbejde,Fysioterapeutarbejde,,,Physiotherapists and related associate professionals,Physiotherapists and related associate professionals,isco88,isco88,CSV:LAB_disco_from_raw_hierarchical,medium,danish,LAB_disco_322600,detail,82345,9887,0.001095
LAB_disco_131210,LAB,disco,131210,Øverste ledelse af produktionen i industrivirksomheder i virksomhed med færre end 10 beskæftigede,Øverste ledelse af produktionen i industrivirksomheder i virksomhed med færre end 10 beskæftigede,,,Managers of small enterprises in manufacturing,Managers of small enterprises in manufacturing,isco88,isco88,CSV:LAB_disco_from_raw_hierarchical,medium,danish,LAB_disco_131200,detail,2187,656,7.3e-05
LAB_disco_343320,LAB,disco,343320,Revisions- og regnskabsarbejde,Revisions- og regnskabsarbejde,,,Bookkeepers,Bookkeepers,isco88,isco88,CSV:LAB_disco_from_raw_hierarchical,medium,danish,LAB_disco_343300,detail,62562,12653,0.001401
LAB_disco_413390,LAB,disco,413390,Transporttilrettelæggelse i øvrigt,Transporttilrettelæggelse i øvrigt,,,Transport clerks,Transport clerks,isco88,isco88,CSV:LAB_disco_from_raw_hierarchical,medium,danish,LAB_disco_413300,detail,7267,1517,0.000168
LAB_disco_245000,LAB,disco,245000,Journalist- og skribentarbejde samt kunstnerisk arbejde,Journalist- og skribentarbejde samt kunstnerisk arbejde,,,Writers and creative or performing artists,Writers and creative or performing artists,isco88,isco88,CSV:LAB_disco_from_raw_hierarchical,medium,danish,LAB_disco_240000,minor_group,36667,6124,0.000678
LAB_disco_245320,LAB,disco,245320,Kunstnerisk arbejde som instruktør inden for sang og musik,Kunstnerisk arbejde som instruktør inden for sang og musik,,,"Composers, musicians and singers","Composers, musicians and singers",isco88,isco88,CSV:LAB_disco_from_raw_hierarchical,medium,danish,LAB_disco_245300,detail,786,183,2e-05
LAB_disco_245310,LAB,disco,245310,Kunstnerisk arbejde som udøvende musiker og sanger,Kunstnerisk arbejde som udøvende musiker og sanger,,,"Composers, musicians and singers","Composers, musicians and singers",isco88,isco88,CSV:LAB_disco_from_raw_hierarchical,medium,danish,LAB_disco_245300,detail,15915,2309,0.000256
LAB_disco_345000,LAB,disco,345000,Politimæssigt arbejde og detektivarbejde,Politimæssigt arbejde og detektivarbejde,,,Police inspectors and detectives,Police inspectors and detectives,isco88,isco88,CSV:LAB_disco_from_raw_hierarchical,medium,danish,LAB_disco_340000,minor_group,69197,3352,0.000371
LAB_disco_420000,LAB,disco,420000,Kontorarbejde med kundebetjening,Kontorarbejde med kundebetjening,,,Customer services clerks,Customer services clerks,isco88,isco88,CSV:LAB_disco_from_raw_hierarchical,medium,danish,LAB_disco_400000,sub_major_group,3322,768,8.5e-05
LAB_disco_242200,LAB,disco,242200,Arbejde med virksomhedsstrategi/policy,Arbejde med virksomhedsstrategi/policy,,,Work with business strategy/policy,Policy Administration Professionals,isco08-crosswalk,translated,CSV:LAB_disco_from_raw,medium,danish,LAB_disco_242000,unit_group,27828,1531,0.00017
LAB_disco_131920,LAB,disco,131920,Ledelse i undervisningssektoren i virksomhed med færre end 10 beskæftigede,Ledelse i undervisningssektoren i virksomhed med færre end 10 beskæftigede,,,Managers of small enterprises not elsewhere classifie,Managers of small enterprises not elsewhere classifie,isco88,isco88,CSV:LAB_disco_from_raw_hierarchical,medium,danish,LAB_disco_131900,detail,2997,1002,0.000111
LAB_disco_322510,LAB,disco,322510,Tandklinikassistentarbejde,Tandklinikassistentarbejde,,,Dental assistants,Dental assistants,isco88,isco88,CSV:LAB_disco_from_raw_hierarchical,medium,danish,LAB_disco_322500,detail,81420,10436,0.001156
LAB_disco_829030,LAB,disco,829030,Kontrol af varer efter bearbejdning,Kontrol af varer efter bearbejdning,,,Other machine operators not elsewhere classified,Other machine operators not elsewhere classified,isco88,isco88,CSV:LAB_disco_from_raw_hierarchical,medium,danish,LAB_disco_829000,detail,10963,1670,0.000185
LAB_disco_214800,LAB,disco,214800,Landinspektørarbejde,Landinspektørarbejde,,,Cartographers and surveyors,Cartographers and surveyors,isco88,isco88,CSV:LAB_disco_from_raw_hierarchical,medium,danish,LAB_disco_214000,unit_group,32564,2025,0.000224
LAB_disco_611210,LAB,disco,611210,Produktions- og væksthusgartnerarbejde (2003 avl af frugt og grøntsager),Produktions- og væksthusgartnerarbejde (2003 avl af frugt og grøntsager),,,"Gardeners, horticultural and nursery growers","Gardeners, horticultural and nursery growers",isco88,isco88,CSV:LAB_disco_from_raw_hierarchical,medium,danish,LAB_disco_611200,detail,23448,3689,0.000409
LAB_disco_214600,LAB,disco,214600,"Ingeniørarbejde inden for minedrift, metallurgi og beslægtede områder","Ingeniørarbejde inden for minedrift, metallurgi og beslægtede områder",,,"Engineering work within mining, metallurgy and related fields","Mining Engineers, Metallurgists and Related Professionals",isco08-crosswalk,translated,CSV:LAB_disco_from_raw,medium,danish,LAB_disco_214000,unit_group,62915,7236,0.000801
LAB_disco_341540,LAB,disco,341540,Salg af lastbiler og andre erhvervskøretøjer,Salg af lastbiler og andre erhvervskøretøjer,,,Technical and commercial sales representatives,Technical and commercial sales representatives,isco88,isco88,CSV:LAB_disco_from_raw_hierarchical,medium,danish,LAB_disco_341500,detail,1277,234,2.6e-05
LAB_disco_212200,LAB,disco,212200,"Arbejde med statistiske begreber, teorier og metoder","Arbejde med statistiske begreber, teorier og metoder",,,Statisticians,Statisticians,isco88,isco88,CSV:LAB_disco_from_raw_hierarchical,medium,danish,LAB_disco_212000,unit_group,17822,2756,0.000305
LAB_disco_131800,LAB,disco,131800,Ledelse af hovedaktiviteten i virksomheder inden for personlige tjenesteydelser i virksomhed med færre end 10 beskæftigede,Ledelse af hovedaktiviteten i virksomheder inden for personlige tjenesteydelser i virksomhed med færre end 10 beskæftigede,,,"Managers of small enterprises in personal care, cleaning and related services","Managers of small enterprises in personal care, cleaning and related services",isco88,isco88,CSV:LAB_disco_from_raw_hierarchical,medium,danish,LAB_disco_131000,unit_group,38049,6803,0.000753
LAB_disco_341530,LAB,disco,341530,"Salg af person- og varebiler, herunder motorcykler","Salg af person- og varebiler, herunder motorcykler",,,Technical and commercial sales representatives,Technical and commercial sales representatives,isco88,isco88,CSV:LAB_disco_from_raw_hierarchical,medium,danish,LAB_disco_341500,detail,11742,2690,0.000298
LAB_disco_741600,LAB,disco,741600,Tobaksproduktionsarbejde,Tobaksproduktionsarbejde,,,Tobacco preparers and tobacco products makers,Tobacco preparers and tobacco products makers,isco88,isco88,CSV:LAB_disco_from_raw_hierarchical,medium,danish,LAB_disco_741000,unit_group,6873,813,9e-05
LAB_disco_313190,LAB,disco,313190,"Andet arbejde med lyd, lys og billeder ved film og teater","Andet arbejde med lyd, lys og billeder ved film og teater",,,Photographers and image and sound recording equipment operators,Photographers and image and sound recording equipment operators,isco88,isco88,CSV:LAB_disco_from_raw_hierarchical,medium,danish,LAB_disco_313100,detail,11004,2938,0.000325
LAB_disco_913245,LAB,disco,913245,Afrydder i restauranter o.l.,Afrydder i restauranter o.l.,,,"Helpers and cleaners in offices, hotels and other establishments","Helpers and cleaners in offices, hotels and other establishments",isco88,isco88,CSV:LAB_disco_from_raw_hierarchical,medium,danish,LAB_disco_913200,detail,44021,13282,0.001471
LAB_disco_516000,LAB,disco,516000,Overvågnings- og redningsarbejde,Overvågnings- og redningsarbejde,,,Protective services workers,Protective services workers,isco88,isco88,CSV:LAB_disco_from_raw_hierarchical,medium,danish,LAB_disco_510000,minor_group,7721,890,9.9e-05
LAB_disco_516930,LAB,disco,516930,Redningsarbejde,Redningsarbejde,,,Protective services workers not elsewhere classified,Protective services workers not elsewhere classified,isco88,isco88,CSV:LAB_disco_from_raw_hierarchical,medium,danish,LAB_disco_516900,detail,49254,6330,0.000701
LAB_disco_825110,LAB,disco,825110,"Betjening af trykmaskiner, ark","Betjening af trykmaskiner, ark",,,Printing-machine operators,Printing-machine operators,isco88,isco88,CSV:LAB_disco_from_raw_hierarchical,medium,danish,LAB_disco_825100,detail,8441,1483,0.000164
LAB_disco_311930,LAB,disco,311930,Grafiker- og Dtp-arbejde,Grafiker- og Dtp-arbejde,,,Physical and engineering science technicians not elsewhere classified,Physical and engineering science technicians not elsewhere classified,isco88,isco88,CSV:LAB_disco_from_raw_hierarchical,medium,danish,LAB_disco_311900,detail,15637,3073,0.00034
LAB_disco_933050,LAB,disco,933050,Håndtering af bagage og flyttegods,Håndtering af bagage og flyttegods,,,Transport labourers and freight handlers,Transport labourers and freight handlers,isco88,isco88,CSV:LAB_disco_from_raw_hierarchical,medium,danish,LAB_disco_933000,detail,21545,3296,0.000365
LAB_disco_214700,LAB,disco,214700,Mineingeniørarbejde,Mineingeniørarbejde,,,"Mining engineers, metallurgists and related professionals","Mining engineers, metallurgists and related professionals",isco88,isco88,CSV:LAB_disco_from_raw_hierarchical,medium,danish,LAB_disco_214000,unit_group,2699,366,4.1e-05
LAB_disco_711300,LAB,disco,711300,Stenhuggerarbejde,Stenhuggerarbejde,,,Stonemason work,"Stonemasons, Stone Cutters, Splitters and Carvers",isco08-crosswalk,translated,CSV:LAB_disco_from_raw,medium,danish,LAB_disco_711000,unit_group,10838,951,0.000105
LAB_disco_410000,LAB,disco,410000,Internt kontorarbejde,Internt kontorarbejde,,,Office clerks,Office clerks,isco88,isco88,CSV:LAB_disco_from_raw_hierarchical,medium,danish,LAB_disco_400000,sub_major_group,4192,990,0.00011
LAB_disco_723120,LAB,disco,723120,"Mekanikerarbejde, lastvogne","Mekanikerarbejde, lastvogne",,,"Mechanic work, trucks",Motor Vehicle Mechanics and Repairers,isco08-crosswalk,translated,CSV:LAB_disco_from_raw,medium,danish,LAB_disco_723100,detail,26983,4561,0.000505
LAB_disco_516920,LAB,disco,516920,Vagtarbejde,Vagtarbejde,,,Protective services workers not elsewhere classified,Protective services workers not elsewhere classified,isco88,isco88,CSV:LAB_disco_from_raw_hierarchical,medium,danish,LAB_disco_516900,detail,33670,6215,0.000688
LAB_disco_713000,LAB,disco,713000,Bygningsarbejde (finish),Bygningsarbejde (finish),,,Building finishers and related trades workers,Building finishers and related trades workers,isco88,isco88,CSV:LAB_disco_from_raw_hierarchical,medium,danish,LAB_disco_710000,minor_group,5842,1240,0.000137
LAB_disco_511300,LAB,disco,511300,Turist- og rejselederarbejde,Turist- og rejselederarbejde,,,Tour and travel guiding work,Travel Guides,isco08-crosswalk,translated,CSV:LAB_disco_from_raw,medium,danish,LAB_disco_511000,unit_group,24681,5678,0.000629
LAB_disco_245230,LAB,disco,245230,Kunstnerisk formgivningsarbejde vedrørende produkter,Kunstnerisk formgivningsarbejde vedrørende produkter,,,"Sculptors, painters and related artists","Sculptors, painters and related artists",isco88,isco88,CSV:LAB_disco_from_raw_hierarchical,medium,danish,LAB_disco_245200,detail,1449,308,3.4e-05
LAB_disco_341520,LAB,disco,341520,Produktsupport vedr. salg,Produktsupport vedr. salg,,,Technical and commercial sales representatives,Technical and commercial sales representatives,isco88,isco88,CSV:LAB_disco_from_raw_hierarchical,medium,danish,LAB_disco_341500,detail,18732,4317,0.000478
LAB_disco_313140,LAB,disco,313140,"Film- og videooptagelse, ekskl. nyhedsformidling","Film- og videooptagelse, ekskl. nyhedsformidling",,,Photographers and image and sound recording equipment operators,Photographers and image and sound recording equipment operators,isco88,isco88,CSV:LAB_disco_from_raw_hierarchical,medium,danish,LAB_disco_313100,detail,2690,817,9e-05
LAB_disco_826990,LAB,disco,826990,"Øvrigt maskinarbejde inden for tekstil-, skind- og læderindustri","Øvrigt maskinarbejde inden for tekstil-, skind- og læderindustri",,,"Textile-, fur- and leather-products machine operators not elsewhere classified","Textile-, fur- and leather-products machine operators not elsewhere classified",isco88,isco88,CSV:LAB_disco_from_raw_hierarchical,medium,danish,LAB_disco_826900,detail,6058,1150,0.000127
LAB_disco_827900,LAB,disco,827900,Betjening af maskiner i tobaksindustrien,Betjening af maskiner i tobaksindustrien,,,Tobacco production machine operators,Tobacco production machine operators,isco88,isco88,CSV:LAB_disco_from_raw_hierarchical,medium,danish,LAB_disco_827000,unit_group,31140,2523,0.000279
LAB_disco_341150,LAB,disco,341150,"Handel med værdipapirer, valuta og andre finansielle instrumenter","Handel med værdipapirer, valuta og andre finansielle instrumenter",,,Securities and finance dealers and brokers,Securities and finance dealers and brokers,isco88,isco88,CSV:LAB_disco_from_raw_hierarchical,medium,danish,LAB_disco_341100,detail,16956,2835,0.000314
LAB_disco_341140,LAB,disco,341140,Kreditarbejde vedr. nødlidende engagementer,Kreditarbejde vedr. nødlidende engagementer,,,Securities and finance dealers and brokers,Securities and finance dealers and brokers,isco88,isco88,CSV:LAB_disco_from_raw_hierarchical,medium,danish,LAB_disco_341100,detail,2452,556,6.2e-05
LAB_disco_412000,LAB,disco,412000,Almindeligt sekretærarbejde,Almindeligt sekretærarbejde,,,General secretary work,Secretaries (general),isco08-crosswalk,translated,CSV:LAB_disco_from_raw,medium,danish,LAB_disco_410000,minor_group,1053,407,4.5e-05
LAB_disco_341400,LAB,disco,341400,Arbejde vedrørende tilrettelæggelse af rejser,Arbejde vedrørende tilrettelæggelse af rejser,,,Travel consultants and organisers,Travel consultants and organisers,isco88,isco88,CSV:LAB_disco_from_raw_hierarchical,medium,danish,LAB_disco_341000,unit_group,21810,3048,0.000338
LAB_disco_421300,LAB,disco,421300,Pantelånerarbejde og beslægtede funktioner,Pantelånerarbejde og beslægtede funktioner,,,Panting loaner work and related functions,Pawnbrokers and Money-lenders,isco08-crosswalk,translated,CSV:LAB_disco_from_raw,medium,danish,LAB_disco_421000,unit_group,9777,1385,0.000153
LAB_disco_712220,LAB,disco,712220,"Brolægningsarbejde, ekskl. medhjælpere","Brolægningsarbejde, ekskl. medhjælpere",,,Bricklayers and stonemasons,Bricklayers and stonemasons,isco88,isco88,CSV:LAB_disco_from_raw_hierarchical,medium,danish,LAB_disco_712200,detail,9021,2053,0.000227
LAB_disco_211400,LAB,disco,211400,Arbejde inden for geologi og geofysik,Arbejde inden for geologi og geofysik,,,Work within geology and geophysics,Geologists and Geophysicists,isco08-crosswalk,translated,CSV:LAB_disco_from_raw,medium,danish,LAB_disco_211000,unit_group,18852,1966,0.000218
LAB_disco_714190,LAB,disco,714190,Andet malerarbejde,Andet malerarbejde,,,Painters and related workers,Painters and related workers,isco88,isco88,CSV:LAB_disco_from_raw_hierarchical,medium,danish,LAB_disco_714100,detail,14415,2720,0.000301
LAB_disco_733100,LAB,disco,733100,Håndarbejde i træ o.l. materiale,Håndarbejde i træ o.l. materiale,,,Handicraft workers in wood and related materials,Handicraft workers in wood and related materials,isco88,isco88,CSV:LAB_disco_from_raw_hierarchical,medium,danish,LAB_disco_733000,unit_group,9203,1618,0.000179
LAB_disco_347140,LAB,disco,347140,Grafisk designarbejde,Grafisk designarbejde,,,Decorators and commercial designers,Decorators and commercial designers,isco88,isco88,CSV:LAB_disco_from_raw_hierarchical,medium,danish,LAB_disco_347100,detail,5018,1025,0.000114
LAB_disco_347120,LAB,disco,347120,Design og formgivningsarbejde,Design og formgivningsarbejde,,,Decorators and commercial designers,Decorators and commercial designers,isco88,isco88,CSV:LAB_disco_from_raw_hierarchical,medium,danish,LAB_disco_347100,detail,16440,2892,0.00032
LAB_disco_815400,LAB,disco,815400,"Operatørarbejde ved blegning, farvning og rensning af tekstiler","Operatørarbejde ved blegning, farvning og rensning af tekstiler",,,"Bleaching, dyeing and cleaning machine operator for textiles","Bleaching, Dyeing and Fabric Cleaning Machine Operators",isco08-crosswalk,translated,CSV:LAB_disco_from_raw,medium,danish,LAB_disco_815000,unit_group,300,48,5e-06
LAB_disco_514000,LAB,disco,514000,Servicearbejde,Servicearbejde,,,Other personal services workers,Other personal services workers,isco88,isco88,CSV:LAB_disco_from_raw_hierarchical,medium,danish,LAB_disco_510000,minor_group,897,294,3.3e-05
LAB_disco_422320,LAB,disco,422320,Hotline- og callcenterarbejde,Hotline- og callcenterarbejde,,,Telephone switchboard operators,Telephone switchboard operators,isco88,isco88,CSV:LAB_disco_from_raw_hierarchical,medium,danish,LAB_disco_422300,detail,48711,13514,0.001497
LAB_disco_322520,LAB,disco,322520,Tandplejerarbejde,Tandplejerarbejde,,,Dental assistants,Dental assistants,isco88,isco88,CSV:LAB_disco_from_raw_hierarchical,medium,danish,LAB_disco_322500,detail,9063,1309,0.000145
LAB_disco_522040,LAB,disco,522040,Merchandising,Merchandising,,,"Shop, stall and market salespersons and demonstrators","Shop, stall and market salespersons and demonstrators",isco88,isco88,CSV:LAB_disco_from_raw_hierarchical,medium,danish,LAB_disco_522000,detail,4360,1205,0.000133
LAB_disco_347119,LAB,disco,347119,Dekorationsarbejde i øvrigt,Dekorationsarbejde i øvrigt,,,Decorators and commercial designers,Decorators and commercial designers,isco88,isco88,CSV:LAB_disco_from_raw_hierarchical,medium,danish,LAB_disco_347100,detail,1408,321,3.6e-05
LAB_disco_743300,LAB,disco,743300,"Skrædderarbejde, modister og hattemagere","Skrædderarbejde, modister og hattemagere",,,"Tailors, dressmakers and hatters","Tailors, dressmakers and hatters",isco88,isco88,CSV:LAB_disco_from_raw_hierarchical,medium,danish,LAB_disco_743000,unit_group,78978,9620,0.001065
LAB_disco_744100,LAB,disco,744100,Garveriarbejde,Garveriarbejde,,,"Pelt dressers, tanners and fellmongers","Pelt dressers, tanners and fellmongers",isco88,isco88,CSV:LAB_disco_from_raw_hierarchical,medium,danish,LAB_disco_744000,unit_group,3355,493,5.5e-05
LAB_disco_825120,LAB,disco,825120,"Betjening af trykmaskiner, rotation","Betjening af trykmaskiner, rotation",,,Printing-machine operators,Printing-machine operators,isco88,isco88,CSV:LAB_disco_from_raw_hierarchical,medium,danish,LAB_disco_825100,detail,11763,1659,0.000184
LAB_disco_722000,LAB,disco,722000,"Grovsmede-, værktøjsmagerarbejde o.l.","Grovsmede-, værktøjsmagerarbejde o.l.",,,"Blacksmiths, tool-makers and related trades workers","Blacksmiths, tool-makers and related trades workers",isco88,isco88,CSV:LAB_disco_from_raw_hierarchical,medium,danish,LAB_disco_720000,minor_group,2000,578,6.4e-05
LAB_disco_245190,LAB,disco,245190,Andet skribentarbejde,Andet skribentarbejde,,,"Authors, journalists and other writers","Authors, journalists and other writers",isco88,isco88,CSV:LAB_disco_from_raw_hierarchical,medium,danish,LAB_disco_245100,detail,4382,1022,0.000113
LAB_disco_422220,LAB,disco,422220,Receptionsarbejde inden for sundhedssektoren,Receptionsarbejde inden for sundhedssektoren,,,Receptionists and information clerks,Receptionists and information clerks,isco88,isco88,CSV:LAB_disco_from_raw_hierarchical,medium,danish,LAB_disco_422200,detail,3079,615,6.8e-05
LAB_disco_812000,LAB,disco,812000,Jern- og metalværkanlæg og støberianlægsarbejde,Jern- og metalværkanlæg og støberianlægsarbejde,,,Metal-processing plant operators,Metal-processing plant operators,isco88,isco88,CSV:LAB_disco_from_raw_hierarchical,medium,danish,LAB_disco_810000,minor_group,4795,405,4.5e-05
LAB_disco_314500,LAB,disco,314500,Flymaskinistarbejde,Flymaskinistarbejde,,,Air traffic safety technicians,Air traffic safety technicians,isco88,isco88,CSV:LAB_disco_from_raw_hierarchical,medium,danish,LAB_disco_314000,unit_group,4751,576,6.4e-05
LAB_disco_713200,LAB,disco,713200,Sprøjtelakererarbejde,Sprøjtelakererarbejde,,,Spray painting work,Spray Painters and Varnishers,isco08-crosswalk,translated,CSV:LAB_disco_from_raw,medium,danish,LAB_disco_713000,unit_group,50044,5546,0.000614
LAB_disco_743000,LAB,disco,743000,Tekstil- og beklædningsarbejde,Tekstil- og beklædningsarbejde,,,"Textile, garment and related trades workers","Textile, garment and related trades workers",isco88,isco88,CSV:LAB_disco_from_raw_hierarchical,medium,danish,LAB_disco_740000,minor_group,799,125,1.4e-05
LAB_disco_322820,LAB,disco,322820,Apotekstekniker,Apotekstekniker,,,Pharmaceutical assistants,Pharmaceutical assistants,isco88,isco88,CSV:LAB_disco_from_raw_hierarchical,medium,danish,LAB_disco_322800,detail,2279,233,2.6e-05
LAB_disco_413310,LAB,disco,413310,Transporttilrettelæggelse vedr. jernbanetransport,Transporttilrettelæggelse vedr. jernbanetransport,,,Transport clerks,Transport clerks,isco88,isco88,CSV:LAB_disco_from_raw_hierarchical,medium,danish,LAB_disco_413300,detail,6655,832,9.2e-05
LAB_disco_114300,LAB,disco,114300,Ledelsesarbejde i humanitære eller andre interesseorganisationer,Ledelsesarbejde i humanitære eller andre interesseorganisationer,,,Senior officials of humanitarian and other special-interest organisations,Senior officials of humanitarian and other special-interest organisations,isco88,isco88,CSV:LAB_disco_from_raw_hierarchical,medium,danish,LAB_disco_114000,unit_group,6467,944,0.000105
LAB_disco_344100,LAB,disco,344100,Toldarbejde (publikumsbetjening),Toldarbejde (publikumsbetjening),,,Customs and border inspectors,Customs and border inspectors,isco88,isco88,CSV:LAB_disco_from_raw_hierarchical,medium,danish,LAB_disco_344000,unit_group,7885,807,8.9e-05
LAB_disco_413000,LAB,disco,413000,"Administration af lager, produktion og transport","Administration af lager, produktion og transport",,,Material-recording and transport clerks,Material-recording and transport clerks,isco88,isco88,CSV:LAB_disco_from_raw_hierarchical,medium,danish,LAB_disco_410000,minor_group,1469,312,3.5e-05
LAB_disco_815500,LAB,disco,815500,Operatørarbejde ved klargøring af pels og læder,Operatørarbejde ved klargøring af pels og læder,,,Operator work for pelts and leather processing,Fur and Leather Preparing Machine Operators,isco08-crosswalk,translated,CSV:LAB_disco_from_raw,medium,danish,LAB_disco_815000,unit_group,10285,853,9.4e-05
LAB_disco_914210,LAB,disco,914210,Vinduespolering,Vinduespolering,,,"Vehicle, window and related cleaners","Vehicle, window and related cleaners",isco88,isco88,CSV:LAB_disco_from_raw_hierarchical,medium,danish,LAB_disco_914200,detail,4076,907,0.0001
LAB_disco_245150,LAB,disco,245150,Webmasterarbejde (indhold),Webmasterarbejde (indhold),,,"Authors, journalists and other writers","Authors, journalists and other writers",isco88,isco88,CSV:LAB_disco_from_raw_hierarchical,medium,danish,LAB_disco_245100,detail,3759,869,9.6e-05
LAB_disco_810000,LAB,disco,810000,Arbejde med stationære procesanlæg,Arbejde med stationære procesanlæg,,,Stationary plant and related operators,Stationary plant and related operators,isco88,isco88,CSV:LAB_disco_from_raw_hierarchical,medium,danish,LAB_disco_800000,sub_major_group,1738,295,3.3e-05
LAB_disco_741110,LAB,disco,741110,"Fiskefiletering, håndfiletering","Fiskefiletering, håndfiletering",,,"Butchers, fishmongers and related food preparers","Butchers, fishmongers and related food preparers",isco88,isco88,CSV:LAB_disco_from_raw_hierarchical,medium,danish,LAB_disco_741100,detail,10209,2236,0.000248
LAB_disco_712310,LAB,disco,712310,"Fremstilling af råhuse og montagearbejde, ekskl. medhjælpere","Fremstilling af råhuse og montagearbejde, ekskl. medhjælpere",,,"Concrete placers, concrete finishers and related workers","Concrete placers, concrete finishers and related workers",isco88,isco88,CSV:LAB_disco_from_raw_hierarchical,medium,danish,LAB_disco_712300,detail,5637,1200,0.000133
LAB_disco_712300,LAB,disco,712300,Stukkatørarbejde,Stukkatørarbejde,,,Plasterer work,Plasterers,isco08-crosswalk,translated,CSV:LAB_disco_from_raw,medium,danish,LAB_disco_712000,unit_group,6564,1107,0.000123
LAB_disco_347300,LAB,disco,347300,"Sangere og dansere, der ikke placeres i hovedgruppe 2","Sangere og dansere, der ikke placeres i hovedgruppe 2",,,"Street, night-club and related musicians, singers and dancers","Street, night-club and related musicians, singers and dancers",isco88,isco88,CSV:LAB_disco_from_raw_hierarchical,medium,danish,LAB_disco_347000,unit_group,8166,1327,0.000147
LAB_disco_411000,LAB,disco,411000,Almindeligt kontorarbejde,Almindeligt kontorarbejde,,,General office work,General Office Clerks,isco08-crosswalk,translated,CSV:LAB_disco_from_raw,medium,danish,LAB_disco_410000,minor_group,3301,1419,0.000157
LAB_disco_916200,LAB,disco,916200,"Gadefejere, snerydning o.l.","Gadefejere, snerydning o.l.",,,Sweepers and related labourers,Sweepers and related labourers,isco88,isco88,CSV:LAB_disco_from_raw_hierarchical,medium,danish,LAB_disco_916000,unit_group,26406,5119,0.000567
LAB_disco_315210,LAB,disco,315210,Kontrolarbejde vedr. miljø,Kontrolarbejde vedr. miljø,,,"Safety, health and quality inspectors","Safety, health and quality inspectors",isco88,isco88,CSV:LAB_disco_from_raw_hierarchical,medium,danish,LAB_disco_315200,detail,8449,1471,0.000163
LAB_disco_220000,LAB,disco,220000,"Arbejde inden for medicin, farmaci, og de biologiske grene af naturvidenskab, samt jordemoderarbejde, overordnet sygeplejearbejde mv.","Arbejde inden for medicin, farmaci, og de biologiske grene af naturvidenskab, samt jordemoderarbejde, overordnet sygeplejearbejde mv.",,,Life science and health professionals,Life science and health professionals,isco88,isco88,CSV:LAB_disco_from_raw_hierarchical,medium,danish,LAB_disco_200000,sub_major_group,23418,4192,0.000464
LAB_disco_521000,LAB,disco,521000,Modelarbejde,Modelarbejde,,,Fashion and other models,Fashion and other models,isco88,isco88,CSV:LAB_disco_from_raw_hierarchical,medium,danish,LAB_disco_520000,minor_group,7155,1320,0.000146
LAB_disco_313110,LAB,disco,313110,"Fotografarbejde, nyhedsformidling, pressefotograf","Fotografarbejde, nyhedsformidling, pressefotograf",,,Photographers and image and sound recording equipment operators,Photographers and image and sound recording equipment operators,isco88,isco88,CSV:LAB_disco_from_raw_hierarchical,medium,danish,LAB_disco_313100,detail,5795,871,9.6e-05
LAB_disco_721000,LAB,disco,721000,Svejsning og anden forarbejdning af metalemner samt dykkerarbejde,Svejsning og anden forarbejdning af metalemner samt dykkerarbejde,,,"Metal moulders, welders, sheet-metal workers, structural-metal preparers, and related trades workers","Metal moulders, welders, sheet-metal workers, structural-metal preparers, and related trades workers",isco88,isco88,CSV:LAB_disco_from_raw_hierarchical,medium,danish,LAB_disco_720000,minor_group,4544,1169,0.000129
LAB_disco_931240,LAB,disco,931240,Montage af luftledninger,Montage af luftledninger,,,Assembly of air ducts,Civil Engineering Labourers,isco08-crosswalk,translated,CSV:LAB_disco_from_raw,medium,danish,LAB_disco_931200,detail,3440,413,4.6e-05
LAB_disco_511000,LAB,disco,511000,"Servicearbejde vedr. transport, rejser og turisme","Servicearbejde vedr. transport, rejser og turisme",,,Travel attendants and related workers,Travel attendants and related workers,isco88,isco88,CSV:LAB_disco_from_raw_hierarchical,medium,danish,LAB_disco_510000,minor_group,258,97,1.1e-05
LAB_disco_313000,LAB,disco,313000,"Arbejde med lyd, lys og billeder samt betjening af hospitalsudstyr","Arbejde med lyd, lys og billeder samt betjening af hospitalsudstyr",,,Optical and electronic equipment operators,Optical and electronic equipment operators,isco88,isco88,CSV:LAB_disco_from_raw_hierarchical,medium,danish,LAB_disco_310000,minor_group,14269,2695,0.000298
LAB_disco_714120,LAB,disco,714120,Skibsmalerarbejde,Skibsmalerarbejde,,,Painters and related workers,Painters and related workers,isco88,isco88,CSV:LAB_disco_from_raw_hierarchical,medium,danish,LAB_disco_714100,detail,5816,1042,0.000115
LAB_disco_514120,LAB,disco,514120,Kosmetolog- og massørarbejde samt anden personpleje,Kosmetolog- og massørarbejde samt anden personpleje,,,"Hairdressers, barbers, beauticians and related workers","Hairdressers, barbers, beauticians and related workers",isco88,isco88,CSV:LAB_disco_from_raw_hierarchical,medium,danish,LAB_disco_514100,detail,4719,1334,0.000148
LAB_disco_832340,LAB,disco,832340,"Buschauffører, international turistfart","Buschauffører, international turistfart",,,Bus and tram drivers,Bus and tram drivers,isco88,isco88,CSV:LAB_disco_from_raw_hierarchical,medium,danish,LAB_disco_832300,detail,5130,1034,0.000115
LAB_disco_221120,LAB,disco,221120,"Arbejde inden for biologi, genetik, zoologi, botanik og økologi","Arbejde inden for biologi, genetik, zoologi, botanik og økologi",,,"Biologists, botanists, zoologists and related professionals","Biologists, botanists, zoologists and related professionals",isco88,isco88,CSV:LAB_disco_from_raw_hierarchical,medium,danish,LAB_disco_221100,detail,11886,1791,0.000198
LAB_disco_245130,LAB,disco,245130,Reklametekstarbejde,Reklametekstarbejde,,,"Authors, journalists and other writers","Authors, journalists and other writers",isco88,isco88,CSV:LAB_disco_from_raw_hierarchical,medium,danish,LAB_disco_245100,detail,4704,937,0.000104
LAB_disco_242120,LAB,disco,242120,Advokatfuldmægtigarbejde,Advokatfuldmægtigarbejde,,,Lawyers,Lawyers,isco88,isco88,CSV:LAB_disco_from_raw_hierarchical,medium,danish,LAB_disco_242100,detail,12070,2585,0.000286
LAB_disco_915000,LAB,disco,915000,"Budtjeneste, vagtarbejde og måleraflæsning o.l.","Budtjeneste, vagtarbejde og måleraflæsning o.l.",,,"Messengers, porters, doorkeepers and related workers","Messengers, porters, doorkeepers and related workers",isco88,isco88,CSV:LAB_disco_from_raw_hierarchical,medium,danish,LAB_disco_910000,minor_group,3896,560,6.2e-05
LAB_disco_732300,LAB,disco,732300,Arbejde med færdiggørelse og indbinding af trykte produkter,Arbejde med færdiggørelse og indbinding af trykte produkter,,,Work on finishing and binding of printed products,Print Finishing and Binding Workers,isco08-crosswalk,translated,CSV:LAB_disco_from_raw,medium,danish,LAB_disco_732000,unit_group,2376,337,3.7e-05
LAB_disco_242110,LAB,disco,242110,Advokatarbejde,Advokatarbejde,,,Lawyers,Lawyers,isco88,isco88,CSV:LAB_disco_from_raw_hierarchical,medium,danish,LAB_disco_242100,detail,16049,2503,0.000277
LAB_disco_615000,LAB,disco,615000,Fiskeri og jagt,Fiskeri og jagt,,,"Fishery workers, hunters and trappers","Fishery workers, hunters and trappers",isco88,isco88,CSV:LAB_disco_from_raw_hierarchical,medium,danish,LAB_disco_610000,minor_group,3956,546,6e-05
LAB_disco_347400,LAB,disco,347400,Cirkusartistarbejde mv.,Cirkusartistarbejde mv.,,,"Clowns, magicians, acrobats and related associate professionals","Clowns, magicians, acrobats and related associate professionals",isco88,isco88,CSV:LAB_disco_from_raw_hierarchical,medium,danish,LAB_disco_347000,unit_group,5794,968,0.000107
LAB_disco_734600,LAB,disco,734600,Serigrafisk arbejde,Serigrafisk arbejde,,,"Silk-screen, block and craft textile printers","Silk-screen, block and craft textile printers",isco88,isco88,CSV:LAB_disco_from_raw_hierarchical,medium,danish,LAB_disco_734000,unit_group,21660,2874,0.000318
LAB_disco_828600,LAB,disco,828600,"Samlebåndsarbejde inden for papir-, tekstil- og tilsvarende produktion","Samlebåndsarbejde inden for papir-, tekstil- og tilsvarende produktion",,,"Paperboard, textile and related products assemblers","Paperboard, textile and related products assemblers",isco88,isco88,CSV:LAB_disco_from_raw_hierarchical,medium,danish,LAB_disco_828000,unit_group,7303,1445,0.00016
LAB_disco_742400,LAB,disco,742400,Kurvemager- og børstenbinderarbejde o.l.,Kurvemager- og børstenbinderarbejde o.l.,,,"Basketry weavers, brush makers and related workers","Basketry weavers, brush makers and related workers",isco88,isco88,CSV:LAB_disco_from_raw_hierarchical,medium,danish,LAB_disco_742000,unit_group,3284,339,3.8e-05
LAB_disco_321112,LAB,disco,321112,"Assistentarbejde i laboratorier, medicinalindustri","Assistentarbejde i laboratorier, medicinalindustri",,,Life science technicians,Life science technicians,isco88,isco88,CSV:LAB_disco_from_raw_hierarchical,medium,danish,LAB_disco_321100,detail,2220,450,5e-05
LAB_disco_322630,LAB,disco,322630,Kiropraktorarbejde,Kiropraktorarbejde,,,Physiotherapists and related associate professionals,Physiotherapists and related associate professionals,isco88,isco88,CSV:LAB_disco_from_raw_hierarchical,medium,danish,LAB_disco_322600,detail,1032,257,2.8e-05
LAB_disco_734400,LAB,disco,734400,"Andet fototeknisk arbejde, fx filmfremkaldelse","Andet fototeknisk arbejde, fx filmfremkaldelse",,,Photographic and related workers,Photographic and related workers,isco88,isco88,CSV:LAB_disco_from_raw_hierarchical,medium,danish,LAB_disco_734000,unit_group,5779,814,9e-05
LAB_disco_731200,LAB,disco,731200,Håndfremstilling af musikinstrumenter,Håndfremstilling af musikinstrumenter,,,Handcrafting of musical instruments,Musical Instrument Makers and Tuners,isco08-crosswalk,translated,CSV:LAB_disco_from_raw,medium,danish,LAB_disco_731000,unit_group,8733,702,7.8e-05
LAB_disco_323000,LAB,disco,323000,Assisterende arbejde inden for naturmedicin og alternativ behandling,Assisterende arbejde inden for naturmedicin og alternativ behandling,,,Assistant work within natural medicine and alternative treatments,Traditional and Complementary Medicine Associate Professionals,isco08-crosswalk,translated,CSV:LAB_disco_from_raw,medium,danish,LAB_disco_320000,minor_group,2660,834,9.2e-05
LAB_disco_743400,LAB,disco,743400,Buntmagerarbejde,Buntmagerarbejde,,,Furriers and related workers,Furriers and related workers,isco88,isco88,CSV:LAB_disco_from_raw_hierarchical,medium,danish,LAB_disco_743000,unit_group,7692,616,6.8e-05
LAB_disco_513900,LAB,disco,513900,Omsorgsarbejde i øvrigt,Omsorgsarbejde i øvrigt,,,Personal care and related workers not elsewhere classified,Personal care and related workers not elsewhere classified,isco88,isco88,CSV:LAB_disco_from_raw_hierarchical,medium,danish,LAB_disco_513000,unit_group,16386,1965,0.000218
LAB_disco_211200,LAB,disco,211200,Arbejde inden for meteorologi,Arbejde inden for meteorologi,,,Work within meteorology,Meteorologists,isco08-crosswalk,translated,CSV:LAB_disco_from_raw,medium,danish,LAB_disco_211000,unit_group,7580,845,9.4e-05
LAB_disco_342290,LAB,disco,342290,Spedition i øvrigt,Spedition i øvrigt,,,Clearing and forwarding agents,Clearing and forwarding agents,isco88,isco88,CSV:LAB_disco_from_raw_hierarchical,medium,danish,LAB_disco_342200,detail,14924,2780,0.000308
LAB_disco_731110,LAB,disco,731110,Instrument- og urmagerarbejde o.l.,Instrument- og urmagerarbejde o.l.,,,Precision-instrument makers and repairers,Precision-instrument makers and repairers,isco88,isco88,CSV:LAB_disco_from_raw_hierarchical,medium,danish,LAB_disco_731100,detail,2819,533,5.9e-05
LAB_disco_344400,LAB,disco,344400,"Arbejde vedr. udstedelse af pas, licens mv.","Arbejde vedr. udstedelse af pas, licens mv.",,,Government licensing officials,Government licensing officials,isco88,isco88,CSV:LAB_disco_from_raw_hierarchical,medium,danish,LAB_disco_344000,unit_group,10642,962,0.000107
LAB_disco_731000,LAB,disco,731000,Præcisionshåndværk i metal og andre materialer,Præcisionshåndværk i metal og andre materialer,,,Precision workers in metal and related materials,Precision workers in metal and related materials,isco88,isco88,CSV:LAB_disco_from_raw_hierarchical,medium,danish,LAB_disco_730000,minor_group,1767,511,5.7e-05
LAB_disco_812400,LAB,disco,812400,Tråd- og rørtrækning,Tråd- og rørtrækning,,,Metal drawers and extruders,Metal drawers and extruders,isco88,isco88,CSV:LAB_disco_from_raw_hierarchical,medium,danish,LAB_disco_812000,unit_group,4160,457,5.1e-05
LAB_disco_815300,LAB,disco,815300,Operatørarbejde af symaskiner,Operatørarbejde af symaskiner,,,Operator work with sewing machines,Sewing Machine Operators,isco08-crosswalk,translated,CSV:LAB_disco_from_raw,medium,danish,LAB_disco_815000,unit_group,1748,226,2.5e-05
LAB_disco_615400,LAB,disco,615400,Jagt,Jagt,,,Hunters and trappers,Hunters and trappers,isco88,isco88,CSV:LAB_disco_from_raw_hierarchical,medium,danish,LAB_disco_615000,unit_group,2700,299,3.3e-05
LAB_disco_310000,LAB,disco,310000,Teknikerarbejde inden for ikke biologiske emner,Teknikerarbejde inden for ikke biologiske emner,,,Physical and engineering science associate professionals,Physical and engineering science associate professionals,isco88,isco88,CSV:LAB_disco_from_raw_hierarchical,medium,danish,LAB_disco_300000,sub_major_group,2278,571,6.3e-05
LAB_disco_311700,LAB,disco,311700,Teknikerarbejde inden for minedrift og metallurgi,Teknikerarbejde inden for minedrift og metallurgi,,,Technical work within mining and metallurgy,Mining and Metallurgical Technicians,isco08-crosswalk,translated,CSV:LAB_disco_from_raw,medium,danish,LAB_disco_311000,unit_group,11273,1397,0.000155
LAB_disco_321114,LAB,disco,321114,"Andet teknikerarbejde, medicinalindustri","Andet teknikerarbejde, medicinalindustri",,,Life science technicians,Life science technicians,isco88,isco88,CSV:LAB_disco_from_raw_hierarchical,medium,danish,LAB_disco_321100,detail,2356,413,4.6e-05
LAB_disco_422000,LAB,disco,422000,Kundebetjening i øvrigt,Kundebetjening i øvrigt,,,Client information clerks,Client information clerks,isco88,isco88,CSV:LAB_disco_from_raw_hierarchical,medium,danish,LAB_disco_420000,minor_group,3061,894,9.9e-05
LAB_disco_832230,LAB,disco,832230,Varevognschaufførarbejde med salgs- og repræsentationsopgaver,Varevognschaufførarbejde med salgs- og repræsentationsopgaver,,,Vehicle driver work with sales and representation tasks,"Car, Taxi and Van Drivers",isco08-crosswalk,translated,CSV:LAB_disco_from_raw,medium,danish,LAB_disco_832200,detail,382,92,1e-05
LAB_disco_741400,LAB,disco,741400,Konservering af frugt og grønt samt juicefremstilling,Konservering af frugt og grønt samt juicefremstilling,,,"Fruit, vegetable and related preservers","Fruit, vegetable and related preservers",isco88,isco88,CSV:LAB_disco_from_raw_hierarchical,medium,danish,LAB_disco_741000,unit_group,7305,1133,0.000125
LAB_disco_732200,LAB,disco,732200,Trykkerarbejde,Trykkerarbejde,,,Printing work,Printers,isco08-crosswalk,translated,CSV:LAB_disco_from_raw,medium,danish,LAB_disco_732000,unit_group,7328,699,7.7e-05
LAB_disco_314400,LAB,disco,314400,Planlægning og afvikling af flytrafik,Planlægning og afvikling af flytrafik,,,Air traffic controllers,Air traffic controllers,isco88,isco88,CSV:LAB_disco_from_raw_hierarchical,medium,danish,LAB_disco_314000,unit_group,18601,1616,0.000179
LAB_disco_313120,LAB,disco,313120,Fototeknisk arbejde,Fototeknisk arbejde,,,Photographers and image and sound recording equipment operators,Photographers and image and sound recording equipment operators,isco88,isco88,CSV:LAB_disco_from_raw_hierarchical,medium,danish,LAB_disco_313100,detail,3770,641,7.1e-05
LAB_disco_826900,LAB,disco,826900,"Betjening af andre maskiner inden for tekstil-, skind- og læderindustri","Betjening af andre maskiner inden for tekstil-, skind- og læderindustri",,,"Textile-, fur- and leather-products machine operators not elsewhere classified","Textile-, fur- and leather-products machine operators not elsewhere classified",isco88,isco88,CSV:LAB_disco_from_raw_hierarchical,medium,danish,LAB_disco_826000,unit_group,17642,2914,0.000323
LAB_disco_823000,LAB,disco,823000,Betjening af maskiner inden for gummi-og plastindustri,Betjening af maskiner inden for gummi-og plastindustri,,,Rubber- and plastic-products machine operators,Rubber- and plastic-products machine operators,isco88,isco88,CSV:LAB_disco_from_raw_hierarchical,medium,danish,LAB_disco_820000,minor_group,522,187,2.1e-05
LAB_disco_114220,LAB,disco,114220,Ansatte ledere i økonomiske interesseorganisationer,Ansatte ledere i økonomiske interesseorganisationer,,,"Senior officials of employers', workers' and other economic-interest organisations","Senior officials of employers', workers' and other economic-interest organisations",isco88,isco88,CSV:LAB_disco_from_raw_hierarchical,medium,danish,LAB_disco_114200,detail,5447,876,9.7e-05
LAB_disco_912000,LAB,disco,912000,Skopudsning o.l. gadeservicearbejde,Skopudsning o.l. gadeservicearbejde,,,Shoe cleaning and other street services elementary occupations,Shoe cleaning and other street services elementary occupations,isco88,isco88,CSV:LAB_disco_from_raw_hierarchical,medium,danish,LAB_disco_910000,minor_group,1398,384,4.3e-05
LAB_disco_730000,LAB,disco,730000,"Præcisionshåndværk, grafisk arbejde o.l.","Præcisionshåndværk, grafisk arbejde o.l.",,,"Precision, handicraft, craft printing and related trades workers","Precision, handicraft, craft printing and related trades workers",isco88,isco88,CSV:LAB_disco_from_raw_hierarchical,medium,danish,LAB_disco_700000,sub_major_group,458,103,1.1e-05
LAB_disco_321121,LAB,disco,321121,"Laborantarbejde, fødevareindustri","Laborantarbejde, fødevareindustri",,,Life science technicians,Life science technicians,isco88,isco88,CSV:LAB_disco_from_raw_hierarchical,medium,danish,LAB_disco_321100,detail,9439,1308,0.000145
LAB_disco_342920,LAB,disco,342920,Agentarbejde for fx sportsudøvere og kunstnere,Agentarbejde for fx sportsudøvere og kunstnere,,,Business services agents and trade brokers not elsewhere classified,Business services agents and trade brokers not elsewhere classified,isco88,isco88,CSV:LAB_disco_from_raw_hierarchical,medium,danish,LAB_disco_342900,detail,763,151,1.7e-05
LAB_disco_341130,LAB,disco,341130,Kreditarbejde vedr. opfølgning/rapportering,Kreditarbejde vedr. opfølgning/rapportering,,,Securities and finance dealers and brokers,Securities and finance dealers and brokers,isco88,isco88,CSV:LAB_disco_from_raw_hierarchical,medium,danish,LAB_disco_341100,detail,2974,606,6.7e-05
LAB_disco_314420,LAB,disco,314420,Planlægning og afvikling af flytrafik i øvrigt,Planlægning og afvikling af flytrafik i øvrigt,,,Air traffic controllers,Air traffic controllers,isco88,isco88,CSV:LAB_disco_from_raw_hierarchical,medium,danish,LAB_disco_314400,detail,18213,2202,0.000244
LAB_disco_315100,LAB,disco,315100,Teknikerarbejde inden for skibsfart,Teknikerarbejde inden for skibsfart,,,Technical work within shipping,Ships’ Engineers,isco08-crosswalk,translated,CSV:LAB_disco_from_raw,medium,danish,LAB_disco_315000,unit_group,9337,1301,0.000144
LAB_disco_712420,LAB,disco,712420,Fremstilling og reparation af skibe i træ,Fremstilling og reparation af skibe i træ,,,Carpenters and joiners,Carpenters and joiners,isco88,isco88,CSV:LAB_disco_from_raw_hierarchical,medium,danish,LAB_disco_712400,detail,4289,769,8.5e-05
LAB_disco_714000,LAB,disco,714000,Malerarbejde og bygningsrengøring,Malerarbejde og bygningsrengøring,,,"Painters, building structure cleaners and related trades workers","Painters, building structure cleaners and related trades workers",isco88,isco88,CSV:LAB_disco_from_raw_hierarchical,medium,danish,LAB_disco_710000,minor_group,1379,288,3.2e-05
LAB_disco_714310,LAB,disco,714310,Skorstensfejning,Skorstensfejning,,,Building structure cleaners,Building structure cleaners,isco88,isco88,CSV:LAB_disco_from_raw_hierarchical,medium,danish,LAB_disco_714300,detail,6561,753,8.3e-05
LAB_disco_714300,LAB,disco,714300,Bygningsrengøringsarbejde,Bygningsrengøringsarbejde,,,Building structure cleaners,Building structure cleaners,isco88,isco88,CSV:LAB_disco_from_raw_hierarchical,medium,danish,LAB_disco_714000,unit_group,22552,2438,0.00027
LAB_disco_321122,LAB,disco,321122,"Assistentarbejde i laboratorier, fødevareindustri","Assistentarbejde i laboratorier, fødevareindustri",,,Life science technicians,Life science technicians,isco88,isco88,CSV:LAB_disco_from_raw_hierarchical,medium,danish,LAB_disco_321100,detail,1203,218,2.4e-05
LAB_disco_413340,LAB,disco,413340,Transporttilrettelæggelse vedr. bustransport,Transporttilrettelæggelse vedr. bustransport,,,Transport clerks,Transport clerks,isco88,isco88,CSV:LAB_disco_from_raw_hierarchical,medium,danish,LAB_disco_413300,detail,1085,278,3.1e-05
LAB_disco_832320,LAB,disco,832320,"Buschauffører, national turistfart","Buschauffører, national turistfart",,,Bus and tram drivers,Bus and tram drivers,isco88,isco88,CSV:LAB_disco_from_raw_hierarchical,medium,danish,LAB_disco_832300,detail,4201,1077,0.000119
LAB_disco_245212,LAB,disco,245212,Illustrationsgrafisk arbejde vedr. marketing,Illustrationsgrafisk arbejde vedr. marketing,,,"Sculptors, painters and related artists","Sculptors, painters and related artists",isco88,isco88,CSV:LAB_disco_from_raw_hierarchical,medium,danish,LAB_disco_245200,detail,3753,780,8.6e-05
LAB_disco_244420,LAB,disco,244420,Oversættelsesarbejde,Oversættelsesarbejde,,,"Philologists, translators and interpreters","Philologists, translators and interpreters",isco88,isco88,CSV:LAB_disco_from_raw_hierarchical,medium,danish,LAB_disco_244400,detail,3544,609,6.7e-05
LAB_disco_832250,LAB,disco,832250,Varevognschauffører med flytteopgaver,Varevognschauffører med flytteopgaver,,,"Car, taxi and van drivers","Car, taxi and van drivers",isco88,isco88,CSV:LAB_disco_from_raw_hierarchical,medium,danish,LAB_disco_832200,detail,2746,678,7.5e-05
LAB_disco_829020,LAB,disco,829020,Kontrol af varer før bearbejdning,Kontrol af varer før bearbejdning,,,Other machine operators not elsewhere classified,Other machine operators not elsewhere classified,isco88,isco88,CSV:LAB_disco_from_raw_hierarchical,medium,danish,LAB_disco_829000,detail,6879,1143,0.000127
LAB_disco_814200,LAB,disco,814200,Operatør ved papirmasseprocesanlæg,Operatør ved papirmasseprocesanlæg,,,Paper-pulp plant operators,Paper-pulp plant operators,isco88,isco88,CSV:LAB_disco_from_raw_hierarchical,medium,danish,LAB_disco_814000,unit_group,4710,876,9.7e-05
LAB_disco_347150,LAB,disco,347150,Illustrations- og tegnearbejde,Illustrations- og tegnearbejde,,,Decorators and commercial designers,Decorators and commercial designers,isco88,isco88,CSV:LAB_disco_from_raw_hierarchical,medium,danish,LAB_disco_347100,detail,1306,247,2.7e-05
LAB_disco_832270,LAB,disco,832270,Varevognschauffører med salgs- og repræsentationsopgaver,Varevognschauffører med salgs- og repræsentationsopgaver,,,"Car, taxi and van drivers","Car, taxi and van drivers",isco88,isco88,CSV:LAB_disco_from_raw_hierarchical,medium,danish,LAB_disco_832200,detail,6061,1226,0.000136
LAB_disco_341110,LAB,disco,341110,Kreditarbejde vedr. kreditanalyse,Kreditarbejde vedr. kreditanalyse,,,Securities and finance dealers and brokers,Securities and finance dealers and brokers,isco88,isco88,CSV:LAB_disco_from_raw_hierarchical,medium,danish,LAB_disco_341100,detail,3035,640,7.1e-05
LAB_disco_347510,LAB,disco,347510,"Trænervirksomhed, sport","Trænervirksomhed, sport",,,"Athletes, sports persons and related associate professionals","Athletes, sports persons and related associate professionals",isco88,isco88,CSV:LAB_disco_from_raw_hierarchical,medium,danish,LAB_disco_347500,detail,8533,2371,0.000263
LAB_disco_813000,LAB,disco,813000,"Glas-, keramik- og teglprocesanlægsarbejde","Glas-, keramik- og teglprocesanlægsarbejde",,,"Glass, ceramics and related plant operators","Glass, ceramics and related plant operators",isco88,isco88,CSV:LAB_disco_from_raw_hierarchical,medium,danish,LAB_disco_810000,minor_group,385,102,1.1e-05
LAB_disco_347520,LAB,disco,347520,Sportsudøvelse,Sportsudøvelse,,,"Athletes, sports persons and related associate professionals","Athletes, sports persons and related associate professionals",isco88,isco88,CSV:LAB_disco_from_raw_hierarchical,medium,danish,LAB_disco_347500,detail,10398,2221,0.000246
LAB_disco_921000,LAB,disco,921000,"Medhjælp inden for landbrug, gartneri, fiskeri og skovbrug","Medhjælp inden for landbrug, gartneri, fiskeri og skovbrug",,,"Agricultural, fishery and related labourers","Agricultural, fishery and related labourers",isco88,isco88,CSV:LAB_disco_from_raw_hierarchical,medium,danish,LAB_disco_920000,minor_group,1324,441,4.9e-05
LAB_disco_347111,LAB,disco,347111,Blomsterdekoration,Blomsterdekoration,,,Decorators and commercial designers,Decorators and commercial designers,isco88,isco88,CSV:LAB_disco_from_raw_hierarchical,medium,danish,LAB_disco_347100,detail,500,126,1.4e-05
LAB_disco_731130,LAB,disco,731130,Tandteknikerarbejde,Tandteknikerarbejde,,,Precision-instrument makers and repairers,Precision-instrument makers and repairers,isco88,isco88,CSV:LAB_disco_from_raw_hierarchical,medium,danish,LAB_disco_731100,detail,8735,1462,0.000162
LAB_disco_223010,LAB,disco,223010,Jordemoderarbejde,Jordemoderarbejde,,,Midwifery work,Nursing and midwifery professionals,isco88,translated,CSV:LAB_disco_from_raw_hierarchical,medium,danish,LAB_disco_223000,detail,21918,2337,0.000259
LAB_disco_313180,LAB,disco,313180,"Redigering af lyd og billede, ekskl. nyhedsformidling","Redigering af lyd og billede, ekskl. nyhedsformidling",,,Photographers and image and sound recording equipment operators,Photographers and image and sound recording equipment operators,isco88,isco88,CSV:LAB_disco_from_raw_hierarchical,medium,danish,LAB_disco_313100,detail,1771,352,3.9e-05
LAB_disco_313160,LAB,disco,313160,"Lydoptagelse og lydteknik, ekskl. nyhedsformidling","Lydoptagelse og lydteknik, ekskl. nyhedsformidling",,,Photographers and image and sound recording equipment operators,Photographers and image and sound recording equipment operators,isco88,isco88,CSV:LAB_disco_from_raw_hierarchical,medium,danish,LAB_disco_313100,detail,2377,362,4e-05
LAB_disco_413320,LAB,disco,413320,Transporttilrettelæggelse vedr. luftfart - ikke flyveledere,Transporttilrettelæggelse vedr. luftfart - ikke flyveledere,,,Transport clerks,Transport clerks,isco88,isco88,CSV:LAB_disco_from_raw_hierarchical,medium,danish,LAB_disco_413300,detail,816,175,1.9e-05
LAB_disco_610000,LAB,disco,610000,"Arbejde inden for landbrug, gartneri, skovbrug, jagt og fiskeri","Arbejde inden for landbrug, gartneri, skovbrug, jagt og fiskeri",,,Skilled agricultural and fishery workers,Skilled agricultural and fishery workers,isco88,isco88,CSV:LAB_disco_from_raw_hierarchical,medium,danish,LAB_disco_600000,sub_major_group,4399,1550,0.000172
LAB_disco_822400,LAB,disco,822400,Betjening af maskiner til produktion af fotografiske artikler,Betjening af maskiner til produktion af fotografiske artikler,,,Photographic-products machine operators,Photographic-products machine operators,isco88,isco88,CSV:LAB_disco_from_raw_hierarchical,medium,danish,LAB_disco_822000,unit_group,3742,734,8.1e-05
LAB_disco_815100,LAB,disco,815100,Operatørarbejde ved forarbejdning af materialer i fiber og tekstil,Operatørarbejde ved forarbejdning af materialer i fiber og tekstil,,,Operator work in processing materials in fibers and textiles,"Fibre Preparing, Spinning and Winding Machine Operators",isco08-crosswalk,translated,CSV:LAB_disco_from_raw,medium,danish,LAB_disco_815000,unit_group,7520,992,0.00011
LAB_disco_830000,LAB,disco,830000,Transport- og anlægsarbejde,Transport- og anlægsarbejde,,,Drivers and mobile plant operators,Drivers and mobile plant operators,isco88,isco88,CSV:LAB_disco_from_raw_hierarchical,medium,danish,LAB_disco_800000,sub_major_group,4638,582,6.4e-05
LAB_disco_244000,LAB,disco,244000,Arbejde inden for samfundsøkonomi og socialvidenskab,Arbejde inden for samfundsøkonomi og socialvidenskab,,,Social science and related professionals,Social science and related professionals,isco88,isco88,CSV:LAB_disco_from_raw_hierarchical,medium,danish,LAB_disco_240000,minor_group,707,336,3.7e-05
LAB_disco_314410,LAB,disco,314410,Flyvelederarbejde,Flyvelederarbejde,,,Air traffic controllers,Air traffic controllers,isco88,isco88,CSV:LAB_disco_from_raw_hierarchical,medium,danish,LAB_disco_314400,detail,5148,498,5.5e-05
LAB_disco_322620,LAB,disco,322620,Fodterapeutarbejde,Fodterapeutarbejde,,,Physiotherapists and related associate professionals,Physiotherapists and related associate professionals,isco88,isco88,CSV:LAB_disco_from_raw_hierarchical,medium,danish,LAB_disco_322600,detail,1137,344,3.8e-05
LAB_disco_315000,LAB,disco,315000,Sikkerhedsarbejde og kvalitetskontrol,Sikkerhedsarbejde og kvalitetskontrol,,,Safety and quality inspectors,Safety and quality inspectors,isco88,isco88,CSV:LAB_disco_from_raw_hierarchical,medium,danish,LAB_disco_310000,minor_group,287,78,9e-06
LAB_disco_740000,LAB,disco,740000,Andet håndværkspræget arbejde,Andet håndværkspræget arbejde,,,Other craft and related trades workers,Other craft and related trades workers,isco88,isco88,CSV:LAB_disco_from_raw_hierarchical,medium,danish,LAB_disco_700000,sub_major_group,2346,622,6.9e-05
LAB_disco_244490,LAB,disco,244490,"Andet arbejde vedr. sprog, sprogteknologi og kommunikation","Andet arbejde vedr. sprog, sprogteknologi og kommunikation",,,"Philologists, translators and interpreters","Philologists, translators and interpreters",isco88,isco88,CSV:LAB_disco_from_raw_hierarchical,medium,danish,LAB_disco_244400,detail,1623,335,3.7e-05
LAB_disco_321113,LAB,disco,321113,"Laboratorieteknikerarbejde, medicinalindustri","Laboratorieteknikerarbejde, medicinalindustri",,,Life science technicians,Life science technicians,isco88,isco88,CSV:LAB_disco_from_raw_hierarchical,medium,danish,LAB_disco_321100,detail,3186,438,4.9e-05
LAB_disco_914000,LAB,disco,914000,Vedligeholdelse af bygninger og anlæg samt vinduespolering o.l.,Vedligeholdelse af bygninger og anlæg samt vinduespolering o.l.,,,"Building caretakers, window and related cleaners","Building caretakers, window and related cleaners",isco88,isco88,CSV:LAB_disco_from_raw_hierarchical,medium,danish,LAB_disco_910000,minor_group,253,81,9e-06
LAB_disco_832290,LAB,disco,832290,"Andre varevognschauffører, international transport","Andre varevognschauffører, international transport",,,"Car, taxi and van drivers","Car, taxi and van drivers",isco88,isco88,CSV:LAB_disco_from_raw_hierarchical,medium,danish,LAB_disco_832200,detail,1533,344,3.8e-05
LAB_disco_711200,LAB,disco,711200,Minørarbejde,Minørarbejde,,,Shotfirers and blasters,Shotfirers and blasters,isco88,isco88,CSV:LAB_disco_from_raw_hierarchical,medium,danish,LAB_disco_711000,unit_group,756,110,1.2e-05
LAB_disco_122910,LAB,disco,122910,Ledelse i politi og retsvæsen i virksomhed med mindst 10 beskæftigede,Ledelse i politi og retsvæsen i virksomhed med mindst 10 beskæftigede,,,Production and operations managers not elsewhere classified,Production and operations managers not elsewhere classified,isco88,isco88,CSV:LAB_disco_from_raw_hierarchical,medium,danish,LAB_disco_122900,detail,2594,272,3e-05
LAB_disco_827700,LAB,disco,827700,"Betjening af maskiner ved te-, kaffe- og kakaoristningsproduktion","Betjening af maskiner ved te-, kaffe- og kakaoristningsproduktion",,,"Tea-, coffee- and cocoa-processing-machine operators","Tea-, coffee- and cocoa-processing-machine operators",isco88,isco88,CSV:LAB_disco_from_raw_hierarchical,medium,danish,LAB_disco_827000,unit_group,3221,372,4.1e-05
LAB_disco_131220,LAB,disco,131220,Ledelse af produktionen i industrivirksomheder i øvrigt i virksomhed med færre end 10 beskæftigede,Ledelse af produktionen i industrivirksomheder i øvrigt i virksomhed med færre end 10 beskæftigede,,,Managers of small enterprises in manufacturing,Managers of small enterprises in manufacturing,isco88,isco88,CSV:LAB_disco_from_raw_hierarchical,medium,danish,LAB_disco_131200,detail,1891,742,8.2e-05
LAB_disco_733000,LAB,disco,733000,"Håndarbejde i træ, tekstil o.l.","Håndarbejde i træ, tekstil o.l.",,,"Handicraft workers in wood, textile, leather and related materials","Handicraft workers in wood, textile, leather and related materials",isco88,isco88,CSV:LAB_disco_from_raw_hierarchical,medium,danish,LAB_disco_730000,minor_group,292,64,7e-06
LAB_disco_731120,LAB,disco,731120,Fremstilling af ortopædiske hjælpemidler,Fremstilling af ortopædiske hjælpemidler,,,Precision-instrument makers and repairers,Precision-instrument makers and repairers,isco88,isco88,CSV:LAB_disco_from_raw_hierarchical,medium,danish,LAB_disco_731100,detail,5796,708,7.8e-05
LAB_disco_931320,LAB,disco,931320,Medhjælp ved tagdækningsarbejde,Medhjælp ved tagdækningsarbejde,,,Helper for roof covering work,Building Construction Labourers,isco08-crosswalk,translated,CSV:LAB_disco_from_raw,medium,danish,LAB_disco_931300,detail,801,196,2.2e-05
LAB_disco_211000,LAB,disco,211000,"Arbejde inden for fysik, kemi, astronomi, meteorologi, geologi og geofysik","Arbejde inden for fysik, kemi, astronomi, meteorologi, geologi og geofysik",,,"Physicists, chemists and related professionals","Physicists, chemists and related professionals",isco88,isco88,CSV:LAB_disco_from_raw_hierarchical,medium,danish,LAB_disco_210000,minor_group,256,88,1e-05
LAB_disco_832240,LAB,disco,832240,Varevognschaufførarbejde med renovationsopgaver,Varevognschaufførarbejde med renovationsopgaver,,,Warehouse driver work including renovation tasks,"Car, Taxi and Van Drivers",isco08-crosswalk,translated,CSV:LAB_disco_from_raw,medium,danish,LAB_disco_832200,detail,78,31,3e-06
LAB_disco_712910,LAB,disco,712910,Fremstilling af bygningskonstruktioner i stål,Fremstilling af bygningskonstruktioner i stål,,,Building frame and related trades workers not elsewhere classified,Building frame and related trades workers not elsewhere classified,isco88,isco88,CSV:LAB_disco_from_raw_hierarchical,medium,danish,LAB_disco_712900,detail,2244,422,4.7e-05
LAB_disco_311140,LAB,disco,311140,"Teknikerarbejde inden for geologi, meteorologi og astronomi","Teknikerarbejde inden for geologi, meteorologi og astronomi",,,"Technical work within geology, meteorology and astronomy",Chemical and Physical Science Technicians,isco08-crosswalk,translated,CSV:LAB_disco_from_raw,medium,danish,LAB_disco_311100,detail,987,162,1.8e-05
LAB_disco_321142,LAB,disco,321142,Laboratorieteknikerarbejde vedr. forskning,Laboratorieteknikerarbejde vedr. forskning,,,Life science technicians,Life science technicians,isco88,isco88,CSV:LAB_disco_from_raw_hierarchical,medium,danish,LAB_disco_321100,detail,478,98,1.1e-05
LAB_disco_321141,LAB,disco,321141,Laborantarbejde vedr. forskning,Laborantarbejde vedr. forskning,,,Life science technicians,Life science technicians,isco88,isco88,CSV:LAB_disco_from_raw_hierarchical,medium,danish,LAB_disco_321100,detail,530,132,1.5e-05
LAB_disco_714320,LAB,disco,714320,Kemisk rensning og sandblæsning af overflader,Kemisk rensning og sandblæsning af overflader,,,Building structure cleaners,Building structure cleaners,isco88,isco88,CSV:LAB_disco_from_raw_hierarchical,medium,danish,LAB_disco_714300,detail,3197,657,7.3e-05
LAB_disco_931100,LAB,disco,931100,Manuelt arbejde inden for råstofudvinding,Manuelt arbejde inden for råstofudvinding,,,Manual work in raw material extraction,Mining and Quarrying Labourers,isco08-crosswalk,translated,CSV:LAB_disco_from_raw,medium,danish,LAB_disco_931000,unit_group,2614,416,4.6e-05
LAB_disco_714130,LAB,disco,714130,Skiltemalerarbejde,Skiltemalerarbejde,,,Painters and related workers,Painters and related workers,isco88,isco88,CSV:LAB_disco_from_raw_hierarchical,medium,danish,LAB_disco_714100,detail,2227,352,3.9e-05
LAB_disco_712320,LAB,disco,712320,"Brobygning og bygning af lignende betonkonstruktioner, ekskl. medhjælpere","Brobygning og bygning af lignende betonkonstruktioner, ekskl. medhjælpere",,,"Concrete placers, concrete finishers and related workers","Concrete placers, concrete finishers and related workers",isco88,isco88,CSV:LAB_disco_from_raw_hierarchical,medium,danish,LAB_disco_712300,detail,304,91,1e-05
LAB_disco_122940,LAB,disco,122940,"Ledelse af andre offentlige områder, herunder sport, kultur og servicevirksomhed i virksomhed med mindst 10 beskæftigede","Ledelse af andre offentlige områder, herunder sport, kultur og servicevirksomhed i virksomhed med mindst 10 beskæftigede",,,Production and operations managers not elsewhere classified,Production and operations managers not elsewhere classified,isco88,isco88,CSV:LAB_disco_from_raw_hierarchical,medium,danish,LAB_disco_122900,detail,2618,474,5.2e-05
LAB_disco_916000,LAB,disco,916000,Renovationsarbejde ekskl. kørsel af renovationsvogne,Renovationsarbejde ekskl. kørsel af renovationsvogne,,,Garbage collectors and related labourers,Garbage collectors and related labourers,isco88,isco88,CSV:LAB_disco_from_raw_hierarchical,medium,danish,LAB_disco_910000,minor_group,473,102,1.1e-05
LAB_disco_347130,LAB,disco,347130,Indretningsarkitektarbejde,Indretningsarkitektarbejde,,,Decorators and commercial designers,Decorators and commercial designers,isco88,isco88,CSV:LAB_disco_from_raw_hierarchical,medium,danish,LAB_disco_347100,detail,2343,436,4.8e-05
LAB_disco_210000,LAB,disco,210000,"Arbejde inden for de ikke-biologiske grene af naturvidenskab samt datalogi, statistik, arkitektur og tekniske videnskaber","Arbejde inden for de ikke-biologiske grene af naturvidenskab samt datalogi, statistik, arkitektur og tekniske videnskaber",,,"Physical, mathematical and engineering science professionals","Physical, mathematical and engineering science professionals",isco88,isco88,CSV:LAB_disco_from_raw_hierarchical,medium,danish,LAB_disco_200000,sub_major_group,961,262,2.9e-05
LAB_disco_734410,LAB,disco,734410,2003 repofotografisk arbejde,2003 repofotografisk arbejde,,,Photographic and related workers,Photographic and related workers,isco88,isco88,CSV:LAB_disco_from_raw_hierarchical,medium,danish,LAB_disco_734400,detail,117,35,4e-06
LAB_disco_114100,LAB,disco,114100,Ledelse af politiske partiorganisationer,Ledelse af politiske partiorganisationer,,,Senior officials of political party organisations,Senior officials of political party organisations,isco88,isco88,CSV:LAB_disco_from_raw_hierarchical,medium,danish,LAB_disco_114000,unit_group,604,102,1.1e-05
LAB_disco_347190,LAB,disco,347190,"Andet dekorations-, design og illustrationsarbejde","Andet dekorations-, design og illustrationsarbejde",,,Decorators and commercial designers,Decorators and commercial designers,isco88,isco88,CSV:LAB_disco_from_raw_hierarchical,medium,danish,LAB_disco_347100,detail,2523,554,6.1e-05
LAB_disco_741120,LAB,disco,741120,Behandling af skaldyr,Behandling af skaldyr,,,"Butchers, fishmongers and related food preparers","Butchers, fishmongers and related food preparers",isco88,isco88,CSV:LAB_disco_from_raw_hierarchical,medium,danish,LAB_disco_741100,detail,3446,747,8.3e-05
LAB_disco_313150,LAB,disco,313150,"Lydoptagelse og lydteknik, nyhedsformidling","Lydoptagelse og lydteknik, nyhedsformidling",,,Photographers and image and sound recording equipment operators,Photographers and image and sound recording equipment operators,isco88,isco88,CSV:LAB_disco_from_raw_hierarchical,medium,danish,LAB_disco_313100,detail,373,75,8e-06
LAB_disco_732000,LAB,disco,732000,"Glas-, keramik- og teglarbejde","Glas-, keramik- og teglarbejde",,,"Potters, glass-makers and related trades workers","Potters, glass-makers and related trades workers",isco88,isco88,CSV:LAB_disco_from_raw_hierarchical,medium,danish,LAB_disco_730000,minor_group,68,21,2e-06
LAB_disco_245219,LAB,disco,245219,Illustrationsgrafisk arbejde i øvrigt,Illustrationsgrafisk arbejde i øvrigt,,,"Sculptors, painters and related artists","Sculptors, painters and related artists",isco88,isco88,CSV:LAB_disco_from_raw_hierarchical,medium,danish,LAB_disco_245200,detail,2276,392,4.3e-05
LAB_disco_615100,LAB,disco,615100,"Arbejde med opdræt af fisk, østers o.l.","Arbejde med opdræt af fisk, østers o.l.",,,Aquatic life cultivation workers,Aquatic life cultivation workers,isco88,isco88,CSV:LAB_disco_from_raw_hierarchical,medium,danish,LAB_disco_615000,unit_group,9833,854,9.5e-05
LAB_disco_131990,LAB,disco,131990,Ledelse af hovedaktiviteten i øvrigt i virksomhed med færre end 10 beskæftigede,Ledelse af hovedaktiviteten i øvrigt i virksomhed med færre end 10 beskæftigede,,,Managers of small enterprises not elsewhere classifie,Managers of small enterprises not elsewhere classifie,isco88,isco88,CSV:LAB_disco_from_raw_hierarchical,medium,danish,LAB_disco_131900,detail,2029,527,5.8e-05
LAB_disco_321123,LAB,disco,321123,"Laboratorieteknikerarbejde, fødevareindustri","Laboratorieteknikerarbejde, fødevareindustri",,,Life science technicians,Life science technicians,isco88,isco88,CSV:LAB_disco_from_raw_hierarchical,medium,danish,LAB_disco_321100,detail,2281,282,3.1e-05
LAB_disco_611000,LAB,disco,611000,Arbejde inden for plantevækst,Arbejde inden for plantevækst,,,Market gardeners and crop growers,Market gardeners and crop growers,isco88,isco88,CSV:LAB_disco_from_raw_hierarchical,medium,danish,LAB_disco_610000,minor_group,536,133,1.5e-05
LAB_disco_744000,LAB,disco,744000,"Skind-, læder- og skotøjsarbejde","Skind-, læder- og skotøjsarbejde",,,"Pelt, leather and shoemaking trades workers","Pelt, leather and shoemaking trades workers",isco88,isco88,CSV:LAB_disco_from_raw_hierarchical,medium,danish,LAB_disco_740000,minor_group,124,26,3e-06
LAB_disco_212000,LAB,disco,212000,"Arbejde med matematiske, aktuariske og statistiske metoder og teorier","Arbejde med matematiske, aktuariske og statistiske metoder og teorier",,,"Work with mathematical, actuarial, and statistical methods and theories","Mathematicians, Actuaries and Statisticians",isco08-crosswalk,translated,CSV:LAB_disco_from_raw,medium,danish,LAB_disco_210000,minor_group,185,71,8e-06
LAB_disco_821000,LAB,disco,821000,Betjening af maskiner inden for metal- og mineralindustri,Betjening af maskiner inden for metal- og mineralindustri,,,Metal- and mineral-products machine operators,Metal- and mineral-products machine operators,isco88,isco88,CSV:LAB_disco_from_raw_hierarchical,medium,danish,LAB_disco_820000,minor_group,116,37,4e-06
LAB_disco_826910,LAB,disco,826910,Maskinel tilskæring af tekstilvarer,Maskinel tilskæring af tekstilvarer,,,"Textile-, fur- and leather-products machine operators not elsewhere classified","Textile-, fur- and leather-products machine operators not elsewhere classified",isco88,isco88,CSV:LAB_disco_from_raw_hierarchical,medium,danish,LAB_disco_826900,detail,2138,437,4.8e-05
LAB_disco_741000,LAB,disco,741000,Arbejde inden for nærings- og nydelsesmiddelindustri,Arbejde inden for nærings- og nydelsesmiddelindustri,,,Food processing and related trades workers,Food processing and related trades workers,isco88,isco88,CSV:LAB_disco_from_raw_hierarchical,medium,danish,LAB_disco_740000,minor_group,1229,297,3.3e-05
LAB_disco_321124,LAB,disco,321124,"Andet teknikerarbejde, fødevareindustri","Andet teknikerarbejde, fødevareindustri",,,Life science technicians,Life science technicians,isco88,isco88,CSV:LAB_disco_from_raw_hierarchical,medium,danish,LAB_disco_321100,detail,2435,342,3.8e-05
LAB_disco_413360,LAB,disco,413360,Transporttilrettelæggelse vedr. hyrevognskørsel,Transporttilrettelæggelse vedr. hyrevognskørsel,,,Transport clerks,Transport clerks,isco88,isco88,CSV:LAB_disco_from_raw_hierarchical,medium,danish,LAB_disco_413300,detail,328,59,7e-06
LAB_disco_233000,LAB,disco,233000,"Undervisning på folkeskoleniveau, ekskl. børnehaveklasse","Undervisning på folkeskoleniveau, ekskl. børnehaveklasse",,,Primary and pre-primary education teaching professionals,Primary and pre-primary education teaching professionals,isco88,isco88,CSV:LAB_disco_from_raw_hierarchical,medium,danish,LAB_disco_230000,minor_group,188,56,6e-06
LAB_disco_711100,LAB,disco,711100,Mine- og stenbrudsarbejde,Mine- og stenbrudsarbejde,,,Miners and quarry workers,Miners and quarry workers,isco88,isco88,CSV:LAB_disco_from_raw_hierarchical,medium,danish,LAB_disco_711000,unit_group,384,64,7e-06
LAB_disco_313170,LAB,disco,313170,"Redigering af lyd og billede, nyhedsformidling","Redigering af lyd og billede, nyhedsformidling",,,Photographers and image and sound recording equipment operators,Photographers and image and sound recording equipment operators,isco88,isco88,CSV:LAB_disco_from_raw_hierarchical,medium,danish,LAB_disco_313100,detail,1089,187,2.1e-05
LAB_disco_712330,LAB,disco,712330,Terrazzoarbejde,Terrazzoarbejde,,,"Concrete placers, concrete finishers and related workers","Concrete placers, concrete finishers and related workers",isco88,isco88,CSV:LAB_disco_from_raw_hierarchical,medium,danish,LAB_disco_712300,detail,423,101,1.1e-05
LAB_disco_314000,LAB,disco,314000,Arbejde inden for skibsfart og luftfart,Arbejde inden for skibsfart og luftfart,,,Ship and aircraft controllers and technicians,Ship and aircraft controllers and technicians,isco88,isco88,CSV:LAB_disco_from_raw_hierarchical,medium,danish,LAB_disco_310000,minor_group,2004,230,2.5e-05
LAB_disco_713300,LAB,disco,713300,Stukkatørarbejde,Stukkatørarbejde,,,Plasterers,Plasterers,isco88,isco88,CSV:LAB_disco_from_raw_hierarchical,medium,danish,LAB_disco_713000,unit_group,1578,237,2.6e-05
LAB_disco_514200,LAB,disco,514200,Kosmetologarbejde og beslægtede funktioner,Kosmetologarbejde og beslægtede funktioner,,,Cosmetology work and related functions,Beauticians and Related Workers,isco08-crosswalk,translated,CSV:LAB_disco_from_raw,medium,danish,LAB_disco_514000,unit_group,1519,169,1.9e-05
LAB_disco_826940,LAB,disco,826940,Betjening af lædervaremaskiner ekskl. skoproduktion,Betjening af lædervaremaskiner ekskl. skoproduktion,,,"Textile-, fur- and leather-products machine operators not elsewhere classified","Textile-, fur- and leather-products machine operators not elsewhere classified",isco88,isco88,CSV:LAB_disco_from_raw_hierarchical,medium,danish,LAB_disco_826900,detail,83,21,2e-06
LAB_disco_826930,LAB,disco,826930,Betjening af vodbindingsmaskiner,Betjening af vodbindingsmaskiner,,,"Textile-, fur- and leather-products machine operators not elsewhere classified","Textile-, fur- and leather-products machine operators not elsewhere classified",isco88,isco88,CSV:LAB_disco_from_raw_hierarchical,medium,danish,LAB_disco_826900,detail,386,66,7e-06
LAB_disco_931310,LAB,disco,931310,Medhjælp ved isoleringsarbejde,Medhjælp ved isoleringsarbejde,,,Assistance with insulation work,Building Construction Labourers,isco08-crosswalk,translated,CSV:LAB_disco_from_raw,medium,danish,LAB_disco_931300,detail,1195,254,2.8e-05
LAB_disco_342000,LAB,disco,342000,"Agentarbejde inden for forretningsservice og mæglerarbejde, herunder interne konsulenter","Agentarbejde inden for forretningsservice og mæglerarbejde, herunder interne konsulenter",,,Business services agents and trade brokers,Business services agents and trade brokers,isco88,isco88,CSV:LAB_disco_from_raw_hierarchical,medium,danish,LAB_disco_340000,minor_group,276,103,1.1e-05
LAB_disco_743100,LAB,disco,743100,Garnforberedende arbejde (håndarbejde),Garnforberedende arbejde (håndarbejde),,,Fibre preparers,Fibre preparers,isco88,isco88,CSV:LAB_disco_from_raw_hierarchical,medium,danish,LAB_disco_743000,unit_group,885,102,1.1e-05
LAB_disco_131940,LAB,disco,131940,"Ledelse af andre offentlige områder, herunder sport, kultur og servicevirksomhed i virksomhed med færre end 10 beskæftigede","Ledelse af andre offentlige områder, herunder sport, kultur og servicevirksomhed i virksomhed med færre end 10 beskæftigede",,,Managers of small enterprises not elsewhere classifie,Managers of small enterprises not elsewhere classifie,isco88,isco88,CSV:LAB_disco_from_raw_hierarchical,medium,danish,LAB_disco_131900,detail,646,146,1.6e-05
LAB_disco_421400,LAB,disco,421400,Inkassatorarbejde og beslægtede funktioner,Inkassatorarbejde og beslægtede funktioner,,,Collection agent work and related functions,Debt Collectors and Related Workers,isco08-crosswalk,translated,CSV:LAB_disco_from_raw,medium,danish,LAB_disco_421000,unit_group,112,26,3e-06
LAB_disco_414000,LAB,disco,414000,"Arkivarbejde, post- og betjentarbejde og korrekturlæsning","Arkivarbejde, post- og betjentarbejde og korrekturlæsning",,,"Library, mail and related clerks","Library, mail and related clerks",isco88,isco88,CSV:LAB_disco_from_raw_hierarchical,medium,danish,LAB_disco_410000,minor_group,186,54,6e-06
LAB_disco_826920,LAB,disco,826920,Betjening af rebslagerimaskiner,Betjening af rebslagerimaskiner,,,"Textile-, fur- and leather-products machine operators not elsewhere classified","Textile-, fur- and leather-products machine operators not elsewhere classified",isco88,isco88,CSV:LAB_disco_from_raw_hierarchical,medium,danish,LAB_disco_826900,detail,134,38,4e-06
LAB_disco_244410,LAB,disco,244410,Forskning inden for sprogvidenskab,Forskning inden for sprogvidenskab,,,"Philologists, translators and interpreters","Philologists, translators and interpreters",isco88,isco88,CSV:LAB_disco_from_raw_hierarchical,medium,danish,LAB_disco_244400,detail,640,107,1.2e-05
LAB_disco_832220,LAB,disco,832220,Varevognschaufførarbejde,Varevognschaufførarbejde,,,Store cart driver work,"Car, Taxi and Van Drivers",isco08-crosswalk,translated,CSV:LAB_disco_from_raw,medium,danish,LAB_disco_832200,detail,414,155,1.7e-05
LAB_disco_741500,LAB,disco,741500,Prøvesmagningsarbejde,Prøvesmagningsarbejde,,,Food and beverage tasters and graders,Food and beverage tasters and graders,isco88,isco88,CSV:LAB_disco_from_raw_hierarchical,medium,danish,LAB_disco_741000,unit_group,1888,252,2.8e-05
LAB_disco_822200,LAB,disco,822200,Betjening af maskiner ved ammunitions- og krudtværksproduktion,Betjening af maskiner ved ammunitions- og krudtværksproduktion,,,Ammunition- and explosive-products machine operators,Ammunition- and explosive-products machine operators,isco88,isco88,CSV:LAB_disco_from_raw_hierarchical,medium,danish,LAB_disco_822000,unit_group,338,60,7e-06
LAB_disco_243000,LAB,disco,243000,Kulturformidling og informationsarbejde,Kulturformidling og informationsarbejde,,,"Archivists, librarians and related information professionals","Archivists, librarians and related information professionals",isco88,isco88,CSV:LAB_disco_from_raw_hierarchical,medium,danish,LAB_disco_240000,minor_group,134,32,4e-06
LAB_disco_822000,LAB,disco,822000,Betjening af maskiner inden for kemisk industri,Betjening af maskiner inden for kemisk industri,,,Chemical-products machine operators,Chemical-products machine operators,isco88,isco88,CSV:LAB_disco_from_raw_hierarchical,medium,danish,LAB_disco_820000,minor_group,68,20,2e-06
LAB_disco_734200,LAB,disco,734200,Stereotypi- og elektrotypiarbejde,Stereotypi- og elektrotypiarbejde,,,Stereotypers and electrotypers,Stereotypers and electrotypers,isco88,isco88,CSV:LAB_disco_from_raw_hierarchical,medium,danish,LAB_disco_734000,unit_group,1919,155,1.7e-05
LAB_disco_721600,LAB,disco,721600,Dykkerarbejde vedr. reparation o.l.,Dykkerarbejde vedr. reparation o.l.,,,Underwater workers,Underwater workers,isco88,isco88,CSV:LAB_disco_from_raw_hierarchical,medium,danish,LAB_disco_721000,unit_group,2203,228,2.5e-05
LAB_disco_734490,LAB,disco,734490,2003 andet fototeknisk arbejde (mørkekammerarbejde),2003 andet fototeknisk arbejde (mørkekammerarbejde),,,Photographic and related workers,Photographic and related workers,isco88,isco88,CSV:LAB_disco_from_raw_hierarchical,medium,danish,LAB_disco_734400,detail,76,16,2e-06
LAB_disco_612000,LAB,disco,612000,Arbejde med levende dyr,Arbejde med levende dyr,,,Animal producers and related workers,Animal producers and related workers,isco88,isco88,CSV:LAB_disco_from_raw_hierarchical,medium,danish,LAB_disco_610000,minor_group,36,13,1e-06
LAB_disco_245240,LAB,disco,245240,Konservatorarbejde,Konservatorarbejde,,,"Sculptors, painters and related artists","Sculptors, painters and related artists",isco88,isco88,CSV:LAB_disco_from_raw_hierarchical,medium,danish,LAB_disco_245200,detail,295,49,5e-06
LAB_disco_611220,LAB,disco,611220,2003 avl af blomster og planter,2003 avl af blomster og planter,,,"Gardeners, horticultural and nursery growers","Gardeners, horticultural and nursery growers",isco88,isco88,CSV:LAB_disco_from_raw_hierarchical,medium,danish,LAB_disco_611200,detail,73,34,4e-06
LAB_disco_320000,LAB,disco,320000,Teknikerarbejde samt andet arbejde inden for biologiske emner,Teknikerarbejde samt andet arbejde inden for biologiske emner,,,Life science and health associate professionals,Life science and health associate professionals,isco88,isco88,CSV:LAB_disco_from_raw_hierarchical,medium,danish,LAB_disco_300000,sub_major_group,281,83,9e-06
LAB_disco_245211,LAB,disco,245211,Illustrationsgrafisk arbejde vedr. nyhedsformidling,Illustrationsgrafisk arbejde vedr. nyhedsformidling,,,"Sculptors, painters and related artists","Sculptors, painters and related artists",isco88,isco88,CSV:LAB_disco_from_raw_hierarchical,medium,danish,LAB_disco_245200,detail,828,145,1.6e-05
LAB_disco_516910,LAB,disco,516910,Butiksdetektivarbejde,Butiksdetektivarbejde,,,Protective services workers not elsewhere classified,Protective services workers not elsewhere classified,isco88,isco88,CSV:LAB_disco_from_raw_hierarchical,medium,danish,LAB_disco_516900,detail,259,47,5e-06
LAB_disco_825000,LAB,disco,825000,Betjening af maskiner inden for grafisk- og papirvareindustri,Betjening af maskiner inden for grafisk- og papirvareindustri,,,"Printing-, binding- and paper-products machine operators","Printing-, binding- and paper-products machine operators",isco88,isco88,CSV:LAB_disco_from_raw_hierarchical,medium,danish,LAB_disco_820000,minor_group,148,19,2e-06
LAB_disco_832100,LAB,disco,832100,Motorcykelførere,Motorcykelførere,,,Motorcycle drivers,Motorcycle Drivers,isco08-crosswalk,translated,CSV:LAB_disco_from_raw,medium,danish,LAB_disco_832000,unit_group,112,27,3e-06
LAB_disco_222000,LAB,disco,222000,Arbejde inden for medicin og farmaci,Arbejde inden for medicin og farmaci,,,Health professionals (except nursing),Health professionals (except nursing),isco88,isco88,CSV:LAB_disco_from_raw_hierarchical,medium,danish,LAB_disco_220000,minor_group,161,41,5e-06
LAB_disco_347000,LAB,disco,347000,"Arbejde inden for design, kunst, underholdning og sport","Arbejde inden for design, kunst, underholdning og sport",,,"Artistic, entertainment and sports associate professionals","Artistic, entertainment and sports associate professionals",isco88,isco88,CSV:LAB_disco_from_raw_hierarchical,medium,danish,LAB_disco_340000,minor_group,206,35,4e-06
LAB_disco_711000,LAB,disco,711000,Mine- og stenbrudsarbejde,Mine- og stenbrudsarbejde,,,"Miners, shotfirers, stone cutters and carvers","Miners, shotfirers, stone cutters and carvers",isco88,isco88,CSV:LAB_disco_from_raw_hierarchical,medium,danish,LAB_disco_710000,minor_group,154,24,3e-06
LAB_disco_920000,LAB,disco,920000,"Medhjælp inden for landbrug, gartneri, fiskeri og skovbrug","Medhjælp inden for landbrug, gartneri, fiskeri og skovbrug",,,"Agricultural, fishery and related labourers","Agricultural, fishery and related labourers",isco88,isco88,CSV:LAB_disco_from_raw_hierarchical,medium,danish,LAB_disco_900000,sub_major_group,82,19,2e-06
LAB_disco_421000,LAB,disco,421000,Arbejde vedrørende pengetransaktioner,Arbejde vedrørende pengetransaktioner,,,"Cashiers, tellers and related clerks","Cashiers, tellers and related clerks",isco88,isco88,CSV:LAB_disco_from_raw_hierarchical,medium,danish,LAB_disco_420000,minor_group,270,57,6e-06
LAB_disco_811100,LAB,disco,811100,Mine- og stenbrudsarbejde,Mine- og stenbrudsarbejde,,,Mining and quarrying work,Miners and Quarriers,isco08-crosswalk,translated,CSV:LAB_disco_from_raw,medium,danish,LAB_disco_811000,unit_group,202,23,3e-06
LAB_disco_321133,LAB,disco,321133,"Laboratorieteknikerarbejde, hospitaler","Laboratorieteknikerarbejde, hospitaler",,,Life science technicians,Life science technicians,isco88,isco88,CSV:LAB_disco_from_raw_hierarchical,medium,danish,LAB_disco_321100,detail,68,16,2e-06
LAB_disco_811000,LAB,disco,811000,Mine- og mineraludvindingsanlægsarbejde,Mine- og mineraludvindingsanlægsarbejde,,,Mining and mineral-processing-plant operators,Mining and mineral-processing-plant operators,isco88,isco88,CSV:LAB_disco_from_raw_hierarchical,medium,danish,LAB_disco_810000,minor_group,32,9,1e-06
LAB_disco_321134,LAB,disco,321134,"Andet teknikerarbejde, hospitaler","Andet teknikerarbejde, hospitaler",,,Life science technicians,Life science technicians,isco88,isco88,CSV:LAB_disco_from_raw_hierarchical,medium,danish,LAB_disco_321100,detail,20,3,0.0
LAB_disco_131910,LAB,disco,131910,Ledelse i politi og retsvæsen i virksomhed med færre end 10 beskæftigede,Ledelse i politi og retsvæsen i virksomhed med færre end 10 beskæftigede,,,Managers of small enterprises not elsewhere classifie,Managers of small enterprises not elsewhere classifie,isco88,isco88,CSV:LAB_disco_from_raw_hierarchical,medium,danish,LAB_disco_131900,detail,4,2,0.0
LAB_disco_815000,LAB,disco,815000,Kemisk procesanlægsarbejde,Kemisk procesanlægsarbejde,,,Chemical-processing-plant operators,Chemical-processing-plant operators,isco88,isco88,CSV:LAB_disco_from_raw_hierarchical,medium,danish,LAB_disco_810000,minor_group,35,6,1e-06
LAB_disco_814000,LAB,disco,814000,Træ- og papirprocesanlægsarbejde,Træ- og papirprocesanlægsarbejde,,,Wood-processing- and papermaking-plant operators,Wood-processing- and papermaking-plant operators,isco88,isco88,CSV:LAB_disco_from_raw_hierarchical,medium,danish,LAB_disco_810000,minor_group,4,2,0.0
LAB_disco_926200,LAB,disco,926200,"Manuelt arbejde inden for landbrug, skovbrug og fiskeri (via 92)","Manuelt arbejde inden for landbrug, skovbrug og fiskeri (via 92)",,,"Manual labor in agriculture, forestry, and fishing (via 92)",,,translated,CSV:LAB_disco_from_raw_hierarchical,medium,danish,LAB_disco_926000,unit_group,2,1,0.0
LAB_disco_321132,LAB,disco,321132,"Assistentarbejde i laboratorier, hospitaler","Assistentarbejde i laboratorier, hospitaler",,,Life science technicians,Life science technicians,isco88,isco88,CSV:LAB_disco_from_raw_hierarchical,medium,danish,LAB_disco_321100,detail,16,5,1e-06
