code,prefix,database,value,description,description_da,description_en,source,confidence,language,parent_code,hierarchy_level
LAB_nace_641100,LAB,nace,641100,Postvæsen,Postvæsen,,raw_lab_nace,medium,danish,LAB_nace_6411,subclass
LAB_nace_151110,LAB,nace,151110,Svineslagterier,Svineslagterier,,raw_lab_nace,medium,danish,LAB_nace_1511,subclass
LAB_nace_853255,LAB,nace,853255,Foreninger med sygdomsbekæmpende og sociale formål,Foreninger med sygdomsbekæmpende og sociale formål,,raw_lab_nace,medium,danish,LAB_nace_8532,subclass
LAB_nace_911100,LAB,nace,911100,Arbejdsgiver- og erhvervsorganisationer,Arbejdsgiver- og erhvervsorganisationer,,raw_lab_nace,medium,danish,LAB_nace_9111,subclass
LAB_nace_515500,LAB,nace,515500,Engroshandel med kemiske produkter,Engroshandel med kemiske produkter,,raw_lab_nace,medium,danish,LAB_nace_5155,subclass
LAB_nace_747010,LAB,nace,747010,Almindelig rengøring,Almindelig rengøring,,raw_lab_nace,medium,danish,LAB_nace_7470,subclass
LAB_nace_804230,LAB,nace,804230,Andre skoler med almendannende voksenundervisning,Andre skoler med almendannende voksenundervisning,,raw_lab_nace,medium,danish,LAB_nace_8042,subclass
LAB_nace_524420,LAB,nace,524420,Tæppeforretninger,Tæppeforretninger,,raw_lab_nace,medium,danish,LAB_nace_5244,subclass
LAB_nace_182200,LAB,nace,182200,"Fremstilling af overtøj, kjoler, bukser mv.","Fremstilling af overtøj, kjoler, bukser mv.",,raw_lab_nace,medium,danish,LAB_nace_1822,subclass
LAB_nace_454310,LAB,nace,454310,Gulvbelægnings- og vægbeklædningsvirksomhed,Gulvbelægnings- og vægbeklædningsvirksomhed,,raw_lab_nace,medium,danish,LAB_nace_4543,subclass
LAB_nace_182230,LAB,nace,182230,"Fremstilling af kjoler, bukser og anden yderbeklædning til damer og piger","Fremstilling af kjoler, bukser og anden yderbeklædning til damer og piger",,raw_lab_nace,medium,danish,LAB_nace_1822,subclass
LAB_nace_175400,LAB,nace,175400,Fremstilling af filt og andre tekstiler i øvrigt,Fremstilling af filt og andre tekstiler i øvrigt,,raw_lab_nace,medium,danish,LAB_nace_1754,subclass
LAB_nace_174020,LAB,nace,174020,Fremstilling af boligtekstiler,Fremstilling af boligtekstiler,,raw_lab_nace,medium,danish,LAB_nace_1740,subclass
LAB_nace_174090,LAB,nace,174090,Fremstilling af andre færdige tekstilvarer i øvrigt,Fremstilling af andre færdige tekstilvarer i øvrigt,,raw_lab_nace,medium,danish,LAB_nace_1740,subclass
LAB_nace_12110,LAB,nace,12110,Malkekvæghold,Malkekvæghold,,raw_lab_nace,medium,danish,LAB_nace_1211,subclass
LAB_nace_752200,LAB,nace,752200,Forsvar og civilforsvar,Forsvar og civilforsvar,,raw_lab_nace,medium,danish,LAB_nace_7522,subclass
LAB_nace_516410,LAB,nace,516410,"Engroshandel med kontormaskiner, edb-maskiner og -udstyr","Engroshandel med kontormaskiner, edb-maskiner og -udstyr",,raw_lab_nace,medium,danish,LAB_nace_5164,subclass
LAB_nace_741200,LAB,nace,741200,Revisions- og bogføringsvirksomhed,Revisions- og bogføringsvirksomhed,,raw_lab_nace,medium,danish,LAB_nace_7412,subclass
LAB_nace_518410,LAB,nace,518410,Engroshandel med computere og it-udstyr,Engroshandel med computere og it-udstyr,,raw_lab_nace,medium,danish,LAB_nace_5184,subclass
LAB_nace_652100,LAB,nace,652100,Finansiel leasing,Finansiel leasing,,raw_lab_nace,medium,danish,LAB_nace_6521,subclass
LAB_nace_722000,LAB,nace,722000,Udvikling og konsulentbistand i forbindelse med software,Udvikling og konsulentbistand i forbindelse med software,,raw_lab_nace,medium,danish,LAB_nace_7220,subclass
LAB_nace_175100,LAB,nace,175100,Tæppefabrikker,Tæppefabrikker,,raw_lab_nace,medium,danish,LAB_nace_1751,subclass
LAB_nace_287200,LAB,nace,287200,Fremstilling af konservesdåser mv.,Fremstilling af konservesdåser mv.,,raw_lab_nace,medium,danish,LAB_nace_2872,subclass
LAB_nace_751200,LAB,nace,751200,"Offentlig administration af sundhedsvæsen, undervisning og sociale forhold","Offentlig administration af sundhedsvæsen, undervisning og sociale forhold",,raw_lab_nace,medium,danish,LAB_nace_7512,subclass
LAB_nace_714090,LAB,nace,714090,Udlejning af varer til personligt brug og til brug i husholdninger i øvrigt,Udlejning af varer til personligt brug og til brug i husholdninger i øvrigt,,raw_lab_nace,medium,danish,LAB_nace_7140,subclass
LAB_nace_702010,LAB,nace,702010,Almennyttige boligselskaber,Almennyttige boligselskaber,,raw_lab_nace,medium,danish,LAB_nace_7020,subclass
LAB_nace_900020,LAB,nace,900020,Renovation og renholdelse,Renovation og renholdelse,,raw_lab_nace,medium,danish,LAB_nace_9000,subclass
LAB_nace_853150,LAB,nace,853150,Plejehjem og beskyttede boliger,Plejehjem og beskyttede boliger,,raw_lab_nace,medium,danish,LAB_nace_8531,subclass
LAB_nace_602200,LAB,nace,602200,Taxikørsel,Taxikørsel,,raw_lab_nace,medium,danish,LAB_nace_6022,subclass
LAB_nace_801010,LAB,nace,801010,Folkeskole o.l.,Folkeskole o.l.,,raw_lab_nace,medium,danish,LAB_nace_8010,subclass
LAB_nace_853260,LAB,nace,853260,Legater og fonde med velgørende formål,Legater og fonde med velgørende formål,,raw_lab_nace,medium,danish,LAB_nace_8532,subclass
LAB_nace_803030,LAB,nace,803030,Læreanstalter med humanistiske og kunstneriske uddannelser,Læreanstalter med humanistiske og kunstneriske uddannelser,,raw_lab_nace,medium,danish,LAB_nace_8030,subclass
LAB_nace_804290,LAB,nace,804290,Undervisning i øvrigt,Undervisning i øvrigt,,raw_lab_nace,medium,danish,LAB_nace_8042,subclass
LAB_nace_514220,LAB,nace,514220,Engroshandel med fodtøj,Engroshandel med fodtøj,,raw_lab_nace,medium,danish,LAB_nace_5142,subclass
LAB_nace_285100,LAB,nace,285100,Overfladebehandling af metal på kontraktbasis (lønarbejde),Overfladebehandling af metal på kontraktbasis (lønarbejde),,raw_lab_nace,medium,danish,LAB_nace_2851,subclass
LAB_nace_221500,LAB,nace,221500,Anden udgivervirksomhed,Anden udgivervirksomhed,,raw_lab_nace,medium,danish,LAB_nace_2215,subclass
LAB_nace_602410,LAB,nace,602410,Vognmandsvirksomhed,Vognmandsvirksomhed,,raw_lab_nace,medium,danish,LAB_nace_6024,subclass
LAB_nace_452100,LAB,nace,452100,Bygge- og anlægsentreprenører (bortset fra nedrivnings- og jordarbejdsentreprenører),Bygge- og anlægsentreprenører (bortset fra nedrivnings- og jordarbejdsentreprenører),,raw_lab_nace,medium,danish,LAB_nace_4521,subclass
LAB_nace_751100,LAB,nace,751100,Generelle offentlige tjenester,Generelle offentlige tjenester,,raw_lab_nace,medium,danish,LAB_nace_7511,subclass
LAB_nace_923200,LAB,nace,923200,"Drift af teater- og koncertsale, kulturhuse mv.","Drift af teater- og koncertsale, kulturhuse mv.",,raw_lab_nace,medium,danish,LAB_nace_9232,subclass
LAB_nace_853225,LAB,nace,853225,Aldersintegrerede institutioner,Aldersintegrerede institutioner,,raw_lab_nace,medium,danish,LAB_nace_8532,subclass
LAB_nace_751300,LAB,nace,751300,"Offentlig administration vedrørende erhverv, infrastruktur mv.","Offentlig administration vedrørende erhverv, infrastruktur mv.",,raw_lab_nace,medium,danish,LAB_nace_7513,subclass
LAB_nace_521110,LAB,nace,521110,Kolonialhandel,Kolonialhandel,,raw_lab_nace,medium,danish,LAB_nace_5211,subclass
LAB_nace_742090,LAB,nace,742090,Anden teknisk rådgivning,Anden teknisk rådgivning,,raw_lab_nace,medium,danish,LAB_nace_7420,subclass
LAB_nace_641200,LAB,nace,641200,Kurertjeneste og udbringning af dagblade,Kurertjeneste og udbringning af dagblade,,raw_lab_nace,medium,danish,LAB_nace_6412,subclass
LAB_nace_281100,LAB,nace,281100,Fremstilling af metalkonstruktioner og dele heraf,Fremstilling af metalkonstruktioner og dele heraf,,raw_lab_nace,medium,danish,LAB_nace_2811,subclass
LAB_nace_287590,LAB,nace,287590,Fremstilling af andre færdige metalprodukter i øvrigt,Fremstilling af andre færdige metalprodukter i øvrigt,,raw_lab_nace,medium,danish,LAB_nace_2875,subclass
LAB_nace_273500,LAB,nace,273500,Anden bearbejdning af jern og stål i øvrigt,Anden bearbejdning af jern og stål i øvrigt,,raw_lab_nace,medium,danish,LAB_nace_2735,subclass
LAB_nace_285200,LAB,nace,285200,Almindelige maskinforarbejdningsprocesser på kontraktbasis (lønarbejde),Almindelige maskinforarbejdningsprocesser på kontraktbasis (lønarbejde),,raw_lab_nace,medium,danish,LAB_nace_2852,subclass
LAB_nace_602110,LAB,nace,602110,Bustrafik,Bustrafik,,raw_lab_nace,medium,danish,LAB_nace_6021,subclass
LAB_nace_602100,LAB,nace,602100,"Bus- og S-togstrafik mv., rutefart","Bus- og S-togstrafik mv., rutefart",,raw_lab_nace,medium,danish,LAB_nace_6021,subclass
LAB_nace_555100,LAB,nace,555100,Kantiner,Kantiner,,raw_lab_nace,medium,danish,LAB_nace_5551,subclass
LAB_nace_802100,LAB,nace,802100,"Gymnasier, studenter- og HF-kurser","Gymnasier, studenter- og HF-kurser",,raw_lab_nace,medium,danish,LAB_nace_8021,subclass
LAB_nace_804100,LAB,nace,804100,Køreskoler mv.,Køreskoler mv.,,raw_lab_nace,medium,danish,LAB_nace_8041,subclass
LAB_nace_272200,LAB,nace,272200,Fremstilling af jern- og stålrør (undtagen støbte rør),Fremstilling af jern- og stålrør (undtagen støbte rør),,raw_lab_nace,medium,danish,LAB_nace_2722,subclass
LAB_nace_553020,LAB,nace,553020,"Cafeterier, pølsevogne, grillbarer, isbarer mv.","Cafeterier, pølsevogne, grillbarer, isbarer mv.",,raw_lab_nace,medium,danish,LAB_nace_5530,subclass
LAB_nace_522100,LAB,nace,522100,Frugt- og grøntforretninger,Frugt- og grøntforretninger,,raw_lab_nace,medium,danish,LAB_nace_5221,subclass
LAB_nace_554010,LAB,nace,554010,"Værtshuse, bodegaer mv.","Værtshuse, bodegaer mv.",,raw_lab_nace,medium,danish,LAB_nace_5540,subclass
LAB_nace_11210,LAB,nace,11210,Gartnerier,Gartnerier,,raw_lab_nace,medium,danish,LAB_nace_1121,subclass
LAB_nace_746000,LAB,nace,746000,Vagt- og overvågningsvirksomhed,Vagt- og overvågningsvirksomhed,,raw_lab_nace,medium,danish,LAB_nace_7460,subclass
LAB_nace_246200,LAB,nace,246200,Limfabrikker,Limfabrikker,,raw_lab_nace,medium,danish,LAB_nace_2462,subclass
LAB_nace_243000,LAB,nace,243000,"Fremstilling af maling, lak, trykfarver mv. samt tætningsmaterialer","Fremstilling af maling, lak, trykfarver mv. samt tætningsmaterialer",,raw_lab_nace,medium,danish,LAB_nace_2430,subclass
LAB_nace_851100,LAB,nace,851100,Hospitaler,Hospitaler,,raw_lab_nace,medium,danish,LAB_nace_8511,subclass
LAB_nace_743010,LAB,nace,743010,Kontrol af levnedsmidler,Kontrol af levnedsmidler,,raw_lab_nace,medium,danish,LAB_nace_7430,subclass
LAB_nace_12590,LAB,nace,12590,Opdræt af andre dyr,Opdræt af andre dyr,,raw_lab_nace,medium,danish,LAB_nace_1259,subclass
LAB_nace_252110,LAB,nace,252110,"Fremstilling af plader, ark, film og andre flade former af plast","Fremstilling af plader, ark, film og andre flade former af plast",,raw_lab_nace,medium,danish,LAB_nace_2521,subclass
LAB_nace_747020,LAB,nace,747020,Specialiseret rengøring,Specialiseret rengøring,,raw_lab_nace,medium,danish,LAB_nace_7470,subclass
LAB_nace_252490,LAB,nace,252490,Fremstilling af andre plastprodukter i øvrigt,Fremstilling af andre plastprodukter i øvrigt,,raw_lab_nace,medium,danish,LAB_nace_2524,subclass
LAB_nace_157200,LAB,nace,157200,Fremstilling af færdigt foder til kæledyr,Fremstilling af færdigt foder til kæledyr,,raw_lab_nace,medium,danish,LAB_nace_1572,subclass
LAB_nace_142100,LAB,nace,142100,"Grus- og sandgrave, sandsugning","Grus- og sandgrave, sandsugning",,raw_lab_nace,medium,danish,LAB_nace_1421,subclass
LAB_nace_261400,LAB,nace,261400,Glasuldsfabrikker,Glasuldsfabrikker,,raw_lab_nace,medium,danish,LAB_nace_2614,subclass
LAB_nace_268210,LAB,nace,268210,Asfalt- og tagpapfabrikker,Asfalt- og tagpapfabrikker,,raw_lab_nace,medium,danish,LAB_nace_2682,subclass
LAB_nace_553010,LAB,nace,553010,Restauranter,Restauranter,,raw_lab_nace,medium,danish,LAB_nace_5530,subclass
LAB_nace_748520,LAB,nace,748520,Tolkning og oversættelse,Tolkning og oversættelse,,raw_lab_nace,medium,danish,LAB_nace_7485,subclass
LAB_nace_555200,LAB,nace,555200,Catering og diner transportable,Catering og diner transportable,,raw_lab_nace,medium,danish,LAB_nace_5552,subclass
LAB_nace_151200,LAB,nace,151200,Fjerkræslagterier,Fjerkræslagterier,,raw_lab_nace,medium,danish,LAB_nace_1512,subclass
LAB_nace_802260,LAB,nace,802260,Skoler med sundheds- og omsorgsuddannelser,Skoler med sundheds- og omsorgsuddannelser,,raw_lab_nace,medium,danish,LAB_nace_8022,subclass
LAB_nace_513900,LAB,nace,513900,Ikke-specialiseret engroshandel med nærings- og nydelsesmidler,Ikke-specialiseret engroshandel med nærings- og nydelsesmidler,,raw_lab_nace,medium,danish,LAB_nace_5139,subclass
LAB_nace_158400,LAB,nace,158400,Chokolade- og sukkervarefabrikker,Chokolade- og sukkervarefabrikker,,raw_lab_nace,medium,danish,LAB_nace_1584,subclass
LAB_nace_365000,LAB,nace,365000,Fremstilling af legetøj og spil,Fremstilling af legetøj og spil,,raw_lab_nace,medium,danish,LAB_nace_3650,subclass
LAB_nace_312010,LAB,nace,312010,Fremstilling af elektriske fordelings- og kontroltavler,Fremstilling af elektriske fordelings- og kontroltavler,,raw_lab_nace,medium,danish,LAB_nace_3120,subclass
LAB_nace_722200,LAB,nace,722200,Udvikling af kundespecifikt software og konsulentbistand i forbindelse med software,Udvikling af kundespecifikt software og konsulentbistand i forbindelse med software,,raw_lab_nace,medium,danish,LAB_nace_7222,subclass
LAB_nace_519000,LAB,nace,519000,Anden engroshandel,Anden engroshandel,,raw_lab_nace,medium,danish,LAB_nace_5190,subclass
LAB_nace_517000,LAB,nace,517000,Anden engroshandel,Anden engroshandel,,raw_lab_nace,medium,danish,LAB_nace_5170,subclass
LAB_nace_801030,LAB,nace,801030,Ungdoms- og efterskoler,Ungdoms- og efterskoler,,raw_lab_nace,medium,danish,LAB_nace_8010,subclass
LAB_nace_522600,LAB,nace,522600,Tobaksforretninger,Tobaksforretninger,,raw_lab_nace,medium,danish,LAB_nace_5226,subclass
LAB_nace_275100,LAB,nace,275100,Støbning af jernprodukter,Støbning af jernprodukter,,raw_lab_nace,medium,danish,LAB_nace_2751,subclass
LAB_nace_853245,LAB,nace,853245,Revalideringsinstitutioner,Revalideringsinstitutioner,,raw_lab_nace,medium,danish,LAB_nace_8532,subclass
LAB_nace_282200,LAB,nace,282200,Fremstilling af radiatorer og kedler til centralvarmeanlæg,Fremstilling af radiatorer og kedler til centralvarmeanlæg,,raw_lab_nace,medium,danish,LAB_nace_2822,subclass
LAB_nace_521120,LAB,nace,521120,Døgnkiosker,Døgnkiosker,,raw_lab_nace,medium,danish,LAB_nace_5211,subclass
LAB_nace_12400,LAB,nace,12400,Fjerkræavl,Fjerkræavl,,raw_lab_nace,medium,danish,LAB_nace_1240,subclass
LAB_nace_361410,LAB,nace,361410,Fremstilling af andre møbler til boliger,Fremstilling af andre møbler til boliger,,raw_lab_nace,medium,danish,LAB_nace_3614,subclass
LAB_nace_925200,LAB,nace,925200,Museer,Museer,,raw_lab_nace,medium,danish,LAB_nace_9252,subclass
LAB_nace_923120,LAB,nace,923120,Selvstændigt udøvende kunstnere,Selvstændigt udøvende kunstnere,,raw_lab_nace,medium,danish,LAB_nace_9231,subclass
LAB_nace_913340,LAB,nace,913340,Andre oplysende og kulturelle foreninger og institutioner,Andre oplysende og kulturelle foreninger og institutioner,,raw_lab_nace,medium,danish,LAB_nace_9133,subclass
LAB_nace_731000,LAB,nace,731000,Forskning og udvikling inden for naturvidenskab og teknik,Forskning og udvikling inden for naturvidenskab og teknik,,raw_lab_nace,medium,danish,LAB_nace_7310,subclass
LAB_nace_221210,LAB,nace,221210,Udgivelse af dagblade med eget trykkeri,Udgivelse af dagblade med eget trykkeri,,raw_lab_nace,medium,danish,LAB_nace_2212,subclass
LAB_nace_551010,LAB,nace,551010,Hoteller,Hoteller,,raw_lab_nace,medium,danish,LAB_nace_5510,subclass
LAB_nace_853250,LAB,nace,853250,Flygtningecentre,Flygtningecentre,,raw_lab_nace,medium,danish,LAB_nace_8532,subclass
LAB_nace_203020,LAB,nace,203020,Fremstilling af dele af træ til bygninger,Fremstilling af dele af træ til bygninger,,raw_lab_nace,medium,danish,LAB_nace_2030,subclass
LAB_nace_322010,LAB,nace,322010,Fremstilling af apparater til radiotelegrafi og radiotelefoni,Fremstilling af apparater til radiotelegrafi og radiotelefoni,,raw_lab_nace,medium,danish,LAB_nace_3220,subclass
LAB_nace_513810,LAB,nace,513810,Engroshandel med fisk og fiskeprodukter,Engroshandel med fisk og fiskeprodukter,,raw_lab_nace,medium,danish,LAB_nace_5138,subclass
LAB_nace_853215,LAB,nace,853215,Børnehaver,Børnehaver,,raw_lab_nace,medium,danish,LAB_nace_8532,subclass
LAB_nace_853210,LAB,nace,853210,Vuggestuer,Vuggestuer,,raw_lab_nace,medium,danish,LAB_nace_8532,subclass
LAB_nace_703210,LAB,nace,703210,Administration af fast ejendom på kontraktbasis,Administration af fast ejendom på kontraktbasis,,raw_lab_nace,medium,danish,LAB_nace_7032,subclass
LAB_nace_853110,LAB,nace,853110,Døgninstitutioner for børn og unge,Døgninstitutioner for børn og unge,,raw_lab_nace,medium,danish,LAB_nace_8531,subclass
LAB_nace_702040,LAB,nace,702040,Udlejning af erhvervsejendomme,Udlejning af erhvervsejendomme,,raw_lab_nace,medium,danish,LAB_nace_7020,subclass
LAB_nace_853140,LAB,nace,853140,Døgninstitutioner for voksne med handicap,Døgninstitutioner for voksne med handicap,,raw_lab_nace,medium,danish,LAB_nace_8531,subclass
LAB_nace_801020,LAB,nace,801020,Specialskoler for handicappede,Specialskoler for handicappede,,raw_lab_nace,medium,danish,LAB_nace_8010,subclass
LAB_nace_853120,LAB,nace,853120,Familiepleje,Familiepleje,,raw_lab_nace,medium,danish,LAB_nace_8531,subclass
LAB_nace_332040,LAB,nace,332040,Fremstilling af instrumenter og apparater til brug ved fysiske og kemiske analyser,Fremstilling af instrumenter og apparater til brug ved fysiske og kemiske analyser,,raw_lab_nace,medium,danish,LAB_nace_3320,subclass
LAB_nace_524860,LAB,nace,524860,Cykel- og knallertforretninger,Cykel- og knallertforretninger,,raw_lab_nace,medium,danish,LAB_nace_5248,subclass
LAB_nace_154300,LAB,nace,154300,Margarinefabrikker mv.,Margarinefabrikker mv.,,raw_lab_nace,medium,danish,LAB_nace_1543,subclass
LAB_nace_222210,LAB,nace,222210,Bogtrykkerier og offsettrykkerier,Bogtrykkerier og offsettrykkerier,,raw_lab_nace,medium,danish,LAB_nace_2222,subclass
LAB_nace_222220,LAB,nace,222220,Offsettrykkerier,Offsettrykkerier,,raw_lab_nace,medium,danish,LAB_nace_2222,subclass
LAB_nace_223100,LAB,nace,223100,Reproduktion af lydoptagelser,Reproduktion af lydoptagelser,,raw_lab_nace,medium,danish,LAB_nace_2231,subclass
LAB_nace_222410,LAB,nace,222410,Reproduktionsanstalter,Reproduktionsanstalter,,raw_lab_nace,medium,danish,LAB_nace_2224,subclass
LAB_nace_221110,LAB,nace,221110,"Udgivelse af bøger, brochurer mv. med eget trykkeri","Udgivelse af bøger, brochurer mv. med eget trykkeri",,raw_lab_nace,medium,danish,LAB_nace_2211,subclass
LAB_nace_518790,LAB,nace,518790,"Engroshandel med andre maskiner, udstyr og tilbehør","Engroshandel med andre maskiner, udstyr og tilbehør",,raw_lab_nace,medium,danish,LAB_nace_5187,subclass
LAB_nace_516590,LAB,nace,516590,"Engroshandel med andre maskiner, udstyr og tilbehør","Engroshandel med andre maskiner, udstyr og tilbehør",,raw_lab_nace,medium,danish,LAB_nace_5165,subclass
LAB_nace_291120,LAB,nace,291120,Reparation af skibsmotorer,Reparation af skibsmotorer,,raw_lab_nace,medium,danish,LAB_nace_2911,subclass
LAB_nace_851440,LAB,nace,851440,Psykologisk rådgivning,Psykologisk rådgivning,,raw_lab_nace,medium,danish,LAB_nace_8514,subclass
LAB_nace_634020,LAB,nace,634020,Speditørvirksomhed,Speditørvirksomhed,,raw_lab_nace,medium,danish,LAB_nace_6340,subclass
LAB_nace_631200,LAB,nace,631200,Oplagrings- og pakhusvirksomhed,Oplagrings- og pakhusvirksomhed,,raw_lab_nace,medium,danish,LAB_nace_6312,subclass
LAB_nace_853205,LAB,nace,853205,Dagplejemødre,Dagplejemødre,,raw_lab_nace,medium,danish,LAB_nace_8532,subclass
LAB_nace_401000,LAB,nace,401000,Elforsyning,Elforsyning,,raw_lab_nace,medium,danish,LAB_nace_4010,subclass
LAB_nace_401100,LAB,nace,401100,Produktion af elektricitet,Produktion af elektricitet,,raw_lab_nace,medium,danish,LAB_nace_4011,subclass
LAB_nace_244200,LAB,nace,244200,Medicinalvarefabrikker,Medicinalvarefabrikker,,raw_lab_nace,medium,danish,LAB_nace_2442,subclass
LAB_nace_331010,LAB,nace,331010,"Fremstilling af kanyler, sprøjter, katetre og infusionssæt","Fremstilling af kanyler, sprøjter, katetre og infusionssæt",,raw_lab_nace,medium,danish,LAB_nace_3310,subclass
LAB_nace_921100,LAB,nace,921100,Film- og videoproduktion,Film- og videoproduktion,,raw_lab_nace,medium,danish,LAB_nace_9211,subclass
LAB_nace_158910,LAB,nace,158910,Fremstilling af kosttilskud,Fremstilling af kosttilskud,,raw_lab_nace,medium,danish,LAB_nace_1589,subclass
LAB_nace_745020,LAB,nace,745020,Vikarbureauer,Vikarbureauer,,raw_lab_nace,medium,danish,LAB_nace_7450,subclass
LAB_nace_223200,LAB,nace,223200,Reproduktion af videooptagelser,Reproduktion af videooptagelser,,raw_lab_nace,medium,danish,LAB_nace_2232,subclass
LAB_nace_14120,LAB,nace,14120,Anlægsgartnerier,Anlægsgartnerier,,raw_lab_nace,medium,danish,LAB_nace_1412,subclass
LAB_nace_291210,LAB,nace,291210,Fremstilling af luftpumper og -kompressorer,Fremstilling af luftpumper og -kompressorer,,raw_lab_nace,medium,danish,LAB_nace_2912,subclass
LAB_nace_311040,LAB,nace,311040,Fremstilling af vindmøller og dele hertil,Fremstilling af vindmøller og dele hertil,,raw_lab_nace,medium,danish,LAB_nace_3110,subclass
LAB_nace_521140,LAB,nace,521140,Discountforretninger,Discountforretninger,,raw_lab_nace,medium,danish,LAB_nace_5211,subclass
LAB_nace_930320,LAB,nace,930320,Begravelsesvæsen,Begravelsesvæsen,,raw_lab_nace,medium,danish,LAB_nace_9303,subclass
LAB_nace_651200,LAB,nace,651200,"Banker, sparekasser og andelskasser","Banker, sparekasser og andelskasser",,raw_lab_nace,medium,danish,LAB_nace_6512,subclass
LAB_nace_671200,LAB,nace,671200,Børsmæglervirksomhed,Børsmæglervirksomhed,,raw_lab_nace,medium,danish,LAB_nace_6712,subclass
LAB_nace_671300,LAB,nace,671300,Anden servicevirksomhed i forbindelse med pengeinstitutter og finansieringsvirksomhed,Anden servicevirksomhed i forbindelse med pengeinstitutter og finansieringsvirksomhed,,raw_lab_nace,medium,danish,LAB_nace_6713,subclass
LAB_nace_514320,LAB,nace,514320,Engroshandel med radio og tv mv.,Engroshandel med radio og tv mv.,,raw_lab_nace,medium,danish,LAB_nace_5143,subclass
LAB_nace_853235,LAB,nace,853235,Hjemmehjælp,Hjemmehjælp,,raw_lab_nace,medium,danish,LAB_nace_8532,subclass
LAB_nace_453300,LAB,nace,453300,VVS-installatører og blikkenslagerforretninger,VVS-installatører og blikkenslagerforretninger,,raw_lab_nace,medium,danish,LAB_nace_4533,subclass
LAB_nace_660310,LAB,nace,660310,Skadesforsikringsvirksomhed,Skadesforsikringsvirksomhed,,raw_lab_nace,medium,danish,LAB_nace_6603,subclass
LAB_nace_752310,LAB,nace,752310,Domstole,Domstole,,raw_lab_nace,medium,danish,LAB_nace_7523,subclass
LAB_nace_923300,LAB,nace,923300,Forlystelsesparker,Forlystelsesparker,,raw_lab_nace,medium,danish,LAB_nace_9233,subclass
LAB_nace_752400,LAB,nace,752400,Politiet,Politiet,,raw_lab_nace,medium,danish,LAB_nace_7524,subclass
LAB_nace_851410,LAB,nace,851410,Hjemmesygepleje og sundhedspleje,Hjemmesygepleje og sundhedspleje,,raw_lab_nace,medium,danish,LAB_nace_8514,subclass
LAB_nace_155110,LAB,nace,155110,Mejerier samt ostefremstilling,Mejerier samt ostefremstilling,,raw_lab_nace,medium,danish,LAB_nace_1551,subclass
LAB_nace_241400,LAB,nace,241400,Fremstilling af andre organiske basiskemikalier,Fremstilling af andre organiske basiskemikalier,,raw_lab_nace,medium,danish,LAB_nace_2414,subclass
LAB_nace_742040,LAB,nace,742040,Arkitektvirksomhed,Arkitektvirksomhed,,raw_lab_nace,medium,danish,LAB_nace_7420,subclass
LAB_nace_293220,LAB,nace,293220,Fremstilling af jordbearbejdningsmaskiner til landbrug,Fremstilling af jordbearbejdningsmaskiner til landbrug,,raw_lab_nace,medium,danish,LAB_nace_2932,subclass
LAB_nace_913110,LAB,nace,913110,Folkekirken,Folkekirken,,raw_lab_nace,medium,danish,LAB_nace_9131,subclass
LAB_nace_452510,LAB,nace,452510,Murerforretninger,Murerforretninger,,raw_lab_nace,medium,danish,LAB_nace_4525,subclass
LAB_nace_804210,LAB,nace,804210,Skoler med erhvervsrettet voksenundervisning,Skoler med erhvervsrettet voksenundervisning,,raw_lab_nace,medium,danish,LAB_nace_8042,subclass
LAB_nace_802230,LAB,nace,802230,Skoler med industri- og håndværkeruddannelser,Skoler med industri- og håndværkeruddannelser,,raw_lab_nace,medium,danish,LAB_nace_8022,subclass
LAB_nace_521130,LAB,nace,521130,Supermarkeder,Supermarkeder,,raw_lab_nace,medium,danish,LAB_nace_5211,subclass
LAB_nace_452530,LAB,nace,452530,Kloakmestre,Kloakmestre,,raw_lab_nace,medium,danish,LAB_nace_4525,subclass
LAB_nace_222100,LAB,nace,222100,Avistrykkerier,Avistrykkerier,,raw_lab_nace,medium,danish,LAB_nace_2221,subclass
LAB_nace_803025,LAB,nace,803025,Pædagogseminarier,Pædagogseminarier,,raw_lab_nace,medium,danish,LAB_nace_8030,subclass
LAB_nace_802210,LAB,nace,802210,Skoler med pædagogiske uddannelser,Skoler med pædagogiske uddannelser,,raw_lab_nace,medium,danish,LAB_nace_8022,subclass
LAB_nace_926210,LAB,nace,926210,Idrætsklubber,Idrætsklubber,,raw_lab_nace,medium,danish,LAB_nace_9262,subclass
LAB_nace_622010,LAB,nace,622010,Charterflyvning med passagerer,Charterflyvning med passagerer,,raw_lab_nace,medium,danish,LAB_nace_6220,subclass
LAB_nace_526300,LAB,nace,526300,Anden detailhandel bortset fra butikshandel,Anden detailhandel bortset fra butikshandel,,raw_lab_nace,medium,danish,LAB_nace_5263,subclass
LAB_nace_293100,LAB,nace,293100,Fremstilling af traktorer,Fremstilling af traktorer,,raw_lab_nace,medium,danish,LAB_nace_2931,subclass
LAB_nace_20200,LAB,nace,20200,Servicevirksomhed i forbindelse med skovbrug,Servicevirksomhed i forbindelse med skovbrug,,raw_lab_nace,medium,danish,LAB_nace_2020,subclass
LAB_nace_292210,LAB,nace,292210,Fremstilling af båndtransportører og elevatorer,Fremstilling af båndtransportører og elevatorer,,raw_lab_nace,medium,danish,LAB_nace_2922,subclass
LAB_nace_652210,LAB,nace,652210,Realkreditinstitutter mv.,Realkreditinstitutter mv.,,raw_lab_nace,medium,danish,LAB_nace_6522,subclass
LAB_nace_652230,LAB,nace,652230,Realkreditinstitutter,Realkreditinstitutter,,raw_lab_nace,medium,danish,LAB_nace_6522,subclass
LAB_nace_527220,LAB,nace,527220,Radio- og tv-reparationsværksteder,Radio- og tv-reparationsværksteder,,raw_lab_nace,medium,danish,LAB_nace_5272,subclass
LAB_nace_742030,LAB,nace,742030,Opstilling og levering af færdige fabriksanlæg,Opstilling og levering af færdige fabriksanlæg,,raw_lab_nace,medium,danish,LAB_nace_7420,subclass
LAB_nace_601000,LAB,nace,601000,Jernbaner,Jernbaner,,raw_lab_nace,medium,danish,LAB_nace_6010,subclass
LAB_nace_297190,LAB,nace,297190,"Fremstilling af støvsugere, vandvarmere, el-radiatorer, kaffemaskiner mv. til husholdningsbrug","Fremstilling af støvsugere, vandvarmere, el-radiatorer, kaffemaskiner mv. til husholdningsbrug",,raw_lab_nace,medium,danish,LAB_nace_2971,subclass
LAB_nace_900310,LAB,nace,900310,"Renovation, snerydning mv.","Renovation, snerydning mv.",,raw_lab_nace,medium,danish,LAB_nace_9003,subclass
LAB_nace_232000,LAB,nace,232000,Fremstilling af raffinerede mineralolieprodukter,Fremstilling af raffinerede mineralolieprodukter,,raw_lab_nace,medium,danish,LAB_nace_2320,subclass
LAB_nace_454200,LAB,nace,454200,Tømrer- og bygningssnedkerforretninger,Tømrer- og bygningssnedkerforretninger,,raw_lab_nace,medium,danish,LAB_nace_4542,subclass
LAB_nace_291220,LAB,nace,291220,Fremstilling af væskepumper,Fremstilling af væskepumper,,raw_lab_nace,medium,danish,LAB_nace_2912,subclass
LAB_nace_274200,LAB,nace,274200,Fremstilling og første bearbejdning af aluminium,Fremstilling og første bearbejdning af aluminium,,raw_lab_nace,medium,danish,LAB_nace_2742,subclass
LAB_nace_212100,LAB,nace,212100,Fremstilling af bølgepap og emballage af papir og pap,Fremstilling af bølgepap og emballage af papir og pap,,raw_lab_nace,medium,danish,LAB_nace_2121,subclass
LAB_nace_252200,LAB,nace,252200,Fremstilling af plastemballage,Fremstilling af plastemballage,,raw_lab_nace,medium,danish,LAB_nace_2522,subclass
LAB_nace_523320,LAB,nace,523320,Materialister,Materialister,,raw_lab_nace,medium,danish,LAB_nace_5233,subclass
LAB_nace_741490,LAB,nace,741490,Anden virksomhedsrådgivning,Anden virksomhedsrådgivning,,raw_lab_nace,medium,danish,LAB_nace_7414,subclass
LAB_nace_221220,LAB,nace,221220,Udgivelse af dagblade uden eget trykkeri,Udgivelse af dagblade uden eget trykkeri,,raw_lab_nace,medium,danish,LAB_nace_2212,subclass
LAB_nace_152010,LAB,nace,152010,"Fiskehermetik-, fiskefars- og fiskefiletfabrikker","Fiskehermetik-, fiskefars- og fiskefiletfabrikker",,raw_lab_nace,medium,danish,LAB_nace_1520,subclass
LAB_nace_751400,LAB,nace,751400,Offentlige tjenesteydelser til hjælp og kontrol af den offentlige virksomhed,Offentlige tjenesteydelser til hjælp og kontrol af den offentlige virksomhed,,raw_lab_nace,medium,danish,LAB_nace_7514,subclass
LAB_nace_501020,LAB,nace,501020,Detailhandel med biler,Detailhandel med biler,,raw_lab_nace,medium,danish,LAB_nace_5010,subclass
LAB_nace_261200,LAB,nace,261200,Formning og forarbejdning af planglas,Formning og forarbejdning af planglas,,raw_lab_nace,medium,danish,LAB_nace_2612,subclass
LAB_nace_930110,LAB,nace,930110,Erhvervs- og institutionsvaskerier,Erhvervs- og institutionsvaskerier,,raw_lab_nace,medium,danish,LAB_nace_9301,subclass
LAB_nace_853160,LAB,nace,853160,Forsorgshjem mv.,Forsorgshjem mv.,,raw_lab_nace,medium,danish,LAB_nace_8531,subclass
LAB_nace_741100,LAB,nace,741100,Advokatvirksomhed,Advokatvirksomhed,,raw_lab_nace,medium,danish,LAB_nace_7411,subclass
LAB_nace_513200,LAB,nace,513200,Engroshandel med kød og kødprodukter,Engroshandel med kød og kødprodukter,,raw_lab_nace,medium,danish,LAB_nace_5132,subclass
LAB_nace_925110,LAB,nace,925110,Folkebiblioteker,Folkebiblioteker,,raw_lab_nace,medium,danish,LAB_nace_9251,subclass
LAB_nace_741410,LAB,nace,741410,Landbrugskonsulenter,Landbrugskonsulenter,,raw_lab_nace,medium,danish,LAB_nace_7414,subclass
LAB_nace_852000,LAB,nace,852000,Dyrlæger,Dyrlæger,,raw_lab_nace,medium,danish,LAB_nace_8520,subclass
LAB_nace_524801,LAB,nace,524801,Tæppeforretninger,Tæppeforretninger,,raw_lab_nace,medium,danish,LAB_nace_5248,subclass
LAB_nace_930210,LAB,nace,930210,Frisørsaloner,Frisørsaloner,,raw_lab_nace,medium,danish,LAB_nace_9302,subclass
LAB_nace_291300,LAB,nace,291300,Fremstilling af haner og ventiler,Fremstilling af haner og ventiler,,raw_lab_nace,medium,danish,LAB_nace_2913,subclass
LAB_nace_158120,LAB,nace,158120,Bagerforretninger,Bagerforretninger,,raw_lab_nace,medium,danish,LAB_nace_1581,subclass
LAB_nace_514725,LAB,nace,514725,Engroshandel med fotografiske artikler,Engroshandel med fotografiske artikler,,raw_lab_nace,medium,danish,LAB_nace_5147,subclass
LAB_nace_521210,LAB,nace,521210,Varehuse,Varehuse,,raw_lab_nace,medium,danish,LAB_nace_5212,subclass
LAB_nace_926190,LAB,nace,926190,Andre sportsanlæg,Andre sportsanlæg,,raw_lab_nace,medium,danish,LAB_nace_9261,subclass
LAB_nace_522420,LAB,nace,522420,Chokolade- og konfektureforretninger,Chokolade- og konfektureforretninger,,raw_lab_nace,medium,danish,LAB_nace_5224,subclass
LAB_nace_721000,LAB,nace,721000,Konsulentvirksomhed vedr. hardware,Konsulentvirksomhed vedr. hardware,,raw_lab_nace,medium,danish,LAB_nace_7210,subclass
LAB_nace_282100,LAB,nace,282100,Fremstilling af tanke og beholdere af jern/stål og metal,Fremstilling af tanke og beholdere af jern/stål og metal,,raw_lab_nace,medium,danish,LAB_nace_2821,subclass
LAB_nace_283000,LAB,nace,283000,Fremstilling af dampkedler undtagen centralvarmekedler,Fremstilling af dampkedler undtagen centralvarmekedler,,raw_lab_nace,medium,danish,LAB_nace_2830,subclass
LAB_nace_711000,LAB,nace,711000,Biludlejning,Biludlejning,,raw_lab_nace,medium,danish,LAB_nace_7110,subclass
LAB_nace_853240,LAB,nace,853240,Dagcentre for ældre mv.,Dagcentre for ældre mv.,,raw_lab_nace,medium,danish,LAB_nace_8532,subclass
LAB_nace_748790,LAB,nace,748790,Anden forretningsservice i.a.n.,Anden forretningsservice i.a.n.,,raw_lab_nace,medium,danish,LAB_nace_7487,subclass
LAB_nace_803010,LAB,nace,803010,Universiteter,Universiteter,,raw_lab_nace,medium,danish,LAB_nace_8030,subclass
LAB_nace_11110,LAB,nace,11110,Kornavl,Kornavl,,raw_lab_nace,medium,danish,LAB_nace_1111,subclass
LAB_nace_851220,LAB,nace,851220,Praktiserende speciallæger og ambulatorier,Praktiserende speciallæger og ambulatorier,,raw_lab_nace,medium,danish,LAB_nace_8512,subclass
LAB_nace_453100,LAB,nace,453100,Elektroinstallationsforretninger,Elektroinstallationsforretninger,,raw_lab_nace,medium,danish,LAB_nace_4531,subclass
LAB_nace_702030,LAB,nace,702030,Anden udlejning af boliger,Anden udlejning af boliger,,raw_lab_nace,medium,danish,LAB_nace_7020,subclass
LAB_nace_853220,LAB,nace,853220,Fritidshjem mv.,Fritidshjem mv.,,raw_lab_nace,medium,danish,LAB_nace_8532,subclass
LAB_nace_151120,LAB,nace,151120,Kreaturslagterier,Kreaturslagterier,,raw_lab_nace,medium,danish,LAB_nace_1511,subclass
LAB_nace_177200,LAB,nace,177200,"Fremstilling af pullovere, cardigans mv.","Fremstilling af pullovere, cardigans mv.",,raw_lab_nace,medium,danish,LAB_nace_1772,subclass
LAB_nace_524830,LAB,nace,524830,Forhandlere af gaveartikler og brugskunst (gaveboder),Forhandlere af gaveartikler og brugskunst (gaveboder),,raw_lab_nace,medium,danish,LAB_nace_5248,subclass
LAB_nace_361110,LAB,nace,361110,Fremstilling af stole og andre siddemøbler,Fremstilling af stole og andre siddemøbler,,raw_lab_nace,medium,danish,LAB_nace_3611,subclass
LAB_nace_551110,LAB,nace,551110,Hoteller med restauration,Hoteller med restauration,,raw_lab_nace,medium,danish,LAB_nace_5511,subclass
LAB_nace_503010,LAB,nace,503010,Engroshandel med reservedele og tilbehør til biler mv.,Engroshandel med reservedele og tilbehør til biler mv.,,raw_lab_nace,medium,danish,LAB_nace_5030,subclass
LAB_nace_266120,LAB,nace,266120,Betonelementfabrikker,Betonelementfabrikker,,raw_lab_nace,medium,danish,LAB_nace_2661,subclass
LAB_nace_403000,LAB,nace,403000,Varmeforsyning,Varmeforsyning,,raw_lab_nace,medium,danish,LAB_nace_4030,subclass
LAB_nace_292310,LAB,nace,292310,Fremstilling af køle- og fryseanlæg til industrielt brug,Fremstilling af køle- og fryseanlæg til industrielt brug,,raw_lab_nace,medium,danish,LAB_nace_2923,subclass
LAB_nace_515400,LAB,nace,515400,Engroshandel med isenkram og varmeanlæg samt tilbehør,Engroshandel med isenkram og varmeanlæg samt tilbehør,,raw_lab_nace,medium,danish,LAB_nace_5154,subclass
LAB_nace_515310,LAB,nace,515310,"Engroshandel med træ, trælast og byggematerialer","Engroshandel med træ, trælast og byggematerialer",,raw_lab_nace,medium,danish,LAB_nace_5153,subclass
LAB_nace_171000,LAB,nace,171000,Forbehandling og spinding af tekstilfibre,Forbehandling og spinding af tekstilfibre,,raw_lab_nace,medium,danish,LAB_nace_1710,subclass
LAB_nace_173000,LAB,nace,173000,Færdigbehandling af tekstiler,Færdigbehandling af tekstiler,,raw_lab_nace,medium,danish,LAB_nace_1730,subclass
LAB_nace_642000,LAB,nace,642000,Telekommunikation,Telekommunikation,,raw_lab_nace,medium,danish,LAB_nace_6420,subclass
LAB_nace_642030,LAB,nace,642030,Udbydere af internetadgang,Udbydere af internetadgang,,raw_lab_nace,medium,danish,LAB_nace_6420,subclass
LAB_nace_642010,LAB,nace,642010,Udbydere af fast telekommunikation,Udbydere af fast telekommunikation,,raw_lab_nace,medium,danish,LAB_nace_6420,subclass
LAB_nace_851210,LAB,nace,851210,Alment praktiserende læger,Alment praktiserende læger,,raw_lab_nace,medium,danish,LAB_nace_8512,subclass
LAB_nace_527210,LAB,nace,527210,Reparation af elektriske husholdningsmaskiner og -apparater,Reparation af elektriske husholdningsmaskiner og -apparater,,raw_lab_nace,medium,danish,LAB_nace_5272,subclass
LAB_nace_313000,LAB,nace,313000,Fremstilling af isolerede ledninger og kabler,Fremstilling af isolerede ledninger og kabler,,raw_lab_nace,medium,danish,LAB_nace_3130,subclass
LAB_nace_748390,LAB,nace,748390,Anden kontorservice,Anden kontorservice,,raw_lab_nace,medium,danish,LAB_nace_7483,subclass
LAB_nace_926110,LAB,nace,926110,Idræts- og svømmehaller,Idræts- og svømmehaller,,raw_lab_nace,medium,danish,LAB_nace_9261,subclass
LAB_nace_744090,LAB,nace,744090,Anden reklamevirksomhed og reklameformidling,Anden reklamevirksomhed og reklameformidling,,raw_lab_nace,medium,danish,LAB_nace_7440,subclass
LAB_nace_323020,LAB,nace,323020,Fremstilling af højtalere mv.,Fremstilling af højtalere mv.,,raw_lab_nace,medium,danish,LAB_nace_3230,subclass
LAB_nace_524875,LAB,nace,524875,Blomsterforretninger,Blomsterforretninger,,raw_lab_nace,medium,danish,LAB_nace_5248,subclass
LAB_nace_322020,LAB,nace,322020,Fremstilling af telefonapparater og -anlæg samt telefaxapparater,Fremstilling af telefonapparater og -anlæg samt telefaxapparater,,raw_lab_nace,medium,danish,LAB_nace_3220,subclass
LAB_nace_268220,LAB,nace,268220,Stenuldsfabrikker,Stenuldsfabrikker,,raw_lab_nace,medium,danish,LAB_nace_2682,subclass
LAB_nace_275300,LAB,nace,275300,Støbning af letmetalprodukter,Støbning af letmetalprodukter,,raw_lab_nace,medium,danish,LAB_nace_2753,subclass
LAB_nace_222230,LAB,nace,222230,Serigrafiske trykkerier,Serigrafiske trykkerier,,raw_lab_nace,medium,danish,LAB_nace_2222,subclass
LAB_nace_11300,LAB,nace,11300,"Dyrkning af frugt og bær, nødder og krydderiplanter","Dyrkning af frugt og bær, nødder og krydderiplanter",,raw_lab_nace,medium,danish,LAB_nace_1130,subclass
LAB_nace_221320,LAB,nace,221320,Udgivelse af ugeblade og magasiner uden eget trykkeri,Udgivelse af ugeblade og magasiner uden eget trykkeri,,raw_lab_nace,medium,danish,LAB_nace_2213,subclass
LAB_nace_748490,LAB,nace,748490,Musikbureauer og anden forretningsservice i.a.n.,Musikbureauer og anden forretningsservice i.a.n.,,raw_lab_nace,medium,danish,LAB_nace_7484,subclass
LAB_nace_803020,LAB,nace,803020,Lærerseminarier,Lærerseminarier,,raw_lab_nace,medium,danish,LAB_nace_8030,subclass
LAB_nace_524890,LAB,nace,524890,Forhandlere af fyringsolie og fast brændsel til husholdningsbrug,Forhandlere af fyringsolie og fast brændsel til husholdningsbrug,,raw_lab_nace,medium,danish,LAB_nace_5248,subclass
LAB_nace_175210,LAB,nace,175210,Rebslagerier,Rebslagerier,,raw_lab_nace,medium,danish,LAB_nace_1752,subclass
LAB_nace_930220,LAB,nace,930220,Skønheds- og hudpleje,Skønheds- og hudpleje,,raw_lab_nace,medium,danish,LAB_nace_9302,subclass
LAB_nace_803040,LAB,nace,803040,Læreanstalter med samfundsvidenskabelige uddannelser,Læreanstalter med samfundsvidenskabelige uddannelser,,raw_lab_nace,medium,danish,LAB_nace_8030,subclass
LAB_nace_297130,LAB,nace,297130,"Fremstilling af opvaske-, vaske- og tørremaskiner til husholdningsbrug","Fremstilling af opvaske-, vaske- og tørremaskiner til husholdningsbrug",,raw_lab_nace,medium,danish,LAB_nace_2971,subclass
LAB_nace_524220,LAB,nace,524220,Herretøjsforretninger,Herretøjsforretninger,,raw_lab_nace,medium,danish,LAB_nace_5242,subclass
LAB_nace_515690,LAB,nace,515690,Engroshandel med andre råvarer og halvfabrikata,Engroshandel med andre råvarer og halvfabrikata,,raw_lab_nace,medium,danish,LAB_nace_5156,subclass
LAB_nace_516520,LAB,nace,516520,Engroshandel med elektroniske komponenter,Engroshandel med elektroniske komponenter,,raw_lab_nace,medium,danish,LAB_nace_5165,subclass
LAB_nace_726000,LAB,nace,726000,Anden virksomhed i forbindelse med it-servicevirksomhed,Anden virksomhed i forbindelse med it-servicevirksomhed,,raw_lab_nace,medium,danish,LAB_nace_7260,subclass
LAB_nace_732000,LAB,nace,732000,Forskning og udvikling inden for samfundsvidenskab og humanistiske videnskaber,Forskning og udvikling inden for samfundsvidenskab og humanistiske videnskaber,,raw_lab_nace,medium,danish,LAB_nace_7320,subclass
LAB_nace_511800,LAB,nace,511800,Agenturhandel med andet specialiseret sortiment,Agenturhandel med andet specialiseret sortiment,,raw_lab_nace,medium,danish,LAB_nace_5118,subclass
LAB_nace_511900,LAB,nace,511900,Agenturhandel med blandet sortiment,Agenturhandel med blandet sortiment,,raw_lab_nace,medium,danish,LAB_nace_5119,subclass
LAB_nace_152020,LAB,nace,152020,Røgning og saltning af fisk,Røgning og saltning af fisk,,raw_lab_nace,medium,danish,LAB_nace_1520,subclass
LAB_nace_524100,LAB,nace,524100,"Detailhandel med kjolestoffer, garn, broderier mv.","Detailhandel med kjolestoffer, garn, broderier mv.",,raw_lab_nace,medium,danish,LAB_nace_5241,subclass
LAB_nace_524210,LAB,nace,524210,Dametøjsforretninger,Dametøjsforretninger,,raw_lab_nace,medium,danish,LAB_nace_5242,subclass
LAB_nace_551200,LAB,nace,551200,Hoteller uden restauration,Hoteller uden restauration,,raw_lab_nace,medium,danish,LAB_nace_5512,subclass
LAB_nace_241600,LAB,nace,241600,Fremstilling af basisplast,Fremstilling af basisplast,,raw_lab_nace,medium,danish,LAB_nace_2416,subclass
LAB_nace_315000,LAB,nace,315000,Fremstilling af belysningsarmaturer mv.,Fremstilling af belysningsarmaturer mv.,,raw_lab_nace,medium,danish,LAB_nace_3150,subclass
LAB_nace_851310,LAB,nace,851310,Praktiserende tandlæger,Praktiserende tandlæger,,raw_lab_nace,medium,danish,LAB_nace_8513,subclass
LAB_nace_753000,LAB,nace,753000,Socialforsikring,Socialforsikring,,raw_lab_nace,medium,danish,LAB_nace_7530,subclass
LAB_nace_515200,LAB,nace,515200,Engroshandel med uforarbejdede metaller og metalmalme,Engroshandel med uforarbejdede metaller og metalmalme,,raw_lab_nace,medium,danish,LAB_nace_5152,subclass
LAB_nace_245110,LAB,nace,245110,Sæbe- og vaskemiddelfabrikker,Sæbe- og vaskemiddelfabrikker,,raw_lab_nace,medium,danish,LAB_nace_2451,subclass
LAB_nace_522200,LAB,nace,522200,Slagter- og viktualieforretninger,Slagter- og viktualieforretninger,,raw_lab_nace,medium,danish,LAB_nace_5222,subclass
LAB_nace_275400,LAB,nace,275400,Støbning af andre ikke-jernholdige metalprodukter,Støbning af andre ikke-jernholdige metalprodukter,,raw_lab_nace,medium,danish,LAB_nace_2754,subclass
LAB_nace_251300,LAB,nace,251300,Fremstilling af andre gummiprodukter,Fremstilling af andre gummiprodukter,,raw_lab_nace,medium,danish,LAB_nace_2513,subclass
LAB_nace_343000,LAB,nace,343000,Fremstilling af dele og tilbehør til motorkøretøjer,Fremstilling af dele og tilbehør til motorkøretøjer,,raw_lab_nace,medium,danish,LAB_nace_3430,subclass
LAB_nace_252120,LAB,nace,252120,Fremstilling af rør og slanger af plast,Fremstilling af rør og slanger af plast,,raw_lab_nace,medium,danish,LAB_nace_2521,subclass
LAB_nace_158110,LAB,nace,158110,Brødfabrikker,Brødfabrikker,,raw_lab_nace,medium,danish,LAB_nace_1581,subclass
LAB_nace_342000,LAB,nace,342000,Karosserifabrikker,Karosserifabrikker,,raw_lab_nace,medium,danish,LAB_nace_3420,subclass
LAB_nace_514100,LAB,nace,514100,Engroshandel med tekstiler,Engroshandel med tekstiler,,raw_lab_nace,medium,danish,LAB_nace_5141,subclass
LAB_nace_295400,LAB,nace,295400,Fremstilling af maskiner til beklædnings- og læderindustri,Fremstilling af maskiner til beklædnings- og læderindustri,,raw_lab_nace,medium,danish,LAB_nace_2954,subclass
LAB_nace_211200,LAB,nace,211200,Fremstilling af papir og pap,Fremstilling af papir og pap,,raw_lab_nace,medium,danish,LAB_nace_2112,subclass
LAB_nace_912000,LAB,nace,912000,Fagforeninger,Fagforeninger,,raw_lab_nace,medium,danish,LAB_nace_9120,subclass
LAB_nace_366390,LAB,nace,366390,Fremstilling af andre varer i øvrigt,Fremstilling af andre varer i øvrigt,,raw_lab_nace,medium,danish,LAB_nace_3663,subclass
LAB_nace_271000,LAB,nace,271000,Jern- og stålværker,Jern- og stålværker,,raw_lab_nace,medium,danish,LAB_nace_2710,subclass
LAB_nace_927100,LAB,nace,927100,Lotteri- og anden spillevirksomhed,Lotteri- og anden spillevirksomhed,,raw_lab_nace,medium,danish,LAB_nace_9271,subclass
LAB_nace_515700,LAB,nace,515700,Engroshandel med affaldsprodukter,Engroshandel med affaldsprodukter,,raw_lab_nace,medium,danish,LAB_nace_5157,subclass
LAB_nace_361300,LAB,nace,361300,Fremstilling af køkkeninventar mv.,Fremstilling af køkkeninventar mv.,,raw_lab_nace,medium,danish,LAB_nace_3613,subclass
LAB_nace_652390,LAB,nace,652390,Finansieringsvirksomhed i øvrigt,Finansieringsvirksomhed i øvrigt,,raw_lab_nace,medium,danish,LAB_nace_6523,subclass
LAB_nace_652395,LAB,nace,652395,Finansieringsvirksomhed i øvrigt,Finansieringsvirksomhed i øvrigt,,raw_lab_nace,medium,danish,LAB_nace_6523,subclass
LAB_nace_524899,LAB,nace,524899,Detailhandel med andre varer,Detailhandel med andre varer,,raw_lab_nace,medium,danish,LAB_nace_5248,subclass
LAB_nace_514210,LAB,nace,514210,Engroshandel med beklædning,Engroshandel med beklædning,,raw_lab_nace,medium,danish,LAB_nace_5142,subclass
LAB_nace_514745,LAB,nace,514745,"Engroshandel med bøger, papir og papirvarer","Engroshandel med bøger, papir og papirvarer",,raw_lab_nace,medium,danish,LAB_nace_5147,subclass
LAB_nace_922000,LAB,nace,922000,Radio- og tv-virksomhed,Radio- og tv-virksomhed,,raw_lab_nace,medium,danish,LAB_nace_9220,subclass
LAB_nace_853230,LAB,nace,853230,Fritidsklubber for unge,Fritidsklubber for unge,,raw_lab_nace,medium,danish,LAB_nace_8532,subclass
LAB_nace_351100,LAB,nace,351100,Skibsværfter,Skibsværfter,,raw_lab_nace,medium,danish,LAB_nace_3511,subclass
LAB_nace_292220,LAB,nace,292220,Fremstilling af kraner samt talje- og hejseværker,Fremstilling af kraner samt talje- og hejseværker,,raw_lab_nace,medium,danish,LAB_nace_2922,subclass
LAB_nace_295290,LAB,nace,295290,Fremstilling af maskiner til entreprenørarbejde mv.,Fremstilling af maskiner til entreprenørarbejde mv.,,raw_lab_nace,medium,danish,LAB_nace_2952,subclass
LAB_nace_205190,LAB,nace,205190,Fremstilling af andre træprodukter i øvrigt,Fremstilling af andre træprodukter i øvrigt,,raw_lab_nace,medium,danish,LAB_nace_2051,subclass
LAB_nace_927200,LAB,nace,927200,Andre aktiviteter i forbindelse med fritid i øvrigt,Andre aktiviteter i forbindelse med fritid i øvrigt,,raw_lab_nace,medium,danish,LAB_nace_9272,subclass
LAB_nace_361200,LAB,nace,361200,"Fremstilling af kontor-, butiks- og lagermøbler undtagen stole","Fremstilling af kontor-, butiks- og lagermøbler undtagen stole",,raw_lab_nace,medium,danish,LAB_nace_3612,subclass
LAB_nace_172000,LAB,nace,172000,Vævning af tekstiler,Vævning af tekstiler,,raw_lab_nace,medium,danish,LAB_nace_1720,subclass
LAB_nace_252410,LAB,nace,252410,Fremstilling af kontor- og skoleartikler af plast,Fremstilling af kontor- og skoleartikler af plast,,raw_lab_nace,medium,danish,LAB_nace_2524,subclass
LAB_nace_262100,LAB,nace,262100,Fremstilling af keramiske husholdningsartikler og pyntegenstande,Fremstilling af keramiske husholdningsartikler og pyntegenstande,,raw_lab_nace,medium,danish,LAB_nace_2621,subclass
LAB_nace_748320,LAB,nace,748320,Tolkning og oversættelse,Tolkning og oversættelse,,raw_lab_nace,medium,danish,LAB_nace_7483,subclass
LAB_nace_522730,LAB,nace,522730,Helsekostforretninger,Helsekostforretninger,,raw_lab_nace,medium,danish,LAB_nace_5227,subclass
LAB_nace_518600,LAB,nace,518600,Engroshandel med elektroniske komponenter,Engroshandel med elektroniske komponenter,,raw_lab_nace,medium,danish,LAB_nace_5186,subclass
LAB_nace_913100,LAB,nace,913100,Religiøse institutioner og foreninger,Religiøse institutioner og foreninger,,raw_lab_nace,medium,danish,LAB_nace_9131,subclass
LAB_nace_745030,LAB,nace,745030,Rådgivning og medvirken ved personaleudvælgelse,Rådgivning og medvirken ved personaleudvælgelse,,raw_lab_nace,medium,danish,LAB_nace_7450,subclass
LAB_nace_451100,LAB,nace,451100,Nedrivnings- og jordarbejdsentreprenører,Nedrivnings- og jordarbejdsentreprenører,,raw_lab_nace,medium,danish,LAB_nace_4511,subclass
LAB_nace_452520,LAB,nace,452520,Brolæggermestre,Brolæggermestre,,raw_lab_nace,medium,danish,LAB_nace_4525,subclass
LAB_nace_511790,LAB,nace,511790,Anden agenturhandel med nærings- og nydelsesmidler,Anden agenturhandel med nærings- og nydelsesmidler,,raw_lab_nace,medium,danish,LAB_nace_5117,subclass
LAB_nace_513420,LAB,nace,513420,Engroshandel med vin og spiritus,Engroshandel med vin og spiritus,,raw_lab_nace,medium,danish,LAB_nace_5134,subclass
LAB_nace_672090,LAB,nace,672090,Anden servicevirksomhed i forbindelse med forsikringsvirksomhed,Anden servicevirksomhed i forbindelse med forsikringsvirksomhed,,raw_lab_nace,medium,danish,LAB_nace_6720,subclass
LAB_nace_221120,LAB,nace,221120,"Udgivelse af bøger, brochurer mv. uden eget trykkeri","Udgivelse af bøger, brochurer mv. uden eget trykkeri",,raw_lab_nace,medium,danish,LAB_nace_2211,subclass
LAB_nace_551120,LAB,nace,551120,Konferencecentre og kursusejendomme,Konferencecentre og kursusejendomme,,raw_lab_nace,medium,danish,LAB_nace_5511,subclass
LAB_nace_723000,LAB,nace,723000,Databehandling,Databehandling,,raw_lab_nace,medium,danish,LAB_nace_7230,subclass
LAB_nace_524440,LAB,nace,524440,"Detailhandel udelukkende med køkkenudstyr, glas og porcelæn","Detailhandel udelukkende med køkkenudstyr, glas og porcelæn",,raw_lab_nace,medium,danish,LAB_nace_5244,subclass
LAB_nace_744010,LAB,nace,744010,Reklamebureauvirksomhed,Reklamebureauvirksomhed,,raw_lab_nace,medium,danish,LAB_nace_7440,subclass
LAB_nace_524885,LAB,nace,524885,Dyrehandel,Dyrehandel,,raw_lab_nace,medium,danish,LAB_nace_5248,subclass
LAB_nace_153300,LAB,nace,153300,Forarbejdning og konservering af frugt og grønsager i øvrigt,Forarbejdning og konservering af frugt og grønsager i øvrigt,,raw_lab_nace,medium,danish,LAB_nace_1533,subclass
LAB_nace_158700,LAB,nace,158700,"Krydderimøller, fremstilling af smagspræparater mv.","Krydderimøller, fremstilling af smagspræparater mv.",,raw_lab_nace,medium,danish,LAB_nace_1587,subclass
LAB_nace_611020,LAB,nace,611020,"Rederivirksomhed, færge- og passagerfart","Rederivirksomhed, færge- og passagerfart",,raw_lab_nace,medium,danish,LAB_nace_6110,subclass
LAB_nace_900220,LAB,nace,900220,Drift af affaldsbehandlingsanlæg,Drift af affaldsbehandlingsanlæg,,raw_lab_nace,medium,danish,LAB_nace_9002,subclass
LAB_nace_524620,LAB,nace,524620,Byggemarkeder,Byggemarkeder,,raw_lab_nace,medium,danish,LAB_nace_5246,subclass
LAB_nace_295690,LAB,nace,295690,Fremstilling af industrimaskiner i øvrigt,Fremstilling af industrimaskiner i øvrigt,,raw_lab_nace,medium,danish,LAB_nace_2956,subclass
LAB_nace_261300,LAB,nace,261300,"Fremstilling af flasker, drikkeglas mv.","Fremstilling af flasker, drikkeglas mv.",,raw_lab_nace,medium,danish,LAB_nace_2613,subclass
LAB_nace_553090,LAB,nace,553090,"Selskabslokaler, forsamlingshuse mv.","Selskabslokaler, forsamlingshuse mv.",,raw_lab_nace,medium,danish,LAB_nace_5530,subclass
LAB_nace_514420,LAB,nace,514420,Engroshandel med rengøringsmidler,Engroshandel med rengøringsmidler,,raw_lab_nace,medium,danish,LAB_nace_5144,subclass
LAB_nace_522300,LAB,nace,522300,Fisk- og vildtforretninger,Fisk- og vildtforretninger,,raw_lab_nace,medium,danish,LAB_nace_5223,subclass
LAB_nace_297110,LAB,nace,297110,Fremstilling af køleskabe og frysebokse til husholdningsbrug,Fremstilling af køleskabe og frysebokse til husholdningsbrug,,raw_lab_nace,medium,danish,LAB_nace_2971,subclass
LAB_nace_611010,LAB,nace,611010,"Rederivirksomhed, fragtfart","Rederivirksomhed, fragtfart",,raw_lab_nace,medium,danish,LAB_nace_6110,subclass
LAB_nace_752500,LAB,nace,752500,Brandvæsen og redningskorps,Brandvæsen og redningskorps,,raw_lab_nace,medium,danish,LAB_nace_7525,subclass
LAB_nace_702020,LAB,nace,702020,Private andelsboligforeninger,Private andelsboligforeninger,,raw_lab_nace,medium,danish,LAB_nace_7020,subclass
LAB_nace_747050,LAB,nace,747050,Desinfektion og skadedyrsbekæmpelse,Desinfektion og skadedyrsbekæmpelse,,raw_lab_nace,medium,danish,LAB_nace_7470,subclass
LAB_nace_745010,LAB,nace,745010,Arbejdsformidling,Arbejdsformidling,,raw_lab_nace,medium,danish,LAB_nace_7450,subclass
LAB_nace_633020,LAB,nace,633020,"Rejsebureauer, turarrangerende","Rejsebureauer, turarrangerende",,raw_lab_nace,medium,danish,LAB_nace_6330,subclass
LAB_nace_552200,LAB,nace,552200,Campingpladser,Campingpladser,,raw_lab_nace,medium,danish,LAB_nace_5522,subclass
LAB_nace_286100,LAB,nace,286100,"Fremstilling af bestik, skære- og klipperedskaber","Fremstilling af bestik, skære- og klipperedskaber",,raw_lab_nace,medium,danish,LAB_nace_2861,subclass
LAB_nace_286200,LAB,nace,286200,Fremstilling af håndværktøj,Fremstilling af håndværktøj,,raw_lab_nace,medium,danish,LAB_nace_2862,subclass
LAB_nace_295310,LAB,nace,295310,Fremstilling af mejerimaskiner,Fremstilling af mejerimaskiner,,raw_lab_nace,medium,danish,LAB_nace_2953,subclass
LAB_nace_513410,LAB,nace,513410,Engroshandel med øl og mineralvand,Engroshandel med øl og mineralvand,,raw_lab_nace,medium,danish,LAB_nace_5134,subclass
LAB_nace_159600,LAB,nace,159600,Bryggerier,Bryggerier,,raw_lab_nace,medium,danish,LAB_nace_1596,subclass
LAB_nace_511600,LAB,nace,511600,"Agenturhandel med tekstiler, beklædning, fodtøj og lædervarer","Agenturhandel med tekstiler, beklædning, fodtøj og lædervarer",,raw_lab_nace,medium,danish,LAB_nace_5116,subclass
LAB_nace_182490,LAB,nace,182490,Beklædningsindustri i øvrigt,Beklædningsindustri i øvrigt,,raw_lab_nace,medium,danish,LAB_nace_1824,subclass
LAB_nace_112000,LAB,nace,112000,Teknisk servicevirksomhed i forbindelse med olie- og gasudvinding,Teknisk servicevirksomhed i forbindelse med olie- og gasudvinding,,raw_lab_nace,medium,danish,LAB_nace_1120,subclass
LAB_nace_632110,LAB,nace,632110,"Stationer, godsterminaler mv.","Stationer, godsterminaler mv.",,raw_lab_nace,medium,danish,LAB_nace_6321,subclass
LAB_nace_514610,LAB,nace,514610,Engroshandel med medicinalvarer og sygeplejeartikler,Engroshandel med medicinalvarer og sygeplejeartikler,,raw_lab_nace,medium,danish,LAB_nace_5146,subclass
LAB_nace_182410,LAB,nace,182410,Fremstilling af babytøj,Fremstilling af babytøj,,raw_lab_nace,medium,danish,LAB_nace_1824,subclass
LAB_nace_13000,LAB,nace,13000,Planteavl kombineret med husdyravl (blandet drift),Planteavl kombineret med husdyravl (blandet drift),,raw_lab_nace,medium,danish,LAB_nace_1300,subclass
LAB_nace_602300,LAB,nace,602300,"Anden passagertransport, ikke rutefart","Anden passagertransport, ikke rutefart",,raw_lab_nace,medium,danish,LAB_nace_6023,subclass
LAB_nace_502050,LAB,nace,502050,Autolakererier,Autolakererier,,raw_lab_nace,medium,danish,LAB_nace_5020,subclass
LAB_nace_331020,LAB,nace,331020,Fremstilling af høreapparater og dele hertil,Fremstilling af høreapparater og dele hertil,,raw_lab_nace,medium,danish,LAB_nace_3310,subclass
LAB_nace_323010,LAB,nace,323010,"Fremstilling af radioer, fjernsyn mv.","Fremstilling af radioer, fjernsyn mv.",,raw_lab_nace,medium,danish,LAB_nace_3230,subclass
LAB_nace_151390,LAB,nace,151390,Kødforarbejdning i øvrigt,Kødforarbejdning i øvrigt,,raw_lab_nace,medium,danish,LAB_nace_1513,subclass
LAB_nace_514705,LAB,nace,514705,Engroshandel med møbler,Engroshandel med møbler,,raw_lab_nace,medium,danish,LAB_nace_5147,subclass
LAB_nace_524410,LAB,nace,524410,Møbelforretninger,Møbelforretninger,,raw_lab_nace,medium,danish,LAB_nace_5244,subclass
LAB_nace_20100,LAB,nace,20100,Skovbrug,Skovbrug,,raw_lab_nace,medium,danish,LAB_nace_2010,subclass
LAB_nace_803070,LAB,nace,803070,Læreanstalter med sundhedsuddannelser,Læreanstalter med sundhedsuddannelser,,raw_lab_nace,medium,danish,LAB_nace_8030,subclass
LAB_nace_803050,LAB,nace,803050,Læreanstalter med tekniske uddannelser,Læreanstalter med tekniske uddannelser,,raw_lab_nace,medium,danish,LAB_nace_8030,subclass
LAB_nace_295390,LAB,nace,295390,Fremstilling af andre maskiner til nærings- og nydelsesmiddelindustri,Fremstilling af andre maskiner til nærings- og nydelsesmiddelindustri,,raw_lab_nace,medium,danish,LAB_nace_2953,subclass
LAB_nace_295610,LAB,nace,295610,Fremstilling af støbeforme,Fremstilling af støbeforme,,raw_lab_nace,medium,danish,LAB_nace_2956,subclass
LAB_nace_292320,LAB,nace,292320,Fremstilling af ventilations- og klimaanlæg til industrielt brug,Fremstilling af ventilations- og klimaanlæg til industrielt brug,,raw_lab_nace,medium,danish,LAB_nace_2923,subclass
LAB_nace_703110,LAB,nace,703110,Ejendomsmæglere,Ejendomsmæglere,,raw_lab_nace,medium,danish,LAB_nace_7031,subclass
LAB_nace_660100,LAB,nace,660100,Livsforsikring,Livsforsikring,,raw_lab_nace,medium,danish,LAB_nace_6601,subclass
LAB_nace_804220,LAB,nace,804220,Folkehøjskoler,Folkehøjskoler,,raw_lab_nace,medium,danish,LAB_nace_8042,subclass
LAB_nace_748740,LAB,nace,748740,"Kongres-, messe- og udstillingsaktiviteter","Kongres-, messe- og udstillingsaktiviteter",,raw_lab_nace,medium,danish,LAB_nace_7487,subclass
LAB_nace_514310,LAB,nace,514310,Engroshandel med hårde hvidevarer,Engroshandel med hårde hvidevarer,,raw_lab_nace,medium,danish,LAB_nace_5143,subclass
LAB_nace_748200,LAB,nace,748200,Pakkerier mv.,Pakkerier mv.,,raw_lab_nace,medium,danish,LAB_nace_7482,subclass
LAB_nace_527420,LAB,nace,527420,Låsesmede,Låsesmede,,raw_lab_nace,medium,danish,LAB_nace_5274,subclass
LAB_nace_286310,LAB,nace,286310,Låsefabrikker,Låsefabrikker,,raw_lab_nace,medium,danish,LAB_nace_2863,subclass
LAB_nace_703220,LAB,nace,703220,Ejerforeninger,Ejerforeninger,,raw_lab_nace,medium,danish,LAB_nace_7032,subclass
LAB_nace_293230,LAB,nace,293230,"Fremstilling af maskiner til land-, have- og skovbrug i øvrigt","Fremstilling af maskiner til land-, have- og skovbrug i øvrigt",,raw_lab_nace,medium,danish,LAB_nace_2932,subclass
LAB_nace_554090,LAB,nace,554090,Kaffebarer mv.,Kaffebarer mv.,,raw_lab_nace,medium,danish,LAB_nace_5540,subclass
LAB_nace_158200,LAB,nace,158200,Fremstilling af kager og kiks,Fremstilling af kager og kiks,,raw_lab_nace,medium,danish,LAB_nace_1582,subclass
LAB_nace_203030,LAB,nace,203030,Fremstilling af præfabrikerede bygninger eller bygningselementer af træ,Fremstilling af præfabrikerede bygninger eller bygningselementer af træ,,raw_lab_nace,medium,danish,LAB_nace_2030,subclass
LAB_nace_853290,LAB,nace,853290,Andre sociale foranstaltninger uden institutionsophold,Andre sociale foranstaltninger uden institutionsophold,,raw_lab_nace,medium,danish,LAB_nace_8532,subclass
LAB_nace_158900,LAB,nace,158900,Fremstilling af andre næringsmidler i øvrigt,Fremstilling af andre næringsmidler i øvrigt,,raw_lab_nace,medium,danish,LAB_nace_1589,subclass
LAB_nace_950000,LAB,nace,950000,Private husholdninger med ansat medhjælp,Private husholdninger med ansat medhjælp,,raw_lab_nace,medium,danish,LAB_nace_9500,subclass
LAB_nace_527490,LAB,nace,527490,Anden reparationsvirksomhed af varer til personligt brug eller husholdningsbrug,Anden reparationsvirksomhed af varer til personligt brug eller husholdningsbrug,,raw_lab_nace,medium,danish,LAB_nace_5274,subclass
LAB_nace_153100,LAB,nace,153100,Forarbejdning og konservering af kartofler,Forarbejdning og konservering af kartofler,,raw_lab_nace,medium,danish,LAB_nace_1531,subclass
LAB_nace_513100,LAB,nace,513100,Engroshandel med frugt og grønsager,Engroshandel med frugt og grønsager,,raw_lab_nace,medium,danish,LAB_nace_5131,subclass
LAB_nace_201010,LAB,nace,201010,Savværker,Savværker,,raw_lab_nace,medium,danish,LAB_nace_2010,subclass
LAB_nace_203010,LAB,nace,203010,Fremstilling af ramme- og møbellister,Fremstilling af ramme- og møbellister,,raw_lab_nace,medium,danish,LAB_nace_2030,subclass
LAB_nace_526210,LAB,nace,526210,Frugt- og grøntstader,Frugt- og grøntstader,,raw_lab_nace,medium,danish,LAB_nace_5262,subclass
LAB_nace_930130,LAB,nace,930130,Renserier,Renserier,,raw_lab_nace,medium,danish,LAB_nace_9301,subclass
LAB_nace_174010,LAB,nace,174010,"Sejlmagerier, flag- og teltfabrikker mv.","Sejlmagerier, flag- og teltfabrikker mv.",,raw_lab_nace,medium,danish,LAB_nace_1740,subclass
LAB_nace_333000,LAB,nace,333000,Fremstilling af udstyr til industrielle processtyringsanlæg,Fremstilling af udstyr til industrielle processtyringsanlæg,,raw_lab_nace,medium,danish,LAB_nace_3330,subclass
LAB_nace_332090,LAB,nace,332090,Fremstilling af andet måle- og kontroludstyr,Fremstilling af andet måle- og kontroludstyr,,raw_lab_nace,medium,danish,LAB_nace_3320,subclass
LAB_nace_204000,LAB,nace,204000,Træemballagefabrikker,Træemballagefabrikker,,raw_lab_nace,medium,danish,LAB_nace_2040,subclass
LAB_nace_551020,LAB,nace,551020,Konferencecentre og kursusejendomme,Konferencecentre og kursusejendomme,,raw_lab_nace,medium,danish,LAB_nace_5510,subclass
LAB_nace_11190,LAB,nace,11190,Agerbrug i øvrigt,Agerbrug i øvrigt,,raw_lab_nace,medium,danish,LAB_nace_1119,subclass
LAB_nace_502010,LAB,nace,502010,Autoreparationsværksteder,Autoreparationsværksteder,,raw_lab_nace,medium,danish,LAB_nace_5020,subclass
LAB_nace_516100,LAB,nace,516100,"Engroshandel med værktøjsmaskiner, værktøj og tilbehør til bearbejdning af metal og træ","Engroshandel med værktøjsmaskiner, værktøj og tilbehør til bearbejdning af metal og træ",,raw_lab_nace,medium,danish,LAB_nace_5161,subclass
LAB_nace_518100,LAB,nace,518100,Engroshandel med værktøjsmaskiner og tilbehør til bearbejdning af metal og træ,Engroshandel med værktøjsmaskiner og tilbehør til bearbejdning af metal og træ,,raw_lab_nace,medium,danish,LAB_nace_5181,subclass
LAB_nace_642040,LAB,nace,642040,Øvrig telekommunikation,Øvrig telekommunikation,,raw_lab_nace,medium,danish,LAB_nace_6420,subclass
LAB_nace_454410,LAB,nace,454410,Malerforretninger,Malerforretninger,,raw_lab_nace,medium,danish,LAB_nace_4544,subclass
LAB_nace_524866,LAB,nace,524866,Detailhandel med computere og standardsoftware,Detailhandel med computere og standardsoftware,,raw_lab_nace,medium,danish,LAB_nace_5248,subclass
LAB_nace_332030,LAB,nace,332030,Fremstilling af apparater til måling eller kontrol af elektriske størrelser,Fremstilling af apparater til måling eller kontrol af elektriske størrelser,,raw_lab_nace,medium,danish,LAB_nace_3320,subclass
LAB_nace_703130,LAB,nace,703130,Ferieboligudlejning,Ferieboligudlejning,,raw_lab_nace,medium,danish,LAB_nace_7031,subclass
LAB_nace_501010,LAB,nace,501010,Engroshandel med biler mv.,Engroshandel med biler mv.,,raw_lab_nace,medium,danish,LAB_nace_5010,subclass
LAB_nace_922010,LAB,nace,922010,Tv-virksomhed,Tv-virksomhed,,raw_lab_nace,medium,danish,LAB_nace_9220,subclass
LAB_nace_311030,LAB,nace,311030,Fremstilling af transformatorer og omformere,Fremstilling af transformatorer og omformere,,raw_lab_nace,medium,danish,LAB_nace_3110,subclass
LAB_nace_351200,LAB,nace,351200,Bådbyggerier,Bådbyggerier,,raw_lab_nace,medium,danish,LAB_nace_3512,subclass
LAB_nace_154200,LAB,nace,154200,Fremstilling af raffinerede olier og fedtstoffer,Fremstilling af raffinerede olier og fedtstoffer,,raw_lab_nace,medium,danish,LAB_nace_1542,subclass
LAB_nace_158920,LAB,nace,158920,Fremstilling af andre fødevarer i øvrigt,Fremstilling af andre fødevarer i øvrigt,,raw_lab_nace,medium,danish,LAB_nace_1589,subclass
LAB_nace_244100,LAB,nace,244100,Fremstilling af farmaceutiske råvarer,Fremstilling af farmaceutiske råvarer,,raw_lab_nace,medium,danish,LAB_nace_2441,subclass
LAB_nace_518800,LAB,nace,518800,"Engroshandel med landbrugsmaskiner og -redskaber samt tilbehør, herunder traktorer","Engroshandel med landbrugsmaskiner og -redskaber samt tilbehør, herunder traktorer",,raw_lab_nace,medium,danish,LAB_nace_5188,subclass
LAB_nace_516600,LAB,nace,516600,"Engroshandel med landbrugsmaskiner og -redskaber samt tilbehør, herunder traktorer","Engroshandel med landbrugsmaskiner og -redskaber samt tilbehør, herunder traktorer",,raw_lab_nace,medium,danish,LAB_nace_5166,subclass
LAB_nace_321010,LAB,nace,321010,Fremstilling af trykte og integrerede kredsløb,Fremstilling af trykte og integrerede kredsløb,,raw_lab_nace,medium,danish,LAB_nace_3210,subclass
LAB_nace_157110,LAB,nace,157110,Fremstilling af færdige foderblandinger til landbrug og pelsdyravl,Fremstilling af færdige foderblandinger til landbrug og pelsdyravl,,raw_lab_nace,medium,danish,LAB_nace_1571,subclass
LAB_nace_747030,LAB,nace,747030,Vinduespolering,Vinduespolering,,raw_lab_nace,medium,danish,LAB_nace_7470,subclass
LAB_nace_742010,LAB,nace,742010,Rådgivende ingeniørvirksomhed indenfor byggeri og anlægsarbejder,Rådgivende ingeniørvirksomhed indenfor byggeri og anlægsarbejder,,raw_lab_nace,medium,danish,LAB_nace_7420,subclass
LAB_nace_913330,LAB,nace,913330,Andre politiske og ideologiske organisationer,Andre politiske og ideologiske organisationer,,raw_lab_nace,medium,danish,LAB_nace_9133,subclass
LAB_nace_452200,LAB,nace,452200,Tagdækningsvirksomhed,Tagdækningsvirksomhed,,raw_lab_nace,medium,danish,LAB_nace_4522,subclass
LAB_nace_266500,LAB,nace,266500,Fremstilling af fibercementprodukter,Fremstilling af fibercementprodukter,,raw_lab_nace,medium,danish,LAB_nace_2665,subclass
LAB_nace_853130,LAB,nace,853130,Institutioner for stofmisbrugere og alkoholskadede,Institutioner for stofmisbrugere og alkoholskadede,,raw_lab_nace,medium,danish,LAB_nace_8531,subclass
LAB_nace_524610,LAB,nace,524610,Isenkramforretninger,Isenkramforretninger,,raw_lab_nace,medium,danish,LAB_nace_5246,subclass
LAB_nace_621000,LAB,nace,621000,Ruteflyvning,Ruteflyvning,,raw_lab_nace,medium,danish,LAB_nace_6210,subclass
LAB_nace_266600,LAB,nace,266600,"Fremstilling af andre beton-, gips- og cementprodukter","Fremstilling af andre beton-, gips- og cementprodukter",,raw_lab_nace,medium,danish,LAB_nace_2666,subclass
LAB_nace_266110,LAB,nace,266110,Betonvarefabrikker,Betonvarefabrikker,,raw_lab_nace,medium,danish,LAB_nace_2661,subclass
LAB_nace_722100,LAB,nace,722100,Udvikling af standardsoftware,Udvikling af standardsoftware,,raw_lab_nace,medium,danish,LAB_nace_7221,subclass
LAB_nace_900010,LAB,nace,900010,Kloakvæsen og rensningsanlæg,Kloakvæsen og rensningsanlæg,,raw_lab_nace,medium,danish,LAB_nace_9000,subclass
LAB_nace_900100,LAB,nace,900100,Opsamling og behandling af spildevand,Opsamling og behandling af spildevand,,raw_lab_nace,medium,danish,LAB_nace_9001,subclass
LAB_nace_12510,LAB,nace,12510,Pelsdyravl,Pelsdyravl,,raw_lab_nace,medium,danish,LAB_nace_1251,subclass
LAB_nace_741500,LAB,nace,741500,Ikke-finansielle holdingselskaber,Ikke-finansielle holdingselskaber,,raw_lab_nace,medium,danish,LAB_nace_7415,subclass
LAB_nace_452540,LAB,nace,452540,Stilladsforretninger,Stilladsforretninger,,raw_lab_nace,medium,danish,LAB_nace_4525,subclass
LAB_nace_743020,LAB,nace,743020,Teknisk afprøvning og kontrol,Teknisk afprøvning og kontrol,,raw_lab_nace,medium,danish,LAB_nace_7430,subclass
LAB_nace_323030,LAB,nace,323030,Fremstilling af antenner og antenneanlæg,Fremstilling af antenner og antenneanlæg,,raw_lab_nace,medium,danish,LAB_nace_3230,subclass
LAB_nace_748510,LAB,nace,748510,Adresseringsbureauer,Adresseringsbureauer,,raw_lab_nace,medium,danish,LAB_nace_7485,subclass
LAB_nace_521220,LAB,nace,521220,Stormagasiner,Stormagasiner,,raw_lab_nace,medium,danish,LAB_nace_5212,subclass
LAB_nace_930400,LAB,nace,930400,"Sol-, motions- og helsecentre mv.","Sol-, motions- og helsecentre mv.",,raw_lab_nace,medium,danish,LAB_nace_9304,subclass
LAB_nace_245120,LAB,nace,245120,Pudse- og rensemiddelfabrikker,Pudse- og rensemiddelfabrikker,,raw_lab_nace,medium,danish,LAB_nace_2451,subclass
LAB_nace_246600,LAB,nace,246600,Fremstilling af andre kemiske produkter i øvrigt,Fremstilling af andre kemiske produkter i øvrigt,,raw_lab_nace,medium,danish,LAB_nace_2466,subclass
LAB_nace_205110,LAB,nace,205110,Trædrejere,Trædrejere,,raw_lab_nace,medium,danish,LAB_nace_2051,subclass
LAB_nace_512200,LAB,nace,512200,Engroshandel med blomster og planter,Engroshandel med blomster og planter,,raw_lab_nace,medium,danish,LAB_nace_5122,subclass
LAB_nace_221340,LAB,nace,221340,Udgivelse af distrikts- og annonceblade uden eget trykkeri,Udgivelse af distrikts- og annonceblade uden eget trykkeri,,raw_lab_nace,medium,danish,LAB_nace_2213,subclass
LAB_nace_366310,LAB,nace,366310,Stearinlysfabrikker,Stearinlysfabrikker,,raw_lab_nace,medium,danish,LAB_nace_3663,subclass
LAB_nace_523100,LAB,nace,523100,Apoteker,Apoteker,,raw_lab_nace,medium,danish,LAB_nace_5231,subclass
LAB_nace_803060,LAB,nace,803060,Læreanstalter med landbrugsvidenskabelige uddannelser,Læreanstalter med landbrugsvidenskabelige uddannelser,,raw_lab_nace,medium,danish,LAB_nace_8030,subclass
LAB_nace_152030,LAB,nace,152030,Fiskemelsfabrikker,Fiskemelsfabrikker,,raw_lab_nace,medium,danish,LAB_nace_1520,subclass
LAB_nace_222500,LAB,nace,222500,Anden virksomhed i forbindelse med trykning,Anden virksomhed i forbindelse med trykning,,raw_lab_nace,medium,danish,LAB_nace_2225,subclass
LAB_nace_212390,LAB,nace,212390,Fremstilling af andre kontorartikler af papir og pap,Fremstilling af andre kontorartikler af papir og pap,,raw_lab_nace,medium,danish,LAB_nace_2123,subclass
LAB_nace_287520,LAB,nace,287520,Fremstilling af sanitets- og husholdningsartikler af metal,Fremstilling af sanitets- og husholdningsartikler af metal,,raw_lab_nace,medium,danish,LAB_nace_2875,subclass
LAB_nace_632210,LAB,nace,632210,Erhvervshavne (trafik- og fiskerihavne),Erhvervshavne (trafik- og fiskerihavne),,raw_lab_nace,medium,danish,LAB_nace_6322,subclass
LAB_nace_631100,LAB,nace,631100,Godsbehandling,Godsbehandling,,raw_lab_nace,medium,danish,LAB_nace_6311,subclass
LAB_nace_222300,LAB,nace,222300,Bogbinderier,Bogbinderier,,raw_lab_nace,medium,danish,LAB_nace_2223,subclass
LAB_nace_222290,LAB,nace,222290,Andre trykkerier i øvrigt,Andre trykkerier i øvrigt,,raw_lab_nace,medium,danish,LAB_nace_2222,subclass
LAB_nace_14190,LAB,nace,14190,Servicevirksomhed i forbindelse med agerbrug i øvrigt,Servicevirksomhed i forbindelse med agerbrug i øvrigt,,raw_lab_nace,medium,danish,LAB_nace_1419,subclass
LAB_nace_524870,LAB,nace,524870,Detailhandel med telekommunikationsudstyr,Detailhandel med telekommunikationsudstyr,,raw_lab_nace,medium,danish,LAB_nace_5248,subclass
LAB_nace_632300,LAB,nace,632300,Lufthavne mv.,Lufthavne mv.,,raw_lab_nace,medium,danish,LAB_nace_6323,subclass
LAB_nace_291110,LAB,nace,291110,Skibsmotorfabrikker,Skibsmotorfabrikker,,raw_lab_nace,medium,danish,LAB_nace_2911,subclass
LAB_nace_294000,LAB,nace,294000,Fremstilling af værktøjsmaskiner,Fremstilling af værktøjsmaskiner,,raw_lab_nace,medium,danish,LAB_nace_2940,subclass
LAB_nace_266300,LAB,nace,266300,Fremstilling af færdigblandet beton,Fremstilling af færdigblandet beton,,raw_lab_nace,medium,danish,LAB_nace_2663,subclass
LAB_nace_293210,LAB,nace,293210,Fremstilling af høstmaskiner mv.,Fremstilling af høstmaskiner mv.,,raw_lab_nace,medium,danish,LAB_nace_2932,subclass
LAB_nace_50100,LAB,nace,50100,Fiskeri,Fiskeri,,raw_lab_nace,medium,danish,LAB_nace_5010,subclass
LAB_nace_159100,LAB,nace,159100,Fremstilling af spiritus,Fremstilling af spiritus,,raw_lab_nace,medium,danish,LAB_nace_1591,subclass
LAB_nace_151310,LAB,nace,151310,Fremstilling af færdigretter,Fremstilling af færdigretter,,raw_lab_nace,medium,danish,LAB_nace_1513,subclass
LAB_nace_291230,LAB,nace,291230,Fremstilling af hydrauliske og pneumatiske maskiner,Fremstilling af hydrauliske og pneumatiske maskiner,,raw_lab_nace,medium,danish,LAB_nace_2912,subclass
LAB_nace_292420,LAB,nace,292420,Fremstilling af emballeringsmaskiner,Fremstilling af emballeringsmaskiner,,raw_lab_nace,medium,danish,LAB_nace_2924,subclass
LAB_nace_900030,LAB,nace,900030,Lossepladser og forbrændingsanstalter,Lossepladser og forbrændingsanstalter,,raw_lab_nace,medium,danish,LAB_nace_9000,subclass
LAB_nace_724000,LAB,nace,724000,Databaseværter og -formidlere,Databaseværter og -formidlere,,raw_lab_nace,medium,danish,LAB_nace_7240,subclass
LAB_nace_516510,LAB,nace,516510,Engroshandel med el-installationsmateriel,Engroshandel med el-installationsmateriel,,raw_lab_nace,medium,danish,LAB_nace_5165,subclass
LAB_nace_851430,LAB,nace,851430,Fysioterapeutiske klinikker og praktiserende fysioterapeuter,Fysioterapeutiske klinikker og praktiserende fysioterapeuter,,raw_lab_nace,medium,danish,LAB_nace_8514,subclass
LAB_nace_743090,LAB,nace,743090,Anden måling og teknisk analyse,Anden måling og teknisk analyse,,raw_lab_nace,medium,danish,LAB_nace_7430,subclass
LAB_nace_316290,LAB,nace,316290,Fremstilling af andet elektrisk og elektronisk udstyr i øvrigt,Fremstilling af andet elektrisk og elektronisk udstyr i øvrigt,,raw_lab_nace,medium,danish,LAB_nace_3162,subclass
LAB_nace_247000,LAB,nace,247000,Fremstilling af kemofibre,Fremstilling af kemofibre,,raw_lab_nace,medium,danish,LAB_nace_2470,subclass
LAB_nace_913390,LAB,nace,913390,"Selskabelige foreninger, loger mv.","Selskabelige foreninger, loger mv.",,raw_lab_nace,medium,danish,LAB_nace_9133,subclass
LAB_nace_294300,LAB,nace,294300,Fremstilling af andre værktøjsmaskiner i.a.n.,Fremstilling af andre værktøjsmaskiner i.a.n.,,raw_lab_nace,medium,danish,LAB_nace_2943,subclass
LAB_nace_503020,LAB,nace,503020,Detailhandel med reservedele og tilbehør til biler mv. (autoudstyrsforretninger),Detailhandel med reservedele og tilbehør til biler mv. (autoudstyrsforretninger),,raw_lab_nace,medium,danish,LAB_nace_5030,subclass
LAB_nace_752320,LAB,nace,752320,Fængselsvæsen,Fængselsvæsen,,raw_lab_nace,medium,danish,LAB_nace_7523,subclass
LAB_nace_221330,LAB,nace,221330,Udgivelse af distrikts- og annonceblade med eget trykkeri,Udgivelse af distrikts- og annonceblade med eget trykkeri,,raw_lab_nace,medium,danish,LAB_nace_2213,subclass
LAB_nace_410000,LAB,nace,410000,Vandforsyning,Vandforsyning,,raw_lab_nace,medium,danish,LAB_nace_4100,subclass
LAB_nace_802220,LAB,nace,802220,Skoler med handels- og kontoruddannelser,Skoler med handels- og kontoruddannelser,,raw_lab_nace,medium,danish,LAB_nace_8022,subclass
LAB_nace_14110,LAB,nace,14110,Landbrugsmaskinstationer,Landbrugsmaskinstationer,,raw_lab_nace,medium,danish,LAB_nace_1411,subclass
LAB_nace_633030,LAB,nace,633030,"Rejsebureauer, billetudstedende","Rejsebureauer, billetudstedende",,raw_lab_nace,medium,danish,LAB_nace_6330,subclass
LAB_nace_651100,LAB,nace,651100,Danmarks Nationalbank,Danmarks Nationalbank,,raw_lab_nace,medium,danish,LAB_nace_6511,subclass
LAB_nace_512100,LAB,nace,512100,"Engroshandel med korn, såsæd og foderstoffer","Engroshandel med korn, såsæd og foderstoffer",,raw_lab_nace,medium,danish,LAB_nace_5121,subclass
LAB_nace_524510,LAB,nace,524510,Detailhandel med husholdningsmaskiner og -apparater,Detailhandel med husholdningsmaskiner og -apparater,,raw_lab_nace,medium,danish,LAB_nace_5245,subclass
LAB_nace_321090,LAB,nace,321090,"Fremstilling af halvlederkomponenter, kondensatorer, modstande mv.","Fremstilling af halvlederkomponenter, kondensatorer, modstande mv.",,raw_lab_nace,medium,danish,LAB_nace_3210,subclass
LAB_nace_922020,LAB,nace,922020,Radiovirksomhed,Radiovirksomhed,,raw_lab_nace,medium,danish,LAB_nace_9220,subclass
LAB_nace_660210,LAB,nace,660210,Pensionskasser,Pensionskasser,,raw_lab_nace,medium,danish,LAB_nace_6602,subclass
LAB_nace_911200,LAB,nace,911200,"Faglige, oplysende foreninger","Faglige, oplysende foreninger",,raw_lab_nace,medium,danish,LAB_nace_9112,subclass
LAB_nace_352000,LAB,nace,352000,Fremstilling af lokomotiver og jernbanevogne mv.,Fremstilling af lokomotiver og jernbanevogne mv.,,raw_lab_nace,medium,danish,LAB_nace_3520,subclass
LAB_nace_212500,LAB,nace,212500,Fremstilling af andre papir- og papvarer i.a.n.,Fremstilling af andre papir- og papvarer i.a.n.,,raw_lab_nace,medium,danish,LAB_nace_2125,subclass
LAB_nace_515100,LAB,nace,515100,"Engroshandel med motorbrændstof, brændsel, smøreolie mv.","Engroshandel med motorbrændstof, brændsel, smøreolie mv.",,raw_lab_nace,medium,danish,LAB_nace_5151,subclass
LAB_nace_401300,LAB,nace,401300,Distribution af og handel med elektricitet,Distribution af og handel med elektricitet,,raw_lab_nace,medium,danish,LAB_nace_4013,subclass
LAB_nace_524230,LAB,nace,524230,Herre- og dametøjsforretninger (blandet),Herre- og dametøjsforretninger (blandet),,raw_lab_nace,medium,danish,LAB_nace_5242,subclass
LAB_nace_742050,LAB,nace,742050,Have- og landskabsarkitekter,Have- og landskabsarkitekter,,raw_lab_nace,medium,danish,LAB_nace_7420,subclass
LAB_nace_522500,LAB,nace,522500,Vinforretninger,Vinforretninger,,raw_lab_nace,medium,danish,LAB_nace_5225,subclass
LAB_nace_802250,LAB,nace,802250,Skoler med transportuddannelser,Skoler med transportuddannelser,,raw_lab_nace,medium,danish,LAB_nace_8022,subclass
LAB_nace_524815,LAB,nace,524815,Guldsmede- og juvelerforretninger,Guldsmede- og juvelerforretninger,,raw_lab_nace,medium,danish,LAB_nace_5248,subclass
LAB_nace_632120,LAB,nace,632120,Parkerings- og garageanlæg,Parkerings- og garageanlæg,,raw_lab_nace,medium,danish,LAB_nace_6321,subclass
LAB_nace_913120,LAB,nace,913120,Andre trossamfund,Andre trossamfund,,raw_lab_nace,medium,danish,LAB_nace_9131,subclass
LAB_nace_265100,LAB,nace,265100,Cementfabrikker,Cementfabrikker,,raw_lab_nace,medium,danish,LAB_nace_2651,subclass
LAB_nace_913320,LAB,nace,913320,Friluftsorganisationer,Friluftsorganisationer,,raw_lab_nace,medium,danish,LAB_nace_9133,subclass
LAB_nace_14200,LAB,nace,14200,Servicevirksomhed i forbindelse med husdyravl undtagen dyrlægevirksomhed,Servicevirksomhed i forbindelse med husdyravl undtagen dyrlægevirksomhed,,raw_lab_nace,medium,danish,LAB_nace_1420,subclass
LAB_nace_660390,LAB,nace,660390,Anden forsikringsvirksomhed i øvrigt,Anden forsikringsvirksomhed i øvrigt,,raw_lab_nace,medium,danish,LAB_nace_6603,subclass
LAB_nace_930310,LAB,nace,930310,Bedemænd,Bedemænd,,raw_lab_nace,medium,danish,LAB_nace_9303,subclass
LAB_nace_292100,LAB,nace,292100,Fremstilling af ovne og fyringsaggregater,Fremstilling af ovne og fyringsaggregater,,raw_lab_nace,medium,danish,LAB_nace_2921,subclass
LAB_nace_742020,LAB,nace,742020,Rådgivende ingeniørvirksomhed indenfor produktions- og maskinteknik,Rådgivende ingeniørvirksomhed indenfor produktions- og maskinteknik,,raw_lab_nace,medium,danish,LAB_nace_7420,subclass
LAB_nace_514790,LAB,nace,514790,Engroshandel med andre husholdningsartikler,Engroshandel med andre husholdningsartikler,,raw_lab_nace,medium,danish,LAB_nace_5147,subclass
LAB_nace_524630,LAB,nace,524630,Farve- og tapetforretninger,Farve- og tapetforretninger,,raw_lab_nace,medium,danish,LAB_nace_5246,subclass
LAB_nace_331090,LAB,nace,331090,"Fremstilling af røntgenapparatur, tandlægeapparatur, respirationsapparater, ortopædiske artikler, proteser mv.","Fremstilling af røntgenapparatur, tandlægeapparatur, respirationsapparater, ortopædiske artikler, proteser mv.",,raw_lab_nace,medium,danish,LAB_nace_3310,subclass
LAB_nace_158300,LAB,nace,158300,Sukkerfabrikker og -raffinaderier,Sukkerfabrikker og -raffinaderier,,raw_lab_nace,medium,danish,LAB_nace_1583,subclass
LAB_nace_925130,LAB,nace,925130,Arkiver,Arkiver,,raw_lab_nace,medium,danish,LAB_nace_9251,subclass
LAB_nace_514340,LAB,nace,514340,Engroshandel med elektriske husholdningsartikler,Engroshandel med elektriske husholdningsartikler,,raw_lab_nace,medium,danish,LAB_nace_5143,subclass
LAB_nace_747040,LAB,nace,747040,Skorstensfejning,Skorstensfejning,,raw_lab_nace,medium,danish,LAB_nace_7470,subclass
LAB_nace_331030,LAB,nace,331030,Fremstilling af elektrodiagnostiske apparater,Fremstilling af elektrodiagnostiske apparater,,raw_lab_nace,medium,danish,LAB_nace_3310,subclass
LAB_nace_331040,LAB,nace,331040,Fremstilling af inventar til medicinsk og dental brug,Fremstilling af inventar til medicinsk og dental brug,,raw_lab_nace,medium,danish,LAB_nace_3310,subclass
LAB_nace_525090,LAB,nace,525090,Andre forhandlere af brugte varer,Andre forhandlere af brugte varer,,raw_lab_nace,medium,danish,LAB_nace_5250,subclass
LAB_nace_261500,LAB,nace,261500,Fremstilling og bearbejdning af glas i øvrigt,Fremstilling og bearbejdning af glas i øvrigt,,raw_lab_nace,medium,danish,LAB_nace_2615,subclass
LAB_nace_502060,LAB,nace,502060,Dækservice,Dækservice,,raw_lab_nace,medium,danish,LAB_nace_5020,subclass
LAB_nace_295330,LAB,nace,295330,Fremstilling af maskiner til sukkervareindustri samt bagerimaskiner,Fremstilling af maskiner til sukkervareindustri samt bagerimaskiner,,raw_lab_nace,medium,danish,LAB_nace_2953,subclass
LAB_nace_281200,LAB,nace,281200,Fremstilling af døre og vinduer samt rammer hertil af jern og metal,Fremstilling af døre og vinduer samt rammer hertil af jern og metal,,raw_lab_nace,medium,danish,LAB_nace_2812,subclass
LAB_nace_513300,LAB,nace,513300,"Engroshandel med mejeriprodukter, æg, spiseolier og fedtstoffer","Engroshandel med mejeriprodukter, æg, spiseolier og fedtstoffer",,raw_lab_nace,medium,danish,LAB_nace_5133,subclass
LAB_nace_264000,LAB,nace,264000,Teglværker,Teglværker,,raw_lab_nace,medium,danish,LAB_nace_2640,subclass
LAB_nace_851470,LAB,nace,851470,Kiropraktorer,Kiropraktorer,,raw_lab_nace,medium,danish,LAB_nace_8514,subclass
LAB_nace_501030,LAB,nace,501030,Engros- og detailhandel med campingvogne mv.,Engros- og detailhandel med campingvogne mv.,,raw_lab_nace,medium,danish,LAB_nace_5010,subclass
LAB_nace_741300,LAB,nace,741300,Meningsmåling og markedsanalyse,Meningsmåling og markedsanalyse,,raw_lab_nace,medium,danish,LAB_nace_7413,subclass
LAB_nace_361120,LAB,nace,361120,Møbelpolstrervirksomhed,Møbelpolstrervirksomhed,,raw_lab_nace,medium,danish,LAB_nace_3611,subclass
LAB_nace_297200,LAB,nace,297200,Fremstilling af ikke-elektriske husholdningsapparater samt brændeovne,Fremstilling af ikke-elektriske husholdningsapparater samt brændeovne,,raw_lab_nace,medium,danish,LAB_nace_2972,subclass
LAB_nace_372000,LAB,nace,372000,Genbrug af ikke-metalholdige affaldsprodukter,Genbrug af ikke-metalholdige affaldsprodukter,,raw_lab_nace,medium,danish,LAB_nace_3720,subclass
LAB_nace_924000,LAB,nace,924000,Pressebureauer,Pressebureauer,,raw_lab_nace,medium,danish,LAB_nace_9240,subclass
LAB_nace_552390,LAB,nace,552390,Andre faciliteter til korttidsophold,Andre faciliteter til korttidsophold,,raw_lab_nace,medium,danish,LAB_nace_5523,subclass
LAB_nace_182220,LAB,nace,182220,"Fremstilling af jakker, bukser og anden yderbeklædning til herrer og drenge","Fremstilling af jakker, bukser og anden yderbeklædning til herrer og drenge",,raw_lab_nace,medium,danish,LAB_nace_1822,subclass
LAB_nace_252390,LAB,nace,252390,Fremstilling af andre bygningsartikler af plast,Fremstilling af andre bygningsartikler af plast,,raw_lab_nace,medium,danish,LAB_nace_2523,subclass
LAB_nace_524320,LAB,nace,524320,Lædervareforretninger,Lædervareforretninger,,raw_lab_nace,medium,danish,LAB_nace_5243,subclass
LAB_nace_524700,LAB,nace,524700,Bog- og papirhandlere,Bog- og papirhandlere,,raw_lab_nace,medium,danish,LAB_nace_5247,subclass
LAB_nace_241500,LAB,nace,241500,Fremstilling af kunstgødning mv.,Fremstilling af kunstgødning mv.,,raw_lab_nace,medium,danish,LAB_nace_2415,subclass
LAB_nace_632220,LAB,nace,632220,Lystbådehavne,Lystbådehavne,,raw_lab_nace,medium,danish,LAB_nace_6322,subclass
LAB_nace_926220,LAB,nace,926220,Lystbådehavne,Lystbådehavne,,raw_lab_nace,medium,danish,LAB_nace_9262,subclass
LAB_nace_245200,LAB,nace,245200,"Fremstilling af parfume, hårshampoo, tandpasta mv.","Fremstilling af parfume, hårshampoo, tandpasta mv.",,raw_lab_nace,medium,danish,LAB_nace_2452,subclass
LAB_nace_652320,LAB,nace,652320,Investeringsselskaber,Investeringsselskaber,,raw_lab_nace,medium,danish,LAB_nace_6523,subclass
LAB_nace_514715,LAB,nace,514715,Engroshandel med guld- og sølvvarer,Engroshandel med guld- og sølvvarer,,raw_lab_nace,medium,danish,LAB_nace_5147,subclass
LAB_nace_156100,LAB,nace,156100,Fremstilling af mølleriprodukter,Fremstilling af mølleriprodukter,,raw_lab_nace,medium,danish,LAB_nace_1561,subclass
LAB_nace_713200,LAB,nace,713200,Udlejning af entreprenørmateriel,Udlejning af entreprenørmateriel,,raw_lab_nace,medium,danish,LAB_nace_7132,subclass
LAB_nace_287510,LAB,nace,287510,Fremstilling af metalskilte,Fremstilling af metalskilte,,raw_lab_nace,medium,danish,LAB_nace_2875,subclass
LAB_nace_191000,LAB,nace,191000,Garverier,Garverier,,raw_lab_nace,medium,danish,LAB_nace_1910,subclass
LAB_nace_286320,LAB,nace,286320,Fremstilling af metalbeslag,Fremstilling af metalbeslag,,raw_lab_nace,medium,danish,LAB_nace_2863,subclass
LAB_nace_524820,LAB,nace,524820,Specialoptikere,Specialoptikere,,raw_lab_nace,medium,danish,LAB_nace_5248,subclass
LAB_nace_182100,LAB,nace,182100,Fremstilling af arbejdsbeklædning,Fremstilling af arbejdsbeklædning,,raw_lab_nace,medium,danish,LAB_nace_1821,subclass
LAB_nace_159800,LAB,nace,159800,Mineralvandsfabrikker mv.,Mineralvandsfabrikker mv.,,raw_lab_nace,medium,danish,LAB_nace_1598,subclass
LAB_nace_268100,LAB,nace,268100,Fremstilling af slibemidler,Fremstilling af slibemidler,,raw_lab_nace,medium,danish,LAB_nace_2681,subclass
LAB_nace_526290,LAB,nace,526290,Anden detailhandel fra stadepladser og markeder,Anden detailhandel fra stadepladser og markeder,,raw_lab_nace,medium,danish,LAB_nace_5262,subclass
LAB_nace_524835,LAB,nace,524835,Kunsthandel og gallerivirksomhed,Kunsthandel og gallerivirksomhed,,raw_lab_nace,medium,danish,LAB_nace_5248,subclass
LAB_nace_221310,LAB,nace,221310,Udgivelse af ugeblade og magasiner med eget trykkeri,Udgivelse af ugeblade og magasiner med eget trykkeri,,raw_lab_nace,medium,danish,LAB_nace_2213,subclass
LAB_nace_522410,LAB,nace,522410,Brødudsalg,Brødudsalg,,raw_lab_nace,medium,danish,LAB_nace_5224,subclass
LAB_nace_602420,LAB,nace,602420,Flytteforretninger,Flytteforretninger,,raw_lab_nace,medium,danish,LAB_nace_6024,subclass
LAB_nace_660290,LAB,nace,660290,Anden pensionsforsikring,Anden pensionsforsikring,,raw_lab_nace,medium,danish,LAB_nace_6602,subclass
LAB_nace_311010,LAB,nace,311010,Fremstilling af elmotorer og generatorer,Fremstilling af elmotorer og generatorer,,raw_lab_nace,medium,danish,LAB_nace_3110,subclass
LAB_nace_513600,LAB,nace,513600,"Engroshandel med sukker, chokolade og sukkervarer","Engroshandel med sukker, chokolade og sukkervarer",,raw_lab_nace,medium,danish,LAB_nace_5136,subclass
LAB_nace_292230,LAB,nace,292230,Fremstilling af trucks,Fremstilling af trucks,,raw_lab_nace,medium,danish,LAB_nace_2922,subclass
LAB_nace_524530,LAB,nace,524530,Pladeforretninger,Pladeforretninger,,raw_lab_nace,medium,danish,LAB_nace_5245,subclass
LAB_nace_362220,LAB,nace,362220,Guld- og sølvsmedeværksteder samt juvelerer,Guld- og sølvsmedeværksteder samt juvelerer,,raw_lab_nace,medium,danish,LAB_nace_3622,subclass
LAB_nace_725000,LAB,nace,725000,Reparation og vedligeholdelse af kontormaskiner og it-udstyr,Reparation og vedligeholdelse af kontormaskiner og it-udstyr,,raw_lab_nace,medium,danish,LAB_nace_7250,subclass
LAB_nace_155120,LAB,nace,155120,Mælkekondenseringsfabrikker,Mælkekondenseringsfabrikker,,raw_lab_nace,medium,danish,LAB_nace_1551,subclass
LAB_nace_182310,LAB,nace,182310,Skjortefabrikker,Skjortefabrikker,,raw_lab_nace,medium,danish,LAB_nace_1823,subclass
LAB_nace_516420,LAB,nace,516420,Engroshandel med kontormøbler og kontorartikler,Engroshandel med kontormøbler og kontorartikler,,raw_lab_nace,medium,danish,LAB_nace_5164,subclass
LAB_nace_12300,LAB,nace,12300,Svineavl,Svineavl,,raw_lab_nace,medium,danish,LAB_nace_1230,subclass
LAB_nace_111000,LAB,nace,111000,Udvinding af råolie og naturgas,Udvinding af råolie og naturgas,,raw_lab_nace,medium,danish,LAB_nace_1110,subclass
LAB_nace_505020,LAB,nace,505020,Servicestationer med kiosksalg,Servicestationer med kiosksalg,,raw_lab_nace,medium,danish,LAB_nace_5050,subclass
LAB_nace_193010,LAB,nace,193010,Skotøjsfabrikker,Skotøjsfabrikker,,raw_lab_nace,medium,danish,LAB_nace_1930,subclass
LAB_nace_524310,LAB,nace,524310,Skotøjsforretninger,Skotøjsforretninger,,raw_lab_nace,medium,danish,LAB_nace_5243,subclass
LAB_nace_454320,LAB,nace,454320,Gulvafhøvling og gulvafslibning,Gulvafhøvling og gulvafslibning,,raw_lab_nace,medium,danish,LAB_nace_4543,subclass
LAB_nace_402000,LAB,nace,402000,Gasforsyning,Gasforsyning,,raw_lab_nace,medium,danish,LAB_nace_4020,subclass
LAB_nace_402100,LAB,nace,402100,Fremstilling af gas,Fremstilling af gas,,raw_lab_nace,medium,danish,LAB_nace_4021,subclass
LAB_nace_504000,LAB,nace,504000,"Engros- og detailhandel med motorcykler, reservedele og tilbehør samt reparation og vedligeholdelse heraf","Engros- og detailhandel med motorcykler, reservedele og tilbehør samt reparation og vedligeholdelse heraf",,raw_lab_nace,medium,danish,LAB_nace_5040,subclass
LAB_nace_514750,LAB,nace,514750,"Engroshandel med kufferter, lædervarer og kunsthåndværk","Engroshandel med kufferter, lædervarer og kunsthåndværk",,raw_lab_nace,medium,danish,LAB_nace_5147,subclass
LAB_nace_300200,LAB,nace,300200,Fremstilling af edb-maskiner og andet edb-udstyr,Fremstilling af edb-maskiner og andet edb-udstyr,,raw_lab_nace,medium,danish,LAB_nace_3002,subclass
LAB_nace_524430,LAB,nace,524430,Boligtekstilforretninger,Boligtekstilforretninger,,raw_lab_nace,medium,danish,LAB_nace_5244,subclass
LAB_nace_355000,LAB,nace,355000,Fremstilling af andre transportmidler i øvrigt,Fremstilling af andre transportmidler i øvrigt,,raw_lab_nace,medium,danish,LAB_nace_3550,subclass
LAB_nace_552100,LAB,nace,552100,Vandrehjem,Vandrehjem,,raw_lab_nace,medium,danish,LAB_nace_5521,subclass
LAB_nace_748110,LAB,nace,748110,Fotografer,Fotografer,,raw_lab_nace,medium,danish,LAB_nace_7481,subclass
LAB_nace_513700,LAB,nace,513700,"Engroshandel med kaffe, te, kakao og krydderier","Engroshandel med kaffe, te, kakao og krydderier",,raw_lab_nace,medium,danish,LAB_nace_5137,subclass
LAB_nace_925120,LAB,nace,925120,Forsknings- og universitetsbiblioteker,Forsknings- og universitetsbiblioteker,,raw_lab_nace,medium,danish,LAB_nace_9251,subclass
LAB_nace_156200,LAB,nace,156200,Fremstilling af stivelse og stivelsesprodukter,Fremstilling af stivelse og stivelsesprodukter,,raw_lab_nace,medium,danish,LAB_nace_1562,subclass
LAB_nace_652340,LAB,nace,652340,Finansielle holdingselskaber,Finansielle holdingselskaber,,raw_lab_nace,medium,danish,LAB_nace_6523,subclass
LAB_nace_926290,LAB,nace,926290,Andre aktiviteter i forbindelse med sport i øvrigt,Andre aktiviteter i forbindelse med sport i øvrigt,,raw_lab_nace,medium,danish,LAB_nace_9262,subclass
LAB_nace_514500,LAB,nace,514500,Engroshandel med toiletartikler og parfumerivarer,Engroshandel med toiletartikler og parfumerivarer,,raw_lab_nace,medium,danish,LAB_nace_5145,subclass
LAB_nace_334010,LAB,nace,334010,Fremstilling af brilleglas og optiske instrumenter mv.,Fremstilling af brilleglas og optiske instrumenter mv.,,raw_lab_nace,medium,danish,LAB_nace_3340,subclass
LAB_nace_514330,LAB,nace,514330,"Engroshandel med indspillede og uindspillede videobånd, cd'er, dvd'er mv.","Engroshandel med indspillede og uindspillede videobånd, cd'er, dvd'er mv.",,raw_lab_nace,medium,danish,LAB_nace_5143,subclass
LAB_nace_292410,LAB,nace,292410,Vægtfabrikker,Vægtfabrikker,,raw_lab_nace,medium,danish,LAB_nace_2924,subclass
LAB_nace_522720,LAB,nace,522720,Chokolade- og konfektureforretninger,Chokolade- og konfektureforretninger,,raw_lab_nace,medium,danish,LAB_nace_5227,subclass
LAB_nace_921200,LAB,nace,921200,Film- og videoformidling,Film- og videoformidling,,raw_lab_nace,medium,danish,LAB_nace_9212,subclass
LAB_nace_295500,LAB,nace,295500,Fremstilling af maskiner til papir- og papindustri,Fremstilling af maskiner til papir- og papindustri,,raw_lab_nace,medium,danish,LAB_nace_2955,subclass
LAB_nace_524850,LAB,nace,524850,Legetøjsforretninger,Legetøjsforretninger,,raw_lab_nace,medium,danish,LAB_nace_5248,subclass
LAB_nace_295100,LAB,nace,295100,Fremstilling af maskiner til metalindustri,Fremstilling af maskiner til metalindustri,,raw_lab_nace,medium,danish,LAB_nace_2951,subclass
LAB_nace_502030,LAB,nace,502030,Autoelektrikere,Autoelektrikere,,raw_lab_nace,medium,danish,LAB_nace_5020,subclass
LAB_nace_274400,LAB,nace,274400,Fremstilling og første bearbejdning af kobber,Fremstilling og første bearbejdning af kobber,,raw_lab_nace,medium,danish,LAB_nace_2744,subclass
LAB_nace_672010,LAB,nace,672010,Forsikringsagenturer,Forsikringsagenturer,,raw_lab_nace,medium,danish,LAB_nace_6720,subclass
LAB_nace_274300,LAB,nace,274300,"Fremstilling og første bearbejdning af bly, zink og tin","Fremstilling og første bearbejdning af bly, zink og tin",,raw_lab_nace,medium,danish,LAB_nace_2743,subclass
LAB_nace_262500,LAB,nace,262500,Fremstilling af andre keramiske produkter,Fremstilling af andre keramiske produkter,,raw_lab_nace,medium,danish,LAB_nace_2625,subclass
LAB_nace_642020,LAB,nace,642020,Udbydere af trådløs kommunikation,Udbydere af trådløs kommunikation,,raw_lab_nace,medium,danish,LAB_nace_6420,subclass
LAB_nace_316220,LAB,nace,316220,Elektromekaniske værksteder,Elektromekaniske værksteder,,raw_lab_nace,medium,danish,LAB_nace_3162,subclass
LAB_nace_145000,LAB,nace,145000,Anden råstofudvinding i øvrigt,Anden råstofudvinding i øvrigt,,raw_lab_nace,medium,danish,LAB_nace_1450,subclass
LAB_nace_268290,LAB,nace,268290,Fremstilling af andre ikke-metalholdige mineralske produkter i øvrigt,Fremstilling af andre ikke-metalholdige mineralske produkter i øvrigt,,raw_lab_nace,medium,danish,LAB_nace_2682,subclass
LAB_nace_515610,LAB,nace,515610,Engroshandel med emballageartikler,Engroshandel med emballageartikler,,raw_lab_nace,medium,danish,LAB_nace_5156,subclass
LAB_nace_518500,LAB,nace,518500,Engroshandel med kontormaskiner og kontorudstyr,Engroshandel med kontormaskiner og kontorudstyr,,raw_lab_nace,medium,danish,LAB_nace_5185,subclass
LAB_nace_294200,LAB,nace,294200,Fremstilling af andre værktøjsmaskiner til metalforarbejdning,Fremstilling af andre værktøjsmaskiner til metalforarbejdning,,raw_lab_nace,medium,danish,LAB_nace_2942,subclass
LAB_nace_518710,LAB,nace,518710,Engroshandel med el-installationsmateriel,Engroshandel med el-installationsmateriel,,raw_lab_nace,medium,danish,LAB_nace_5187,subclass
LAB_nace_314000,LAB,nace,314000,Akkumulator- og tørelementfabrikker,Akkumulator- og tørelementfabrikker,,raw_lab_nace,medium,danish,LAB_nace_3140,subclass
LAB_nace_153200,LAB,nace,153200,Fremstilling af frugt- og grønsagssaft,Fremstilling af frugt- og grønsagssaft,,raw_lab_nace,medium,danish,LAB_nace_1532,subclass
LAB_nace_713400,LAB,nace,713400,Udlejning af maskiner og udstyr i øvrigt,Udlejning af maskiner og udstyr i øvrigt,,raw_lab_nace,medium,danish,LAB_nace_7134,subclass
LAB_nace_222420,LAB,nace,222420,Sætterier,Sætterier,,raw_lab_nace,medium,danish,LAB_nace_2224,subclass
LAB_nace_514620,LAB,nace,514620,Engroshandel med læge- og hospitalsartikler,Engroshandel med læge- og hospitalsartikler,,raw_lab_nace,medium,danish,LAB_nace_5146,subclass
LAB_nace_514735,LAB,nace,514735,"Engroshandel med sportsartikler, campingudstyr og lystbåde","Engroshandel med sportsartikler, campingudstyr og lystbåde",,raw_lab_nace,medium,danish,LAB_nace_5147,subclass
LAB_nace_802240,LAB,nace,802240,Skoler med landbrugs- og levnedsmiddeluddannelser,Skoler med landbrugs- og levnedsmiddeluddannelser,,raw_lab_nace,medium,danish,LAB_nace_8022,subclass
LAB_nace_454420,LAB,nace,454420,Glarmesterforretninger,Glarmesterforretninger,,raw_lab_nace,medium,danish,LAB_nace_4544,subclass
LAB_nace_312090,LAB,nace,312090,"Fremstilling af elektriske afbrydere, relæer, sikringer mv.","Fremstilling af elektriske afbrydere, relæer, sikringer mv.",,raw_lab_nace,medium,danish,LAB_nace_3120,subclass
LAB_nace_748600,LAB,nace,748600,Call centres virksomhed,Call centres virksomhed,,raw_lab_nace,medium,danish,LAB_nace_7486,subclass
LAB_nace_714010,LAB,nace,714010,Udlejning af videobånd og dvd'er,Udlejning af videobånd og dvd'er,,raw_lab_nace,medium,danish,LAB_nace_7140,subclass
LAB_nace_524520,LAB,nace,524520,Radio- og tv-forretninger,Radio- og tv-forretninger,,raw_lab_nace,medium,danish,LAB_nace_5245,subclass
LAB_nace_334090,LAB,nace,334090,Fremstilling af fotografisk og kinematografisk udstyr i øvrigt,Fremstilling af fotografisk og kinematografisk udstyr i øvrigt,,raw_lab_nace,medium,danish,LAB_nace_3340,subclass
LAB_nace_291400,LAB,nace,291400,"Fremstilling af aksler, lejer og udvekslinger","Fremstilling af aksler, lejer og udvekslinger",,raw_lab_nace,medium,danish,LAB_nace_2914,subclass
LAB_nace_602120,LAB,nace,602120,"S-togstrafik, metro og anden sporbaseret trafik","S-togstrafik, metro og anden sporbaseret trafik",,raw_lab_nace,medium,danish,LAB_nace_6021,subclass
LAB_nace_332020,LAB,nace,332020,"Fremstilling af apparater til måling af forbrug, tryk mv. i væsker og gasser","Fremstilling af apparater til måling af forbrug, tryk mv. i væsker og gasser",,raw_lab_nace,medium,danish,LAB_nace_3320,subclass
LAB_nace_402200,LAB,nace,402200,Distribution af og handel med gas gennem rørledninger,Distribution af og handel med gas gennem rørledninger,,raw_lab_nace,medium,danish,LAB_nace_4022,subclass
LAB_nace_923110,LAB,nace,923110,Teater- og koncertvirksomhed,Teater- og koncertvirksomhed,,raw_lab_nace,medium,danish,LAB_nace_9231,subclass
LAB_nace_524845,LAB,nace,524845,Sportsforretninger,Sportsforretninger,,raw_lab_nace,medium,danish,LAB_nace_5248,subclass
LAB_nace_652295,LAB,nace,652295,Anden udlånsvirksomhed,Anden udlånsvirksomhed,,raw_lab_nace,medium,danish,LAB_nace_6522,subclass
LAB_nace_748120,LAB,nace,748120,Fotolaboratorier,Fotolaboratorier,,raw_lab_nace,medium,danish,LAB_nace_7481,subclass
LAB_nace_518420,LAB,nace,518420,Engroshandel med telekommunikationsudstyr,Engroshandel med telekommunikationsudstyr,,raw_lab_nace,medium,danish,LAB_nace_5184,subclass
LAB_nace_511100,LAB,nace,511100,"Agenturhandel med råvarer til landbruget, landbrugsprodukter, levende dyr, tekstilmaterialer og halvfabrikata","Agenturhandel med råvarer til landbruget, landbrugsprodukter, levende dyr, tekstilmaterialer og halvfabrikata",,raw_lab_nace,medium,danish,LAB_nace_5111,subclass
LAB_nace_853190,LAB,nace,853190,Andre sociale foranstaltninger omfattende institutionsophold,Andre sociale foranstaltninger omfattende institutionsophold,,raw_lab_nace,medium,danish,LAB_nace_8531,subclass
LAB_nace_222400,LAB,nace,222400,Prepress-arbejde,Prepress-arbejde,,raw_lab_nace,medium,danish,LAB_nace_2224,subclass
LAB_nace_513890,LAB,nace,513890,Anden specialiseret engroshandel med nærings- og nydelsesmidler,Anden specialiseret engroshandel med nærings- og nydelsesmidler,,raw_lab_nace,medium,danish,LAB_nace_5138,subclass
LAB_nace_252130,LAB,nace,252130,Fremstilling af stænger og profiler af plast,Fremstilling af stænger og profiler af plast,,raw_lab_nace,medium,danish,LAB_nace_2521,subclass
LAB_nace_287400,LAB,nace,287400,"Fremstilling af bolte, skruer, møtrikker, kæder og fjedre","Fremstilling af bolte, skruer, møtrikker, kæder og fjedre",,raw_lab_nace,medium,danish,LAB_nace_2874,subclass
LAB_nace_652260,LAB,nace,652260,Finansieringsselskaber,Finansieringsselskaber,,raw_lab_nace,medium,danish,LAB_nace_6522,subclass
LAB_nace_748410,LAB,nace,748410,Indretningsarkitekter,Indretningsarkitekter,,raw_lab_nace,medium,danish,LAB_nace_7484,subclass
LAB_nace_202000,LAB,nace,202000,"Fremstilling af krydsfiner, spånplader mv.","Fremstilling af krydsfiner, spånplader mv.",,raw_lab_nace,medium,danish,LAB_nace_2020,subclass
LAB_nace_212200,LAB,nace,212200,Fremstilling af husholdnings- og toiletartikler af papir og pap,Fremstilling af husholdnings- og toiletartikler af papir og pap,,raw_lab_nace,medium,danish,LAB_nace_2122,subclass
LAB_nace_160000,LAB,nace,160000,Tobaksindustri,Tobaksindustri,,raw_lab_nace,medium,danish,LAB_nace_1600,subclass
LAB_nace_252420,LAB,nace,252420,Fremstilling af bordservice og køkkenudstyr af plast,Fremstilling af bordservice og køkkenudstyr af plast,,raw_lab_nace,medium,danish,LAB_nace_2524,subclass
LAB_nace_292290,LAB,nace,292290,Fremstilling af andet håndteringsudstyr,Fremstilling af andet håndteringsudstyr,,raw_lab_nace,medium,danish,LAB_nace_2922,subclass
LAB_nace_353000,LAB,nace,353000,Flyfabrikker og -værksteder,Flyfabrikker og -værksteder,,raw_lab_nace,medium,danish,LAB_nace_3530,subclass
LAB_nace_900210,LAB,nace,900210,Indsamling af affald,Indsamling af affald,,raw_lab_nace,medium,danish,LAB_nace_9002,subclass
LAB_nace_251200,LAB,nace,251200,Vulkaniseringsanstalter,Vulkaniseringsanstalter,,raw_lab_nace,medium,danish,LAB_nace_2512,subclass
LAB_nace_748590,LAB,nace,748590,Anden kontorservice,Anden kontorservice,,raw_lab_nace,medium,danish,LAB_nace_7485,subclass
LAB_nace_155200,LAB,nace,155200,Fremstilling af konsumis,Fremstilling af konsumis,,raw_lab_nace,medium,danish,LAB_nace_1552,subclass
LAB_nace_634010,LAB,nace,634010,Skibsmæglervirksomhed,Skibsmæglervirksomhed,,raw_lab_nace,medium,danish,LAB_nace_6340,subclass
LAB_nace_851490,LAB,nace,851490,"Kuranstalter, naturlæger mv.","Kuranstalter, naturlæger mv.",,raw_lab_nace,medium,danish,LAB_nace_8514,subclass
LAB_nace_524865,LAB,nace,524865,"Detailhandel med pc'er, kontormaskiner og standardsoftware","Detailhandel med pc'er, kontormaskiner og standardsoftware",,raw_lab_nace,medium,danish,LAB_nace_5248,subclass
LAB_nace_524880,LAB,nace,524880,Planteforhandlere og havecentre,Planteforhandlere og havecentre,,raw_lab_nace,medium,danish,LAB_nace_5248,subclass
LAB_nace_518200,LAB,nace,518200,"Engroshandel med maskiner, udstyr og tilbehør til bygge- og anlægsvirksomhed","Engroshandel med maskiner, udstyr og tilbehør til bygge- og anlægsvirksomhed",,raw_lab_nace,medium,danish,LAB_nace_5182,subclass
LAB_nace_516200,LAB,nace,516200,"Engroshandel med maskiner, udstyr og tilbehør til bygge- og anlægsvirksomhed","Engroshandel med maskiner, udstyr og tilbehør til bygge- og anlægsvirksomhed",,raw_lab_nace,medium,danish,LAB_nace_5162,subclass
LAB_nace_452590,LAB,nace,452590,"Bygge- og anlægsvirksomhed, som kræver specialisering i øvrigt","Bygge- og anlægsvirksomhed, som kræver specialisering i øvrigt",,raw_lab_nace,medium,danish,LAB_nace_4525,subclass
LAB_nace_455000,LAB,nace,455000,Udlejning af entreprenørmateriel med betjeningspersonale,Udlejning af entreprenørmateriel med betjeningspersonale,,raw_lab_nace,medium,danish,LAB_nace_4550,subclass
LAB_nace_292430,LAB,nace,292430,"Fremstilling af højtryksrensere, ildslukkere, sandblæsere mv.","Fremstilling af højtryksrensere, ildslukkere, sandblæsere mv.",,raw_lab_nace,medium,danish,LAB_nace_2924,subclass
LAB_nace_175220,LAB,nace,175220,Fiskenetfabrikker (vodbindere),Fiskenetfabrikker (vodbindere),,raw_lab_nace,medium,danish,LAB_nace_1752,subclass
LAB_nace_287100,LAB,nace,287100,Fremstilling af metaltønder og lignende beholdere,Fremstilling af metaltønder og lignende beholdere,,raw_lab_nace,medium,danish,LAB_nace_2871,subclass
LAB_nace_851480,LAB,nace,851480,Fodplejere,Fodplejere,,raw_lab_nace,medium,danish,LAB_nace_8514,subclass
LAB_nace_151140,LAB,nace,151140,Destruktionsanstalter og benmelsfabrikker,Destruktionsanstalter og benmelsfabrikker,,raw_lab_nace,medium,danish,LAB_nace_1511,subclass
LAB_nace_652310,LAB,nace,652310,Investeringsforeninger,Investeringsforeninger,,raw_lab_nace,medium,danish,LAB_nace_6523,subclass
LAB_nace_752100,LAB,nace,752100,Udenrigsanliggender,Udenrigsanliggender,,raw_lab_nace,medium,danish,LAB_nace_7521,subclass
LAB_nace_12520,LAB,nace,12520,Biavl,Biavl,,raw_lab_nace,medium,danish,LAB_nace_1252,subclass
LAB_nace_11220,LAB,nace,11220,Planteskoler,Planteskoler,,raw_lab_nace,medium,danish,LAB_nace_1122,subclass
LAB_nace_525020,LAB,nace,525020,Antikvitetsforretninger,Antikvitetsforretninger,,raw_lab_nace,medium,danish,LAB_nace_5250,subclass
LAB_nace_703120,LAB,nace,703120,Boliganvisning,Boliganvisning,,raw_lab_nace,medium,danish,LAB_nace_7031,subclass
LAB_nace_512300,LAB,nace,512300,Engroshandel med levende dyr,Engroshandel med levende dyr,,raw_lab_nace,medium,danish,LAB_nace_5123,subclass
LAB_nace_293240,LAB,nace,293240,"Reparation af maskiner til land-, have- og skovbrug","Reparation af maskiner til land-, have- og skovbrug",,raw_lab_nace,medium,danish,LAB_nace_2932,subclass
LAB_nace_524855,LAB,nace,524855,Forhandlere af lystbåde og udstyr hertil,Forhandlere af lystbåde og udstyr hertil,,raw_lab_nace,medium,danish,LAB_nace_5248,subclass
LAB_nace_633010,LAB,nace,633010,Turistbureauer,Turistbureauer,,raw_lab_nace,medium,danish,LAB_nace_6330,subclass
LAB_nace_354300,LAB,nace,354300,Fremstilling af invalidekøretøjer,Fremstilling af invalidekøretøjer,,raw_lab_nace,medium,danish,LAB_nace_3543,subclass
LAB_nace_524240,LAB,nace,524240,Babyudstyrs- og børnetøjsforretninger,Babyudstyrs- og børnetøjsforretninger,,raw_lab_nace,medium,danish,LAB_nace_5242,subclass
LAB_nace_514710,LAB,nace,514710,Engroshandel med tæpper,Engroshandel med tæpper,,raw_lab_nace,medium,danish,LAB_nace_5147,subclass
LAB_nace_514740,LAB,nace,514740,Engroshandel med legetøj og spil,Engroshandel med legetøj og spil,,raw_lab_nace,medium,danish,LAB_nace_5147,subclass
LAB_nace_332010,LAB,nace,332010,Fremstilling af navigationsudstyr,Fremstilling af navigationsudstyr,,raw_lab_nace,medium,danish,LAB_nace_3320,subclass
LAB_nace_526100,LAB,nace,526100,Detailhandel fra postordreforretninger,Detailhandel fra postordreforretninger,,raw_lab_nace,medium,danish,LAB_nace_5261,subclass
LAB_nace_266200,LAB,nace,266200,Fremstilling af byggematerialer af gips,Fremstilling af byggematerialer af gips,,raw_lab_nace,medium,danish,LAB_nace_2662,subclass
LAB_nace_175300,LAB,nace,175300,Fremstilling af fiberdug og varer heraf undtagen beklædningsartikler,Fremstilling af fiberdug og varer heraf undtagen beklædningsartikler,,raw_lab_nace,medium,danish,LAB_nace_1753,subclass
LAB_nace_295210,LAB,nace,295210,"Fremstilling af maskiner til fremstilling af mørtel, cement, beton og betonvarer","Fremstilling af maskiner til fremstilling af mørtel, cement, beton og betonvarer",,raw_lab_nace,medium,danish,LAB_nace_2952,subclass
LAB_nace_930500,LAB,nace,930500,Anden servicevirksomhed i øvrigt,Anden servicevirksomhed i øvrigt,,raw_lab_nace,medium,danish,LAB_nace_9305,subclass
LAB_nace_292490,LAB,nace,292490,"Fremstilling af salgsautomater, varmevekslere, centrifuger mv.","Fremstilling af salgsautomater, varmevekslere, centrifuger mv.",,raw_lab_nace,medium,danish,LAB_nace_2924,subclass
LAB_nace_514730,LAB,nace,514730,Engroshandel med cykler og knallerter,Engroshandel med cykler og knallerter,,raw_lab_nace,medium,danish,LAB_nace_5147,subclass
LAB_nace_851420,LAB,nace,851420,Jordemødre og jordemodercentre,Jordemødre og jordemodercentre,,raw_lab_nace,medium,danish,LAB_nace_8514,subclass
LAB_nace_514410,LAB,nace,514410,Engroshandel med porcelæns- og glasvarer,Engroshandel med porcelæns- og glasvarer,,raw_lab_nace,medium,danish,LAB_nace_5144,subclass
LAB_nace_634090,LAB,nace,634090,Andre tjenesteydelser i forbindelse med transport,Andre tjenesteydelser i forbindelse med transport,,raw_lab_nace,medium,danish,LAB_nace_6340,subclass
LAB_nace_454500,LAB,nace,454500,Andet færdiggørelsesarbejde i øvrigt,Andet færdiggørelsesarbejde i øvrigt,,raw_lab_nace,medium,danish,LAB_nace_4545,subclass
LAB_nace_291190,LAB,nace,291190,Fremstilling af andre motorer og turbiner,Fremstilling af andre motorer og turbiner,,raw_lab_nace,medium,danish,LAB_nace_2911,subclass
LAB_nace_748720,LAB,nace,748720,Formgivning og industrielt design,Formgivning og industrielt design,,raw_lab_nace,medium,danish,LAB_nace_7487,subclass
LAB_nace_748420,LAB,nace,748420,Formgivning og industrielt design,Formgivning og industrielt design,,raw_lab_nace,medium,danish,LAB_nace_7484,subclass
LAB_nace_267000,LAB,nace,267000,Stenhuggere,Stenhuggere,,raw_lab_nace,medium,danish,LAB_nace_2670,subclass
LAB_nace_502090,LAB,nace,502090,Autoservice i øvrigt,Autoservice i øvrigt,,raw_lab_nace,medium,danish,LAB_nace_5020,subclass
LAB_nace_701200,LAB,nace,701200,Køb og salg af fast ejendom for egen regning,Køb og salg af fast ejendom for egen regning,,raw_lab_nace,medium,danish,LAB_nace_7012,subclass
LAB_nace_295320,LAB,nace,295320,Fremstilling af maskiner og apparater til behandling af korn,Fremstilling af maskiner og apparater til behandling af korn,,raw_lab_nace,medium,danish,LAB_nace_2953,subclass
LAB_nace_712190,LAB,nace,712190,Udlejning af lastbiler og andet materiel til landtransport,Udlejning af lastbiler og andet materiel til landtransport,,raw_lab_nace,medium,danish,LAB_nace_7121,subclass
LAB_nace_515320,LAB,nace,515320,"Engroshandel med lak, maling, tapet, malerpensler mv.","Engroshandel med lak, maling, tapet, malerpensler mv.",,raw_lab_nace,medium,danish,LAB_nace_5153,subclass
LAB_nace_502020,LAB,nace,502020,Karosseriværksteder (pladesmede),Karosseriværksteder (pladesmede),,raw_lab_nace,medium,danish,LAB_nace_5020,subclass
LAB_nace_748440,LAB,nace,748440,"Kongres-, messe- og udstillingsaktiviteter","Kongres-, messe- og udstillingsaktiviteter",,raw_lab_nace,medium,danish,LAB_nace_7484,subclass
LAB_nace_453200,LAB,nace,453200,Isoleringsvirksomhed,Isoleringsvirksomhed,,raw_lab_nace,medium,danish,LAB_nace_4532,subclass
LAB_nace_748710,LAB,nace,748710,Indretningsarkitekter,Indretningsarkitekter,,raw_lab_nace,medium,danish,LAB_nace_7487,subclass
LAB_nace_921300,LAB,nace,921300,Biografer,Biografer,,raw_lab_nace,medium,danish,LAB_nace_9213,subclass
LAB_nace_802270,LAB,nace,802270,Politi- og forsvarsskoler,Politi- og forsvarsskoler,,raw_lab_nace,medium,danish,LAB_nace_8022,subclass
LAB_nace_524810,LAB,nace,524810,Urmager- og guldsmedeforretninger,Urmager- og guldsmedeforretninger,,raw_lab_nace,medium,danish,LAB_nace_5248,subclass
LAB_nace_524805,LAB,nace,524805,Urmagerforretninger,Urmagerforretninger,,raw_lab_nace,medium,danish,LAB_nace_5248,subclass
LAB_nace_262400,LAB,nace,262400,Fremstilling af andre keramiske produkter til teknisk brug,Fremstilling af andre keramiske produkter til teknisk brug,,raw_lab_nace,medium,danish,LAB_nace_2624,subclass
LAB_nace_192000,LAB,nace,192000,"Fremstilling af tasker, kufferter mv.","Fremstilling af tasker, kufferter mv.",,raw_lab_nace,medium,danish,LAB_nace_1920,subclass
LAB_nace_266400,LAB,nace,266400,Mørtelværker,Mørtelværker,,raw_lab_nace,medium,danish,LAB_nace_2664,subclass
LAB_nace_511300,LAB,nace,511300,Agenturhandel med tømmer og andre byggematerialer,Agenturhandel med tømmer og andre byggematerialer,,raw_lab_nace,medium,danish,LAB_nace_5113,subclass
LAB_nace_516300,LAB,nace,516300,"Engroshandel med maskiner, udstyr og tilbehør til tekstilindustrien","Engroshandel med maskiner, udstyr og tilbehør til tekstilindustrien",,raw_lab_nace,medium,danish,LAB_nace_5163,subclass
LAB_nace_141110,LAB,nace,141110,Stenbrud,Stenbrud,,raw_lab_nace,medium,danish,LAB_nace_1411,subclass
LAB_nace_221400,LAB,nace,221400,Udgivelse af lydoptagelser,Udgivelse af lydoptagelser,,raw_lab_nace,medium,danish,LAB_nace_2214,subclass
LAB_nace_514720,LAB,nace,514720,Engroshandel med ure og optik,Engroshandel med ure og optik,,raw_lab_nace,medium,danish,LAB_nace_5147,subclass
LAB_nace_913200,LAB,nace,913200,Politiske partier,Politiske partier,,raw_lab_nace,medium,danish,LAB_nace_9132,subclass
LAB_nace_502040,LAB,nace,502040,Undervognsbehandling,Undervognsbehandling,,raw_lab_nace,medium,danish,LAB_nace_5020,subclass
LAB_nace_511200,LAB,nace,511200,"Agenturhandel med brændstoffer, malme, metaller og kemiske produkter til industrien","Agenturhandel med brændstoffer, malme, metaller og kemiske produkter til industrien",,raw_lab_nace,medium,danish,LAB_nace_5112,subclass
LAB_nace_633040,LAB,nace,633040,Turistguidevirksomhed,Turistguidevirksomhed,,raw_lab_nace,medium,danish,LAB_nace_6330,subclass
LAB_nace_622020,LAB,nace,622020,Charterflyvning med gods,Charterflyvning med gods,,raw_lab_nace,medium,danish,LAB_nace_6220,subclass
LAB_nace_311020,LAB,nace,311020,Fremstilling af generatorsæt med forbrændingsmotor mv.,Fremstilling af generatorsæt med forbrændingsmotor mv.,,raw_lab_nace,medium,danish,LAB_nace_3110,subclass
LAB_nace_622030,LAB,nace,622030,Taxiflyvning mv.,Taxiflyvning mv.,,raw_lab_nace,medium,danish,LAB_nace_6220,subclass
LAB_nace_523310,LAB,nace,523310,Parfumerier,Parfumerier,,raw_lab_nace,medium,danish,LAB_nace_5233,subclass
LAB_nace_923400,LAB,nace,923400,Anden forlystelsesvirksomhed i øvrigt,Anden forlystelsesvirksomhed i øvrigt,,raw_lab_nace,medium,danish,LAB_nace_9234,subclass
LAB_nace_201020,LAB,nace,201020,Træimprægneringsvirksomheder mv.,Træimprægneringsvirksomheder mv.,,raw_lab_nace,medium,danish,LAB_nace_2010,subclass
LAB_nace_851450,LAB,nace,851450,Lægelaboratorier,Lægelaboratorier,,raw_lab_nace,medium,danish,LAB_nace_8514,subclass
LAB_nace_366200,LAB,nace,366200,Børstefabrikker,Børstefabrikker,,raw_lab_nace,medium,danish,LAB_nace_3662,subclass
LAB_nace_363000,LAB,nace,363000,Fremstilling af musikinstrumenter,Fremstilling af musikinstrumenter,,raw_lab_nace,medium,danish,LAB_nace_3630,subclass
LAB_nace_242000,LAB,nace,242000,Fremstilling af pesticider og andre agrokemiske produkter,Fremstilling af pesticider og andre agrokemiske produkter,,raw_lab_nace,medium,danish,LAB_nace_2420,subclass
LAB_nace_913310,LAB,nace,913310,Lejerforeninger,Lejerforeninger,,raw_lab_nace,medium,danish,LAB_nace_9133,subclass
LAB_nace_287300,LAB,nace,287300,Fremstilling af trådvarer,Fremstilling af trådvarer,,raw_lab_nace,medium,danish,LAB_nace_2873,subclass
LAB_nace_851320,LAB,nace,851320,Praktiserende tandteknikere,Praktiserende tandteknikere,,raw_lab_nace,medium,danish,LAB_nace_8513,subclass
LAB_nace_316100,LAB,nace,316100,Fremstilling af andet elektrisk udstyr til motorer og køretøjer i.a.n.,Fremstilling af andet elektrisk udstyr til motorer og køretøjer i.a.n.,,raw_lab_nace,medium,danish,LAB_nace_3161,subclass
LAB_nace_241100,LAB,nace,241100,Fremstilling af industrigasser,Fremstilling af industrigasser,,raw_lab_nace,medium,danish,LAB_nace_2411,subclass
LAB_nace_364000,LAB,nace,364000,Fremstilling af sportsrekvistitter,Fremstilling af sportsrekvistitter,,raw_lab_nace,medium,danish,LAB_nace_3640,subclass
LAB_nace_742080,LAB,nace,742080,Patentbureauer,Patentbureauer,,raw_lab_nace,medium,danish,LAB_nace_7420,subclass
LAB_nace_851460,LAB,nace,851460,Bedriftssundhedstjenesten,Bedriftssundhedstjenesten,,raw_lab_nace,medium,danish,LAB_nace_8514,subclass
LAB_nace_361500,LAB,nace,361500,Madrasfabrikker,Madrasfabrikker,,raw_lab_nace,medium,danish,LAB_nace_3615,subclass
LAB_nace_554020,LAB,nace,554020,Diskoteker og natklubber,Diskoteker og natklubber,,raw_lab_nace,medium,danish,LAB_nace_5540,subclass
LAB_nace_524825,LAB,nace,524825,Fotoforretninger,Fotoforretninger,,raw_lab_nace,medium,danish,LAB_nace_5248,subclass
LAB_nace_552310,LAB,nace,552310,Feriecentre,Feriecentre,,raw_lab_nace,medium,danish,LAB_nace_5523,subclass
LAB_nace_12210,LAB,nace,12210,Stutterier,Stutterier,,raw_lab_nace,medium,danish,LAB_nace_1221,subclass
LAB_nace_361490,LAB,nace,361490,"Møbellakererier, afsyring af møbler mv.","Møbellakererier, afsyring af møbler mv.",,raw_lab_nace,medium,danish,LAB_nace_3614,subclass
LAB_nace_182390,LAB,nace,182390,Fremstilling af anden underbeklædning,Fremstilling af anden underbeklædning,,raw_lab_nace,medium,danish,LAB_nace_1823,subclass
LAB_nace_713310,LAB,nace,713310,Udlejning af edb-maskiner og edb-udstyr,Udlejning af edb-maskiner og edb-udstyr,,raw_lab_nace,medium,danish,LAB_nace_7133,subclass
LAB_nace_742060,LAB,nace,742060,Geologiske undersøgelser og prospektering,Geologiske undersøgelser og prospektering,,raw_lab_nace,medium,danish,LAB_nace_7420,subclass
LAB_nace_12190,LAB,nace,12190,Anden kvægavl,Anden kvægavl,,raw_lab_nace,medium,danish,LAB_nace_1219,subclass
LAB_nace_176000,LAB,nace,176000,Fremstilling af trikotagestoffer,Fremstilling af trikotagestoffer,,raw_lab_nace,medium,danish,LAB_nace_1760,subclass
LAB_nace_295340,LAB,nace,295340,"Fremstilling af maskiner til forarbejdning af kød, fjerkræ, fisk og skaldyr","Fremstilling af maskiner til forarbejdning af kød, fjerkræ, fisk og skaldyr",,raw_lab_nace,medium,danish,LAB_nace_2953,subclass
LAB_nace_743030,LAB,nace,743030,Miljøtekniske målinger og analyser,Miljøtekniske målinger og analyser,,raw_lab_nace,medium,danish,LAB_nace_7430,subclass
LAB_nace_748310,LAB,nace,748310,Adresseringsbureauer,Adresseringsbureauer,,raw_lab_nace,medium,danish,LAB_nace_7483,subclass
LAB_nace_316210,LAB,nace,316210,Fremstilling af elektrisk trafikreguleringsudstyr,Fremstilling af elektrisk trafikreguleringsudstyr,,raw_lab_nace,medium,danish,LAB_nace_3162,subclass
LAB_nace_50200,LAB,nace,50200,Dambrug og fiskeavl,Dambrug og fiskeavl,,raw_lab_nace,medium,danish,LAB_nace_5020,subclass
LAB_nace_511400,LAB,nace,511400,"Agenturhandel med maskiner, teknisk udstyr, skibe samt flyvemaskiner","Agenturhandel med maskiner, teknisk udstyr, skibe samt flyvemaskiner",,raw_lab_nace,medium,danish,LAB_nace_5114,subclass
LAB_nace_159400,LAB,nace,159400,Fremstilling af frugtvin undtagen fra druer,Fremstilling af frugtvin undtagen fra druer,,raw_lab_nace,medium,danish,LAB_nace_1594,subclass
LAB_nace_354200,LAB,nace,354200,Fremstilling af cykler,Fremstilling af cykler,,raw_lab_nace,medium,danish,LAB_nace_3542,subclass
LAB_nace_144000,LAB,nace,144000,Saltudvinding,Saltudvinding,,raw_lab_nace,medium,danish,LAB_nace_1440,subclass
LAB_nace_284000,LAB,nace,284000,"Smedning, presning, sænksmedning og valsning af metal; pulvermetallurgi","Smedning, presning, sænksmedning og valsning af metal; pulvermetallurgi",,raw_lab_nace,medium,danish,LAB_nace_2840,subclass
LAB_nace_925300,LAB,nace,925300,Botaniske og zoologiske haver,Botaniske og zoologiske haver,,raw_lab_nace,medium,danish,LAB_nace_9253,subclass
LAB_nace_652240,LAB,nace,652240,Andre kreditinstitutter,Andre kreditinstitutter,,raw_lab_nace,medium,danish,LAB_nace_6522,subclass
LAB_nace_513830,LAB,nace,513830,Engroshandel med helsekostprodukter,Engroshandel med helsekostprodukter,,raw_lab_nace,medium,danish,LAB_nace_5138,subclass
LAB_nace_246400,LAB,nace,246400,Fremstilling af fotokemiske produkter,Fremstilling af fotokemiske produkter,,raw_lab_nace,medium,danish,LAB_nace_2464,subclass
LAB_nace_241200,LAB,nace,241200,Fremstilling af farvestoffer og pigmenter,Fremstilling af farvestoffer og pigmenter,,raw_lab_nace,medium,danish,LAB_nace_2412,subclass
LAB_nace_652290,LAB,nace,652290,Anden kreditgivning,Anden kreditgivning,,raw_lab_nace,medium,danish,LAB_nace_6522,subclass
LAB_nace_223300,LAB,nace,223300,Reproduktion af it-medier,Reproduktion af it-medier,,raw_lab_nace,medium,danish,LAB_nace_2233,subclass
LAB_nace_246500,LAB,nace,246500,Fremstilling af uindspillede medier,Fremstilling af uindspillede medier,,raw_lab_nace,medium,danish,LAB_nace_2465,subclass
LAB_nace_182210,LAB,nace,182210,Fremstilling af herre- og dameovertøj,Fremstilling af herre- og dameovertøj,,raw_lab_nace,medium,danish,LAB_nace_1822,subclass
LAB_nace_262600,LAB,nace,262600,Fremstilling af varmeisolerende og ildfaste keramiske produkter,Fremstilling af varmeisolerende og ildfaste keramiske produkter,,raw_lab_nace,medium,danish,LAB_nace_2626,subclass
LAB_nace_273300,LAB,nace,273300,Koldbehandling af jern og stål,Koldbehandling af jern og stål,,raw_lab_nace,medium,danish,LAB_nace_2733,subclass
LAB_nace_522790,LAB,nace,522790,Detailhandel med nærings- og nydelsesmidler fra specialforretninger i øvrigt,Detailhandel med nærings- og nydelsesmidler fra specialforretninger i øvrigt,,raw_lab_nace,medium,danish,LAB_nace_5227,subclass
LAB_nace_512400,LAB,nace,512400,"Engroshandel med råhuder, skind og læder","Engroshandel med råhuder, skind og læder",,raw_lab_nace,medium,danish,LAB_nace_5124,subclass
LAB_nace_803085,LAB,nace,803085,Politi- og forsvarsskoler,Politi- og forsvarsskoler,,raw_lab_nace,medium,danish,LAB_nace_8030,subclass
LAB_nace_632130,LAB,nace,632130,"Drift af betalingsveje, -broer og -tunneler","Drift af betalingsveje, -broer og -tunneler",,raw_lab_nace,medium,danish,LAB_nace_6321,subclass
LAB_nace_522710,LAB,nace,522710,Osteforretninger,Osteforretninger,,raw_lab_nace,medium,danish,LAB_nace_5227,subclass
LAB_nace_158500,LAB,nace,158500,Fremstilling af pastaprodukter og lignende varer,Fremstilling af pastaprodukter og lignende varer,,raw_lab_nace,medium,danish,LAB_nace_1585,subclass
LAB_nace_527100,LAB,nace,527100,Reparation af sko eller andre lædervarer,Reparation af sko eller andre lædervarer,,raw_lab_nace,medium,danish,LAB_nace_5271,subclass
LAB_nace_157120,LAB,nace,157120,Fremstilling af færdige foderblandinger til dam- og havbrug,Fremstilling af færdige foderblandinger til dam- og havbrug,,raw_lab_nace,medium,danish,LAB_nace_1571,subclass
LAB_nace_524540,LAB,nace,524540,Forhandlere af musikinstrumenter,Forhandlere af musikinstrumenter,,raw_lab_nace,medium,danish,LAB_nace_5245,subclass
LAB_nace_296000,LAB,nace,296000,Fremstilling af våben og ammunition,Fremstilling af våben og ammunition,,raw_lab_nace,medium,danish,LAB_nace_2960,subclass
LAB_nace_513820,LAB,nace,513820,"Engroshandel med brød, kager og kiks","Engroshandel med brød, kager og kiks",,raw_lab_nace,medium,danish,LAB_nace_5138,subclass
LAB_nace_371000,LAB,nace,371000,Genbrug af metalaffaldsprodukter,Genbrug af metalaffaldsprodukter,,raw_lab_nace,medium,danish,LAB_nace_3710,subclass
LAB_nace_212300,LAB,nace,212300,Fremstilling af kontorartikler af papir og pap,Fremstilling af kontorartikler af papir og pap,,raw_lab_nace,medium,danish,LAB_nace_2123,subclass
LAB_nace_151130,LAB,nace,151130,Tarmrenserier,Tarmrenserier,,raw_lab_nace,medium,danish,LAB_nace_1511,subclass
LAB_nace_990000,LAB,nace,990000,Internationale organisationer mv.,Internationale organisationer mv.,,raw_lab_nace,medium,danish,LAB_nace_9900,subclass
LAB_nace_742070,LAB,nace,742070,Landinspektører mv.,Landinspektører mv.,,raw_lab_nace,medium,danish,LAB_nace_7420,subclass
LAB_nace_141200,LAB,nace,141200,Kalkbrud,Kalkbrud,,raw_lab_nace,medium,danish,LAB_nace_1412,subclass
LAB_nace_300100,LAB,nace,300100,Fremstilling af kontormaskiner,Fremstilling af kontormaskiner,,raw_lab_nace,medium,danish,LAB_nace_3001,subclass
LAB_nace_341000,LAB,nace,341000,Bilfabrikker,Bilfabrikker,,raw_lab_nace,medium,danish,LAB_nace_3410,subclass
LAB_nace_712110,LAB,nace,712110,Udlejning af containere,Udlejning af containere,,raw_lab_nace,medium,danish,LAB_nace_7121,subclass
LAB_nace_183000,LAB,nace,183000,Pelsberedning samt buntmagerier,Pelsberedning samt buntmagerier,,raw_lab_nace,medium,danish,LAB_nace_1830,subclass
LAB_nace_652325,LAB,nace,652325,Ventureselskaber,Ventureselskaber,,raw_lab_nace,medium,danish,LAB_nace_6523,subclass
LAB_nace_652220,LAB,nace,652220,Finansieringsfonde,Finansieringsfonde,,raw_lab_nace,medium,danish,LAB_nace_6522,subclass
LAB_nace_275200,LAB,nace,275200,Støbning af stålprodukter,Støbning af stålprodukter,,raw_lab_nace,medium,danish,LAB_nace_2752,subclass
LAB_nace_273100,LAB,nace,273100,Koldtrækning af jern og stål,Koldtrækning af jern og stål,,raw_lab_nace,medium,danish,LAB_nace_2731,subclass
LAB_nace_524840,LAB,nace,524840,Frimærke- og møntforretninger,Frimærke- og møntforretninger,,raw_lab_nace,medium,danish,LAB_nace_5248,subclass
LAB_nace_634030,LAB,nace,634030,Vejere og målere,Vejere og målere,,raw_lab_nace,medium,danish,LAB_nace_6340,subclass
LAB_nace_401200,LAB,nace,401200,Transmission af elektricitet,Transmission af elektricitet,,raw_lab_nace,medium,danish,LAB_nace_4012,subclass
LAB_nace_652330,LAB,nace,652330,Fondsmæglerselskaber,Fondsmæglerselskaber,,raw_lab_nace,medium,danish,LAB_nace_6523,subclass
LAB_nace_527410,LAB,nace,527410,Cykelreparationsværksteder,Cykelreparationsværksteder,,raw_lab_nace,medium,danish,LAB_nace_5274,subclass
LAB_nace_632240,LAB,nace,632240,"Bugserings-, bjærgnings- og redningsvæsen","Bugserings-, bjærgnings- og redningsvæsen",,raw_lab_nace,medium,danish,LAB_nace_6322,subclass
LAB_nace_252310,LAB,nace,252310,Fremstilling af sanitetsartikler af plast,Fremstilling af sanitetsartikler af plast,,raw_lab_nace,medium,danish,LAB_nace_2523,subclass
LAB_nace_103000,LAB,nace,103000,Tørvegrave,Tørvegrave,,raw_lab_nace,medium,danish,LAB_nace_1030,subclass
LAB_nace_156110,LAB,nace,156110,Fremstilling af mølleriprodukter,Fremstilling af mølleriprodukter,,raw_lab_nace,medium,danish,LAB_nace_1561,subclass
LAB_nace_295620,LAB,nace,295620,Fremstilling af tørringsanlæg unbdtagen til landbrugsvarer,Fremstilling af tørringsanlæg unbdtagen til landbrugsvarer,,raw_lab_nace,medium,danish,LAB_nace_2956,subclass
LAB_nace_154100,LAB,nace,154100,Fremstilling af råolier og fedtstoffer,Fremstilling af råolier og fedtstoffer,,raw_lab_nace,medium,danish,LAB_nace_1541,subclass
LAB_nace_748730,LAB,nace,748730,Kreditvurdering og kreditværdighedsoplysning,Kreditvurdering og kreditværdighedsoplysning,,raw_lab_nace,medium,danish,LAB_nace_7487,subclass
LAB_nace_297120,LAB,nace,297120,"Fremstilling af elektriske komfurer, kogeapparater og ovne til husholdningsbrug","Fremstilling af elektriske komfurer, kogeapparater og ovne til husholdningsbrug",,raw_lab_nace,medium,danish,LAB_nace_2971,subclass
LAB_nace_294100,LAB,nace,294100,Fremstilling af håndholdt motordrevet værktøj,Fremstilling af håndholdt motordrevet værktøj,,raw_lab_nace,medium,danish,LAB_nace_2941,subclass
LAB_nace_158800,LAB,nace,158800,Fremstilling af homogeniserede produkter og diætmad,Fremstilling af homogeniserede produkter og diætmad,,raw_lab_nace,medium,danish,LAB_nace_1588,subclass
LAB_nace_212310,LAB,nace,212310,Fremstilling af skrivepapir,Fremstilling af skrivepapir,,raw_lab_nace,medium,danish,LAB_nace_2123,subclass
LAB_nace_272100,LAB,nace,272100,Fremstilling af støbte jern- og stålrør,Fremstilling af støbte jern- og stålrør,,raw_lab_nace,medium,danish,LAB_nace_2721,subclass
LAB_nace_513500,LAB,nace,513500,Engroshandel med tobaksvarer,Engroshandel med tobaksvarer,,raw_lab_nace,medium,danish,LAB_nace_5135,subclass
LAB_nace_525010,LAB,nace,525010,Bogantikvariater,Bogantikvariater,,raw_lab_nace,medium,danish,LAB_nace_5250,subclass
LAB_nace_211100,LAB,nace,211100,Fremstilling af papirmasse,Fremstilling af papirmasse,,raw_lab_nace,medium,danish,LAB_nace_2111,subclass
LAB_nace_511500,LAB,nace,511500,"Agenturhandel med møbler, husholdningsartikler og isenkram","Agenturhandel med møbler, husholdningsartikler og isenkram",,raw_lab_nace,medium,danish,LAB_nace_5115,subclass
LAB_nace_612000,LAB,nace,612000,Transport ad indre vandveje,Transport ad indre vandveje,,raw_lab_nace,medium,danish,LAB_nace_6120,subclass
LAB_nace_524450,LAB,nace,524450,Detailhandel med belysningsartikler,Detailhandel med belysningsartikler,,raw_lab_nace,medium,danish,LAB_nace_5244,subclass
LAB_nace_701100,LAB,nace,701100,Udstykning af fast ejendom,Udstykning af fast ejendom,,raw_lab_nace,medium,danish,LAB_nace_7011,subclass
LAB_nace_523200,LAB,nace,523200,Detailhandel med medicinske og ortopædiske artikler,Detailhandel med medicinske og ortopædiske artikler,,raw_lab_nace,medium,danish,LAB_nace_5232,subclass
LAB_nace_518300,LAB,nace,518300,"Engroshandel med maskiner, udstyr og tilbehør til tekstilindustrien","Engroshandel med maskiner, udstyr og tilbehør til tekstilindustrien",,raw_lab_nace,medium,danish,LAB_nace_5183,subclass
LAB_nace_713100,LAB,nace,713100,Udlejning af landbrugsmaskiner og -udstyr,Udlejning af landbrugsmaskiner og -udstyr,,raw_lab_nace,medium,danish,LAB_nace_7131,subclass
LAB_nace_141120,LAB,nace,141120,Stenfiskeri,Stenfiskeri,,raw_lab_nace,medium,danish,LAB_nace_1411,subclass
LAB_nace_193020,LAB,nace,193020,Træskofabrikker,Træskofabrikker,,raw_lab_nace,medium,danish,LAB_nace_1930,subclass
LAB_nace_513490,LAB,nace,513490,Engroshandel med frugt- og grønsagssaft mv.,Engroshandel med frugt- og grønsagssaft mv.,,raw_lab_nace,medium,danish,LAB_nace_5134,subclass
LAB_nace_181000,LAB,nace,181000,Fremstilling af læderbeklædning,Fremstilling af læderbeklædning,,raw_lab_nace,medium,danish,LAB_nace_1810,subclass
LAB_nace_366100,LAB,nace,366100,Fremstilling af bijouterivarer,Fremstilling af bijouterivarer,,raw_lab_nace,medium,danish,LAB_nace_3661,subclass
LAB_nace_205120,LAB,nace,205120,Ligkistefabrikker,Ligkistefabrikker,,raw_lab_nace,medium,danish,LAB_nace_2051,subclass
LAB_nace_522400,LAB,nace,522400,Brødudsalg,Brødudsalg,,raw_lab_nace,medium,danish,LAB_nace_5224,subclass
LAB_nace_930120,LAB,nace,930120,Selvbetjeningsvaskerier mv.,Selvbetjeningsvaskerier mv.,,raw_lab_nace,medium,danish,LAB_nace_9301,subclass
LAB_nace_12530,LAB,nace,12530,Kenneler,Kenneler,,raw_lab_nace,medium,danish,LAB_nace_1253,subclass
LAB_nace_527300,LAB,nace,527300,Reparation af ure,Reparation af ure,,raw_lab_nace,medium,danish,LAB_nace_5273,subclass
LAB_nace_143000,LAB,nace,143000,Udvinding af mineraler til fremstilling af kemiske produkter og gødningsstoffer,Udvinding af mineraler til fremstilling af kemiske produkter og gødningsstoffer,,raw_lab_nace,medium,danish,LAB_nace_1430,subclass
LAB_nace_712300,LAB,nace,712300,Udlejning af luftfartøjer,Udlejning af luftfartøjer,,raw_lab_nace,medium,danish,LAB_nace_7123,subclass
LAB_nace_660320,LAB,nace,660320,Sygeforsikring,Sygeforsikring,,raw_lab_nace,medium,danish,LAB_nace_6603,subclass
LAB_nace_712200,LAB,nace,712200,Udlejning af skibe,Udlejning af skibe,,raw_lab_nace,medium,danish,LAB_nace_7122,subclass
LAB_nace_212400,LAB,nace,212400,Fremstilling af tapet,Fremstilling af tapet,,raw_lab_nace,medium,danish,LAB_nace_2124,subclass
LAB_nace_158600,LAB,nace,158600,Forarbejdning af te og kaffe,Forarbejdning af te og kaffe,,raw_lab_nace,medium,danish,LAB_nace_1586,subclass
LAB_nace_632230,LAB,nace,632230,Fyrvæsen og lodserier,Fyrvæsen og lodserier,,raw_lab_nace,medium,danish,LAB_nace_6322,subclass
LAB_nace_454100,LAB,nace,454100,Stukkatørvirksomhed,Stukkatørvirksomhed,,raw_lab_nace,medium,danish,LAB_nace_4541,subclass
LAB_nace_205200,LAB,nace,205200,"Fremstilling af varer af kork, strå og flettematerialer","Fremstilling af varer af kork, strå og flettematerialer",,raw_lab_nace,medium,danish,LAB_nace_2052,subclass
LAB_nace_159300,LAB,nace,159300,Fremstilling af vin baseret på druer,Fremstilling af vin baseret på druer,,raw_lab_nace,medium,danish,LAB_nace_1593,subclass
LAB_nace_241300,LAB,nace,241300,Fremstilling af andre uorganiske basiskemikalier,Fremstilling af andre uorganiske basiskemikalier,,raw_lab_nace,medium,danish,LAB_nace_2413,subclass
LAB_nace_524867,LAB,nace,524867,Detailhandel med kontormaskiner,Detailhandel med kontormaskiner,,raw_lab_nace,medium,danish,LAB_nace_5248,subclass
LAB_nace_262200,LAB,nace,262200,Fremstilling af keramiske sanitetsartikler,Fremstilling af keramiske sanitetsartikler,,raw_lab_nace,medium,danish,LAB_nace_2622,subclass
LAB_nace_156120,LAB,nace,156120,Industriel fremstilling og forædling af frø,Industriel fremstilling og forædling af frø,,raw_lab_nace,medium,danish,LAB_nace_1561,subclass
LAB_nace_748430,LAB,nace,748430,Kreditvurdering og kreditværdighedsoplysning,Kreditvurdering og kreditværdighedsoplysning,,raw_lab_nace,medium,danish,LAB_nace_7484,subclass
LAB_nace_505010,LAB,nace,505010,Servicestationer uden kiosksalg,Servicestationer uden kiosksalg,,raw_lab_nace,medium,danish,LAB_nace_5050,subclass
LAB_nace_177100,LAB,nace,177100,Strømpefabrikker,Strømpefabrikker,,raw_lab_nace,medium,danish,LAB_nace_1771,subclass
LAB_nace_159700,LAB,nace,159700,Maltfabrikker,Maltfabrikker,,raw_lab_nace,medium,danish,LAB_nace_1597,subclass
LAB_nace_274500,LAB,nace,274500,Fremstilling og første bearbejdning af andre ikke-jernholdige metaller,Fremstilling og første bearbejdning af andre ikke-jernholdige metaller,,raw_lab_nace,medium,danish,LAB_nace_2745,subclass
LAB_nace_142200,LAB,nace,142200,Udvinding af ler og kaolin,Udvinding af ler og kaolin,,raw_lab_nace,medium,danish,LAB_nace_1422,subclass
LAB_nace_335000,LAB,nace,335000,Fremstilling af ure,Fremstilling af ure,,raw_lab_nace,medium,danish,LAB_nace_3350,subclass
LAB_nace_362100,LAB,nace,362100,Fremstilling af mønter og medaljer,Fremstilling af mønter og medaljer,,raw_lab_nace,medium,danish,LAB_nace_3621,subclass
LAB_nace_511710,LAB,nace,511710,Fiskeauktioner,Fiskeauktioner,,raw_lab_nace,medium,danish,LAB_nace_5117,subclass
LAB_nace_273200,LAB,nace,273200,Koldvalsning af jern- og stålbånd,Koldvalsning af jern- og stålbånd,,raw_lab_nace,medium,danish,LAB_nace_2732,subclass
LAB_nace_246100,LAB,nace,246100,Fremstilling af sprængstoffer mv.,Fremstilling af sprængstoffer mv.,,raw_lab_nace,medium,danish,LAB_nace_2461,subclass
LAB_nace_900320,LAB,nace,900320,Rensning af jord og grundvand,Rensning af jord og grundvand,,raw_lab_nace,medium,danish,LAB_nace_9003,subclass
LAB_nace_265200,LAB,nace,265200,Kalkværker,Kalkværker,,raw_lab_nace,medium,danish,LAB_nace_2652,subclass
LAB_nace_451200,LAB,nace,451200,Funderingsundersøgelser,Funderingsundersøgelser,,raw_lab_nace,medium,danish,LAB_nace_4512,subclass
LAB_nace_362210,LAB,nace,362210,Guld- og sølvvarefabrikker,Guld- og sølvvarefabrikker,,raw_lab_nace,medium,danish,LAB_nace_3622,subclass
LAB_nace_671100,LAB,nace,671100,Fondsbørsen mv.,Fondsbørsen mv.,,raw_lab_nace,medium,danish,LAB_nace_6711,subclass
LAB_nace_261100,LAB,nace,261100,Fremstilling af planglas,Fremstilling af planglas,,raw_lab_nace,medium,danish,LAB_nace_2611,subclass
LAB_nace_263000,LAB,nace,263000,Fremstilling af fliser og kakler,Fremstilling af fliser og kakler,,raw_lab_nace,medium,danish,LAB_nace_2630,subclass
LAB_nace_274100,LAB,nace,274100,Fremstilling af ædelmetaller,Fremstilling af ædelmetaller,,raw_lab_nace,medium,danish,LAB_nace_2741,subclass
LAB_nace_251100,LAB,nace,251100,Fremstilling af gummidæk og gummislanger,Fremstilling af gummidæk og gummislanger,,raw_lab_nace,medium,danish,LAB_nace_2511,subclass
LAB_nace_334020,LAB,nace,334020,Fremstilling af reproduktionskameraer,Fremstilling af reproduktionskameraer,,raw_lab_nace,medium,danish,LAB_nace_3340,subclass
LAB_nace_12220,LAB,nace,12220,Fåreavl,Fåreavl,,raw_lab_nace,medium,danish,LAB_nace_1222,subclass
LAB_nace_15000,LAB,nace,15000,"Jagt, fangst og servicevirksomhed i forbindelse hermed","Jagt, fangst og servicevirksomhed i forbindelse hermed",,raw_lab_nace,medium,danish,LAB_nace_1500,subclass
LAB_nace_652250,LAB,nace,652250,Kreditformidling af andre end kreditinstitutter,Kreditformidling af andre end kreditinstitutter,,raw_lab_nace,medium,danish,LAB_nace_6522,subclass
LAB_nace_524895,LAB,nace,524895,Pornobutikker,Pornobutikker,,raw_lab_nace,medium,danish,LAB_nace_5248,subclass
LAB_nace_713320,LAB,nace,713320,Udlejning af kontormaskiner,Udlejning af kontormaskiner,,raw_lab_nace,medium,danish,LAB_nace_7133,subclass
LAB_nace_652315,LAB,nace,652315,Innovationsforeninger,Innovationsforeninger,,raw_lab_nace,medium,danish,LAB_nace_6523,subclass
LAB_nace_246300,LAB,nace,246300,Fremstilling af æteriske olier,Fremstilling af æteriske olier,,raw_lab_nace,medium,danish,LAB_nace_2463,subclass
LAB_nace_262300,LAB,nace,262300,Fremstilling af keramiske isolatorer og isoleringsdele,Fremstilling af keramiske isolatorer og isoleringsdele,,raw_lab_nace,medium,danish,LAB_nace_2623,subclass
LAB_nace_803080,LAB,nace,803080,Officersskoler,Officersskoler,,raw_lab_nace,medium,danish,LAB_nace_8030,subclass
LAB_nace_120000,LAB,nace,120000,Brydning af uran- og thoriummalme,Brydning af uran- og thoriummalme,,raw_lab_nace,medium,danish,LAB_nace_1200,subclass
LAB_nace_354100,LAB,nace,354100,Fremstilling af motorcykler og knallerter,Fremstilling af motorcykler og knallerter,,raw_lab_nace,medium,danish,LAB_nace_3541,subclass
LAB_nace_603000,LAB,nace,603000,Rørtransport,Rørtransport,,raw_lab_nace,medium,danish,LAB_nace_6030,subclass
LAB_nace_132000,LAB,nace,132000,Brydning af ikke-jernholdige metalmalme undtagen uran- og thoriummalme,Brydning af ikke-jernholdige metalmalme undtagen uran- og thoriummalme,,raw_lab_nace,medium,danish,LAB_nace_1320,subclass
LAB_nace_265300,LAB,nace,265300,Fremstilling af gips,Fremstilling af gips,,raw_lab_nace,medium,danish,LAB_nace_2653,subclass
LAB_nace_102000,LAB,nace,102000,Brunkulslejer,Brunkulslejer,,raw_lab_nace,medium,danish,LAB_nace_1020,subclass
LAB_nace_273400,LAB,nace,273400,Trådtrækning af stål,Trådtrækning af stål,,raw_lab_nace,medium,danish,LAB_nace_2734,subclass
LAB_nace_623000,LAB,nace,623000,Rumfart,Rumfart,,raw_lab_nace,medium,danish,LAB_nace_6230,subclass
LAB_nace_159500,LAB,nace,159500,Fremstilling af vermouth mv.,Fremstilling af vermouth mv.,,raw_lab_nace,medium,danish,LAB_nace_1595,subclass
