code,prefix,database,value,description,description_da,description_en,source,confidence,language,parent_code,hierarchy_level
LAB_disco08_441900,LAB,disco08,441900,Kontorpersonale (via 4),Kontorpersonale (via 4),,CSV:LAB_disco08_comprehensive_hierarchical,medium,danish,LAB_disco08_441000,unit_group
LAB_disco08_932900,LAB,disco08,932900,Fremstillingshjælpere i.a.n. (via 9329),Fremstillingshjælpere i.a.n. (via 9329),,CSV:LAB_disco08_comprehensive_hierarchical,medium,danish,LAB_disco08_932000,unit_group
LAB_disco08_213200,LAB,disco08,213200,Landbrugsingeniører og relaterede fagfolk (via 2132),Landbrugsingeniører og relaterede fagfolk (via 2132),,CSV:LAB_disco08_comprehensive_hierarchical,medium,danish,LAB_disco08_213000,unit_group
LAB_disco08_200000,LAB,disco08,200000,Akademikere (via 2),Akademikere (via 2),,CSV:LAB_disco08_comprehensive_hierarchical,medium,danish,,major_group
LAB_disco08_333400,LAB,disco08,333400,Teknikere og tilsvarende fagfolk (via 3),Teknikere og tilsvarende fagfolk (via 3),,CSV:LAB_disco08_comprehensive_hierarchical,medium,danish,LAB_disco08_333000,unit_group
LAB_disco08_753100,LAB,disco08,753100,Håndværkere og andre faglærte arbejdere (via 7),Håndværkere og andre faglærte arbejdere (via 7),,CSV:LAB_disco08_comprehensive_hierarchical,medium,danish,LAB_disco08_753000,unit_group
LAB_disco08_112020,LAB,disco08,112020,Virksomhedsledelse af tværgående funktioner,Virksomhedsledelse af tværgående funktioner,,CSV:LAB_disco08_dict.csv,medium,danish,LAB_disco08_112000,detail
LAB_disco08_612100,LAB,disco08,612100,Markortienterede landbrugs- og fiskeriarbejdere (via 61),Markortienterede landbrugs- og fiskeriarbejdere (via 61),,CSV:LAB_disco08_comprehensive_hierarchical,medium,danish,LAB_disco08_612000,unit_group
LAB_disco08_021000,LAB,disco08,021000,Menige og korporaler (Other ranks),,Menige og korporaler (Other ranks),none|generated,medium,danish,LAB_disco08_020000,minor_group
LAB_disco08_516500,LAB,disco08,516500,Personlige servicepersonale (via 51),Personlige servicepersonale (via 51),,CSV:LAB_disco08_comprehensive_hierarchical,medium,danish,LAB_disco08_516000,unit_group
LAB_disco08_332200,LAB,disco08,332200,Teknikere og tilsvarende fagfolk (via 3),Teknikere og tilsvarende fagfolk (via 3),,CSV:LAB_disco08_comprehensive_hierarchical,medium,danish,LAB_disco08_332000,unit_group
LAB_disco08_121200,LAB,disco08,121200,Ledelse inden for HR-funktioner,Ledelse inden for HR-funktioner,,CSV:LAB_disco08_dict.csv,medium,danish,LAB_disco08_121000,unit_group
LAB_disco08_235920,LAB,disco08,235920,Akademikere (via 2),Akademikere (via 2),,CSV:LAB_disco08_comprehensive_hierarchical,medium,danish,LAB_disco08_235900,detail
LAB_disco08_234110,LAB,disco08,234110,Akademikere (via 2),Akademikere (via 2),,CSV:LAB_disco08_comprehensive_hierarchical,medium,danish,LAB_disco08_234100,detail
LAB_disco08_342300,LAB,disco08,342300,Teknikere og tilsvarende fagfolk (via 3),Teknikere og tilsvarende fagfolk (via 3),,CSV:LAB_disco08_comprehensive_hierarchical,medium,danish,LAB_disco08_342000,unit_group
LAB_disco08_441220,LAB,disco08,441220,Kontorpersonale (via 4),Kontorpersonale (via 4),,CSV:LAB_disco08_comprehensive_hierarchical,medium,danish,LAB_disco08_441200,detail
LAB_disco08_234120,LAB,disco08,234120,Akademikere (via 2),Akademikere (via 2),,CSV:LAB_disco08_comprehensive_hierarchical,medium,danish,LAB_disco08_234100,detail
LAB_disco08_226900,LAB,disco08,226900,Akademikere (via 2),Akademikere (via 2),,CSV:LAB_disco08_comprehensive_hierarchical,medium,danish,LAB_disco08_226000,unit_group
LAB_disco08_911210,LAB,disco08,911210,"Rengøringspersonale og hjælpere på kontorer, hoteller mv. (via 9112)","Rengøringspersonale og hjælpere på kontorer, hoteller mv. (via 9112)",,CSV:LAB_disco08_comprehensive_hierarchical,medium,danish,LAB_disco08_911200,detail
LAB_disco08_911200,LAB,disco08,911200,"Rengøringspersonale og hjælpere på kontorer, hoteller mv. (via 9112)","Rengøringspersonale og hjælpere på kontorer, hoteller mv. (via 9112)",,CSV:LAB_disco08_comprehensive_hierarchical,medium,danish,LAB_disco08_911000,unit_group
LAB_disco08_832210,LAB,disco08,832210,"Car, taxi and van drivers (via 8322)","Car, taxi and van drivers (via 8322)",,CSV:LAB_disco08_dst_hierarchical,medium,danish,LAB_disco08_832200,detail
LAB_disco08_833110,LAB,disco08,833110,Førere af køretøjer og operatører af mobilt udstyr (via 83),Førere af køretøjer og operatører af mobilt udstyr (via 83),,CSV:LAB_disco08_comprehensive_hierarchical,medium,danish,LAB_disco08_833100,detail
LAB_disco08_411000,LAB,disco08,411000,General office clerks (via 4110),General office clerks (via 4110),,CSV:LAB_disco08_dst_hierarchical,medium,danish,LAB_disco08_410000,minor_group
LAB_disco08_334310,LAB,disco08,334310,Teknikere og tilsvarende fagfolk (via 3),Teknikere og tilsvarende fagfolk (via 3),,CSV:LAB_disco08_comprehensive_hierarchical,medium,danish,LAB_disco08_334300,detail
LAB_disco08_813120,LAB,disco08,813120,Operatører af stationære anlæg og maskiner (via 81),Operatører af stationære anlæg og maskiner (via 81),,CSV:LAB_disco08_comprehensive_hierarchical,medium,danish,LAB_disco08_813100,detail
LAB_disco08_532210,LAB,disco08,532210,Service- og salgspersonale (via 5),Service- og salgspersonale (via 5),,CSV:LAB_disco08_comprehensive_hierarchical,medium,danish,LAB_disco08_532200,detail
LAB_disco08_531120,LAB,disco08,531120,Service- og salgspersonale (via 5),Service- og salgspersonale (via 5),,CSV:LAB_disco08_comprehensive_hierarchical,medium,danish,LAB_disco08_531100,detail
LAB_disco08_515300,LAB,disco08,515300,Personlige servicepersonale (via 51),Personlige servicepersonale (via 51),,CSV:LAB_disco08_comprehensive_hierarchical,medium,danish,LAB_disco08_515000,unit_group
LAB_disco08_816040,LAB,disco08,816040,Operatører af stationære anlæg og maskiner (via 81),Operatører af stationære anlæg og maskiner (via 81),,CSV:LAB_disco08_comprehensive_hierarchical,medium,danish,LAB_disco08_816000,detail
LAB_disco08_264300,LAB,disco08,264300,Akademikere (via 2),Akademikere (via 2),,CSV:LAB_disco08_comprehensive_hierarchical,medium,danish,LAB_disco08_264000,unit_group
LAB_disco08_833120,LAB,disco08,833120,Førere af køretøjer og operatører af mobilt udstyr (via 83),Førere af køretøjer og operatører af mobilt udstyr (via 83),,CSV:LAB_disco08_comprehensive_hierarchical,medium,danish,LAB_disco08_833100,detail
LAB_disco08_833130,LAB,disco08,833130,Førere af køretøjer og operatører af mobilt udstyr (via 83),Førere af køretøjer og operatører af mobilt udstyr (via 83),,CSV:LAB_disco08_comprehensive_hierarchical,medium,danish,LAB_disco08_833100,detail
LAB_disco08_141200,LAB,disco08,141200,Ledere (via 1),Ledere (via 1),,CSV:LAB_disco08_comprehensive_hierarchical,medium,danish,LAB_disco08_141000,unit_group
LAB_disco08_816020,LAB,disco08,816020,Operatører af stationære anlæg og maskiner (via 81),Operatører af stationære anlæg og maskiner (via 81),,CSV:LAB_disco08_comprehensive_hierarchical,medium,danish,LAB_disco08_816000,detail
LAB_disco08_143100,LAB,disco08,143100,Ledere (via 1),Ledere (via 1),,CSV:LAB_disco08_comprehensive_hierarchical,medium,danish,LAB_disco08_143000,unit_group
LAB_disco08_112010,LAB,disco08,112010,Øverste administrerende virksomhedsledelse,Øverste administrerende virksomhedsledelse,,CSV:LAB_disco08_dict.csv,medium,danish,LAB_disco08_112000,detail
LAB_disco08_816000,LAB,disco08,816000,Operatører af stationære anlæg og maskiner (via 81),Operatører af stationære anlæg og maskiner (via 81),,CSV:LAB_disco08_comprehensive_hierarchical,medium,danish,LAB_disco08_810000,minor_group
LAB_disco08_933410,LAB,disco08,933410,Tankpåfyldere og beslægtede fagfolk (via 9334),Tankpåfyldere og beslægtede fagfolk (via 9334),,CSV:LAB_disco08_comprehensive_hierarchical,medium,danish,LAB_disco08_933400,detail
LAB_disco08_251000,LAB,disco08,251000,Akademikere (via 2),Akademikere (via 2),,CSV:LAB_disco08_comprehensive_hierarchical,medium,danish,LAB_disco08_250000,minor_group
LAB_disco08_834400,LAB,disco08,834400,Førere af køretøjer og operatører af mobilt udstyr (via 83),Førere af køretøjer og operatører af mobilt udstyr (via 83),,CSV:LAB_disco08_comprehensive_hierarchical,medium,danish,LAB_disco08_834000,unit_group
LAB_disco08_818300,LAB,disco08,818300,Operatører af stationære anlæg og maskiner (via 81),Operatører af stationære anlæg og maskiner (via 81),,CSV:LAB_disco08_comprehensive_hierarchical,medium,danish,LAB_disco08_818000,unit_group
LAB_disco08_700000,LAB,disco08,700000,Håndværkere og andre faglærte arbejdere (via 7),Håndværkere og andre faglærte arbejdere (via 7),,CSV:LAB_disco08_comprehensive_hierarchical,medium,danish,,major_group
LAB_disco08_231000,LAB,disco08,231000,Akademikere (via 2),Akademikere (via 2),,CSV:LAB_disco08_comprehensive_hierarchical,medium,danish,LAB_disco08_230000,minor_group
LAB_disco08_231010,LAB,disco08,231010,Akademikere (via 2),Akademikere (via 2),,CSV:LAB_disco08_comprehensive_hierarchical,medium,danish,LAB_disco08_231000,detail
LAB_disco08_932100,LAB,disco08,932100,Håndpakkere og andre fremstillingshjælpere (via 9321),Håndpakkere og andre fremstillingshjælpere (via 9321),,CSV:LAB_disco08_comprehensive_hierarchical,medium,danish,LAB_disco08_932000,unit_group
LAB_disco08_432200,LAB,disco08,432200,Kontorpersonale (via 4),Kontorpersonale (via 4),,CSV:LAB_disco08_comprehensive_hierarchical,medium,danish,LAB_disco08_432000,unit_group
LAB_disco08_931210,LAB,disco08,931210,Bygge- og anlægshjælpere (via 9312),Bygge- og anlægshjælpere (via 9312),,CSV:LAB_disco08_comprehensive_hierarchical,medium,danish,LAB_disco08_931200,detail
LAB_disco08_234300,LAB,disco08,234300,Akademikere (via 2),Akademikere (via 2),,CSV:LAB_disco08_comprehensive_hierarchical,medium,danish,LAB_disco08_234000,unit_group
LAB_disco08_232030,LAB,disco08,232030,Teaching professionals (via 2320),Teaching professionals (via 2320),,CSV:LAB_disco08_dst_hierarchical,medium,danish,LAB_disco08_232000,detail
LAB_disco08_235700,LAB,disco08,235700,Akademikere (via 2),Akademikere (via 2),,CSV:LAB_disco08_comprehensive_hierarchical,medium,danish,LAB_disco08_235000,unit_group
LAB_disco08_432100,LAB,disco08,432100,Kontorpersonale (via 4),Kontorpersonale (via 4),,CSV:LAB_disco08_comprehensive_hierarchical,medium,danish,LAB_disco08_432000,unit_group
LAB_disco08_723400,LAB,disco08,723400,Håndværkere og andre faglærte arbejdere (via 7),Håndværkere og andre faglærte arbejdere (via 7),,CSV:LAB_disco08_comprehensive_hierarchical,medium,danish,LAB_disco08_723000,unit_group
LAB_disco08_722300,LAB,disco08,722300,Håndværkere og andre faglærte arbejdere (via 7),Håndværkere og andre faglærte arbejdere (via 7),,CSV:LAB_disco08_comprehensive_hierarchical,medium,danish,LAB_disco08_722000,unit_group
LAB_disco08_741200,LAB,disco08,741200,Håndværkere og andre faglærte arbejdere (via 7),Håndværkere og andre faglærte arbejdere (via 7),,CSV:LAB_disco08_comprehensive_hierarchical,medium,danish,LAB_disco08_741000,unit_group
LAB_disco08_732100,LAB,disco08,732100,Håndværkere og andre faglærte arbejdere (via 7),Håndværkere og andre faglærte arbejdere (via 7),,CSV:LAB_disco08_comprehensive_hierarchical,medium,danish,LAB_disco08_732000,unit_group
LAB_disco08_723110,LAB,disco08,723110,Håndværkere og andre faglærte arbejdere (via 7),Håndværkere og andre faglærte arbejdere (via 7),,CSV:LAB_disco08_comprehensive_hierarchical,medium,danish,LAB_disco08_723100,detail
LAB_disco08_333200,LAB,disco08,333200,Teknikere og tilsvarende fagfolk (via 3),Teknikere og tilsvarende fagfolk (via 3),,CSV:LAB_disco08_comprehensive_hierarchical,medium,danish,LAB_disco08_333000,unit_group
LAB_disco08_723120,LAB,disco08,723120,Håndværkere og andre faglærte arbejdere (via 7),Håndværkere og andre faglærte arbejdere (via 7),,CSV:LAB_disco08_comprehensive_hierarchical,medium,danish,LAB_disco08_723100,detail
LAB_disco08_524900,LAB,disco08,524900,Service- og salgspersonale (via 5),Service- og salgspersonale (via 5),,CSV:LAB_disco08_comprehensive_hierarchical,medium,danish,LAB_disco08_524000,unit_group
LAB_disco08_263500,LAB,disco08,263500,Akademikere (via 2),Akademikere (via 2),,CSV:LAB_disco08_comprehensive_hierarchical,medium,danish,LAB_disco08_263000,unit_group
LAB_disco08_532900,LAB,disco08,532900,Service- og salgspersonale (via 5),Service- og salgspersonale (via 5),,CSV:LAB_disco08_comprehensive_hierarchical,medium,danish,LAB_disco08_532000,unit_group
LAB_disco08_531110,LAB,disco08,531110,Service- og salgspersonale (via 5),Service- og salgspersonale (via 5),,CSV:LAB_disco08_comprehensive_hierarchical,medium,danish,LAB_disco08_531100,detail
LAB_disco08_331300,LAB,disco08,331300,Teknikere og tilsvarende fagfolk (via 3),Teknikere og tilsvarende fagfolk (via 3),,CSV:LAB_disco08_comprehensive_hierarchical,medium,danish,LAB_disco08_331000,unit_group
LAB_disco08_232000,LAB,disco08,232000,Teaching professionals (via 2320),Teaching professionals (via 2320),,CSV:LAB_disco08_dst_hierarchical,medium,danish,LAB_disco08_230000,minor_group
LAB_disco08_321290,LAB,disco08,321290,Teknikere og tilsvarende fagfolk (via 3),Teknikere og tilsvarende fagfolk (via 3),,CSV:LAB_disco08_comprehensive_hierarchical,medium,danish,LAB_disco08_321200,detail
LAB_disco08_242100,LAB,disco08,242100,Akademikere (via 2),Akademikere (via 2),,CSV:LAB_disco08_comprehensive_hierarchical,medium,danish,LAB_disco08_242000,unit_group
LAB_disco08_234130,LAB,disco08,234130,Akademikere (via 2),Akademikere (via 2),,CSV:LAB_disco08_comprehensive_hierarchical,medium,danish,LAB_disco08_234100,detail
LAB_disco08_821900,LAB,disco08,821900,Montører (via 821),Montører (via 821),,CSV:LAB_disco08_comprehensive_hierarchical,medium,danish,LAB_disco08_821000,unit_group
LAB_disco08_221100,LAB,disco08,221100,Akademikere (via 2),Akademikere (via 2),,CSV:LAB_disco08_comprehensive_hierarchical,medium,danish,LAB_disco08_221000,unit_group
LAB_disco08_221200,LAB,disco08,221200,Akademikere (via 2),Akademikere (via 2),,CSV:LAB_disco08_comprehensive_hierarchical,medium,danish,LAB_disco08_221000,unit_group
LAB_disco08_241000,LAB,disco08,241000,Akademikere (via 2),Akademikere (via 2),,CSV:LAB_disco08_comprehensive_hierarchical,medium,danish,LAB_disco08_240000,minor_group
LAB_disco08_331230,LAB,disco08,331230,Teknikere og tilsvarende fagfolk (via 3),Teknikere og tilsvarende fagfolk (via 3),,CSV:LAB_disco08_comprehensive_hierarchical,medium,danish,LAB_disco08_331200,detail
LAB_disco08_235100,LAB,disco08,235100,Akademikere (via 2),Akademikere (via 2),,CSV:LAB_disco08_comprehensive_hierarchical,medium,danish,LAB_disco08_235000,unit_group
LAB_disco08_333300,LAB,disco08,333300,Teknikere og tilsvarende fagfolk (via 3),Teknikere og tilsvarende fagfolk (via 3),,CSV:LAB_disco08_comprehensive_hierarchical,medium,danish,LAB_disco08_333000,unit_group
LAB_disco08_251110,LAB,disco08,251110,Akademikere (via 2),Akademikere (via 2),,CSV:LAB_disco08_comprehensive_hierarchical,medium,danish,LAB_disco08_251100,detail
LAB_disco08_722100,LAB,disco08,722100,Håndværkere og andre faglærte arbejdere (via 7),Håndværkere og andre faglærte arbejdere (via 7),,CSV:LAB_disco08_comprehensive_hierarchical,medium,danish,LAB_disco08_722000,unit_group
LAB_disco08_721400,LAB,disco08,721400,Håndværkere og andre faglærte arbejdere (via 7),Håndværkere og andre faglærte arbejdere (via 7),,CSV:LAB_disco08_comprehensive_hierarchical,medium,danish,LAB_disco08_721000,unit_group
LAB_disco08_711210,LAB,disco08,711210,Murere (via 7112),Murere (via 7112),,CSV:LAB_disco08_comprehensive_hierarchical,medium,danish,LAB_disco08_711200,detail
LAB_disco08_251210,LAB,disco08,251210,Akademikere (via 2),Akademikere (via 2),,CSV:LAB_disco08_comprehensive_hierarchical,medium,danish,LAB_disco08_251200,detail
LAB_disco08_523000,LAB,disco08,523000,Service- og salgspersonale (via 5),Service- og salgspersonale (via 5),,CSV:LAB_disco08_comprehensive_hierarchical,medium,danish,LAB_disco08_520000,minor_group
LAB_disco08_522300,LAB,disco08,522300,Service- og salgspersonale (via 5),Service- og salgspersonale (via 5),,CSV:LAB_disco08_comprehensive_hierarchical,medium,danish,LAB_disco08_522000,unit_group
LAB_disco08_331240,LAB,disco08,331240,Teknikere og tilsvarende fagfolk (via 3),Teknikere og tilsvarende fagfolk (via 3),,CSV:LAB_disco08_comprehensive_hierarchical,medium,danish,LAB_disco08_331200,detail
LAB_disco08_421100,LAB,disco08,421100,Kontorpersonale (via 4),Kontorpersonale (via 4),,CSV:LAB_disco08_comprehensive_hierarchical,medium,danish,LAB_disco08_421000,unit_group
LAB_disco08_516900,LAB,disco08,516900,Personlige servicepersonale (via 51),Personlige servicepersonale (via 51),,CSV:LAB_disco08_comprehensive_hierarchical,medium,danish,LAB_disco08_516000,unit_group
LAB_disco08_226520,LAB,disco08,226520,Akademikere (via 2),Akademikere (via 2),,CSV:LAB_disco08_comprehensive_hierarchical,medium,danish,LAB_disco08_226500,detail
LAB_disco08_011000,LAB,disco08,011000,Officerer i forsvaret (Military officers),,Officerer i forsvaret (Military officers),none|generated,medium,danish,LAB_disco08_010000,minor_group
LAB_disco08_231020,LAB,disco08,231020,Akademikere (via 2),Akademikere (via 2),,CSV:LAB_disco08_comprehensive_hierarchical,medium,danish,LAB_disco08_231000,detail
LAB_disco08_961200,LAB,disco08,961200,Ufaglærte arbejdere (via 9),Ufaglærte arbejdere (via 9),,CSV:LAB_disco08_comprehensive_hierarchical,medium,danish,LAB_disco08_961000,unit_group
LAB_disco08_961300,LAB,disco08,961300,Ufaglærte arbejdere (via 9),Ufaglærte arbejdere (via 9),,CSV:LAB_disco08_comprehensive_hierarchical,medium,danish,LAB_disco08_961000,unit_group
LAB_disco08_241230,LAB,disco08,241230,Akademikere (via 2),Akademikere (via 2),,CSV:LAB_disco08_comprehensive_hierarchical,medium,danish,LAB_disco08_241200,detail
LAB_disco08_341200,LAB,disco08,341200,Teknikere og tilsvarende fagfolk (via 3),Teknikere og tilsvarende fagfolk (via 3),,CSV:LAB_disco08_comprehensive_hierarchical,medium,danish,LAB_disco08_341000,unit_group
LAB_disco08_532110,LAB,disco08,532110,Service- og salgspersonale (via 5),Service- og salgspersonale (via 5),,CSV:LAB_disco08_comprehensive_hierarchical,medium,danish,LAB_disco08_532100,detail
LAB_disco08_400000,LAB,disco08,400000,Kontorpersonale (via 4),Kontorpersonale (via 4),,CSV:LAB_disco08_comprehensive_hierarchical,medium,danish,,major_group
LAB_disco08_132400,LAB,disco08,132400,Ledere (via 1),Ledere (via 1),,CSV:LAB_disco08_comprehensive_hierarchical,medium,danish,LAB_disco08_132000,unit_group
LAB_disco08_931200,LAB,disco08,931200,Bygge- og anlægshjælpere (via 9312),Bygge- og anlægshjælpere (via 9312),,CSV:LAB_disco08_comprehensive_hierarchical,medium,danish,LAB_disco08_931000,unit_group
LAB_disco08_214500,LAB,disco08,214500,Kemiske ingeniører (via 2145),Kemiske ingeniører (via 2145),,CSV:LAB_disco08_comprehensive_hierarchical,medium,danish,LAB_disco08_214000,unit_group
LAB_disco08_711510,LAB,disco08,711510,Bygningsarbejdere og beslægtede fagfolk (via 711),Bygningsarbejdere og beslægtede fagfolk (via 711),,CSV:LAB_disco08_comprehensive_hierarchical,medium,danish,LAB_disco08_711500,detail
LAB_disco08_134500,LAB,disco08,134500,Ledere (via 1),Ledere (via 1),,CSV:LAB_disco08_comprehensive_hierarchical,medium,danish,LAB_disco08_134000,unit_group
LAB_disco08_814300,LAB,disco08,814300,Operatører af stationære anlæg og maskiner (via 81),Operatører af stationære anlæg og maskiner (via 81),,CSV:LAB_disco08_comprehensive_hierarchical,medium,danish,LAB_disco08_814000,unit_group
LAB_disco08_235200,LAB,disco08,235200,Akademikere (via 2),Akademikere (via 2),,CSV:LAB_disco08_comprehensive_hierarchical,medium,danish,LAB_disco08_235000,unit_group
LAB_disco08_532120,LAB,disco08,532120,Service- og salgspersonale (via 5),Service- og salgspersonale (via 5),,CSV:LAB_disco08_comprehensive_hierarchical,medium,danish,LAB_disco08_532100,detail
LAB_disco08_263400,LAB,disco08,263400,Akademikere (via 2),Akademikere (via 2),,CSV:LAB_disco08_comprehensive_hierarchical,medium,danish,LAB_disco08_263000,unit_group
LAB_disco08_510000,LAB,disco08,510000,Personlige servicepersonale (via 51),Personlige servicepersonale (via 51),,CSV:LAB_disco08_comprehensive_hierarchical,medium,danish,LAB_disco08_500000,sub_major_group
LAB_disco08_531190,LAB,disco08,531190,Service- og salgspersonale (via 5),Service- og salgspersonale (via 5),,CSV:LAB_disco08_comprehensive_hierarchical,medium,danish,LAB_disco08_531100,detail
LAB_disco08_413200,LAB,disco08,413200,Kontorpersonale til databehandling (via 4132),Kontorpersonale til databehandling (via 4132),,CSV:LAB_disco08_comprehensive_hierarchical,medium,danish,LAB_disco08_413000,unit_group
LAB_disco08_261900,LAB,disco08,261900,Akademikere (via 2),Akademikere (via 2),,CSV:LAB_disco08_comprehensive_hierarchical,medium,danish,LAB_disco08_261000,unit_group
LAB_disco08_422700,LAB,disco08,422700,Kontorpersonale (via 4),Kontorpersonale (via 4),,CSV:LAB_disco08_comprehensive_hierarchical,medium,danish,LAB_disco08_422000,unit_group
LAB_disco08_441210,LAB,disco08,441210,Kontorpersonale (via 4),Kontorpersonale (via 4),,CSV:LAB_disco08_comprehensive_hierarchical,medium,danish,LAB_disco08_441200,detail
LAB_disco08_962110,LAB,disco08,962110,Ufaglærte arbejdere (via 9),Ufaglærte arbejdere (via 9),,CSV:LAB_disco08_comprehensive_hierarchical,medium,danish,LAB_disco08_962100,detail
LAB_disco08_226510,LAB,disco08,226510,Akademikere (via 2),Akademikere (via 2),,CSV:LAB_disco08_comprehensive_hierarchical,medium,danish,LAB_disco08_226500,detail
LAB_disco08_226500,LAB,disco08,226500,Akademikere (via 2),Akademikere (via 2),,CSV:LAB_disco08_comprehensive_hierarchical,medium,danish,LAB_disco08_226000,unit_group
LAB_disco08_334200,LAB,disco08,334200,Teknikere og tilsvarende fagfolk (via 3),Teknikere og tilsvarende fagfolk (via 3),,CSV:LAB_disco08_comprehensive_hierarchical,medium,danish,LAB_disco08_334000,unit_group
LAB_disco08_532000,LAB,disco08,532000,Service- og salgspersonale (via 5),Service- og salgspersonale (via 5),,CSV:LAB_disco08_comprehensive_hierarchical,medium,danish,LAB_disco08_530000,minor_group
LAB_disco08_225000,LAB,disco08,225000,Akademikere (via 2),Akademikere (via 2),,CSV:LAB_disco08_comprehensive_hierarchical,medium,danish,LAB_disco08_220000,minor_group
LAB_disco08_712200,LAB,disco08,712200,Gulvlæggere og flisesættere (via 7122),Gulvlæggere og flisesættere (via 7122),,CSV:LAB_disco08_comprehensive_hierarchical,medium,danish,LAB_disco08_712000,unit_group
LAB_disco08_134000,LAB,disco08,134000,Ledere (via 1),Ledere (via 1),,CSV:LAB_disco08_comprehensive_hierarchical,medium,danish,LAB_disco08_130000,minor_group
LAB_disco08_134100,LAB,disco08,134100,Ledere (via 1),Ledere (via 1),,CSV:LAB_disco08_comprehensive_hierarchical,medium,danish,LAB_disco08_134000,unit_group
LAB_disco08_334400,LAB,disco08,334400,Teknikere og tilsvarende fagfolk (via 3),Teknikere og tilsvarende fagfolk (via 3),,CSV:LAB_disco08_comprehensive_hierarchical,medium,danish,LAB_disco08_334000,unit_group
LAB_disco08_251120,LAB,disco08,251120,Akademikere (via 2),Akademikere (via 2),,CSV:LAB_disco08_comprehensive_hierarchical,medium,danish,LAB_disco08_251100,detail
LAB_disco08_242000,LAB,disco08,242000,Akademikere (via 2),Akademikere (via 2),,CSV:LAB_disco08_comprehensive_hierarchical,medium,danish,LAB_disco08_240000,minor_group
LAB_disco08_422600,LAB,disco08,422600,Kontorpersonale (via 4),Kontorpersonale (via 4),,CSV:LAB_disco08_comprehensive_hierarchical,medium,danish,LAB_disco08_422000,unit_group
LAB_disco08_211200,LAB,disco08,211200,Meteorologer (via 2112),Meteorologer (via 2112),,CSV:LAB_disco08_comprehensive_hierarchical,medium,danish,LAB_disco08_211000,unit_group
LAB_disco08_311110,LAB,disco08,311110,Kemiske og fysiske teknikere (via 3111),Kemiske og fysiske teknikere (via 3111),,CSV:LAB_disco08_comprehensive_hierarchical,medium,danish,LAB_disco08_311100,detail
LAB_disco08_931290,LAB,disco08,931290,Bygge- og anlægshjælpere (via 9312),Bygge- og anlægshjælpere (via 9312),,CSV:LAB_disco08_comprehensive_hierarchical,medium,danish,LAB_disco08_931200,detail
LAB_disco08_121990,LAB,disco08,121990,Anden virksomheds- og administrationsledelse (via 1219),Anden virksomheds- og administrationsledelse (via 1219),,CSV:LAB_disco08_comprehensive_hierarchical,medium,danish,LAB_disco08_121900,detail
LAB_disco08_541400,LAB,disco08,541400,Service- og salgspersonale (via 5),Service- og salgspersonale (via 5),,CSV:LAB_disco08_comprehensive_hierarchical,medium,danish,LAB_disco08_541000,unit_group
LAB_disco08_230000,LAB,disco08,230000,Akademikere (via 2),Akademikere (via 2),,CSV:LAB_disco08_comprehensive_hierarchical,medium,danish,LAB_disco08_200000,sub_major_group
LAB_disco08_031000,LAB,disco08,031000,DISCO-08 occupation code 031000,,DISCO-08 occupation code 031000,none|generated,medium,danish,LAB_disco08_030000,minor_group
LAB_disco08_941210,LAB,disco08,941210,Køkkenhjælpere (via 9412),Køkkenhjælpere (via 9412),,CSV:LAB_disco08_comprehensive_hierarchical,medium,danish,LAB_disco08_941200,detail
LAB_disco08_222110,LAB,disco08,222110,Specialist medical practitioners (via 2221),Specialist medical practitioners (via 2221),,CSV:LAB_disco08_dst_hierarchical,medium,danish,LAB_disco08_222100,detail
LAB_disco08_532190,LAB,disco08,532190,Service- og salgspersonale (via 5),Service- og salgspersonale (via 5),,CSV:LAB_disco08_comprehensive_hierarchical,medium,danish,LAB_disco08_532100,detail
LAB_disco08_214100,LAB,disco08,214100,Bygge- og anlægsingeniører (via 2141),Bygge- og anlægsingeniører (via 2141),,CSV:LAB_disco08_comprehensive_hierarchical,medium,danish,LAB_disco08_214000,unit_group
LAB_disco08_214000,LAB,disco08,214000,Ingeniører (undtagen elektroingeniører) (via 214),Ingeniører (undtagen elektroingeniører) (via 214),,CSV:LAB_disco08_comprehensive_hierarchical,medium,danish,LAB_disco08_210000,minor_group
LAB_disco08_422300,LAB,disco08,422300,Kontorpersonale (via 4),Kontorpersonale (via 4),,CSV:LAB_disco08_comprehensive_hierarchical,medium,danish,LAB_disco08_422000,unit_group
LAB_disco08_740000,LAB,disco08,740000,Håndværkere og andre faglærte arbejdere (via 7),Håndværkere og andre faglærte arbejdere (via 7),,CSV:LAB_disco08_comprehensive_hierarchical,medium,danish,LAB_disco08_700000,sub_major_group
LAB_disco08_264200,LAB,disco08,264200,Akademikere (via 2),Akademikere (via 2),,CSV:LAB_disco08_comprehensive_hierarchical,medium,danish,LAB_disco08_264000,unit_group
LAB_disco08_321210,LAB,disco08,321210,Teknikere og tilsvarende fagfolk (via 3),Teknikere og tilsvarende fagfolk (via 3),,CSV:LAB_disco08_comprehensive_hierarchical,medium,danish,LAB_disco08_321200,detail
LAB_disco08_222100,LAB,disco08,222100,Specialist medical practitioners (via 2221),Specialist medical practitioners (via 2221),,CSV:LAB_disco08_dst_hierarchical,medium,danish,LAB_disco08_222000,unit_group
LAB_disco08_220000,LAB,disco08,220000,Akademikere (via 2),Akademikere (via 2),,CSV:LAB_disco08_comprehensive_hierarchical,medium,danish,LAB_disco08_200000,sub_major_group
LAB_disco08_515000,LAB,disco08,515000,Personlige servicepersonale (via 51),Personlige servicepersonale (via 51),,CSV:LAB_disco08_comprehensive_hierarchical,medium,danish,LAB_disco08_510000,minor_group
LAB_disco08_300000,LAB,disco08,300000,Teknikere og tilsvarende fagfolk (via 3),Teknikere og tilsvarende fagfolk (via 3),,CSV:LAB_disco08_comprehensive_hierarchical,medium,danish,,major_group
LAB_disco08_921200,LAB,disco08,921200,Skovbrugshjælpere (via 9212),Skovbrugshjælpere (via 9212),,CSV:LAB_disco08_comprehensive_hierarchical,medium,danish,LAB_disco08_921000,unit_group
LAB_disco08_821200,LAB,disco08,821200,Elektronik- og telekommunikationsmonører (via 8212),Elektronik- og telekommunikationsmonører (via 8212),,CSV:LAB_disco08_comprehensive_hierarchical,medium,danish,LAB_disco08_821000,unit_group
LAB_disco08_422200,LAB,disco08,422200,Kontorpersonale (via 4),Kontorpersonale (via 4),,CSV:LAB_disco08_comprehensive_hierarchical,medium,danish,LAB_disco08_422000,unit_group
LAB_disco08_931390,LAB,disco08,931390,Bygningsrengøringspersonale og beslægtede fagfolk (via 9313),Bygningsrengøringspersonale og beslægtede fagfolk (via 9313),,CSV:LAB_disco08_comprehensive_hierarchical,medium,danish,LAB_disco08_931300,detail
LAB_disco08_911230,LAB,disco08,911230,"Rengøringspersonale og hjælpere på kontorer, hoteller mv. (via 9112)","Rengøringspersonale og hjælpere på kontorer, hoteller mv. (via 9112)",,CSV:LAB_disco08_comprehensive_hierarchical,medium,danish,LAB_disco08_911200,detail
LAB_disco08_815200,LAB,disco08,815200,Operatører af stationære anlæg og maskiner (via 81),Operatører af stationære anlæg og maskiner (via 81),,CSV:LAB_disco08_comprehensive_hierarchical,medium,danish,LAB_disco08_815000,unit_group
LAB_disco08_818990,LAB,disco08,818990,Operatører af stationære anlæg og maskiner (via 81),Operatører af stationære anlæg og maskiner (via 81),,CSV:LAB_disco08_comprehensive_hierarchical,medium,danish,LAB_disco08_818900,detail
LAB_disco08_912200,LAB,disco08,912200,Hjælpere inden for køkken (via 912),Hjælpere inden for køkken (via 912),,CSV:LAB_disco08_comprehensive_hierarchical,medium,danish,LAB_disco08_912000,unit_group
LAB_disco08_321100,LAB,disco08,321100,Teknikere og tilsvarende fagfolk (via 3),Teknikere og tilsvarende fagfolk (via 3),,CSV:LAB_disco08_comprehensive_hierarchical,medium,danish,LAB_disco08_321000,unit_group
LAB_disco08_514200,LAB,disco08,514200,Personlige servicepersonale (via 51),Personlige servicepersonale (via 51),,CSV:LAB_disco08_comprehensive_hierarchical,medium,danish,LAB_disco08_514000,unit_group
LAB_disco08_222120,LAB,disco08,222120,Specialist medical practitioners (via 2221),Specialist medical practitioners (via 2221),,CSV:LAB_disco08_dst_hierarchical,medium,danish,LAB_disco08_222100,detail
LAB_disco08_234330,LAB,disco08,234330,Akademikere (via 2),Akademikere (via 2),,CSV:LAB_disco08_comprehensive_hierarchical,medium,danish,LAB_disco08_234300,detail
LAB_disco08_265100,LAB,disco08,265100,Akademikere (via 2),Akademikere (via 2),,CSV:LAB_disco08_comprehensive_hierarchical,medium,danish,LAB_disco08_265000,unit_group
LAB_disco08_265000,LAB,disco08,265000,Akademikere (via 2),Akademikere (via 2),,CSV:LAB_disco08_comprehensive_hierarchical,medium,danish,LAB_disco08_260000,minor_group
LAB_disco08_142020,LAB,disco08,142020,Ledere (via 1),Ledere (via 1),,CSV:LAB_disco08_comprehensive_hierarchical,medium,danish,LAB_disco08_142000,detail
LAB_disco08_311400,LAB,disco08,311400,Elektronik- og telekommunikationsteknikere (via 3114),Elektronik- og telekommunikationsteknikere (via 3114),,CSV:LAB_disco08_comprehensive_hierarchical,medium,danish,LAB_disco08_311000,unit_group
LAB_disco08_816010,LAB,disco08,816010,Operatører af stationære anlæg og maskiner (via 81),Operatører af stationære anlæg og maskiner (via 81),,CSV:LAB_disco08_comprehensive_hierarchical,medium,danish,LAB_disco08_816000,detail
LAB_disco08_216100,LAB,disco08,216100,Bygningsarkitekter (via 2161),Bygningsarkitekter (via 2161),,CSV:LAB_disco08_comprehensive_hierarchical,medium,danish,LAB_disco08_216000,unit_group
LAB_disco08_121320,LAB,disco08,121320,Administrativ ledelse i den offentlige sektor,Administrativ ledelse i den offentlige sektor,,CSV:LAB_disco08_dict.csv,medium,danish,LAB_disco08_121300,detail
LAB_disco08_331500,LAB,disco08,331500,Teknikere og tilsvarende fagfolk (via 3),Teknikere og tilsvarende fagfolk (via 3),,CSV:LAB_disco08_comprehensive_hierarchical,medium,danish,LAB_disco08_331000,unit_group
LAB_disco08_241220,LAB,disco08,241220,Akademikere (via 2),Akademikere (via 2),,CSV:LAB_disco08_comprehensive_hierarchical,medium,danish,LAB_disco08_241200,detail
LAB_disco08_241320,LAB,disco08,241320,Akademikere (via 2),Akademikere (via 2),,CSV:LAB_disco08_comprehensive_hierarchical,medium,danish,LAB_disco08_241300,detail
LAB_disco08_812100,LAB,disco08,812100,Operatører af metalsmeltningsanlæg (via 8121),Operatører af metalsmeltningsanlæg (via 8121),,CSV:LAB_disco08_comprehensive_hierarchical,medium,danish,LAB_disco08_812000,unit_group
LAB_disco08_343400,LAB,disco08,343400,Teknikere og tilsvarende fagfolk (via 3),Teknikere og tilsvarende fagfolk (via 3),,CSV:LAB_disco08_comprehensive_hierarchical,medium,danish,LAB_disco08_343000,unit_group
LAB_disco08_833210,LAB,disco08,833210,Førere af køretøjer og operatører af mobilt udstyr (via 83),Førere af køretøjer og operatører af mobilt udstyr (via 83),,CSV:LAB_disco08_comprehensive_hierarchical,medium,danish,LAB_disco08_833200,detail
LAB_disco08_817100,LAB,disco08,817100,Operatører af stationære anlæg og maskiner (via 81),Operatører af stationære anlæg og maskiner (via 81),,CSV:LAB_disco08_comprehensive_hierarchical,medium,danish,LAB_disco08_817000,unit_group
LAB_disco08_532130,LAB,disco08,532130,Service- og salgspersonale (via 5),Service- og salgspersonale (via 5),,CSV:LAB_disco08_comprehensive_hierarchical,medium,danish,LAB_disco08_532100,detail
LAB_disco08_522100,LAB,disco08,522100,Service- og salgspersonale (via 5),Service- og salgspersonale (via 5),,CSV:LAB_disco08_comprehensive_hierarchical,medium,danish,LAB_disco08_522000,unit_group
LAB_disco08_933420,LAB,disco08,933420,Tankpåfyldere og beslægtede fagfolk (via 9334),Tankpåfyldere og beslægtede fagfolk (via 9334),,CSV:LAB_disco08_comprehensive_hierarchical,medium,danish,LAB_disco08_933400,detail
LAB_disco08_911220,LAB,disco08,911220,"Rengøringspersonale og hjælpere på kontorer, hoteller mv. (via 9112)","Rengøringspersonale og hjælpere på kontorer, hoteller mv. (via 9112)",,CSV:LAB_disco08_comprehensive_hierarchical,medium,danish,LAB_disco08_911200,detail
LAB_disco08_732300,LAB,disco08,732300,Håndværkere og andre faglærte arbejdere (via 7),Håndværkere og andre faglærte arbejdere (via 7),,CSV:LAB_disco08_comprehensive_hierarchical,medium,danish,LAB_disco08_732000,unit_group
LAB_disco08_541900,LAB,disco08,541900,Service- og salgspersonale (via 5),Service- og salgspersonale (via 5),,CSV:LAB_disco08_comprehensive_hierarchical,medium,danish,LAB_disco08_541000,unit_group
LAB_disco08_233010,LAB,disco08,233010,Special needs teachers (via 2330),Special needs teachers (via 2330),,CSV:LAB_disco08_dst_hierarchical,medium,danish,LAB_disco08_233000,detail
LAB_disco08_232010,LAB,disco08,232010,Teaching professionals (via 2320),Teaching professionals (via 2320),,CSV:LAB_disco08_dst_hierarchical,medium,danish,LAB_disco08_232000,detail
LAB_disco08_832220,LAB,disco08,832220,"Car, taxi and van drivers (via 8322)","Car, taxi and van drivers (via 8322)",,CSV:LAB_disco08_dst_hierarchical,medium,danish,LAB_disco08_832200,detail
LAB_disco08_243100,LAB,disco08,243100,Akademikere (via 2),Akademikere (via 2),,CSV:LAB_disco08_comprehensive_hierarchical,medium,danish,LAB_disco08_243000,unit_group
LAB_disco08_234390,LAB,disco08,234390,Akademikere (via 2),Akademikere (via 2),,CSV:LAB_disco08_comprehensive_hierarchical,medium,danish,LAB_disco08_234300,detail
LAB_disco08_512000,LAB,disco08,512000,Cooks (via 5120),Cooks (via 5120),,CSV:LAB_disco08_dst_hierarchical,medium,danish,LAB_disco08_510000,minor_group
LAB_disco08_710000,LAB,disco08,710000,Byggearbejdere og beslægtede fagfolk undtagen elektrikere (via 71),Byggearbejdere og beslægtede fagfolk undtagen elektrikere (via 71),,CSV:LAB_disco08_comprehensive_hierarchical,medium,danish,LAB_disco08_700000,sub_major_group
LAB_disco08_216000,LAB,disco08,216000,"Arkitekter, planlæggere, designere og landskabsarkitekter (via 216)","Arkitekter, planlæggere, designere og landskabsarkitekter (via 216)",,CSV:LAB_disco08_comprehensive_hierarchical,medium,danish,LAB_disco08_210000,minor_group
LAB_disco08_541200,LAB,disco08,541200,Service- og salgspersonale (via 5),Service- og salgspersonale (via 5),,CSV:LAB_disco08_comprehensive_hierarchical,medium,danish,LAB_disco08_541000,unit_group
LAB_disco08_122100,LAB,disco08,122100,Salgsdirektører (via 1221),Salgsdirektører (via 1221),,CSV:LAB_disco08_comprehensive_hierarchical,medium,danish,LAB_disco08_122000,unit_group
LAB_disco08_241100,LAB,disco08,241100,Akademikere (via 2),Akademikere (via 2),,CSV:LAB_disco08_comprehensive_hierarchical,medium,danish,LAB_disco08_241000,unit_group
LAB_disco08_251900,LAB,disco08,251900,Akademikere (via 2),Akademikere (via 2),,CSV:LAB_disco08_comprehensive_hierarchical,medium,danish,LAB_disco08_251000,unit_group
LAB_disco08_351200,LAB,disco08,351200,Teknikere og tilsvarende fagfolk (via 3),Teknikere og tilsvarende fagfolk (via 3),,CSV:LAB_disco08_comprehensive_hierarchical,medium,danish,LAB_disco08_351000,unit_group
LAB_disco08_251220,LAB,disco08,251220,Akademikere (via 2),Akademikere (via 2),,CSV:LAB_disco08_comprehensive_hierarchical,medium,danish,LAB_disco08_251200,detail
LAB_disco08_532220,LAB,disco08,532220,Service- og salgspersonale (via 5),Service- og salgspersonale (via 5),,CSV:LAB_disco08_comprehensive_hierarchical,medium,danish,LAB_disco08_532200,detail
LAB_disco08_313200,LAB,disco08,313200,Naturvidenskabelige og tekniske teknikere (via 31),Naturvidenskabelige og tekniske teknikere (via 31),,CSV:LAB_disco08_comprehensive_hierarchical,medium,danish,LAB_disco08_313000,unit_group
LAB_disco08_962900,LAB,disco08,962900,Ufaglærte arbejdere (via 9),Ufaglærte arbejdere (via 9),,CSV:LAB_disco08_comprehensive_hierarchical,medium,danish,LAB_disco08_962000,unit_group
LAB_disco08_833220,LAB,disco08,833220,Førere af køretøjer og operatører af mobilt udstyr (via 83),Førere af køretøjer og operatører af mobilt udstyr (via 83),,CSV:LAB_disco08_comprehensive_hierarchical,medium,danish,LAB_disco08_833200,detail
LAB_disco08_242300,LAB,disco08,242300,Akademikere (via 2),Akademikere (via 2),,CSV:LAB_disco08_comprehensive_hierarchical,medium,danish,LAB_disco08_242000,unit_group
LAB_disco08_524400,LAB,disco08,524400,Service- og salgspersonale (via 5),Service- og salgspersonale (via 5),,CSV:LAB_disco08_comprehensive_hierarchical,medium,danish,LAB_disco08_524000,unit_group
LAB_disco08_741100,LAB,disco08,741100,Håndværkere og andre faglærte arbejdere (via 7),Håndværkere og andre faglærte arbejdere (via 7),,CSV:LAB_disco08_comprehensive_hierarchical,medium,danish,LAB_disco08_741000,unit_group
LAB_disco08_321230,LAB,disco08,321230,Teknikere og tilsvarende fagfolk (via 3),Teknikere og tilsvarende fagfolk (via 3),,CSV:LAB_disco08_comprehensive_hierarchical,medium,danish,LAB_disco08_321200,detail
LAB_disco08_235910,LAB,disco08,235910,Akademikere (via 2),Akademikere (via 2),,CSV:LAB_disco08_comprehensive_hierarchical,medium,danish,LAB_disco08_235900,detail
LAB_disco08_335200,LAB,disco08,335200,Teknikere og tilsvarende fagfolk (via 3),Teknikere og tilsvarende fagfolk (via 3),,CSV:LAB_disco08_comprehensive_hierarchical,medium,danish,LAB_disco08_335000,unit_group
LAB_disco08_833240,LAB,disco08,833240,Førere af køretøjer og operatører af mobilt udstyr (via 83),Førere af køretøjer og operatører af mobilt udstyr (via 83),,CSV:LAB_disco08_comprehensive_hierarchical,medium,danish,LAB_disco08_833200,detail
LAB_disco08_311590,LAB,disco08,311590,Maskinteknikere (via 3115),Maskinteknikere (via 3115),,CSV:LAB_disco08_comprehensive_hierarchical,medium,danish,LAB_disco08_311500,detail
LAB_disco08_611200,LAB,disco08,611200,Gartnere og planteavlere (via 6112),Gartnere og planteavlere (via 6112),,CSV:LAB_disco08_comprehensive_hierarchical,medium,danish,LAB_disco08_611000,unit_group
LAB_disco08_234100,LAB,disco08,234100,Akademikere (via 2),Akademikere (via 2),,CSV:LAB_disco08_comprehensive_hierarchical,medium,danish,LAB_disco08_234000,unit_group
LAB_disco08_311300,LAB,disco08,311300,Elektroteknikere (via 3113),Elektroteknikere (via 3113),,CSV:LAB_disco08_comprehensive_hierarchical,medium,danish,LAB_disco08_311000,unit_group
LAB_disco08_941100,LAB,disco08,941100,Hurtigmadslavere (via 9411),Hurtigmadslavere (via 9411),,CSV:LAB_disco08_comprehensive_hierarchical,medium,danish,LAB_disco08_941000,unit_group
LAB_disco08_431220,LAB,disco08,431220,Kontorpersonale (via 4),Kontorpersonale (via 4),,CSV:LAB_disco08_comprehensive_hierarchical,medium,danish,LAB_disco08_431200,detail
LAB_disco08_941000,LAB,disco08,941000,Fødevarelavere (via 941),Fødevarelavere (via 941),,CSV:LAB_disco08_comprehensive_hierarchical,medium,danish,LAB_disco08_940000,minor_group
LAB_disco08_351300,LAB,disco08,351300,Teknikere og tilsvarende fagfolk (via 3),Teknikere og tilsvarende fagfolk (via 3),,CSV:LAB_disco08_comprehensive_hierarchical,medium,danish,LAB_disco08_351000,unit_group
LAB_disco08_134990,LAB,disco08,134990,Ledere (via 1),Ledere (via 1),,CSV:LAB_disco08_comprehensive_hierarchical,medium,danish,LAB_disco08_134900,detail
LAB_disco08_752300,LAB,disco08,752300,Håndværkere og andre faglærte arbejdere (via 7),Håndværkere og andre faglærte arbejdere (via 7),,CSV:LAB_disco08_comprehensive_hierarchical,medium,danish,LAB_disco08_752000,unit_group
LAB_disco08_134600,LAB,disco08,134600,Ledere (via 1),Ledere (via 1),,CSV:LAB_disco08_comprehensive_hierarchical,medium,danish,LAB_disco08_134000,unit_group
LAB_disco08_241240,LAB,disco08,241240,Akademikere (via 2),Akademikere (via 2),,CSV:LAB_disco08_comprehensive_hierarchical,medium,danish,LAB_disco08_241200,detail
LAB_disco08_341300,LAB,disco08,341300,Teknikere og tilsvarende fagfolk (via 3),Teknikere og tilsvarende fagfolk (via 3),,CSV:LAB_disco08_comprehensive_hierarchical,medium,danish,LAB_disco08_341000,unit_group
LAB_disco08_111100,LAB,disco08,111100,Øverste ledelse i lovgivende myndigheder,Øverste ledelse i lovgivende myndigheder,,CSV:LAB_disco08_dict.csv,medium,danish,LAB_disco08_111000,unit_group
LAB_disco08_111200,LAB,disco08,111200,Øverste ledelse i offentlige virksomheder,Øverste ledelse i offentlige virksomheder,,CSV:LAB_disco08_dict.csv,medium,danish,LAB_disco08_111000,unit_group
LAB_disco08_260000,LAB,disco08,260000,Akademikere (via 2),Akademikere (via 2),,CSV:LAB_disco08_comprehensive_hierarchical,medium,danish,LAB_disco08_200000,sub_major_group
LAB_disco08_722400,LAB,disco08,722400,Håndværkere og andre faglærte arbejdere (via 7),Håndværkere og andre faglærte arbejdere (via 7),,CSV:LAB_disco08_comprehensive_hierarchical,medium,danish,LAB_disco08_722000,unit_group
LAB_disco08_818210,LAB,disco08,818210,Operatører af stationære anlæg og maskiner (via 81),Operatører af stationære anlæg og maskiner (via 81),,CSV:LAB_disco08_comprehensive_hierarchical,medium,danish,LAB_disco08_818200,detail
LAB_disco08_332300,LAB,disco08,332300,Teknikere og tilsvarende fagfolk (via 3),Teknikere og tilsvarende fagfolk (via 3),,CSV:LAB_disco08_comprehensive_hierarchical,medium,danish,LAB_disco08_332000,unit_group
LAB_disco08_311200,LAB,disco08,311200,Bygge- og anlægsteknikere (via 3112),Bygge- og anlægsteknikere (via 3112),,CSV:LAB_disco08_comprehensive_hierarchical,medium,danish,LAB_disco08_311000,unit_group
LAB_disco08_721200,LAB,disco08,721200,Håndværkere og andre faglærte arbejdere (via 7),Håndværkere og andre faglærte arbejdere (via 7),,CSV:LAB_disco08_comprehensive_hierarchical,medium,danish,LAB_disco08_721000,unit_group
LAB_disco08_331210,LAB,disco08,331210,Teknikere og tilsvarende fagfolk (via 3),Teknikere og tilsvarende fagfolk (via 3),,CSV:LAB_disco08_comprehensive_hierarchical,medium,danish,LAB_disco08_331200,detail
LAB_disco08_241210,LAB,disco08,241210,Akademikere (via 2),Akademikere (via 2),,CSV:LAB_disco08_comprehensive_hierarchical,medium,danish,LAB_disco08_241200,detail
LAB_disco08_833230,LAB,disco08,833230,Førere af køretøjer og operatører af mobilt udstyr (via 83),Førere af køretøjer og operatører af mobilt udstyr (via 83),,CSV:LAB_disco08_comprehensive_hierarchical,medium,danish,LAB_disco08_833200,detail
LAB_disco08_611100,LAB,disco08,611100,Landbrugsarbejdere (via 6111),Landbrugsarbejdere (via 6111),,CSV:LAB_disco08_comprehensive_hierarchical,medium,danish,LAB_disco08_611000,unit_group
LAB_disco08_834310,LAB,disco08,834310,Førere af køretøjer og operatører af mobilt udstyr (via 83),Førere af køretøjer og operatører af mobilt udstyr (via 83),,CSV:LAB_disco08_comprehensive_hierarchical,medium,danish,LAB_disco08_834300,detail
LAB_disco08_834320,LAB,disco08,834320,Førere af køretøjer og operatører af mobilt udstyr (via 83),Førere af køretøjer og operatører af mobilt udstyr (via 83),,CSV:LAB_disco08_comprehensive_hierarchical,medium,danish,LAB_disco08_834300,detail
LAB_disco08_234310,LAB,disco08,234310,Akademikere (via 2),Akademikere (via 2),,CSV:LAB_disco08_comprehensive_hierarchical,medium,danish,LAB_disco08_234300,detail
LAB_disco08_333410,LAB,disco08,333410,Teknikere og tilsvarende fagfolk (via 3),Teknikere og tilsvarende fagfolk (via 3),,CSV:LAB_disco08_comprehensive_hierarchical,medium,danish,LAB_disco08_333400,detail
LAB_disco08_541100,LAB,disco08,541100,Service- og salgspersonale (via 5),Service- og salgspersonale (via 5),,CSV:LAB_disco08_comprehensive_hierarchical,medium,danish,LAB_disco08_541000,unit_group
LAB_disco08_720000,LAB,disco08,720000,Håndværkere og andre faglærte arbejdere (via 7),Håndværkere og andre faglærte arbejdere (via 7),,CSV:LAB_disco08_comprehensive_hierarchical,medium,danish,LAB_disco08_700000,sub_major_group
LAB_disco08_311100,LAB,disco08,311100,Kemiske og fysiske teknikere (via 3111),Kemiske og fysiske teknikere (via 3111),,CSV:LAB_disco08_comprehensive_hierarchical,medium,danish,LAB_disco08_311000,unit_group
LAB_disco08_311130,LAB,disco08,311130,Kemiske og fysiske teknikere (via 3111),Kemiske og fysiske teknikere (via 3111),,CSV:LAB_disco08_comprehensive_hierarchical,medium,danish,LAB_disco08_311100,detail
LAB_disco08_912100,LAB,disco08,912100,Hjælpere inden for køkken (via 912),Hjælpere inden for køkken (via 912),,CSV:LAB_disco08_comprehensive_hierarchical,medium,danish,LAB_disco08_912000,unit_group
LAB_disco08_814210,LAB,disco08,814210,Operatører af stationære anlæg og maskiner (via 81),Operatører af stationære anlæg og maskiner (via 81),,CSV:LAB_disco08_comprehensive_hierarchical,medium,danish,LAB_disco08_814200,detail
LAB_disco08_264320,LAB,disco08,264320,Akademikere (via 2),Akademikere (via 2),,CSV:LAB_disco08_comprehensive_hierarchical,medium,danish,LAB_disco08_264300,detail
LAB_disco08_912990,LAB,disco08,912990,Hjælpere inden for køkken (via 912),Hjælpere inden for køkken (via 912),,CSV:LAB_disco08_comprehensive_hierarchical,medium,danish,LAB_disco08_912900,detail
LAB_disco08_311900,LAB,disco08,311900,Fysiske og tekniske teknikere i.a.n. (via 3119),Fysiske og tekniske teknikere i.a.n. (via 3119),,CSV:LAB_disco08_comprehensive_hierarchical,medium,danish,LAB_disco08_311000,unit_group
LAB_disco08_214900,LAB,disco08,214900,Ingeniører i.a.n. (via 2149),Ingeniører i.a.n. (via 2149),,CSV:LAB_disco08_comprehensive_hierarchical,medium,danish,LAB_disco08_214000,unit_group
LAB_disco08_213300,LAB,disco08,213300,Miljøspecialister (via 2133),Miljøspecialister (via 2133),,CSV:LAB_disco08_comprehensive_hierarchical,medium,danish,LAB_disco08_213000,unit_group
LAB_disco08_214300,LAB,disco08,214300,Miljøingeniører (via 2143),Miljøingeniører (via 2143),,CSV:LAB_disco08_comprehensive_hierarchical,medium,danish,LAB_disco08_214000,unit_group
LAB_disco08_210000,LAB,disco08,210000,Naturvidenskabelige og tekniske fagfolk (via 21),Naturvidenskabelige og tekniske fagfolk (via 21),,CSV:LAB_disco08_comprehensive_hierarchical,medium,danish,LAB_disco08_200000,sub_major_group
LAB_disco08_333900,LAB,disco08,333900,Teknikere og tilsvarende fagfolk (via 3),Teknikere og tilsvarende fagfolk (via 3),,CSV:LAB_disco08_comprehensive_hierarchical,medium,danish,LAB_disco08_333000,unit_group
LAB_disco08_961100,LAB,disco08,961100,Ufaglærte arbejdere (via 9),Ufaglærte arbejdere (via 9),,CSV:LAB_disco08_comprehensive_hierarchical,medium,danish,LAB_disco08_961000,unit_group
LAB_disco08_911260,LAB,disco08,911260,"Rengøringspersonale og hjælpere på kontorer, hoteller mv. (via 9112)","Rengøringspersonale og hjælpere på kontorer, hoteller mv. (via 9112)",,CSV:LAB_disco08_comprehensive_hierarchical,medium,danish,LAB_disco08_911200,detail
LAB_disco08_941220,LAB,disco08,941220,Køkkenhjælpere (via 9412),Køkkenhjælpere (via 9412),,CSV:LAB_disco08_comprehensive_hierarchical,medium,danish,LAB_disco08_941200,detail
LAB_disco08_431100,LAB,disco08,431100,Kontorpersonale (via 4),Kontorpersonale (via 4),,CSV:LAB_disco08_comprehensive_hierarchical,medium,danish,LAB_disco08_431000,unit_group
LAB_disco08_332000,LAB,disco08,332000,Teknikere og tilsvarende fagfolk (via 3),Teknikere og tilsvarende fagfolk (via 3),,CSV:LAB_disco08_comprehensive_hierarchical,medium,danish,LAB_disco08_330000,minor_group
LAB_disco08_252200,LAB,disco08,252200,Akademikere (via 2),Akademikere (via 2),,CSV:LAB_disco08_comprehensive_hierarchical,medium,danish,LAB_disco08_252000,unit_group
LAB_disco08_235790,LAB,disco08,235790,Akademikere (via 2),Akademikere (via 2),,CSV:LAB_disco08_comprehensive_hierarchical,medium,danish,LAB_disco08_235700,detail
LAB_disco08_713110,LAB,disco08,713110,Byggearbejdere og beslægtede fagfolk undtagen elektrikere (via 71),Byggearbejdere og beslægtede fagfolk undtagen elektrikere (via 71),,CSV:LAB_disco08_comprehensive_hierarchical,medium,danish,LAB_disco08_713100,detail
LAB_disco08_412000,LAB,disco08,412000,Sekretærer (generelle) (via 4120),Sekretærer (generelle) (via 4120),,CSV:LAB_disco08_comprehensive_hierarchical,medium,danish,LAB_disco08_410000,minor_group
LAB_disco08_352100,LAB,disco08,352100,Teknikere og tilsvarende fagfolk (via 3),Teknikere og tilsvarende fagfolk (via 3),,CSV:LAB_disco08_comprehensive_hierarchical,medium,danish,LAB_disco08_352000,unit_group
LAB_disco08_222130,LAB,disco08,222130,Specialist medical practitioners (via 2221),Specialist medical practitioners (via 2221),,CSV:LAB_disco08_dst_hierarchical,medium,danish,LAB_disco08_222100,detail
LAB_disco08_513100,LAB,disco08,513100,Tjenere (via 5131),Tjenere (via 5131),,CSV:LAB_disco08_comprehensive_hierarchical,medium,danish,LAB_disco08_513000,unit_group
LAB_disco08_515200,LAB,disco08,515200,Personlige servicepersonale (via 51),Personlige servicepersonale (via 51),,CSV:LAB_disco08_comprehensive_hierarchical,medium,danish,LAB_disco08_515000,unit_group
LAB_disco08_335300,LAB,disco08,335300,Teknikere og tilsvarende fagfolk (via 3),Teknikere og tilsvarende fagfolk (via 3),,CSV:LAB_disco08_comprehensive_hierarchical,medium,danish,LAB_disco08_335000,unit_group
LAB_disco08_421400,LAB,disco08,421400,Kontorpersonale (via 4),Kontorpersonale (via 4),,CSV:LAB_disco08_comprehensive_hierarchical,medium,danish,LAB_disco08_421000,unit_group
LAB_disco08_335900,LAB,disco08,335900,Teknikere og tilsvarende fagfolk (via 3),Teknikere og tilsvarende fagfolk (via 3),,CSV:LAB_disco08_comprehensive_hierarchical,medium,danish,LAB_disco08_335000,unit_group
LAB_disco08_235710,LAB,disco08,235710,Akademikere (via 2),Akademikere (via 2),,CSV:LAB_disco08_comprehensive_hierarchical,medium,danish,LAB_disco08_235700,detail
LAB_disco08_235730,LAB,disco08,235730,Akademikere (via 2),Akademikere (via 2),,CSV:LAB_disco08_comprehensive_hierarchical,medium,danish,LAB_disco08_235700,detail
LAB_disco08_754900,LAB,disco08,754900,Håndværkere og andre faglærte arbejdere (via 7),Håndværkere og andre faglærte arbejdere (via 7),,CSV:LAB_disco08_comprehensive_hierarchical,medium,danish,LAB_disco08_754000,unit_group
LAB_disco08_263600,LAB,disco08,263600,Akademikere (via 2),Akademikere (via 2),,CSV:LAB_disco08_comprehensive_hierarchical,medium,danish,LAB_disco08_263000,unit_group
LAB_disco08_912300,LAB,disco08,912300,Hjælpere inden for køkken (via 912),Hjælpere inden for køkken (via 912),,CSV:LAB_disco08_comprehensive_hierarchical,medium,danish,LAB_disco08_912000,unit_group
LAB_disco08_931330,LAB,disco08,931330,Bygningsrengøringspersonale og beslægtede fagfolk (via 9313),Bygningsrengøringspersonale og beslægtede fagfolk (via 9313),,CSV:LAB_disco08_comprehensive_hierarchical,medium,danish,LAB_disco08_931300,detail
LAB_disco08_331220,LAB,disco08,331220,Teknikere og tilsvarende fagfolk (via 3),Teknikere og tilsvarende fagfolk (via 3),,CSV:LAB_disco08_comprehensive_hierarchical,medium,danish,LAB_disco08_331200,detail
LAB_disco08_234340,LAB,disco08,234340,Akademikere (via 2),Akademikere (via 2),,CSV:LAB_disco08_comprehensive_hierarchical,medium,danish,LAB_disco08_234300,detail
LAB_disco08_215100,LAB,disco08,215100,Elektroingeniører (via 2151),Elektroingeniører (via 2151),,CSV:LAB_disco08_comprehensive_hierarchical,medium,danish,LAB_disco08_215000,unit_group
LAB_disco08_812200,LAB,disco08,812200,Operatører af metalvalseanlæg (via 8122),Operatører af metalvalseanlæg (via 8122),,CSV:LAB_disco08_comprehensive_hierarchical,medium,danish,LAB_disco08_812000,unit_group
LAB_disco08_723100,LAB,disco08,723100,Håndværkere og andre faglærte arbejdere (via 7),Håndværkere og andre faglærte arbejdere (via 7),,CSV:LAB_disco08_comprehensive_hierarchical,medium,danish,LAB_disco08_723000,unit_group
LAB_disco08_713200,LAB,disco08,713200,Byggearbejdere og beslægtede fagfolk undtagen elektrikere (via 71),Byggearbejdere og beslægtede fagfolk undtagen elektrikere (via 71),,CSV:LAB_disco08_comprehensive_hierarchical,medium,danish,LAB_disco08_713000,unit_group
LAB_disco08_235720,LAB,disco08,235720,Akademikere (via 2),Akademikere (via 2),,CSV:LAB_disco08_comprehensive_hierarchical,medium,danish,LAB_disco08_235700,detail
LAB_disco08_121100,LAB,disco08,121100,Ledelse inden for økonomifunktioner,Ledelse inden for økonomifunktioner,,CSV:LAB_disco08_dict.csv,medium,danish,LAB_disco08_121000,unit_group
LAB_disco08_325110,LAB,disco08,325110,Teknikere og tilsvarende fagfolk (via 3),Teknikere og tilsvarende fagfolk (via 3),,CSV:LAB_disco08_comprehensive_hierarchical,medium,danish,LAB_disco08_325100,detail
LAB_disco08_315300,LAB,disco08,315300,Naturvidenskabelige og tekniske teknikere (via 31),Naturvidenskabelige og tekniske teknikere (via 31),,CSV:LAB_disco08_comprehensive_hierarchical,medium,danish,LAB_disco08_315000,unit_group
LAB_disco08_818910,LAB,disco08,818910,Operatører af stationære anlæg og maskiner (via 81),Operatører af stationære anlæg og maskiner (via 81),,CSV:LAB_disco08_comprehensive_hierarchical,medium,danish,LAB_disco08_818900,detail
LAB_disco08_242400,LAB,disco08,242400,Akademikere (via 2),Akademikere (via 2),,CSV:LAB_disco08_comprehensive_hierarchical,medium,danish,LAB_disco08_242000,unit_group
LAB_disco08_133020,LAB,disco08,133020,Ledere (via 1),Ledere (via 1),,CSV:LAB_disco08_comprehensive_hierarchical,medium,danish,LAB_disco08_133000,detail
LAB_disco08_931350,LAB,disco08,931350,Bygningsrengøringspersonale og beslægtede fagfolk (via 9313),Bygningsrengøringspersonale og beslægtede fagfolk (via 9313),,CSV:LAB_disco08_comprehensive_hierarchical,medium,danish,LAB_disco08_931300,detail
LAB_disco08_233020,LAB,disco08,233020,Special needs teachers (via 2330),Special needs teachers (via 2330),,CSV:LAB_disco08_dst_hierarchical,medium,danish,LAB_disco08_233000,detail
LAB_disco08_325720,LAB,disco08,325720,Teknikere og tilsvarende fagfolk (via 3),Teknikere og tilsvarende fagfolk (via 3),,CSV:LAB_disco08_comprehensive_hierarchical,medium,danish,LAB_disco08_325700,detail
LAB_disco08_814220,LAB,disco08,814220,Operatører af stationære anlæg og maskiner (via 81),Operatører af stationære anlæg og maskiner (via 81),,CSV:LAB_disco08_comprehensive_hierarchical,medium,danish,LAB_disco08_814200,detail
LAB_disco08_751300,LAB,disco08,751300,Håndværkere og andre faglærte arbejdere (via 7),Håndværkere og andre faglærte arbejdere (via 7),,CSV:LAB_disco08_comprehensive_hierarchical,medium,danish,LAB_disco08_751000,unit_group
LAB_disco08_962200,LAB,disco08,962200,Ufaglærte arbejdere (via 9),Ufaglærte arbejdere (via 9),,CSV:LAB_disco08_comprehensive_hierarchical,medium,danish,LAB_disco08_962000,unit_group
LAB_disco08_511120,LAB,disco08,511120,Rejseledere og flyveledere (via 5111),Rejseledere og flyveledere (via 5111),,CSV:LAB_disco08_comprehensive_hierarchical,medium,danish,LAB_disco08_511100,detail
LAB_disco08_816030,LAB,disco08,816030,Operatører af stationære anlæg og maskiner (via 81),Operatører af stationære anlæg og maskiner (via 81),,CSV:LAB_disco08_comprehensive_hierarchical,medium,danish,LAB_disco08_816000,detail
LAB_disco08_911100,LAB,disco08,911100,Hjemmepersonale (via 9111),Hjemmepersonale (via 9111),,CSV:LAB_disco08_comprehensive_hierarchical,medium,danish,LAB_disco08_911000,unit_group
LAB_disco08_754400,LAB,disco08,754400,Håndværkere og andre faglærte arbejdere (via 7),Håndværkere og andre faglærte arbejdere (via 7),,CSV:LAB_disco08_comprehensive_hierarchical,medium,danish,LAB_disco08_754000,unit_group
LAB_disco08_410000,LAB,disco08,410000,Generelt kontorpersonale (via 41),Generelt kontorpersonale (via 41),,CSV:LAB_disco08_comprehensive_hierarchical,medium,danish,LAB_disco08_400000,sub_major_group
LAB_disco08_330000,LAB,disco08,330000,Teknikere og tilsvarende fagfolk (via 3),Teknikere og tilsvarende fagfolk (via 3),,CSV:LAB_disco08_comprehensive_hierarchical,medium,danish,LAB_disco08_300000,sub_major_group
LAB_disco08_311120,LAB,disco08,311120,Kemiske og fysiske teknikere (via 3111),Kemiske og fysiske teknikere (via 3111),,CSV:LAB_disco08_comprehensive_hierarchical,medium,danish,LAB_disco08_311100,detail
LAB_disco08_132100,LAB,disco08,132100,Ledere (via 1),Ledere (via 1),,CSV:LAB_disco08_comprehensive_hierarchical,medium,danish,LAB_disco08_132000,unit_group
LAB_disco08_933300,LAB,disco08,933300,Freight handlers (via 9333),Freight handlers (via 9333),,CSV:LAB_disco08_dst_hierarchical,medium,danish,LAB_disco08_933000,unit_group
LAB_disco08_732000,LAB,disco08,732000,Håndværkere og andre faglærte arbejdere (via 7),Håndværkere og andre faglærte arbejdere (via 7),,CSV:LAB_disco08_comprehensive_hierarchical,medium,danish,LAB_disco08_730000,minor_group
LAB_disco08_262100,LAB,disco08,262100,Akademikere (via 2),Akademikere (via 2),,CSV:LAB_disco08_comprehensive_hierarchical,medium,danish,LAB_disco08_262000,unit_group
LAB_disco08_613000,LAB,disco08,613000,Markortienterede landbrugs- og fiskeriarbejdere (via 61),Markortienterede landbrugs- og fiskeriarbejdere (via 61),,CSV:LAB_disco08_comprehensive_hierarchical,medium,danish,LAB_disco08_610000,minor_group
LAB_disco08_712600,LAB,disco08,712600,VVS-arbejdere (via 7126),VVS-arbejdere (via 7126),,CSV:LAB_disco08_comprehensive_hierarchical,medium,danish,LAB_disco08_712000,unit_group
LAB_disco08_351100,LAB,disco08,351100,Teknikere og tilsvarende fagfolk (via 3),Teknikere og tilsvarende fagfolk (via 3),,CSV:LAB_disco08_comprehensive_hierarchical,medium,danish,LAB_disco08_351000,unit_group
LAB_disco08_226200,LAB,disco08,226200,Akademikere (via 2),Akademikere (via 2),,CSV:LAB_disco08_comprehensive_hierarchical,medium,danish,LAB_disco08_226000,unit_group
LAB_disco08_243320,LAB,disco08,243320,Akademikere (via 2),Akademikere (via 2),,CSV:LAB_disco08_comprehensive_hierarchical,medium,danish,LAB_disco08_243300,detail
LAB_disco08_723300,LAB,disco08,723300,Håndværkere og andre faglærte arbejdere (via 7),Håndværkere og andre faglærte arbejdere (via 7),,CSV:LAB_disco08_comprehensive_hierarchical,medium,danish,LAB_disco08_723000,unit_group
LAB_disco08_831100,LAB,disco08,831100,Lokomotivførere (via 8311),Lokomotivførere (via 8311),,CSV:LAB_disco08_comprehensive_hierarchical,medium,danish,LAB_disco08_831000,unit_group
LAB_disco08_813110,LAB,disco08,813110,Operatører af stationære anlæg og maskiner (via 81),Operatører af stationære anlæg og maskiner (via 81),,CSV:LAB_disco08_comprehensive_hierarchical,medium,danish,LAB_disco08_813100,detail
LAB_disco08_722200,LAB,disco08,722200,Håndværkere og andre faglærte arbejdere (via 7),Håndværkere og andre faglærte arbejdere (via 7),,CSV:LAB_disco08_comprehensive_hierarchical,medium,danish,LAB_disco08_722000,unit_group
LAB_disco08_332130,LAB,disco08,332130,Teknikere og tilsvarende fagfolk (via 3),Teknikere og tilsvarende fagfolk (via 3),,CSV:LAB_disco08_comprehensive_hierarchical,medium,danish,LAB_disco08_332100,detail
LAB_disco08_265200,LAB,disco08,265200,Akademikere (via 2),Akademikere (via 2),,CSV:LAB_disco08_comprehensive_hierarchical,medium,danish,LAB_disco08_265000,unit_group
LAB_disco08_751110,LAB,disco08,751110,Håndværkere og andre faglærte arbejdere (via 7),Håndværkere og andre faglærte arbejdere (via 7),,CSV:LAB_disco08_comprehensive_hierarchical,medium,danish,LAB_disco08_751100,detail
LAB_disco08_611320,LAB,disco08,611320,Skovarbejdere og træfældere (via 6113),Skovarbejdere og træfældere (via 6113),,CSV:LAB_disco08_comprehensive_hierarchical,medium,danish,LAB_disco08_611300,detail
LAB_disco08_226000,LAB,disco08,226000,Akademikere (via 2),Akademikere (via 2),,CSV:LAB_disco08_comprehensive_hierarchical,medium,danish,LAB_disco08_220000,minor_group
LAB_disco08_431240,LAB,disco08,431240,Kontorpersonale (via 4),Kontorpersonale (via 4),,CSV:LAB_disco08_comprehensive_hierarchical,medium,danish,LAB_disco08_431200,detail
LAB_disco08_962300,LAB,disco08,962300,Ufaglærte arbejdere (via 9),Ufaglærte arbejdere (via 9),,CSV:LAB_disco08_comprehensive_hierarchical,medium,danish,LAB_disco08_962000,unit_group
LAB_disco08_721300,LAB,disco08,721300,Håndværkere og andre faglærte arbejdere (via 7),Håndværkere og andre faglærte arbejdere (via 7),,CSV:LAB_disco08_comprehensive_hierarchical,medium,danish,LAB_disco08_721000,unit_group
LAB_disco08_611390,LAB,disco08,611390,Skovarbejdere og træfældere (via 6113),Skovarbejdere og træfældere (via 6113),,CSV:LAB_disco08_comprehensive_hierarchical,medium,danish,LAB_disco08_611300,detail
LAB_disco08_522000,LAB,disco08,522000,Service- og salgspersonale (via 5),Service- og salgspersonale (via 5),,CSV:LAB_disco08_comprehensive_hierarchical,medium,danish,LAB_disco08_520000,minor_group
LAB_disco08_313900,LAB,disco08,313900,Naturvidenskabelige og tekniske teknikere (via 31),Naturvidenskabelige og tekniske teknikere (via 31),,CSV:LAB_disco08_comprehensive_hierarchical,medium,danish,LAB_disco08_313000,unit_group
LAB_disco08_621000,LAB,disco08,621000,"Faglærte arbejdere inden for landbrug, skovbrug og fiskeri (via 6)","Faglærte arbejdere inden for landbrug, skovbrug og fiskeri (via 6)",,CSV:LAB_disco08_comprehensive_hierarchical,medium,danish,LAB_disco08_620000,minor_group
LAB_disco08_524200,LAB,disco08,524200,Service- og salgspersonale (via 5),Service- og salgspersonale (via 5),,CSV:LAB_disco08_comprehensive_hierarchical,medium,danish,LAB_disco08_524000,unit_group
LAB_disco08_731300,LAB,disco08,731300,Håndværkere og andre faglærte arbejdere (via 7),Håndværkere og andre faglærte arbejdere (via 7),,CSV:LAB_disco08_comprehensive_hierarchical,medium,danish,LAB_disco08_731000,unit_group
LAB_disco08_211100,LAB,disco08,211100,Fysikere og astronomer (via 2111),Fysikere og astronomer (via 2111),,CSV:LAB_disco08_comprehensive_hierarchical,medium,danish,LAB_disco08_211000,unit_group
LAB_disco08_262200,LAB,disco08,262200,Akademikere (via 2),Akademikere (via 2),,CSV:LAB_disco08_comprehensive_hierarchical,medium,danish,LAB_disco08_262000,unit_group
LAB_disco08_231030,LAB,disco08,231030,Akademikere (via 2),Akademikere (via 2),,CSV:LAB_disco08_comprehensive_hierarchical,medium,danish,LAB_disco08_231000,detail
LAB_disco08_232020,LAB,disco08,232020,Teaching professionals (via 2320),Teaching professionals (via 2320),,CSV:LAB_disco08_dst_hierarchical,medium,danish,LAB_disco08_232000,detail
LAB_disco08_833250,LAB,disco08,833250,Førere af køretøjer og operatører af mobilt udstyr (via 83),Førere af køretøjer og operatører af mobilt udstyr (via 83),,CSV:LAB_disco08_comprehensive_hierarchical,medium,danish,LAB_disco08_833200,detail
LAB_disco08_753600,LAB,disco08,753600,Håndværkere og andre faglærte arbejdere (via 7),Håndværkere og andre faglærte arbejdere (via 7),,CSV:LAB_disco08_comprehensive_hierarchical,medium,danish,LAB_disco08_753000,unit_group
LAB_disco08_333110,LAB,disco08,333110,Teknikere og tilsvarende fagfolk (via 3),Teknikere og tilsvarende fagfolk (via 3),,CSV:LAB_disco08_comprehensive_hierarchical,medium,danish,LAB_disco08_333100,detail
LAB_disco08_333120,LAB,disco08,333120,Teknikere og tilsvarende fagfolk (via 3),Teknikere og tilsvarende fagfolk (via 3),,CSV:LAB_disco08_comprehensive_hierarchical,medium,danish,LAB_disco08_333100,detail
LAB_disco08_833260,LAB,disco08,833260,Førere af køretøjer og operatører af mobilt udstyr (via 83),Førere af køretøjer og operatører af mobilt udstyr (via 83),,CSV:LAB_disco08_comprehensive_hierarchical,medium,danish,LAB_disco08_833200,detail
LAB_disco08_432330,LAB,disco08,432330,Kontorpersonale (via 4),Kontorpersonale (via 4),,CSV:LAB_disco08_comprehensive_hierarchical,medium,danish,LAB_disco08_432300,detail
LAB_disco08_921400,LAB,disco08,921400,"Landbrugs-, skovbrugs- og fiskerihjælpere (via 921)","Landbrugs-, skovbrugs- og fiskerihjælpere (via 921)",,CSV:LAB_disco08_comprehensive_hierarchical,medium,danish,LAB_disco08_921000,unit_group
LAB_disco08_215200,LAB,disco08,215200,Elektronikingeniører (via 2152),Elektronikingeniører (via 2152),,CSV:LAB_disco08_comprehensive_hierarchical,medium,danish,LAB_disco08_215000,unit_group
LAB_disco08_832240,LAB,disco08,832240,"Car, taxi and van drivers (via 8322)","Car, taxi and van drivers (via 8322)",,CSV:LAB_disco08_dst_hierarchical,medium,danish,LAB_disco08_832200,detail
LAB_disco08_333430,LAB,disco08,333430,Teknikere og tilsvarende fagfolk (via 3),Teknikere og tilsvarende fagfolk (via 3),,CSV:LAB_disco08_comprehensive_hierarchical,medium,danish,LAB_disco08_333400,detail
LAB_disco08_214400,LAB,disco08,214400,Produktions- og virksomhedsingeniører (via 2144),Produktions- og virksomhedsingeniører (via 2144),,CSV:LAB_disco08_comprehensive_hierarchical,medium,danish,LAB_disco08_214000,unit_group
LAB_disco08_834200,LAB,disco08,834200,Førere af køretøjer og operatører af mobilt udstyr (via 83),Førere af køretøjer og operatører af mobilt udstyr (via 83),,CSV:LAB_disco08_comprehensive_hierarchical,medium,danish,LAB_disco08_834000,unit_group
LAB_disco08_132300,LAB,disco08,132300,Ledere (via 1),Ledere (via 1),,CSV:LAB_disco08_comprehensive_hierarchical,medium,danish,LAB_disco08_132000,unit_group
LAB_disco08_226910,LAB,disco08,226910,Akademikere (via 2),Akademikere (via 2),,CSV:LAB_disco08_comprehensive_hierarchical,medium,danish,LAB_disco08_226900,detail
LAB_disco08_723190,LAB,disco08,723190,Håndværkere og andre faglærte arbejdere (via 7),Håndværkere og andre faglærte arbejdere (via 7),,CSV:LAB_disco08_comprehensive_hierarchical,medium,danish,LAB_disco08_723100,detail
LAB_disco08_265400,LAB,disco08,265400,Akademikere (via 2),Akademikere (via 2),,CSV:LAB_disco08_comprehensive_hierarchical,medium,danish,LAB_disco08_265000,unit_group
LAB_disco08_325600,LAB,disco08,325600,Teknikere og tilsvarende fagfolk (via 3),Teknikere og tilsvarende fagfolk (via 3),,CSV:LAB_disco08_comprehensive_hierarchical,medium,danish,LAB_disco08_325000,unit_group
LAB_disco08_235750,LAB,disco08,235750,Akademikere (via 2),Akademikere (via 2),,CSV:LAB_disco08_comprehensive_hierarchical,medium,danish,LAB_disco08_235700,detail
LAB_disco08_441500,LAB,disco08,441500,Kontorpersonale (via 4),Kontorpersonale (via 4),,CSV:LAB_disco08_comprehensive_hierarchical,medium,danish,LAB_disco08_441000,unit_group
LAB_disco08_214200,LAB,disco08,214200,Maskiningeniører (via 2142),Maskiningeniører (via 2142),,CSV:LAB_disco08_comprehensive_hierarchical,medium,danish,LAB_disco08_214000,unit_group
LAB_disco08_811400,LAB,disco08,811400,Operatører af mineudvindingsanlæg (via 811),Operatører af mineudvindingsanlæg (via 811),,CSV:LAB_disco08_comprehensive_hierarchical,medium,danish,LAB_disco08_811000,unit_group
LAB_disco08_422100,LAB,disco08,422100,Kontorpersonale (via 4),Kontorpersonale (via 4),,CSV:LAB_disco08_comprehensive_hierarchical,medium,danish,LAB_disco08_422000,unit_group
LAB_disco08_243200,LAB,disco08,243200,Akademikere (via 2),Akademikere (via 2),,CSV:LAB_disco08_comprehensive_hierarchical,medium,danish,LAB_disco08_243000,unit_group
LAB_disco08_833200,LAB,disco08,833200,Førere af køretøjer og operatører af mobilt udstyr (via 83),Førere af køretøjer og operatører af mobilt udstyr (via 83),,CSV:LAB_disco08_comprehensive_hierarchical,medium,danish,LAB_disco08_833000,unit_group
LAB_disco08_241310,LAB,disco08,241310,Akademikere (via 2),Akademikere (via 2),,CSV:LAB_disco08_comprehensive_hierarchical,medium,danish,LAB_disco08_241300,detail
LAB_disco08_711990,LAB,disco08,711990,Bygningsarbejdere og beslægtede fagfolk (via 711),Bygningsarbejdere og beslægtede fagfolk (via 711),,CSV:LAB_disco08_comprehensive_hierarchical,medium,danish,LAB_disco08_711900,detail
LAB_disco08_343200,LAB,disco08,343200,Teknikere og tilsvarende fagfolk (via 3),Teknikere og tilsvarende fagfolk (via 3),,CSV:LAB_disco08_comprehensive_hierarchical,medium,danish,LAB_disco08_343000,unit_group
LAB_disco08_261100,LAB,disco08,261100,Akademikere (via 2),Akademikere (via 2),,CSV:LAB_disco08_comprehensive_hierarchical,medium,danish,LAB_disco08_261000,unit_group
LAB_disco08_134200,LAB,disco08,134200,Ledere (via 1),Ledere (via 1),,CSV:LAB_disco08_comprehensive_hierarchical,medium,danish,LAB_disco08_134000,unit_group
LAB_disco08_810000,LAB,disco08,810000,Operatører af stationære anlæg og maskiner (via 81),Operatører af stationære anlæg og maskiner (via 81),,CSV:LAB_disco08_comprehensive_hierarchical,medium,danish,LAB_disco08_800000,sub_major_group
LAB_disco08_311800,LAB,disco08,311800,Tekniske tegnere (via 3118),Tekniske tegnere (via 3118),,CSV:LAB_disco08_comprehensive_hierarchical,medium,danish,LAB_disco08_311000,unit_group
LAB_disco08_235300,LAB,disco08,235300,Akademikere (via 2),Akademikere (via 2),,CSV:LAB_disco08_comprehensive_hierarchical,medium,danish,LAB_disco08_235000,unit_group
LAB_disco08_712700,LAB,disco08,712700,Aircondition- og køletekniske installere (via 7127),Aircondition- og køletekniske installere (via 7127),,CSV:LAB_disco08_comprehensive_hierarchical,medium,danish,LAB_disco08_712000,unit_group
LAB_disco08_821100,LAB,disco08,821100,Maskimontører (via 8211),Maskimontører (via 8211),,CSV:LAB_disco08_comprehensive_hierarchical,medium,danish,LAB_disco08_821000,unit_group
LAB_disco08_314200,LAB,disco08,314200,Naturvidenskabelige og tekniske teknikere (via 31),Naturvidenskabelige og tekniske teknikere (via 31),,CSV:LAB_disco08_comprehensive_hierarchical,medium,danish,LAB_disco08_314000,unit_group
LAB_disco08_817200,LAB,disco08,817200,Operatører af stationære anlæg og maskiner (via 81),Operatører af stationære anlæg og maskiner (via 81),,CSV:LAB_disco08_comprehensive_hierarchical,medium,danish,LAB_disco08_817000,unit_group
LAB_disco08_332400,LAB,disco08,332400,Teknikere og tilsvarende fagfolk (via 3),Teknikere og tilsvarende fagfolk (via 3),,CSV:LAB_disco08_comprehensive_hierarchical,medium,danish,LAB_disco08_332000,unit_group
LAB_disco08_441600,LAB,disco08,441600,Kontorpersonale (via 4),Kontorpersonale (via 4),,CSV:LAB_disco08_comprehensive_hierarchical,medium,danish,LAB_disco08_441000,unit_group
LAB_disco08_334000,LAB,disco08,334000,Teknikere og tilsvarende fagfolk (via 3),Teknikere og tilsvarende fagfolk (via 3),,CSV:LAB_disco08_comprehensive_hierarchical,medium,danish,LAB_disco08_330000,minor_group
LAB_disco08_811300,LAB,disco08,811300,Operatører af brøndboringsanlæg (via 8113),Operatører af brøndboringsanlæg (via 8113),,CSV:LAB_disco08_comprehensive_hierarchical,medium,danish,LAB_disco08_811000,unit_group
LAB_disco08_835000,LAB,disco08,835000,Førere af køretøjer og operatører af mobilt udstyr (via 83),Førere af køretøjer og operatører af mobilt udstyr (via 83),,CSV:LAB_disco08_comprehensive_hierarchical,medium,danish,LAB_disco08_830000,minor_group
LAB_disco08_243310,LAB,disco08,243310,Akademikere (via 2),Akademikere (via 2),,CSV:LAB_disco08_comprehensive_hierarchical,medium,danish,LAB_disco08_243300,detail
LAB_disco08_422900,LAB,disco08,422900,Kontorpersonale (via 4),Kontorpersonale (via 4),,CSV:LAB_disco08_comprehensive_hierarchical,medium,danish,LAB_disco08_422000,unit_group
LAB_disco08_343500,LAB,disco08,343500,Teknikere og tilsvarende fagfolk (via 3),Teknikere og tilsvarende fagfolk (via 3),,CSV:LAB_disco08_comprehensive_hierarchical,medium,danish,LAB_disco08_343000,unit_group
LAB_disco08_234000,LAB,disco08,234000,Akademikere (via 2),Akademikere (via 2),,CSV:LAB_disco08_comprehensive_hierarchical,medium,danish,LAB_disco08_230000,minor_group
LAB_disco08_712500,LAB,disco08,712500,Glasmagere (via 7125),Glasmagere (via 7125),,CSV:LAB_disco08_comprehensive_hierarchical,medium,danish,LAB_disco08_712000,unit_group
LAB_disco08_731690,LAB,disco08,731690,Håndværkere og andre faglærte arbejdere (via 7),Håndværkere og andre faglærte arbejdere (via 7),,CSV:LAB_disco08_comprehensive_hierarchical,medium,danish,LAB_disco08_731600,detail
LAB_disco08_751400,LAB,disco08,751400,Håndværkere og andre faglærte arbejdere (via 7),Håndværkere og andre faglærte arbejdere (via 7),,CSV:LAB_disco08_comprehensive_hierarchical,medium,danish,LAB_disco08_751000,unit_group
LAB_disco08_931340,LAB,disco08,931340,Bygningsrengøringspersonale og beslægtede fagfolk (via 9313),Bygningsrengøringspersonale og beslægtede fagfolk (via 9313),,CSV:LAB_disco08_comprehensive_hierarchical,medium,danish,LAB_disco08_931300,detail
LAB_disco08_751200,LAB,disco08,751200,Håndværkere og andre faglærte arbejdere (via 7),Håndværkere og andre faglærte arbejdere (via 7),,CSV:LAB_disco08_comprehensive_hierarchical,medium,danish,LAB_disco08_751000,unit_group
LAB_disco08_742100,LAB,disco08,742100,Håndværkere og andre faglærte arbejdere (via 7),Håndværkere og andre faglærte arbejdere (via 7),,CSV:LAB_disco08_comprehensive_hierarchical,medium,danish,LAB_disco08_742000,unit_group
LAB_disco08_121920,LAB,disco08,121920,Anden virksomheds- og administrationsledelse (via 1219),Anden virksomheds- og administrationsledelse (via 1219),,CSV:LAB_disco08_comprehensive_hierarchical,medium,danish,LAB_disco08_121900,detail
LAB_disco08_122300,LAB,disco08,122300,Forsknings- og udviklingsdirektører (via 1223),Forsknings- og udviklingsdirektører (via 1223),,CSV:LAB_disco08_comprehensive_hierarchical,medium,danish,LAB_disco08_122000,unit_group
LAB_disco08_524500,LAB,disco08,524500,Service- og salgspersonale (via 5),Service- og salgspersonale (via 5),,CSV:LAB_disco08_comprehensive_hierarchical,medium,danish,LAB_disco08_524000,unit_group
LAB_disco08_252300,LAB,disco08,252300,Akademikere (via 2),Akademikere (via 2),,CSV:LAB_disco08_comprehensive_hierarchical,medium,danish,LAB_disco08_252000,unit_group
LAB_disco08_742200,LAB,disco08,742200,Håndværkere og andre faglærte arbejdere (via 7),Håndværkere og andre faglærte arbejdere (via 7),,CSV:LAB_disco08_comprehensive_hierarchical,medium,danish,LAB_disco08_742000,unit_group
LAB_disco08_321310,LAB,disco08,321310,Teknikere og tilsvarende fagfolk (via 3),Teknikere og tilsvarende fagfolk (via 3),,CSV:LAB_disco08_comprehensive_hierarchical,medium,danish,LAB_disco08_321300,detail
LAB_disco08_311510,LAB,disco08,311510,Maskinteknikere (via 3115),Maskinteknikere (via 3115),,CSV:LAB_disco08_comprehensive_hierarchical,medium,danish,LAB_disco08_311500,detail
LAB_disco08_514100,LAB,disco08,514100,Personlige servicepersonale (via 51),Personlige servicepersonale (via 51),,CSV:LAB_disco08_comprehensive_hierarchical,medium,danish,LAB_disco08_514000,unit_group
LAB_disco08_335100,LAB,disco08,335100,Teknikere og tilsvarende fagfolk (via 3),Teknikere og tilsvarende fagfolk (via 3),,CSV:LAB_disco08_comprehensive_hierarchical,medium,danish,LAB_disco08_335000,unit_group
LAB_disco08_263100,LAB,disco08,263100,Akademikere (via 2),Akademikere (via 2),,CSV:LAB_disco08_comprehensive_hierarchical,medium,danish,LAB_disco08_263000,unit_group
LAB_disco08_818290,LAB,disco08,818290,Operatører af stationære anlæg og maskiner (via 81),Operatører af stationære anlæg og maskiner (via 81),,CSV:LAB_disco08_comprehensive_hierarchical,medium,danish,LAB_disco08_818200,detail
LAB_disco08_911240,LAB,disco08,911240,"Rengøringspersonale og hjælpere på kontorer, hoteller mv. (via 9112)","Rengøringspersonale og hjælpere på kontorer, hoteller mv. (via 9112)",,CSV:LAB_disco08_comprehensive_hierarchical,medium,danish,LAB_disco08_911200,detail
LAB_disco08_100000,LAB,disco08,100000,Ledere (via 1),Ledere (via 1),,CSV:LAB_disco08_comprehensive_hierarchical,medium,danish,,major_group
LAB_disco08_111400,LAB,disco08,111400,Øverste ledelse i interesseorganisationer,Øverste ledelse i interesseorganisationer,,CSV:LAB_disco08_dict.csv,medium,danish,LAB_disco08_111000,unit_group
LAB_disco08_921500,LAB,disco08,921500,"Landbrugs-, skovbrugs- og fiskerihjælpere (via 921)","Landbrugs-, skovbrugs- og fiskerihjælpere (via 921)",,CSV:LAB_disco08_comprehensive_hierarchical,medium,danish,LAB_disco08_921000,unit_group
LAB_disco08_234320,LAB,disco08,234320,Akademikere (via 2),Akademikere (via 2),,CSV:LAB_disco08_comprehensive_hierarchical,medium,danish,LAB_disco08_234300,detail
LAB_disco08_741300,LAB,disco08,741300,Håndværkere og andre faglærte arbejdere (via 7),Håndværkere og andre faglærte arbejdere (via 7),,CSV:LAB_disco08_comprehensive_hierarchical,medium,danish,LAB_disco08_741000,unit_group
LAB_disco08_931230,LAB,disco08,931230,Bygge- og anlægshjælpere (via 9312),Bygge- og anlægshjælpere (via 9312),,CSV:LAB_disco08_comprehensive_hierarchical,medium,danish,LAB_disco08_931200,detail
LAB_disco08_422400,LAB,disco08,422400,Kontorpersonale (via 4),Kontorpersonale (via 4),,CSV:LAB_disco08_comprehensive_hierarchical,medium,danish,LAB_disco08_422000,unit_group
LAB_disco08_325730,LAB,disco08,325730,Teknikere og tilsvarende fagfolk (via 3),Teknikere og tilsvarende fagfolk (via 3),,CSV:LAB_disco08_comprehensive_hierarchical,medium,danish,LAB_disco08_325700,detail
LAB_disco08_711500,LAB,disco08,711500,Bygningsarbejdere og beslægtede fagfolk (via 711),Bygningsarbejdere og beslægtede fagfolk (via 711),,CSV:LAB_disco08_comprehensive_hierarchical,medium,danish,LAB_disco08_711000,unit_group
LAB_disco08_235220,LAB,disco08,235220,Akademikere (via 2),Akademikere (via 2),,CSV:LAB_disco08_comprehensive_hierarchical,medium,danish,LAB_disco08_235200,detail
LAB_disco08_212000,LAB,disco08,212000,"Matematikere, aktuarer og statistikere (via 2120)","Matematikere, aktuarer og statistikere (via 2120)",,CSV:LAB_disco08_comprehensive_hierarchical,medium,danish,LAB_disco08_210000,minor_group
LAB_disco08_331200,LAB,disco08,331200,Teknikere og tilsvarende fagfolk (via 3),Teknikere og tilsvarende fagfolk (via 3),,CSV:LAB_disco08_comprehensive_hierarchical,medium,danish,LAB_disco08_331000,unit_group
LAB_disco08_431230,LAB,disco08,431230,Kontorpersonale (via 4),Kontorpersonale (via 4),,CSV:LAB_disco08_comprehensive_hierarchical,medium,danish,LAB_disco08_431200,detail
LAB_disco08_226990,LAB,disco08,226990,Akademikere (via 2),Akademikere (via 2),,CSV:LAB_disco08_comprehensive_hierarchical,medium,danish,LAB_disco08_226900,detail
LAB_disco08_516300,LAB,disco08,516300,Personlige servicepersonale (via 51),Personlige servicepersonale (via 51),,CSV:LAB_disco08_comprehensive_hierarchical,medium,danish,LAB_disco08_516000,unit_group
LAB_disco08_413100,LAB,disco08,413100,Kontorpersonale til dataregistrering (via 4131),Kontorpersonale til dataregistrering (via 4131),,CSV:LAB_disco08_comprehensive_hierarchical,medium,danish,LAB_disco08_413000,unit_group
LAB_disco08_352200,LAB,disco08,352200,Teknikere og tilsvarende fagfolk (via 3),Teknikere og tilsvarende fagfolk (via 3),,CSV:LAB_disco08_comprehensive_hierarchical,medium,danish,LAB_disco08_352000,unit_group
LAB_disco08_541300,LAB,disco08,541300,Service- og salgspersonale (via 5),Service- og salgspersonale (via 5),,CSV:LAB_disco08_comprehensive_hierarchical,medium,danish,LAB_disco08_541000,unit_group
LAB_disco08_214600,LAB,disco08,214600,"Grubedriftsingeniører, metallurger og beslægtede fagfolk (via 2146)","Grubedriftsingeniører, metallurger og beslægtede fagfolk (via 2146)",,CSV:LAB_disco08_comprehensive_hierarchical,medium,danish,LAB_disco08_214000,unit_group
LAB_disco08_815300,LAB,disco08,815300,Operatører af stationære anlæg og maskiner (via 81),Operatører af stationære anlæg og maskiner (via 81),,CSV:LAB_disco08_comprehensive_hierarchical,medium,danish,LAB_disco08_815000,unit_group
LAB_disco08_142010,LAB,disco08,142010,Ledere (via 1),Ledere (via 1),,CSV:LAB_disco08_comprehensive_hierarchical,medium,danish,LAB_disco08_142000,detail
LAB_disco08_226410,LAB,disco08,226410,Akademikere (via 2),Akademikere (via 2),,CSV:LAB_disco08_comprehensive_hierarchical,medium,danish,LAB_disco08_226400,detail
LAB_disco08_252100,LAB,disco08,252100,Akademikere (via 2),Akademikere (via 2),,CSV:LAB_disco08_comprehensive_hierarchical,medium,danish,LAB_disco08_252000,unit_group
LAB_disco08_431210,LAB,disco08,431210,Kontorpersonale (via 4),Kontorpersonale (via 4),,CSV:LAB_disco08_comprehensive_hierarchical,medium,danish,LAB_disco08_431200,detail
LAB_disco08_331110,LAB,disco08,331110,Teknikere og tilsvarende fagfolk (via 3),Teknikere og tilsvarende fagfolk (via 3),,CSV:LAB_disco08_comprehensive_hierarchical,medium,danish,LAB_disco08_331100,detail
LAB_disco08_432390,LAB,disco08,432390,Kontorpersonale (via 4),Kontorpersonale (via 4),,CSV:LAB_disco08_comprehensive_hierarchical,medium,danish,LAB_disco08_432300,detail
LAB_disco08_622200,LAB,disco08,622200,"Faglærte arbejdere inden for landbrug, skovbrug og fiskeri (via 6)","Faglærte arbejdere inden for landbrug, skovbrug og fiskeri (via 6)",,CSV:LAB_disco08_comprehensive_hierarchical,medium,danish,LAB_disco08_622000,unit_group
LAB_disco08_335500,LAB,disco08,335500,Teknikere og tilsvarende fagfolk (via 3),Teknikere og tilsvarende fagfolk (via 3),,CSV:LAB_disco08_comprehensive_hierarchical,medium,danish,LAB_disco08_335000,unit_group
LAB_disco08_341100,LAB,disco08,341100,Teknikere og tilsvarende fagfolk (via 3),Teknikere og tilsvarende fagfolk (via 3),,CSV:LAB_disco08_comprehensive_hierarchical,medium,danish,LAB_disco08_341000,unit_group
LAB_disco08_261200,LAB,disco08,261200,Akademikere (via 2),Akademikere (via 2),,CSV:LAB_disco08_comprehensive_hierarchical,medium,danish,LAB_disco08_261000,unit_group
LAB_disco08_921100,LAB,disco08,921100,Landbrugshjælpere (via 9211),Landbrugshjælpere (via 9211),,CSV:LAB_disco08_comprehensive_hierarchical,medium,danish,LAB_disco08_921000,unit_group
LAB_disco08_131100,LAB,disco08,131100,Ledere (via 1),Ledere (via 1),,CSV:LAB_disco08_comprehensive_hierarchical,medium,danish,LAB_disco08_131000,unit_group
LAB_disco08_315200,LAB,disco08,315200,Naturvidenskabelige og tekniske teknikere (via 31),Naturvidenskabelige og tekniske teknikere (via 31),,CSV:LAB_disco08_comprehensive_hierarchical,medium,danish,LAB_disco08_315000,unit_group
LAB_disco08_921600,LAB,disco08,921600,"Landbrugs-, skovbrugs- og fiskerihjælpere (via 921)","Landbrugs-, skovbrugs- og fiskerihjælpere (via 921)",,CSV:LAB_disco08_comprehensive_hierarchical,medium,danish,LAB_disco08_921000,unit_group
LAB_disco08_321400,LAB,disco08,321400,Teknikere og tilsvarende fagfolk (via 3),Teknikere og tilsvarende fagfolk (via 3),,CSV:LAB_disco08_comprehensive_hierarchical,medium,danish,LAB_disco08_321000,unit_group
LAB_disco08_622300,LAB,disco08,622300,"Faglærte arbejdere inden for landbrug, skovbrug og fiskeri (via 6)","Faglærte arbejdere inden for landbrug, skovbrug og fiskeri (via 6)",,CSV:LAB_disco08_comprehensive_hierarchical,medium,danish,LAB_disco08_622000,unit_group
LAB_disco08_226700,LAB,disco08,226700,Akademikere (via 2),Akademikere (via 2),,CSV:LAB_disco08_comprehensive_hierarchical,medium,danish,LAB_disco08_226000,unit_group
LAB_disco08_216300,LAB,disco08,216300,Produktdesignere og kunsthåndværkere (via 2163),Produktdesignere og kunsthåndværkere (via 2163),,CSV:LAB_disco08_comprehensive_hierarchical,medium,danish,LAB_disco08_216000,unit_group
LAB_disco08_754300,LAB,disco08,754300,Håndværkere og andre faglærte arbejdere (via 7),Håndværkere og andre faglærte arbejdere (via 7),,CSV:LAB_disco08_comprehensive_hierarchical,medium,danish,LAB_disco08_754000,unit_group
LAB_disco08_314100,LAB,disco08,314100,Naturvidenskabelige og tekniske teknikere (via 31),Naturvidenskabelige og tekniske teknikere (via 31),,CSV:LAB_disco08_comprehensive_hierarchical,medium,danish,LAB_disco08_314000,unit_group
LAB_disco08_431300,LAB,disco08,431300,Kontorpersonale (via 4),Kontorpersonale (via 4),,CSV:LAB_disco08_comprehensive_hierarchical,medium,danish,LAB_disco08_431000,unit_group
LAB_disco08_516000,LAB,disco08,516000,Personlige servicepersonale (via 51),Personlige servicepersonale (via 51),,CSV:LAB_disco08_comprehensive_hierarchical,medium,danish,LAB_disco08_510000,minor_group
LAB_disco08_216600,LAB,disco08,216600,Grafiske designere og multimediedesignere (via 2166),Grafiske designere og multimediedesignere (via 2166),,CSV:LAB_disco08_comprehensive_hierarchical,medium,danish,LAB_disco08_216000,unit_group
LAB_disco08_751600,LAB,disco08,751600,Håndværkere og andre faglærte arbejdere (via 7),Håndværkere og andre faglærte arbejdere (via 7),,CSV:LAB_disco08_comprehensive_hierarchical,medium,danish,LAB_disco08_751000,unit_group
LAB_disco08_121910,LAB,disco08,121910,Anden virksomheds- og administrationsledelse (via 1219),Anden virksomheds- og administrationsledelse (via 1219),,CSV:LAB_disco08_comprehensive_hierarchical,medium,danish,LAB_disco08_121900,detail
LAB_disco08_912900,LAB,disco08,912900,Hjælpere inden for køkken (via 912),Hjælpere inden for køkken (via 912),,CSV:LAB_disco08_comprehensive_hierarchical,medium,danish,LAB_disco08_912000,unit_group
LAB_disco08_732200,LAB,disco08,732200,Håndværkere og andre faglærte arbejdere (via 7),Håndværkere og andre faglærte arbejdere (via 7),,CSV:LAB_disco08_comprehensive_hierarchical,medium,danish,LAB_disco08_732000,unit_group
LAB_disco08_213110,LAB,disco08,213110,"Biologer, botanikere, zoologer og beslægtede fagfolk (via 2131)","Biologer, botanikere, zoologer og beslægtede fagfolk (via 2131)",,CSV:LAB_disco08_comprehensive_hierarchical,medium,danish,LAB_disco08_213100,detail
LAB_disco08_325200,LAB,disco08,325200,Teknikere og tilsvarende fagfolk (via 3),Teknikere og tilsvarende fagfolk (via 3),,CSV:LAB_disco08_comprehensive_hierarchical,medium,danish,LAB_disco08_325000,unit_group
LAB_disco08_242200,LAB,disco08,242200,Akademikere (via 2),Akademikere (via 2),,CSV:LAB_disco08_comprehensive_hierarchical,medium,danish,LAB_disco08_242000,unit_group
LAB_disco08_325900,LAB,disco08,325900,Teknikere og tilsvarende fagfolk (via 3),Teknikere og tilsvarende fagfolk (via 3),,CSV:LAB_disco08_comprehensive_hierarchical,medium,danish,LAB_disco08_325000,unit_group
LAB_disco08_311600,LAB,disco08,311600,Kemiteknikere (via 3116),Kemiteknikere (via 3116),,CSV:LAB_disco08_comprehensive_hierarchical,medium,danish,LAB_disco08_311000,unit_group
LAB_disco08_251400,LAB,disco08,251400,Akademikere (via 2),Akademikere (via 2),,CSV:LAB_disco08_comprehensive_hierarchical,medium,danish,LAB_disco08_251000,unit_group
LAB_disco08_251300,LAB,disco08,251300,Akademikere (via 2),Akademikere (via 2),,CSV:LAB_disco08_comprehensive_hierarchical,medium,danish,LAB_disco08_251000,unit_group
LAB_disco08_222200,LAB,disco08,222200,Akademikere (via 2),Akademikere (via 2),,CSV:LAB_disco08_comprehensive_hierarchical,medium,danish,LAB_disco08_222000,unit_group
LAB_disco08_133010,LAB,disco08,133010,Ledere (via 1),Ledere (via 1),,CSV:LAB_disco08_comprehensive_hierarchical,medium,danish,LAB_disco08_133000,detail
LAB_disco08_226100,LAB,disco08,226100,Akademikere (via 2),Akademikere (via 2),,CSV:LAB_disco08_comprehensive_hierarchical,medium,danish,LAB_disco08_226000,unit_group
LAB_disco08_541000,LAB,disco08,541000,Service- og salgspersonale (via 5),Service- og salgspersonale (via 5),,CSV:LAB_disco08_comprehensive_hierarchical,medium,danish,LAB_disco08_540000,minor_group
LAB_disco08_243400,LAB,disco08,243400,Akademikere (via 2),Akademikere (via 2),,CSV:LAB_disco08_comprehensive_hierarchical,medium,danish,LAB_disco08_243000,unit_group
LAB_disco08_325710,LAB,disco08,325710,Teknikere og tilsvarende fagfolk (via 3),Teknikere og tilsvarende fagfolk (via 3),,CSV:LAB_disco08_comprehensive_hierarchical,medium,danish,LAB_disco08_325700,detail
LAB_disco08_962120,LAB,disco08,962120,Ufaglærte arbejdere (via 9),Ufaglærte arbejdere (via 9),,CSV:LAB_disco08_comprehensive_hierarchical,medium,danish,LAB_disco08_962100,detail
LAB_disco08_611310,LAB,disco08,611310,Skovarbejdere og træfældere (via 6113),Skovarbejdere og træfældere (via 6113),,CSV:LAB_disco08_comprehensive_hierarchical,medium,danish,LAB_disco08_611300,detail
LAB_disco08_252900,LAB,disco08,252900,Akademikere (via 2),Akademikere (via 2),,CSV:LAB_disco08_comprehensive_hierarchical,medium,danish,LAB_disco08_252000,unit_group
LAB_disco08_132200,LAB,disco08,132200,Ledere (via 1),Ledere (via 1),,CSV:LAB_disco08_comprehensive_hierarchical,medium,danish,LAB_disco08_132000,unit_group
LAB_disco08_711300,LAB,disco08,711300,Tømrere (via 7113),Tømrere (via 7113),,CSV:LAB_disco08_comprehensive_hierarchical,medium,danish,LAB_disco08_711000,unit_group
LAB_disco08_121310,LAB,disco08,121310,Ledelse inden for virksomhedsstrategi/policy området,Ledelse inden for virksomhedsstrategi/policy området,,CSV:LAB_disco08_dict.csv,medium,danish,LAB_disco08_121300,detail
LAB_disco08_713320,LAB,disco08,713320,Byggearbejdere og beslægtede fagfolk undtagen elektrikere (via 71),Byggearbejdere og beslægtede fagfolk undtagen elektrikere (via 71),,CSV:LAB_disco08_comprehensive_hierarchical,medium,danish,LAB_disco08_713300,detail
LAB_disco08_610000,LAB,disco08,610000,Markortienterede landbrugs- og fiskeriarbejdere (via 61),Markortienterede landbrugs- og fiskeriarbejdere (via 61),,CSV:LAB_disco08_comprehensive_hierarchical,medium,danish,LAB_disco08_600000,sub_major_group
LAB_disco08_815900,LAB,disco08,815900,Operatører af stationære anlæg og maskiner (via 81),Operatører af stationære anlæg og maskiner (via 81),,CSV:LAB_disco08_comprehensive_hierarchical,medium,danish,LAB_disco08_815000,unit_group
LAB_disco08_712100,LAB,disco08,712100,Tagdækkere (via 7121),Tagdækkere (via 7121),,CSV:LAB_disco08_comprehensive_hierarchical,medium,danish,LAB_disco08_712000,unit_group
LAB_disco08_515100,LAB,disco08,515100,Personlige servicepersonale (via 51),Personlige servicepersonale (via 51),,CSV:LAB_disco08_comprehensive_hierarchical,medium,danish,LAB_disco08_515000,unit_group
LAB_disco08_332120,LAB,disco08,332120,Teknikere og tilsvarende fagfolk (via 3),Teknikere og tilsvarende fagfolk (via 3),,CSV:LAB_disco08_comprehensive_hierarchical,medium,danish,LAB_disco08_332100,detail
LAB_disco08_226300,LAB,disco08,226300,Akademikere (via 2),Akademikere (via 2),,CSV:LAB_disco08_comprehensive_hierarchical,medium,danish,LAB_disco08_226000,unit_group
LAB_disco08_141100,LAB,disco08,141100,Ledere (via 1),Ledere (via 1),,CSV:LAB_disco08_comprehensive_hierarchical,medium,danish,LAB_disco08_141000,unit_group
LAB_disco08_261120,LAB,disco08,261120,Akademikere (via 2),Akademikere (via 2),,CSV:LAB_disco08_comprehensive_hierarchical,medium,danish,LAB_disco08_261100,detail
LAB_disco08_311000,LAB,disco08,311000,Fysiske og tekniske teknikere (via 311),Fysiske og tekniske teknikere (via 311),,CSV:LAB_disco08_comprehensive_hierarchical,medium,danish,LAB_disco08_310000,minor_group
LAB_disco08_134900,LAB,disco08,134900,Ledere (via 1),Ledere (via 1),,CSV:LAB_disco08_comprehensive_hierarchical,medium,danish,LAB_disco08_134000,unit_group
LAB_disco08_250000,LAB,disco08,250000,Akademikere (via 2),Akademikere (via 2),,CSV:LAB_disco08_comprehensive_hierarchical,medium,danish,LAB_disco08_200000,sub_major_group
LAB_disco08_333190,LAB,disco08,333190,Teknikere og tilsvarende fagfolk (via 3),Teknikere og tilsvarende fagfolk (via 3),,CSV:LAB_disco08_comprehensive_hierarchical,medium,danish,LAB_disco08_333100,detail
LAB_disco08_432340,LAB,disco08,432340,Kontorpersonale (via 4),Kontorpersonale (via 4),,CSV:LAB_disco08_comprehensive_hierarchical,medium,danish,LAB_disco08_432300,detail
LAB_disco08_240000,LAB,disco08,240000,Akademikere (via 2),Akademikere (via 2),,CSV:LAB_disco08_comprehensive_hierarchical,medium,danish,LAB_disco08_200000,sub_major_group
LAB_disco08_752200,LAB,disco08,752200,Håndværkere og andre faglærte arbejdere (via 7),Håndværkere og andre faglærte arbejdere (via 7),,CSV:LAB_disco08_comprehensive_hierarchical,medium,danish,LAB_disco08_752000,unit_group
LAB_disco08_731700,LAB,disco08,731700,Håndværkere og andre faglærte arbejdere (via 7),Håndværkere og andre faglærte arbejdere (via 7),,CSV:LAB_disco08_comprehensive_hierarchical,medium,danish,LAB_disco08_731000,unit_group
LAB_disco08_352000,LAB,disco08,352000,Teknikere og tilsvarende fagfolk (via 3),Teknikere og tilsvarende fagfolk (via 3),,CSV:LAB_disco08_comprehensive_hierarchical,medium,danish,LAB_disco08_350000,minor_group
LAB_disco08_143900,LAB,disco08,143900,Ledere (via 1),Ledere (via 1),,CSV:LAB_disco08_comprehensive_hierarchical,medium,danish,LAB_disco08_143000,unit_group
LAB_disco08_712400,LAB,disco08,712400,Isolerings- og rørarbejdere (via 7124),Isolerings- og rørarbejdere (via 7124),,CSV:LAB_disco08_comprehensive_hierarchical,medium,danish,LAB_disco08_712000,unit_group
LAB_disco08_742000,LAB,disco08,742000,Håndværkere og andre faglærte arbejdere (via 7),Håndværkere og andre faglærte arbejdere (via 7),,CSV:LAB_disco08_comprehensive_hierarchical,medium,danish,LAB_disco08_740000,minor_group
LAB_disco08_215300,LAB,disco08,215300,Telekommunikationsingeniører (via 2153),Telekommunikationsingeniører (via 2153),,CSV:LAB_disco08_comprehensive_hierarchical,medium,danish,LAB_disco08_215000,unit_group
LAB_disco08_265900,LAB,disco08,265900,Akademikere (via 2),Akademikere (via 2),,CSV:LAB_disco08_comprehensive_hierarchical,medium,danish,LAB_disco08_265000,unit_group
LAB_disco08_122200,LAB,disco08,122200,Reklamedirektører (via 1222),Reklamedirektører (via 1222),,CSV:LAB_disco08_comprehensive_hierarchical,medium,danish,LAB_disco08_122000,unit_group
LAB_disco08_264310,LAB,disco08,264310,Akademikere (via 2),Akademikere (via 2),,CSV:LAB_disco08_comprehensive_hierarchical,medium,danish,LAB_disco08_264300,detail
LAB_disco08_711410,LAB,disco08,711410,Vedligeholdelse og reparation af bygninger (via 7114),Vedligeholdelse og reparation af bygninger (via 7114),,CSV:LAB_disco08_comprehensive_hierarchical,medium,danish,LAB_disco08_711400,detail
LAB_disco08_612900,LAB,disco08,612900,Markortienterede landbrugs- og fiskeriarbejdere (via 61),Markortienterede landbrugs- og fiskeriarbejdere (via 61),,CSV:LAB_disco08_comprehensive_hierarchical,medium,danish,LAB_disco08_612000,unit_group
LAB_disco08_421200,LAB,disco08,421200,Kontorpersonale (via 4),Kontorpersonale (via 4),,CSV:LAB_disco08_comprehensive_hierarchical,medium,danish,LAB_disco08_421000,unit_group
LAB_disco08_713120,LAB,disco08,713120,Byggearbejdere og beslægtede fagfolk undtagen elektrikere (via 71),Byggearbejdere og beslægtede fagfolk undtagen elektrikere (via 71),,CSV:LAB_disco08_comprehensive_hierarchical,medium,danish,LAB_disco08_713100,detail
LAB_disco08_910000,LAB,disco08,910000,Rengøringspersonale og hjælpere (via 91),Rengøringspersonale og hjælpere (via 91),,CSV:LAB_disco08_comprehensive_hierarchical,medium,danish,LAB_disco08_900000,sub_major_group
LAB_disco08_222000,LAB,disco08,222000,Akademikere (via 2),Akademikere (via 2),,CSV:LAB_disco08_comprehensive_hierarchical,medium,danish,LAB_disco08_220000,minor_group
LAB_disco08_325120,LAB,disco08,325120,Teknikere og tilsvarende fagfolk (via 3),Teknikere og tilsvarende fagfolk (via 3),,CSV:LAB_disco08_comprehensive_hierarchical,medium,danish,LAB_disco08_325100,detail
LAB_disco08_332100,LAB,disco08,332100,Teknikere og tilsvarende fagfolk (via 3),Teknikere og tilsvarende fagfolk (via 3),,CSV:LAB_disco08_comprehensive_hierarchical,medium,danish,LAB_disco08_332000,unit_group
LAB_disco08_235400,LAB,disco08,235400,Akademikere (via 2),Akademikere (via 2),,CSV:LAB_disco08_comprehensive_hierarchical,medium,danish,LAB_disco08_235000,unit_group
LAB_disco08_912910,LAB,disco08,912910,Hjælpere inden for køkken (via 912),Hjælpere inden for køkken (via 912),,CSV:LAB_disco08_comprehensive_hierarchical,medium,danish,LAB_disco08_912900,detail
LAB_disco08_235210,LAB,disco08,235210,Akademikere (via 2),Akademikere (via 2),,CSV:LAB_disco08_comprehensive_hierarchical,medium,danish,LAB_disco08_235200,detail
LAB_disco08_332110,LAB,disco08,332110,Teknikere og tilsvarende fagfolk (via 3),Teknikere og tilsvarende fagfolk (via 3),,CSV:LAB_disco08_comprehensive_hierarchical,medium,danish,LAB_disco08_332100,detail
LAB_disco08_511110,LAB,disco08,511110,Rejseledere og flyveledere (via 5111),Rejseledere og flyveledere (via 5111),,CSV:LAB_disco08_comprehensive_hierarchical,medium,danish,LAB_disco08_511100,detail
LAB_disco08_815100,LAB,disco08,815100,Operatører af stationære anlæg og maskiner (via 81),Operatører af stationære anlæg og maskiner (via 81),,CSV:LAB_disco08_comprehensive_hierarchical,medium,danish,LAB_disco08_815000,unit_group
LAB_disco08_752000,LAB,disco08,752000,Håndværkere og andre faglærte arbejdere (via 7),Håndværkere og andre faglærte arbejdere (via 7),,CSV:LAB_disco08_comprehensive_hierarchical,medium,danish,LAB_disco08_750000,minor_group
LAB_disco08_235500,LAB,disco08,235500,Akademikere (via 2),Akademikere (via 2),,CSV:LAB_disco08_comprehensive_hierarchical,medium,danish,LAB_disco08_235000,unit_group
LAB_disco08_121000,LAB,disco08,121000,Virksomheds- og administrationsledere (via 121),Virksomheds- og administrationsledere (via 121),,CSV:LAB_disco08_comprehensive_hierarchical,medium,danish,LAB_disco08_120000,minor_group
LAB_disco08_325300,LAB,disco08,325300,Teknikere og tilsvarende fagfolk (via 3),Teknikere og tilsvarende fagfolk (via 3),,CSV:LAB_disco08_comprehensive_hierarchical,medium,danish,LAB_disco08_325000,unit_group
LAB_disco08_265500,LAB,disco08,265500,Akademikere (via 2),Akademikere (via 2),,CSV:LAB_disco08_comprehensive_hierarchical,medium,danish,LAB_disco08_265000,unit_group
LAB_disco08_122000,LAB,disco08,122000,"Salgs-, marketing- og udviklingsledere (via 122)","Salgs-, marketing- og udviklingsledere (via 122)",,CSV:LAB_disco08_comprehensive_hierarchical,medium,danish,LAB_disco08_120000,minor_group
LAB_disco08_731800,LAB,disco08,731800,Håndværkere og andre faglærte arbejdere (via 7),Håndværkere og andre faglærte arbejdere (via 7),,CSV:LAB_disco08_comprehensive_hierarchical,medium,danish,LAB_disco08_731000,unit_group
LAB_disco08_211400,LAB,disco08,211400,Geologer og geofysikere (via 2114),Geologer og geofysikere (via 2114),,CSV:LAB_disco08_comprehensive_hierarchical,medium,danish,LAB_disco08_211000,unit_group
LAB_disco08_334320,LAB,disco08,334320,Teknikere og tilsvarende fagfolk (via 3),Teknikere og tilsvarende fagfolk (via 3),,CSV:LAB_disco08_comprehensive_hierarchical,medium,danish,LAB_disco08_334300,detail
LAB_disco08_333420,LAB,disco08,333420,Teknikere og tilsvarende fagfolk (via 3),Teknikere og tilsvarende fagfolk (via 3),,CSV:LAB_disco08_comprehensive_hierarchical,medium,danish,LAB_disco08_333400,detail
LAB_disco08_513200,LAB,disco08,513200,Barmænd (via 5132),Barmænd (via 5132),,CSV:LAB_disco08_comprehensive_hierarchical,medium,danish,LAB_disco08_513000,unit_group
LAB_disco08_310000,LAB,disco08,310000,Naturvidenskabelige og tekniske teknikere (via 31),Naturvidenskabelige og tekniske teknikere (via 31),,CSV:LAB_disco08_comprehensive_hierarchical,medium,danish,LAB_disco08_300000,sub_major_group
LAB_disco08_226930,LAB,disco08,226930,Akademikere (via 2),Akademikere (via 2),,CSV:LAB_disco08_comprehensive_hierarchical,medium,danish,LAB_disco08_226900,detail
LAB_disco08_211300,LAB,disco08,211300,Kemikere (via 2113),Kemikere (via 2113),,CSV:LAB_disco08_comprehensive_hierarchical,medium,danish,LAB_disco08_211000,unit_group
LAB_disco08_342100,LAB,disco08,342100,Teknikere og tilsvarende fagfolk (via 3),Teknikere og tilsvarende fagfolk (via 3),,CSV:LAB_disco08_comprehensive_hierarchical,medium,danish,LAB_disco08_342000,unit_group
LAB_disco08_265300,LAB,disco08,265300,Akademikere (via 2),Akademikere (via 2),,CSV:LAB_disco08_comprehensive_hierarchical,medium,danish,LAB_disco08_265000,unit_group
LAB_disco08_331120,LAB,disco08,331120,Teknikere og tilsvarende fagfolk (via 3),Teknikere og tilsvarende fagfolk (via 3),,CSV:LAB_disco08_comprehensive_hierarchical,medium,danish,LAB_disco08_331100,detail
LAB_disco08_712000,LAB,disco08,712000,Bygge- og anlægsarbejdere (via 712),Bygge- og anlægsarbejdere (via 712),,CSV:LAB_disco08_comprehensive_hierarchical,medium,danish,LAB_disco08_710000,minor_group
LAB_disco08_235740,LAB,disco08,235740,Akademikere (via 2),Akademikere (via 2),,CSV:LAB_disco08_comprehensive_hierarchical,medium,danish,LAB_disco08_235700,detail
LAB_disco08_731100,LAB,disco08,731100,Håndværkere og andre faglærte arbejdere (via 7),Håndværkere og andre faglærte arbejdere (via 7),,CSV:LAB_disco08_comprehensive_hierarchical,medium,danish,LAB_disco08_731000,unit_group
LAB_disco08_311700,LAB,disco08,311700,Grubedrifts- og metallurgiske teknikere (via 3117),Grubedrifts- og metallurgiske teknikere (via 3117),,CSV:LAB_disco08_comprehensive_hierarchical,medium,danish,LAB_disco08_311000,unit_group
LAB_disco08_900000,LAB,disco08,900000,Ufaglærte arbejdere (via 9),Ufaglærte arbejdere (via 9),,CSV:LAB_disco08_comprehensive_hierarchical,medium,danish,,major_group
LAB_disco08_721100,LAB,disco08,721100,Håndværkere og andre faglærte arbejdere (via 7),Håndværkere og andre faglærte arbejdere (via 7),,CSV:LAB_disco08_comprehensive_hierarchical,medium,danish,LAB_disco08_721000,unit_group
LAB_disco08_264100,LAB,disco08,264100,Akademikere (via 2),Akademikere (via 2),,CSV:LAB_disco08_comprehensive_hierarchical,medium,danish,LAB_disco08_264000,unit_group
LAB_disco08_226420,LAB,disco08,226420,Akademikere (via 2),Akademikere (via 2),,CSV:LAB_disco08_comprehensive_hierarchical,medium,danish,LAB_disco08_226400,detail
LAB_disco08_921300,LAB,disco08,921300,Akvakulturhjælpere og fiskerihjælpere (via 9213),Akvakulturhjælpere og fiskerihjælpere (via 9213),,CSV:LAB_disco08_comprehensive_hierarchical,medium,danish,LAB_disco08_921000,unit_group
LAB_disco08_213120,LAB,disco08,213120,"Biologer, botanikere, zoologer og beslægtede fagfolk (via 2131)","Biologer, botanikere, zoologer og beslægtede fagfolk (via 2131)",,CSV:LAB_disco08_comprehensive_hierarchical,medium,danish,LAB_disco08_213100,detail
LAB_disco08_351400,LAB,disco08,351400,Teknikere og tilsvarende fagfolk (via 3),Teknikere og tilsvarende fagfolk (via 3),,CSV:LAB_disco08_comprehensive_hierarchical,medium,danish,LAB_disco08_351000,unit_group
LAB_disco08_264390,LAB,disco08,264390,Akademikere (via 2),Akademikere (via 2),,CSV:LAB_disco08_comprehensive_hierarchical,medium,danish,LAB_disco08_264300,detail
LAB_disco08_753300,LAB,disco08,753300,Håndværkere og andre faglærte arbejdere (via 7),Håndværkere og andre faglærte arbejdere (via 7),,CSV:LAB_disco08_comprehensive_hierarchical,medium,danish,LAB_disco08_753000,unit_group
LAB_disco08_261110,LAB,disco08,261110,Akademikere (via 2),Akademikere (via 2),,CSV:LAB_disco08_comprehensive_hierarchical,medium,danish,LAB_disco08_261100,detail
LAB_disco08_342000,LAB,disco08,342000,Teknikere og tilsvarende fagfolk (via 3),Teknikere og tilsvarende fagfolk (via 3),,CSV:LAB_disco08_comprehensive_hierarchical,medium,danish,LAB_disco08_340000,minor_group
LAB_disco08_721500,LAB,disco08,721500,Håndværkere og andre faglærte arbejdere (via 7),Håndværkere og andre faglærte arbejdere (via 7),,CSV:LAB_disco08_comprehensive_hierarchical,medium,danish,LAB_disco08_721000,unit_group
LAB_disco08_753400,LAB,disco08,753400,Håndværkere og andre faglærte arbejdere (via 7),Håndværkere og andre faglærte arbejdere (via 7),,CSV:LAB_disco08_comprehensive_hierarchical,medium,danish,LAB_disco08_753000,unit_group
LAB_disco08_342200,LAB,disco08,342200,Teknikere og tilsvarende fagfolk (via 3),Teknikere og tilsvarende fagfolk (via 3),,CSV:LAB_disco08_comprehensive_hierarchical,medium,danish,LAB_disco08_342000,unit_group
LAB_disco08_325800,LAB,disco08,325800,Teknikere og tilsvarende fagfolk (via 3),Teknikere og tilsvarende fagfolk (via 3),,CSV:LAB_disco08_comprehensive_hierarchical,medium,danish,LAB_disco08_325000,unit_group
LAB_disco08_263300,LAB,disco08,263300,Akademikere (via 2),Akademikere (via 2),,CSV:LAB_disco08_comprehensive_hierarchical,medium,danish,LAB_disco08_263000,unit_group
LAB_disco08_751100,LAB,disco08,751100,Håndværkere og andre faglærte arbejdere (via 7),Håndværkere og andre faglærte arbejdere (via 7),,CSV:LAB_disco08_comprehensive_hierarchical,medium,danish,LAB_disco08_751000,unit_group
LAB_disco08_263200,LAB,disco08,263200,Akademikere (via 2),Akademikere (via 2),,CSV:LAB_disco08_comprehensive_hierarchical,medium,danish,LAB_disco08_263000,unit_group
LAB_disco08_235000,LAB,disco08,235000,Akademikere (via 2),Akademikere (via 2),,CSV:LAB_disco08_comprehensive_hierarchical,medium,danish,LAB_disco08_230000,minor_group
LAB_disco08_754100,LAB,disco08,754100,Håndværkere og andre faglærte arbejdere (via 7),Håndværkere og andre faglærte arbejdere (via 7),,CSV:LAB_disco08_comprehensive_hierarchical,medium,danish,LAB_disco08_754000,unit_group
LAB_disco08_711220,LAB,disco08,711220,Murere (via 7112),Murere (via 7112),,CSV:LAB_disco08_comprehensive_hierarchical,medium,danish,LAB_disco08_711200,detail
LAB_disco08_941200,LAB,disco08,941200,Køkkenhjælpere (via 9412),Køkkenhjælpere (via 9412),,CSV:LAB_disco08_comprehensive_hierarchical,medium,danish,LAB_disco08_941000,unit_group
LAB_disco08_235600,LAB,disco08,235600,Akademikere (via 2),Akademikere (via 2),,CSV:LAB_disco08_comprehensive_hierarchical,medium,danish,LAB_disco08_235000,unit_group
LAB_disco08_832230,LAB,disco08,832230,"Car, taxi and van drivers (via 8322)","Car, taxi and van drivers (via 8322)",,CSV:LAB_disco08_dst_hierarchical,medium,danish,LAB_disco08_832200,detail
LAB_disco08_422500,LAB,disco08,422500,Kontorpersonale (via 4),Kontorpersonale (via 4),,CSV:LAB_disco08_comprehensive_hierarchical,medium,danish,LAB_disco08_422000,unit_group
LAB_disco08_833140,LAB,disco08,833140,Førere af køretøjer og operatører af mobilt udstyr (via 83),Førere af køretøjer og operatører af mobilt udstyr (via 83),,CSV:LAB_disco08_comprehensive_hierarchical,medium,danish,LAB_disco08_833100,detail
LAB_disco08_213100,LAB,disco08,213100,"Biologer, botanikere, zoologer og beslægtede fagfolk (via 2131)","Biologer, botanikere, zoologer og beslægtede fagfolk (via 2131)",,CSV:LAB_disco08_comprehensive_hierarchical,medium,danish,LAB_disco08_213000,unit_group
LAB_disco08_343100,LAB,disco08,343100,Teknikere og tilsvarende fagfolk (via 3),Teknikere og tilsvarende fagfolk (via 3),,CSV:LAB_disco08_comprehensive_hierarchical,medium,danish,LAB_disco08_343000,unit_group
LAB_disco08_813200,LAB,disco08,813200,Operatører af stationære anlæg og maskiner (via 81),Operatører af stationære anlæg og maskiner (via 81),,CSV:LAB_disco08_comprehensive_hierarchical,medium,danish,LAB_disco08_813000,unit_group
LAB_disco08_531200,LAB,disco08,531200,Service- og salgspersonale (via 5),Service- og salgspersonale (via 5),,CSV:LAB_disco08_comprehensive_hierarchical,medium,danish,LAB_disco08_531000,unit_group
LAB_disco08_315100,LAB,disco08,315100,Naturvidenskabelige og tekniske teknikere (via 31),Naturvidenskabelige og tekniske teknikere (via 31),,CSV:LAB_disco08_comprehensive_hierarchical,medium,danish,LAB_disco08_315000,unit_group
LAB_disco08_432310,LAB,disco08,432310,Kontorpersonale (via 4),Kontorpersonale (via 4),,CSV:LAB_disco08_comprehensive_hierarchical,medium,danish,LAB_disco08_432300,detail
LAB_disco08_441300,LAB,disco08,441300,Kontorpersonale (via 4),Kontorpersonale (via 4),,CSV:LAB_disco08_comprehensive_hierarchical,medium,danish,LAB_disco08_441000,unit_group
LAB_disco08_134400,LAB,disco08,134400,Ledere (via 1),Ledere (via 1),,CSV:LAB_disco08_comprehensive_hierarchical,medium,danish,LAB_disco08_134000,unit_group
LAB_disco08_333000,LAB,disco08,333000,Teknikere og tilsvarende fagfolk (via 3),Teknikere og tilsvarende fagfolk (via 3),,CSV:LAB_disco08_comprehensive_hierarchical,medium,danish,LAB_disco08_330000,minor_group
LAB_disco08_335400,LAB,disco08,335400,Teknikere og tilsvarende fagfolk (via 3),Teknikere og tilsvarende fagfolk (via 3),,CSV:LAB_disco08_comprehensive_hierarchical,medium,danish,LAB_disco08_335000,unit_group
LAB_disco08_511200,LAB,disco08,511200,Togkonduktører (via 5112),Togkonduktører (via 5112),,CSV:LAB_disco08_comprehensive_hierarchical,medium,danish,LAB_disco08_511000,unit_group
LAB_disco08_511300,LAB,disco08,511300,Rejseledere (via 5113),Rejseledere (via 5113),,CSV:LAB_disco08_comprehensive_hierarchical,medium,danish,LAB_disco08_511000,unit_group
LAB_disco08_311140,LAB,disco08,311140,Kemiske og fysiske teknikere (via 3111),Kemiske og fysiske teknikere (via 3111),,CSV:LAB_disco08_comprehensive_hierarchical,medium,danish,LAB_disco08_311100,detail
LAB_disco08_524600,LAB,disco08,524600,Service- og salgspersonale (via 5),Service- og salgspersonale (via 5),,CSV:LAB_disco08_comprehensive_hierarchical,medium,danish,LAB_disco08_524000,unit_group
LAB_disco08_531100,LAB,disco08,531100,Service- og salgspersonale (via 5),Service- og salgspersonale (via 5),,CSV:LAB_disco08_comprehensive_hierarchical,medium,danish,LAB_disco08_531000,unit_group
LAB_disco08_831200,LAB,disco08,831200,"Togbremser, signalmænd og sporskiftere (via 8312)","Togbremser, signalmænd og sporskiftere (via 8312)",,CSV:LAB_disco08_comprehensive_hierarchical,medium,danish,LAB_disco08_831000,unit_group
LAB_disco08_751190,LAB,disco08,751190,Håndværkere og andre faglærte arbejdere (via 7),Håndværkere og andre faglærte arbejdere (via 7),,CSV:LAB_disco08_comprehensive_hierarchical,medium,danish,LAB_disco08_751100,detail
LAB_disco08_511000,LAB,disco08,511000,"Rejseledere, stewarder og lignende (via 511)","Rejseledere, stewarder og lignende (via 511)",,CSV:LAB_disco08_comprehensive_hierarchical,medium,danish,LAB_disco08_510000,minor_group
LAB_disco08_521200,LAB,disco08,521200,Service- og salgspersonale (via 5),Service- og salgspersonale (via 5),,CSV:LAB_disco08_comprehensive_hierarchical,medium,danish,LAB_disco08_521000,unit_group
LAB_disco08_612200,LAB,disco08,612200,Markortienterede landbrugs- og fiskeriarbejdere (via 61),Markortienterede landbrugs- og fiskeriarbejdere (via 61),,CSV:LAB_disco08_comprehensive_hierarchical,medium,danish,LAB_disco08_612000,unit_group
LAB_disco08_331400,LAB,disco08,331400,Teknikere og tilsvarende fagfolk (via 3),Teknikere og tilsvarende fagfolk (via 3),,CSV:LAB_disco08_comprehensive_hierarchical,medium,danish,LAB_disco08_331000,unit_group
LAB_disco08_931100,LAB,disco08,931100,Hjælpere inden for minedrift og stenbrud (via 9311),Hjælpere inden for minedrift og stenbrud (via 9311),,CSV:LAB_disco08_comprehensive_hierarchical,medium,danish,LAB_disco08_931000,unit_group
LAB_disco08_711000,LAB,disco08,711000,Bygningsarbejdere og beslægtede fagfolk (via 711),Bygningsarbejdere og beslægtede fagfolk (via 711),,CSV:LAB_disco08_comprehensive_hierarchical,medium,danish,LAB_disco08_710000,minor_group
LAB_disco08_223000,LAB,disco08,223000,Akademikere (via 2),Akademikere (via 2),,CSV:LAB_disco08_comprehensive_hierarchical,medium,danish,LAB_disco08_220000,minor_group
LAB_disco08_532100,LAB,disco08,532100,Service- og salgspersonale (via 5),Service- og salgspersonale (via 5),,CSV:LAB_disco08_comprehensive_hierarchical,medium,danish,LAB_disco08_532000,unit_group
LAB_disco08_818100,LAB,disco08,818100,Operatører af stationære anlæg og maskiner (via 81),Operatører af stationære anlæg og maskiner (via 81),,CSV:LAB_disco08_comprehensive_hierarchical,medium,danish,LAB_disco08_818000,unit_group
LAB_disco08_731900,LAB,disco08,731900,Håndværkere og andre faglærte arbejdere (via 7),Håndværkere og andre faglærte arbejdere (via 7),,CSV:LAB_disco08_comprehensive_hierarchical,medium,danish,LAB_disco08_731000,unit_group
LAB_disco08_315420,LAB,disco08,315420,Naturvidenskabelige og tekniske teknikere (via 31),Naturvidenskabelige og tekniske teknikere (via 31),,CSV:LAB_disco08_comprehensive_hierarchical,medium,danish,LAB_disco08_315400,detail
LAB_disco08_324000,LAB,disco08,324000,Teknikere og tilsvarende fagfolk (via 3),Teknikere og tilsvarende fagfolk (via 3),,CSV:LAB_disco08_comprehensive_hierarchical,medium,danish,LAB_disco08_320000,minor_group
LAB_disco08_216200,LAB,disco08,216200,Landskabsarkitekter (via 2162),Landskabsarkitekter (via 2162),,CSV:LAB_disco08_comprehensive_hierarchical,medium,danish,LAB_disco08_216000,unit_group
LAB_disco08_521100,LAB,disco08,521100,Service- og salgspersonale (via 5),Service- og salgspersonale (via 5),,CSV:LAB_disco08_comprehensive_hierarchical,medium,danish,LAB_disco08_521000,unit_group
LAB_disco08_321390,LAB,disco08,321390,Teknikere og tilsvarende fagfolk (via 3),Teknikere og tilsvarende fagfolk (via 3),,CSV:LAB_disco08_comprehensive_hierarchical,medium,danish,LAB_disco08_321300,detail
LAB_disco08_216500,LAB,disco08,216500,Kartografer og landmålere (via 2165),Kartografer og landmålere (via 2165),,CSV:LAB_disco08_comprehensive_hierarchical,medium,danish,LAB_disco08_216000,unit_group
LAB_disco08_313500,LAB,disco08,313500,Naturvidenskabelige og tekniske teknikere (via 31),Naturvidenskabelige og tekniske teknikere (via 31),,CSV:LAB_disco08_comprehensive_hierarchical,medium,danish,LAB_disco08_313000,unit_group
LAB_disco08_500000,LAB,disco08,500000,Service- og salgspersonale (via 5),Service- og salgspersonale (via 5),,CSV:LAB_disco08_comprehensive_hierarchical,medium,danish,,major_group
LAB_disco08_814100,LAB,disco08,814100,Operatører af stationære anlæg og maskiner (via 81),Operatører af stationære anlæg og maskiner (via 81),,CSV:LAB_disco08_comprehensive_hierarchical,medium,danish,LAB_disco08_814000,unit_group
LAB_disco08_713310,LAB,disco08,713310,Byggearbejdere og beslægtede fagfolk undtagen elektrikere (via 71),Byggearbejdere og beslægtede fagfolk undtagen elektrikere (via 71),,CSV:LAB_disco08_comprehensive_hierarchical,medium,danish,LAB_disco08_713300,detail
LAB_disco08_731200,LAB,disco08,731200,Håndværkere og andre faglærte arbejdere (via 7),Håndværkere og andre faglærte arbejdere (via 7),,CSV:LAB_disco08_comprehensive_hierarchical,medium,danish,LAB_disco08_731000,unit_group
LAB_disco08_752100,LAB,disco08,752100,Håndværkere og andre faglærte arbejdere (via 7),Håndværkere og andre faglærte arbejdere (via 7),,CSV:LAB_disco08_comprehensive_hierarchical,medium,danish,LAB_disco08_752000,unit_group
LAB_disco08_322100,LAB,disco08,322100,Teknikere og tilsvarende fagfolk (via 3),Teknikere og tilsvarende fagfolk (via 3),,CSV:LAB_disco08_comprehensive_hierarchical,medium,danish,LAB_disco08_322000,unit_group
LAB_disco08_911250,LAB,disco08,911250,"Rengøringspersonale og hjælpere på kontorer, hoteller mv. (via 9112)","Rengøringspersonale og hjælpere på kontorer, hoteller mv. (via 9112)",,CSV:LAB_disco08_comprehensive_hierarchical,medium,danish,LAB_disco08_911200,detail
LAB_disco08_960000,LAB,disco08,960000,Ufaglærte arbejdere (via 9),Ufaglærte arbejdere (via 9),,CSV:LAB_disco08_comprehensive_hierarchical,medium,danish,LAB_disco08_900000,sub_major_group
LAB_disco08_321220,LAB,disco08,321220,Teknikere og tilsvarende fagfolk (via 3),Teknikere og tilsvarende fagfolk (via 3),,CSV:LAB_disco08_comprehensive_hierarchical,medium,danish,LAB_disco08_321200,detail
LAB_disco08_441100,LAB,disco08,441100,Kontorpersonale (via 4),Kontorpersonale (via 4),,CSV:LAB_disco08_comprehensive_hierarchical,medium,danish,LAB_disco08_441000,unit_group
LAB_disco08_751120,LAB,disco08,751120,Håndværkere og andre faglærte arbejdere (via 7),Håndværkere og andre faglærte arbejdere (via 7),,CSV:LAB_disco08_comprehensive_hierarchical,medium,danish,LAB_disco08_751100,detail
LAB_disco08_315410,LAB,disco08,315410,Naturvidenskabelige og tekniske teknikere (via 31),Naturvidenskabelige og tekniske teknikere (via 31),,CSV:LAB_disco08_comprehensive_hierarchical,medium,danish,LAB_disco08_315400,detail
LAB_disco08_532200,LAB,disco08,532200,Service- og salgspersonale (via 5),Service- og salgspersonale (via 5),,CSV:LAB_disco08_comprehensive_hierarchical,medium,danish,LAB_disco08_532000,unit_group
LAB_disco08_750000,LAB,disco08,750000,Håndværkere og andre faglærte arbejdere (via 7),Håndværkere og andre faglærte arbejdere (via 7),,CSV:LAB_disco08_comprehensive_hierarchical,medium,danish,LAB_disco08_700000,sub_major_group
LAB_disco08_314300,LAB,disco08,314300,Naturvidenskabelige og tekniske teknikere (via 31),Naturvidenskabelige og tekniske teknikere (via 31),,CSV:LAB_disco08_comprehensive_hierarchical,medium,danish,LAB_disco08_314000,unit_group
LAB_disco08_711520,LAB,disco08,711520,Bygningsarbejdere og beslægtede fagfolk (via 711),Bygningsarbejdere og beslægtede fagfolk (via 711),,CSV:LAB_disco08_comprehensive_hierarchical,medium,danish,LAB_disco08_711500,detail
LAB_disco08_234200,LAB,disco08,234200,Akademikere (via 2),Akademikere (via 2),,CSV:LAB_disco08_comprehensive_hierarchical,medium,danish,LAB_disco08_234000,unit_group
LAB_disco08_216400,LAB,disco08,216400,Planlæggere af arealanvendelse (via 2164),Planlæggere af arealanvendelse (via 2164),,CSV:LAB_disco08_comprehensive_hierarchical,medium,danish,LAB_disco08_216000,unit_group
LAB_disco08_226610,LAB,disco08,226610,Akademikere (via 2),Akademikere (via 2),,CSV:LAB_disco08_comprehensive_hierarchical,medium,danish,LAB_disco08_226600,detail
LAB_disco08_516100,LAB,disco08,516100,Personlige servicepersonale (via 51),Personlige servicepersonale (via 51),,CSV:LAB_disco08_comprehensive_hierarchical,medium,danish,LAB_disco08_516000,unit_group
LAB_disco08_931220,LAB,disco08,931220,Bygge- og anlægshjælpere (via 9312),Bygge- og anlægshjælpere (via 9312),,CSV:LAB_disco08_comprehensive_hierarchical,medium,danish,LAB_disco08_931200,detail
LAB_disco08_313100,LAB,disco08,313100,Naturvidenskabelige og tekniske teknikere (via 31),Naturvidenskabelige og tekniske teknikere (via 31),,CSV:LAB_disco08_comprehensive_hierarchical,medium,danish,LAB_disco08_313000,unit_group
LAB_disco08_834100,LAB,disco08,834100,Førere af køretøjer og operatører af mobilt udstyr (via 83),Førere af køretøjer og operatører af mobilt udstyr (via 83),,CSV:LAB_disco08_comprehensive_hierarchical,medium,danish,LAB_disco08_834000,unit_group
LAB_disco08_711910,LAB,disco08,711910,Bygningsarbejdere og beslægtede fagfolk (via 711),Bygningsarbejdere og beslægtede fagfolk (via 711),,CSV:LAB_disco08_comprehensive_hierarchical,medium,danish,LAB_disco08_711900,detail
LAB_disco08_224000,LAB,disco08,224000,Akademikere (via 2),Akademikere (via 2),,CSV:LAB_disco08_comprehensive_hierarchical,medium,danish,LAB_disco08_220000,minor_group
LAB_disco08_815400,LAB,disco08,815400,Operatører af stationære anlæg og maskiner (via 81),Operatører af stationære anlæg og maskiner (via 81),,CSV:LAB_disco08_comprehensive_hierarchical,medium,danish,LAB_disco08_815000,unit_group
LAB_disco08_951000,LAB,disco08,951000,Ufaglærte arbejdere (via 9),Ufaglærte arbejdere (via 9),,CSV:LAB_disco08_comprehensive_hierarchical,medium,danish,LAB_disco08_950000,minor_group
LAB_disco08_611000,LAB,disco08,611000,Markortienterede landbrugsarbejdere og gartnere (via 611),Markortienterede landbrugsarbejdere og gartnere (via 611),,CSV:LAB_disco08_comprehensive_hierarchical,medium,danish,LAB_disco08_610000,minor_group
LAB_disco08_723200,LAB,disco08,723200,Håndværkere og andre faglærte arbejdere (via 7),Håndværkere og andre faglærte arbejdere (via 7),,CSV:LAB_disco08_comprehensive_hierarchical,medium,danish,LAB_disco08_723000,unit_group
LAB_disco08_264000,LAB,disco08,264000,Akademikere (via 2),Akademikere (via 2),,CSV:LAB_disco08_comprehensive_hierarchical,medium,danish,LAB_disco08_260000,minor_group
LAB_disco08_325500,LAB,disco08,325500,Teknikere og tilsvarende fagfolk (via 3),Teknikere og tilsvarende fagfolk (via 3),,CSV:LAB_disco08_comprehensive_hierarchical,medium,danish,LAB_disco08_325000,unit_group
LAB_disco08_333100,LAB,disco08,333100,Teknikere og tilsvarende fagfolk (via 3),Teknikere og tilsvarende fagfolk (via 3),,CSV:LAB_disco08_comprehensive_hierarchical,medium,danish,LAB_disco08_333000,unit_group
LAB_disco08_753200,LAB,disco08,753200,Håndværkere og andre faglærte arbejdere (via 7),Håndværkere og andre faglærte arbejdere (via 7),,CSV:LAB_disco08_comprehensive_hierarchical,medium,danish,LAB_disco08_753000,unit_group
LAB_disco08_343300,LAB,disco08,343300,Teknikere og tilsvarende fagfolk (via 3),Teknikere og tilsvarende fagfolk (via 3),,CSV:LAB_disco08_comprehensive_hierarchical,medium,danish,LAB_disco08_343000,unit_group
LAB_disco08_315500,LAB,disco08,315500,Naturvidenskabelige og tekniske teknikere (via 31),Naturvidenskabelige og tekniske teknikere (via 31),,CSV:LAB_disco08_comprehensive_hierarchical,medium,danish,LAB_disco08_315000,unit_group
LAB_disco08_313400,LAB,disco08,313400,Naturvidenskabelige og tekniske teknikere (via 31),Naturvidenskabelige og tekniske teknikere (via 31),,CSV:LAB_disco08_comprehensive_hierarchical,medium,danish,LAB_disco08_313000,unit_group
LAB_disco08_314000,LAB,disco08,314000,Naturvidenskabelige og tekniske teknikere (via 31),Naturvidenskabelige og tekniske teknikere (via 31),,CSV:LAB_disco08_comprehensive_hierarchical,medium,danish,LAB_disco08_310000,minor_group
LAB_disco08_815500,LAB,disco08,815500,Operatører af stationære anlæg og maskiner (via 81),Operatører af stationære anlæg og maskiner (via 81),,CSV:LAB_disco08_comprehensive_hierarchical,medium,danish,LAB_disco08_815000,unit_group
LAB_disco08_226920,LAB,disco08,226920,Akademikere (via 2),Akademikere (via 2),,CSV:LAB_disco08_comprehensive_hierarchical,medium,danish,LAB_disco08_226900,detail
LAB_disco08_731610,LAB,disco08,731610,Håndværkere og andre faglærte arbejdere (via 7),Håndværkere og andre faglærte arbejdere (via 7),,CSV:LAB_disco08_comprehensive_hierarchical,medium,danish,LAB_disco08_731600,detail
LAB_disco08_831000,LAB,disco08,831000,Lokomotivførere og beslægtede arbejdere (via 831),Lokomotivførere og beslægtede arbejdere (via 831),,CSV:LAB_disco08_comprehensive_hierarchical,medium,danish,LAB_disco08_830000,minor_group
LAB_disco08_432320,LAB,disco08,432320,Kontorpersonale (via 4),Kontorpersonale (via 4),,CSV:LAB_disco08_comprehensive_hierarchical,medium,danish,LAB_disco08_432300,detail
LAB_disco08_962100,LAB,disco08,962100,Ufaglærte arbejdere (via 9),Ufaglærte arbejdere (via 9),,CSV:LAB_disco08_comprehensive_hierarchical,medium,danish,LAB_disco08_962000,unit_group
LAB_disco08_933100,LAB,disco08,933100,Håndløftere og godshåndtere (via 9331),Håndløftere og godshåndtere (via 9331),,CSV:LAB_disco08_comprehensive_hierarchical,medium,danish,LAB_disco08_933000,unit_group
LAB_disco08_322200,LAB,disco08,322200,Teknikere og tilsvarende fagfolk (via 3),Teknikere og tilsvarende fagfolk (via 3),,CSV:LAB_disco08_comprehensive_hierarchical,medium,danish,LAB_disco08_322000,unit_group
LAB_disco08_731400,LAB,disco08,731400,Håndværkere og andre faglærte arbejdere (via 7),Håndværkere og andre faglærte arbejdere (via 7),,CSV:LAB_disco08_comprehensive_hierarchical,medium,danish,LAB_disco08_731000,unit_group
LAB_disco08_265600,LAB,disco08,265600,Akademikere (via 2),Akademikere (via 2),,CSV:LAB_disco08_comprehensive_hierarchical,medium,danish,LAB_disco08_265000,unit_group
LAB_disco08_811200,LAB,disco08,811200,Operatører af mineralforarbejdningsanlæg (via 8112),Operatører af mineralforarbejdningsanlæg (via 8112),,CSV:LAB_disco08_comprehensive_hierarchical,medium,danish,LAB_disco08_811000,unit_group
LAB_disco08_811100,LAB,disco08,811100,Mineoperatører (via 8111),Mineoperatører (via 8111),,CSV:LAB_disco08_comprehensive_hierarchical,medium,danish,LAB_disco08_811000,unit_group
LAB_disco08_818900,LAB,disco08,818900,Operatører af stationære anlæg og maskiner (via 81),Operatører af stationære anlæg og maskiner (via 81),,CSV:LAB_disco08_comprehensive_hierarchical,medium,danish,LAB_disco08_818000,unit_group
LAB_disco08_351000,LAB,disco08,351000,Teknikere og tilsvarende fagfolk (via 3),Teknikere og tilsvarende fagfolk (via 3),,CSV:LAB_disco08_comprehensive_hierarchical,medium,danish,LAB_disco08_350000,minor_group
LAB_disco08_516400,LAB,disco08,516400,Personlige servicepersonale (via 51),Personlige servicepersonale (via 51),,CSV:LAB_disco08_comprehensive_hierarchical,medium,danish,LAB_disco08_516000,unit_group
LAB_disco08_320000,LAB,disco08,320000,Teknikere og tilsvarende fagfolk (via 3),Teknikere og tilsvarende fagfolk (via 3),,CSV:LAB_disco08_comprehensive_hierarchical,medium,danish,LAB_disco08_300000,sub_major_group
LAB_disco08_134910,LAB,disco08,134910,Ledere (via 1),Ledere (via 1),,CSV:LAB_disco08_comprehensive_hierarchical,medium,danish,LAB_disco08_134900,detail
LAB_disco08_331000,LAB,disco08,331000,Teknikere og tilsvarende fagfolk (via 3),Teknikere og tilsvarende fagfolk (via 3),,CSV:LAB_disco08_comprehensive_hierarchical,medium,danish,LAB_disco08_330000,minor_group
LAB_disco08_815700,LAB,disco08,815700,Operatører af stationære anlæg og maskiner (via 81),Operatører af stationære anlæg og maskiner (via 81),,CSV:LAB_disco08_comprehensive_hierarchical,medium,danish,LAB_disco08_815000,unit_group
LAB_disco08_235760,LAB,disco08,235760,Akademikere (via 2),Akademikere (via 2),,CSV:LAB_disco08_comprehensive_hierarchical,medium,danish,LAB_disco08_235700,detail
LAB_disco08_600000,LAB,disco08,600000,"Faglærte arbejdere inden for landbrug, skovbrug og fiskeri (via 6)","Faglærte arbejdere inden for landbrug, skovbrug og fiskeri (via 6)",,CSV:LAB_disco08_comprehensive_hierarchical,medium,danish,,major_group
LAB_disco08_931320,LAB,disco08,931320,Bygningsrengøringspersonale og beslægtede fagfolk (via 9313),Bygningsrengøringspersonale og beslægtede fagfolk (via 9313),,CSV:LAB_disco08_comprehensive_hierarchical,medium,danish,LAB_disco08_931300,detail
LAB_disco08_931240,LAB,disco08,931240,Bygge- og anlægshjælpere (via 9312),Bygge- og anlægshjælpere (via 9312),,CSV:LAB_disco08_comprehensive_hierarchical,medium,danish,LAB_disco08_931200,detail
LAB_disco08_112000,LAB,disco08,112000,Senior government officials (via 1120),Senior government officials (via 1120),,CSV:LAB_disco08_dst_hierarchical,medium,danish,LAB_disco08_110000,minor_group
LAB_disco08_432000,LAB,disco08,432000,Kontorpersonale (via 4),Kontorpersonale (via 4),,CSV:LAB_disco08_comprehensive_hierarchical,medium,danish,LAB_disco08_430000,minor_group
LAB_disco08_920000,LAB,disco08,920000,"Landbrugs-, skovbrugs- og fiskerihjælpere (via 92)","Landbrugs-, skovbrugs- og fiskerihjælpere (via 92)",,CSV:LAB_disco08_comprehensive_hierarchical,medium,danish,LAB_disco08_900000,sub_major_group
LAB_disco08_226620,LAB,disco08,226620,Akademikere (via 2),Akademikere (via 2),,CSV:LAB_disco08_comprehensive_hierarchical,medium,danish,LAB_disco08_226600,detail
LAB_disco08_731620,LAB,disco08,731620,Håndværkere og andre faglærte arbejdere (via 7),Håndværkere og andre faglærte arbejdere (via 7),,CSV:LAB_disco08_comprehensive_hierarchical,medium,danish,LAB_disco08_731600,detail
LAB_disco08_962000,LAB,disco08,962000,Ufaglærte arbejdere (via 9),Ufaglærte arbejdere (via 9),,CSV:LAB_disco08_comprehensive_hierarchical,medium,danish,LAB_disco08_960000,minor_group
LAB_disco08_121300,LAB,disco08,121300,Strategidirektører (via 1213),Strategidirektører (via 1213),,CSV:LAB_disco08_comprehensive_hierarchical,medium,danish,LAB_disco08_121000,unit_group
LAB_disco08_334300,LAB,disco08,334300,Teknikere og tilsvarende fagfolk (via 3),Teknikere og tilsvarende fagfolk (via 3),,CSV:LAB_disco08_comprehensive_hierarchical,medium,danish,LAB_disco08_334000,unit_group
LAB_disco08_931000,LAB,disco08,931000,Hjælpere inden for minedrift og byggeri (via 931),Hjælpere inden for minedrift og byggeri (via 931),,CSV:LAB_disco08_comprehensive_hierarchical,medium,danish,LAB_disco08_930000,minor_group
LAB_disco08_325700,LAB,disco08,325700,Teknikere og tilsvarende fagfolk (via 3),Teknikere og tilsvarende fagfolk (via 3),,CSV:LAB_disco08_comprehensive_hierarchical,medium,danish,LAB_disco08_325000,unit_group
LAB_disco08_262000,LAB,disco08,262000,Akademikere (via 2),Akademikere (via 2),,CSV:LAB_disco08_comprehensive_hierarchical,medium,danish,LAB_disco08_260000,minor_group
LAB_disco08_722000,LAB,disco08,722000,Håndværkere og andre faglærte arbejdere (via 7),Håndværkere og andre faglærte arbejdere (via 7),,CSV:LAB_disco08_comprehensive_hierarchical,medium,danish,LAB_disco08_720000,minor_group
LAB_disco08_134300,LAB,disco08,134300,Ledere (via 1),Ledere (via 1),,CSV:LAB_disco08_comprehensive_hierarchical,medium,danish,LAB_disco08_134000,unit_group
LAB_disco08_131200,LAB,disco08,131200,Ledere (via 1),Ledere (via 1),,CSV:LAB_disco08_comprehensive_hierarchical,medium,danish,LAB_disco08_131000,unit_group
LAB_disco08_524100,LAB,disco08,524100,Service- og salgspersonale (via 5),Service- og salgspersonale (via 5),,CSV:LAB_disco08_comprehensive_hierarchical,medium,danish,LAB_disco08_524000,unit_group
LAB_disco08_323000,LAB,disco08,323000,Teknikere og tilsvarende fagfolk (via 3),Teknikere og tilsvarende fagfolk (via 3),,CSV:LAB_disco08_comprehensive_hierarchical,medium,danish,LAB_disco08_320000,minor_group
LAB_disco08_522200,LAB,disco08,522200,Service- og salgspersonale (via 5),Service- og salgspersonale (via 5),,CSV:LAB_disco08_comprehensive_hierarchical,medium,danish,LAB_disco08_522000,unit_group
LAB_disco08_531000,LAB,disco08,531000,Service- og salgspersonale (via 5),Service- og salgspersonale (via 5),,CSV:LAB_disco08_comprehensive_hierarchical,medium,danish,LAB_disco08_530000,minor_group
LAB_disco08_800000,LAB,disco08,800000,Operatører og montører (via 8),Operatører og montører (via 8),,CSV:LAB_disco08_comprehensive_hierarchical,medium,danish,,major_group
LAB_disco08_933000,LAB,disco08,933000,Transport- og lagerhjælpere (via 933),Transport- og lagerhjælpere (via 933),,CSV:LAB_disco08_comprehensive_hierarchical,medium,danish,LAB_disco08_930000,minor_group
LAB_disco08_313300,LAB,disco08,313300,Naturvidenskabelige og tekniske teknikere (via 31),Naturvidenskabelige og tekniske teknikere (via 31),,CSV:LAB_disco08_comprehensive_hierarchical,medium,danish,LAB_disco08_313000,unit_group
LAB_disco08_721000,LAB,disco08,721000,Håndværkere og andre faglærte arbejdere (via 7),Håndværkere og andre faglærte arbejdere (via 7),,CSV:LAB_disco08_comprehensive_hierarchical,medium,danish,LAB_disco08_720000,minor_group
LAB_disco08_321200,LAB,disco08,321200,Teknikere og tilsvarende fagfolk (via 3),Teknikere og tilsvarende fagfolk (via 3),,CSV:LAB_disco08_comprehensive_hierarchical,medium,danish,LAB_disco08_321000,unit_group
LAB_disco08_516200,LAB,disco08,516200,Personlige servicepersonale (via 51),Personlige servicepersonale (via 51),,CSV:LAB_disco08_comprehensive_hierarchical,medium,danish,LAB_disco08_516000,unit_group
LAB_disco08_413000,LAB,disco08,413000,Kontorpersonale til dataregistrering og beregning (via 413),Kontorpersonale til dataregistrering og beregning (via 413),,CSV:LAB_disco08_comprehensive_hierarchical,medium,danish,LAB_disco08_410000,minor_group
LAB_disco08_622000,LAB,disco08,622000,"Faglærte arbejdere inden for landbrug, skovbrug og fiskeri (via 6)","Faglærte arbejdere inden for landbrug, skovbrug og fiskeri (via 6)",,CSV:LAB_disco08_comprehensive_hierarchical,medium,danish,LAB_disco08_620000,minor_group
LAB_disco08_834300,LAB,disco08,834300,Førere af køretøjer og operatører af mobilt udstyr (via 83),Førere af køretøjer og operatører af mobilt udstyr (via 83),,CSV:LAB_disco08_comprehensive_hierarchical,medium,danish,LAB_disco08_834000,unit_group
LAB_disco08_334100,LAB,disco08,334100,Teknikere og tilsvarende fagfolk (via 3),Teknikere og tilsvarende fagfolk (via 3),,CSV:LAB_disco08_comprehensive_hierarchical,medium,danish,LAB_disco08_334000,unit_group
LAB_disco08_132000,LAB,disco08,132000,Ledere (via 1),Ledere (via 1),,CSV:LAB_disco08_comprehensive_hierarchical,medium,danish,LAB_disco08_130000,minor_group
LAB_disco08_711900,LAB,disco08,711900,Bygningsarbejdere og beslægtede fagfolk (via 711),Bygningsarbejdere og beslægtede fagfolk (via 711),,CSV:LAB_disco08_comprehensive_hierarchical,medium,danish,LAB_disco08_711000,unit_group
LAB_disco08_931310,LAB,disco08,931310,Bygningsrengøringspersonale og beslægtede fagfolk (via 9313),Bygningsrengøringspersonale og beslægtede fagfolk (via 9313),,CSV:LAB_disco08_comprehensive_hierarchical,medium,danish,LAB_disco08_931300,detail
LAB_disco08_622100,LAB,disco08,622100,"Faglærte arbejdere inden for landbrug, skovbrug og fiskeri (via 6)","Faglærte arbejdere inden for landbrug, skovbrug og fiskeri (via 6)",,CSV:LAB_disco08_comprehensive_hierarchical,medium,danish,LAB_disco08_622000,unit_group
LAB_disco08_343000,LAB,disco08,343000,Teknikere og tilsvarende fagfolk (via 3),Teknikere og tilsvarende fagfolk (via 3),,CSV:LAB_disco08_comprehensive_hierarchical,medium,danish,LAB_disco08_340000,minor_group
LAB_disco08_753500,LAB,disco08,753500,Håndværkere og andre faglærte arbejdere (via 7),Håndværkere og andre faglærte arbejdere (via 7),,CSV:LAB_disco08_comprehensive_hierarchical,medium,danish,LAB_disco08_753000,unit_group
LAB_disco08_420000,LAB,disco08,420000,Kontorpersonale (via 4),Kontorpersonale (via 4),,CSV:LAB_disco08_comprehensive_hierarchical,medium,danish,LAB_disco08_400000,sub_major_group
LAB_disco08_932000,LAB,disco08,932000,Fremstillingshjælpere (via 932),Fremstillingshjælpere (via 932),,CSV:LAB_disco08_comprehensive_hierarchical,medium,danish,LAB_disco08_930000,minor_group
LAB_disco08_818200,LAB,disco08,818200,Operatører af stationære anlæg og maskiner (via 81),Operatører af stationære anlæg og maskiner (via 81),,CSV:LAB_disco08_comprehensive_hierarchical,medium,danish,LAB_disco08_818000,unit_group
LAB_disco08_111000,LAB,disco08,111000,Lovgivende og udøvende magt (via 111),Lovgivende og udøvende magt (via 111),,CSV:LAB_disco08_comprehensive_hierarchical,medium,danish,LAB_disco08_110000,minor_group
LAB_disco08_952000,LAB,disco08,952000,Ufaglærte arbejdere (via 9),Ufaglærte arbejdere (via 9),,CSV:LAB_disco08_comprehensive_hierarchical,medium,danish,LAB_disco08_950000,minor_group
LAB_disco08_730000,LAB,disco08,730000,Håndværkere og andre faglærte arbejdere (via 7),Håndværkere og andre faglærte arbejdere (via 7),,CSV:LAB_disco08_comprehensive_hierarchical,medium,danish,LAB_disco08_700000,sub_major_group
LAB_disco08_121900,LAB,disco08,121900,Anden virksomheds- og administrationsledelse (via 1219),Anden virksomheds- og administrationsledelse (via 1219),,CSV:LAB_disco08_comprehensive_hierarchical,medium,danish,LAB_disco08_121000,unit_group
LAB_disco08_235230,LAB,disco08,235230,Akademikere (via 2),Akademikere (via 2),,CSV:LAB_disco08_comprehensive_hierarchical,medium,danish,LAB_disco08_235200,detail
LAB_disco08_611400,LAB,disco08,611400,Fiskere (via 6114),Fiskere (via 6114),,CSV:LAB_disco08_comprehensive_hierarchical,medium,danish,LAB_disco08_611000,unit_group
LAB_disco08_221000,LAB,disco08,221000,Akademikere (via 2),Akademikere (via 2),,CSV:LAB_disco08_comprehensive_hierarchical,medium,danish,LAB_disco08_220000,minor_group
LAB_disco08_711420,LAB,disco08,711420,Vedligeholdelse og reparation af bygninger (via 7114),Vedligeholdelse og reparation af bygninger (via 7114),,CSV:LAB_disco08_comprehensive_hierarchical,medium,danish,LAB_disco08_711400,detail
LAB_disco08_120000,LAB,disco08,120000,Administrations- og handelsledere (via 12),Administrations- og handelsledere (via 12),,CSV:LAB_disco08_comprehensive_hierarchical,medium,danish,LAB_disco08_100000,sub_major_group
LAB_disco08_612300,LAB,disco08,612300,Markortienterede landbrugs- og fiskeriarbejdere (via 61),Markortienterede landbrugs- og fiskeriarbejdere (via 61),,CSV:LAB_disco08_comprehensive_hierarchical,medium,danish,LAB_disco08_612000,unit_group
LAB_disco08_422000,LAB,disco08,422000,Kontorpersonale (via 4),Kontorpersonale (via 4),,CSV:LAB_disco08_comprehensive_hierarchical,medium,danish,LAB_disco08_420000,minor_group
LAB_disco08_233000,LAB,disco08,233000,Special needs teachers (via 2330),Special needs teachers (via 2330),,CSV:LAB_disco08_dst_hierarchical,medium,danish,LAB_disco08_230000,minor_group
LAB_disco08_712300,LAB,disco08,712300,Gipsere (via 7123),Gipsere (via 7123),,CSV:LAB_disco08_comprehensive_hierarchical,medium,danish,LAB_disco08_712000,unit_group
LAB_disco08_731500,LAB,disco08,731500,Håndværkere og andre faglærte arbejdere (via 7),Håndværkere og andre faglærte arbejdere (via 7),,CSV:LAB_disco08_comprehensive_hierarchical,medium,danish,LAB_disco08_731000,unit_group
LAB_disco08_751500,LAB,disco08,751500,Håndværkere og andre faglærte arbejdere (via 7),Håndværkere og andre faglærte arbejdere (via 7),,CSV:LAB_disco08_comprehensive_hierarchical,medium,danish,LAB_disco08_751000,unit_group
LAB_disco08_754000,LAB,disco08,754000,Håndværkere og andre faglærte arbejdere (via 7),Håndværkere og andre faglærte arbejdere (via 7),,CSV:LAB_disco08_comprehensive_hierarchical,medium,danish,LAB_disco08_750000,minor_group
LAB_disco08_622400,LAB,disco08,622400,"Faglærte arbejdere inden for landbrug, skovbrug og fiskeri (via 6)","Faglærte arbejdere inden for landbrug, skovbrug og fiskeri (via 6)",,CSV:LAB_disco08_comprehensive_hierarchical,medium,danish,LAB_disco08_622000,unit_group
LAB_disco08_251200,LAB,disco08,251200,Akademikere (via 2),Akademikere (via 2),,CSV:LAB_disco08_comprehensive_hierarchical,medium,danish,LAB_disco08_251000,unit_group
LAB_disco08_833000,LAB,disco08,833000,Førere af køretøjer og operatører af mobilt udstyr (via 83),Førere af køretøjer og operatører af mobilt udstyr (via 83),,CSV:LAB_disco08_comprehensive_hierarchical,medium,danish,LAB_disco08_830000,minor_group
LAB_disco08_754200,LAB,disco08,754200,Håndværkere og andre faglærte arbejdere (via 7),Håndværkere og andre faglærte arbejdere (via 7),,CSV:LAB_disco08_comprehensive_hierarchical,medium,danish,LAB_disco08_754000,unit_group
LAB_disco08_832100,LAB,disco08,832100,Motorcykel- og cykeloperatører (via 8321),Motorcykel- og cykeloperatører (via 8321),,CSV:LAB_disco08_comprehensive_hierarchical,medium,danish,LAB_disco08_832000,unit_group
LAB_disco08_241200,LAB,disco08,241200,Akademikere (via 2),Akademikere (via 2),,CSV:LAB_disco08_comprehensive_hierarchical,medium,danish,LAB_disco08_241000,unit_group
LAB_disco08_440000,LAB,disco08,440000,Kontorpersonale (via 4),Kontorpersonale (via 4),,CSV:LAB_disco08_comprehensive_hierarchical,medium,danish,LAB_disco08_400000,sub_major_group
LAB_disco08_312100,LAB,disco08,312100,Naturvidenskabelige og tekniske teknikere (via 31),Naturvidenskabelige og tekniske teknikere (via 31),,CSV:LAB_disco08_comprehensive_hierarchical,medium,danish,LAB_disco08_312000,unit_group
LAB_disco08_315000,LAB,disco08,315000,Naturvidenskabelige og tekniske teknikere (via 31),Naturvidenskabelige og tekniske teknikere (via 31),,CSV:LAB_disco08_comprehensive_hierarchical,medium,danish,LAB_disco08_310000,minor_group
LAB_disco08_142000,LAB,disco08,142000,Ledere (via 1),Ledere (via 1),,CSV:LAB_disco08_comprehensive_hierarchical,medium,danish,LAB_disco08_140000,minor_group
LAB_disco08_110000,LAB,disco08,110000,Direktører og administrerende direktører (via 11),Direktører og administrerende direktører (via 11),,CSV:LAB_disco08_comprehensive_hierarchical,medium,danish,LAB_disco08_100000,sub_major_group
LAB_disco08_226400,LAB,disco08,226400,Akademikere (via 2),Akademikere (via 2),,CSV:LAB_disco08_comprehensive_hierarchical,medium,danish,LAB_disco08_226000,unit_group
LAB_disco08_713300,LAB,disco08,713300,Byggearbejdere og beslægtede fagfolk undtagen elektrikere (via 71),Byggearbejdere og beslægtede fagfolk undtagen elektrikere (via 71),,CSV:LAB_disco08_comprehensive_hierarchical,medium,danish,LAB_disco08_713000,unit_group
LAB_disco08_133000,LAB,disco08,133000,Ledere (via 1),Ledere (via 1),,CSV:LAB_disco08_comprehensive_hierarchical,medium,danish,LAB_disco08_130000,minor_group
LAB_disco08_312200,LAB,disco08,312200,Naturvidenskabelige og tekniske teknikere (via 31),Naturvidenskabelige og tekniske teknikere (via 31),,CSV:LAB_disco08_comprehensive_hierarchical,medium,danish,LAB_disco08_312000,unit_group
LAB_disco08_211000,LAB,disco08,211000,"Fysikere, kemikere og beslægtede fagfolk (via 211)","Fysikere, kemikere og beslægtede fagfolk (via 211)",,CSV:LAB_disco08_comprehensive_hierarchical,medium,danish,LAB_disco08_210000,minor_group
LAB_disco08_513000,LAB,disco08,513000,Tjenere og barmænd (via 513),Tjenere og barmænd (via 513),,CSV:LAB_disco08_comprehensive_hierarchical,medium,danish,LAB_disco08_510000,minor_group
LAB_disco08_815600,LAB,disco08,815600,Operatører af stationære anlæg og maskiner (via 81),Operatører af stationære anlæg og maskiner (via 81),,CSV:LAB_disco08_comprehensive_hierarchical,medium,danish,LAB_disco08_815000,unit_group
LAB_disco08_834000,LAB,disco08,834000,Førere af køretøjer og operatører af mobilt udstyr (via 83),Førere af køretøjer og operatører af mobilt udstyr (via 83),,CSV:LAB_disco08_comprehensive_hierarchical,medium,danish,LAB_disco08_830000,minor_group
LAB_disco08_821000,LAB,disco08,821000,Montører (via 821),Montører (via 821),,CSV:LAB_disco08_comprehensive_hierarchical,medium,danish,LAB_disco08_820000,minor_group
LAB_disco08_530000,LAB,disco08,530000,Service- og salgspersonale (via 5),Service- og salgspersonale (via 5),,CSV:LAB_disco08_comprehensive_hierarchical,medium,danish,LAB_disco08_500000,sub_major_group
LAB_disco08_141000,LAB,disco08,141000,Ledere (via 1),Ledere (via 1),,CSV:LAB_disco08_comprehensive_hierarchical,medium,danish,LAB_disco08_140000,minor_group
LAB_disco08_331100,LAB,disco08,331100,Teknikere og tilsvarende fagfolk (via 3),Teknikere og tilsvarende fagfolk (via 3),,CSV:LAB_disco08_comprehensive_hierarchical,medium,danish,LAB_disco08_331000,unit_group
LAB_disco08_713100,LAB,disco08,713100,Byggearbejdere og beslægtede fagfolk undtagen elektrikere (via 71),Byggearbejdere og beslægtede fagfolk undtagen elektrikere (via 71),,CSV:LAB_disco08_comprehensive_hierarchical,medium,danish,LAB_disco08_713000,unit_group
LAB_disco08_612000,LAB,disco08,612000,Markortienterede landbrugs- og fiskeriarbejdere (via 61),Markortienterede landbrugs- og fiskeriarbejdere (via 61),,CSV:LAB_disco08_comprehensive_hierarchical,medium,danish,LAB_disco08_610000,minor_group
LAB_disco08_263000,LAB,disco08,263000,Akademikere (via 2),Akademikere (via 2),,CSV:LAB_disco08_comprehensive_hierarchical,medium,danish,LAB_disco08_260000,minor_group
LAB_disco08_315400,LAB,disco08,315400,Naturvidenskabelige og tekniske teknikere (via 31),Naturvidenskabelige og tekniske teknikere (via 31),,CSV:LAB_disco08_comprehensive_hierarchical,medium,danish,LAB_disco08_315000,unit_group
LAB_disco08_711200,LAB,disco08,711200,Murere (via 7112),Murere (via 7112),,CSV:LAB_disco08_comprehensive_hierarchical,medium,danish,LAB_disco08_711000,unit_group
LAB_disco08_441000,LAB,disco08,441000,Kontorpersonale (via 4),Kontorpersonale (via 4),,CSV:LAB_disco08_comprehensive_hierarchical,medium,danish,LAB_disco08_440000,minor_group
LAB_disco08_213000,LAB,disco08,213000,Specialister i biovidenskab og relaterede områder (via 213),Specialister i biovidenskab og relaterede områder (via 213),,CSV:LAB_disco08_comprehensive_hierarchical,medium,danish,LAB_disco08_210000,minor_group
LAB_disco08_711400,LAB,disco08,711400,Vedligeholdelse og reparation af bygninger (via 7114),Vedligeholdelse og reparation af bygninger (via 7114),,CSV:LAB_disco08_comprehensive_hierarchical,medium,danish,LAB_disco08_711000,unit_group
LAB_disco08_325100,LAB,disco08,325100,Teknikere og tilsvarende fagfolk (via 3),Teknikere og tilsvarende fagfolk (via 3),,CSV:LAB_disco08_comprehensive_hierarchical,medium,danish,LAB_disco08_325000,unit_group
LAB_disco08_723000,LAB,disco08,723000,Håndværkere og andre faglærte arbejdere (via 7),Håndværkere og andre faglærte arbejdere (via 7),,CSV:LAB_disco08_comprehensive_hierarchical,medium,danish,LAB_disco08_720000,minor_group
LAB_disco08_235900,LAB,disco08,235900,Akademikere (via 2),Akademikere (via 2),,CSV:LAB_disco08_comprehensive_hierarchical,medium,danish,LAB_disco08_235000,unit_group
LAB_disco08_421300,LAB,disco08,421300,Kontorpersonale (via 4),Kontorpersonale (via 4),,CSV:LAB_disco08_comprehensive_hierarchical,medium,danish,LAB_disco08_421000,unit_group
LAB_disco08_911000,LAB,disco08,911000,Hjemmepersonale og rengøringspersonale (via 911),Hjemmepersonale og rengøringspersonale (via 911),,CSV:LAB_disco08_comprehensive_hierarchical,medium,danish,LAB_disco08_910000,minor_group
LAB_disco08_312300,LAB,disco08,312300,Naturvidenskabelige og tekniske teknikere (via 31),Naturvidenskabelige og tekniske teknikere (via 31),,CSV:LAB_disco08_comprehensive_hierarchical,medium,danish,LAB_disco08_312000,unit_group
LAB_disco08_243000,LAB,disco08,243000,Akademikere (via 2),Akademikere (via 2),,CSV:LAB_disco08_comprehensive_hierarchical,medium,danish,LAB_disco08_240000,minor_group
LAB_disco08_143000,LAB,disco08,143000,Ledere (via 1),Ledere (via 1),,CSV:LAB_disco08_comprehensive_hierarchical,medium,danish,LAB_disco08_140000,minor_group
LAB_disco08_241300,LAB,disco08,241300,Akademikere (via 2),Akademikere (via 2),,CSV:LAB_disco08_comprehensive_hierarchical,medium,danish,LAB_disco08_241000,unit_group
LAB_disco08_832200,LAB,disco08,832200,"Car, taxi and van drivers (via 8322)","Car, taxi and van drivers (via 8322)",,CSV:LAB_disco08_dst_hierarchical,medium,danish,LAB_disco08_832000,unit_group
LAB_disco08_251100,LAB,disco08,251100,Akademikere (via 2),Akademikere (via 2),,CSV:LAB_disco08_comprehensive_hierarchical,medium,danish,LAB_disco08_251000,unit_group
LAB_disco08_933200,LAB,disco08,933200,Førere af håndvogne og cykelbude (via 9332),Førere af håndvogne og cykelbude (via 9332),,CSV:LAB_disco08_comprehensive_hierarchical,medium,danish,LAB_disco08_933000,unit_group
LAB_disco08_753000,LAB,disco08,753000,Håndværkere og andre faglærte arbejdere (via 7),Håndværkere og andre faglærte arbejdere (via 7),,CSV:LAB_disco08_comprehensive_hierarchical,medium,danish,LAB_disco08_750000,minor_group
LAB_disco08_933400,LAB,disco08,933400,Tankpåfyldere og beslægtede fagfolk (via 9334),Tankpåfyldere og beslægtede fagfolk (via 9334),,CSV:LAB_disco08_comprehensive_hierarchical,medium,danish,LAB_disco08_933000,unit_group
LAB_disco08_751000,LAB,disco08,751000,Håndværkere og andre faglærte arbejdere (via 7),Håndværkere og andre faglærte arbejdere (via 7),,CSV:LAB_disco08_comprehensive_hierarchical,medium,danish,LAB_disco08_750000,minor_group
LAB_disco08_311500,LAB,disco08,311500,Maskinteknikere (via 3115),Maskinteknikere (via 3115),,CSV:LAB_disco08_comprehensive_hierarchical,medium,danish,LAB_disco08_311000,unit_group
LAB_disco08_321300,LAB,disco08,321300,Teknikere og tilsvarende fagfolk (via 3),Teknikere og tilsvarende fagfolk (via 3),,CSV:LAB_disco08_comprehensive_hierarchical,medium,danish,LAB_disco08_321000,unit_group
LAB_disco08_325400,LAB,disco08,325400,Teknikere og tilsvarende fagfolk (via 3),Teknikere og tilsvarende fagfolk (via 3),,CSV:LAB_disco08_comprehensive_hierarchical,medium,danish,LAB_disco08_325000,unit_group
LAB_disco08_010000,LAB,disco08,010000,DISCO-08 occupation code 010000,,DISCO-08 occupation code 010000,none|generated,medium,danish,LAB_disco08_000000,sub_major_group
LAB_disco08_524000,LAB,disco08,524000,Service- og salgspersonale (via 5),Service- og salgspersonale (via 5),,CSV:LAB_disco08_comprehensive_hierarchical,medium,danish,LAB_disco08_520000,minor_group
LAB_disco08_130000,LAB,disco08,130000,Ledere (via 1),Ledere (via 1),,CSV:LAB_disco08_comprehensive_hierarchical,medium,danish,LAB_disco08_100000,sub_major_group
LAB_disco08_441200,LAB,disco08,441200,Kontorpersonale (via 4),Kontorpersonale (via 4),,CSV:LAB_disco08_comprehensive_hierarchical,medium,danish,LAB_disco08_441000,unit_group
LAB_disco08_540000,LAB,disco08,540000,Service- og salgspersonale (via 5),Service- og salgspersonale (via 5),,CSV:LAB_disco08_comprehensive_hierarchical,medium,danish,LAB_disco08_500000,sub_major_group
LAB_disco08_431000,LAB,disco08,431000,Kontorpersonale (via 4),Kontorpersonale (via 4),,CSV:LAB_disco08_comprehensive_hierarchical,medium,danish,LAB_disco08_430000,minor_group
LAB_disco08_421000,LAB,disco08,421000,Kontorpersonale (via 4),Kontorpersonale (via 4),,CSV:LAB_disco08_comprehensive_hierarchical,medium,danish,LAB_disco08_420000,minor_group
LAB_disco08_430000,LAB,disco08,430000,Kontorpersonale (via 4),Kontorpersonale (via 4),,CSV:LAB_disco08_comprehensive_hierarchical,medium,danish,LAB_disco08_400000,sub_major_group
LAB_disco08_432300,LAB,disco08,432300,Kontorpersonale (via 4),Kontorpersonale (via 4),,CSV:LAB_disco08_comprehensive_hierarchical,medium,danish,LAB_disco08_432000,unit_group
LAB_disco08_520000,LAB,disco08,520000,Service- og salgspersonale (via 5),Service- og salgspersonale (via 5),,CSV:LAB_disco08_comprehensive_hierarchical,medium,danish,LAB_disco08_500000,sub_major_group
LAB_disco08_931300,LAB,disco08,931300,Bygningsrengøringspersonale og beslægtede fagfolk (via 9313),Bygningsrengøringspersonale og beslægtede fagfolk (via 9313),,CSV:LAB_disco08_comprehensive_hierarchical,medium,danish,LAB_disco08_931000,unit_group
LAB_disco08_030000,LAB,disco08,030000,DISCO-08 occupation code 030000,,DISCO-08 occupation code 030000,none|generated,medium,danish,LAB_disco08_000000,sub_major_group
LAB_disco08_215000,LAB,disco08,215000,Elektroingeniører (via 215),Elektroingeniører (via 215),,CSV:LAB_disco08_comprehensive_hierarchical,medium,danish,LAB_disco08_210000,minor_group
LAB_disco08_830000,LAB,disco08,830000,Førere af køretøjer og operatører af mobilt udstyr (via 83),Førere af køretøjer og operatører af mobilt udstyr (via 83),,CSV:LAB_disco08_comprehensive_hierarchical,medium,danish,LAB_disco08_800000,sub_major_group
LAB_disco08_313000,LAB,disco08,313000,Naturvidenskabelige og tekniske teknikere (via 31),Naturvidenskabelige og tekniske teknikere (via 31),,CSV:LAB_disco08_comprehensive_hierarchical,medium,danish,LAB_disco08_310000,minor_group
LAB_disco08_431200,LAB,disco08,431200,Kontorpersonale (via 4),Kontorpersonale (via 4),,CSV:LAB_disco08_comprehensive_hierarchical,medium,danish,LAB_disco08_431000,unit_group
LAB_disco08_511100,LAB,disco08,511100,Rejseledere og flyveledere (via 5111),Rejseledere og flyveledere (via 5111),,CSV:LAB_disco08_comprehensive_hierarchical,medium,danish,LAB_disco08_511000,unit_group
LAB_disco08_741000,LAB,disco08,741000,Håndværkere og andre faglærte arbejdere (via 7),Håndværkere og andre faglærte arbejdere (via 7),,CSV:LAB_disco08_comprehensive_hierarchical,medium,danish,LAB_disco08_740000,minor_group
LAB_disco08_350000,LAB,disco08,350000,Teknikere og tilsvarende fagfolk (via 3),Teknikere og tilsvarende fagfolk (via 3),,CSV:LAB_disco08_comprehensive_hierarchical,medium,danish,LAB_disco08_300000,sub_major_group
LAB_disco08_814200,LAB,disco08,814200,Operatører af stationære anlæg og maskiner (via 81),Operatører af stationære anlæg og maskiner (via 81),,CSV:LAB_disco08_comprehensive_hierarchical,medium,danish,LAB_disco08_814000,unit_group
LAB_disco08_341000,LAB,disco08,341000,Teknikere og tilsvarende fagfolk (via 3),Teknikere og tilsvarende fagfolk (via 3),,CSV:LAB_disco08_comprehensive_hierarchical,medium,danish,LAB_disco08_340000,minor_group
LAB_disco08_521000,LAB,disco08,521000,Service- og salgspersonale (via 5),Service- og salgspersonale (via 5),,CSV:LAB_disco08_comprehensive_hierarchical,medium,danish,LAB_disco08_520000,minor_group
LAB_disco08_832000,LAB,disco08,832000,Bilførere og operatører af mobilt udstyr (via 832),Bilførere og operatører af mobilt udstyr (via 832),,CSV:LAB_disco08_comprehensive_hierarchical,medium,danish,LAB_disco08_830000,minor_group
LAB_disco08_812000,LAB,disco08,812000,Operatører af metalforarbejdningsanlæg (via 812),Operatører af metalforarbejdningsanlæg (via 812),,CSV:LAB_disco08_comprehensive_hierarchical,medium,danish,LAB_disco08_810000,minor_group
LAB_disco08_921000,LAB,disco08,921000,"Landbrugs-, skovbrugs- og fiskerihjælpere (via 921)","Landbrugs-, skovbrugs- og fiskerihjælpere (via 921)",,CSV:LAB_disco08_comprehensive_hierarchical,medium,danish,LAB_disco08_920000,minor_group
