code,prefix,database,value,description,description_da,description_en,source,confidence,language,parent_code,hierarchy_level
SOC_ger7_3410000,SOC,ger7,3410000,Våbenloven (via 3410),Våbenloven (via 3410),,CSV:SOC_ger7_hierarchical,medium,danish,SOC_ger7_3410,detail
SOC_ger7_2610000,SOC,ger7,2610000,Færdselslovsovertræd. i øvrigt (via 2610),Færdselslovsovertræd. i øvrigt (via 2610),,CSV:SOC_ger7_hierarchical,medium,danish,SOC_ger7_2610,detail
SOC_ger7_2610037,SOC,ger7,2610037,Færdselslovsovertræd. i øvrigt (via 2610),Færdselslovsovertræd. i øvrigt (via 2610),,CSV:SOC_ger7_hierarchical,medium,danish,SOC_ger7_2610,detail
SOC_ger7_2610123,SOC,ger7,2610123,Færdselslovsovertræd. i øvrigt (via 2610),Færdselslovsovertræd. i øvrigt (via 2610),,CSV:SOC_ger7_hierarchical,medium,danish,SOC_ger7_2610,detail
SOC_ger7_2610110,SOC,ger7,2610110,Færdselslovsovertræd. i øvrigt (via 2610),Færdselslovsovertræd. i øvrigt (via 2610),,CSV:SOC_ger7_hierarchical,medium,danish,SOC_ger7_2610,detail
SOC_ger7_2610142,SOC,ger7,2610142,Færdselslovsovertræd. i øvrigt (via 2610),Færdselslovsovertræd. i øvrigt (via 2610),,CSV:SOC_ger7_hierarchical,medium,danish,SOC_ger7_2610,detail
SOC_ger7_2410005,SOC,ger7,2410005,Mangler ved køretøj (via 2410),Mangler ved køretøj (via 2410),,CSV:SOC_ger7_hierarchical,medium,danish,SOC_ger7_2410,detail
SOC_ger7_3830505,SOC,ger7,3830505,"Love vedr. dyr, jagt mv. (via 3830)","Love vedr. dyr, jagt mv. (via 3830)",,CSV:SOC_ger7_hierarchical,medium,danish,SOC_ger7_3830,detail
SOC_ger7_2610129,SOC,ger7,2610129,Færdselslovsovertræd. i øvrigt (via 2610),Færdselslovsovertræd. i øvrigt (via 2610),,CSV:SOC_ger7_hierarchical,medium,danish,SOC_ger7_2610,detail
SOC_ger7_2220013,SOC,ger7,2220013,Spiritus- og promillekørsel (via 2220),Spiritus- og promillekørsel (via 2220),,CSV:SOC_ger7_hierarchical,medium,danish,SOC_ger7_2220,detail
SOC_ger7_2220010,SOC,ger7,2220010,Spiritus- og promillekørsel (via 2220),Spiritus- og promillekørsel (via 2220),,CSV:SOC_ger7_hierarchical,medium,danish,SOC_ger7_2220,detail
SOC_ger7_2610094,SOC,ger7,2610094,Færdselslovsovertræd. i øvrigt (via 2610),Færdselslovsovertræd. i øvrigt (via 2610),,CSV:SOC_ger7_hierarchical,medium,danish,SOC_ger7_2610,detail
SOC_ger7_1332515,SOC,ger7,1332515,Butikstyverier mv. (via 1332),Butikstyverier mv. (via 1332),,CSV:SOC_ger7_hierarchical,medium,danish,SOC_ger7_1332,detail
SOC_ger7_1376505,SOC,ger7,1376505,Hæleri (via 1376),Hæleri (via 1376),,CSV:SOC_ger7_hierarchical,medium,danish,SOC_ger7_1376,detail
SOC_ger7_2610049,SOC,ger7,2610049,Færdselslovsovertræd. i øvrigt (via 2610),Færdselslovsovertræd. i øvrigt (via 2610),,CSV:SOC_ger7_hierarchical,medium,danish,SOC_ger7_2610,detail
SOC_ger7_2610125,SOC,ger7,2610125,Færdselslovsovertræd. i øvrigt (via 2610),Færdselslovsovertræd. i øvrigt (via 2610),,CSV:SOC_ger7_hierarchical,medium,danish,SOC_ger7_2610,detail
SOC_ger7_3610902,SOC,ger7,3610902,Skatte og afgiftslove mv. (via 3610),Skatte og afgiftslove mv. (via 3610),,CSV:SOC_ger7_hierarchical,medium,danish,SOC_ger7_3610,detail
SOC_ger7_2610088,SOC,ger7,2610088,Færdselslovsovertræd. i øvrigt (via 2610),Færdselslovsovertræd. i øvrigt (via 2610),,CSV:SOC_ger7_hierarchical,medium,danish,SOC_ger7_2610,detail
SOC_ger7_2610043,SOC,ger7,2610043,Færdselslovsovertræd. i øvrigt (via 2610),Færdselslovsovertræd. i øvrigt (via 2610),,CSV:SOC_ger7_hierarchical,medium,danish,SOC_ger7_2610,detail
SOC_ger7_3810405,SOC,ger7,3810405,Andre strafferetlige særlove (via 3810),Andre strafferetlige særlove (via 3810),,CSV:SOC_ger7_hierarchical,medium,danish,SOC_ger7_3810,detail
SOC_ger7_1252505,SOC,ger7,1252505,Simpel vold (via 1252),Simpel vold (via 1252),,CSV:SOC_ger7_hierarchical,medium,danish,SOC_ger7_1252,detail
SOC_ger7_2220022,SOC,ger7,2220022,Spiritus- og promillekørsel (via 2220),Spiritus- og promillekørsel (via 2220),,CSV:SOC_ger7_hierarchical,medium,danish,SOC_ger7_2220,detail
SOC_ger7_2220035,SOC,ger7,2220035,Spiritus- og promillekørsel (via 2220),Spiritus- og promillekørsel (via 2220),,CSV:SOC_ger7_hierarchical,medium,danish,SOC_ger7_2220,detail
SOC_ger7_2210068,SOC,ger7,2210068,Færdselsuheld med spiritus (via 2210),Færdselsuheld med spiritus (via 2210),,CSV:SOC_ger7_hierarchical,medium,danish,SOC_ger7_2210,detail
SOC_ger7_2610038,SOC,ger7,2610038,Færdselslovsovertræd. i øvrigt (via 2610),Færdselslovsovertræd. i øvrigt (via 2610),,CSV:SOC_ger7_hierarchical,medium,danish,SOC_ger7_2610,detail
SOC_ger7_2610002,SOC,ger7,2610002,Færdselslovsovertræd. i øvrigt (via 2610),Færdselslovsovertræd. i øvrigt (via 2610),,CSV:SOC_ger7_hierarchical,medium,danish,SOC_ger7_2610,detail
SOC_ger7_2610006,SOC,ger7,2610006,Færdselslovsovertræd. i øvrigt (via 2610),Færdselslovsovertræd. i øvrigt (via 2610),,CSV:SOC_ger7_hierarchical,medium,danish,SOC_ger7_2610,detail
SOC_ger7_2610137,SOC,ger7,2610137,Færdselslovsovertræd. i øvrigt (via 2610),Færdselslovsovertræd. i øvrigt (via 2610),,CSV:SOC_ger7_hierarchical,medium,danish,SOC_ger7_2610,detail
SOC_ger7_1357505,SOC,ger7,1357505,Bedrageri (via 1357),Bedrageri (via 1357),,CSV:SOC_ger7_hierarchical,medium,danish,SOC_ger7_1357,detail
SOC_ger7_3835715,SOC,ger7,3835715,Love vedr. arb. transport mv. (via 3835),Love vedr. arb. transport mv. (via 3835),,CSV:SOC_ger7_hierarchical,medium,danish,SOC_ger7_3835,detail
SOC_ger7_2610081,SOC,ger7,2610081,Færdselslovsovertræd. i øvrigt (via 2610),Færdselslovsovertræd. i øvrigt (via 2610),,CSV:SOC_ger7_hierarchical,medium,danish,SOC_ger7_2610,detail
SOC_ger7_3810793,SOC,ger7,3810793,Andre strafferetlige særlove (via 3810),Andre strafferetlige særlove (via 3810),,CSV:SOC_ger7_hierarchical,medium,danish,SOC_ger7_3810,detail
SOC_ger7_3210505,SOC,ger7,3210505,Lov om euforiserende stoffer (via 3210),Lov om euforiserende stoffer (via 3210),,CSV:SOC_ger7_hierarchical,medium,danish,SOC_ger7_3210,detail
SOC_ger7_1210505,SOC,ger7,1210505,Vold o.l. mod off. myndighed (via 1210),Vold o.l. mod off. myndighed (via 1210),,CSV:SOC_ger7_hierarchical,medium,danish,SOC_ger7_1210,detail
SOC_ger7_2410007,SOC,ger7,2410007,Mangler ved køretøj (via 2410),Mangler ved køretøj (via 2410),,CSV:SOC_ger7_hierarchical,medium,danish,SOC_ger7_2410,detail
SOC_ger7_3825000,SOC,ger7,3825000,Miljølove (via 3825),Miljølove (via 3825),,CSV:SOC_ger7_hierarchical,medium,danish,SOC_ger7_3825,detail
SOC_ger7_1255305,SOC,ger7,1255305,Alvorligere vold (via 1255),Alvorligere vold (via 1255),,CSV:SOC_ger7_hierarchical,medium,danish,SOC_ger7_1255,detail
SOC_ger7_1336524,SOC,ger7,1336524,Andre tyverier (via 1336),Andre tyverier (via 1336),,CSV:SOC_ger7_hierarchical,medium,danish,SOC_ger7_1336,detail
SOC_ger7_1316540,SOC,ger7,1316540,"Indbr. i bank., forretn. mv. (via 1316)","Indbr. i bank., forretn. mv. (via 1316)",,CSV:SOC_ger7_hierarchical,medium,danish,SOC_ger7_1316,detail
SOC_ger7_1308505,SOC,ger7,1308505,Dokumentfalsk med check (via 1308),Dokumentfalsk med check (via 1308),,CSV:SOC_ger7_hierarchical,medium,danish,SOC_ger7_1308,detail
SOC_ger7_2610114,SOC,ger7,2610114,Færdselslovsovertræd. i øvrigt (via 2610),Færdselslovsovertræd. i øvrigt (via 2610),,CSV:SOC_ger7_hierarchical,medium,danish,SOC_ger7_2610,detail
SOC_ger7_3810507,SOC,ger7,3810507,Andre strafferetlige særlove (via 3810),Andre strafferetlige særlove (via 3810),,CSV:SOC_ger7_hierarchical,medium,danish,SOC_ger7_3810,detail
SOC_ger7_2210000,SOC,ger7,2210000,Færdselsuheld med spiritus (via 2210),Færdselsuheld med spiritus (via 2210),,CSV:SOC_ger7_hierarchical,medium,danish,SOC_ger7_2210,detail
SOC_ger7_2610112,SOC,ger7,2610112,Færdselslovsovertræd. i øvrigt (via 2610),Færdselslovsovertræd. i øvrigt (via 2610),,CSV:SOC_ger7_hierarchical,medium,danish,SOC_ger7_2610,detail
SOC_ger7_2610078,SOC,ger7,2610078,Færdselslovsovertræd. i øvrigt (via 2610),Færdselslovsovertræd. i øvrigt (via 2610),,CSV:SOC_ger7_hierarchical,medium,danish,SOC_ger7_2610,detail
SOC_ger7_2610004,SOC,ger7,2610004,Færdselslovsovertræd. i øvrigt (via 2610),Færdselslovsovertræd. i øvrigt (via 2610),,CSV:SOC_ger7_hierarchical,medium,danish,SOC_ger7_2610,detail
SOC_ger7_1332502,SOC,ger7,1332502,Butikstyverier mv. (via 1332),Butikstyverier mv. (via 1332),,CSV:SOC_ger7_hierarchical,medium,danish,SOC_ger7_1332,detail
SOC_ger7_2610074,SOC,ger7,2610074,Færdselslovsovertræd. i øvrigt (via 2610),Færdselslovsovertræd. i øvrigt (via 2610),,CSV:SOC_ger7_hierarchical,medium,danish,SOC_ger7_2610,detail
SOC_ger7_2610001,SOC,ger7,2610001,Færdselslovsovertræd. i øvrigt (via 2610),Færdselslovsovertræd. i øvrigt (via 2610),,CSV:SOC_ger7_hierarchical,medium,danish,SOC_ger7_2610,detail
SOC_ger7_1292505,SOC,ger7,1292505,Trusler (via 1292),Trusler (via 1292),,CSV:SOC_ger7_hierarchical,medium,danish,SOC_ger7_1292,detail
SOC_ger7_1380905,SOC,ger7,1380905,Røveri (via 1380),Røveri (via 1380),,CSV:SOC_ger7_hierarchical,medium,danish,SOC_ger7_1380,detail
SOC_ger7_1440505,SOC,ger7,1440505,Smugling mv. af narkotika (via 1440),Smugling mv. af narkotika (via 1440),,CSV:SOC_ger7_hierarchical,medium,danish,SOC_ger7_1440,detail
SOC_ger7_2220020,SOC,ger7,2220020,Spiritus- og promillekørsel (via 2220),Spiritus- og promillekørsel (via 2220),,CSV:SOC_ger7_hierarchical,medium,danish,SOC_ger7_2220,detail
SOC_ger7_1354515,SOC,ger7,1354515,Underslæb (via 1354),Underslæb (via 1354),,CSV:SOC_ger7_hierarchical,medium,danish,SOC_ger7_1354,detail
SOC_ger7_1336542,SOC,ger7,1336542,Andre tyverier (via 1336),Andre tyverier (via 1336),,CSV:SOC_ger7_hierarchical,medium,danish,SOC_ger7_1336,detail
SOC_ger7_2610113,SOC,ger7,2610113,Færdselslovsovertræd. i øvrigt (via 2610),Færdselslovsovertræd. i øvrigt (via 2610),,CSV:SOC_ger7_hierarchical,medium,danish,SOC_ger7_2610,detail
SOC_ger7_2610003,SOC,ger7,2610003,Færdselslovsovertræd. i øvrigt (via 2610),Færdselslovsovertræd. i øvrigt (via 2610),,CSV:SOC_ger7_hierarchical,medium,danish,SOC_ger7_2610,detail
SOC_ger7_3825715,SOC,ger7,3825715,Miljølove (via 3825),Miljølove (via 3825),,CSV:SOC_ger7_hierarchical,medium,danish,SOC_ger7_3825,detail
SOC_ger7_3830713,SOC,ger7,3830713,"Love vedr. dyr, jagt mv. (via 3830)","Love vedr. dyr, jagt mv. (via 3830)",,CSV:SOC_ger7_hierarchical,medium,danish,SOC_ger7_3830,detail
SOC_ger7_3410505,SOC,ger7,3410505,Våbenloven (via 3410),Våbenloven (via 3410),,CSV:SOC_ger7_hierarchical,medium,danish,SOC_ger7_3410,detail
SOC_ger7_2610084,SOC,ger7,2610084,Færdselslovsovertræd. i øvrigt (via 2610),Færdselslovsovertræd. i øvrigt (via 2610),,CSV:SOC_ger7_hierarchical,medium,danish,SOC_ger7_2610,detail
SOC_ger7_2220000,SOC,ger7,2220000,Spiritus- og promillekørsel (via 2220),Spiritus- og promillekørsel (via 2220),,CSV:SOC_ger7_hierarchical,medium,danish,SOC_ger7_2220,detail
SOC_ger7_1351000,SOC,ger7,1351000,Ulovlig omgang med hittegods (via 1351),Ulovlig omgang med hittegods (via 1351),,CSV:SOC_ger7_hierarchical,medium,danish,SOC_ger7_1351,detail
SOC_ger7_1390505,SOC,ger7,1390505,Hærværk (via 1390),Hærværk (via 1390),,CSV:SOC_ger7_hierarchical,medium,danish,SOC_ger7_1390,detail
SOC_ger7_2210004,SOC,ger7,2210004,Færdselsuheld med spiritus (via 2210),Færdselsuheld med spiritus (via 2210),,CSV:SOC_ger7_hierarchical,medium,danish,SOC_ger7_2210,detail
SOC_ger7_1339521,SOC,ger7,1339521,Tyv./brugstyv. af indr.køretøj (via 1339),Tyv./brugstyv. af indr.køretøj (via 1339),,CSV:SOC_ger7_hierarchical,medium,danish,SOC_ger7_1339,detail
SOC_ger7_1394505,SOC,ger7,1394505,Uagtsomt hæleri (via 1394),Uagtsomt hæleri (via 1394),,CSV:SOC_ger7_hierarchical,medium,danish,SOC_ger7_1394,detail
SOC_ger7_1336000,SOC,ger7,1336000,Andre tyverier (via 1336),Andre tyverier (via 1336),,CSV:SOC_ger7_hierarchical,medium,danish,SOC_ger7_1336,detail
SOC_ger7_2610092,SOC,ger7,2610092,Færdselslovsovertræd. i øvrigt (via 2610),Færdselslovsovertræd. i øvrigt (via 2610),,CSV:SOC_ger7_hierarchical,medium,danish,SOC_ger7_2610,detail
SOC_ger7_2610053,SOC,ger7,2610053,Færdselslovsovertræd. i øvrigt (via 2610),Færdselslovsovertræd. i øvrigt (via 2610),,CSV:SOC_ger7_hierarchical,medium,danish,SOC_ger7_2610,detail
SOC_ger7_2610007,SOC,ger7,2610007,Færdselslovsovertræd. i øvrigt (via 2610),Færdselslovsovertræd. i øvrigt (via 2610),,CSV:SOC_ger7_hierarchical,medium,danish,SOC_ger7_2610,detail
SOC_ger7_1255000,SOC,ger7,1255000,Alvorligere vold (via 1255),Alvorligere vold (via 1255),,CSV:SOC_ger7_hierarchical,medium,danish,SOC_ger7_1255,detail
SOC_ger7_1425515,SOC,ger7,1425515,Falsk forklaring i øvrigt (via 1425),Falsk forklaring i øvrigt (via 1425),,CSV:SOC_ger7_hierarchical,medium,danish,SOC_ger7_1425,detail
SOC_ger7_3835707,SOC,ger7,3835707,Love vedr. arb. transport mv. (via 3835),Love vedr. arb. transport mv. (via 3835),,CSV:SOC_ger7_hierarchical,medium,danish,SOC_ger7_3835,detail
SOC_ger7_2610086,SOC,ger7,2610086,Færdselslovsovertræd. i øvrigt (via 2610),Færdselslovsovertræd. i øvrigt (via 2610),,CSV:SOC_ger7_hierarchical,medium,danish,SOC_ger7_2610,detail
SOC_ger7_3835705,SOC,ger7,3835705,Love vedr. arb. transport mv. (via 3835),Love vedr. arb. transport mv. (via 3835),,CSV:SOC_ger7_hierarchical,medium,danish,SOC_ger7_3835,detail
SOC_ger7_2610082,SOC,ger7,2610082,Færdselslovsovertræd. i øvrigt (via 2610),Færdselslovsovertræd. i øvrigt (via 2610),,CSV:SOC_ger7_hierarchical,medium,danish,SOC_ger7_2610,detail
SOC_ger7_3835000,SOC,ger7,3835000,Love vedr. arb. transport mv. (via 3835),Love vedr. arb. transport mv. (via 3835),,CSV:SOC_ger7_hierarchical,medium,danish,SOC_ger7_3835,detail
SOC_ger7_3410509,SOC,ger7,3410509,Våbenloven (via 3410),Våbenloven (via 3410),,CSV:SOC_ger7_hierarchical,medium,danish,SOC_ger7_3410,detail
SOC_ger7_3835586,SOC,ger7,3835586,Love vedr. arb. transport mv. (via 3835),Love vedr. arb. transport mv. (via 3835),,CSV:SOC_ger7_hierarchical,medium,danish,SOC_ger7_3835,detail
SOC_ger7_3825505,SOC,ger7,3825505,Miljølove (via 3825),Miljølove (via 3825),,CSV:SOC_ger7_hierarchical,medium,danish,SOC_ger7_3825,detail
SOC_ger7_2210041,SOC,ger7,2210041,Færdselsuheld med spiritus (via 2210),Færdselsuheld med spiritus (via 2210),,CSV:SOC_ger7_hierarchical,medium,danish,SOC_ger7_2210,detail
SOC_ger7_2610023,SOC,ger7,2610023,Færdselslovsovertræd. i øvrigt (via 2610),Færdselslovsovertræd. i øvrigt (via 2610),,CSV:SOC_ger7_hierarchical,medium,danish,SOC_ger7_2610,detail
SOC_ger7_2610117,SOC,ger7,2610117,Færdselslovsovertræd. i øvrigt (via 2610),Færdselslovsovertræd. i øvrigt (via 2610),,CSV:SOC_ger7_hierarchical,medium,danish,SOC_ger7_2610,detail
SOC_ger7_3810000,SOC,ger7,3810000,Andre strafferetlige særlove (via 3810),Andre strafferetlige særlove (via 3810),,CSV:SOC_ger7_hierarchical,medium,danish,SOC_ger7_3810,detail
SOC_ger7_1410713,SOC,ger7,1410713,Forbr. mod off. myndighed mv. (via 1410),Forbr. mod off. myndighed mv. (via 1410),,CSV:SOC_ger7_hierarchical,medium,danish,SOC_ger7_1410,detail
SOC_ger7_1336546,SOC,ger7,1336546,Andre tyverier (via 1336),Andre tyverier (via 1336),,CSV:SOC_ger7_hierarchical,medium,danish,SOC_ger7_1336,detail
SOC_ger7_3210510,SOC,ger7,3210510,Lov om euforiserende stoffer (via 3210),Lov om euforiserende stoffer (via 3210),,CSV:SOC_ger7_hierarchical,medium,danish,SOC_ger7_3210,detail
SOC_ger7_1348000,SOC,ger7,1348000,Tyv./brugstyv. af andet (via 1348),Tyv./brugstyv. af andet (via 1348),,CSV:SOC_ger7_hierarchical,medium,danish,SOC_ger7_1348,detail
SOC_ger7_1332505,SOC,ger7,1332505,Butikstyverier mv. (via 1332),Butikstyverier mv. (via 1332),,CSV:SOC_ger7_hierarchical,medium,danish,SOC_ger7_1332,detail
SOC_ger7_1332510,SOC,ger7,1332510,Butikstyverier mv. (via 1332),Butikstyverier mv. (via 1332),,CSV:SOC_ger7_hierarchical,medium,danish,SOC_ger7_1332,detail
SOC_ger7_1320510,SOC,ger7,1320510,Indbr. i beboelser (via 1320),Indbr. i beboelser (via 1320),,CSV:SOC_ger7_hierarchical,medium,danish,SOC_ger7_1320,detail
SOC_ger7_3610305,SOC,ger7,3610305,Skatte og afgiftslove mv. (via 3610),Skatte og afgiftslove mv. (via 3610),,CSV:SOC_ger7_hierarchical,medium,danish,SOC_ger7_3610,detail
SOC_ger7_1180545,SOC,ger7,1180545,Utugt mv. (via 1180),Utugt mv. (via 1180),,CSV:SOC_ger7_hierarchical,medium,danish,SOC_ger7_1180,detail
SOC_ger7_1316905,SOC,ger7,1316905,"Indbr. i bank., forretn. mv. (via 1316)","Indbr. i bank., forretn. mv. (via 1316)",,CSV:SOC_ger7_hierarchical,medium,danish,SOC_ger7_1316,detail
SOC_ger7_1357510,SOC,ger7,1357510,Bedrageri (via 1357),Bedrageri (via 1357),,CSV:SOC_ger7_hierarchical,medium,danish,SOC_ger7_1357,detail
SOC_ger7_1336520,SOC,ger7,1336520,Andre tyverier (via 1336),Andre tyverier (via 1336),,CSV:SOC_ger7_hierarchical,medium,danish,SOC_ger7_1336,detail
SOC_ger7_3210000,SOC,ger7,3210000,Lov om euforiserende stoffer (via 3210),Lov om euforiserende stoffer (via 3210),,CSV:SOC_ger7_hierarchical,medium,danish,SOC_ger7_3210,detail
SOC_ger7_2610115,SOC,ger7,2610115,Færdselslovsovertræd. i øvrigt (via 2610),Færdselslovsovertræd. i øvrigt (via 2610),,CSV:SOC_ger7_hierarchical,medium,danish,SOC_ger7_2610,detail
SOC_ger7_3410508,SOC,ger7,3410508,Våbenloven (via 3410),Våbenloven (via 3410),,CSV:SOC_ger7_hierarchical,medium,danish,SOC_ger7_3410,detail
SOC_ger7_1410707,SOC,ger7,1410707,Forbr. mod off. myndighed mv. (via 1410),Forbr. mod off. myndighed mv. (via 1410),,CSV:SOC_ger7_hierarchical,medium,danish,SOC_ger7_1410,detail
SOC_ger7_1210501,SOC,ger7,1210501,Vold o.l. mod off. myndighed (via 1210),Vold o.l. mod off. myndighed (via 1210),,CSV:SOC_ger7_hierarchical,medium,danish,SOC_ger7_1210,detail
SOC_ger7_2610178,SOC,ger7,2610178,Færdselslovsovertræd. i øvrigt (via 2610),Færdselslovsovertræd. i øvrigt (via 2610),,CSV:SOC_ger7_hierarchical,medium,danish,SOC_ger7_2610,detail
SOC_ger7_2610109,SOC,ger7,2610109,Færdselslovsovertræd. i øvrigt (via 2610),Færdselslovsovertræd. i øvrigt (via 2610),,CSV:SOC_ger7_hierarchical,medium,danish,SOC_ger7_2610,detail
SOC_ger7_1410703,SOC,ger7,1410703,Forbr. mod off. myndighed mv. (via 1410),Forbr. mod off. myndighed mv. (via 1410),,CSV:SOC_ger7_hierarchical,medium,danish,SOC_ger7_1410,detail
SOC_ger7_1316215,SOC,ger7,1316215,"Indbr. i bank., forretn. mv. (via 1316)","Indbr. i bank., forretn. mv. (via 1316)",,CSV:SOC_ger7_hierarchical,medium,danish,SOC_ger7_1316,detail
SOC_ger7_1435505,SOC,ger7,1435505,Salg af narkotika mv. (via 1435),Salg af narkotika mv. (via 1435),,CSV:SOC_ger7_hierarchical,medium,danish,SOC_ger7_1435,detail
SOC_ger7_2220025,SOC,ger7,2220025,Spiritus- og promillekørsel (via 2220),Spiritus- og promillekørsel (via 2220),,CSV:SOC_ger7_hierarchical,medium,danish,SOC_ger7_2220,detail
SOC_ger7_3410507,SOC,ger7,3410507,Våbenloven (via 3410),Våbenloven (via 3410),,CSV:SOC_ger7_hierarchical,medium,danish,SOC_ger7_3410,detail
SOC_ger7_3410606,SOC,ger7,3410606,Våbenloven (via 3410),Våbenloven (via 3410),,CSV:SOC_ger7_hierarchical,medium,danish,SOC_ger7_3410,detail
SOC_ger7_1316335,SOC,ger7,1316335,"Indbr. i bank., forretn. mv. (via 1316)","Indbr. i bank., forretn. mv. (via 1316)",,CSV:SOC_ger7_hierarchical,medium,danish,SOC_ger7_1316,detail
SOC_ger7_1336508,SOC,ger7,1336508,Andre tyverier (via 1336),Andre tyverier (via 1336),,CSV:SOC_ger7_hierarchical,medium,danish,SOC_ger7_1336,detail
SOC_ger7_1485320,SOC,ger7,1485320,Freds- og ærekrænkelser (via 1485),Freds- og ærekrænkelser (via 1485),,CSV:SOC_ger7_hierarchical,medium,danish,SOC_ger7_1485,detail
SOC_ger7_2610019,SOC,ger7,2610019,Færdselslovsovertræd. i øvrigt (via 2610),Færdselslovsovertræd. i øvrigt (via 2610),,CSV:SOC_ger7_hierarchical,medium,danish,SOC_ger7_2610,detail
SOC_ger7_1332000,SOC,ger7,1332000,Butikstyverier mv. (via 1332),Butikstyverier mv. (via 1332),,CSV:SOC_ger7_hierarchical,medium,danish,SOC_ger7_1332,detail
SOC_ger7_1345510,SOC,ger7,1345510,Tyv./brugstyv. af cykel (via 1345),Tyv./brugstyv. af cykel (via 1345),,CSV:SOC_ger7_hierarchical,medium,danish,SOC_ger7_1345,detail
SOC_ger7_1324505,SOC,ger7,1324505,Indbr. i ubeboede bebyggelser (via 1324),Indbr. i ubeboede bebyggelser (via 1324),,CSV:SOC_ger7_hierarchical,medium,danish,SOC_ger7_1324,detail
SOC_ger7_1316625,SOC,ger7,1316625,"Indbr. i bank., forretn. mv. (via 1316)","Indbr. i bank., forretn. mv. (via 1316)",,CSV:SOC_ger7_hierarchical,medium,danish,SOC_ger7_1316,detail
SOC_ger7_1398550,SOC,ger7,1398550,Berig.forbr. og formuekrænk. (via 1398),Berig.forbr. og formuekrænk. (via 1398),,CSV:SOC_ger7_hierarchical,medium,danish,SOC_ger7_1398,detail
SOC_ger7_2610050,SOC,ger7,2610050,Færdselslovsovertræd. i øvrigt (via 2610),Færdselslovsovertræd. i øvrigt (via 2610),,CSV:SOC_ger7_hierarchical,medium,danish,SOC_ger7_2610,detail
SOC_ger7_3815538,SOC,ger7,3815538,Sundheds- og sociallove (via 3815),Sundheds- og sociallove (via 3815),,CSV:SOC_ger7_hierarchical,medium,danish,SOC_ger7_3815,detail
SOC_ger7_2610087,SOC,ger7,2610087,Færdselslovsovertræd. i øvrigt (via 2610),Færdselslovsovertræd. i øvrigt (via 2610),,CSV:SOC_ger7_hierarchical,medium,danish,SOC_ger7_2610,detail
SOC_ger7_2210074,SOC,ger7,2210074,Færdselsuheld med spiritus (via 2210),Færdselsuheld med spiritus (via 2210),,CSV:SOC_ger7_hierarchical,medium,danish,SOC_ger7_2210,detail
SOC_ger7_2610106,SOC,ger7,2610106,Færdselslovsovertræd. i øvrigt (via 2610),Færdselslovsovertræd. i øvrigt (via 2610),,CSV:SOC_ger7_hierarchical,medium,danish,SOC_ger7_2610,detail
SOC_ger7_1336507,SOC,ger7,1336507,Andre tyverier (via 1336),Andre tyverier (via 1336),,CSV:SOC_ger7_hierarchical,medium,danish,SOC_ger7_1336,detail
SOC_ger7_1336504,SOC,ger7,1336504,Andre tyverier (via 1336),Andre tyverier (via 1336),,CSV:SOC_ger7_hierarchical,medium,danish,SOC_ger7_1336,detail
SOC_ger7_2610068,SOC,ger7,2610068,Færdselslovsovertræd. i øvrigt (via 2610),Færdselslovsovertræd. i øvrigt (via 2610),,CSV:SOC_ger7_hierarchical,medium,danish,SOC_ger7_2610,detail
SOC_ger7_1336512,SOC,ger7,1336512,Andre tyverier (via 1336),Andre tyverier (via 1336),,CSV:SOC_ger7_hierarchical,medium,danish,SOC_ger7_1336,detail
SOC_ger7_1210510,SOC,ger7,1210510,Vold o.l. mod off. myndighed (via 1210),Vold o.l. mod off. myndighed (via 1210),,CSV:SOC_ger7_hierarchical,medium,danish,SOC_ger7_1210,detail
SOC_ger7_2610025,SOC,ger7,2610025,Færdselslovsovertræd. i øvrigt (via 2610),Færdselslovsovertræd. i øvrigt (via 2610),,CSV:SOC_ger7_hierarchical,medium,danish,SOC_ger7_2610,detail
SOC_ger7_1336556,SOC,ger7,1336556,Andre tyverier (via 1336),Andre tyverier (via 1336),,CSV:SOC_ger7_hierarchical,medium,danish,SOC_ger7_1336,detail
SOC_ger7_1252000,SOC,ger7,1252000,Simpel vold (via 1252),Simpel vold (via 1252),,CSV:SOC_ger7_hierarchical,medium,danish,SOC_ger7_1252,detail
SOC_ger7_1304505,SOC,ger7,1304505,Dokumentfalsk (via 1304),Dokumentfalsk (via 1304),,CSV:SOC_ger7_hierarchical,medium,danish,SOC_ger7_1304,detail
SOC_ger7_1384515,SOC,ger7,1384515,Grov skattesvig mv. (via 1384),Grov skattesvig mv. (via 1384),,CSV:SOC_ger7_hierarchical,medium,danish,SOC_ger7_1384,detail
SOC_ger7_2610044,SOC,ger7,2610044,Færdselslovsovertræd. i øvrigt (via 2610),Færdselslovsovertræd. i øvrigt (via 2610),,CSV:SOC_ger7_hierarchical,medium,danish,SOC_ger7_2610,detail
SOC_ger7_3865000,SOC,ger7,3865000,Særlovgivning i øvrigt (via 3865),Særlovgivning i øvrigt (via 3865),,CSV:SOC_ger7_hierarchical,medium,danish,SOC_ger7_3865,detail
SOC_ger7_1398000,SOC,ger7,1398000,Berig.forbr. og formuekrænk. (via 1398),Berig.forbr. og formuekrænk. (via 1398),,CSV:SOC_ger7_hierarchical,medium,danish,SOC_ger7_1398,detail
SOC_ger7_1415560,SOC,ger7,1415560,Forbr. i off. tjeneste (via 1415),Forbr. i off. tjeneste (via 1415),,CSV:SOC_ger7_hierarchical,medium,danish,SOC_ger7_1415,detail
SOC_ger7_2210036,SOC,ger7,2210036,Færdselsuheld med spiritus (via 2210),Færdselsuheld med spiritus (via 2210),,CSV:SOC_ger7_hierarchical,medium,danish,SOC_ger7_2210,detail
SOC_ger7_1357000,SOC,ger7,1357000,Bedrageri (via 1357),Bedrageri (via 1357),,CSV:SOC_ger7_hierarchical,medium,danish,SOC_ger7_1357,detail
SOC_ger7_3815541,SOC,ger7,3815541,Sundheds- og sociallove (via 3815),Sundheds- og sociallove (via 3815),,CSV:SOC_ger7_hierarchical,medium,danish,SOC_ger7_3815,detail
SOC_ger7_3815,SOC,ger7,3815,Sundheds- og sociallove,Sundheds- og sociallove,,CSV:SOC_ger7,medium,danish,SOC_ger7_381,subgroup
SOC_ger7_1180000,SOC,ger7,1180000,Utugt mv. (via 1180),Utugt mv. (via 1180),,CSV:SOC_ger7_hierarchical,medium,danish,SOC_ger7_1180,detail
SOC_ger7_1384705,SOC,ger7,1384705,Grov skattesvig mv. (via 1384),Grov skattesvig mv. (via 1384),,CSV:SOC_ger7_hierarchical,medium,danish,SOC_ger7_1384,detail
SOC_ger7_3810208,SOC,ger7,3810208,Andre strafferetlige særlove (via 3810),Andre strafferetlige særlove (via 3810),,CSV:SOC_ger7_hierarchical,medium,danish,SOC_ger7_3810,detail
SOC_ger7_1376507,SOC,ger7,1376507,Hæleri (via 1376),Hæleri (via 1376),,CSV:SOC_ger7_hierarchical,medium,danish,SOC_ger7_1376,detail
SOC_ger7_3810725,SOC,ger7,3810725,Andre strafferetlige særlove (via 3810),Andre strafferetlige særlove (via 3810),,CSV:SOC_ger7_hierarchical,medium,danish,SOC_ger7_3810,detail
SOC_ger7_3830000,SOC,ger7,3830000,"Love vedr. dyr, jagt mv. (via 3830)","Love vedr. dyr, jagt mv. (via 3830)",,CSV:SOC_ger7_hierarchical,medium,danish,SOC_ger7_3830,detail
SOC_ger7_3855325,SOC,ger7,3855325,"Love vedr. spil, bev., næring (via 3855)","Love vedr. spil, bev., næring (via 3855)",,CSV:SOC_ger7_hierarchical,medium,danish,SOC_ger7_3855,detail
SOC_ger7_3865505,SOC,ger7,3865505,Særlovgivning i øvrigt (via 3865),Særlovgivning i øvrigt (via 3865),,CSV:SOC_ger7_hierarchical,medium,danish,SOC_ger7_3865,detail
SOC_ger7_3825750,SOC,ger7,3825750,Miljølove (via 3825),Miljølove (via 3825),,CSV:SOC_ger7_hierarchical,medium,danish,SOC_ger7_3825,detail
SOC_ger7_1390000,SOC,ger7,1390000,Hærværk (via 1390),Hærværk (via 1390),,CSV:SOC_ger7_hierarchical,medium,danish,SOC_ger7_1390,detail
SOC_ger7_1339520,SOC,ger7,1339520,Tyv./brugstyv. af indr.køretøj (via 1339),Tyv./brugstyv. af indr.køretøj (via 1339),,CSV:SOC_ger7_hierarchical,medium,danish,SOC_ger7_1339,detail
SOC_ger7_1324710,SOC,ger7,1324710,Indbr. i ubeboede bebyggelser (via 1324),Indbr. i ubeboede bebyggelser (via 1324),,CSV:SOC_ger7_hierarchical,medium,danish,SOC_ger7_1324,detail
SOC_ger7_2210009,SOC,ger7,2210009,Færdselsuheld med spiritus (via 2210),Færdselsuheld med spiritus (via 2210),,CSV:SOC_ger7_hierarchical,medium,danish,SOC_ger7_2210,detail
SOC_ger7_3855000,SOC,ger7,3855000,"Love vedr. spil, bev., næring (via 3855)","Love vedr. spil, bev., næring (via 3855)",,CSV:SOC_ger7_hierarchical,medium,danish,SOC_ger7_3855,detail
SOC_ger7_1292000,SOC,ger7,1292000,Trusler (via 1292),Trusler (via 1292),,CSV:SOC_ger7_hierarchical,medium,danish,SOC_ger7_1292,detail
SOC_ger7_1390520,SOC,ger7,1390520,Hærværk (via 1390),Hærværk (via 1390),,CSV:SOC_ger7_hierarchical,medium,danish,SOC_ger7_1390,detail
SOC_ger7_2220015,SOC,ger7,2220015,Spiritus- og promillekørsel (via 2220),Spiritus- og promillekørsel (via 2220),,CSV:SOC_ger7_hierarchical,medium,danish,SOC_ger7_2220,detail
SOC_ger7_2610138,SOC,ger7,2610138,Færdselslovsovertræd. i øvrigt (via 2610),Færdselslovsovertræd. i øvrigt (via 2610),,CSV:SOC_ger7_hierarchical,medium,danish,SOC_ger7_2610,detail
SOC_ger7_3410506,SOC,ger7,3410506,Våbenloven (via 3410),Våbenloven (via 3410),,CSV:SOC_ger7_hierarchical,medium,danish,SOC_ger7_3410,detail
SOC_ger7_3830715,SOC,ger7,3830715,"Love vedr. dyr, jagt mv. (via 3830)","Love vedr. dyr, jagt mv. (via 3830)",,CSV:SOC_ger7_hierarchical,medium,danish,SOC_ger7_3830,detail
SOC_ger7_1210000,SOC,ger7,1210000,Vold o.l. mod off. myndighed (via 1210),Vold o.l. mod off. myndighed (via 1210),,CSV:SOC_ger7_hierarchical,medium,danish,SOC_ger7_1210,detail
SOC_ger7_2610009,SOC,ger7,2610009,Færdselslovsovertræd. i øvrigt (via 2610),Færdselslovsovertræd. i øvrigt (via 2610),,CSV:SOC_ger7_hierarchical,medium,danish,SOC_ger7_2610,detail
SOC_ger7_2410000,SOC,ger7,2410000,Mangler ved køretøj (via 2410),Mangler ved køretøj (via 2410),,CSV:SOC_ger7_hierarchical,medium,danish,SOC_ger7_2410,detail
SOC_ger7_3815000,SOC,ger7,3815000,Sundheds- og sociallove (via 3815),Sundheds- og sociallove (via 3815),,CSV:SOC_ger7_hierarchical,medium,danish,SOC_ger7_3815,detail
SOC_ger7_2610128,SOC,ger7,2610128,Færdselslovsovertræd. i øvrigt (via 2610),Færdselslovsovertræd. i øvrigt (via 2610),,CSV:SOC_ger7_hierarchical,medium,danish,SOC_ger7_2610,detail
SOC_ger7_3610000,SOC,ger7,3610000,Skatte og afgiftslove mv. (via 3610),Skatte og afgiftslove mv. (via 3610),,CSV:SOC_ger7_hierarchical,medium,danish,SOC_ger7_3610,detail
SOC_ger7_2610166,SOC,ger7,2610166,Færdselslovsovertræd. i øvrigt (via 2610),Færdselslovsovertræd. i øvrigt (via 2610),,CSV:SOC_ger7_hierarchical,medium,danish,SOC_ger7_2610,detail
SOC_ger7_1172005,SOC,ger7,1172005,Blufærdighedskr. v/beføling (via 1172),Blufærdighedskr. v/beføling (via 1172),,CSV:SOC_ger7_hierarchical,medium,danish,SOC_ger7_1172,detail
SOC_ger7_1425520,SOC,ger7,1425520,Falsk forklaring i øvrigt (via 1425),Falsk forklaring i øvrigt (via 1425),,CSV:SOC_ger7_hierarchical,medium,danish,SOC_ger7_1425,detail
SOC_ger7_1336506,SOC,ger7,1336506,Andre tyverier (via 1336),Andre tyverier (via 1336),,CSV:SOC_ger7_hierarchical,medium,danish,SOC_ger7_1336,detail
SOC_ger7_1390510,SOC,ger7,1390510,Hærværk (via 1390),Hærværk (via 1390),,CSV:SOC_ger7_hierarchical,medium,danish,SOC_ger7_1390,detail
SOC_ger7_1289705,SOC,ger7,1289705,Forbr. mod den pers. frihed (via 1289),Forbr. mod den pers. frihed (via 1289),,CSV:SOC_ger7_hierarchical,medium,danish,SOC_ger7_1289,detail
SOC_ger7_1345505,SOC,ger7,1345505,Tyv./brugstyv. af cykel (via 1345),Tyv./brugstyv. af cykel (via 1345),,CSV:SOC_ger7_hierarchical,medium,danish,SOC_ger7_1345,detail
SOC_ger7_1376506,SOC,ger7,1376506,Hæleri (via 1376),Hæleri (via 1376),,CSV:SOC_ger7_hierarchical,medium,danish,SOC_ger7_1376,detail
SOC_ger7_3810505,SOC,ger7,3810505,Andre strafferetlige særlove (via 3810),Andre strafferetlige særlove (via 3810),,CSV:SOC_ger7_hierarchical,medium,danish,SOC_ger7_3810,detail
SOC_ger7_3855305,SOC,ger7,3855305,"Love vedr. spil, bev., næring (via 3855)","Love vedr. spil, bev., næring (via 3855)",,CSV:SOC_ger7_hierarchical,medium,danish,SOC_ger7_3855,detail
SOC_ger7_1348515,SOC,ger7,1348515,Tyv./brugstyv. af andet (via 1348),Tyv./brugstyv. af andet (via 1348),,CSV:SOC_ger7_hierarchical,medium,danish,SOC_ger7_1348,detail
SOC_ger7_2610116,SOC,ger7,2610116,Færdselslovsovertræd. i øvrigt (via 2610),Færdselslovsovertræd. i øvrigt (via 2610),,CSV:SOC_ger7_hierarchical,medium,danish,SOC_ger7_2610,detail
SOC_ger7_1316235,SOC,ger7,1316235,"Indbr. i bank., forretn. mv. (via 1316)","Indbr. i bank., forretn. mv. (via 1316)",,CSV:SOC_ger7_hierarchical,medium,danish,SOC_ger7_1316,detail
SOC_ger7_1328510,SOC,ger7,1328510,"Tyveri fra bil, båd mv. (via 1328)","Tyveri fra bil, båd mv. (via 1328)",,CSV:SOC_ger7_hierarchical,medium,danish,SOC_ger7_1328,detail
SOC_ger7_1339522,SOC,ger7,1339522,Tyv./brugstyv. af indr.køretøj (via 1339),Tyv./brugstyv. af indr.køretøj (via 1339),,CSV:SOC_ger7_hierarchical,medium,danish,SOC_ger7_1339,detail
SOC_ger7_2610072,SOC,ger7,2610072,Færdselslovsovertræd. i øvrigt (via 2610),Færdselslovsovertræd. i øvrigt (via 2610),,CSV:SOC_ger7_hierarchical,medium,danish,SOC_ger7_2610,detail
SOC_ger7_1328505,SOC,ger7,1328505,"Tyveri fra bil, båd mv. (via 1328)","Tyveri fra bil, båd mv. (via 1328)",,CSV:SOC_ger7_hierarchical,medium,danish,SOC_ger7_1328,detail
SOC_ger7_1336572,SOC,ger7,1336572,Andre tyverier (via 1336),Andre tyverier (via 1336),,CSV:SOC_ger7_hierarchical,medium,danish,SOC_ger7_1336,detail
SOC_ger7_3610901,SOC,ger7,3610901,Skatte og afgiftslove mv. (via 3610),Skatte og afgiftslove mv. (via 3610),,CSV:SOC_ger7_hierarchical,medium,danish,SOC_ger7_3610,detail
SOC_ger7_1384505,SOC,ger7,1384505,Grov skattesvig mv. (via 1384),Grov skattesvig mv. (via 1384),,CSV:SOC_ger7_hierarchical,medium,danish,SOC_ger7_1384,detail
SOC_ger7_1345000,SOC,ger7,1345000,Tyv./brugstyv. af cykel (via 1345),Tyv./brugstyv. af cykel (via 1345),,CSV:SOC_ger7_hierarchical,medium,danish,SOC_ger7_1345,detail
SOC_ger7_1420505,SOC,ger7,1420505,Falsk forklaring for retten (via 1420),Falsk forklaring for retten (via 1420),,CSV:SOC_ger7_hierarchical,medium,danish,SOC_ger7_1420,detail
SOC_ger7_1210515,SOC,ger7,1210515,Vold o.l. mod off. myndighed (via 1210),Vold o.l. mod off. myndighed (via 1210),,CSV:SOC_ger7_hierarchical,medium,danish,SOC_ger7_1210,detail
SOC_ger7_3825721,SOC,ger7,3825721,Miljølove (via 3825),Miljølove (via 3825),,CSV:SOC_ger7_hierarchical,medium,danish,SOC_ger7_3825,detail
SOC_ger7_1336538,SOC,ger7,1336538,Andre tyverier (via 1336),Andre tyverier (via 1336),,CSV:SOC_ger7_hierarchical,medium,danish,SOC_ger7_1336,detail
SOC_ger7_1320505,SOC,ger7,1320505,Indbr. i beboelser (via 1320),Indbr. i beboelser (via 1320),,CSV:SOC_ger7_hierarchical,medium,danish,SOC_ger7_1320,detail
SOC_ger7_1415545,SOC,ger7,1415545,Forbr. i off. tjeneste (via 1415),Forbr. i off. tjeneste (via 1415),,CSV:SOC_ger7_hierarchical,medium,danish,SOC_ger7_1415,detail
SOC_ger7_3840565,SOC,ger7,3840565,Selskabs- og firmalovgiv. mv. (via 3840),Selskabs- og firmalovgiv. mv. (via 3840),,CSV:SOC_ger7_hierarchical,medium,danish,SOC_ger7_3840,detail
SOC_ger7_1398585,SOC,ger7,1398585,Berig.forbr. og formuekrænk. (via 1398),Berig.forbr. og formuekrænk. (via 1398),,CSV:SOC_ger7_hierarchical,medium,danish,SOC_ger7_1398,detail
SOC_ger7_3815531,SOC,ger7,3815531,Sundheds- og sociallove (via 3815),Sundheds- og sociallove (via 3815),,CSV:SOC_ger7_hierarchical,medium,danish,SOC_ger7_3815,detail
SOC_ger7_1410000,SOC,ger7,1410000,Forbr. mod off. myndighed mv. (via 1410),Forbr. mod off. myndighed mv. (via 1410),,CSV:SOC_ger7_hierarchical,medium,danish,SOC_ger7_1410,detail
SOC_ger7_3830705,SOC,ger7,3830705,"Love vedr. dyr, jagt mv. (via 3830)","Love vedr. dyr, jagt mv. (via 3830)",,CSV:SOC_ger7_hierarchical,medium,danish,SOC_ger7_3830,detail
SOC_ger7_1180506,SOC,ger7,1180506,Utugt mv. (via 1180),Utugt mv. (via 1180),,CSV:SOC_ger7_hierarchical,medium,danish,SOC_ger7_1180,detail
SOC_ger7_1410716,SOC,ger7,1410716,Forbr. mod off. myndighed mv. (via 1410),Forbr. mod off. myndighed mv. (via 1410),,CSV:SOC_ger7_hierarchical,medium,danish,SOC_ger7_1410,detail
SOC_ger7_3835711,SOC,ger7,3835711,Love vedr. arb. transport mv. (via 3835),Love vedr. arb. transport mv. (via 3835),,CSV:SOC_ger7_hierarchical,medium,danish,SOC_ger7_3835,detail
SOC_ger7_1339510,SOC,ger7,1339510,Tyv./brugstyv. af indr.køretøj (via 1339),Tyv./brugstyv. af indr.køretøj (via 1339),,CSV:SOC_ger7_hierarchical,medium,danish,SOC_ger7_1339,detail
SOC_ger7_1460305,SOC,ger7,1460305,Uagts. manddr. mv.v/færd.uheld (via 1460),Uagts. manddr. mv.v/færd.uheld (via 1460),,CSV:SOC_ger7_hierarchical,medium,danish,SOC_ger7_1460,detail
SOC_ger7_3845717,SOC,ger7,3845717,Love vedr. forsvaret og lign. (via 3845),Love vedr. forsvaret og lign. (via 3845),,CSV:SOC_ger7_hierarchical,medium,danish,SOC_ger7_3845,detail
SOC_ger7_1312510,SOC,ger7,1312510,Brandstiftelse (via 1312),Brandstiftelse (via 1312),,CSV:SOC_ger7_hierarchical,medium,danish,SOC_ger7_1312,detail
SOC_ger7_1286525,SOC,ger7,1286525,Forbr. mod liv og legeme (via 1286),Forbr. mod liv og legeme (via 1286),,CSV:SOC_ger7_hierarchical,medium,danish,SOC_ger7_1286,detail
SOC_ger7_1336522,SOC,ger7,1336522,Andre tyverier (via 1336),Andre tyverier (via 1336),,CSV:SOC_ger7_hierarchical,medium,danish,SOC_ger7_1336,detail
SOC_ger7_1339505,SOC,ger7,1339505,Tyv./brugstyv. af indr.køretøj (via 1339),Tyv./brugstyv. af indr.køretøj (via 1339),,CSV:SOC_ger7_hierarchical,medium,danish,SOC_ger7_1339,detail
SOC_ger7_3810765,SOC,ger7,3810765,Andre strafferetlige særlove (via 3810),Andre strafferetlige særlove (via 3810),,CSV:SOC_ger7_hierarchical,medium,danish,SOC_ger7_3810,detail
SOC_ger7_2610034,SOC,ger7,2610034,Færdselslovsovertræd. i øvrigt (via 2610),Færdselslovsovertræd. i øvrigt (via 2610),,CSV:SOC_ger7_hierarchical,medium,danish,SOC_ger7_2610,detail
SOC_ger7_1336543,SOC,ger7,1336543,Andre tyverier (via 1336),Andre tyverier (via 1336),,CSV:SOC_ger7_hierarchical,medium,danish,SOC_ger7_1336,detail
SOC_ger7_1410709,SOC,ger7,1410709,Forbr. mod off. myndighed mv. (via 1410),Forbr. mod off. myndighed mv. (via 1410),,CSV:SOC_ger7_hierarchical,medium,danish,SOC_ger7_1410,detail
SOC_ger7_3850505,SOC,ger7,3850505,Love vedr. off. forsyninger (via 3850),Love vedr. off. forsyninger (via 3850),,CSV:SOC_ger7_hierarchical,medium,danish,SOC_ger7_3850,detail
SOC_ger7_3840575,SOC,ger7,3840575,Selskabs- og firmalovgiv. mv. (via 3840),Selskabs- og firmalovgiv. mv. (via 3840),,CSV:SOC_ger7_hierarchical,medium,danish,SOC_ger7_3840,detail
SOC_ger7_1332535,SOC,ger7,1332535,Butikstyverier mv. (via 1332),Butikstyverier mv. (via 1332),,CSV:SOC_ger7_hierarchical,medium,danish,SOC_ger7_1332,detail
SOC_ger7_1380705,SOC,ger7,1380705,Røveri (via 1380),Røveri (via 1380),,CSV:SOC_ger7_hierarchical,medium,danish,SOC_ger7_1380,detail
SOC_ger7_2610119,SOC,ger7,2610119,Færdselslovsovertræd. i øvrigt (via 2610),Færdselslovsovertræd. i øvrigt (via 2610),,CSV:SOC_ger7_hierarchical,medium,danish,SOC_ger7_2610,detail
SOC_ger7_3840000,SOC,ger7,3840000,Selskabs- og firmalovgiv. mv. (via 3840),Selskabs- og firmalovgiv. mv. (via 3840),,CSV:SOC_ger7_hierarchical,medium,danish,SOC_ger7_3840,detail
SOC_ger7_3840510,SOC,ger7,3840510,Selskabs- og firmalovgiv. mv. (via 3840),Selskabs- og firmalovgiv. mv. (via 3840),,CSV:SOC_ger7_hierarchical,medium,danish,SOC_ger7_3840,detail
SOC_ger7_2610056,SOC,ger7,2610056,Færdselslovsovertræd. i øvrigt (via 2610),Færdselslovsovertræd. i øvrigt (via 2610),,CSV:SOC_ger7_hierarchical,medium,danish,SOC_ger7_2610,detail
SOC_ger7_1332335,SOC,ger7,1332335,Butikstyverier mv. (via 1332),Butikstyverier mv. (via 1332),,CSV:SOC_ger7_hierarchical,medium,danish,SOC_ger7_1332,detail
SOC_ger7_2610124,SOC,ger7,2610124,Færdselslovsovertræd. i øvrigt (via 2610),Færdselslovsovertræd. i øvrigt (via 2610),,CSV:SOC_ger7_hierarchical,medium,danish,SOC_ger7_2610,detail
SOC_ger7_3835710,SOC,ger7,3835710,Love vedr. arb. transport mv. (via 3835),Love vedr. arb. transport mv. (via 3835),,CSV:SOC_ger7_hierarchical,medium,danish,SOC_ger7_3835,detail
SOC_ger7_1485000,SOC,ger7,1485000,Freds- og ærekrænkelser (via 1485),Freds- og ærekrænkelser (via 1485),,CSV:SOC_ger7_hierarchical,medium,danish,SOC_ger7_1485,detail
SOC_ger7_2610168,SOC,ger7,2610168,Færdselslovsovertræd. i øvrigt (via 2610),Færdselslovsovertræd. i øvrigt (via 2610),,CSV:SOC_ger7_hierarchical,medium,danish,SOC_ger7_2610,detail
SOC_ger7_3835505,SOC,ger7,3835505,Love vedr. arb. transport mv. (via 3835),Love vedr. arb. transport mv. (via 3835),,CSV:SOC_ger7_hierarchical,medium,danish,SOC_ger7_3835,detail
SOC_ger7_2610016,SOC,ger7,2610016,Færdselslovsovertræd. i øvrigt (via 2610),Færdselslovsovertræd. i øvrigt (via 2610),,CSV:SOC_ger7_hierarchical,medium,danish,SOC_ger7_2610,detail
SOC_ger7_1372505,SOC,ger7,1372505,Skyldnersvig (via 1372),Skyldnersvig (via 1372),,CSV:SOC_ger7_hierarchical,medium,danish,SOC_ger7_1372,detail
SOC_ger7_2610013,SOC,ger7,2610013,Færdselslovsovertræd. i øvrigt (via 2610),Færdselslovsovertræd. i øvrigt (via 2610),,CSV:SOC_ger7_hierarchical,medium,danish,SOC_ger7_2610,detail
SOC_ger7_3810908,SOC,ger7,3810908,Andre strafferetlige særlove (via 3810),Andre strafferetlige særlove (via 3810),,CSV:SOC_ger7_hierarchical,medium,danish,SOC_ger7_3810,detail
SOC_ger7_1357515,SOC,ger7,1357515,Bedrageri (via 1357),Bedrageri (via 1357),,CSV:SOC_ger7_hierarchical,medium,danish,SOC_ger7_1357,detail
SOC_ger7_2220021,SOC,ger7,2220021,Spiritus- og promillekørsel (via 2220),Spiritus- og promillekørsel (via 2220),,CSV:SOC_ger7_hierarchical,medium,danish,SOC_ger7_2220,detail
SOC_ger7_1357511,SOC,ger7,1357511,Bedrageri (via 1357),Bedrageri (via 1357),,CSV:SOC_ger7_hierarchical,medium,danish,SOC_ger7_1357,detail
SOC_ger7_1316515,SOC,ger7,1316515,"Indbr. i bank., forretn. mv. (via 1316)","Indbr. i bank., forretn. mv. (via 1316)",,CSV:SOC_ger7_hierarchical,medium,danish,SOC_ger7_1316,detail
SOC_ger7_1328715,SOC,ger7,1328715,"Tyveri fra bil, båd mv. (via 1328)","Tyveri fra bil, båd mv. (via 1328)",,CSV:SOC_ger7_hierarchical,medium,danish,SOC_ger7_1328,detail
SOC_ger7_1339515,SOC,ger7,1339515,Tyv./brugstyv. af indr.køretøj (via 1339),Tyv./brugstyv. af indr.køretøj (via 1339),,CSV:SOC_ger7_hierarchical,medium,danish,SOC_ger7_1339,detail
SOC_ger7_1316210,SOC,ger7,1316210,"Indbr. i bank., forretn. mv. (via 1316)","Indbr. i bank., forretn. mv. (via 1316)",,CSV:SOC_ger7_hierarchical,medium,danish,SOC_ger7_1316,detail
SOC_ger7_1332520,SOC,ger7,1332520,Butikstyverier mv. (via 1332),Butikstyverier mv. (via 1332),,CSV:SOC_ger7_hierarchical,medium,danish,SOC_ger7_1332,detail
SOC_ger7_1336568,SOC,ger7,1336568,Andre tyverier (via 1336),Andre tyverier (via 1336),,CSV:SOC_ger7_hierarchical,medium,danish,SOC_ger7_1336,detail
SOC_ger7_2210044,SOC,ger7,2210044,Færdselsuheld med spiritus (via 2210),Færdselsuheld med spiritus (via 2210),,CSV:SOC_ger7_hierarchical,medium,danish,SOC_ger7_2210,detail
SOC_ger7_3825735,SOC,ger7,3825735,Miljølove (via 3825),Miljølove (via 3825),,CSV:SOC_ger7_hierarchical,medium,danish,SOC_ger7_3825,detail
SOC_ger7_1316505,SOC,ger7,1316505,"Indbr. i bank., forretn. mv. (via 1316)","Indbr. i bank., forretn. mv. (via 1316)",,CSV:SOC_ger7_hierarchical,medium,danish,SOC_ger7_1316,detail
SOC_ger7_1316615,SOC,ger7,1316615,"Indbr. i bank., forretn. mv. (via 1316)","Indbr. i bank., forretn. mv. (via 1316)",,CSV:SOC_ger7_hierarchical,medium,danish,SOC_ger7_1316,detail
SOC_ger7_1354505,SOC,ger7,1354505,Underslæb (via 1354),Underslæb (via 1354),,CSV:SOC_ger7_hierarchical,medium,danish,SOC_ger7_1354,detail
SOC_ger7_2610048,SOC,ger7,2610048,Færdselslovsovertræd. i øvrigt (via 2610),Færdselslovsovertræd. i øvrigt (via 2610),,CSV:SOC_ger7_hierarchical,medium,danish,SOC_ger7_2610,detail
SOC_ger7_1357512,SOC,ger7,1357512,Bedrageri (via 1357),Bedrageri (via 1357),,CSV:SOC_ger7_hierarchical,medium,danish,SOC_ger7_1357,detail
SOC_ger7_2610070,SOC,ger7,2610070,Færdselslovsovertræd. i øvrigt (via 2610),Færdselslovsovertræd. i øvrigt (via 2610),,CSV:SOC_ger7_hierarchical,medium,danish,SOC_ger7_2610,detail
SOC_ger7_1320705,SOC,ger7,1320705,Indbr. i beboelser (via 1320),Indbr. i beboelser (via 1320),,CSV:SOC_ger7_hierarchical,medium,danish,SOC_ger7_1320,detail
SOC_ger7_1336530,SOC,ger7,1336530,Andre tyverier (via 1336),Andre tyverier (via 1336),,CSV:SOC_ger7_hierarchical,medium,danish,SOC_ger7_1336,detail
SOC_ger7_3815530,SOC,ger7,3815530,Sundheds- og sociallove (via 3815),Sundheds- og sociallove (via 3815),,CSV:SOC_ger7_hierarchical,medium,danish,SOC_ger7_3815,detail
SOC_ger7_1425000,SOC,ger7,1425000,Falsk forklaring i øvrigt (via 1425),Falsk forklaring i øvrigt (via 1425),,CSV:SOC_ger7_hierarchical,medium,danish,SOC_ger7_1425,detail
SOC_ger7_3835310,SOC,ger7,3835310,Love vedr. arb. transport mv. (via 3835),Love vedr. arb. transport mv. (via 3835),,CSV:SOC_ger7_hierarchical,medium,danish,SOC_ger7_3835,detail
SOC_ger7_1312505,SOC,ger7,1312505,Brandstiftelse (via 1312),Brandstiftelse (via 1312),,CSV:SOC_ger7_hierarchical,medium,danish,SOC_ger7_1312,detail
SOC_ger7_1360505,SOC,ger7,1360505,Checkbedrageri (via 1360),Checkbedrageri (via 1360),,CSV:SOC_ger7_hierarchical,medium,danish,SOC_ger7_1360,detail
SOC_ger7_3825745,SOC,ger7,3825745,Miljølove (via 3825),Miljølove (via 3825),,CSV:SOC_ger7_hierarchical,medium,danish,SOC_ger7_3825,detail
SOC_ger7_1336548,SOC,ger7,1336548,Andre tyverier (via 1336),Andre tyverier (via 1336),,CSV:SOC_ger7_hierarchical,medium,danish,SOC_ger7_1336,detail
SOC_ger7_1286000,SOC,ger7,1286000,Forbr. mod liv og legeme (via 1286),Forbr. mod liv og legeme (via 1286),,CSV:SOC_ger7_hierarchical,medium,danish,SOC_ger7_1286,detail
SOC_ger7_3855315,SOC,ger7,3855315,"Love vedr. spil, bev., næring (via 3855)","Love vedr. spil, bev., næring (via 3855)",,CSV:SOC_ger7_hierarchical,medium,danish,SOC_ger7_3855,detail
SOC_ger7_2610127,SOC,ger7,2610127,Færdselslovsovertræd. i øvrigt (via 2610),Færdselslovsovertræd. i øvrigt (via 2610),,CSV:SOC_ger7_hierarchical,medium,danish,SOC_ger7_2610,detail
SOC_ger7_3815537,SOC,ger7,3815537,Sundheds- og sociallove (via 3815),Sundheds- og sociallove (via 3815),,CSV:SOC_ger7_hierarchical,medium,danish,SOC_ger7_3815,detail
SOC_ger7_1425510,SOC,ger7,1425510,Falsk forklaring i øvrigt (via 1425),Falsk forklaring i øvrigt (via 1425),,CSV:SOC_ger7_hierarchical,medium,danish,SOC_ger7_1425,detail
SOC_ger7_3825,SOC,ger7,3825,Miljølove,Miljølove,,CSV:SOC_ger7,medium,danish,SOC_ger7_382,subgroup
SOC_ger7_2610039,SOC,ger7,2610039,Færdselslovsovertræd. i øvrigt (via 2610),Færdselslovsovertræd. i øvrigt (via 2610),,CSV:SOC_ger7_hierarchical,medium,danish,SOC_ger7_2610,detail
SOC_ger7_1145510,SOC,ger7,1145510,Seksualforbrydelse i øvrigt (via 1145),Seksualforbrydelse i øvrigt (via 1145),,CSV:SOC_ger7_hierarchical,medium,danish,SOC_ger7_1145,detail
SOC_ger7_3835717,SOC,ger7,3835717,Love vedr. arb. transport mv. (via 3835),Love vedr. arb. transport mv. (via 3835),,CSV:SOC_ger7_hierarchical,medium,danish,SOC_ger7_3835,detail
SOC_ger7_2610130,SOC,ger7,2610130,Færdselslovsovertræd. i øvrigt (via 2610),Færdselslovsovertræd. i øvrigt (via 2610),,CSV:SOC_ger7_hierarchical,medium,danish,SOC_ger7_2610,detail
SOC_ger7_1292520,SOC,ger7,1292520,Trusler (via 1292),Trusler (via 1292),,CSV:SOC_ger7_hierarchical,medium,danish,SOC_ger7_1292,detail
SOC_ger7_1366000,SOC,ger7,1366000,Afpresning og åger (via 1366),Afpresning og åger (via 1366),,CSV:SOC_ger7_hierarchical,medium,danish,SOC_ger7_1366,detail
SOC_ger7_1316320,SOC,ger7,1316320,"Indbr. i bank., forretn. mv. (via 1316)","Indbr. i bank., forretn. mv. (via 1316)",,CSV:SOC_ger7_hierarchical,medium,danish,SOC_ger7_1316,detail
SOC_ger7_2610080,SOC,ger7,2610080,Færdselslovsovertræd. i øvrigt (via 2610),Færdselslovsovertræd. i øvrigt (via 2610),,CSV:SOC_ger7_hierarchical,medium,danish,SOC_ger7_2610,detail
SOC_ger7_1336554,SOC,ger7,1336554,Andre tyverier (via 1336),Andre tyverier (via 1336),,CSV:SOC_ger7_hierarchical,medium,danish,SOC_ger7_1336,detail
SOC_ger7_1357605,SOC,ger7,1357605,Bedrageri (via 1357),Bedrageri (via 1357),,CSV:SOC_ger7_hierarchical,medium,danish,SOC_ger7_1357,detail
SOC_ger7_1316230,SOC,ger7,1316230,"Indbr. i bank., forretn. mv. (via 1316)","Indbr. i bank., forretn. mv. (via 1316)",,CSV:SOC_ger7_hierarchical,medium,danish,SOC_ger7_1316,detail
SOC_ger7_1292510,SOC,ger7,1292510,Trusler (via 1292),Trusler (via 1292),,CSV:SOC_ger7_hierarchical,medium,danish,SOC_ger7_1292,detail
SOC_ger7_1351505,SOC,ger7,1351505,Ulovlig omgang med hittegods (via 1351),Ulovlig omgang med hittegods (via 1351),,CSV:SOC_ger7_hierarchical,medium,danish,SOC_ger7_1351,detail
SOC_ger7_2610098,SOC,ger7,2610098,Færdselslovsovertræd. i øvrigt (via 2610),Færdselslovsovertræd. i øvrigt (via 2610),,CSV:SOC_ger7_hierarchical,medium,danish,SOC_ger7_2610,detail
SOC_ger7_2610047,SOC,ger7,2610047,Færdselslovsovertræd. i øvrigt (via 2610),Færdselslovsovertræd. i øvrigt (via 2610),,CSV:SOC_ger7_hierarchical,medium,danish,SOC_ger7_2610,detail
SOC_ger7_1332715,SOC,ger7,1332715,Butikstyverier mv. (via 1332),Butikstyverier mv. (via 1332),,CSV:SOC_ger7_hierarchical,medium,danish,SOC_ger7_1332,detail
SOC_ger7_1357805,SOC,ger7,1357805,Bedrageri (via 1357),Bedrageri (via 1357),,CSV:SOC_ger7_hierarchical,medium,danish,SOC_ger7_1357,detail
SOC_ger7_1410763,SOC,ger7,1410763,Forbr. mod off. myndighed mv. (via 1410),Forbr. mod off. myndighed mv. (via 1410),,CSV:SOC_ger7_hierarchical,medium,danish,SOC_ger7_1410,detail
SOC_ger7_2210012,SOC,ger7,2210012,Færdselsuheld med spiritus (via 2210),Færdselsuheld med spiritus (via 2210),,CSV:SOC_ger7_hierarchical,medium,danish,SOC_ger7_2210,detail
SOC_ger7_2610029,SOC,ger7,2610029,Færdselslovsovertræd. i øvrigt (via 2610),Færdselslovsovertræd. i øvrigt (via 2610),,CSV:SOC_ger7_hierarchical,medium,danish,SOC_ger7_2610,detail
SOC_ger7_3835307,SOC,ger7,3835307,Love vedr. arb. transport mv. (via 3835),Love vedr. arb. transport mv. (via 3835),,CSV:SOC_ger7_hierarchical,medium,danish,SOC_ger7_3835,detail
SOC_ger7_1398555,SOC,ger7,1398555,Berig.forbr. og formuekrænk. (via 1398),Berig.forbr. og formuekrænk. (via 1398),,CSV:SOC_ger7_hierarchical,medium,danish,SOC_ger7_1398,detail
SOC_ger7_1475705,SOC,ger7,1475705,Tilhold (via 1475),Tilhold (via 1475),,CSV:SOC_ger7_hierarchical,medium,danish,SOC_ger7_1475,detail
SOC_ger7_1316525,SOC,ger7,1316525,"Indbr. i bank., forretn. mv. (via 1316)","Indbr. i bank., forretn. mv. (via 1316)",,CSV:SOC_ger7_hierarchical,medium,danish,SOC_ger7_1316,detail
SOC_ger7_1172000,SOC,ger7,1172000,Blufærdighedskr. v/beføling (via 1172),Blufærdighedskr. v/beføling (via 1172),,CSV:SOC_ger7_hierarchical,medium,danish,SOC_ger7_1172,detail
SOC_ger7_1376000,SOC,ger7,1376000,Hæleri (via 1376),Hæleri (via 1376),,CSV:SOC_ger7_hierarchical,medium,danish,SOC_ger7_1376,detail
SOC_ger7_1410718,SOC,ger7,1410718,Forbr. mod off. myndighed mv. (via 1410),Forbr. mod off. myndighed mv. (via 1410),,CSV:SOC_ger7_hierarchical,medium,danish,SOC_ger7_1410,detail
SOC_ger7_1357905,SOC,ger7,1357905,Bedrageri (via 1357),Bedrageri (via 1357),,CSV:SOC_ger7_hierarchical,medium,danish,SOC_ger7_1357,detail
SOC_ger7_2410006,SOC,ger7,2410006,Mangler ved køretøj (via 2410),Mangler ved køretøj (via 2410),,CSV:SOC_ger7_hierarchical,medium,danish,SOC_ger7_2410,detail
SOC_ger7_1316705,SOC,ger7,1316705,"Indbr. i bank., forretn. mv. (via 1316)","Indbr. i bank., forretn. mv. (via 1316)",,CSV:SOC_ger7_hierarchical,medium,danish,SOC_ger7_1316,detail
SOC_ger7_1336305,SOC,ger7,1336305,Andre tyverier (via 1336),Andre tyverier (via 1336),,CSV:SOC_ger7_hierarchical,medium,danish,SOC_ger7_1336,detail
SOC_ger7_1336518,SOC,ger7,1336518,Andre tyverier (via 1336),Andre tyverier (via 1336),,CSV:SOC_ger7_hierarchical,medium,danish,SOC_ger7_1336,detail
SOC_ger7_2220023,SOC,ger7,2220023,Spiritus- og promillekørsel (via 2220),Spiritus- og promillekørsel (via 2220),,CSV:SOC_ger7_hierarchical,medium,danish,SOC_ger7_2220,detail
SOC_ger7_1435000,SOC,ger7,1435000,Salg af narkotika mv. (via 1435),Salg af narkotika mv. (via 1435),,CSV:SOC_ger7_hierarchical,medium,danish,SOC_ger7_1435,detail
SOC_ger7_3855310,SOC,ger7,3855310,"Love vedr. spil, bev., næring (via 3855)","Love vedr. spil, bev., næring (via 3855)",,CSV:SOC_ger7_hierarchical,medium,danish,SOC_ger7_3855,detail
SOC_ger7_3835588,SOC,ger7,3835588,Love vedr. arb. transport mv. (via 3835),Love vedr. arb. transport mv. (via 3835),,CSV:SOC_ger7_hierarchical,medium,danish,SOC_ger7_3835,detail
SOC_ger7_2610083,SOC,ger7,2610083,Færdselslovsovertræd. i øvrigt (via 2610),Færdselslovsovertræd. i øvrigt (via 2610),,CSV:SOC_ger7_hierarchical,medium,danish,SOC_ger7_2610,detail
SOC_ger7_2610133,SOC,ger7,2610133,Færdselslovsovertræd. i øvrigt (via 2610),Færdselslovsovertræd. i øvrigt (via 2610),,CSV:SOC_ger7_hierarchical,medium,danish,SOC_ger7_2610,detail
SOC_ger7_1342510,SOC,ger7,1342510,Tyv./brugstyv. af knallert (via 1342),Tyv./brugstyv. af knallert (via 1342),,CSV:SOC_ger7_hierarchical,medium,danish,SOC_ger7_1342,detail
SOC_ger7_1304000,SOC,ger7,1304000,Dokumentfalsk (via 1304),Dokumentfalsk (via 1304),,CSV:SOC_ger7_hierarchical,medium,danish,SOC_ger7_1304,detail
SOC_ger7_2610108,SOC,ger7,2610108,Færdselslovsovertræd. i øvrigt (via 2610),Færdselslovsovertræd. i øvrigt (via 2610),,CSV:SOC_ger7_hierarchical,medium,danish,SOC_ger7_2610,detail
SOC_ger7_3835560,SOC,ger7,3835560,Love vedr. arb. transport mv. (via 3835),Love vedr. arb. transport mv. (via 3835),,CSV:SOC_ger7_hierarchical,medium,danish,SOC_ger7_3835,detail
SOC_ger7_2210048,SOC,ger7,2210048,Færdselsuheld med spiritus (via 2210),Færdselsuheld med spiritus (via 2210),,CSV:SOC_ger7_hierarchical,medium,danish,SOC_ger7_2210,detail
SOC_ger7_1366505,SOC,ger7,1366505,Afpresning og åger (via 1366),Afpresning og åger (via 1366),,CSV:SOC_ger7_hierarchical,medium,danish,SOC_ger7_1366,detail
SOC_ger7_1376510,SOC,ger7,1376510,Hæleri (via 1376),Hæleri (via 1376),,CSV:SOC_ger7_hierarchical,medium,danish,SOC_ger7_1376,detail
SOC_ger7_1332705,SOC,ger7,1332705,Butikstyverier mv. (via 1332),Butikstyverier mv. (via 1332),,CSV:SOC_ger7_hierarchical,medium,danish,SOC_ger7_1332,detail
SOC_ger7_1332710,SOC,ger7,1332710,Butikstyverier mv. (via 1332),Butikstyverier mv. (via 1332),,CSV:SOC_ger7_hierarchical,medium,danish,SOC_ger7_1332,detail
SOC_ger7_1316520,SOC,ger7,1316520,"Indbr. i bank., forretn. mv. (via 1316)","Indbr. i bank., forretn. mv. (via 1316)",,CSV:SOC_ger7_hierarchical,medium,danish,SOC_ger7_1316,detail
SOC_ger7_2610011,SOC,ger7,2610011,Færdselslovsovertræd. i øvrigt (via 2610),Færdselslovsovertræd. i øvrigt (via 2610),,CSV:SOC_ger7_hierarchical,medium,danish,SOC_ger7_2610,detail
SOC_ger7_1180544,SOC,ger7,1180544,Utugt mv. (via 1180),Utugt mv. (via 1180),,CSV:SOC_ger7_hierarchical,medium,danish,SOC_ger7_1180,detail
SOC_ger7_1230000,SOC,ger7,1230000,Manddrab (via 1230),Manddrab (via 1230),,CSV:SOC_ger7_hierarchical,medium,danish,SOC_ger7_1230,detail
SOC_ger7_1230505,SOC,ger7,1230505,Manddrab (via 1230),Manddrab (via 1230),,CSV:SOC_ger7_hierarchical,medium,danish,SOC_ger7_1230,detail
SOC_ger7_1130510,SOC,ger7,1130510,Heterosek. sæd.f. børn u.12 år (via 1130),Heterosek. sæd.f. børn u.12 år (via 1130),,CSV:SOC_ger7_hierarchical,medium,danish,SOC_ger7_1130,detail
SOC_ger7_1410712,SOC,ger7,1410712,Forbr. mod off. myndighed mv. (via 1410),Forbr. mod off. myndighed mv. (via 1410),,CSV:SOC_ger7_hierarchical,medium,danish,SOC_ger7_1410,detail
SOC_ger7_3410605,SOC,ger7,3410605,Våbenloven (via 3410),Våbenloven (via 3410),,CSV:SOC_ger7_hierarchical,medium,danish,SOC_ger7_3410,detail
SOC_ger7_3810710,SOC,ger7,3810710,Andre strafferetlige særlove (via 3810),Andre strafferetlige særlove (via 3810),,CSV:SOC_ger7_hierarchical,medium,danish,SOC_ger7_3810,detail
SOC_ger7_1363805,SOC,ger7,1363805,Mandatsvig (via 1363),Mandatsvig (via 1363),,CSV:SOC_ger7_hierarchical,medium,danish,SOC_ger7_1363,detail
SOC_ger7_1360510,SOC,ger7,1360510,Checkbedrageri (via 1360),Checkbedrageri (via 1360),,CSV:SOC_ger7_hierarchical,medium,danish,SOC_ger7_1360,detail
SOC_ger7_1339530,SOC,ger7,1339530,Tyv./brugstyv. af indr.køretøj (via 1339),Tyv./brugstyv. af indr.køretøj (via 1339),,CSV:SOC_ger7_hierarchical,medium,danish,SOC_ger7_1339,detail
SOC_ger7_1348520,SOC,ger7,1348520,Tyv./brugstyv. af andet (via 1348),Tyv./brugstyv. af andet (via 1348),,CSV:SOC_ger7_hierarchical,medium,danish,SOC_ger7_1348,detail
SOC_ger7_1324705,SOC,ger7,1324705,Indbr. i ubeboede bebyggelser (via 1324),Indbr. i ubeboede bebyggelser (via 1324),,CSV:SOC_ger7_hierarchical,medium,danish,SOC_ger7_1324,detail
SOC_ger7_1176605,SOC,ger7,1176605,Blufærdighedskr. i øvrigt (via 1176),Blufærdighedskr. i øvrigt (via 1176),,CSV:SOC_ger7_hierarchical,medium,danish,SOC_ger7_1176,detail
SOC_ger7_2610012,SOC,ger7,2610012,Færdselslovsovertræd. i øvrigt (via 2610),Færdselslovsovertræd. i øvrigt (via 2610),,CSV:SOC_ger7_hierarchical,medium,danish,SOC_ger7_2610,detail
SOC_ger7_2410010,SOC,ger7,2410010,Mangler ved køretøj (via 2410),Mangler ved køretøj (via 2410),,CSV:SOC_ger7_hierarchical,medium,danish,SOC_ger7_2410,detail
SOC_ger7_1316225,SOC,ger7,1316225,"Indbr. i bank., forretn. mv. (via 1316)","Indbr. i bank., forretn. mv. (via 1316)",,CSV:SOC_ger7_hierarchical,medium,danish,SOC_ger7_1316,detail
SOC_ger7_1316530,SOC,ger7,1316530,"Indbr. i bank., forretn. mv. (via 1316)","Indbr. i bank., forretn. mv. (via 1316)",,CSV:SOC_ger7_hierarchical,medium,danish,SOC_ger7_1316,detail
SOC_ger7_1336526,SOC,ger7,1336526,Andre tyverier (via 1336),Andre tyverier (via 1336),,CSV:SOC_ger7_hierarchical,medium,danish,SOC_ger7_1336,detail
SOC_ger7_3810780,SOC,ger7,3810780,Andre strafferetlige særlove (via 3810),Andre strafferetlige særlove (via 3810),,CSV:SOC_ger7_hierarchical,medium,danish,SOC_ger7_3810,detail
SOC_ger7_2610036,SOC,ger7,2610036,Færdselslovsovertræd. i øvrigt (via 2610),Færdselslovsovertræd. i øvrigt (via 2610),,CSV:SOC_ger7_hierarchical,medium,danish,SOC_ger7_2610,detail
SOC_ger7_2210052,SOC,ger7,2210052,Færdselsuheld med spiritus (via 2210),Færdselsuheld med spiritus (via 2210),,CSV:SOC_ger7_hierarchical,medium,danish,SOC_ger7_2210,detail
SOC_ger7_2210,SOC,ger7,2210,Færdselsuheld med spiritus,Færdselsuheld med spiritus,,CSV:SOC_ger7,medium,danish,SOC_ger7_221,subgroup
SOC_ger7_2610085,SOC,ger7,2610085,Færdselslovsovertræd. i øvrigt (via 2610),Færdselslovsovertræd. i øvrigt (via 2610),,CSV:SOC_ger7_hierarchical,medium,danish,SOC_ger7_2610,detail
SOC_ger7_1250000,SOC,ger7,1250000,Psykisk vcld (via 1250),Psykisk vcld (via 1250),,CSV:SOC_ger7_hierarchical,medium,danish,SOC_ger7_1250,detail
SOC_ger7_1210509,SOC,ger7,1210509,Vold o.l. mod off. myndighed (via 1210),Vold o.l. mod off. myndighed (via 1210),,CSV:SOC_ger7_hierarchical,medium,danish,SOC_ger7_1210,detail
SOC_ger7_1445777,SOC,ger7,1445777,Almenskadelige forbr. mv. (via 1445),Almenskadelige forbr. mv. (via 1445),,CSV:SOC_ger7_hierarchical,medium,danish,SOC_ger7_1445,detail
SOC_ger7_1460705,SOC,ger7,1460705,Uagts. manddr. mv.v/færd.uheld (via 1460),Uagts. manddr. mv.v/færd.uheld (via 1460),,CSV:SOC_ger7_hierarchical,medium,danish,SOC_ger7_1460,detail
SOC_ger7_3815520,SOC,ger7,3815520,Sundheds- og sociallove (via 3815),Sundheds- og sociallove (via 3815),,CSV:SOC_ger7_hierarchical,medium,danish,SOC_ger7_3815,detail
SOC_ger7_3815540,SOC,ger7,3815540,Sundheds- og sociallove (via 3815),Sundheds- og sociallove (via 3815),,CSV:SOC_ger7_hierarchical,medium,danish,SOC_ger7_3815,detail
SOC_ger7_1176005,SOC,ger7,1176005,Blufærdighedskr. i øvrigt (via 1176),Blufærdighedskr. i øvrigt (via 1176),,CSV:SOC_ger7_hierarchical,medium,danish,SOC_ger7_1176,detail
SOC_ger7_1455530,SOC,ger7,1455530,Forbrydelser i familieforhold (via 1455),Forbrydelser i familieforhold (via 1455),,CSV:SOC_ger7_hierarchical,medium,danish,SOC_ger7_1455,detail
SOC_ger7_2610035,SOC,ger7,2610035,Færdselslovsovertræd. i øvrigt (via 2610),Færdselslovsovertræd. i øvrigt (via 2610),,CSV:SOC_ger7_hierarchical,medium,danish,SOC_ger7_2610,detail
SOC_ger7_1380505,SOC,ger7,1380505,Røveri (via 1380),Røveri (via 1380),,CSV:SOC_ger7_hierarchical,medium,danish,SOC_ger7_1380,detail
SOC_ger7_1410719,SOC,ger7,1410719,Forbr. mod off. myndighed mv. (via 1410),Forbr. mod off. myndighed mv. (via 1410),,CSV:SOC_ger7_hierarchical,medium,danish,SOC_ger7_1410,detail
SOC_ger7_3810798,SOC,ger7,3810798,Andre strafferetlige særlove (via 3810),Andre strafferetlige særlove (via 3810),,CSV:SOC_ger7_hierarchical,medium,danish,SOC_ger7_3810,detail
SOC_ger7_2610077,SOC,ger7,2610077,Færdselslovsovertræd. i øvrigt (via 2610),Færdselslovsovertræd. i øvrigt (via 2610),,CSV:SOC_ger7_hierarchical,medium,danish,SOC_ger7_2610,detail
SOC_ger7_2410009,SOC,ger7,2410009,Mangler ved køretøj (via 2410),Mangler ved køretøj (via 2410),,CSV:SOC_ger7_hierarchical,medium,danish,SOC_ger7_2410,detail
SOC_ger7_1363505,SOC,ger7,1363505,Mandatsvig (via 1363),Mandatsvig (via 1363),,CSV:SOC_ger7_hierarchical,medium,danish,SOC_ger7_1363,detail
SOC_ger7_1410715,SOC,ger7,1410715,Forbr. mod off. myndighed mv. (via 1410),Forbr. mod off. myndighed mv. (via 1410),,CSV:SOC_ger7_hierarchical,medium,danish,SOC_ger7_1410,detail
SOC_ger7_1357705,SOC,ger7,1357705,Bedrageri (via 1357),Bedrageri (via 1357),,CSV:SOC_ger7_hierarchical,medium,danish,SOC_ger7_1357,detail
SOC_ger7_3845705,SOC,ger7,3845705,Love vedr. forsvaret og lign. (via 3845),Love vedr. forsvaret og lign. (via 3845),,CSV:SOC_ger7_hierarchical,medium,danish,SOC_ger7_3845,detail
SOC_ger7_1336545,SOC,ger7,1336545,Andre tyverier (via 1336),Andre tyverier (via 1336),,CSV:SOC_ger7_hierarchical,medium,danish,SOC_ger7_1336,detail
SOC_ger7_1316220,SOC,ger7,1316220,"Indbr. i bank., forretn. mv. (via 1316)","Indbr. i bank., forretn. mv. (via 1316)",,CSV:SOC_ger7_hierarchical,medium,danish,SOC_ger7_1316,detail
SOC_ger7_1354000,SOC,ger7,1354000,Underslæb (via 1354),Underslæb (via 1354),,CSV:SOC_ger7_hierarchical,medium,danish,SOC_ger7_1354,detail
SOC_ger7_1140545,SOC,ger7,1140545,Heteroseksuelle sædelighedsforbrydelser i øvrigt (via 1140),Heteroseksuelle sædelighedsforbrydelser i øvrigt (via 1140),,CSV:SOC_ger7_hierarchical,medium,danish,SOC_ger7_1140,detail
SOC_ger7_1120505,SOC,ger7,1120505,Voldtægt mv. (via 1120),Voldtægt mv. (via 1120),,CSV:SOC_ger7_hierarchical,medium,danish,SOC_ger7_1120,detail
SOC_ger7_1380305,SOC,ger7,1380305,Røveri (via 1380),Røveri (via 1380),,CSV:SOC_ger7_hierarchical,medium,danish,SOC_ger7_1380,detail
SOC_ger7_1316610,SOC,ger7,1316610,"Indbr. i bank., forretn. mv. (via 1316)","Indbr. i bank., forretn. mv. (via 1316)",,CSV:SOC_ger7_hierarchical,medium,danish,SOC_ger7_1316,detail
SOC_ger7_3855940,SOC,ger7,3855940,"Love vedr. spil, bev., næring (via 3855)","Love vedr. spil, bev., næring (via 3855)",,CSV:SOC_ger7_hierarchical,medium,danish,SOC_ger7_3855,detail
SOC_ger7_1336534,SOC,ger7,1336534,Andre tyverier (via 1336),Andre tyverier (via 1336),,CSV:SOC_ger7_hierarchical,medium,danish,SOC_ger7_1336,detail
SOC_ger7_1210504,SOC,ger7,1210504,Vold o.l. mod off. myndighed (via 1210),Vold o.l. mod off. myndighed (via 1210),,CSV:SOC_ger7_hierarchical,medium,danish,SOC_ger7_1210,detail
SOC_ger7_1240505,SOC,ger7,1240505,Forsøg på manddrab (via 1240),Forsøg på manddrab (via 1240),,CSV:SOC_ger7_hierarchical,medium,danish,SOC_ger7_1240,detail
SOC_ger7_1336550,SOC,ger7,1336550,Andre tyverier (via 1336),Andre tyverier (via 1336),,CSV:SOC_ger7_hierarchical,medium,danish,SOC_ger7_1336,detail
SOC_ger7_2610031,SOC,ger7,2610031,Færdselslovsovertræd. i øvrigt (via 2610),Færdselslovsovertræd. i øvrigt (via 2610),,CSV:SOC_ger7_hierarchical,medium,danish,SOC_ger7_2610,detail
SOC_ger7_2610093,SOC,ger7,2610093,Færdselslovsovertræd. i øvrigt (via 2610),Færdselslovsovertræd. i øvrigt (via 2610),,CSV:SOC_ger7_hierarchical,medium,danish,SOC_ger7_2610,detail
SOC_ger7_3610710,SOC,ger7,3610710,Skatte og afgiftslove mv. (via 3610),Skatte og afgiftslove mv. (via 3610),,CSV:SOC_ger7_hierarchical,medium,danish,SOC_ger7_3610,detail
SOC_ger7_3810509,SOC,ger7,3810509,Andre strafferetlige særlove (via 3810),Andre strafferetlige særlove (via 3810),,CSV:SOC_ger7_hierarchical,medium,danish,SOC_ger7_3810,detail
SOC_ger7_1172010,SOC,ger7,1172010,Blufærdighedskr. v/beføling (via 1172),Blufærdighedskr. v/beføling (via 1172),,CSV:SOC_ger7_hierarchical,medium,danish,SOC_ger7_1172,detail
SOC_ger7_1430305,SOC,ger7,1430305,Forbr. vedr. penge og bevism. (via 1430),Forbr. vedr. penge og bevism. (via 1430),,CSV:SOC_ger7_hierarchical,medium,danish,SOC_ger7_1430,detail
SOC_ger7_1380904,SOC,ger7,1380904,Røveri (via 1380),Røveri (via 1380),,CSV:SOC_ger7_hierarchical,medium,danish,SOC_ger7_1380,detail
SOC_ger7_1380710,SOC,ger7,1380710,Røveri (via 1380),Røveri (via 1380),,CSV:SOC_ger7_hierarchical,medium,danish,SOC_ger7_1380,detail
SOC_ger7_1316545,SOC,ger7,1316545,"Indbr. i bank., forretn. mv. (via 1316)","Indbr. i bank., forretn. mv. (via 1316)",,CSV:SOC_ger7_hierarchical,medium,danish,SOC_ger7_1316,detail
SOC_ger7_3835540,SOC,ger7,3835540,Love vedr. arb. transport mv. (via 3835),Love vedr. arb. transport mv. (via 3835),,CSV:SOC_ger7_hierarchical,medium,danish,SOC_ger7_3835,detail
SOC_ger7_2220065,SOC,ger7,2220065,Spiritus- og promillekørsel (via 2220),Spiritus- og promillekørsel (via 2220),,CSV:SOC_ger7_hierarchical,medium,danish,SOC_ger7_2220,detail
SOC_ger7_1384510,SOC,ger7,1384510,Grov skattesvig mv. (via 1384),Grov skattesvig mv. (via 1384),,CSV:SOC_ger7_hierarchical,medium,danish,SOC_ger7_1384,detail
SOC_ger7_1410714,SOC,ger7,1410714,Forbr. mod off. myndighed mv. (via 1410),Forbr. mod off. myndighed mv. (via 1410),,CSV:SOC_ger7_hierarchical,medium,danish,SOC_ger7_1410,detail
SOC_ger7_1320710,SOC,ger7,1320710,Indbr. i beboelser (via 1320),Indbr. i beboelser (via 1320),,CSV:SOC_ger7_hierarchical,medium,danish,SOC_ger7_1320,detail
SOC_ger7_1390525,SOC,ger7,1390525,Hærværk (via 1390),Hærværk (via 1390),,CSV:SOC_ger7_hierarchical,medium,danish,SOC_ger7_1390,detail
SOC_ger7_1289505,SOC,ger7,1289505,Forbr. mod den pers. frihed (via 1289),Forbr. mod den pers. frihed (via 1289),,CSV:SOC_ger7_hierarchical,medium,danish,SOC_ger7_1289,detail
SOC_ger7_1398563,SOC,ger7,1398563,Berig.forbr. og formuekrænk. (via 1398),Berig.forbr. og formuekrænk. (via 1398),,CSV:SOC_ger7_hierarchical,medium,danish,SOC_ger7_1398,detail
SOC_ger7_3835714,SOC,ger7,3835714,Love vedr. arb. transport mv. (via 3835),Love vedr. arb. transport mv. (via 3835),,CSV:SOC_ger7_hierarchical,medium,danish,SOC_ger7_3835,detail
SOC_ger7_3830720,SOC,ger7,3830720,"Love vedr. dyr, jagt mv. (via 3830)","Love vedr. dyr, jagt mv. (via 3830)",,CSV:SOC_ger7_hierarchical,medium,danish,SOC_ger7_3830,detail
SOC_ger7_1398510,SOC,ger7,1398510,Berig.forbr. og formuekrænk. (via 1398),Berig.forbr. og formuekrænk. (via 1398),,CSV:SOC_ger7_hierarchical,medium,danish,SOC_ger7_1398,detail
SOC_ger7_1332325,SOC,ger7,1332325,Butikstyverier mv. (via 1332),Butikstyverier mv. (via 1332),,CSV:SOC_ger7_hierarchical,medium,danish,SOC_ger7_1332,detail
SOC_ger7_1210508,SOC,ger7,1210508,Vold o.l. mod off. myndighed (via 1210),Vold o.l. mod off. myndighed (via 1210),,CSV:SOC_ger7_hierarchical,medium,danish,SOC_ger7_1210,detail
SOC_ger7_1255705,SOC,ger7,1255705,Alvorligere vold (via 1255),Alvorligere vold (via 1255),,CSV:SOC_ger7_hierarchical,medium,danish,SOC_ger7_1255,detail
SOC_ger7_1316815,SOC,ger7,1316815,"Indbr. i bank., forretn. mv. (via 1316)","Indbr. i bank., forretn. mv. (via 1316)",,CSV:SOC_ger7_hierarchical,medium,danish,SOC_ger7_1316,detail
SOC_ger7_1339705,SOC,ger7,1339705,Tyv./brugstyv. af indr.køretøj (via 1339),Tyv./brugstyv. af indr.køretøj (via 1339),,CSV:SOC_ger7_hierarchical,medium,danish,SOC_ger7_1339,detail
SOC_ger7_2610167,SOC,ger7,2610167,Færdselslovsovertræd. i øvrigt (via 2610),Færdselslovsovertræd. i øvrigt (via 2610),,CSV:SOC_ger7_hierarchical,medium,danish,SOC_ger7_2610,detail
SOC_ger7_1324000,SOC,ger7,1324000,Indbr. i ubeboede bebyggelser (via 1324),Indbr. i ubeboede bebyggelser (via 1324),,CSV:SOC_ger7_hierarchical,medium,danish,SOC_ger7_1324,detail
SOC_ger7_3845710,SOC,ger7,3845710,Love vedr. forsvaret og lign. (via 3845),Love vedr. forsvaret og lign. (via 3845),,CSV:SOC_ger7_hierarchical,medium,danish,SOC_ger7_3845,detail
SOC_ger7_1120000,SOC,ger7,1120000,Voldtægt mv. (via 1120),Voldtægt mv. (via 1120),,CSV:SOC_ger7_hierarchical,medium,danish,SOC_ger7_1120,detail
SOC_ger7_1140507,SOC,ger7,1140507,Heteroseksuelle sædelighedsforbrydelser i øvrigt (via 1140),Heteroseksuelle sædelighedsforbrydelser i øvrigt (via 1140),,CSV:SOC_ger7_hierarchical,medium,danish,SOC_ger7_1140,detail
SOC_ger7_1176000,SOC,ger7,1176000,Blufærdighedskr. i øvrigt (via 1176),Blufærdighedskr. i øvrigt (via 1176),,CSV:SOC_ger7_hierarchical,medium,danish,SOC_ger7_1176,detail
SOC_ger7_1425525,SOC,ger7,1425525,Falsk forklaring i øvrigt (via 1425),Falsk forklaring i øvrigt (via 1425),,CSV:SOC_ger7_hierarchical,medium,danish,SOC_ger7_1425,detail
SOC_ger7_1410505,SOC,ger7,1410505,Forbr. mod off. myndighed mv. (via 1410),Forbr. mod off. myndighed mv. (via 1410),,CSV:SOC_ger7_hierarchical,medium,danish,SOC_ger7_1410,detail
SOC_ger7_3810915,SOC,ger7,3810915,Andre strafferetlige særlove (via 3810),Andre strafferetlige særlove (via 3810),,CSV:SOC_ger7_hierarchical,medium,danish,SOC_ger7_3810,detail
SOC_ger7_1176610,SOC,ger7,1176610,Blufærdighedskr. i øvrigt (via 1176),Blufærdighedskr. i øvrigt (via 1176),,CSV:SOC_ger7_hierarchical,medium,danish,SOC_ger7_1176,detail
SOC_ger7_1460000,SOC,ger7,1460000,Uagts. manddr. mv.v/færd.uheld (via 1460),Uagts. manddr. mv.v/færd.uheld (via 1460),,CSV:SOC_ger7_hierarchical,medium,danish,SOC_ger7_1460,detail
SOC_ger7_1174000,SOC,ger7,1174000,Blufærdighedskr. v/blotteri (via 1174),Blufærdighedskr. v/blotteri (via 1174),,CSV:SOC_ger7_hierarchical,medium,danish,SOC_ger7_1174,detail
SOC_ger7_1312000,SOC,ger7,1312000,Brandstiftelse (via 1312),Brandstiftelse (via 1312),,CSV:SOC_ger7_hierarchical,medium,danish,SOC_ger7_1312,detail
SOC_ger7_1174005,SOC,ger7,1174005,Blufærdighedskr. v/blotteri (via 1174),Blufærdighedskr. v/blotteri (via 1174),,CSV:SOC_ger7_hierarchical,medium,danish,SOC_ger7_1174,detail
SOC_ger7_1376508,SOC,ger7,1376508,Hæleri (via 1376),Hæleri (via 1376),,CSV:SOC_ger7_hierarchical,medium,danish,SOC_ger7_1376,detail
SOC_ger7_2610076,SOC,ger7,2610076,Færdselslovsovertræd. i øvrigt (via 2610),Færdselslovsovertræd. i øvrigt (via 2610),,CSV:SOC_ger7_hierarchical,medium,danish,SOC_ger7_2610,detail
SOC_ger7_1348510,SOC,ger7,1348510,Tyv./brugstyv. af andet (via 1348),Tyv./brugstyv. af andet (via 1348),,CSV:SOC_ger7_hierarchical,medium,danish,SOC_ger7_1348,detail
SOC_ger7_2210006,SOC,ger7,2210006,Færdselsuheld med spiritus (via 2210),Færdselsuheld med spiritus (via 2210),,CSV:SOC_ger7_hierarchical,medium,danish,SOC_ger7_2210,detail
SOC_ger7_3835510,SOC,ger7,3835510,Love vedr. arb. transport mv. (via 3835),Love vedr. arb. transport mv. (via 3835),,CSV:SOC_ger7_hierarchical,medium,danish,SOC_ger7_3835,detail
SOC_ger7_1339706,SOC,ger7,1339706,Tyv./brugstyv. af indr.køretøj (via 1339),Tyv./brugstyv. af indr.køretøj (via 1339),,CSV:SOC_ger7_hierarchical,medium,danish,SOC_ger7_1339,detail
SOC_ger7_1320000,SOC,ger7,1320000,Indbr. i beboelser (via 1320),Indbr. i beboelser (via 1320),,CSV:SOC_ger7_hierarchical,medium,danish,SOC_ger7_1320,detail
SOC_ger7_3835575,SOC,ger7,3835575,Love vedr. arb. transport mv. (via 3835),Love vedr. arb. transport mv. (via 3835),,CSV:SOC_ger7_hierarchical,medium,danish,SOC_ger7_3835,detail
SOC_ger7_2610121,SOC,ger7,2610121,Færdselslovsovertræd. i øvrigt (via 2610),Færdselslovsovertræd. i øvrigt (via 2610),,CSV:SOC_ger7_hierarchical,medium,danish,SOC_ger7_2610,detail
SOC_ger7_1316620,SOC,ger7,1316620,"Indbr. i bank., forretn. mv. (via 1316)","Indbr. i bank., forretn. mv. (via 1316)",,CSV:SOC_ger7_hierarchical,medium,danish,SOC_ger7_1316,detail
SOC_ger7_1312705,SOC,ger7,1312705,Brandstiftelse (via 1312),Brandstiftelse (via 1312),,CSV:SOC_ger7_hierarchical,medium,danish,SOC_ger7_1312,detail
SOC_ger7_1316405,SOC,ger7,1316405,"Indbr. i bank., forretn. mv. (via 1316)","Indbr. i bank., forretn. mv. (via 1316)",,CSV:SOC_ger7_hierarchical,medium,danish,SOC_ger7_1316,detail
SOC_ger7_3855330,SOC,ger7,3855330,"Love vedr. spil, bev., næring (via 3855)","Love vedr. spil, bev., næring (via 3855)",,CSV:SOC_ger7_hierarchical,medium,danish,SOC_ger7_3855,detail
SOC_ger7_1410717,SOC,ger7,1410717,Forbr. mod off. myndighed mv. (via 1410),Forbr. mod off. myndighed mv. (via 1410),,CSV:SOC_ger7_hierarchical,medium,danish,SOC_ger7_1410,detail
SOC_ger7_1140530,SOC,ger7,1140530,Heteroseksuelle sædelighedsforbrydelser i øvrigt (via 1140),Heteroseksuelle sædelighedsforbrydelser i øvrigt (via 1140),,CSV:SOC_ger7_hierarchical,medium,danish,SOC_ger7_1140,detail
SOC_ger7_1140520,SOC,ger7,1140520,Heteroseksuelle sædelighedsforbrydelser i øvrigt (via 1140),Heteroseksuelle sædelighedsforbrydelser i øvrigt (via 1140),,CSV:SOC_ger7_hierarchical,medium,danish,SOC_ger7_1140,detail
SOC_ger7_1316715,SOC,ger7,1316715,"Indbr. i bank., forretn. mv. (via 1316)","Indbr. i bank., forretn. mv. (via 1316)",,CSV:SOC_ger7_hierarchical,medium,danish,SOC_ger7_1316,detail
SOC_ger7_1342505,SOC,ger7,1342505,Tyv./brugstyv. af knallert (via 1342),Tyv./brugstyv. af knallert (via 1342),,CSV:SOC_ger7_hierarchical,medium,danish,SOC_ger7_1342,detail
SOC_ger7_1339000,SOC,ger7,1339000,Tyv./brugstyv. af indr.køretøj (via 1339),Tyv./brugstyv. af indr.køretøj (via 1339),,CSV:SOC_ger7_hierarchical,medium,danish,SOC_ger7_1339,detail
SOC_ger7_3810517,SOC,ger7,3810517,Andre strafferetlige særlove (via 3810),Andre strafferetlige særlove (via 3810),,CSV:SOC_ger7_hierarchical,medium,danish,SOC_ger7_3810,detail
SOC_ger7_1430720,SOC,ger7,1430720,Forbr. vedr. penge og bevism. (via 1430),Forbr. vedr. penge og bevism. (via 1430),,CSV:SOC_ger7_hierarchical,medium,danish,SOC_ger7_1430,detail
SOC_ger7_1131505,SOC,ger7,1131505,Seksualforbrydelse mod barn under 12 år (via 1131),Seksualforbrydelse mod barn under 12 år (via 1131),,CSV:SOC_ger7_hierarchical,medium,danish,SOC_ger7_1131,detail
SOC_ger7_1380000,SOC,ger7,1380000,Røveri (via 1380),Røveri (via 1380),,CSV:SOC_ger7_hierarchical,medium,danish,SOC_ger7_1380,detail
SOC_ger7_1440000,SOC,ger7,1440000,Smugling mv. af narkotika (via 1440),Smugling mv. af narkotika (via 1440),,CSV:SOC_ger7_hierarchical,medium,danish,SOC_ger7_1440,detail
SOC_ger7_1316325,SOC,ger7,1316325,"Indbr. i bank., forretn. mv. (via 1316)","Indbr. i bank., forretn. mv. (via 1316)",,CSV:SOC_ger7_hierarchical,medium,danish,SOC_ger7_1316,detail
SOC_ger7_1410367,SOC,ger7,1410367,Forbr. mod off. myndighed mv. (via 1410),Forbr. mod off. myndighed mv. (via 1410),,CSV:SOC_ger7_hierarchical,medium,danish,SOC_ger7_1410,detail
SOC_ger7_2220067,SOC,ger7,2220067,Spiritus- og promillekørsel (via 2220),Spiritus- og promillekørsel (via 2220),,CSV:SOC_ger7_hierarchical,medium,danish,SOC_ger7_2220,detail
SOC_ger7_1339523,SOC,ger7,1339523,Tyv./brugstyv. af indr.køretøj (via 1339),Tyv./brugstyv. af indr.køretøj (via 1339),,CSV:SOC_ger7_hierarchical,medium,danish,SOC_ger7_1339,detail
SOC_ger7_3835,SOC,ger7,3835,Love vedr. arb. transport mv.,Love vedr. arb. transport mv.,,CSV:SOC_ger7,medium,danish,SOC_ger7_383,subgroup
SOC_ger7_1420000,SOC,ger7,1420000,Falsk forklaring for retten (via 1420),Falsk forklaring for retten (via 1420),,CSV:SOC_ger7_hierarchical,medium,danish,SOC_ger7_1420,detail
SOC_ger7_1131000,SOC,ger7,1131000,Seksualforbrydelse mod barn under 12 år (via 1131),Seksualforbrydelse mod barn under 12 år (via 1131),,CSV:SOC_ger7_hierarchical,medium,danish,SOC_ger7_1131,detail
SOC_ger7_1176410,SOC,ger7,1176410,Blufærdighedskr. i øvrigt (via 1176),Blufærdighedskr. i øvrigt (via 1176),,CSV:SOC_ger7_hierarchical,medium,danish,SOC_ger7_1176,detail
SOC_ger7_1141505,SOC,ger7,1141505,Seksualforbrydelse mod barn under 15 år (via 1141),Seksualforbrydelse mod barn under 15 år (via 1141),,CSV:SOC_ger7_hierarchical,medium,danish,SOC_ger7_1141,detail
SOC_ger7_1430715,SOC,ger7,1430715,Forbr. vedr. penge og bevism. (via 1430),Forbr. vedr. penge og bevism. (via 1430),,CSV:SOC_ger7_hierarchical,medium,danish,SOC_ger7_1430,detail
SOC_ger7_3815565,SOC,ger7,3815565,Sundheds- og sociallove (via 3815),Sundheds- og sociallove (via 3815),,CSV:SOC_ger7_hierarchical,medium,danish,SOC_ger7_3815,detail
SOC_ger7_1336576,SOC,ger7,1336576,Andre tyverier (via 1336),Andre tyverier (via 1336),,CSV:SOC_ger7_hierarchical,medium,danish,SOC_ger7_1336,detail
SOC_ger7_1316000,SOC,ger7,1316000,"Indbr. i bank., forretn. mv. (via 1316)","Indbr. i bank., forretn. mv. (via 1316)",,CSV:SOC_ger7_hierarchical,medium,danish,SOC_ger7_1316,detail
SOC_ger7_1410751,SOC,ger7,1410751,Forbr. mod off. myndighed mv. (via 1410),Forbr. mod off. myndighed mv. (via 1410),,CSV:SOC_ger7_hierarchical,medium,danish,SOC_ger7_1410,detail
SOC_ger7_3810786,SOC,ger7,3810786,Andre strafferetlige særlove (via 3810),Andre strafferetlige særlove (via 3810),,CSV:SOC_ger7_hierarchical,medium,danish,SOC_ger7_3810,detail
SOC_ger7_1336516,SOC,ger7,1336516,Andre tyverier (via 1336),Andre tyverier (via 1336),,CSV:SOC_ger7_hierarchical,medium,danish,SOC_ger7_1336,detail
SOC_ger7_1220000,SOC,ger7,1220000,Opløb/forstyr. af off. orden (via 1220),Opløb/forstyr. af off. orden (via 1220),,CSV:SOC_ger7_hierarchical,medium,danish,SOC_ger7_1220,detail
SOC_ger7_3810705,SOC,ger7,3810705,Andre strafferetlige særlove (via 3810),Andre strafferetlige særlove (via 3810),,CSV:SOC_ger7_hierarchical,medium,danish,SOC_ger7_3810,detail
SOC_ger7_1336575,SOC,ger7,1336575,Andre tyverier (via 1336),Andre tyverier (via 1336),,CSV:SOC_ger7_hierarchical,medium,danish,SOC_ger7_1336,detail
SOC_ger7_3850000,SOC,ger7,3850000,Love vedr. off. forsyninger (via 3850),Love vedr. off. forsyninger (via 3850),,CSV:SOC_ger7_hierarchical,medium,danish,SOC_ger7_3850,detail
SOC_ger7_3810716,SOC,ger7,3810716,Andre strafferetlige særlove (via 3810),Andre strafferetlige særlove (via 3810),,CSV:SOC_ger7_hierarchical,medium,danish,SOC_ger7_3810,detail
SOC_ger7_1316510,SOC,ger7,1316510,"Indbr. i bank., forretn. mv. (via 1316)","Indbr. i bank., forretn. mv. (via 1316)",,CSV:SOC_ger7_hierarchical,medium,danish,SOC_ger7_1316,detail
SOC_ger7_3810720,SOC,ger7,3810720,Andre strafferetlige særlove (via 3810),Andre strafferetlige særlove (via 3810),,CSV:SOC_ger7_hierarchical,medium,danish,SOC_ger7_3810,detail
SOC_ger7_1380911,SOC,ger7,1380911,Røveri (via 1380),Røveri (via 1380),,CSV:SOC_ger7_hierarchical,medium,danish,SOC_ger7_1380,detail
SOC_ger7_3610505,SOC,ger7,3610505,Skatte og afgiftslove mv. (via 3610),Skatte og afgiftslove mv. (via 3610),,CSV:SOC_ger7_hierarchical,medium,danish,SOC_ger7_3610,detail
SOC_ger7_1410760,SOC,ger7,1410760,Forbr. mod off. myndighed mv. (via 1410),Forbr. mod off. myndighed mv. (via 1410),,CSV:SOC_ger7_hierarchical,medium,danish,SOC_ger7_1410,detail
SOC_ger7_3815535,SOC,ger7,3815535,Sundheds- og sociallove (via 3815),Sundheds- og sociallove (via 3815),,CSV:SOC_ger7_hierarchical,medium,danish,SOC_ger7_3815,detail
SOC_ger7_1140,SOC,ger7,1140,Heteroseksuelle sædelighedsforbrydelser i øvrigt,Heteroseksuelle sædelighedsforbrydelser i øvrigt,,CSV:SOC_ger7,medium,danish,SOC_ger7_114,subgroup
SOC_ger7_3825730,SOC,ger7,3825730,Miljølove (via 3825),Miljølove (via 3825),,CSV:SOC_ger7_hierarchical,medium,danish,SOC_ger7_3825,detail
SOC_ger7_3835535,SOC,ger7,3835535,Love vedr. arb. transport mv. (via 3835),Love vedr. arb. transport mv. (via 3835),,CSV:SOC_ger7_hierarchical,medium,danish,SOC_ger7_3835,detail
SOC_ger7_2210073,SOC,ger7,2210073,Færdselsuheld med spiritus (via 2210),Færdselsuheld med spiritus (via 2210),,CSV:SOC_ger7_hierarchical,medium,danish,SOC_ger7_2210,detail
SOC_ger7_3610405,SOC,ger7,3610405,Skatte og afgiftslove mv. (via 3610),Skatte og afgiftslove mv. (via 3610),,CSV:SOC_ger7_hierarchical,medium,danish,SOC_ger7_3610,detail
SOC_ger7_3830710,SOC,ger7,3830710,"Love vedr. dyr, jagt mv. (via 3830)","Love vedr. dyr, jagt mv. (via 3830)",,CSV:SOC_ger7_hierarchical,medium,danish,SOC_ger7_3830,detail
SOC_ger7_1258305,SOC,ger7,1258305,Særlig alvorlig vold (via 1258),Særlig alvorlig vold (via 1258),,CSV:SOC_ger7_hierarchical,medium,danish,SOC_ger7_1258,detail
SOC_ger7_1445000,SOC,ger7,1445000,Almenskadelige forbr. mv. (via 1445),Almenskadelige forbr. mv. (via 1445),,CSV:SOC_ger7_hierarchical,medium,danish,SOC_ger7_1445,detail
SOC_ger7_1180546,SOC,ger7,1180546,Utugt mv. (via 1180),Utugt mv. (via 1180),,CSV:SOC_ger7_hierarchical,medium,danish,SOC_ger7_1180,detail
SOC_ger7_2220030,SOC,ger7,2220030,Spiritus- og promillekørsel (via 2220),Spiritus- og promillekørsel (via 2220),,CSV:SOC_ger7_hierarchical,medium,danish,SOC_ger7_2220,detail
SOC_ger7_1336566,SOC,ger7,1336566,Andre tyverier (via 1336),Andre tyverier (via 1336),,CSV:SOC_ger7_hierarchical,medium,danish,SOC_ger7_1336,detail
SOC_ger7_3810205,SOC,ger7,3810205,Andre strafferetlige særlove (via 3810),Andre strafferetlige særlove (via 3810),,CSV:SOC_ger7_hierarchical,medium,danish,SOC_ger7_3810,detail
SOC_ger7_1485330,SOC,ger7,1485330,Freds- og ærekrænkelser (via 1485),Freds- og ærekrænkelser (via 1485),,CSV:SOC_ger7_hierarchical,medium,danish,SOC_ger7_1485,detail
SOC_ger7_1176405,SOC,ger7,1176405,Blufærdighedskr. i øvrigt (via 1176),Blufærdighedskr. i øvrigt (via 1176),,CSV:SOC_ger7_hierarchical,medium,danish,SOC_ger7_1176,detail
SOC_ger7_1435705,SOC,ger7,1435705,Salg af narkotika mv. (via 1435),Salg af narkotika mv. (via 1435),,CSV:SOC_ger7_hierarchical,medium,danish,SOC_ger7_1435,detail
SOC_ger7_2210020,SOC,ger7,2210020,Færdselsuheld med spiritus (via 2210),Færdselsuheld med spiritus (via 2210),,CSV:SOC_ger7_hierarchical,medium,danish,SOC_ger7_2210,detail
SOC_ger7_1384000,SOC,ger7,1384000,Grov skattesvig mv. (via 1384),Grov skattesvig mv. (via 1384),,CSV:SOC_ger7_hierarchical,medium,danish,SOC_ger7_1384,detail
SOC_ger7_3835719,SOC,ger7,3835719,Love vedr. arb. transport mv. (via 3835),Love vedr. arb. transport mv. (via 3835),,CSV:SOC_ger7_hierarchical,medium,danish,SOC_ger7_3835,detail
SOC_ger7_3810766,SOC,ger7,3810766,Andre strafferetlige særlove (via 3810),Andre strafferetlige særlove (via 3810),,CSV:SOC_ger7_hierarchical,medium,danish,SOC_ger7_3810,detail
SOC_ger7_3830709,SOC,ger7,3830709,"Love vedr. dyr, jagt mv. (via 3830)","Love vedr. dyr, jagt mv. (via 3830)",,CSV:SOC_ger7_hierarchical,medium,danish,SOC_ger7_3830,detail
SOC_ger7_2210076,SOC,ger7,2210076,Færdselsuheld med spiritus (via 2210),Færdselsuheld med spiritus (via 2210),,CSV:SOC_ger7_hierarchical,medium,danish,SOC_ger7_2210,detail
SOC_ger7_1176805,SOC,ger7,1176805,Blufærdighedskr. i øvrigt (via 1176),Blufærdighedskr. i øvrigt (via 1176),,CSV:SOC_ger7_hierarchical,medium,danish,SOC_ger7_1176,detail
SOC_ger7_2610089,SOC,ger7,2610089,Færdselslovsovertræd. i øvrigt (via 2610),Færdselslovsovertræd. i øvrigt (via 2610),,CSV:SOC_ger7_hierarchical,medium,danish,SOC_ger7_2610,detail
SOC_ger7_3825615,SOC,ger7,3825615,Miljølove (via 3825),Miljølove (via 3825),,CSV:SOC_ger7_hierarchical,medium,danish,SOC_ger7_3825,detail
SOC_ger7_3835713,SOC,ger7,3835713,Love vedr. arb. transport mv. (via 3835),Love vedr. arb. transport mv. (via 3835),,CSV:SOC_ger7_hierarchical,medium,danish,SOC_ger7_3835,detail
SOC_ger7_3825718,SOC,ger7,3825718,Miljølove (via 3825),Miljølove (via 3825),,CSV:SOC_ger7_hierarchical,medium,danish,SOC_ger7_3825,detail
SOC_ger7_2220026,SOC,ger7,2220026,Spiritus- og promillekørsel (via 2220),Spiritus- og promillekørsel (via 2220),,CSV:SOC_ger7_hierarchical,medium,danish,SOC_ger7_2220,detail
SOC_ger7_2220050,SOC,ger7,2220050,Spiritus- og promillekørsel (via 2220),Spiritus- og promillekørsel (via 2220),,CSV:SOC_ger7_hierarchical,medium,danish,SOC_ger7_2220,detail
SOC_ger7_2610042,SOC,ger7,2610042,Færdselslovsovertræd. i øvrigt (via 2610),Færdselslovsovertræd. i øvrigt (via 2610),,CSV:SOC_ger7_hierarchical,medium,danish,SOC_ger7_2610,detail
SOC_ger7_2610069,SOC,ger7,2610069,Færdselslovsovertræd. i øvrigt (via 2610),Færdselslovsovertræd. i øvrigt (via 2610),,CSV:SOC_ger7_hierarchical,medium,danish,SOC_ger7_2610,detail
SOC_ger7_1475505,SOC,ger7,1475505,Tilhold (via 1475),Tilhold (via 1475),,CSV:SOC_ger7_hierarchical,medium,danish,SOC_ger7_1475,detail
SOC_ger7_1410739,SOC,ger7,1410739,Forbr. mod off. myndighed mv. (via 1410),Forbr. mod off. myndighed mv. (via 1410),,CSV:SOC_ger7_hierarchical,medium,danish,SOC_ger7_1410,detail
SOC_ger7_1328725,SOC,ger7,1328725,"Tyveri fra bil, båd mv. (via 1328)","Tyveri fra bil, båd mv. (via 1328)",,CSV:SOC_ger7_hierarchical,medium,danish,SOC_ger7_1328,detail
SOC_ger7_3610905,SOC,ger7,3610905,Skatte og afgiftslove mv. (via 3610),Skatte og afgiftslove mv. (via 3610),,CSV:SOC_ger7_hierarchical,medium,danish,SOC_ger7_3610,detail
SOC_ger7_3820505,SOC,ger7,3820505,Bygge- og boliglove (via 3820),Bygge- og boliglove (via 3820),,CSV:SOC_ger7_hierarchical,medium,danish,SOC_ger7_3820,detail
SOC_ger7_1316110,SOC,ger7,1316110,"Indbr. i bank., forretn. mv. (via 1316)","Indbr. i bank., forretn. mv. (via 1316)",,CSV:SOC_ger7_hierarchical,medium,danish,SOC_ger7_1316,detail
SOC_ger7_1304705,SOC,ger7,1304705,Dokumentfalsk (via 1304),Dokumentfalsk (via 1304),,CSV:SOC_ger7_hierarchical,medium,danish,SOC_ger7_1304,detail
SOC_ger7_1366705,SOC,ger7,1366705,Afpresning og åger (via 1366),Afpresning og åger (via 1366),,CSV:SOC_ger7_hierarchical,medium,danish,SOC_ger7_1366,detail
SOC_ger7_1363000,SOC,ger7,1363000,Mandatsvig (via 1363),Mandatsvig (via 1363),,CSV:SOC_ger7_hierarchical,medium,danish,SOC_ger7_1363,detail
SOC_ger7_1110525,SOC,ger7,1110525,Blodskam mv. (via 1110),Blodskam mv. (via 1110),,CSV:SOC_ger7_hierarchical,medium,danish,SOC_ger7_1110,detail
SOC_ger7_2210016,SOC,ger7,2210016,Færdselsuheld med spiritus (via 2210),Færdselsuheld med spiritus (via 2210),,CSV:SOC_ger7_hierarchical,medium,danish,SOC_ger7_2210,detail
SOC_ger7_2610111,SOC,ger7,2610111,Færdselslovsovertræd. i øvrigt (via 2610),Færdselslovsovertræd. i øvrigt (via 2610),,CSV:SOC_ger7_hierarchical,medium,danish,SOC_ger7_2610,detail
SOC_ger7_3855505,SOC,ger7,3855505,"Love vedr. spil, bev., næring (via 3855)","Love vedr. spil, bev., næring (via 3855)",,CSV:SOC_ger7_hierarchical,medium,danish,SOC_ger7_3855,detail
SOC_ger7_2210082,SOC,ger7,2210082,Færdselsuheld med spiritus (via 2210),Færdselsuheld med spiritus (via 2210),,CSV:SOC_ger7_hierarchical,medium,danish,SOC_ger7_2210,detail
SOC_ger7_1339526,SOC,ger7,1339526,Tyv./brugstyv. af indr.køretøj (via 1339),Tyv./brugstyv. af indr.køretøj (via 1339),,CSV:SOC_ger7_hierarchical,medium,danish,SOC_ger7_1339,detail
SOC_ger7_1160505,SOC,ger7,1160505,Homosek. sæd.forbr. i øvrigt (via 1160),Homosek. sæd.forbr. i øvrigt (via 1160),,CSV:SOC_ger7_hierarchical,medium,danish,SOC_ger7_1160,detail
SOC_ger7_3810,SOC,ger7,3810,Andre strafferetlige særlove,Andre strafferetlige særlove,,CSV:SOC_ger7,medium,danish,SOC_ger7_381,subgroup
SOC_ger7_2610051,SOC,ger7,2610051,Færdselslovsovertræd. i øvrigt (via 2610),Færdselslovsovertræd. i øvrigt (via 2610),,CSV:SOC_ger7_hierarchical,medium,danish,SOC_ger7_2610,detail
SOC_ger7_1348525,SOC,ger7,1348525,Tyv./brugstyv. af andet (via 1348),Tyv./brugstyv. af andet (via 1348),,CSV:SOC_ger7_hierarchical,medium,danish,SOC_ger7_1348,detail
SOC_ger7_3815515,SOC,ger7,3815515,Sundheds- og sociallove (via 3815),Sundheds- og sociallove (via 3815),,CSV:SOC_ger7_hierarchical,medium,danish,SOC_ger7_3815,detail
SOC_ger7_1380310,SOC,ger7,1380310,Røveri (via 1380),Røveri (via 1380),,CSV:SOC_ger7_hierarchical,medium,danish,SOC_ger7_1380,detail
SOC_ger7_3830536,SOC,ger7,3830536,"Love vedr. dyr, jagt mv. (via 3830)","Love vedr. dyr, jagt mv. (via 3830)",,CSV:SOC_ger7_hierarchical,medium,danish,SOC_ger7_3830,detail
SOC_ger7_1430310,SOC,ger7,1430310,Forbr. vedr. penge og bevism. (via 1430),Forbr. vedr. penge og bevism. (via 1430),,CSV:SOC_ger7_hierarchical,medium,danish,SOC_ger7_1430,detail
SOC_ger7_1336532,SOC,ger7,1336532,Andre tyverier (via 1336),Andre tyverier (via 1336),,CSV:SOC_ger7_hierarchical,medium,danish,SOC_ger7_1336,detail
SOC_ger7_2610030,SOC,ger7,2610030,Færdselslovsovertræd. i øvrigt (via 2610),Færdselslovsovertræd. i øvrigt (via 2610),,CSV:SOC_ger7_hierarchical,medium,danish,SOC_ger7_2610,detail
SOC_ger7_3810210,SOC,ger7,3810210,Andre strafferetlige særlove (via 3810),Andre strafferetlige særlove (via 3810),,CSV:SOC_ger7_hierarchical,medium,danish,SOC_ger7_3810,detail
SOC_ger7_1210506,SOC,ger7,1210506,Vold o.l. mod off. myndighed (via 1210),Vold o.l. mod off. myndighed (via 1210),,CSV:SOC_ger7_hierarchical,medium,danish,SOC_ger7_1210,detail
SOC_ger7_3840570,SOC,ger7,3840570,Selskabs- og firmalovgiv. mv. (via 3840),Selskabs- og firmalovgiv. mv. (via 3840),,CSV:SOC_ger7_hierarchical,medium,danish,SOC_ger7_3840,detail
SOC_ger7_1180505,SOC,ger7,1180505,Utugt mv. (via 1180),Utugt mv. (via 1180),,CSV:SOC_ger7_hierarchical,medium,danish,SOC_ger7_1180,detail
SOC_ger7_1336513,SOC,ger7,1336513,Andre tyverier (via 1336),Andre tyverier (via 1336),,CSV:SOC_ger7_hierarchical,medium,danish,SOC_ger7_1336,detail
SOC_ger7_1339525,SOC,ger7,1339525,Tyv./brugstyv. af indr.køretøj (via 1339),Tyv./brugstyv. af indr.køretøj (via 1339),,CSV:SOC_ger7_hierarchical,medium,danish,SOC_ger7_1339,detail
SOC_ger7_3610730,SOC,ger7,3610730,Skatte og afgiftslove mv. (via 3610),Skatte og afgiftslove mv. (via 3610),,CSV:SOC_ger7_hierarchical,medium,danish,SOC_ger7_3610,detail
SOC_ger7_2610021,SOC,ger7,2610021,Færdselslovsovertræd. i øvrigt (via 2610),Færdselslovsovertræd. i øvrigt (via 2610),,CSV:SOC_ger7_hierarchical,medium,danish,SOC_ger7_2610,detail
SOC_ger7_1372000,SOC,ger7,1372000,Skyldnersvig (via 1372),Skyldnersvig (via 1372),,CSV:SOC_ger7_hierarchical,medium,danish,SOC_ger7_1372,detail
SOC_ger7_3810745,SOC,ger7,3810745,Andre strafferetlige særlove (via 3810),Andre strafferetlige særlove (via 3810),,CSV:SOC_ger7_hierarchical,medium,danish,SOC_ger7_3810,detail
SOC_ger7_2610027,SOC,ger7,2610027,Færdselslovsovertræd. i øvrigt (via 2610),Færdselslovsovertræd. i øvrigt (via 2610),,CSV:SOC_ger7_hierarchical,medium,danish,SOC_ger7_2610,detail
SOC_ger7_1336574,SOC,ger7,1336574,Andre tyverier (via 1336),Andre tyverier (via 1336),,CSV:SOC_ger7_hierarchical,medium,danish,SOC_ger7_1336,detail
SOC_ger7_3815505,SOC,ger7,3815505,Sundheds- og sociallove (via 3815),Sundheds- og sociallove (via 3815),,CSV:SOC_ger7_hierarchical,medium,danish,SOC_ger7_3815,detail
SOC_ger7_2410,SOC,ger7,2410,Mangler ved køretøj,Mangler ved køretøj,,CSV:SOC_ger7,medium,danish,SOC_ger7_241,subgroup
SOC_ger7_1289000,SOC,ger7,1289000,Forbr. mod den pers. frihed (via 1289),Forbr. mod den pers. frihed (via 1289),,CSV:SOC_ger7_hierarchical,medium,danish,SOC_ger7_1289,detail
SOC_ger7_1140535,SOC,ger7,1140535,Heteroseksuelle sædelighedsforbrydelser i øvrigt (via 1140),Heteroseksuelle sædelighedsforbrydelser i øvrigt (via 1140),,CSV:SOC_ger7_hierarchical,medium,danish,SOC_ger7_1140,detail
SOC_ger7_1140510,SOC,ger7,1140510,Heteroseksuelle sædelighedsforbrydelser i øvrigt (via 1140),Heteroseksuelle sædelighedsforbrydelser i øvrigt (via 1140),,CSV:SOC_ger7_hierarchical,medium,danish,SOC_ger7_1140,detail
SOC_ger7_1445781,SOC,ger7,1445781,Almenskadelige forbr. mv. (via 1445),Almenskadelige forbr. mv. (via 1445),,CSV:SOC_ger7_hierarchical,medium,danish,SOC_ger7_1445,detail
SOC_ger7_1332310,SOC,ger7,1332310,Butikstyverier mv. (via 1332),Butikstyverier mv. (via 1332),,CSV:SOC_ger7_hierarchical,medium,danish,SOC_ger7_1332,detail
SOC_ger7_1450530,SOC,ger7,1450530,Ulovligt erhverv mv. (via 1450),Ulovligt erhverv mv. (via 1450),,CSV:SOC_ger7_hierarchical,medium,danish,SOC_ger7_1450,detail
SOC_ger7_3820000,SOC,ger7,3820000,Bygge- og boliglove (via 3820),Bygge- og boliglove (via 3820),,CSV:SOC_ger7_hierarchical,medium,danish,SOC_ger7_3820,detail
SOC_ger7_1348505,SOC,ger7,1348505,Tyv./brugstyv. af andet (via 1348),Tyv./brugstyv. af andet (via 1348),,CSV:SOC_ger7_hierarchical,medium,danish,SOC_ger7_1348,detail
SOC_ger7_1485345,SOC,ger7,1485345,Freds- og ærekrænkelser (via 1485),Freds- og ærekrænkelser (via 1485),,CSV:SOC_ger7_hierarchical,medium,danish,SOC_ger7_1485,detail
SOC_ger7_1485705,SOC,ger7,1485705,Freds- og ærekrænkelser (via 1485),Freds- og ærekrænkelser (via 1485),,CSV:SOC_ger7_hierarchical,medium,danish,SOC_ger7_1485,detail
SOC_ger7_2210072,SOC,ger7,2210072,Færdselsuheld med spiritus (via 2210),Færdselsuheld med spiritus (via 2210),,CSV:SOC_ger7_hierarchical,medium,danish,SOC_ger7_2210,detail
SOC_ger7_2210040,SOC,ger7,2210040,Færdselsuheld med spiritus (via 2210),Færdselsuheld med spiritus (via 2210),,CSV:SOC_ger7_hierarchical,medium,danish,SOC_ger7_2210,detail
SOC_ger7_1324720,SOC,ger7,1324720,Indbr. i ubeboede bebyggelser (via 1324),Indbr. i ubeboede bebyggelser (via 1324),,CSV:SOC_ger7_hierarchical,medium,danish,SOC_ger7_1324,detail
SOC_ger7_1485505,SOC,ger7,1485505,Freds- og ærekrænkelser (via 1485),Freds- og ærekrænkelser (via 1485),,CSV:SOC_ger7_hierarchical,medium,danish,SOC_ger7_1485,detail
SOC_ger7_2610028,SOC,ger7,2610028,Færdselslovsovertræd. i øvrigt (via 2610),Færdselslovsovertræd. i øvrigt (via 2610),,CSV:SOC_ger7_hierarchical,medium,danish,SOC_ger7_2610,detail
SOC_ger7_1316605,SOC,ger7,1316605,"Indbr. i bank., forretn. mv. (via 1316)","Indbr. i bank., forretn. mv. (via 1316)",,CSV:SOC_ger7_hierarchical,medium,danish,SOC_ger7_1316,detail
SOC_ger7_1130505,SOC,ger7,1130505,Heterosek. sæd.f. børn u.12 år (via 1130),Heterosek. sæd.f. børn u.12 år (via 1130),,CSV:SOC_ger7_hierarchical,medium,danish,SOC_ger7_1130,detail
SOC_ger7_1110540,SOC,ger7,1110540,Blodskam mv. (via 1110),Blodskam mv. (via 1110),,CSV:SOC_ger7_hierarchical,medium,danish,SOC_ger7_1110,detail
SOC_ger7_1316820,SOC,ger7,1316820,"Indbr. i bank., forretn. mv. (via 1316)","Indbr. i bank., forretn. mv. (via 1316)",,CSV:SOC_ger7_hierarchical,medium,danish,SOC_ger7_1316,detail
SOC_ger7_1415000,SOC,ger7,1415000,Forbr. i off. tjeneste (via 1415),Forbr. i off. tjeneste (via 1415),,CSV:SOC_ger7_hierarchical,medium,danish,SOC_ger7_1415,detail
SOC_ger7_1430000,SOC,ger7,1430000,Forbr. vedr. penge og bevism. (via 1430),Forbr. vedr. penge og bevism. (via 1430),,CSV:SOC_ger7_hierarchical,medium,danish,SOC_ger7_1430,detail
SOC_ger7_1210520,SOC,ger7,1210520,Vold o.l. mod off. myndighed (via 1210),Vold o.l. mod off. myndighed (via 1210),,CSV:SOC_ger7_hierarchical,medium,danish,SOC_ger7_1210,detail
SOC_ger7_3825740,SOC,ger7,3825740,Miljølove (via 3825),Miljølove (via 3825),,CSV:SOC_ger7_hierarchical,medium,danish,SOC_ger7_3825,detail
SOC_ger7_2210028,SOC,ger7,2210028,Færdselsuheld med spiritus (via 2210),Færdselsuheld med spiritus (via 2210),,CSV:SOC_ger7_hierarchical,medium,danish,SOC_ger7_2210,detail
SOC_ger7_1435706,SOC,ger7,1435706,Salg af narkotika mv. (via 1435),Salg af narkotika mv. (via 1435),,CSV:SOC_ger7_hierarchical,medium,danish,SOC_ger7_1435,detail
SOC_ger7_1336558,SOC,ger7,1336558,Andre tyverier (via 1336),Andre tyverier (via 1336),,CSV:SOC_ger7_hierarchical,medium,danish,SOC_ger7_1336,detail
SOC_ger7_1258000,SOC,ger7,1258000,Særlig alvorlig vold (via 1258),Særlig alvorlig vold (via 1258),,CSV:SOC_ger7_hierarchical,medium,danish,SOC_ger7_1258,detail
SOC_ger7_1398540,SOC,ger7,1398540,Berig.forbr. og formuekrænk. (via 1398),Berig.forbr. og formuekrænk. (via 1398),,CSV:SOC_ger7_hierarchical,medium,danish,SOC_ger7_1398,detail
SOC_ger7_3835550,SOC,ger7,3835550,Love vedr. arb. transport mv. (via 3835),Love vedr. arb. transport mv. (via 3835),,CSV:SOC_ger7_hierarchical,medium,danish,SOC_ger7_3835,detail
SOC_ger7_1339535,SOC,ger7,1339535,Tyv./brugstyv. af indr.køretøj (via 1339),Tyv./brugstyv. af indr.køretøj (via 1339),,CSV:SOC_ger7_hierarchical,medium,danish,SOC_ger7_1339,detail
SOC_ger7_3835727,SOC,ger7,3835727,Love vedr. arb. transport mv. (via 3835),Love vedr. arb. transport mv. (via 3835),,CSV:SOC_ger7_hierarchical,medium,danish,SOC_ger7_3835,detail
SOC_ger7_1180540,SOC,ger7,1180540,Utugt mv. (via 1180),Utugt mv. (via 1180),,CSV:SOC_ger7_hierarchical,medium,danish,SOC_ger7_1180,detail
SOC_ger7_3810610,SOC,ger7,3810610,Andre strafferetlige særlove (via 3810),Andre strafferetlige særlove (via 3810),,CSV:SOC_ger7_hierarchical,medium,danish,SOC_ger7_3810,detail
SOC_ger7_1174010,SOC,ger7,1174010,Blufærdighedskr. v/blotteri (via 1174),Blufærdighedskr. v/blotteri (via 1174),,CSV:SOC_ger7_hierarchical,medium,danish,SOC_ger7_1174,detail
SOC_ger7_2610169,SOC,ger7,2610169,Færdselslovsovertræd. i øvrigt (via 2610),Færdselslovsovertræd. i øvrigt (via 2610),,CSV:SOC_ger7_hierarchical,medium,danish,SOC_ger7_2610,detail
SOC_ger7_3830524,SOC,ger7,3830524,"Love vedr. dyr, jagt mv. (via 3830)","Love vedr. dyr, jagt mv. (via 3830)",,CSV:SOC_ger7_hierarchical,medium,danish,SOC_ger7_3830,detail
SOC_ger7_1485405,SOC,ger7,1485405,Freds- og ærekrænkelser (via 1485),Freds- og ærekrænkelser (via 1485),,CSV:SOC_ger7_hierarchical,medium,danish,SOC_ger7_1485,detail
SOC_ger7_1445779,SOC,ger7,1445779,Almenskadelige forbr. mv. (via 1445),Almenskadelige forbr. mv. (via 1445),,CSV:SOC_ger7_hierarchical,medium,danish,SOC_ger7_1445,detail
SOC_ger7_1445778,SOC,ger7,1445778,Almenskadelige forbr. mv. (via 1445),Almenskadelige forbr. mv. (via 1445),,CSV:SOC_ger7_hierarchical,medium,danish,SOC_ger7_1445,detail
SOC_ger7_1120506,SOC,ger7,1120506,Voldtægt mv. (via 1120),Voldtægt mv. (via 1120),,CSV:SOC_ger7_hierarchical,medium,danish,SOC_ger7_1120,detail
SOC_ger7_1435506,SOC,ger7,1435506,Salg af narkotika mv. (via 1435),Salg af narkotika mv. (via 1435),,CSV:SOC_ger7_hierarchical,medium,danish,SOC_ger7_1435,detail
SOC_ger7_1410722,SOC,ger7,1410722,Forbr. mod off. myndighed mv. (via 1410),Forbr. mod off. myndighed mv. (via 1410),,CSV:SOC_ger7_hierarchical,medium,danish,SOC_ger7_1410,detail
SOC_ger7_1220515,SOC,ger7,1220515,Opløb/forstyr. af off. orden (via 1220),Opløb/forstyr. af off. orden (via 1220),,CSV:SOC_ger7_hierarchical,medium,danish,SOC_ger7_1220,detail
SOC_ger7_1160515,SOC,ger7,1160515,Homosek. sæd.forbr. i øvrigt (via 1160),Homosek. sæd.forbr. i øvrigt (via 1160),,CSV:SOC_ger7_hierarchical,medium,danish,SOC_ger7_1160,detail
SOC_ger7_1339524,SOC,ger7,1339524,Tyv./brugstyv. af indr.køretøj (via 1339),Tyv./brugstyv. af indr.køretøj (via 1339),,CSV:SOC_ger7_hierarchical,medium,danish,SOC_ger7_1339,detail
SOC_ger7_1445795,SOC,ger7,1445795,Almenskadelige forbr. mv. (via 1445),Almenskadelige forbr. mv. (via 1445),,CSV:SOC_ger7_hierarchical,medium,danish,SOC_ger7_1445,detail
SOC_ger7_1316536,SOC,ger7,1316536,"Indbr. i bank., forretn. mv. (via 1316)","Indbr. i bank., forretn. mv. (via 1316)",,CSV:SOC_ger7_hierarchical,medium,danish,SOC_ger7_1316,detail
SOC_ger7_1316710,SOC,ger7,1316710,"Indbr. i bank., forretn. mv. (via 1316)","Indbr. i bank., forretn. mv. (via 1316)",,CSV:SOC_ger7_hierarchical,medium,danish,SOC_ger7_1316,detail
SOC_ger7_1145000,SOC,ger7,1145000,Seksualforbrydelse i øvrigt (via 1145),Seksualforbrydelse i øvrigt (via 1145),,CSV:SOC_ger7_hierarchical,medium,danish,SOC_ger7_1145,detail
SOC_ger7_2110015,SOC,ger7,2110015,Færdselsuheld uspecificeret (via 2110),Færdselsuheld uspecificeret (via 2110),,CSV:SOC_ger7_hierarchical,medium,danish,SOC_ger7_2110,detail
SOC_ger7_1445782,SOC,ger7,1445782,Almenskadelige forbr. mv. (via 1445),Almenskadelige forbr. mv. (via 1445),,CSV:SOC_ger7_hierarchical,medium,danish,SOC_ger7_1445,detail
SOC_ger7_1210516,SOC,ger7,1210516,Vold o.l. mod off. myndighed (via 1210),Vold o.l. mod off. myndighed (via 1210),,CSV:SOC_ger7_hierarchical,medium,danish,SOC_ger7_1210,detail
SOC_ger7_1380715,SOC,ger7,1380715,Røveri (via 1380),Røveri (via 1380),,CSV:SOC_ger7_hierarchical,medium,danish,SOC_ger7_1380,detail
SOC_ger7_1332525,SOC,ger7,1332525,Butikstyverier mv. (via 1332),Butikstyverier mv. (via 1332),,CSV:SOC_ger7_hierarchical,medium,danish,SOC_ger7_1332,detail
SOC_ger7_1328720,SOC,ger7,1328720,"Tyveri fra bil, båd mv. (via 1328)","Tyveri fra bil, båd mv. (via 1328)",,CSV:SOC_ger7_hierarchical,medium,danish,SOC_ger7_1328,detail
SOC_ger7_1120511,SOC,ger7,1120511,Voldtægt mv. (via 1120),Voldtægt mv. (via 1120),,CSV:SOC_ger7_hierarchical,medium,danish,SOC_ger7_1120,detail
SOC_ger7_1445790,SOC,ger7,1445790,Almenskadelige forbr. mv. (via 1445),Almenskadelige forbr. mv. (via 1445),,CSV:SOC_ger7_hierarchical,medium,danish,SOC_ger7_1445,detail
SOC_ger7_2610017,SOC,ger7,2610017,Færdselslovsovertræd. i øvrigt (via 2610),Færdselslovsovertræd. i øvrigt (via 2610),,CSV:SOC_ger7_hierarchical,medium,danish,SOC_ger7_2610,detail
SOC_ger7_1131510,SOC,ger7,1131510,Seksualforbrydelse mod barn under 12 år (via 1131),Seksualforbrydelse mod barn under 12 år (via 1131),,CSV:SOC_ger7_hierarchical,medium,danish,SOC_ger7_1131,detail
SOC_ger7_3845000,SOC,ger7,3845000,Love vedr. forsvaret og lign. (via 3845),Love vedr. forsvaret og lign. (via 3845),,CSV:SOC_ger7_hierarchical,medium,danish,SOC_ger7_3845,detail
SOC_ger7_1316810,SOC,ger7,1316810,"Indbr. i bank., forretn. mv. (via 1316)","Indbr. i bank., forretn. mv. (via 1316)",,CSV:SOC_ger7_hierarchical,medium,danish,SOC_ger7_1316,detail
SOC_ger7_3810226,SOC,ger7,3810226,Andre strafferetlige særlove (via 3810),Andre strafferetlige særlove (via 3810),,CSV:SOC_ger7_hierarchical,medium,danish,SOC_ger7_3810,detail
SOC_ger7_3835720,SOC,ger7,3835720,Love vedr. arb. transport mv. (via 3835),Love vedr. arb. transport mv. (via 3835),,CSV:SOC_ger7_hierarchical,medium,danish,SOC_ger7_3835,detail
SOC_ger7_3610910,SOC,ger7,3610910,Skatte og afgiftslove mv. (via 3610),Skatte og afgiftslove mv. (via 3610),,CSV:SOC_ger7_hierarchical,medium,danish,SOC_ger7_3610,detail
SOC_ger7_1180605,SOC,ger7,1180605,Utugt mv. (via 1180),Utugt mv. (via 1180),,CSV:SOC_ger7_hierarchical,medium,danish,SOC_ger7_1180,detail
SOC_ger7_2610170,SOC,ger7,2610170,Færdselslovsovertræd. i øvrigt (via 2610),Færdselslovsovertræd. i øvrigt (via 2610),,CSV:SOC_ger7_hierarchical,medium,danish,SOC_ger7_2610,detail
SOC_ger7_2220045,SOC,ger7,2220045,Spiritus- og promillekørsel (via 2220),Spiritus- og promillekørsel (via 2220),,CSV:SOC_ger7_hierarchical,medium,danish,SOC_ger7_2220,detail
SOC_ger7_3810233,SOC,ger7,3810233,Andre strafferetlige særlove (via 3810),Andre strafferetlige særlove (via 3810),,CSV:SOC_ger7_hierarchical,medium,danish,SOC_ger7_3810,detail
SOC_ger7_1150505,SOC,ger7,1150505,Homosek. sæd.f. børn u. 12 år (via 1150),Homosek. sæd.f. børn u. 12 år (via 1150),,CSV:SOC_ger7_hierarchical,medium,danish,SOC_ger7_1150,detail
SOC_ger7_2210017,SOC,ger7,2210017,Færdselsuheld med spiritus (via 2210),Færdselsuheld med spiritus (via 2210),,CSV:SOC_ger7_hierarchical,medium,danish,SOC_ger7_2210,detail
SOC_ger7_3810206,SOC,ger7,3810206,Andre strafferetlige særlove (via 3810),Andre strafferetlige særlove (via 3810),,CSV:SOC_ger7_hierarchical,medium,danish,SOC_ger7_3810,detail
SOC_ger7_3610105,SOC,ger7,3610105,Skatte og afgiftslove mv. (via 3610),Skatte og afgiftslove mv. (via 3610),,CSV:SOC_ger7_hierarchical,medium,danish,SOC_ger7_3610,detail
SOC_ger7_1180510,SOC,ger7,1180510,Utugt mv. (via 1180),Utugt mv. (via 1180),,CSV:SOC_ger7_hierarchical,medium,danish,SOC_ger7_1180,detail
SOC_ger7_1336502,SOC,ger7,1336502,Andre tyverier (via 1336),Andre tyverier (via 1336),,CSV:SOC_ger7_hierarchical,medium,danish,SOC_ger7_1336,detail
SOC_ger7_3850510,SOC,ger7,3850510,Love vedr. off. forsyninger (via 3850),Love vedr. off. forsyninger (via 3850),,CSV:SOC_ger7_hierarchical,medium,danish,SOC_ger7_3850,detail
SOC_ger7_1380720,SOC,ger7,1380720,Røveri (via 1380),Røveri (via 1380),,CSV:SOC_ger7_hierarchical,medium,danish,SOC_ger7_1380,detail
SOC_ger7_2220040,SOC,ger7,2220040,Spiritus- og promillekørsel (via 2220),Spiritus- og promillekørsel (via 2220),,CSV:SOC_ger7_hierarchical,medium,danish,SOC_ger7_2220,detail
SOC_ger7_3845505,SOC,ger7,3845505,Love vedr. forsvaret og lign. (via 3845),Love vedr. forsvaret og lign. (via 3845),,CSV:SOC_ger7_hierarchical,medium,danish,SOC_ger7_3845,detail
SOC_ger7_1450525,SOC,ger7,1450525,Ulovligt erhverv mv. (via 1450),Ulovligt erhverv mv. (via 1450),,CSV:SOC_ger7_hierarchical,medium,danish,SOC_ger7_1450,detail
SOC_ger7_2610126,SOC,ger7,2610126,Færdselslovsovertræd. i øvrigt (via 2610),Færdselslovsovertræd. i øvrigt (via 2610),,CSV:SOC_ger7_hierarchical,medium,danish,SOC_ger7_2610,detail
SOC_ger7_3835718,SOC,ger7,3835718,Love vedr. arb. transport mv. (via 3835),Love vedr. arb. transport mv. (via 3835),,CSV:SOC_ger7_hierarchical,medium,danish,SOC_ger7_3835,detail
SOC_ger7_1120520,SOC,ger7,1120520,Voldtægt mv. (via 1120),Voldtægt mv. (via 1120),,CSV:SOC_ger7_hierarchical,medium,danish,SOC_ger7_1120,detail
SOC_ger7_1292530,SOC,ger7,1292530,Trusler (via 1292),Trusler (via 1292),,CSV:SOC_ger7_hierarchical,medium,danish,SOC_ger7_1292,detail
SOC_ger7_3810605,SOC,ger7,3810605,Andre strafferetlige særlove (via 3810),Andre strafferetlige særlove (via 3810),,CSV:SOC_ger7_hierarchical,medium,danish,SOC_ger7_3810,detail
SOC_ger7_1380907,SOC,ger7,1380907,Røveri (via 1380),Røveri (via 1380),,CSV:SOC_ger7_hierarchical,medium,danish,SOC_ger7_1380,detail
SOC_ger7_1445780,SOC,ger7,1445780,Almenskadelige forbr. mv. (via 1445),Almenskadelige forbr. mv. (via 1445),,CSV:SOC_ger7_hierarchical,medium,danish,SOC_ger7_1445,detail
SOC_ger7_1141000,SOC,ger7,1141000,Seksualforbrydelse mod barn under 15 år (via 1141),Seksualforbrydelse mod barn under 15 år (via 1141),,CSV:SOC_ger7_hierarchical,medium,danish,SOC_ger7_1141,detail
SOC_ger7_2210008,SOC,ger7,2210008,Færdselsuheld med spiritus (via 2210),Færdselsuheld med spiritus (via 2210),,CSV:SOC_ger7_hierarchical,medium,danish,SOC_ger7_2210,detail
SOC_ger7_1110520,SOC,ger7,1110520,Blodskam mv. (via 1110),Blodskam mv. (via 1110),,CSV:SOC_ger7_hierarchical,medium,danish,SOC_ger7_1110,detail
SOC_ger7_3840525,SOC,ger7,3840525,Selskabs- og firmalovgiv. mv. (via 3840),Selskabs- og firmalovgiv. mv. (via 3840),,CSV:SOC_ger7_hierarchical,medium,danish,SOC_ger7_3840,detail
SOC_ger7_1336514,SOC,ger7,1336514,Andre tyverier (via 1336),Andre tyverier (via 1336),,CSV:SOC_ger7_hierarchical,medium,danish,SOC_ger7_1336,detail
SOC_ger7_1316205,SOC,ger7,1316205,"Indbr. i bank., forretn. mv. (via 1316)","Indbr. i bank., forretn. mv. (via 1316)",,CSV:SOC_ger7_hierarchical,medium,danish,SOC_ger7_1316,detail
SOC_ger7_3825510,SOC,ger7,3825510,Miljølove (via 3825),Miljølove (via 3825),,CSV:SOC_ger7_hierarchical,medium,danish,SOC_ger7_3825,detail
SOC_ger7_3855930,SOC,ger7,3855930,"Love vedr. spil, bev., næring (via 3855)","Love vedr. spil, bev., næring (via 3855)",,CSV:SOC_ger7_hierarchical,medium,danish,SOC_ger7_3855,detail
SOC_ger7_1258705,SOC,ger7,1258705,Særlig alvorlig vold (via 1258),Særlig alvorlig vold (via 1258),,CSV:SOC_ger7_hierarchical,medium,danish,SOC_ger7_1258,detail
SOC_ger7_1336541,SOC,ger7,1336541,Andre tyverier (via 1336),Andre tyverier (via 1336),,CSV:SOC_ger7_hierarchical,medium,danish,SOC_ger7_1336,detail
SOC_ger7_1336531,SOC,ger7,1336531,Andre tyverier (via 1336),Andre tyverier (via 1336),,CSV:SOC_ger7_hierarchical,medium,danish,SOC_ger7_1336,detail
SOC_ger7_1445765,SOC,ger7,1445765,Almenskadelige forbr. mv. (via 1445),Almenskadelige forbr. mv. (via 1445),,CSV:SOC_ger7_hierarchical,medium,danish,SOC_ger7_1445,detail
SOC_ger7_1336540,SOC,ger7,1336540,Andre tyverier (via 1336),Andre tyverier (via 1336),,CSV:SOC_ger7_hierarchical,medium,danish,SOC_ger7_1336,detail
SOC_ger7_1336564,SOC,ger7,1336564,Andre tyverier (via 1336),Andre tyverier (via 1336),,CSV:SOC_ger7_hierarchical,medium,danish,SOC_ger7_1336,detail
SOC_ger7_3810513,SOC,ger7,3810513,Andre strafferetlige særlove (via 3810),Andre strafferetlige særlove (via 3810),,CSV:SOC_ger7_hierarchical,medium,danish,SOC_ger7_3810,detail
SOC_ger7_1460505,SOC,ger7,1460505,Uagts. manddr. mv.v/færd.uheld (via 1460),Uagts. manddr. mv.v/færd.uheld (via 1460),,CSV:SOC_ger7_hierarchical,medium,danish,SOC_ger7_1460,detail
SOC_ger7_2610,SOC,ger7,2610,Færdselslovsovertræd. i øvrigt,Færdselslovsovertræd. i øvrigt,,CSV:SOC_ger7,medium,danish,SOC_ger7_261,subgroup
SOC_ger7_3815570,SOC,ger7,3815570,Sundheds- og sociallove (via 3815),Sundheds- og sociallove (via 3815),,CSV:SOC_ger7_hierarchical,medium,danish,SOC_ger7_3815,detail
SOC_ger7_3840505,SOC,ger7,3840505,Selskabs- og firmalovgiv. mv. (via 3840),Selskabs- og firmalovgiv. mv. (via 3840),,CSV:SOC_ger7_hierarchical,medium,danish,SOC_ger7_3840,detail
SOC_ger7_3810741,SOC,ger7,3810741,Andre strafferetlige særlove (via 3810),Andre strafferetlige særlove (via 3810),,CSV:SOC_ger7_hierarchical,medium,danish,SOC_ger7_3810,detail
SOC_ger7_2110000,SOC,ger7,2110000,Færdselsuheld uspecificeret (via 2110),Færdselsuheld uspecificeret (via 2110),,CSV:SOC_ger7_hierarchical,medium,danish,SOC_ger7_2110,detail
SOC_ger7_3810241,SOC,ger7,3810241,Andre strafferetlige særlove (via 3810),Andre strafferetlige særlove (via 3810),,CSV:SOC_ger7_hierarchical,medium,danish,SOC_ger7_3810,detail
SOC_ger7_3830,SOC,ger7,3830,"Love vedr. dyr, jagt mv.","Love vedr. dyr, jagt mv.",,CSV:SOC_ger7,medium,danish,SOC_ger7_383,subgroup
SOC_ger7_2610120,SOC,ger7,2610120,Færdselslovsovertræd. i øvrigt (via 2610),Færdselslovsovertræd. i øvrigt (via 2610),,CSV:SOC_ger7_hierarchical,medium,danish,SOC_ger7_2610,detail
SOC_ger7_3840535,SOC,ger7,3840535,Selskabs- og firmalovgiv. mv. (via 3840),Selskabs- og firmalovgiv. mv. (via 3840),,CSV:SOC_ger7_hierarchical,medium,danish,SOC_ger7_3840,detail
SOC_ger7_3835570,SOC,ger7,3835570,Love vedr. arb. transport mv. (via 3835),Love vedr. arb. transport mv. (via 3835),,CSV:SOC_ger7_hierarchical,medium,danish,SOC_ger7_3835,detail
SOC_ger7_1410380,SOC,ger7,1410380,Forbr. mod off. myndighed mv. (via 1410),Forbr. mod off. myndighed mv. (via 1410),,CSV:SOC_ger7_hierarchical,medium,danish,SOC_ger7_1410,detail
SOC_ger7_1398560,SOC,ger7,1398560,Berig.forbr. og formuekrænk. (via 1398),Berig.forbr. og formuekrænk. (via 1398),,CSV:SOC_ger7_hierarchical,medium,danish,SOC_ger7_1398,detail
SOC_ger7_1145560,SOC,ger7,1145560,Seksualforbrydelse i øvrigt (via 1145),Seksualforbrydelse i øvrigt (via 1145),,CSV:SOC_ger7_hierarchical,medium,danish,SOC_ger7_1145,detail
SOC_ger7_1425505,SOC,ger7,1425505,Falsk forklaring i øvrigt (via 1425),Falsk forklaring i øvrigt (via 1425),,CSV:SOC_ger7_hierarchical,medium,danish,SOC_ger7_1425,detail
SOC_ger7_1380903,SOC,ger7,1380903,Røveri (via 1380),Røveri (via 1380),,CSV:SOC_ger7_hierarchical,medium,danish,SOC_ger7_1380,detail
SOC_ger7_3810511,SOC,ger7,3810511,Andre strafferetlige særlove (via 3810),Andre strafferetlige særlove (via 3810),,CSV:SOC_ger7_hierarchical,medium,danish,SOC_ger7_3810,detail
SOC_ger7_1455505,SOC,ger7,1455505,Forbrydelser i familieforhold (via 1455),Forbrydelser i familieforhold (via 1455),,CSV:SOC_ger7_hierarchical,medium,danish,SOC_ger7_1455,detail
SOC_ger7_1380510,SOC,ger7,1380510,Røveri (via 1380),Røveri (via 1380),,CSV:SOC_ger7_hierarchical,medium,danish,SOC_ger7_1380,detail
SOC_ger7_3840530,SOC,ger7,3840530,Selskabs- og firmalovgiv. mv. (via 3840),Selskabs- og firmalovgiv. mv. (via 3840),,CSV:SOC_ger7_hierarchical,medium,danish,SOC_ger7_3840,detail
SOC_ger7_1316315,SOC,ger7,1316315,"Indbr. i bank., forretn. mv. (via 1316)","Indbr. i bank., forretn. mv. (via 1316)",,CSV:SOC_ger7_hierarchical,medium,danish,SOC_ger7_1316,detail
SOC_ger7_2610054,SOC,ger7,2610054,Færdselslovsovertræd. i øvrigt (via 2610),Færdselslovsovertræd. i øvrigt (via 2610),,CSV:SOC_ger7_hierarchical,medium,danish,SOC_ger7_2610,detail
SOC_ger7_3810730,SOC,ger7,3810730,Andre strafferetlige særlove (via 3810),Andre strafferetlige særlove (via 3810),,CSV:SOC_ger7_hierarchical,medium,danish,SOC_ger7_3810,detail
SOC_ger7_1240000,SOC,ger7,1240000,Forsøg på manddrab (via 1240),Forsøg på manddrab (via 1240),,CSV:SOC_ger7_hierarchical,medium,danish,SOC_ger7_1240,detail
SOC_ger7_1410745,SOC,ger7,1410745,Forbr. mod off. myndighed mv. (via 1410),Forbr. mod off. myndighed mv. (via 1410),,CSV:SOC_ger7_hierarchical,medium,danish,SOC_ger7_1410,detail
SOC_ger7_1410706,SOC,ger7,1410706,Forbr. mod off. myndighed mv. (via 1410),Forbr. mod off. myndighed mv. (via 1410),,CSV:SOC_ger7_hierarchical,medium,danish,SOC_ger7_1410,detail
SOC_ger7_3835708,SOC,ger7,3835708,Love vedr. arb. transport mv. (via 3835),Love vedr. arb. transport mv. (via 3835),,CSV:SOC_ger7_hierarchical,medium,danish,SOC_ger7_3835,detail
SOC_ger7_1430315,SOC,ger7,1430315,Forbr. vedr. penge og bevism. (via 1430),Forbr. vedr. penge og bevism. (via 1430),,CSV:SOC_ger7_hierarchical,medium,danish,SOC_ger7_1430,detail
SOC_ger7_1286,SOC,ger7,1286,Forbr. mod liv og legeme,Forbr. mod liv og legeme,,CSV:SOC_ger7,medium,danish,SOC_ger7_128,subgroup
SOC_ger7_1380910,SOC,ger7,1380910,Røveri (via 1380),Røveri (via 1380),,CSV:SOC_ger7_hierarchical,medium,danish,SOC_ger7_1380,detail
SOC_ger7_3810515,SOC,ger7,3810515,Andre strafferetlige særlove (via 3810),Andre strafferetlige særlove (via 3810),,CSV:SOC_ger7_hierarchical,medium,danish,SOC_ger7_3810,detail
SOC_ger7_1410742,SOC,ger7,1410742,Forbr. mod off. myndighed mv. (via 1410),Forbr. mod off. myndighed mv. (via 1410),,CSV:SOC_ger7_hierarchical,medium,danish,SOC_ger7_1410,detail
SOC_ger7_1354510,SOC,ger7,1354510,Underslæb (via 1354),Underslæb (via 1354),,CSV:SOC_ger7_hierarchical,medium,danish,SOC_ger7_1354,detail
SOC_ger7_3815525,SOC,ger7,3815525,Sundheds- og sociallove (via 3815),Sundheds- og sociallove (via 3815),,CSV:SOC_ger7_hierarchical,medium,danish,SOC_ger7_3815,detail
SOC_ger7_3810229,SOC,ger7,3810229,Andre strafferetlige særlove (via 3810),Andre strafferetlige særlove (via 3810),,CSV:SOC_ger7_hierarchical,medium,danish,SOC_ger7_3810,detail
SOC_ger7_1160,SOC,ger7,1160,Homosek. sæd.forbr. i øvrigt,Homosek. sæd.forbr. i øvrigt,,CSV:SOC_ger7,medium,danish,SOC_ger7_116,subgroup
SOC_ger7_1304805,SOC,ger7,1304805,Dokumentfalsk (via 1304),Dokumentfalsk (via 1304),,CSV:SOC_ger7_hierarchical,medium,danish,SOC_ger7_1304,detail
SOC_ger7_1410720,SOC,ger7,1410720,Forbr. mod off. myndighed mv. (via 1410),Forbr. mod off. myndighed mv. (via 1410),,CSV:SOC_ger7_hierarchical,medium,danish,SOC_ger7_1410,detail
SOC_ger7_1316535,SOC,ger7,1316535,"Indbr. i bank., forretn. mv. (via 1316)","Indbr. i bank., forretn. mv. (via 1316)",,CSV:SOC_ger7_hierarchical,medium,danish,SOC_ger7_1316,detail
SOC_ger7_1286535,SOC,ger7,1286535,Forbr. mod liv og legeme (via 1286),Forbr. mod liv og legeme (via 1286),,CSV:SOC_ger7_hierarchical,medium,danish,SOC_ger7_1286,detail
SOC_ger7_1180706,SOC,ger7,1180706,Utugt mv. (via 1180),Utugt mv. (via 1180),,CSV:SOC_ger7_hierarchical,medium,danish,SOC_ger7_1180,detail
SOC_ger7_2610066,SOC,ger7,2610066,Færdselslovsovertræd. i øvrigt (via 2610),Færdselslovsovertræd. i øvrigt (via 2610),,CSV:SOC_ger7_hierarchical,medium,danish,SOC_ger7_2610,detail
SOC_ger7_1332320,SOC,ger7,1332320,Butikstyverier mv. (via 1332),Butikstyverier mv. (via 1332),,CSV:SOC_ger7_hierarchical,medium,danish,SOC_ger7_1332,detail
SOC_ger7_1316340,SOC,ger7,1316340,"Indbr. i bank., forretn. mv. (via 1316)","Indbr. i bank., forretn. mv. (via 1316)",,CSV:SOC_ger7_hierarchical,medium,danish,SOC_ger7_1316,detail
SOC_ger7_1332330,SOC,ger7,1332330,Butikstyverier mv. (via 1332),Butikstyverier mv. (via 1332),,CSV:SOC_ger7_hierarchical,medium,danish,SOC_ger7_1332,detail
SOC_ger7_13,SOC,ger7,13,Ejendomsforbrydelser (Property offenses),,Ejendomsforbrydelser (Property offenses),none|generated,medium,danish,,major_group
SOC_ger7_1141510,SOC,ger7,1141510,Seksualforbrydelse mod barn under 15 år (via 1141),Seksualforbrydelse mod barn under 15 år (via 1141),,CSV:SOC_ger7_hierarchical,medium,danish,SOC_ger7_1141,detail
SOC_ger7_1332305,SOC,ger7,1332305,Butikstyverier mv. (via 1332),Butikstyverier mv. (via 1332),,CSV:SOC_ger7_hierarchical,medium,danish,SOC_ger7_1332,detail
SOC_ger7_3810212,SOC,ger7,3810212,Andre strafferetlige særlove (via 3810),Andre strafferetlige særlove (via 3810),,CSV:SOC_ger7_hierarchical,medium,danish,SOC_ger7_3810,detail
SOC_ger7_1357810,SOC,ger7,1357810,Bedrageri (via 1357),Bedrageri (via 1357),,CSV:SOC_ger7_hierarchical,medium,danish,SOC_ger7_1357,detail
SOC_ger7_1328710,SOC,ger7,1328710,"Tyveri fra bil, båd mv. (via 1328)","Tyveri fra bil, båd mv. (via 1328)",,CSV:SOC_ger7_hierarchical,medium,danish,SOC_ger7_1328,detail
SOC_ger7_1220510,SOC,ger7,1220510,Opløb/forstyr. af off. orden (via 1220),Opløb/forstyr. af off. orden (via 1220),,CSV:SOC_ger7_hierarchical,medium,danish,SOC_ger7_1220,detail
SOC_ger7_1324725,SOC,ger7,1324725,Indbr. i ubeboede bebyggelser (via 1324),Indbr. i ubeboede bebyggelser (via 1324),,CSV:SOC_ger7_hierarchical,medium,danish,SOC_ger7_1324,detail
SOC_ger7_1120525,SOC,ger7,1120525,Voldtægt mv. (via 1120),Voldtægt mv. (via 1120),,CSV:SOC_ger7_hierarchical,medium,danish,SOC_ger7_1120,detail
SOC_ger7_1324510,SOC,ger7,1324510,Indbr. i ubeboede bebyggelser (via 1324),Indbr. i ubeboede bebyggelser (via 1324),,CSV:SOC_ger7_hierarchical,medium,danish,SOC_ger7_1324,detail
SOC_ger7_1339707,SOC,ger7,1339707,Tyv./brugstyv. af indr.køretøj (via 1339),Tyv./brugstyv. af indr.køretøj (via 1339),,CSV:SOC_ger7_hierarchical,medium,danish,SOC_ger7_1339,detail
SOC_ger7_1336570,SOC,ger7,1336570,Andre tyverier (via 1336),Andre tyverier (via 1336),,CSV:SOC_ger7_hierarchical,medium,danish,SOC_ger7_1336,detail
SOC_ger7_1316621,SOC,ger7,1316621,"Indbr. i bank., forretn. mv. (via 1316)","Indbr. i bank., forretn. mv. (via 1316)",,CSV:SOC_ger7_hierarchical,medium,danish,SOC_ger7_1316,detail
SOC_ger7_1415505,SOC,ger7,1415505,Forbr. i off. tjeneste (via 1415),Forbr. i off. tjeneste (via 1415),,CSV:SOC_ger7_hierarchical,medium,danish,SOC_ger7_1415,detail
SOC_ger7_1120526,SOC,ger7,1120526,Voldtægt mv. (via 1120),Voldtægt mv. (via 1120),,CSV:SOC_ger7_hierarchical,medium,danish,SOC_ger7_1120,detail
SOC_ger7_1316504,SOC,ger7,1316504,"Indbr. i bank., forretn. mv. (via 1316)","Indbr. i bank., forretn. mv. (via 1316)",,CSV:SOC_ger7_hierarchical,medium,danish,SOC_ger7_1316,detail
SOC_ger7_3810209,SOC,ger7,3810209,Andre strafferetlige særlove (via 3810),Andre strafferetlige særlove (via 3810),,CSV:SOC_ger7_hierarchical,medium,danish,SOC_ger7_3810,detail
SOC_ger7_1289710,SOC,ger7,1289710,Forbr. mod den pers. frihed (via 1289),Forbr. mod den pers. frihed (via 1289),,CSV:SOC_ger7_hierarchical,medium,danish,SOC_ger7_1289,detail
SOC_ger7_1210503,SOC,ger7,1210503,Vold o.l. mod off. myndighed (via 1210),Vold o.l. mod off. myndighed (via 1210),,CSV:SOC_ger7_hierarchical,medium,danish,SOC_ger7_1210,detail
SOC_ger7_1435707,SOC,ger7,1435707,Salg af narkotika mv. (via 1435),Salg af narkotika mv. (via 1435),,CSV:SOC_ger7_hierarchical,medium,danish,SOC_ger7_1435,detail
SOC_ger7_1140505,SOC,ger7,1140505,Heteroseksuelle sædelighedsforbrydelser i øvrigt (via 1140),Heteroseksuelle sædelighedsforbrydelser i øvrigt (via 1140),,CSV:SOC_ger7_hierarchical,medium,danish,SOC_ger7_1140,detail
SOC_ger7_1324305,SOC,ger7,1324305,Indbr. i ubeboede bebyggelser (via 1324),Indbr. i ubeboede bebyggelser (via 1324),,CSV:SOC_ger7_hierarchical,medium,danish,SOC_ger7_1324,detail
SOC_ger7_1000100,SOC,ger7,1000100,Uoplyst straffelov (via 1000),Uoplyst straffelov (via 1000),,CSV:SOC_ger7_hierarchical,medium,danish,SOC_ger7_1000,detail
SOC_ger7_1000000,SOC,ger7,1000000,Uoplyst straffelov (via 1000),Uoplyst straffelov (via 1000),,CSV:SOC_ger7_hierarchical,medium,danish,SOC_ger7_1000,detail
SOC_ger7_1398,SOC,ger7,1398,Berig.forbr. og formuekrænk.,Berig.forbr. og formuekrænk.,,CSV:SOC_ger7,medium,danish,SOC_ger7_139,subgroup
SOC_ger7_1485710,SOC,ger7,1485710,Freds- og ærekrænkelser (via 1485),Freds- og ærekrænkelser (via 1485),,CSV:SOC_ger7_hierarchical,medium,danish,SOC_ger7_1485,detail
SOC_ger7_1286515,SOC,ger7,1286515,Forbr. mod liv og legeme (via 1286),Forbr. mod liv og legeme (via 1286),,CSV:SOC_ger7_hierarchical,medium,danish,SOC_ger7_1286,detail
SOC_ger7_1140525,SOC,ger7,1140525,Heteroseksuelle sædelighedsforbrydelser i øvrigt (via 1140),Heteroseksuelle sædelighedsforbrydelser i øvrigt (via 1140),,CSV:SOC_ger7_hierarchical,medium,danish,SOC_ger7_1140,detail
SOC_ger7_3830504,SOC,ger7,3830504,"Love vedr. dyr, jagt mv. (via 3830)","Love vedr. dyr, jagt mv. (via 3830)",,CSV:SOC_ger7_hierarchical,medium,danish,SOC_ger7_3830,detail
SOC_ger7_1336562,SOC,ger7,1336562,Andre tyverier (via 1336),Andre tyverier (via 1336),,CSV:SOC_ger7_hierarchical,medium,danish,SOC_ger7_1336,detail
SOC_ger7_3810753,SOC,ger7,3810753,Andre strafferetlige særlove (via 3810),Andre strafferetlige særlove (via 3810),,CSV:SOC_ger7_hierarchical,medium,danish,SOC_ger7_3810,detail
SOC_ger7_1283305,SOC,ger7,1283305,Uagtsomt manddrab/legemsbesk. (via 1283),Uagtsomt manddrab/legemsbesk. (via 1283),,CSV:SOC_ger7_hierarchical,medium,danish,SOC_ger7_1283,detail
SOC_ger7_3835721,SOC,ger7,3835721,Love vedr. arb. transport mv. (via 3835),Love vedr. arb. transport mv. (via 3835),,CSV:SOC_ger7_hierarchical,medium,danish,SOC_ger7_3835,detail
SOC_ger7_1450505,SOC,ger7,1450505,Ulovligt erhverv mv. (via 1450),Ulovligt erhverv mv. (via 1450),,CSV:SOC_ger7_hierarchical,medium,danish,SOC_ger7_1450,detail
SOC_ger7_1110510,SOC,ger7,1110510,Blodskam mv. (via 1110),Blodskam mv. (via 1110),,CSV:SOC_ger7_hierarchical,medium,danish,SOC_ger7_1110,detail
SOC_ger7_3835712,SOC,ger7,3835712,Love vedr. arb. transport mv. (via 3835),Love vedr. arb. transport mv. (via 3835),,CSV:SOC_ger7_hierarchical,medium,danish,SOC_ger7_3835,detail
SOC_ger7_3810215,SOC,ger7,3810215,Andre strafferetlige særlove (via 3810),Andre strafferetlige særlove (via 3810),,CSV:SOC_ger7_hierarchical,medium,danish,SOC_ger7_3810,detail
SOC_ger7_3810305,SOC,ger7,3810305,Andre strafferetlige særlove (via 3810),Andre strafferetlige særlove (via 3810),,CSV:SOC_ger7_hierarchical,medium,danish,SOC_ger7_3810,detail
SOC_ger7_1410754,SOC,ger7,1410754,Forbr. mod off. myndighed mv. (via 1410),Forbr. mod off. myndighed mv. (via 1410),,CSV:SOC_ger7_hierarchical,medium,danish,SOC_ger7_1410,detail
SOC_ger7_1398525,SOC,ger7,1398525,Berig.forbr. og formuekrænk. (via 1398),Berig.forbr. og formuekrænk. (via 1398),,CSV:SOC_ger7_hierarchical,medium,danish,SOC_ger7_1398,detail
SOC_ger7_1380902,SOC,ger7,1380902,Røveri (via 1380),Røveri (via 1380),,CSV:SOC_ger7_hierarchical,medium,danish,SOC_ger7_1380,detail
SOC_ger7_1336510,SOC,ger7,1336510,Andre tyverier (via 1336),Andre tyverier (via 1336),,CSV:SOC_ger7_hierarchical,medium,danish,SOC_ger7_1336,detail
SOC_ger7_1289720,SOC,ger7,1289720,Forbr. mod den pers. frihed (via 1289),Forbr. mod den pers. frihed (via 1289),,CSV:SOC_ger7_hierarchical,medium,danish,SOC_ger7_1289,detail
SOC_ger7_3855333,SOC,ger7,3855333,"Love vedr. spil, bev., næring (via 3855)","Love vedr. spil, bev., næring (via 3855)",,CSV:SOC_ger7_hierarchical,medium,danish,SOC_ger7_3855,detail
SOC_ger7_1455000,SOC,ger7,1455000,Forbrydelser i familieforhold (via 1455),Forbrydelser i familieforhold (via 1455),,CSV:SOC_ger7_hierarchical,medium,danish,SOC_ger7_1455,detail
SOC_ger7_1210502,SOC,ger7,1210502,Vold o.l. mod off. myndighed (via 1210),Vold o.l. mod off. myndighed (via 1210),,CSV:SOC_ger7_hierarchical,medium,danish,SOC_ger7_1210,detail
SOC_ger7_1316310,SOC,ger7,1316310,"Indbr. i bank., forretn. mv. (via 1316)","Indbr. i bank., forretn. mv. (via 1316)",,CSV:SOC_ger7_hierarchical,medium,danish,SOC_ger7_1316,detail
SOC_ger7_1363705,SOC,ger7,1363705,Mandatsvig (via 1363),Mandatsvig (via 1363),,CSV:SOC_ger7_hierarchical,medium,danish,SOC_ger7_1363,detail
SOC_ger7_1324310,SOC,ger7,1324310,Indbr. i ubeboede bebyggelser (via 1324),Indbr. i ubeboede bebyggelser (via 1324),,CSV:SOC_ger7_hierarchical,medium,danish,SOC_ger7_1324,detail
SOC_ger7_1336552,SOC,ger7,1336552,Andre tyverier (via 1336),Andre tyverier (via 1336),,CSV:SOC_ger7_hierarchical,medium,danish,SOC_ger7_1336,detail
SOC_ger7_2210005,SOC,ger7,2210005,Færdselsuheld med spiritus (via 2210),Færdselsuheld med spiritus (via 2210),,CSV:SOC_ger7_hierarchical,medium,danish,SOC_ger7_2210,detail
SOC_ger7_1328000,SOC,ger7,1328000,"Tyveri fra bil, båd mv. (via 1328)","Tyveri fra bil, båd mv. (via 1328)",,CSV:SOC_ger7_hierarchical,medium,danish,SOC_ger7_1328,detail
SOC_ger7_2610122,SOC,ger7,2610122,Færdselslovsovertræd. i øvrigt (via 2610),Færdselslovsovertræd. i øvrigt (via 2610),,CSV:SOC_ger7_hierarchical,medium,danish,SOC_ger7_2610,detail
SOC_ger7_1120521,SOC,ger7,1120521,Voldtægt mv. (via 1120),Voldtægt mv. (via 1120),,CSV:SOC_ger7_hierarchical,medium,danish,SOC_ger7_1120,detail
SOC_ger7_1410736,SOC,ger7,1410736,Forbr. mod off. myndighed mv. (via 1410),Forbr. mod off. myndighed mv. (via 1410),,CSV:SOC_ger7_hierarchical,medium,danish,SOC_ger7_1410,detail
SOC_ger7_3810506,SOC,ger7,3810506,Andre strafferetlige særlove (via 3810),Andre strafferetlige særlove (via 3810),,CSV:SOC_ger7_hierarchical,medium,danish,SOC_ger7_3810,detail
SOC_ger7_1210507,SOC,ger7,1210507,Vold o.l. mod off. myndighed (via 1210),Vold o.l. mod off. myndighed (via 1210),,CSV:SOC_ger7_hierarchical,medium,danish,SOC_ger7_1210,detail
SOC_ger7_2610046,SOC,ger7,2610046,Færdselslovsovertræd. i øvrigt (via 2610),Færdselslovsovertræd. i øvrigt (via 2610),,CSV:SOC_ger7_hierarchical,medium,danish,SOC_ger7_2610,detail
SOC_ger7_1120510,SOC,ger7,1120510,Voldtægt mv. (via 1120),Voldtægt mv. (via 1120),,CSV:SOC_ger7_hierarchical,medium,danish,SOC_ger7_1120,detail
SOC_ger7_3610720,SOC,ger7,3610720,Skatte og afgiftslove mv. (via 3610),Skatte og afgiftslove mv. (via 3610),,CSV:SOC_ger7_hierarchical,medium,danish,SOC_ger7_3610,detail
SOC_ger7_3835709,SOC,ger7,3835709,Love vedr. arb. transport mv. (via 3835),Love vedr. arb. transport mv. (via 3835),,CSV:SOC_ger7_hierarchical,medium,danish,SOC_ger7_3835,detail
SOC_ger7_3835716,SOC,ger7,3835716,Love vedr. arb. transport mv. (via 3835),Love vedr. arb. transport mv. (via 3835),,CSV:SOC_ger7_hierarchical,medium,danish,SOC_ger7_3835,detail
SOC_ger7_1140565,SOC,ger7,1140565,Heteroseksuelle sædelighedsforbrydelser i øvrigt (via 1140),Heteroseksuelle sædelighedsforbrydelser i øvrigt (via 1140),,CSV:SOC_ger7_hierarchical,medium,danish,SOC_ger7_1140,detail
SOC_ger7_2410008,SOC,ger7,2410008,Mangler ved køretøj (via 2410),Mangler ved køretøj (via 2410),,CSV:SOC_ger7_hierarchical,medium,danish,SOC_ger7_2410,detail
SOC_ger7_1283805,SOC,ger7,1283805,Uagtsomt manddrab/legemsbesk. (via 1283),Uagtsomt manddrab/legemsbesk. (via 1283),,CSV:SOC_ger7_hierarchical,medium,danish,SOC_ger7_1283,detail
SOC_ger7_1286530,SOC,ger7,1286530,Forbr. mod liv og legeme (via 1286),Forbr. mod liv og legeme (via 1286),,CSV:SOC_ger7_hierarchical,medium,danish,SOC_ger7_1286,detail
SOC_ger7_1110505,SOC,ger7,1110505,Blodskam mv. (via 1110),Blodskam mv. (via 1110),,CSV:SOC_ger7_hierarchical,medium,danish,SOC_ger7_1110,detail
SOC_ger7_1336528,SOC,ger7,1336528,Andre tyverier (via 1336),Andre tyverier (via 1336),,CSV:SOC_ger7_hierarchical,medium,danish,SOC_ger7_1336,detail
SOC_ger7_3830503,SOC,ger7,3830503,"Love vedr. dyr, jagt mv. (via 3830)","Love vedr. dyr, jagt mv. (via 3830)",,CSV:SOC_ger7_hierarchical,medium,danish,SOC_ger7_3830,detail
SOC_ger7_3830519,SOC,ger7,3830519,"Love vedr. dyr, jagt mv. (via 3830)","Love vedr. dyr, jagt mv. (via 3830)",,CSV:SOC_ger7_hierarchical,medium,danish,SOC_ger7_3830,detail
SOC_ger7_1336544,SOC,ger7,1336544,Andre tyverier (via 1336),Andre tyverier (via 1336),,CSV:SOC_ger7_hierarchical,medium,danish,SOC_ger7_1336,detail
SOC_ger7_2610032,SOC,ger7,2610032,Færdselslovsovertræd. i øvrigt (via 2610),Færdselslovsovertræd. i øvrigt (via 2610),,CSV:SOC_ger7_hierarchical,medium,danish,SOC_ger7_2610,detail
SOC_ger7_2610014,SOC,ger7,2610014,Færdselslovsovertræd. i øvrigt (via 2610),Færdselslovsovertræd. i øvrigt (via 2610),,CSV:SOC_ger7_hierarchical,medium,danish,SOC_ger7_2610,detail
SOC_ger7_2610041,SOC,ger7,2610041,Færdselslovsovertræd. i øvrigt (via 2610),Færdselslovsovertræd. i øvrigt (via 2610),,CSV:SOC_ger7_hierarchical,medium,danish,SOC_ger7_2610,detail
SOC_ger7_1308510,SOC,ger7,1308510,Dokumentfalsk med check (via 1308),Dokumentfalsk med check (via 1308),,CSV:SOC_ger7_hierarchical,medium,danish,SOC_ger7_1308,detail
SOC_ger7_1145520,SOC,ger7,1145520,Seksualforbrydelse i øvrigt (via 1145),Seksualforbrydelse i øvrigt (via 1145),,CSV:SOC_ger7_hierarchical,medium,danish,SOC_ger7_1145,detail
SOC_ger7_1398583,SOC,ger7,1398583,Berig.forbr. og formuekrænk. (via 1398),Berig.forbr. og formuekrænk. (via 1398),,CSV:SOC_ger7_hierarchical,medium,danish,SOC_ger7_1398,detail
SOC_ger7_1390705,SOC,ger7,1390705,Hærværk (via 1390),Hærværk (via 1390),,CSV:SOC_ger7_hierarchical,medium,danish,SOC_ger7_1390,detail
SOC_ger7_2610022,SOC,ger7,2610022,Færdselslovsovertræd. i øvrigt (via 2610),Færdselslovsovertræd. i øvrigt (via 2610),,CSV:SOC_ger7_hierarchical,medium,danish,SOC_ger7_2610,detail
SOC_ger7_3810778,SOC,ger7,3810778,Andre strafferetlige særlove (via 3810),Andre strafferetlige særlove (via 3810),,CSV:SOC_ger7_hierarchical,medium,danish,SOC_ger7_3810,detail
SOC_ger7_1410,SOC,ger7,1410,Forbr. mod off. myndighed mv.,Forbr. mod off. myndighed mv.,,CSV:SOC_ger7,medium,danish,SOC_ger7_141,subgroup
SOC_ger7_1485315,SOC,ger7,1485315,Freds- og ærekrænkelser (via 1485),Freds- og ærekrænkelser (via 1485),,CSV:SOC_ger7_hierarchical,medium,danish,SOC_ger7_1485,detail
SOC_ger7_3850520,SOC,ger7,3850520,Love vedr. off. forsyninger (via 3850),Love vedr. off. forsyninger (via 3850),,CSV:SOC_ger7_hierarchical,medium,danish,SOC_ger7_3850,detail
SOC_ger7_3835305,SOC,ger7,3835305,Love vedr. arb. transport mv. (via 3835),Love vedr. arb. transport mv. (via 3835),,CSV:SOC_ger7_hierarchical,medium,danish,SOC_ger7_3835,detail
SOC_ger7_1336560,SOC,ger7,1336560,Andre tyverier (via 1336),Andre tyverier (via 1336),,CSV:SOC_ger7_hierarchical,medium,danish,SOC_ger7_1336,detail
SOC_ger7_1292515,SOC,ger7,1292515,Trusler (via 1292),Trusler (via 1292),,CSV:SOC_ger7_hierarchical,medium,danish,SOC_ger7_1292,detail
SOC_ger7_1445725,SOC,ger7,1445725,Almenskadelige forbr. mv. (via 1445),Almenskadelige forbr. mv. (via 1445),,CSV:SOC_ger7_hierarchical,medium,danish,SOC_ger7_1445,detail
SOC_ger7_1180,SOC,ger7,1180,Utugt mv.,Utugt mv.,,CSV:SOC_ger7,medium,danish,SOC_ger7_118,subgroup
SOC_ger7_2610005,SOC,ger7,2610005,Færdselslovsovertræd. i øvrigt (via 2610),Færdselslovsovertræd. i øvrigt (via 2610),,CSV:SOC_ger7_hierarchical,medium,danish,SOC_ger7_2610,detail
SOC_ger7_1336536,SOC,ger7,1336536,Andre tyverier (via 1336),Andre tyverier (via 1336),,CSV:SOC_ger7_hierarchical,medium,danish,SOC_ger7_1336,detail
SOC_ger7_1342000,SOC,ger7,1342000,Tyv./brugstyv. af knallert (via 1342),Tyv./brugstyv. af knallert (via 1342),,CSV:SOC_ger7_hierarchical,medium,danish,SOC_ger7_1342,detail
SOC_ger7_1316537,SOC,ger7,1316537,"Indbr. i bank., forretn. mv. (via 1316)","Indbr. i bank., forretn. mv. (via 1316)",,CSV:SOC_ger7_hierarchical,medium,danish,SOC_ger7_1316,detail
SOC_ger7_1324715,SOC,ger7,1324715,Indbr. i ubeboede bebyggelser (via 1324),Indbr. i ubeboede bebyggelser (via 1324),,CSV:SOC_ger7_hierarchical,medium,danish,SOC_ger7_1324,detail
SOC_ger7_1110516,SOC,ger7,1110516,Blodskam mv. (via 1110),Blodskam mv. (via 1110),,CSV:SOC_ger7_hierarchical,medium,danish,SOC_ger7_1110,detail
SOC_ger7_1316240,SOC,ger7,1316240,"Indbr. i bank., forretn. mv. (via 1316)","Indbr. i bank., forretn. mv. (via 1316)",,CSV:SOC_ger7_hierarchical,medium,danish,SOC_ger7_1316,detail
SOC_ger7_1339710,SOC,ger7,1339710,Tyv./brugstyv. af indr.køretøj (via 1339),Tyv./brugstyv. af indr.køretøj (via 1339),,CSV:SOC_ger7_hierarchical,medium,danish,SOC_ger7_1339,detail
SOC_ger7_1176010,SOC,ger7,1176010,Blufærdighedskr. i øvrigt (via 1176),Blufærdighedskr. i øvrigt (via 1176),,CSV:SOC_ger7_hierarchical,medium,danish,SOC_ger7_1176,detail
SOC_ger7_2210080,SOC,ger7,2210080,Færdselsuheld med spiritus (via 2210),Færdselsuheld med spiritus (via 2210),,CSV:SOC_ger7_hierarchical,medium,danish,SOC_ger7_2210,detail
SOC_ger7_1450540,SOC,ger7,1450540,Ulovligt erhverv mv. (via 1450),Ulovligt erhverv mv. (via 1450),,CSV:SOC_ger7_hierarchical,medium,danish,SOC_ger7_1450,detail
SOC_ger7_2220042,SOC,ger7,2220042,Spiritus- og promillekørsel (via 2220),Spiritus- og promillekørsel (via 2220),,CSV:SOC_ger7_hierarchical,medium,danish,SOC_ger7_2220,detail
SOC_ger7_2610179,SOC,ger7,2610179,Færdselslovsovertræd. i øvrigt (via 2610),Færdselslovsovertræd. i øvrigt (via 2610),,CSV:SOC_ger7_hierarchical,medium,danish,SOC_ger7_2610,detail
SOC_ger7_1316330,SOC,ger7,1316330,"Indbr. i bank., forretn. mv. (via 1316)","Indbr. i bank., forretn. mv. (via 1316)",,CSV:SOC_ger7_hierarchical,medium,danish,SOC_ger7_1316,detail
SOC_ger7_1398545,SOC,ger7,1398545,Berig.forbr. og formuekrænk. (via 1398),Berig.forbr. og formuekrænk. (via 1398),,CSV:SOC_ger7_hierarchical,medium,danish,SOC_ger7_1398,detail
SOC_ger7_1336405,SOC,ger7,1336405,Andre tyverier (via 1336),Andre tyverier (via 1336),,CSV:SOC_ger7_hierarchical,medium,danish,SOC_ger7_1336,detail
SOC_ger7_2610033,SOC,ger7,2610033,Færdselslovsovertræd. i øvrigt (via 2610),Færdselslovsovertræd. i øvrigt (via 2610),,CSV:SOC_ger7_hierarchical,medium,danish,SOC_ger7_2610,detail
SOC_ger7_1292525,SOC,ger7,1292525,Trusler (via 1292),Trusler (via 1292),,CSV:SOC_ger7_hierarchical,medium,danish,SOC_ger7_1292,detail
SOC_ger7_3830711,SOC,ger7,3830711,"Love vedr. dyr, jagt mv. (via 3830)","Love vedr. dyr, jagt mv. (via 3830)",,CSV:SOC_ger7_hierarchical,medium,danish,SOC_ger7_3830,detail
SOC_ger7_3810512,SOC,ger7,3810512,Andre strafferetlige særlove (via 3810),Andre strafferetlige særlove (via 3810),,CSV:SOC_ger7_hierarchical,medium,danish,SOC_ger7_3810,detail
SOC_ger7_1485,SOC,ger7,1485,Freds- og ærekrænkelser,Freds- og ærekrænkelser,,CSV:SOC_ger7,medium,danish,SOC_ger7_148,subgroup
SOC_ger7_2610064,SOC,ger7,2610064,Færdselslovsovertræd. i øvrigt (via 2610),Færdselslovsovertræd. i øvrigt (via 2610),,CSV:SOC_ger7_hierarchical,medium,danish,SOC_ger7_2610,detail
SOC_ger7_3820515,SOC,ger7,3820515,Bygge- og boliglove (via 3820),Bygge- og boliglove (via 3820),,CSV:SOC_ger7_hierarchical,medium,danish,SOC_ger7_3820,detail
SOC_ger7_3835530,SOC,ger7,3835530,Love vedr. arb. transport mv. (via 3835),Love vedr. arb. transport mv. (via 3835),,CSV:SOC_ger7_hierarchical,medium,danish,SOC_ger7_3835,detail
SOC_ger7_1110521,SOC,ger7,1110521,Blodskam mv. (via 1110),Blodskam mv. (via 1110),,CSV:SOC_ger7_hierarchical,medium,danish,SOC_ger7_1110,detail
SOC_ger7_1410766,SOC,ger7,1410766,Forbr. mod off. myndighed mv. (via 1410),Forbr. mod off. myndighed mv. (via 1410),,CSV:SOC_ger7_hierarchical,medium,danish,SOC_ger7_1410,detail
SOC_ger7_3830530,SOC,ger7,3830530,"Love vedr. dyr, jagt mv. (via 3830)","Love vedr. dyr, jagt mv. (via 3830)",,CSV:SOC_ger7_hierarchical,medium,danish,SOC_ger7_3830,detail
SOC_ger7_1324315,SOC,ger7,1324315,Indbr. i ubeboede bebyggelser (via 1324),Indbr. i ubeboede bebyggelser (via 1324),,CSV:SOC_ger7_hierarchical,medium,danish,SOC_ger7_1324,detail
SOC_ger7_1145515,SOC,ger7,1145515,Seksualforbrydelse i øvrigt (via 1145),Seksualforbrydelse i øvrigt (via 1145),,CSV:SOC_ger7_hierarchical,medium,danish,SOC_ger7_1145,detail
SOC_ger7_2110025,SOC,ger7,2110025,Færdselsuheld uspecificeret (via 2110),Færdselsuheld uspecificeret (via 2110),,CSV:SOC_ger7_hierarchical,medium,danish,SOC_ger7_2110,detail
SOC_ger7_2220053,SOC,ger7,2220053,Spiritus- og promillekørsel (via 2220),Spiritus- og promillekørsel (via 2220),,CSV:SOC_ger7_hierarchical,medium,danish,SOC_ger7_2220,detail
SOC_ger7_12,SOC,ger7,12,Voldsforbrydelser (Violent offenses),,Voldsforbrydelser (Violent offenses),none|generated,medium,danish,,major_group
SOC_ger7_1316105,SOC,ger7,1316105,"Indbr. i bank., forretn. mv. (via 1316)","Indbr. i bank., forretn. mv. (via 1316)",,CSV:SOC_ger7_hierarchical,medium,danish,SOC_ger7_1316,detail
SOC_ger7_1220505,SOC,ger7,1220505,Opløb/forstyr. af off. orden (via 1220),Opløb/forstyr. af off. orden (via 1220),,CSV:SOC_ger7_hierarchical,medium,danish,SOC_ger7_1220,detail
SOC_ger7_1485305,SOC,ger7,1485305,Freds- og ærekrænkelser (via 1485),Freds- og ærekrænkelser (via 1485),,CSV:SOC_ger7_hierarchical,medium,danish,SOC_ger7_1485,detail
SOC_ger7_1286537,SOC,ger7,1286537,Forbr. mod liv og legeme (via 1286),Forbr. mod liv og legeme (via 1286),,CSV:SOC_ger7_hierarchical,medium,danish,SOC_ger7_1286,detail
SOC_ger7_1110535,SOC,ger7,1110535,Blodskam mv. (via 1110),Blodskam mv. (via 1110),,CSV:SOC_ger7_hierarchical,medium,danish,SOC_ger7_1110,detail
SOC_ger7_3855,SOC,ger7,3855,"Love vedr. spil, bev., næring","Love vedr. spil, bev., næring",,CSV:SOC_ger7,medium,danish,SOC_ger7_385,subgroup
SOC_ger7_3840,SOC,ger7,3840,Selskabs- og firmalovgiv. mv.,Selskabs- og firmalovgiv. mv.,,CSV:SOC_ger7,medium,danish,SOC_ger7_384,subgroup
SOC_ger7_2610118,SOC,ger7,2610118,Færdselslovsovertræd. i øvrigt (via 2610),Færdselslovsovertræd. i øvrigt (via 2610),,CSV:SOC_ger7_hierarchical,medium,danish,SOC_ger7_2610,detail
SOC_ger7_1120516,SOC,ger7,1120516,Voldtægt mv. (via 1120),Voldtægt mv. (via 1120),,CSV:SOC_ger7_hierarchical,medium,danish,SOC_ger7_1120,detail
SOC_ger7_3840550,SOC,ger7,3840550,Selskabs- og firmalovgiv. mv. (via 3840),Selskabs- og firmalovgiv. mv. (via 3840),,CSV:SOC_ger7_hierarchical,medium,danish,SOC_ger7_3840,detail
SOC_ger7_1398566,SOC,ger7,1398566,Berig.forbr. og formuekrænk. (via 1398),Berig.forbr. og formuekrænk. (via 1398),,CSV:SOC_ger7_hierarchical,medium,danish,SOC_ger7_1398,detail
SOC_ger7_1316805,SOC,ger7,1316805,"Indbr. i bank., forretn. mv. (via 1316)","Indbr. i bank., forretn. mv. (via 1316)",,CSV:SOC_ger7_hierarchical,medium,danish,SOC_ger7_1316,detail
SOC_ger7_1390515,SOC,ger7,1390515,Hærværk (via 1390),Hærværk (via 1390),,CSV:SOC_ger7_hierarchical,medium,danish,SOC_ger7_1390,detail
SOC_ger7_1398515,SOC,ger7,1398515,Berig.forbr. og formuekrænk. (via 1398),Berig.forbr. og formuekrænk. (via 1398),,CSV:SOC_ger7_hierarchical,medium,danish,SOC_ger7_1398,detail
SOC_ger7_3825725,SOC,ger7,3825725,Miljølove (via 3825),Miljølove (via 3825),,CSV:SOC_ger7_hierarchical,medium,danish,SOC_ger7_3825,detail
SOC_ger7_1430,SOC,ger7,1430,Forbr. vedr. penge og bevism.,Forbr. vedr. penge og bevism.,,CSV:SOC_ger7,medium,danish,SOC_ger7_143,subgroup
SOC_ger7_1415565,SOC,ger7,1415565,Forbr. i off. tjeneste (via 1415),Forbr. i off. tjeneste (via 1415),,CSV:SOC_ger7_hierarchical,medium,danish,SOC_ger7_1415,detail
SOC_ger7_3835309,SOC,ger7,3835309,Love vedr. arb. transport mv. (via 3835),Love vedr. arb. transport mv. (via 3835),,CSV:SOC_ger7_hierarchical,medium,danish,SOC_ger7_3835,detail
SOC_ger7_1316305,SOC,ger7,1316305,"Indbr. i bank., forretn. mv. (via 1316)","Indbr. i bank., forretn. mv. (via 1316)",,CSV:SOC_ger7_hierarchical,medium,danish,SOC_ger7_1316,detail
SOC_ger7_1415570,SOC,ger7,1415570,Forbr. i off. tjeneste (via 1415),Forbr. i off. tjeneste (via 1415),,CSV:SOC_ger7_hierarchical,medium,danish,SOC_ger7_1415,detail
SOC_ger7_2110010,SOC,ger7,2110010,Færdselsuheld uspecificeret (via 2110),Færdselsuheld uspecificeret (via 2110),,CSV:SOC_ger7_hierarchical,medium,danish,SOC_ger7_2110,detail
SOC_ger7_1110000,SOC,ger7,1110000,Blodskam mv. (via 1110),Blodskam mv. (via 1110),,CSV:SOC_ger7_hierarchical,medium,danish,SOC_ger7_1110,detail
SOC_ger7_3810755,SOC,ger7,3810755,Andre strafferetlige særlove (via 3810),Andre strafferetlige særlove (via 3810),,CSV:SOC_ger7_hierarchical,medium,danish,SOC_ger7_3810,detail
SOC_ger7_1210,SOC,ger7,1210,Vold o.l. mod off. myndighed,Vold o.l. mod off. myndighed,,CSV:SOC_ger7,medium,danish,SOC_ger7_121,subgroup
SOC_ger7_1110515,SOC,ger7,1110515,Blodskam mv. (via 1110),Blodskam mv. (via 1110),,CSV:SOC_ger7_hierarchical,medium,danish,SOC_ger7_1110,detail
SOC_ger7_3810224,SOC,ger7,3810224,Andre strafferetlige særlove (via 3810),Andre strafferetlige særlove (via 3810),,CSV:SOC_ger7_hierarchical,medium,danish,SOC_ger7_3810,detail
SOC_ger7_1450000,SOC,ger7,1450000,Ulovligt erhverv mv. (via 1450),Ulovligt erhverv mv. (via 1450),,CSV:SOC_ger7_hierarchical,medium,danish,SOC_ger7_1450,detail
SOC_ger7_1250505,SOC,ger7,1250505,Psykisk vcld (via 1250),Psykisk vcld (via 1250),,CSV:SOC_ger7_hierarchical,medium,danish,SOC_ger7_1250,detail
SOC_ger7_3830520,SOC,ger7,3830520,"Love vedr. dyr, jagt mv. (via 3830)","Love vedr. dyr, jagt mv. (via 3830)",,CSV:SOC_ger7_hierarchical,medium,danish,SOC_ger7_3830,detail
SOC_ger7_1110530,SOC,ger7,1110530,Blodskam mv. (via 1110),Blodskam mv. (via 1110),,CSV:SOC_ger7_hierarchical,medium,danish,SOC_ger7_1110,detail
SOC_ger7_3810514,SOC,ger7,3810514,Andre strafferetlige særlove (via 3810),Andre strafferetlige særlove (via 3810),,CSV:SOC_ger7_hierarchical,medium,danish,SOC_ger7_3810,detail
SOC_ger7_1328705,SOC,ger7,1328705,"Tyveri fra bil, båd mv. (via 1328)","Tyveri fra bil, båd mv. (via 1328)",,CSV:SOC_ger7_hierarchical,medium,danish,SOC_ger7_1328,detail
SOC_ger7_38,SOC,ger7,38,Særlovsovertrædelser (Special law violations),,Særlovsovertrædelser (Special law violations),none|generated,medium,danish,,major_group
SOC_ger7_3855705,SOC,ger7,3855705,"Love vedr. spil, bev., næring (via 3855)","Love vedr. spil, bev., næring (via 3855)",,CSV:SOC_ger7_hierarchical,medium,danish,SOC_ger7_3855,detail
SOC_ger7_2220046,SOC,ger7,2220046,Spiritus- og promillekørsel (via 2220),Spiritus- og promillekørsel (via 2220),,CSV:SOC_ger7_hierarchical,medium,danish,SOC_ger7_2220,detail
SOC_ger7_1410375,SOC,ger7,1410375,Forbr. mod off. myndighed mv. (via 1410),Forbr. mod off. myndighed mv. (via 1410),,CSV:SOC_ger7_hierarchical,medium,danish,SOC_ger7_1410,detail
SOC_ger7_2220060,SOC,ger7,2220060,Spiritus- og promillekørsel (via 2220),Spiritus- og promillekørsel (via 2220),,CSV:SOC_ger7_hierarchical,medium,danish,SOC_ger7_2220,detail
SOC_ger7_1485310,SOC,ger7,1485310,Freds- og ærekrænkelser (via 1485),Freds- og ærekrænkelser (via 1485),,CSV:SOC_ger7_hierarchical,medium,danish,SOC_ger7_1485,detail
SOC_ger7_3610510,SOC,ger7,3610510,Skatte og afgiftslove mv. (via 3610),Skatte og afgiftslove mv. (via 3610),,CSV:SOC_ger7_hierarchical,medium,danish,SOC_ger7_3610,detail
SOC_ger7_1430725,SOC,ger7,1430725,Forbr. vedr. penge og bevism. (via 1430),Forbr. vedr. penge og bevism. (via 1430),,CSV:SOC_ger7_hierarchical,medium,danish,SOC_ger7_1430,detail
SOC_ger7_1455520,SOC,ger7,1455520,Forbrydelser i familieforhold (via 1455),Forbrydelser i familieforhold (via 1455),,CSV:SOC_ger7_hierarchical,medium,danish,SOC_ger7_1455,detail
SOC_ger7_1180547,SOC,ger7,1180547,Utugt mv. (via 1180),Utugt mv. (via 1180),,CSV:SOC_ger7_hierarchical,medium,danish,SOC_ger7_1180,detail
SOC_ger7_1145,SOC,ger7,1145,Seksualforbrydelse i øvrigt,Seksualforbrydelse i øvrigt,,CSV:SOC_ger7,medium,danish,SOC_ger7_114,subgroup
SOC_ger7_1160510,SOC,ger7,1160510,Homosek. sæd.forbr. i øvrigt (via 1160),Homosek. sæd.forbr. i øvrigt (via 1160),,CSV:SOC_ger7_hierarchical,medium,danish,SOC_ger7_1160,detail
SOC_ger7_1445785,SOC,ger7,1445785,Almenskadelige forbr. mv. (via 1445),Almenskadelige forbr. mv. (via 1445),,CSV:SOC_ger7_hierarchical,medium,danish,SOC_ger7_1445,detail
SOC_ger7_3835582,SOC,ger7,3835582,Love vedr. arb. transport mv. (via 3835),Love vedr. arb. transport mv. (via 3835),,CSV:SOC_ger7_hierarchical,medium,danish,SOC_ger7_3835,detail
SOC_ger7_1120530,SOC,ger7,1120530,Voldtægt mv. (via 1120),Voldtægt mv. (via 1120),,CSV:SOC_ger7_hierarchical,medium,danish,SOC_ger7_1120,detail
SOC_ger7_1485410,SOC,ger7,1485410,Freds- og ærekrænkelser (via 1485),Freds- og ærekrænkelser (via 1485),,CSV:SOC_ger7_hierarchical,medium,danish,SOC_ger7_1485,detail
SOC_ger7_3810735,SOC,ger7,3810735,Andre strafferetlige særlove (via 3810),Andre strafferetlige særlove (via 3810),,CSV:SOC_ger7_hierarchical,medium,danish,SOC_ger7_3810,detail
SOC_ger7_1283000,SOC,ger7,1283000,Uagtsomt manddrab/legemsbesk. (via 1283),Uagtsomt manddrab/legemsbesk. (via 1283),,CSV:SOC_ger7_hierarchical,medium,danish,SOC_ger7_1283,detail
SOC_ger7_1140550,SOC,ger7,1140550,Heteroseksuelle sædelighedsforbrydelser i øvrigt (via 1140),Heteroseksuelle sædelighedsforbrydelser i øvrigt (via 1140),,CSV:SOC_ger7_hierarchical,medium,danish,SOC_ger7_1140,detail
SOC_ger7_2210060,SOC,ger7,2210060,Færdselsuheld med spiritus (via 2210),Færdselsuheld med spiritus (via 2210),,CSV:SOC_ger7_hierarchical,medium,danish,SOC_ger7_2210,detail
SOC_ger7_2220024,SOC,ger7,2220024,Spiritus- og promillekørsel (via 2220),Spiritus- og promillekørsel (via 2220),,CSV:SOC_ger7_hierarchical,medium,danish,SOC_ger7_2220,detail
SOC_ger7_1110545,SOC,ger7,1110545,Blodskam mv. (via 1110),Blodskam mv. (via 1110),,CSV:SOC_ger7_hierarchical,medium,danish,SOC_ger7_1110,detail
SOC_ger7_3830510,SOC,ger7,3830510,"Love vedr. dyr, jagt mv. (via 3830)","Love vedr. dyr, jagt mv. (via 3830)",,CSV:SOC_ger7_hierarchical,medium,danish,SOC_ger7_3830,detail
SOC_ger7_2610059,SOC,ger7,2610059,Færdselslovsovertræd. i øvrigt (via 2610),Færdselslovsovertræd. i øvrigt (via 2610),,CSV:SOC_ger7_hierarchical,medium,danish,SOC_ger7_2610,detail
SOC_ger7_1150,SOC,ger7,1150,Homosek. sæd.f. børn u. 12 år,Homosek. sæd.f. børn u. 12 år,,CSV:SOC_ger7,medium,danish,SOC_ger7_115,subgroup
SOC_ger7_2220066,SOC,ger7,2220066,Spiritus- og promillekørsel (via 2220),Spiritus- og promillekørsel (via 2220),,CSV:SOC_ger7_hierarchical,medium,danish,SOC_ger7_2220,detail
SOC_ger7_3810918,SOC,ger7,3810918,Andre strafferetlige særlove (via 3810),Andre strafferetlige særlove (via 3810),,CSV:SOC_ger7_hierarchical,medium,danish,SOC_ger7_3810,detail
SOC_ger7_2610067,SOC,ger7,2610067,Færdselslovsovertræd. i øvrigt (via 2610),Færdselslovsovertræd. i øvrigt (via 2610),,CSV:SOC_ger7_hierarchical,medium,danish,SOC_ger7_2610,detail
SOC_ger7_1415550,SOC,ger7,1415550,Forbr. i off. tjeneste (via 1415),Forbr. i off. tjeneste (via 1415),,CSV:SOC_ger7_hierarchical,medium,danish,SOC_ger7_1415,detail
SOC_ger7_1120515,SOC,ger7,1120515,Voldtægt mv. (via 1120),Voldtægt mv. (via 1120),,CSV:SOC_ger7_hierarchical,medium,danish,SOC_ger7_1120,detail
SOC_ger7_2610058,SOC,ger7,2610058,Færdselslovsovertræd. i øvrigt (via 2610),Færdselslovsovertræd. i øvrigt (via 2610),,CSV:SOC_ger7_hierarchical,medium,danish,SOC_ger7_2610,detail
SOC_ger7_1485450,SOC,ger7,1485450,Freds- og ærekrænkelser (via 1485),Freds- og ærekrænkelser (via 1485),,CSV:SOC_ger7_hierarchical,medium,danish,SOC_ger7_1485,detail
SOC_ger7_1145505,SOC,ger7,1145505,Seksualforbrydelse i øvrigt (via 1145),Seksualforbrydelse i øvrigt (via 1145),,CSV:SOC_ger7_hierarchical,medium,danish,SOC_ger7_1145,detail
SOC_ger7_3610,SOC,ger7,3610,Skatte og afgiftslove mv.,Skatte og afgiftslove mv.,,CSV:SOC_ger7,medium,danish,SOC_ger7_361,subgroup
SOC_ger7_1415535,SOC,ger7,1415535,Forbr. i off. tjeneste (via 1415),Forbr. i off. tjeneste (via 1415),,CSV:SOC_ger7_hierarchical,medium,danish,SOC_ger7_1415,detail
SOC_ger7_3835315,SOC,ger7,3835315,Love vedr. arb. transport mv. (via 3835),Love vedr. arb. transport mv. (via 3835),,CSV:SOC_ger7_hierarchical,medium,danish,SOC_ger7_3835,detail
SOC_ger7_1445710,SOC,ger7,1445710,Almenskadelige forbr. mv. (via 1445),Almenskadelige forbr. mv. (via 1445),,CSV:SOC_ger7_hierarchical,medium,danish,SOC_ger7_1445,detail
SOC_ger7_1445705,SOC,ger7,1445705,Almenskadelige forbr. mv. (via 1445),Almenskadelige forbr. mv. (via 1445),,CSV:SOC_ger7_hierarchical,medium,danish,SOC_ger7_1445,detail
SOC_ger7_1398567,SOC,ger7,1398567,Berig.forbr. og formuekrænk. (via 1398),Berig.forbr. og formuekrænk. (via 1398),,CSV:SOC_ger7_hierarchical,medium,danish,SOC_ger7_1398,detail
SOC_ger7_3845715,SOC,ger7,3845715,Love vedr. forsvaret og lign. (via 3845),Love vedr. forsvaret og lign. (via 3845),,CSV:SOC_ger7_hierarchical,medium,danish,SOC_ger7_3845,detail
SOC_ger7_3810715,SOC,ger7,3810715,Andre strafferetlige særlove (via 3810),Andre strafferetlige særlove (via 3810),,CSV:SOC_ger7_hierarchical,medium,danish,SOC_ger7_3810,detail
SOC_ger7_3810225,SOC,ger7,3810225,Andre strafferetlige særlove (via 3810),Andre strafferetlige særlove (via 3810),,CSV:SOC_ger7_hierarchical,medium,danish,SOC_ger7_3810,detail
SOC_ger7_1354,SOC,ger7,1354,Underslæb,Underslæb,,CSV:SOC_ger7,medium,danish,SOC_ger7_135,subgroup
SOC_ger7_1363905,SOC,ger7,1363905,Mandatsvig (via 1363),Mandatsvig (via 1363),,CSV:SOC_ger7_hierarchical,medium,danish,SOC_ger7_1363,detail
SOC_ger7_3810510,SOC,ger7,3810510,Andre strafferetlige særlove (via 3810),Andre strafferetlige særlove (via 3810),,CSV:SOC_ger7_hierarchical,medium,danish,SOC_ger7_3810,detail
SOC_ger7_1410348,SOC,ger7,1410348,Forbr. mod off. myndighed mv. (via 1410),Forbr. mod off. myndighed mv. (via 1410),,CSV:SOC_ger7_hierarchical,medium,danish,SOC_ger7_1410,detail
SOC_ger7_1260505,SOC,ger7,1260505,Vold mod sagesløs (via 1260),Vold mod sagesløs (via 1260),,CSV:SOC_ger7_hierarchical,medium,danish,SOC_ger7_1260,detail
SOC_ger7_1430730,SOC,ger7,1430730,Forbr. vedr. penge og bevism. (via 1430),Forbr. vedr. penge og bevism. (via 1430),,CSV:SOC_ger7_hierarchical,medium,danish,SOC_ger7_1430,detail
SOC_ger7_2110020,SOC,ger7,2110020,Færdselsuheld uspecificeret (via 2110),Færdselsuheld uspecificeret (via 2110),,CSV:SOC_ger7_hierarchical,medium,danish,SOC_ger7_2110,detail
SOC_ger7_1280305,SOC,ger7,1280305,Forsætlig legemsbeskadigelse (via 1280),Forsætlig legemsbeskadigelse (via 1280),,CSV:SOC_ger7_hierarchical,medium,danish,SOC_ger7_1280,detail
SOC_ger7_1430505,SOC,ger7,1430505,Forbr. vedr. penge og bevism. (via 1430),Forbr. vedr. penge og bevism. (via 1430),,CSV:SOC_ger7_hierarchical,medium,danish,SOC_ger7_1430,detail
SOC_ger7_1376509,SOC,ger7,1376509,Hæleri (via 1376),Hæleri (via 1376),,CSV:SOC_ger7_hierarchical,medium,danish,SOC_ger7_1376,detail
SOC_ger7_1110,SOC,ger7,1110,Blodskam mv.,Blodskam mv.,,CSV:SOC_ger7,medium,danish,SOC_ger7_111,subgroup
SOC_ger7_2110030,SOC,ger7,2110030,Færdselsuheld uspecificeret (via 2110),Færdselsuheld uspecificeret (via 2110),,CSV:SOC_ger7_hierarchical,medium,danish,SOC_ger7_2110,detail
SOC_ger7_1445,SOC,ger7,1445,Almenskadelige forbr. mv.,Almenskadelige forbr. mv.,,CSV:SOC_ger7,medium,danish,SOC_ger7_144,subgroup
SOC_ger7_1390,SOC,ger7,1390,Hærværk,Hærværk,,CSV:SOC_ger7,medium,danish,SOC_ger7_139,subgroup
SOC_ger7_1376511,SOC,ger7,1376511,Hæleri (via 1376),Hæleri (via 1376),,CSV:SOC_ger7_hierarchical,medium,danish,SOC_ger7_1376,detail
SOC_ger7_1146000,SOC,ger7,1146000,Sædelighedsforbrydelser (Sexual offenses) - detail code 1146000,,Sædelighedsforbrydelser (Sexual offenses) - detail code 1146000,none|generated,medium,danish,SOC_ger7_1146,detail
SOC_ger7_2610301,SOC,ger7,2610301,Færdselslovsovertræd. i øvrigt (via 2610),Færdselslovsovertræd. i øvrigt (via 2610),,CSV:SOC_ger7_hierarchical,medium,danish,SOC_ger7_2610,detail
SOC_ger7_3810213,SOC,ger7,3810213,Andre strafferetlige særlove (via 3810),Andre strafferetlige særlove (via 3810),,CSV:SOC_ger7_hierarchical,medium,danish,SOC_ger7_3810,detail
SOC_ger7_3810242,SOC,ger7,3810242,Andre strafferetlige særlove (via 3810),Andre strafferetlige særlove (via 3810),,CSV:SOC_ger7_hierarchical,medium,danish,SOC_ger7_3810,detail
SOC_ger7_3810916,SOC,ger7,3810916,Andre strafferetlige særlove (via 3810),Andre strafferetlige særlove (via 3810),,CSV:SOC_ger7_hierarchical,medium,danish,SOC_ger7_3810,detail
SOC_ger7_11,SOC,ger7,11,Sædelighedsforbrydelser (Sexual offenses),,Sædelighedsforbrydelser (Sexual offenses),none|generated,medium,danish,,major_group
SOC_ger7_1150510,SOC,ger7,1150510,Homosek. sæd.f. børn u. 12 år (via 1150),Homosek. sæd.f. børn u. 12 år (via 1150),,CSV:SOC_ger7_hierarchical,medium,danish,SOC_ger7_1150,detail
SOC_ger7_1332315,SOC,ger7,1332315,Butikstyverier mv. (via 1332),Butikstyverier mv. (via 1332),,CSV:SOC_ger7_hierarchical,medium,danish,SOC_ger7_1332,detail
SOC_ger7_14,SOC,ger7,14,Andre straffelovsforbrydelser (Other criminal code offenses),,Andre straffelovsforbrydelser (Other criminal code offenses),none|generated,medium,danish,,major_group
SOC_ger7_1485415,SOC,ger7,1485415,Freds- og ærekrænkelser (via 1485),Freds- og ærekrænkelser (via 1485),,CSV:SOC_ger7_hierarchical,medium,danish,SOC_ger7_1485,detail
SOC_ger7_1110526,SOC,ger7,1110526,Blodskam mv. (via 1110),Blodskam mv. (via 1110),,CSV:SOC_ger7_hierarchical,medium,danish,SOC_ger7_1110,detail
SOC_ger7_2610024,SOC,ger7,2610024,Færdselslovsovertræd. i øvrigt (via 2610),Færdselslovsovertræd. i øvrigt (via 2610),,CSV:SOC_ger7_hierarchical,medium,danish,SOC_ger7_2610,detail
SOC_ger7_1410381,SOC,ger7,1410381,Forbr. mod off. myndighed mv. (via 1410),Forbr. mod off. myndighed mv. (via 1410),,CSV:SOC_ger7_hierarchical,medium,danish,SOC_ger7_1410,detail
SOC_ger7_1180550,SOC,ger7,1180550,Utugt mv. (via 1180),Utugt mv. (via 1180),,CSV:SOC_ger7_hierarchical,medium,danish,SOC_ger7_1180,detail
SOC_ger7_3840560,SOC,ger7,3840560,Selskabs- og firmalovgiv. mv. (via 3840),Selskabs- og firmalovgiv. mv. (via 3840),,CSV:SOC_ger7_hierarchical,medium,danish,SOC_ger7_3840,detail
SOC_ger7_1455,SOC,ger7,1455,Forbrydelser i familieforhold,Forbrydelser i familieforhold,,CSV:SOC_ger7,medium,danish,SOC_ger7_145,subgroup
SOC_ger7_1415,SOC,ger7,1415,Forbr. i off. tjeneste,Forbr. i off. tjeneste,,CSV:SOC_ger7,medium,danish,SOC_ger7_141,subgroup
SOC_ger7_2610079,SOC,ger7,2610079,Færdselslovsovertræd. i øvrigt (via 2610),Færdselslovsovertræd. i øvrigt (via 2610),,CSV:SOC_ger7_hierarchical,medium,danish,SOC_ger7_2610,detail
SOC_ger7_1180551,SOC,ger7,1180551,Utugt mv. (via 1180),Utugt mv. (via 1180),,CSV:SOC_ger7_hierarchical,medium,danish,SOC_ger7_1180,detail
SOC_ger7_2220007,SOC,ger7,2220007,Spiritus- og promillekørsel (via 2220),Spiritus- og promillekørsel (via 2220),,CSV:SOC_ger7_hierarchical,medium,danish,SOC_ger7_2220,detail
SOC_ger7_1270705,SOC,ger7,1270705,Forsætlig legemskrænkelse iøv. (via 1270),Forsætlig legemskrænkelse iøv. (via 1270),,CSV:SOC_ger7_hierarchical,medium,danish,SOC_ger7_1270,detail
SOC_ger7_1475305,SOC,ger7,1475305,Tilhold (via 1475),Tilhold (via 1475),,CSV:SOC_ger7_hierarchical,medium,danish,SOC_ger7_1475,detail
SOC_ger7_1485725,SOC,ger7,1485725,Freds- og ærekrænkelser (via 1485),Freds- og ærekrænkelser (via 1485),,CSV:SOC_ger7_hierarchical,medium,danish,SOC_ger7_1485,detail
SOC_ger7_3855320,SOC,ger7,3855320,"Love vedr. spil, bev., næring (via 3855)","Love vedr. spil, bev., næring (via 3855)",,CSV:SOC_ger7_hierarchical,medium,danish,SOC_ger7_3855,detail
SOC_ger7_3825515,SOC,ger7,3825515,Miljølove (via 3825),Miljølove (via 3825),,CSV:SOC_ger7_hierarchical,medium,danish,SOC_ger7_3825,detail
SOC_ger7_1176205,SOC,ger7,1176205,Blufærdighedskr. i øvrigt (via 1176),Blufærdighedskr. i øvrigt (via 1176),,CSV:SOC_ger7_hierarchical,medium,danish,SOC_ger7_1176,detail
SOC_ger7_3810243,SOC,ger7,3810243,Andre strafferetlige særlove (via 3810),Andre strafferetlige særlove (via 3810),,CSV:SOC_ger7_hierarchical,medium,danish,SOC_ger7_3810,detail
SOC_ger7_1270305,SOC,ger7,1270305,Forsætlig legemskrænkelse iøv. (via 1270),Forsætlig legemskrænkelse iøv. (via 1270),,CSV:SOC_ger7_hierarchical,medium,danish,SOC_ger7_1270,detail
SOC_ger7_1280510,SOC,ger7,1280510,Forsætlig legemsbeskadigelse (via 1280),Forsætlig legemsbeskadigelse (via 1280),,CSV:SOC_ger7_hierarchical,medium,danish,SOC_ger7_1280,detail
SOC_ger7_1145530,SOC,ger7,1145530,Seksualforbrydelse i øvrigt (via 1145),Seksualforbrydelse i øvrigt (via 1145),,CSV:SOC_ger7_hierarchical,medium,danish,SOC_ger7_1145,detail
SOC_ger7_1210705,SOC,ger7,1210705,Vold o.l. mod off. myndighed (via 1210),Vold o.l. mod off. myndighed (via 1210),,CSV:SOC_ger7_hierarchical,medium,danish,SOC_ger7_1210,detail
SOC_ger7_1280505,SOC,ger7,1280505,Forsætlig legemsbeskadigelse (via 1280),Forsætlig legemsbeskadigelse (via 1280),,CSV:SOC_ger7_hierarchical,medium,danish,SOC_ger7_1280,detail
SOC_ger7_1283705,SOC,ger7,1283705,Uagtsomt manddrab/legemsbesk. (via 1283),Uagtsomt manddrab/legemsbesk. (via 1283),,CSV:SOC_ger7_hierarchical,medium,danish,SOC_ger7_1283,detail
SOC_ger7_2220056,SOC,ger7,2220056,Spiritus- og promillekørsel (via 2220),Spiritus- og promillekørsel (via 2220),,CSV:SOC_ger7_hierarchical,medium,danish,SOC_ger7_2220,detail
SOC_ger7_1270505,SOC,ger7,1270505,Forsætlig legemskrænkelse iøv. (via 1270),Forsætlig legemskrænkelse iøv. (via 1270),,CSV:SOC_ger7_hierarchical,medium,danish,SOC_ger7_1270,detail
SOC_ger7_2220068,SOC,ger7,2220068,Spiritus- og promillekørsel (via 2220),Spiritus- og promillekørsel (via 2220),,CSV:SOC_ger7_hierarchical,medium,danish,SOC_ger7_2220,detail
SOC_ger7_2110005,SOC,ger7,2110005,Færdselsuheld uspecificeret (via 2110),Færdselsuheld uspecificeret (via 2110),,CSV:SOC_ger7_hierarchical,medium,danish,SOC_ger7_2110,detail
SOC_ger7_2220005,SOC,ger7,2220005,Spiritus- og promillekørsel (via 2220),Spiritus- og promillekørsel (via 2220),,CSV:SOC_ger7_hierarchical,medium,danish,SOC_ger7_2220,detail
SOC_ger7_2220003,SOC,ger7,2220003,Spiritus- og promillekørsel (via 2220),Spiritus- og promillekørsel (via 2220),,CSV:SOC_ger7_hierarchical,medium,danish,SOC_ger7_2220,detail
SOC_ger7_3810781,SOC,ger7,3810781,Andre strafferetlige særlove (via 3810),Andre strafferetlige særlove (via 3810),,CSV:SOC_ger7_hierarchical,medium,danish,SOC_ger7_3810,detail
SOC_ger7_2610075,SOC,ger7,2610075,Færdselslovsovertræd. i øvrigt (via 2610),Færdselslovsovertræd. i øvrigt (via 2610),,CSV:SOC_ger7_hierarchical,medium,danish,SOC_ger7_2610,detail
SOC_ger7_1283505,SOC,ger7,1283505,Uagtsomt manddrab/legemsbesk. (via 1283),Uagtsomt manddrab/legemsbesk. (via 1283),,CSV:SOC_ger7_hierarchical,medium,danish,SOC_ger7_1283,detail
SOC_ger7_4020515,SOC,ger7,4020515,Criminal offense code 4020515,,Criminal offense code 4020515,none|generated,medium,danish,SOC_ger7_4020,detail
SOC_ger7_4020630,SOC,ger7,4020630,Criminal offense code 4020630,,Criminal offense code 4020630,none|generated,medium,danish,SOC_ger7_4020,detail
SOC_ger7_4010,SOC,ger7,4010,Criminal offense code 4010,,Criminal offense code 4010,none|generated,medium,danish,SOC_ger7_401,subgroup
SOC_ger7_4020,SOC,ger7,4020,Criminal offense code 4020,,Criminal offense code 4020,none|generated,medium,danish,SOC_ger7_402,subgroup
SOC_ger7_2220055,SOC,ger7,2220055,Spiritus- og promillekørsel (via 2220),Spiritus- og promillekørsel (via 2220),,CSV:SOC_ger7_hierarchical,medium,danish,SOC_ger7_2220,detail
SOC_ger7_4020910,SOC,ger7,4020910,Criminal offense code 4020910,,Criminal offense code 4020910,none|generated,medium,danish,SOC_ger7_4020,detail
SOC_ger7_0,SOC,ger7,0,Criminal offense code 0,,Criminal offense code 0,none|generated,medium,danish,,major_group
SOC_ger7_3810218,SOC,ger7,3810218,Andre strafferetlige særlove (via 3810),Andre strafferetlige særlove (via 3810),,CSV:SOC_ger7_hierarchical,medium,danish,SOC_ger7_3810,detail
SOC_ger7_1480505,SOC,ger7,1480505,Andre straffelovsforbrydelser (Other criminal code offenses) - detail code 1480505,,Andre straffelovsforbrydelser (Other criminal code offenses) - detail code 1480505,none|generated,medium,danish,SOC_ger7_1480,detail
SOC_ger7_1312715,SOC,ger7,1312715,Brandstiftelse (via 1312),Brandstiftelse (via 1312),,CSV:SOC_ger7_hierarchical,medium,danish,SOC_ger7_1312,detail
SOC_ger7_1470,SOC,ger7,1470,Andre straffelovsforbrydelser (Other criminal code offenses) - detail code 1470,,Andre straffelovsforbrydelser (Other criminal code offenses) - detail code 1470,none|generated,medium,danish,SOC_ger7_147,subgroup
SOC_ger7_1465720,SOC,ger7,1465720,Andre straffelovsforbrydelser (Other criminal code offenses) - detail code 1465720,,Andre straffelovsforbrydelser (Other criminal code offenses) - detail code 1465720,none|generated,medium,danish,SOC_ger7_1465,detail
SOC_ger7_1430510,SOC,ger7,1430510,Forbr. vedr. penge og bevism. (via 1430),Forbr. vedr. penge og bevism. (via 1430),,CSV:SOC_ger7_hierarchical,medium,danish,SOC_ger7_1430,detail
SOC_ger7_4010825,SOC,ger7,4010825,Criminal offense code 4010825,,Criminal offense code 4010825,none|generated,medium,danish,SOC_ger7_4010,detail
SOC_ger7_4010840,SOC,ger7,4010840,Criminal offense code 4010840,,Criminal offense code 4010840,none|generated,medium,danish,SOC_ger7_4010,detail
SOC_ger7_4020340,SOC,ger7,4020340,Criminal offense code 4020340,,Criminal offense code 4020340,none|generated,medium,danish,SOC_ger7_4020,detail
