family,code,suffix,own_label_da,own_label_en,own_conf,best_cross_family,best_cross_code,best_cross_label_da,best_cross_label_en,cooc_support,cooc_share,cooc_lift,recommended_label_da,recommended_label_en,recommended_source,recommended_confidence,cross_all,source
branche,LAB_branche_77_1000,77_1000,,,,,,,,,,,,,none,none,{},empirical_industry_crosswalk
branche,LAB_branche_77_10001,77_10001,,,,,,,,,,,,,none,none,{},empirical_industry_crosswalk
branche,LAB_branche_77_11100,77_11100,,,,nace,12510,,,256,0.0469,51.279,,,none,none,"{""nace"": {""code"": ""12510"", ""n"": 256, ""share"": 0.0469, ""label_da"": """"}}",empirical_industry_crosswalk
branche,LAB_branche_77_11101,77_11101,,,,nace,12110,,,192723,0.2155,37.524,,,none,none,"{""nace"": {""code"": ""12110"", ""n"": 192723, ""share"": 0.2155, ""label_da"": """"}}",empirical_industry_crosswalk
branche,LAB_branche_77_11102,77_11102,,,,nace,11210,,,42315,0.7145,162.223,,,none,none,"{""nace"": {""code"": ""11210"", ""n"": 42315, ""share"": 0.7145, ""label_da"": """"}}",empirical_industry_crosswalk
branche,LAB_branche_77_11103,77_11103,,,,nace,14120,,,10365,0.9289,549.33,,,none,none,"{""nace"": {""code"": ""14120"", ""n"": 10365, ""share"": 0.9289, ""label_da"": """"}}",empirical_industry_crosswalk
branche,LAB_branche_77_11104,77_11104,,,,nace,12510,,,8413,0.7201,787.725,,,none,none,"{""nace"": {""code"": ""12510"", ""n"": 8413, ""share"": 0.7201, ""label_da"": """"}}",empirical_industry_crosswalk
branche,LAB_branche_77_11105,77_11105,,,,nace,12520,,,597,0.5544,11765.922,,,none,none,"{""nace"": {""code"": ""12520"", ""n"": 597, ""share"": 0.5544, ""label_da"": """"}}",empirical_industry_crosswalk
branche,LAB_branche_77_11106,77_11106,,,,nace,12210,,,1767,0.687,3842.075,,,none,none,"{""nace"": {""code"": ""12210"", ""n"": 1767, ""share"": 0.687, ""label_da"": """"}}",empirical_industry_crosswalk
branche,LAB_branche_77_11107,77_11107,,,,nace,12530,,,410,0.6829,17533.012,,,none,none,"{""nace"": {""code"": ""12530"", ""n"": 410, ""share"": 0.6829, ""label_da"": """"}}",empirical_industry_crosswalk
branche,LAB_branche_77_11201,77_11201,,,,nace,14110,,,11137,0.9102,588.576,,,none,none,"{""nace"": {""code"": ""14110"", ""n"": 11137, ""share"": 0.9102, ""label_da"": """"}}",empirical_industry_crosswalk
branche,LAB_branche_77_11202,77_11202,,,,nace,14190,,,770,0.9286,6283.968,,,none,none,"{""nace"": {""code"": ""14190"", ""n"": 770, ""share"": 0.9286, ""label_da"": """"}}",empirical_industry_crosswalk
branche,LAB_branche_77_11209,77_11209,,,,nace,14200,,,4398,0.8352,1241.33,,,none,none,"{""nace"": {""code"": ""14200"", ""n"": 4398, ""share"": 0.8352, ""label_da"": """"}}",empirical_industry_crosswalk
branche,LAB_branche_77_11300,77_11300,,,,nace,15000,,,97,0.6186,60557.32,,,none,none,"{""nace"": {""code"": ""15000"", ""n"": 97, ""share"": 0.6186, ""label_da"": """"}}",empirical_industry_crosswalk
branche,LAB_branche_77_12000,77_12000,,,,nace,20200,,,11262,0.1157,586.69,,,none,none,"{""nace"": {""code"": ""20200"", ""n"": 11262, ""share"": 0.1157, ""label_da"": """"}}",empirical_industry_crosswalk
branche,LAB_branche_77_12002,77_12002,,,,,,,,,,,,,none,none,{},empirical_industry_crosswalk
branche,LAB_branche_77_13010,77_13010,,,,nace,50100,,,10988,0.8661,648.079,,,none,none,"{""nace"": {""code"": ""50100"", ""n"": 10988, ""share"": 0.8661, ""label_da"": """"}}",empirical_industry_crosswalk
branche,LAB_branche_77_13021,77_13021,,,,nace,50200,,,2467,0.8723,2693.455,,,none,none,"{""nace"": {""code"": ""50200"", ""n"": 2467, ""share"": 0.8723, ""label_da"": """"}}",empirical_industry_crosswalk
branche,LAB_branche_77_13029,77_13029,,,,,,,,,,,,,none,none,{},empirical_industry_crosswalk
branche,LAB_branche_77_21000,77_21000,,,,,,,,,,,,,none,none,{},empirical_industry_crosswalk
branche,LAB_branche_77_22000,77_22000,,,,nace,112000,,,2199,0.4188,3012.014,,,none,none,"{""nace"": {""code"": ""112000"", ""n"": 2199, ""share"": 0.4188, ""label_da"": """"}}",empirical_industry_crosswalk
branche,LAB_branche_77_23000,77_23000,,,,nace,120000,,,8,0.875,713861.458,,,none,none,"{""nace"": {""code"": ""120000"", ""n"": 8, ""share"": 0.875, ""label_da"": """"}}",empirical_industry_crosswalk
branche,LAB_branche_77_29011,77_29011,,,,nace,142100,,,2916,0.9479,1951.72,,,none,none,"{""nace"": {""code"": ""142100"", ""n"": 2916, ""share"": 0.9479, ""label_da"": """"}}",empirical_industry_crosswalk
branche,LAB_branche_77_29012,77_29012,,,,nace,141120,,,93,0.8387,47371.452,,,none,none,"{""nace"": {""code"": ""141120"", ""n"": 93, ""share"": 0.8387, ""label_da"": """"}}",empirical_industry_crosswalk
branche,LAB_branche_77_29013,77_29013,,,,nace,141200,,,761,0.9461,8280.075,,,none,none,"{""nace"": {""code"": ""141200"", ""n"": 761, ""share"": 0.9461, ""label_da"": """"}}",empirical_industry_crosswalk
branche,LAB_branche_77_29020,77_29020,,,,nace,143000,,,15,1.0,458910.938,,,none,none,"{""nace"": {""code"": ""143000"", ""n"": 15, ""share"": 1.0, ""label_da"": """"}}",empirical_industry_crosswalk
branche,LAB_branche_77_29030,77_29030,,,,nace,144000,,,273,0.9927,26124.671,,,none,none,"{""nace"": {""code"": ""144000"", ""n"": 273, ""share"": 0.9927, ""label_da"": """"}}",empirical_industry_crosswalk
branche,LAB_branche_77_29090,77_29090,,,,nace,145000,,,893,0.5946,7796.567,,,none,none,"{""nace"": {""code"": ""145000"", ""n"": 893, ""share"": 0.5946, ""label_da"": """"}}",empirical_industry_crosswalk
branche,LAB_branche_77_30000,77_30000,,,,,,,,,,,,,none,none,{},empirical_industry_crosswalk
branche,LAB_branche_77_30001,77_30001,,,,,,,,,,,,,none,none,{},empirical_industry_crosswalk
branche,LAB_branche_77_31111,77_31111,,,,nace,151110,,,30707,0.8732,221.857,,,none,none,"{""nace"": {""code"": ""151110"", ""n"": 30707, ""share"": 0.8732, ""label_da"": """"}}",empirical_industry_crosswalk
branche,LAB_branche_77_31112,77_31112,,,,nace,151310,,,13736,0.3269,371.077,,,none,none,"{""nace"": {""code"": ""151310"", ""n"": 13736, ""share"": 0.3269, ""label_da"": """"}}",empirical_industry_crosswalk
branche,LAB_branche_77_31113,77_31113,,,,nace,151120,,,3456,0.9907,1550.093,,,none,none,"{""nace"": {""code"": ""151120"", ""n"": 3456, ""share"": 0.9907, ""label_da"": """"}}",empirical_industry_crosswalk
branche,LAB_branche_77_31114,77_31114,,,,,,,,,,,,,none,none,{},empirical_industry_crosswalk
branche,LAB_branche_77_31115,77_31115,,,,,,,,,,,,,none,none,{},empirical_industry_crosswalk
branche,LAB_branche_77_31116,77_31116,,,,nace,151130,,,2211,0.915,2874.728,,,none,none,"{""nace"": {""code"": ""151130"", ""n"": 2211, ""share"": 0.915, ""label_da"": """"}}",empirical_industry_crosswalk
branche,LAB_branche_77_31117,77_31117,,,,nace,151200,,,8169,0.9597,855.617,,,none,none,"{""nace"": {""code"": ""151200"", ""n"": 8169, ""share"": 0.9597, ""label_da"": """"}}",empirical_industry_crosswalk
branche,LAB_branche_77_31119,77_31119,,,,nace,151390,,,6439,0.7484,315.547,,,none,none,"{""nace"": {""code"": ""151390"", ""n"": 6439, ""share"": 0.7484, ""label_da"": """"}}",empirical_industry_crosswalk
branche,LAB_branche_77_31121,77_31121,,,,nace,155110,,,22545,0.9325,303.565,,,none,none,"{""nace"": {""code"": ""155110"", ""n"": 22545, ""share"": 0.9325, ""label_da"": """"}}",empirical_industry_crosswalk
branche,LAB_branche_77_31122,77_31122,,,,,,,,,,,,,none,none,{},empirical_industry_crosswalk
branche,LAB_branche_77_31123,77_31123,,,,nace,155120,,,3072,0.9993,1666.923,,,none,none,"{""nace"": {""code"": ""155120"", ""n"": 3072, ""share"": 0.9993, ""label_da"": """"}}",empirical_industry_crosswalk
branche,LAB_branche_77_31124,77_31124,,,,nace,155200,,,4460,0.7249,1584.562,,,none,none,"{""nace"": {""code"": ""155200"", ""n"": 4460, ""share"": 0.7249, ""label_da"": """"}}",empirical_industry_crosswalk
branche,LAB_branche_77_31130,77_31130,,,,nace,153200,,,6653,0.1919,975.335,,,none,none,"{""nace"": {""code"": ""153200"", ""n"": 6653, ""share"": 0.1919, ""label_da"": """"}}",empirical_industry_crosswalk
branche,LAB_branche_77_31141,77_31141,,,,nace,152020,,,5116,0.9863,1287.715,,,none,none,"{""nace"": {""code"": ""152020"", ""n"": 5116, ""share"": 0.9863, ""label_da"": """"}}",empirical_industry_crosswalk
branche,LAB_branche_77_31142,77_31142,,,,nace,152010,,,15984,0.9584,429.694,,,none,none,"{""nace"": {""code"": ""152010"", ""n"": 15984, ""share"": 0.9584, ""label_da"": """"}}",empirical_industry_crosswalk
branche,LAB_branche_77_31151,77_31151,,,,nace,154200,,,1230,0.9171,5496.88,,,none,none,"{""nace"": {""code"": ""154200"", ""n"": 1230, ""share"": 0.9171, ""label_da"": """"}}",empirical_industry_crosswalk
branche,LAB_branche_77_31152,77_31152,,,,nace,154300,,,849,0.9976,5740.813,,,none,none,"{""nace"": {""code"": ""154300"", ""n"": 849, ""share"": 0.9976, ""label_da"": """"}}",empirical_industry_crosswalk
branche,LAB_branche_77_31153,77_31153,,,,nace,152030,,,1090,0.9963,6252.675,,,none,none,"{""nace"": {""code"": ""152030"", ""n"": 1090, ""share"": 0.9963, ""label_da"": """"}}",empirical_industry_crosswalk
branche,LAB_branche_77_31154,77_31154,,,,nace,151140,,,3587,0.1338,2034.282,,,none,none,"{""nace"": {""code"": ""151140"", ""n"": 3587, ""share"": 0.1338, ""label_da"": """"}}",empirical_industry_crosswalk
branche,LAB_branche_77_31160,77_31160,,,,nace,156100,,,1905,0.9921,3753.096,,,none,none,"{""nace"": {""code"": ""156100"", ""n"": 1905, ""share"": 0.9921, ""label_da"": """"}}",empirical_industry_crosswalk
branche,LAB_branche_77_31171,77_31171,,,,nace,158110,,,8001,0.9968,858.601,,,none,none,"{""nace"": {""code"": ""158110"", ""n"": 8001, ""share"": 0.9968, ""label_da"": """"}}",empirical_industry_crosswalk
branche,LAB_branche_77_31172,77_31172,,,,,,,,,,,,,none,none,{},empirical_industry_crosswalk
branche,LAB_branche_77_31173,77_31173,,,,nace,158200,,,8908,0.9608,767.672,,,none,none,"{""nace"": {""code"": ""158200"", ""n"": 8908, ""share"": 0.9608, ""label_da"": """"}}",empirical_industry_crosswalk
branche,LAB_branche_77_31174,77_31174,,,,nace,158120,,,37869,0.9604,185.728,,,none,none,"{""nace"": {""code"": ""158120"", ""n"": 37869, ""share"": 0.9604, ""label_da"": """"}}",empirical_industry_crosswalk
branche,LAB_branche_77_31179,77_31179,,,,nace,158500,,,234,0.9872,29227.578,,,none,none,"{""nace"": {""code"": ""158500"", ""n"": 234, ""share"": 0.9872, ""label_da"": """"}}",empirical_industry_crosswalk
branche,LAB_branche_77_31180,77_31180,,,,nace,158300,,,7056,0.4714,1014.088,,,none,none,"{""nace"": {""code"": ""158300"", ""n"": 7056, ""share"": 0.4714, ""label_da"": """"}}",empirical_industry_crosswalk
branche,LAB_branche_77_31190,77_31190,,,,nace,158400,,,10366,0.9658,693.237,,,none,none,"{""nace"": {""code"": ""158400"", ""n"": 10366, ""share"": 0.9658, ""label_da"": """"}}",empirical_industry_crosswalk
branche,LAB_branche_77_31211,77_31211,,,,nace,156200,,,418,0.9976,13318.198,,,none,none,"{""nace"": {""code"": ""156200"", ""n"": 418, ""share"": 0.9976, ""label_da"": """"}}",empirical_industry_crosswalk
branche,LAB_branche_77_31219,77_31219,,,,nace,158600,,,13412,0.0273,538.633,,,none,none,"{""nace"": {""code"": ""158600"", ""n"": 13412, ""share"": 0.0273, ""label_da"": """"}}",empirical_industry_crosswalk
branche,LAB_branche_77_31220,77_31220,,,,nace,157120,,,2597,0.1055,2727.776,,,none,none,"{""nace"": {""code"": ""157120"", ""n"": 2597, ""share"": 0.1055, ""label_da"": """"}}",empirical_industry_crosswalk
branche,LAB_branche_77_31224,77_31224,,,,,,,,,,,,,none,none,{},empirical_industry_crosswalk
branche,LAB_branche_77_31310,77_31310,,,,nace,159100,,,831,1.0,4600.611,,,none,none,"{""nace"": {""code"": ""159100"", ""n"": 831, ""share"": 1.0, ""label_da"": """"}}",empirical_industry_crosswalk
branche,LAB_branche_77_31330,77_31330,,,,nace,159600,,,9508,0.9666,743.686,,,none,none,"{""nace"": {""code"": ""159600"", ""n"": 9508, ""share"": 0.9666, ""label_da"": """"}}",empirical_industry_crosswalk
branche,LAB_branche_77_31340,77_31340,,,,nace,159800,,,4442,0.9941,1553.436,,,none,none,"{""nace"": {""code"": ""159800"", ""n"": 4442, ""share"": 0.9941, ""label_da"": """"}}",empirical_industry_crosswalk
branche,LAB_branche_77_31400,77_31400,,,,nace,160000,,,2486,0.994,2883.553,,,none,none,"{""nace"": {""code"": ""160000"", ""n"": 2486, ""share"": 0.994, ""label_da"": """"}}",empirical_industry_crosswalk
branche,LAB_branche_77_32111,77_32111,,,,nace,171000,,,1108,0.9061,6324.506,,,none,none,"{""nace"": {""code"": ""171000"", ""n"": 1108, ""share"": 0.9061, ""label_da"": """"}}",empirical_industry_crosswalk
branche,LAB_branche_77_32112,77_32112,,,,nace,172000,,,1409,1.0,1936.333,,,none,none,"{""nace"": {""code"": ""172000"", ""n"": 1409, ""share"": 1.0, ""label_da"": """"}}",empirical_industry_crosswalk
branche,LAB_branche_77_32113,77_32113,,,,,,,,,,,,,none,none,{},empirical_industry_crosswalk
branche,LAB_branche_77_32114,77_32114,,,,nace,172000,,,1935,0.8941,1731.192,,,none,none,"{""nace"": {""code"": ""172000"", ""n"": 1935, ""share"": 0.8941, ""label_da"": """"}}",empirical_industry_crosswalk
branche,LAB_branche_77_32115,77_32115,,,,,,,,,,,,,none,none,{},empirical_industry_crosswalk
branche,LAB_branche_77_32116,77_32116,,,,,,,,,,,,,none,none,{},empirical_industry_crosswalk
branche,LAB_branche_77_32117,77_32117,,,,nace,173000,,,2874,0.952,2360.692,,,none,none,"{""nace"": {""code"": ""173000"", ""n"": 2874, ""share"": 0.952, ""label_da"": """"}}",empirical_industry_crosswalk
branche,LAB_branche_77_32121,77_32121,,,,,,,,,,,,,none,none,{},empirical_industry_crosswalk
branche,LAB_branche_77_32122,77_32122,,,,,,,,,,,,,none,none,{},empirical_industry_crosswalk
branche,LAB_branche_77_32123,77_32123,,,,nace,174010,,,2778,0.9647,2273.283,,,none,none,"{""nace"": {""code"": ""174010"", ""n"": 2778, ""share"": 0.9647, ""label_da"": """"}}",empirical_industry_crosswalk
branche,LAB_branche_77_32124,77_32124,,,,,,,,,,,,,none,none,{},empirical_industry_crosswalk
branche,LAB_branche_77_32129,77_32129,,,,nace,174020,,,6499,0.8241,1069.875,,,none,none,"{""nace"": {""code"": ""174020"", ""n"": 6499, ""share"": 0.8241, ""label_da"": """"}}",empirical_industry_crosswalk
branche,LAB_branche_77_32130,77_32130,,,,nace,177100,,,8320,0.0661,851.555,,,none,none,"{""nace"": {""code"": ""177100"", ""n"": 8320, ""share"": 0.0661, ""label_da"": """"}}",empirical_industry_crosswalk
branche,LAB_branche_77_32140,77_32140,,,,nace,175100,,,1926,0.9958,3650.562,,,none,none,"{""nace"": {""code"": ""175100"", ""n"": 1926, ""share"": 0.9958, ""label_da"": """"}}",empirical_industry_crosswalk
branche,LAB_branche_77_32151,77_32151,,,,nace,175210,,,454,0.9714,13984.951,,,none,none,"{""nace"": {""code"": ""175210"", ""n"": 454, ""share"": 0.9714, ""label_da"": """"}}",empirical_industry_crosswalk
branche,LAB_branche_77_32152,77_32152,,,,nace,175220,,,870,0.9586,8044.279,,,none,none,"{""nace"": {""code"": ""175220"", ""n"": 870, ""share"": 0.9586, ""label_da"": """"}}",empirical_industry_crosswalk
branche,LAB_branche_77_32190,77_32190,,,,nace,175400,,,2648,0.935,2541.888,,,none,none,"{""nace"": {""code"": ""175400"", ""n"": 2648, ""share"": 0.935, ""label_da"": """"}}",empirical_industry_crosswalk
branche,LAB_branche_77_32211,77_32211,,,,nace,182220,,,4771,0.4236,1504.024,,,none,none,"{""nace"": {""code"": ""182220"", ""n"": 4771, ""share"": 0.4236, ""label_da"": """"}}",empirical_industry_crosswalk
branche,LAB_branche_77_32212,77_32212,,,,nace,182230,,,4569,1.0,635.666,,,none,none,"{""nace"": {""code"": ""182230"", ""n"": 4569, ""share"": 1.0, ""label_da"": """"}}",empirical_industry_crosswalk
branche,LAB_branche_77_32213,77_32213,,,,nace,182210,,,1113,0.982,6375.449,,,none,none,"{""nace"": {""code"": ""182210"", ""n"": 1113, ""share"": 0.982, ""label_da"": """"}}",empirical_industry_crosswalk
branche,LAB_branche_77_32214,77_32214,,,,nace,182310,,,799,0.9937,8898.325,,,none,none,"{""nace"": {""code"": ""182310"", ""n"": 799, ""share"": 0.9937, ""label_da"": """"}}",empirical_industry_crosswalk
branche,LAB_branche_77_32215,77_32215,,,,,,,,,,,,,none,none,{},empirical_industry_crosswalk
branche,LAB_branche_77_32219,77_32219,,,,nace,182490,,,6067,0.4833,1150.226,,,none,none,"{""nace"": {""code"": ""182490"", ""n"": 6067, ""share"": 0.4833, ""label_da"": """"}}",empirical_industry_crosswalk
branche,LAB_branche_77_32291,77_32291,,,,,,,,,,,,,none,none,{},empirical_industry_crosswalk
branche,LAB_branche_77_32292,77_32292,,,,nace,182230,,,7355,0.8893,565.315,,,none,none,"{""nace"": {""code"": ""182230"", ""n"": 7355, ""share"": 0.8893, ""label_da"": """"}}",empirical_industry_crosswalk
branche,LAB_branche_77_32293,77_32293,,,,,,,,,,,,,none,none,{},empirical_industry_crosswalk
branche,LAB_branche_77_32294,77_32294,,,,nace,183000,,,443,0.833,9087.742,,,none,none,"{""nace"": {""code"": ""183000"", ""n"": 443, ""share"": 0.833, ""label_da"": """"}}",empirical_industry_crosswalk
branche,LAB_branche_77_32295,77_32295,,,,,,,,,,,,,none,none,{},empirical_industry_crosswalk
branche,LAB_branche_77_32296,77_32296,,,,,,,,,,,,,none,none,{},empirical_industry_crosswalk
branche,LAB_branche_77_32299,77_32299,,,,,,,,,,,,,none,none,{},empirical_industry_crosswalk
branche,LAB_branche_77_32310,77_32310,,,,nace,191000,,,652,0.9479,10544.97,,,none,none,"{""nace"": {""code"": ""191000"", ""n"": 652, ""share"": 0.9479, ""label_da"": """"}}",empirical_industry_crosswalk
branche,LAB_branche_77_32320,77_32320,,,,nace,183000,,,224,1.0,10910.215,,,none,none,"{""nace"": {""code"": ""183000"", ""n"": 224, ""share"": 1.0, ""label_da"": """"}}",empirical_industry_crosswalk
branche,LAB_branche_77_32330,77_32330,,,,nace,192000,,,931,0.9119,7374.296,,,none,none,"{""nace"": {""code"": ""192000"", ""n"": 931, ""share"": 0.9119, ""label_da"": """"}}",empirical_industry_crosswalk
branche,LAB_branche_77_32401,77_32401,,,,nace,193010,,,2606,0.9985,2589.652,,,none,none,"{""nace"": {""code"": ""193010"", ""n"": 2606, ""share"": 0.9985, ""label_da"": """"}}",empirical_industry_crosswalk
branche,LAB_branche_77_32402,77_32402,,,,nace,193010,,,82,0.7805,2024.299,,,none,none,"{""nace"": {""code"": ""193010"", ""n"": 82, ""share"": 0.7805, ""label_da"": """"}}",empirical_industry_crosswalk
branche,LAB_branche_77_32403,77_32403,,,,nace,193020,,,356,0.9551,18357.517,,,none,none,"{""nace"": {""code"": ""193020"", ""n"": 356, ""share"": 0.9551, ""label_da"": """"}}",empirical_industry_crosswalk
branche,LAB_branche_77_32409,77_32409,,,,,,,,,,,,,none,none,{},empirical_industry_crosswalk
branche,LAB_branche_77_33111,77_33111,,,,nace,201010,,,5391,0.9226,1229.513,,,none,none,"{""nace"": {""code"": ""201010"", ""n"": 5391, ""share"": 0.9226, ""label_da"": """"}}",empirical_industry_crosswalk
branche,LAB_branche_77_33112,77_33112,,,,nace,201020,,,670,0.894,10052.804,,,none,none,"{""nace"": {""code"": ""201020"", ""n"": 670, ""share"": 0.894, ""label_da"": """"}}",empirical_industry_crosswalk
branche,LAB_branche_77_33113,77_33113,,,,nace,202000,,,4380,0.9404,1597.649,,,none,none,"{""nace"": {""code"": ""202000"", ""n"": 4380, ""share"": 0.9404, ""label_da"": """"}}",empirical_industry_crosswalk
branche,LAB_branche_77_33114,77_33114,,,,nace,203030,,,23037,0.1069,304.158,,,none,none,"{""nace"": {""code"": ""203030"", ""n"": 23037, ""share"": 0.1069, ""label_da"": """"}}",empirical_industry_crosswalk
branche,LAB_branche_77_33121,77_33121,,,,nace,204000,,,2472,0.9381,2789.842,,,none,none,"{""nace"": {""code"": ""204000"", ""n"": 2472, ""share"": 0.9381, ""label_da"": """"}}",empirical_industry_crosswalk
branche,LAB_branche_77_33122,77_33122,,,,,,,,,,,,,none,none,{},empirical_industry_crosswalk
branche,LAB_branche_77_33123,77_33123,,,,nace,205200,,,106,0.8585,68516.645,,,none,none,"{""nace"": {""code"": ""205200"", ""n"": 106, ""share"": 0.8585, ""label_da"": """"}}",empirical_industry_crosswalk
branche,LAB_branche_77_33191,77_33191,,,,nace,205190,,,4359,0.961,1573.643,,,none,none,"{""nace"": {""code"": ""205190"", ""n"": 4359, ""share"": 0.961, ""label_da"": """"}}",empirical_industry_crosswalk
branche,LAB_branche_77_33192,77_33192,,,,nace,203010,,,827,0.9541,8491.139,,,none,none,"{""nace"": {""code"": ""203010"", ""n"": 827, ""share"": 0.9541, ""label_da"": """"}}",empirical_industry_crosswalk
branche,LAB_branche_77_33193,77_33193,,,,nace,205110,,,780,0.9436,8859.819,,,none,none,"{""nace"": {""code"": ""205110"", ""n"": 780, ""share"": 0.9436, ""label_da"": """"}}",empirical_industry_crosswalk
branche,LAB_branche_77_33194,77_33194,,,,,,,,,,,,,none,none,{},empirical_industry_crosswalk
branche,LAB_branche_77_33195,77_33195,,,,,,,,,,,,,none,none,{},empirical_industry_crosswalk
branche,LAB_branche_77_33196,77_33196,,,,,,,,,,,,,none,none,{},empirical_industry_crosswalk
branche,LAB_branche_77_33197,77_33197,,,,nace,205120,,,209,0.9761,33806.204,,,none,none,"{""nace"": {""code"": ""205120"", ""n"": 209, ""share"": 0.9761, ""label_da"": """"}}",empirical_industry_crosswalk
branche,LAB_branche_77_33201,77_33201,,,,nace,361110,,,56904,0.2177,122.942,,,none,none,"{""nace"": {""code"": ""361110"", ""n"": 56904, ""share"": 0.2177, ""label_da"": """"}}",empirical_industry_crosswalk
branche,LAB_branche_77_33202,77_33202,,,,nace,361120,,,1678,0.8683,4225.0,,,none,none,"{""nace"": {""code"": ""361120"", ""n"": 1678, ""share"": 0.8683, ""label_da"": """"}}",empirical_industry_crosswalk
branche,LAB_branche_77_33203,77_33203,,,,nace,361500,,,1537,0.9941,4625.843,,,none,none,"{""nace"": {""code"": ""361500"", ""n"": 1537, ""share"": 0.9941, ""label_da"": """"}}",empirical_industry_crosswalk
branche,LAB_branche_77_33209,77_33209,,,,nace,361490,,,769,0.7971,9410.055,,,none,none,"{""nace"": {""code"": ""361490"", ""n"": 769, ""share"": 0.7971, ""label_da"": """"}}",empirical_industry_crosswalk
branche,LAB_branche_77_34110,77_34110,,,,nace,211200,,,2818,0.9911,2512.926,,,none,none,"{""nace"": {""code"": ""211200"", ""n"": 2818, ""share"": 0.9911, ""label_da"": """"}}",empirical_industry_crosswalk
branche,LAB_branche_77_34120,77_34120,,,,nace,212100,,,15014,0.7344,446.748,,,none,none,"{""nace"": {""code"": ""212100"", ""n"": 15014, ""share"": 0.7344, ""label_da"": """"}}",empirical_industry_crosswalk
branche,LAB_branche_77_34154,77_34154,,,,,,,,,,,,,none,none,{},empirical_industry_crosswalk
branche,LAB_branche_77_34191,77_34191,,,,nace,212400,,,157,1.0,46471.994,,,none,none,"{""nace"": {""code"": ""212400"", ""n"": 157, ""share"": 1.0, ""label_da"": """"}}",empirical_industry_crosswalk
branche,LAB_branche_77_34199,77_34199,,,,nace,212310,,,5541,0.0776,1292.082,,,none,none,"{""nace"": {""code"": ""212310"", ""n"": 5541, ""share"": 0.0776, ""label_da"": """"}}",empirical_industry_crosswalk
branche,LAB_branche_77_34211,77_34211,,,,nace,222410,,,6187,0.9677,1121.228,,,none,none,"{""nace"": {""code"": ""222410"", ""n"": 6187, ""share"": 0.9677, ""label_da"": """"}}",empirical_industry_crosswalk
branche,LAB_branche_77_34212,77_34212,,,,nace,222420,,,653,0.9372,10702.264,,,none,none,"{""nace"": {""code"": ""222420"", ""n"": 653, ""share"": 0.9372, ""label_da"": """"}}",empirical_industry_crosswalk
branche,LAB_branche_77_34221,77_34221,,,,nace,222210,,,16683,0.9582,421.33,,,none,none,"{""nace"": {""code"": ""222210"", ""n"": 16683, ""share"": 0.9582, ""label_da"": """"}}",empirical_industry_crosswalk
branche,LAB_branche_77_34222,77_34222,,,,nace,222220,,,12713,0.8802,545.028,,,none,none,"{""nace"": {""code"": ""222220"", ""n"": 12713, ""share"": 0.8802, ""label_da"": """"}}",empirical_industry_crosswalk
branche,LAB_branche_77_34223,77_34223,,,,nace,222230,,,1392,0.9526,5094.272,,,none,none,"{""nace"": {""code"": ""222230"", ""n"": 1392, ""share"": 0.9526, ""label_da"": """"}}",empirical_industry_crosswalk
branche,LAB_branche_77_34224,77_34224,,,,,,,,,,,,,none,none,{},empirical_industry_crosswalk
branche,LAB_branche_77_34229,77_34229,,,,nace,222100,,,10994,0.1768,640.524,,,none,none,"{""nace"": {""code"": ""222100"", ""n"": 10994, ""share"": 0.1768, ""label_da"": """"}}",empirical_industry_crosswalk
branche,LAB_branche_77_34230,77_34230,,,,nace,222300,,,3982,0.9754,1730.338,,,none,none,"{""nace"": {""code"": ""222300"", ""n"": 3982, ""share"": 0.9754, ""label_da"": """"}}",empirical_industry_crosswalk
branche,LAB_branche_77_34240,77_34240,,,,nace,221220,,,56274,0.3258,126.465,,,none,none,"{""nace"": {""code"": ""221220"", ""n"": 56274, ""share"": 0.3258, ""label_da"": """"}}",empirical_industry_crosswalk
branche,LAB_branche_77_34244,77_34244,,,,,,,,,,,,,none,none,{},empirical_industry_crosswalk
branche,LAB_branche_77_34291,77_34291,,,,nace,221110,,,11025,0.174,629.249,,,none,none,"{""nace"": {""code"": ""221110"", ""n"": 11025, ""share"": 0.174, ""label_da"": """"}}",empirical_industry_crosswalk
branche,LAB_branche_77_34292,77_34292,,,,nace,221320,,,9888,0.6805,597.273,,,none,none,"{""nace"": {""code"": ""221320"", ""n"": 9888, ""share"": 0.6805, ""label_da"": """"}}",empirical_industry_crosswalk
branche,LAB_branche_77_34293,77_34293,,,,nace,221330,,,36274,0.0658,196.495,,,none,none,"{""nace"": {""code"": ""221330"", ""n"": 36274, ""share"": 0.0658, ""label_da"": """"}}",empirical_industry_crosswalk
branche,LAB_branche_77_34299,77_34299,,,,nace,222500,,,7120,0.0923,944.963,,,none,none,"{""nace"": {""code"": ""222500"", ""n"": 7120, ""share"": 0.0923, ""label_da"": """"}}",empirical_industry_crosswalk
branche,LAB_branche_77_35111,77_35111,,,,nace,241100,,,1174,0.9804,6059.533,,,none,none,"{""nace"": {""code"": ""241100"", ""n"": 1174, ""share"": 0.9804, ""label_da"": """"}}",empirical_industry_crosswalk
branche,LAB_branche_77_35119,77_35119,,,,nace,241300,,,8113,0.0302,897.71,,,none,none,"{""nace"": {""code"": ""241300"", ""n"": 8113, ""share"": 0.0302, ""label_da"": """"}}",empirical_industry_crosswalk
branche,LAB_branche_77_35121,77_35121,,,,nace,241500,,,1275,0.9961,5176.066,,,none,none,"{""nace"": {""code"": ""241500"", ""n"": 1275, ""share"": 0.9961, ""label_da"": """"}}",empirical_industry_crosswalk
branche,LAB_branche_77_35122,77_35122,,,,nace,242000,,,1409,0.9915,4879.384,,,none,none,"{""nace"": {""code"": ""242000"", ""n"": 1409, ""share"": 0.9915, ""label_da"": """"}}",empirical_industry_crosswalk
branche,LAB_branche_77_35131,77_35131,,,,nace,241600,,,1619,0.9969,3931.202,,,none,none,"{""nace"": {""code"": ""241600"", ""n"": 1619, ""share"": 0.9969, ""label_da"": """"}}",empirical_industry_crosswalk
branche,LAB_branche_77_35132,77_35132,,,,nace,252130,,,11018,0.0347,652.746,,,none,none,"{""nace"": {""code"": ""252130"", ""n"": 11018, ""share"": 0.0347, ""label_da"": """"}}",empirical_industry_crosswalk
branche,LAB_branche_77_35133,77_35133,,,,,,,,,,,,,none,none,{},empirical_industry_crosswalk
branche,LAB_branche_77_35210,77_35210,,,,nace,243000,,,6494,0.9156,1078.782,,,none,none,"{""nace"": {""code"": ""243000"", ""n"": 6494, ""share"": 0.9156, ""label_da"": """"}}",empirical_industry_crosswalk
branche,LAB_branche_77_35220,77_35220,,,,nace,244200,,,28674,0.7707,249.39,,,none,none,"{""nace"": {""code"": ""244200"", ""n"": 28674, ""share"": 0.7707, ""label_da"": """"}}",empirical_industry_crosswalk
branche,LAB_branche_77_35231,77_35231,,,,nace,245110,,,3793,0.9209,1872.564,,,none,none,"{""nace"": {""code"": ""245110"", ""n"": 3793, ""share"": 0.9209, ""label_da"": """"}}",empirical_industry_crosswalk
branche,LAB_branche_77_35232,77_35232,,,,nace,245200,,,1621,0.8748,3902.22,,,none,none,"{""nace"": {""code"": ""245200"", ""n"": 1621, ""share"": 0.8748, ""label_da"": """"}}",empirical_industry_crosswalk
branche,LAB_branche_77_35291,77_35291,,,,nace,246100,,,80,0.8875,89267.607,,,none,none,"{""nace"": {""code"": ""246100"", ""n"": 80, ""share"": 0.8875, ""label_da"": """"}}",empirical_industry_crosswalk
branche,LAB_branche_77_35292,77_35292,,,,nace,245120,,,2828,0.9982,1643.038,,,none,none,"{""nace"": {""code"": ""245120"", ""n"": 2828, ""share"": 0.9982, ""label_da"": """"}}",empirical_industry_crosswalk
branche,LAB_branche_77_35293,77_35293,,,,nace,366310,,,1982,0.9384,3513.825,,,none,none,"{""nace"": {""code"": ""366310"", ""n"": 1982, ""share"": 0.9384, ""label_da"": """"}}",empirical_industry_crosswalk
branche,LAB_branche_77_35294,77_35294,,,,nace,246200,,,508,1.0,14174.855,,,none,none,"{""nace"": {""code"": ""246200"", ""n"": 508, ""share"": 1.0, ""label_da"": """"}}",empirical_industry_crosswalk
branche,LAB_branche_77_35295,77_35295,,,,nace,246400,,,123,0.561,38138.94,,,none,none,"{""nace"": {""code"": ""246400"", ""n"": 123, ""share"": 0.561, ""label_da"": """"}}",empirical_industry_crosswalk
branche,LAB_branche_77_35299,77_35299,,,,nace,246600,,,2935,0.9445,2076.285,,,none,none,"{""nace"": {""code"": ""246600"", ""n"": 2935, ""share"": 0.9445, ""label_da"": """"}}",empirical_industry_crosswalk
branche,LAB_branche_77_35300,77_35300,,,,nace,232000,,,1311,1.0,2715.449,,,none,none,"{""nace"": {""code"": ""232000"", ""n"": 1311, ""share"": 1.0, ""label_da"": """"}}",empirical_industry_crosswalk
branche,LAB_branche_77_35401,77_35401,,,,nace,268210,,,5529,0.9246,982.886,,,none,none,"{""nace"": {""code"": ""268210"", ""n"": 5529, ""share"": 0.9246, ""label_da"": """"}}",empirical_industry_crosswalk
branche,LAB_branche_77_35402,77_35402,,,,,,,,,,,,,none,none,{},empirical_industry_crosswalk
branche,LAB_branche_77_35409,77_35409,,,,nace,232000,,,2285,0.2013,546.655,,,none,none,"{""nace"": {""code"": ""232000"", ""n"": 2285, ""share"": 0.2013, ""label_da"": """"}}",empirical_industry_crosswalk
branche,LAB_branche_77_35510,77_35510,,,,nace,251200,,,692,0.8006,9242.617,,,none,none,"{""nace"": {""code"": ""251200"", ""n"": 692, ""share"": 0.8006, ""label_da"": """"}}",empirical_industry_crosswalk
branche,LAB_branche_77_35590,77_35590,,,,nace,251300,,,5155,0.9779,1338.091,,,none,none,"{""nace"": {""code"": ""251300"", ""n"": 5155, ""share"": 0.9779, ""label_da"": """"}}",empirical_industry_crosswalk
branche,LAB_branche_77_35601,77_35601,,,,nace,252200,,,12187,0.9726,557.7,,,none,none,"{""nace"": {""code"": ""252200"", ""n"": 12187, ""share"": 0.9726, ""label_da"": """"}}",empirical_industry_crosswalk
branche,LAB_branche_77_35609,77_35609,,,,nace,252420,,,28224,0.0443,250.719,,,none,none,"{""nace"": {""code"": ""252420"", ""n"": 28224, ""share"": 0.0443, ""label_da"": """"}}",empirical_industry_crosswalk
branche,LAB_branche_77_36101,77_36101,,,,nace,262300,,,141,0.0851,52075.0,,,none,none,"{""nace"": {""code"": ""262300"", ""n"": 141, ""share"": 0.0851, ""label_da"": """"}}",empirical_industry_crosswalk
branche,LAB_branche_77_36102,77_36102,,,,nace,262500,,,4776,0.0634,1474.143,,,none,none,"{""nace"": {""code"": ""262500"", ""n"": 4776, ""share"": 0.0634, ""label_da"": """"}}",empirical_industry_crosswalk
branche,LAB_branche_77_36103,77_36103,,,,,,,,,,,,,none,none,{},empirical_industry_crosswalk
branche,LAB_branche_77_36201,77_36201,,,,nace,261100,,,2888,0.0201,2304.089,,,none,none,"{""nace"": {""code"": ""261100"", ""n"": 2888, ""share"": 0.0201, ""label_da"": """"}}",empirical_industry_crosswalk
branche,LAB_branche_77_36202,77_36202,,,,nace,261500,,,4067,0.1215,1735.154,,,none,none,"{""nace"": {""code"": ""261500"", ""n"": 4067, ""share"": 0.1215, ""label_da"": """"}}",empirical_industry_crosswalk
branche,LAB_branche_77_36911,77_36911,,,,nace,263000,,,1933,0.0698,3689.228,,,none,none,"{""nace"": {""code"": ""263000"", ""n"": 1933, ""share"": 0.0698, ""label_da"": """"}}",empirical_industry_crosswalk
branche,LAB_branche_77_36912,77_36912,,,,,,,,,,,,,none,none,{},empirical_industry_crosswalk
branche,LAB_branche_77_36921,77_36921,,,,nace,265100,,,1558,0.9897,4547.666,,,none,none,"{""nace"": {""code"": ""265100"", ""n"": 1558, ""share"": 0.9897, ""label_da"": """"}}",empirical_industry_crosswalk
branche,LAB_branche_77_36922,77_36922,,,,nace,265200,,,49,0.9388,127648.696,,,none,none,"{""nace"": {""code"": ""265200"", ""n"": 49, ""share"": 0.9388, ""label_da"": """"}}",empirical_industry_crosswalk
branche,LAB_branche_77_36923,77_36923,,,,nace,266400,,,712,0.9817,9509.909,,,none,none,"{""nace"": {""code"": ""266400"", ""n"": 712, ""share"": 0.9817, ""label_da"": """"}}",empirical_industry_crosswalk
branche,LAB_branche_77_36991,77_36991,,,,nace,267000,,,1355,0.9107,5143.762,,,none,none,"{""nace"": {""code"": ""267000"", ""n"": 1355, ""share"": 0.9107, ""label_da"": """"}}",empirical_industry_crosswalk
branche,LAB_branche_77_36992,77_36992,,,,nace,266300,,,2497,0.9063,2707.276,,,none,none,"{""nace"": {""code"": ""266300"", ""n"": 2497, ""share"": 0.9063, ""label_da"": """"}}",empirical_industry_crosswalk
branche,LAB_branche_77_36993,77_36993,,,,nace,266500,,,13853,0.0767,515.487,,,none,none,"{""nace"": {""code"": ""266500"", ""n"": 13853, ""share"": 0.0767, ""label_da"": """"}}",empirical_industry_crosswalk
branche,LAB_branche_77_36994,77_36994,,,,nace,261400,,,5732,0.9937,1181.039,,,none,none,"{""nace"": {""code"": ""261400"", ""n"": 5732, ""share"": 0.9937, ""label_da"": """"}}",empirical_industry_crosswalk
branche,LAB_branche_77_36995,77_36995,,,,nace,266200,,,1041,0.9779,6767.528,,,none,none,"{""nace"": {""code"": ""266200"", ""n"": 1041, ""share"": 0.9779, ""label_da"": """"}}",empirical_industry_crosswalk
branche,LAB_branche_77_36996,77_36996,,,,nace,268100,,,188,1.0,27295.818,,,none,none,"{""nace"": {""code"": ""268100"", ""n"": 188, ""share"": 1.0, ""label_da"": """"}}",empirical_industry_crosswalk
branche,LAB_branche_77_36999,77_36999,,,,nace,268220,,,4283,0.5321,1630.639,,,none,none,"{""nace"": {""code"": ""268220"", ""n"": 4283, ""share"": 0.5321, ""label_da"": """"}}",empirical_industry_crosswalk
branche,LAB_branche_77_37101,77_37101,,,,nace,273300,,,5906,0.0378,1221.333,,,none,none,"{""nace"": {""code"": ""273300"", ""n"": 5906, ""share"": 0.0378, ""label_da"": """"}}",empirical_industry_crosswalk
branche,LAB_branche_77_37102,77_37102,,,,nace,275100,,,2167,0.9455,3299.785,,,none,none,"{""nace"": {""code"": ""275100"", ""n"": 2167, ""share"": 0.9455, ""label_da"": """"}}",empirical_industry_crosswalk
branche,LAB_branche_77_37201,77_37201,,,,nace,274400,,,7435,0.0203,962.083,,,none,none,"{""nace"": {""code"": ""274400"", ""n"": 7435, ""share"": 0.0203, ""label_da"": """"}}",empirical_industry_crosswalk
branche,LAB_branche_77_37202,77_37202,,,,nace,275400,,,1595,0.2376,4508.333,,,none,none,"{""nace"": {""code"": ""275400"", ""n"": 1595, ""share"": 0.2376, ""label_da"": """"}}",empirical_industry_crosswalk
branche,LAB_branche_77_38110,77_38110,,,,nace,286100,,,9973,0.0566,720.907,,,none,none,"{""nace"": {""code"": ""286100"", ""n"": 9973, ""share"": 0.0566, ""label_da"": """"}}",empirical_industry_crosswalk
branche,LAB_branche_77_38121,77_38121,,,,nace,361200,,,4995,0.9171,606.284,,,none,none,"{""nace"": {""code"": ""361200"", ""n"": 4995, ""share"": 0.9171, ""label_da"": """"}}",empirical_industry_crosswalk
branche,LAB_branche_77_38122,77_38122,,,,nace,315000,,,4942,1.0,808.298,,,none,none,"{""nace"": {""code"": ""315000"", ""n"": 4942, ""share"": 1.0, ""label_da"": """"}}",empirical_industry_crosswalk
branche,LAB_branche_77_38131,77_38131,,,,nace,281200,,,36057,0.0904,195.026,,,none,none,"{""nace"": {""code"": ""281200"", ""n"": 36057, ""share"": 0.0904, ""label_da"": """"}}",empirical_industry_crosswalk
branche,LAB_branche_77_38132,77_38132,,,,nace,282100,,,6414,0.5131,985.985,,,none,none,"{""nace"": {""code"": ""282100"", ""n"": 6414, ""share"": 0.5131, ""label_da"": """"}}",empirical_industry_crosswalk
branche,LAB_branche_77_38133,77_38133,,,,nace,272200,,,6974,0.9794,977.299,,,none,none,"{""nace"": {""code"": ""272200"", ""n"": 6974, ""share"": 0.9794, ""label_da"": """"}}",empirical_industry_crosswalk
branche,LAB_branche_77_38190,77_38190,,,,nace,282200,,,2256,0.9038,1654.94,,,none,none,"{""nace"": {""code"": ""282200"", ""n"": 2256, ""share"": 0.9038, ""label_da"": """"}}",empirical_industry_crosswalk
branche,LAB_branche_77_38191,77_38191,,,,nace,287200,,,5487,0.8034,1311.401,,,none,none,"{""nace"": {""code"": ""287200"", ""n"": 5487, ""share"": 0.8034, ""label_da"": """"}}",empirical_industry_crosswalk
branche,LAB_branche_77_38192,77_38192,,,,nace,292100,,,3401,0.3734,2025.008,,,none,none,"{""nace"": {""code"": ""292100"", ""n"": 3401, ""share"": 0.3734, ""label_da"": """"}}",empirical_industry_crosswalk
branche,LAB_branche_77_38193,77_38193,,,,nace,291300,,,21412,0.9922,329.338,,,none,none,"{""nace"": {""code"": ""291300"", ""n"": 21412, ""share"": 0.9922, ""label_da"": """"}}",empirical_industry_crosswalk
branche,LAB_branche_77_38194,77_38194,,,,nace,287400,,,1000,0.993,3025.385,,,none,none,"{""nace"": {""code"": ""287400"", ""n"": 1000, ""share"": 0.993, ""label_da"": """"}}",empirical_industry_crosswalk
branche,LAB_branche_77_38195,77_38195,,,,nace,285100,,,9694,0.9746,710.862,,,none,none,"{""nace"": {""code"": ""285100"", ""n"": 9694, ""share"": 0.9746, ""label_da"": """"}}",empirical_industry_crosswalk
branche,LAB_branche_77_38196,77_38196,,,,,,,,,,,,,none,none,{},empirical_industry_crosswalk
branche,LAB_branche_77_38197,77_38197,,,,nace,287400,,,1316,1.0,3046.712,,,none,none,"{""nace"": {""code"": ""287400"", ""n"": 1316, ""share"": 1.0, ""label_da"": """"}}",empirical_industry_crosswalk
branche,LAB_branche_77_38198,77_38198,,,,nace,287300,,,2471,0.9494,2837.256,,,none,none,"{""nace"": {""code"": ""287300"", ""n"": 2471, ""share"": 0.9494, ""label_da"": """"}}",empirical_industry_crosswalk
branche,LAB_branche_77_38199,77_38199,,,,nace,287520,,,25850,0.0594,274.565,,,none,none,"{""nace"": {""code"": ""287520"", ""n"": 25850, ""share"": 0.0594, ""label_da"": """"}}",empirical_industry_crosswalk
branche,LAB_branche_77_38208,77_38208,,,,,,,,,,,,,none,none,{},empirical_industry_crosswalk
branche,LAB_branche_77_38210,77_38210,,,,nace,291190,,,339,0.8643,15905.357,,,none,none,"{""nace"": {""code"": ""291190"", ""n"": 339, ""share"": 0.8643, ""label_da"": """"}}",empirical_industry_crosswalk
branche,LAB_branche_77_38220,77_38220,,,,nace,293220,,,16153,0.2854,431.981,,,none,none,"{""nace"": {""code"": ""293220"", ""n"": 16153, ""share"": 0.2854, ""label_da"": """"}}",empirical_industry_crosswalk
branche,LAB_branche_77_38231,77_38231,,,,,,,,,,,,,none,none,{},empirical_industry_crosswalk
branche,LAB_branche_77_38232,77_38232,,,,nace,295610,,,9348,0.3021,713.696,,,none,none,"{""nace"": {""code"": ""295610"", ""n"": 9348, ""share"": 0.3021, ""label_da"": """"}}",empirical_industry_crosswalk
branche,LAB_branche_77_38233,77_38233,,,,nace,295100,,,522,0.9617,12280.435,,,none,none,"{""nace"": {""code"": ""295100"", ""n"": 522, ""share"": 0.9617, ""label_da"": """"}}",empirical_industry_crosswalk
branche,LAB_branche_77_38241,77_38241,,,,nace,295400,,,1891,0.9265,3427.129,,,none,none,"{""nace"": {""code"": ""295400"", ""n"": 1891, ""share"": 0.9265, ""label_da"": """"}}",empirical_industry_crosswalk
branche,LAB_branche_77_38242,77_38242,,,,nace,295340,,,20084,0.151,352.798,,,none,none,"{""nace"": {""code"": ""295340"", ""n"": 20084, ""share"": 0.151, ""label_da"": """"}}",empirical_industry_crosswalk
branche,LAB_branche_77_38243,77_38243,,,,nace,295500,,,1036,0.9981,6785.556,,,none,none,"{""nace"": {""code"": ""295500"", ""n"": 1036, ""share"": 0.9981, ""label_da"": """"}}",empirical_industry_crosswalk
branche,LAB_branche_77_38249,77_38249,,,,nace,295290,,,15802,0.14,433.501,,,none,none,"{""nace"": {""code"": ""295290"", ""n"": 15802, ""share"": 0.14, ""label_da"": """"}}",empirical_industry_crosswalk
branche,LAB_branche_77_38250,77_38250,,,,,,,,,,,,,none,none,{},empirical_industry_crosswalk
branche,LAB_branche_77_38251,77_38251,,,,nace,300200,,,8491,0.5838,805.744,,,none,none,"{""nace"": {""code"": ""300200"", ""n"": 8491, ""share"": 0.5838, ""label_da"": """"}}",empirical_industry_crosswalk
branche,LAB_branche_77_38252,77_38252,,,,nace,292410,,,721,0.9931,9632.306,,,none,none,"{""nace"": {""code"": ""292410"", ""n"": 721, ""share"": 0.9931, ""label_da"": """"}}",empirical_industry_crosswalk
branche,LAB_branche_77_38280,77_38280,,,,nace,285200,,,28755,0.8556,239.429,,,none,none,"{""nace"": {""code"": ""285200"", ""n"": 28755, ""share"": 0.8556, ""label_da"": """"}}",empirical_industry_crosswalk
branche,LAB_branche_77_38291,77_38291,,,,nace,295390,,,2439,0.9045,1369.023,,,none,none,"{""nace"": {""code"": ""295390"", ""n"": 2439, ""share"": 0.9045, ""label_da"": """"}}",empirical_industry_crosswalk
branche,LAB_branche_77_38292,77_38292,,,,nace,297200,,,3928,0.7095,1514.892,,,none,none,"{""nace"": {""code"": ""297200"", ""n"": 3928, ""share"": 0.7095, ""label_da"": """"}}",empirical_industry_crosswalk
branche,LAB_branche_77_38293,77_38293,,,,nace,297130,,,10777,0.0843,667.355,,,none,none,"{""nace"": {""code"": ""297130"", ""n"": 10777, ""share"": 0.0843, ""label_da"": """"}}",empirical_industry_crosswalk
branche,LAB_branche_77_38294,77_38294,,,,nace,292220,,,20368,0.2065,331.565,,,none,none,"{""nace"": {""code"": ""292220"", ""n"": 20368, ""share"": 0.2065, ""label_da"": """"}}",empirical_industry_crosswalk
branche,LAB_branche_77_38295,77_38295,,,,,,,,,,,,,none,none,{},empirical_industry_crosswalk
branche,LAB_branche_77_38296,77_38296,,,,nace,291400,,,1708,0.9977,4031.579,,,none,none,"{""nace"": {""code"": ""291400"", ""n"": 1708, ""share"": 0.9977, ""label_da"": """"}}",empirical_industry_crosswalk
branche,LAB_branche_77_38297,77_38297,,,,,,,,,,,,,none,none,{},empirical_industry_crosswalk
branche,LAB_branche_77_38298,77_38298,,,,,,,,,,,,,none,none,{},empirical_industry_crosswalk
branche,LAB_branche_77_38299,77_38299,,,,nace,291230,,,40281,0.043,177.67,,,none,none,"{""nace"": {""code"": ""291230"", ""n"": 40281, ""share"": 0.043, ""label_da"": """"}}",empirical_industry_crosswalk
branche,LAB_branche_77_38311,77_38311,,,,nace,311030,,,16637,0.2424,395.881,,,none,none,"{""nace"": {""code"": ""311030"", ""n"": 16637, ""share"": 0.2424, ""label_da"": """"}}",empirical_industry_crosswalk
branche,LAB_branche_77_38312,77_38312,,,,nace,316220,,,4890,0.8928,1391.586,,,none,none,"{""nace"": {""code"": ""316220"", ""n"": 4890, ""share"": 0.8928, ""label_da"": """"}}",empirical_industry_crosswalk
branche,LAB_branche_77_38321,77_38321,,,,nace,323020,,,13700,0.2956,521.406,,,none,none,"{""nace"": {""code"": ""323020"", ""n"": 13700, ""share"": 0.2956, ""label_da"": """"}}",empirical_industry_crosswalk
branche,LAB_branche_77_38329,77_38329,,,,nace,321090,,,22136,0.1301,323.391,,,none,none,"{""nace"": {""code"": ""321090"", ""n"": 22136, ""share"": 0.1301, ""label_da"": """"}}",empirical_industry_crosswalk
branche,LAB_branche_77_38331,77_38331,,,,nace,297120,,,752,0.992,3997.799,,,none,none,"{""nace"": {""code"": ""297120"", ""n"": 752, ""share"": 0.992, ""label_da"": """"}}",empirical_industry_crosswalk
branche,LAB_branche_77_38332,77_38332,,,,nace,297190,,,1880,0.8862,2822.894,,,none,none,"{""nace"": {""code"": ""297190"", ""n"": 1880, ""share"": 0.8862, ""label_da"": """"}}",empirical_industry_crosswalk
branche,LAB_branche_77_38391,77_38391,,,,nace,313000,,,3933,0.9647,1692.086,,,none,none,"{""nace"": {""code"": ""313000"", ""n"": 3933, ""share"": 0.9647, ""label_da"": """"}}",empirical_industry_crosswalk
branche,LAB_branche_77_38392,77_38392,,,,nace,314000,,,557,0.9928,12590.407,,,none,none,"{""nace"": {""code"": ""314000"", ""n"": 557, ""share"": 0.9928, ""label_da"": """"}}",empirical_industry_crosswalk
branche,LAB_branche_77_38393,77_38393,,,,,,,,,,,,,none,none,{},empirical_industry_crosswalk
branche,LAB_branche_77_38399,77_38399,,,,nace,312090,,,7720,0.4482,927.259,,,none,none,"{""nace"": {""code"": ""312090"", ""n"": 7720, ""share"": 0.4482, ""label_da"": """"}}",empirical_industry_crosswalk
branche,LAB_branche_77_38411,77_38411,,,,nace,351100,,,15759,1.0,224.208,,,none,none,"{""nace"": {""code"": ""351100"", ""n"": 15759, ""share"": 1.0, ""label_da"": """"}}",empirical_industry_crosswalk
branche,LAB_branche_77_38412,77_38412,,,,nace,351200,,,3881,0.9498,1737.764,,,none,none,"{""nace"": {""code"": ""351200"", ""n"": 3881, ""share"": 0.9498, ""label_da"": """"}}",empirical_industry_crosswalk
branche,LAB_branche_77_38413,77_38413,,,,nace,291110,,,5464,0.821,1285.906,,,none,none,"{""nace"": {""code"": ""291110"", ""n"": 5464, ""share"": 0.821, ""label_da"": """"}}",empirical_industry_crosswalk
branche,LAB_branche_77_38419,77_38419,,,,nace,351100,,,16659,0.9679,217.021,,,none,none,"{""nace"": {""code"": ""351100"", ""n"": 16659, ""share"": 0.9679, ""label_da"": """"}}",empirical_industry_crosswalk
branche,LAB_branche_77_38420,77_38420,,,,nace,352000,,,1418,0.9986,4745.773,,,none,none,"{""nace"": {""code"": ""352000"", ""n"": 1418, ""share"": 0.9986, ""label_da"": """"}}",empirical_industry_crosswalk
branche,LAB_branche_77_38431,77_38431,,,,nace,341000,,,363,0.3802,20227.479,,,none,none,"{""nace"": {""code"": ""341000"", ""n"": 363, ""share"": 0.3802, ""label_da"": """"}}",empirical_industry_crosswalk
branche,LAB_branche_77_38432,77_38432,,,,nace,342000,,,9865,0.9804,709.953,,,none,none,"{""nace"": {""code"": ""342000"", ""n"": 9865, ""share"": 0.9804, ""label_da"": """"}}",empirical_industry_crosswalk
branche,LAB_branche_77_38439,77_38439,,,,nace,343000,,,8306,0.9682,836.573,,,none,none,"{""nace"": {""code"": ""343000"", ""n"": 8306, ""share"": 0.9682, ""label_da"": """"}}",empirical_industry_crosswalk
branche,LAB_branche_77_38440,77_38440,,,,nace,354200,,,1365,0.852,5136.274,,,none,none,"{""nace"": {""code"": ""354200"", ""n"": 1365, ""share"": 0.852, ""label_da"": """"}}",empirical_industry_crosswalk
branche,LAB_branche_77_38450,77_38450,,,,nace,353000,,,1874,0.9888,3752.09,,,none,none,"{""nace"": {""code"": ""353000"", ""n"": 1874, ""share"": 0.9888, ""label_da"": """"}}",empirical_industry_crosswalk
branche,LAB_branche_77_38491,77_38491,,,,nace,355000,,,1277,0.9945,5608.545,,,none,none,"{""nace"": {""code"": ""355000"", ""n"": 1277, ""share"": 0.9945, ""label_da"": """"}}",empirical_industry_crosswalk
branche,LAB_branche_77_38492,77_38492,,,,,,,,,,,,,none,none,{},empirical_industry_crosswalk
branche,LAB_branche_77_38499,77_38499,,,,nace,354300,,,666,0.985,10129.308,,,none,none,"{""nace"": {""code"": ""354300"", ""n"": 666, ""share"": 0.985, ""label_da"": """"}}",empirical_industry_crosswalk
branche,LAB_branche_77_38511,77_38511,,,,nace,331010,,,10228,0.4626,697.973,,,none,none,"{""nace"": {""code"": ""331010"", ""n"": 10228, ""share"": 0.4626, ""label_da"": """"}}",empirical_industry_crosswalk
branche,LAB_branche_77_38512,77_38512,,,,nace,331030,,,6394,0.4227,1124.638,,,none,none,"{""nace"": {""code"": ""331030"", ""n"": 6394, ""share"": 0.4227, ""label_da"": """"}}",empirical_industry_crosswalk
branche,LAB_branche_77_38513,77_38513,,,,nace,332020,,,11791,0.1672,560.739,,,none,none,"{""nace"": {""code"": ""332020"", ""n"": 11791, ""share"": 0.1672, ""label_da"": """"}}",empirical_industry_crosswalk
branche,LAB_branche_77_38514,77_38514,,,,nace,332030,,,4466,0.3641,1605.595,,,none,none,"{""nace"": {""code"": ""332030"", ""n"": 4466, ""share"": 0.3641, ""label_da"": """"}}",empirical_industry_crosswalk
branche,LAB_branche_77_38515,77_38515,,,,,,,,,,,,,none,none,{},empirical_industry_crosswalk
branche,LAB_branche_77_38520,77_38520,,,,nace,334020,,,4946,0.0372,1468.585,,,none,none,"{""nace"": {""code"": ""334020"", ""n"": 4946, ""share"": 0.0372, ""label_da"": """"}}",empirical_industry_crosswalk
branche,LAB_branche_77_39011,77_39011,,,,nace,362210,,,308,0.7403,22647.553,,,none,none,"{""nace"": {""code"": ""362210"", ""n"": 308, ""share"": 0.7403, ""label_da"": """"}}",empirical_industry_crosswalk
branche,LAB_branche_77_39012,77_39012,,,,nace,362220,,,2218,0.8959,2483.149,,,none,none,"{""nace"": {""code"": ""362220"", ""n"": 2218, ""share"": 0.8959, ""label_da"": """"}}",empirical_industry_crosswalk
branche,LAB_branche_77_39020,77_39020,,,,nace,363000,,,592,0.8699,12006.662,,,none,none,"{""nace"": {""code"": ""363000"", ""n"": 592, ""share"": 0.8699, ""label_da"": """"}}",empirical_industry_crosswalk
branche,LAB_branche_77_39030,77_39030,,,,nace,364000,,,929,0.9376,7474.656,,,none,none,"{""nace"": {""code"": ""364000"", ""n"": 929, ""share"": 0.9376, ""label_da"": """"}}",empirical_industry_crosswalk
branche,LAB_branche_77_39091,77_39091,,,,nace,365000,,,8553,0.9868,823.547,,,none,none,"{""nace"": {""code"": ""365000"", ""n"": 8553, ""share"": 0.9868, ""label_da"": """"}}",empirical_industry_crosswalk
branche,LAB_branche_77_39092,77_39092,,,,nace,366200,,,877,0.9521,8147.943,,,none,none,"{""nace"": {""code"": ""366200"", ""n"": 877, ""share"": 0.9521, ""label_da"": """"}}",empirical_industry_crosswalk
branche,LAB_branche_77_39093,77_39093,,,,,,,,,,,,,none,none,{},empirical_industry_crosswalk
branche,LAB_branche_77_39094,77_39094,,,,,,,,,,,,,none,none,{},empirical_industry_crosswalk
branche,LAB_branche_77_39095,77_39095,,,,,,,,,,,,,none,none,{},empirical_industry_crosswalk
branche,LAB_branche_77_39096,77_39096,,,,,,,,,,,,,none,none,{},empirical_industry_crosswalk
branche,LAB_branche_77_39097,77_39097,,,,nace,287510,,,3715,0.9602,1886.051,,,none,none,"{""nace"": {""code"": ""287510"", ""n"": 3715, ""share"": 0.9602, ""label_da"": """"}}",empirical_industry_crosswalk
branche,LAB_branche_77_39099,77_39099,,,,nace,366100,,,5070,0.0369,1360.909,,,none,none,"{""nace"": {""code"": ""366100"", ""n"": 5070, ""share"": 0.0369, ""label_da"": """"}}",empirical_industry_crosswalk
branche,LAB_branche_77_41010,77_41010,,,,nace,401000,,,20148,0.9513,288.863,,,none,none,"{""nace"": {""code"": ""401000"", ""n"": 20148, ""share"": 0.9513, ""label_da"": """"}}",empirical_industry_crosswalk
branche,LAB_branche_77_41020,77_41020,,,,nace,402000,,,2650,0.9989,2621.252,,,none,none,"{""nace"": {""code"": ""402000"", ""n"": 2650, ""share"": 0.9989, ""label_da"": """"}}",empirical_industry_crosswalk
branche,LAB_branche_77_41030,77_41030,,,,nace,403000,,,4043,0.9693,1372.686,,,none,none,"{""nace"": {""code"": ""403000"", ""n"": 4043, ""share"": 0.9693, ""label_da"": """"}}",empirical_industry_crosswalk
branche,LAB_branche_77_42000,77_42000,,,,nace,410000,,,4653,0.9916,979.555,,,none,none,"{""nace"": {""code"": ""410000"", ""n"": 4653, ""share"": 0.9916, ""label_da"": """"}}",empirical_industry_crosswalk
branche,LAB_branche_77_50000,77_50000,,,,,,,,,,,,,none,none,{},empirical_industry_crosswalk
branche,LAB_branche_77_50001,77_50001,,,,,,,,,,,,,none,none,{},empirical_industry_crosswalk
branche,LAB_branche_77_50100,77_50100,,,,nace,454200,,,564,0.1738,22.705,,,none,none,"{""nace"": {""code"": ""454200"", ""n"": 564, ""share"": 0.1738, ""label_da"": """"}}",empirical_industry_crosswalk
branche,LAB_branche_77_50110,77_50110,,,,,,,,,,,,,none,none,{},empirical_industry_crosswalk
branche,LAB_branche_77_50121,77_50121,,,,nace,451100,,,117589,0.0468,58.017,,,none,none,"{""nace"": {""code"": ""451100"", ""n"": 117589, ""share"": 0.0468, ""label_da"": """"}}",empirical_industry_crosswalk
branche,LAB_branche_77_50122,77_50122,,,,,,,,,,,,,none,none,{},empirical_industry_crosswalk
branche,LAB_branche_77_50123,77_50123,,,,nace,452520,,,1710,0.9257,4129.556,,,none,none,"{""nace"": {""code"": ""452520"", ""n"": 1710, ""share"": 0.9257, ""label_da"": """"}}",empirical_industry_crosswalk
branche,LAB_branche_77_50124,77_50124,,,,nace,452530,,,2696,0.9292,2534.318,,,none,none,"{""nace"": {""code"": ""452530"", ""n"": 2696, ""share"": 0.9292, ""label_da"": """"}}",empirical_industry_crosswalk
branche,LAB_branche_77_50130,77_50130,,,,nace,452510,,,30546,0.952,228.266,,,none,none,"{""nace"": {""code"": ""452510"", ""n"": 30546, ""share"": 0.952, ""label_da"": """"}}",empirical_industry_crosswalk
branche,LAB_branche_77_50140,77_50140,,,,nace,454200,,,57558,0.9325,121.849,,,none,none,"{""nace"": {""code"": ""454200"", ""n"": 57558, ""share"": 0.9325, ""label_da"": """"}}",empirical_industry_crosswalk
branche,LAB_branche_77_50150,77_50150,,,,nace,454410,,,24122,0.942,295.549,,,none,none,"{""nace"": {""code"": ""454410"", ""n"": 24122, ""share"": 0.942, ""label_da"": """"}}",empirical_industry_crosswalk
branche,LAB_branche_77_50160,77_50160,,,,nace,453300,,,35370,0.9422,194.606,,,none,none,"{""nace"": {""code"": ""453300"", ""n"": 35370, ""share"": 0.9422, ""label_da"": """"}}",empirical_industry_crosswalk
branche,LAB_branche_77_50170,77_50170,,,,nace,453100,,,48622,0.9607,137.389,,,none,none,"{""nace"": {""code"": ""453100"", ""n"": 48622, ""share"": 0.9607, ""label_da"": """"}}",empirical_industry_crosswalk
branche,LAB_branche_77_50180,77_50180,,,,nace,454420,,,2861,0.9409,2471.859,,,none,none,"{""nace"": {""code"": ""454420"", ""n"": 2861, ""share"": 0.9409, ""label_da"": """"}}",empirical_industry_crosswalk
branche,LAB_branche_77_50191,77_50191,,,,nace,454320,,,5709,0.1144,1236.892,,,none,none,"{""nace"": {""code"": ""454320"", ""n"": 5709, ""share"": 0.1144, ""label_da"": """"}}",empirical_industry_crosswalk
branche,LAB_branche_77_50192,77_50192,,,,nace,453200,,,4237,0.9634,1594.313,,,none,none,"{""nace"": {""code"": ""453200"", ""n"": 4237, ""share"": 0.9634, ""label_da"": """"}}",empirical_industry_crosswalk
branche,LAB_branche_77_50193,77_50193,,,,nace,452200,,,4702,0.9364,1476.731,,,none,none,"{""nace"": {""code"": ""452200"", ""n"": 4702, ""share"": 0.9364, ""label_da"": """"}}",empirical_industry_crosswalk
branche,LAB_branche_77_50194,77_50194,,,,nace,452590,,,2089,0.9134,3290.669,,,none,none,"{""nace"": {""code"": ""452590"", ""n"": 2089, ""share"": 0.9134, ""label_da"": """"}}",empirical_industry_crosswalk
branche,LAB_branche_77_50195,77_50195,,,,,,,,,,,,,none,none,{},empirical_industry_crosswalk
branche,LAB_branche_77_50196,77_50196,,,,nace,452540,,,3139,0.9873,2140.245,,,none,none,"{""nace"": {""code"": ""452540"", ""n"": 3139, ""share"": 0.9873, ""label_da"": """"}}",empirical_industry_crosswalk
branche,LAB_branche_77_50199,77_50199,,,,nace,454100,,,3318,0.0217,2042.725,,,none,none,"{""nace"": {""code"": ""454100"", ""n"": 3318, ""share"": 0.0217, ""label_da"": """"}}",empirical_industry_crosswalk
branche,LAB_branche_77_51121,77_51121,,,,,,,,,,,,,none,none,{},empirical_industry_crosswalk
branche,LAB_branche_77_60000,77_60000,,,,nace,913100,,,1051,0.0209,7.802,,,none,none,"{""nace"": {""code"": ""913100"", ""n"": 1051, ""share"": 0.0209, ""label_da"": """"}}",empirical_industry_crosswalk
branche,LAB_branche_77_61000,77_61000,,,,,,,,,,,,,none,none,{},empirical_industry_crosswalk
branche,LAB_branche_77_61001,77_61001,,,,,,,,,,,,,none,none,{},empirical_industry_crosswalk
branche,LAB_branche_77_61111,77_61111,,,,nace,513890,,,18784,0.1278,366.188,,,none,none,"{""nace"": {""code"": ""513890"", ""n"": 18784, ""share"": 0.1278, ""label_da"": """"}}",empirical_industry_crosswalk
branche,LAB_branche_77_61112,77_61112,,,,nace,513200,,,7105,0.8818,897.614,,,none,none,"{""nace"": {""code"": ""513200"", ""n"": 7105, ""share"": 0.8818, ""label_da"": """"}}",empirical_industry_crosswalk
branche,LAB_branche_77_61113,77_61113,,,,nace,513810,,,8099,0.9152,831.754,,,none,none,"{""nace"": {""code"": ""513810"", ""n"": 8099, ""share"": 0.9152, ""label_da"": """"}}",empirical_industry_crosswalk
branche,LAB_branche_77_61114,77_61114,,,,nace,513100,,,5669,0.9497,1156.457,,,none,none,"{""nace"": {""code"": ""513100"", ""n"": 5669, ""share"": 0.9497, ""label_da"": """"}}",empirical_industry_crosswalk
branche,LAB_branche_77_61115,77_61115,,,,nace,513300,,,3173,0.9644,1937.369,,,none,none,"{""nace"": {""code"": ""513300"", ""n"": 3173, ""share"": 0.9644, ""label_da"": """"}}",empirical_industry_crosswalk
branche,LAB_branche_77_61116,77_61116,,,,nace,513700,,,2324,0.8537,2920.951,,,none,none,"{""nace"": {""code"": ""513700"", ""n"": 2324, ""share"": 0.8537, ""label_da"": """"}}",empirical_industry_crosswalk
branche,LAB_branche_77_61117,77_61117,,,,nace,513600,,,2522,0.9643,2764.759,,,none,none,"{""nace"": {""code"": ""513600"", ""n"": 2522, ""share"": 0.9643, ""label_da"": """"}}",empirical_industry_crosswalk
branche,LAB_branche_77_61118,77_61118,,,,nace,513820,,,1252,0.9704,5266.506,,,none,none,"{""nace"": {""code"": ""513820"", ""n"": 1252, ""share"": 0.9704, ""label_da"": """"}}",empirical_industry_crosswalk
branche,LAB_branche_77_61119,77_61119,,,,nace,513410,,,4366,0.9567,1604.917,,,none,none,"{""nace"": {""code"": ""513410"", ""n"": 4366, ""share"": 0.9567, ""label_da"": """"}}",empirical_industry_crosswalk
branche,LAB_branche_77_61121,77_61121,,,,nace,513420,,,4591,0.7754,1475.04,,,none,none,"{""nace"": {""code"": ""513420"", ""n"": 4591, ""share"": 0.7754, ""label_da"": """"}}",empirical_industry_crosswalk
branche,LAB_branche_77_61122,77_61122,,,,nace,513500,,,481,0.9875,14589.504,,,none,none,"{""nace"": {""code"": ""513500"", ""n"": 481, ""share"": 0.9875, ""label_da"": """"}}",empirical_industry_crosswalk
branche,LAB_branche_77_61131,77_61131,,,,nace,514210,,,18194,0.8975,376.674,,,none,none,"{""nace"": {""code"": ""514210"", ""n"": 18194, ""share"": 0.8975, ""label_da"": """"}}",empirical_industry_crosswalk
branche,LAB_branche_77_61132,77_61132,,,,nace,514100,,,4911,0.7045,1380.241,,,none,none,"{""nace"": {""code"": ""514100"", ""n"": 4911, ""share"": 0.7045, ""label_da"": """"}}",empirical_industry_crosswalk
branche,LAB_branche_77_61133,77_61133,,,,nace,514220,,,1153,0.8404,5899.445,,,none,none,"{""nace"": {""code"": ""514220"", ""n"": 1153, ""share"": 0.8404, ""label_da"": """"}}",empirical_industry_crosswalk
branche,LAB_branche_77_61141,77_61141,,,,nace,514705,,,6441,0.6019,1046.326,,,none,none,"{""nace"": {""code"": ""514705"", ""n"": 6441, ""share"": 0.6019, ""label_da"": """"}}",empirical_industry_crosswalk
branche,LAB_branche_77_61142,77_61142,,,,nace,514320,,,6195,0.6071,1116.378,,,none,none,"{""nace"": {""code"": ""514320"", ""n"": 6195, ""share"": 0.6071, ""label_da"": """"}}",empirical_industry_crosswalk
branche,LAB_branche_77_61143,77_61143,,,,nace,514410,,,13560,0.1195,513.589,,,none,none,"{""nace"": {""code"": ""514410"", ""n"": 13560, ""share"": 0.1195, ""label_da"": """"}}",empirical_industry_crosswalk
branche,LAB_branche_77_61144,77_61144,,,,nace,514310,,,4812,0.5137,1473.436,,,none,none,"{""nace"": {""code"": ""514310"", ""n"": 4812, ""share"": 0.5137, ""label_da"": """"}}",empirical_industry_crosswalk
branche,LAB_branche_77_61151,77_61151,,,,nace,514420,,,7617,0.2022,881.542,,,none,none,"{""nace"": {""code"": ""514420"", ""n"": 7617, ""share"": 0.2022, ""label_da"": """"}}",empirical_industry_crosswalk
branche,LAB_branche_77_61152,77_61152,,,,nace,514610,,,7929,0.9798,862.949,,,none,none,"{""nace"": {""code"": ""514610"", ""n"": 7929, ""share"": 0.9798, ""label_da"": """"}}",empirical_industry_crosswalk
branche,LAB_branche_77_61153,77_61153,,,,nace,514720,,,3641,0.4032,1885.62,,,none,none,"{""nace"": {""code"": ""514720"", ""n"": 3641, ""share"": 0.4032, ""label_da"": """"}}",empirical_industry_crosswalk
branche,LAB_branche_77_61154,77_61154,,,,nace,514730,,,1169,0.9641,5220.332,,,none,none,"{""nace"": {""code"": ""514730"", ""n"": 1169, ""share"": 0.9641, ""label_da"": """"}}",empirical_industry_crosswalk
branche,LAB_branche_77_61155,77_61155,,,,nace,514740,,,5510,0.4661,1265.567,,,none,none,"{""nace"": {""code"": ""514740"", ""n"": 5510, ""share"": 0.4661, ""label_da"": """"}}",empirical_industry_crosswalk
branche,LAB_branche_77_61156,77_61156,,,,nace,514745,,,12514,0.6784,534.834,,,none,none,"{""nace"": {""code"": ""514745"", ""n"": 12514, ""share"": 0.6784, ""label_da"": """"}}",empirical_industry_crosswalk
branche,LAB_branche_77_61157,77_61157,,,,nace,514750,,,4558,0.8659,1467.413,,,none,none,"{""nace"": {""code"": ""514750"", ""n"": 4558, ""share"": 0.8659, ""label_da"": """"}}",empirical_industry_crosswalk
branche,LAB_branche_77_61158,77_61158,,,,nace,512200,,,4988,0.9294,1381.74,,,none,none,"{""nace"": {""code"": ""512200"", ""n"": 4988, ""share"": 0.9294, ""label_da"": """"}}",empirical_industry_crosswalk
branche,LAB_branche_77_61161,77_61161,,,,nace,512100,,,14274,0.9255,455.602,,,none,none,"{""nace"": {""code"": ""512100"", ""n"": 14274, ""share"": 0.9255, ""label_da"": """"}}",empirical_industry_crosswalk
branche,LAB_branche_77_61162,77_61162,,,,,,,,,,,,,none,none,{},empirical_industry_crosswalk
branche,LAB_branche_77_61163,77_61163,,,,nace,512300,,,1801,0.884,3664.875,,,none,none,"{""nace"": {""code"": ""512300"", ""n"": 1801, ""share"": 0.884, ""label_da"": """"}}",empirical_industry_crosswalk
branche,LAB_branche_77_61164,77_61164,,,,nace,512400,,,589,0.9304,12006.084,,,none,none,"{""nace"": {""code"": ""512400"", ""n"": 589, ""share"": 0.9304, ""label_da"": """"}}",empirical_industry_crosswalk
branche,LAB_branche_77_61165,77_61165,,,,,,,,,,,,,none,none,{},empirical_industry_crosswalk
branche,LAB_branche_77_61166,77_61166,,,,nace,515500,,,5663,0.9241,1199.831,,,none,none,"{""nace"": {""code"": ""515500"", ""n"": 5663, ""share"": 0.9241, ""label_da"": """"}}",empirical_industry_crosswalk
branche,LAB_branche_77_61167,77_61167,,,,nace,515200,,,4166,0.9321,1680.694,,,none,none,"{""nace"": {""code"": ""515200"", ""n"": 4166, ""share"": 0.9321, ""label_da"": """"}}",empirical_industry_crosswalk
branche,LAB_branche_77_61168,77_61168,,,,nace,524620,,,32597,0.3144,216.892,,,none,none,"{""nace"": {""code"": ""524620"", ""n"": 32597, ""share"": 0.3144, ""label_da"": """"}}",empirical_industry_crosswalk
branche,LAB_branche_77_61169,77_61169,,,,nace,515400,,,11619,1.0,333.027,,,none,none,"{""nace"": {""code"": ""515400"", ""n"": 11619, ""share"": 1.0, ""label_da"": """"}}",empirical_industry_crosswalk
branche,LAB_branche_77_61171,77_61171,,,,nace,515320,,,1921,0.9469,3486.812,,,none,none,"{""nace"": {""code"": ""515320"", ""n"": 1921, ""share"": 0.9469, ""label_da"": """"}}",empirical_industry_crosswalk
branche,LAB_branche_77_61172,77_61172,,,,nace,516510,,,19948,0.399,345.879,,,none,none,"{""nace"": {""code"": ""516510"", ""n"": 19948, ""share"": 0.399, ""label_da"": """"}}",empirical_industry_crosswalk
branche,LAB_branche_77_61173,77_61173,,,,nace,372000,,,6861,0.0666,884.407,,,none,none,"{""nace"": {""code"": ""372000"", ""n"": 6861, ""share"": 0.0666, ""label_da"": """"}}",empirical_industry_crosswalk
branche,LAB_branche_77_61179,77_61179,,,,nace,515610,,,7213,0.4421,934.721,,,none,none,"{""nace"": {""code"": ""515610"", ""n"": 7213, ""share"": 0.4421, ""label_da"": """"}}",empirical_industry_crosswalk
branche,LAB_branche_77_61181,77_61181,,,,nace,516600,,,11324,0.9617,608.459,,,none,none,"{""nace"": {""code"": ""516600"", ""n"": 11324, ""share"": 0.9617, ""label_da"": """"}}",empirical_industry_crosswalk
branche,LAB_branche_77_61182,77_61182,,,,nace,516200,,,4978,0.8094,1357.422,,,none,none,"{""nace"": {""code"": ""516200"", ""n"": 4978, ""share"": 0.8094, ""label_da"": """"}}",empirical_industry_crosswalk
branche,LAB_branche_77_61183,77_61183,,,,nace,516100,,,11450,0.9427,597.333,,,none,none,"{""nace"": {""code"": ""516100"", ""n"": 11450, ""share"": 0.9427, ""label_da"": """"}}",empirical_industry_crosswalk
branche,LAB_branche_77_61184,77_61184,,,,nace,516410,,,54568,0.7422,126.915,,,none,none,"{""nace"": {""code"": ""516410"", ""n"": 54568, ""share"": 0.7422, ""label_da"": """"}}",empirical_industry_crosswalk
branche,LAB_branche_77_61185,77_61185,,,,nace,514620,,,5696,0.8987,1217.487,,,none,none,"{""nace"": {""code"": ""514620"", ""n"": 5696, ""share"": 0.8987, ""label_da"": """"}}",empirical_industry_crosswalk
branche,LAB_branche_77_61189,77_61189,,,,nace,516590,,,30812,0.9137,215.569,,,none,none,"{""nace"": {""code"": ""516590"", ""n"": 30812, ""share"": 0.9137, ""label_da"": """"}}",empirical_industry_crosswalk
branche,LAB_branche_77_61191,77_61191,,,,nace,501010,,,22147,0.4023,308.865,,,none,none,"{""nace"": {""code"": ""501010"", ""n"": 22147, ""share"": 0.4023, ""label_da"": """"}}",empirical_industry_crosswalk
branche,LAB_branche_77_61192,77_61192,,,,nace,515100,,,9848,0.8266,632.594,,,none,none,"{""nace"": {""code"": ""515100"", ""n"": 9848, ""share"": 0.8266, ""label_da"": """"}}",empirical_industry_crosswalk
branche,LAB_branche_77_61291,77_61291,,,,,,,,,,,,,none,none,{},empirical_industry_crosswalk
branche,LAB_branche_77_61299,77_61299,,,,nace,517000,,,19817,0.8797,302.36,,,none,none,"{""nace"": {""code"": ""517000"", ""n"": 19817, ""share"": 0.8797, ""label_da"": """"}}",empirical_industry_crosswalk
branche,LAB_branche_77_61311,77_61311,,,,nace,511200,,,11235,0.0344,621.35,,,none,none,"{""nace"": {""code"": ""511200"", ""n"": 11235, ""share"": 0.0344, ""label_da"": """"}}",empirical_industry_crosswalk
branche,LAB_branche_77_61312,77_61312,,,,nace,511100,,,2161,0.6256,2961.819,,,none,none,"{""nace"": {""code"": ""511100"", ""n"": 2161, ""share"": 0.6256, ""label_da"": """"}}",empirical_industry_crosswalk
branche,LAB_branche_77_61313,77_61313,,,,,,,,,,,,,none,none,{},empirical_industry_crosswalk
branche,LAB_branche_77_61314,77_61314,,,,nace,511790,,,1098,0.8689,2895.876,,,none,none,"{""nace"": {""code"": ""511790"", ""n"": 1098, ""share"": 0.8689, ""label_da"": """"}}",empirical_industry_crosswalk
branche,LAB_branche_77_61315,77_61315,,,,nace,511710,,,503,0.9662,13310.35,,,none,none,"{""nace"": {""code"": ""511710"", ""n"": 503, ""share"": 0.9662, ""label_da"": """"}}",empirical_industry_crosswalk
branche,LAB_branche_77_61319,77_61319,,,,nace,511600,,,1367,1.0,2502.582,,,none,none,"{""nace"": {""code"": ""511600"", ""n"": 1367, ""share"": 1.0, ""label_da"": """"}}",empirical_industry_crosswalk
branche,LAB_branche_77_62000,77_62000,,,,,,,,,,,,,none,none,{},empirical_industry_crosswalk
branche,LAB_branche_77_62001,77_62001,,,,,,,,,,,,,none,none,{},empirical_industry_crosswalk
branche,LAB_branche_77_62111,77_62111,,,,nace,521120,,,61666,0.1574,111.576,,,none,none,"{""nace"": {""code"": ""521120"", ""n"": 61666, ""share"": 0.1574, ""label_da"": """"}}",empirical_industry_crosswalk
branche,LAB_branche_77_62112,77_62112,,,,,,,,,,,,,none,none,{},empirical_industry_crosswalk
branche,LAB_branche_77_62113,77_62113,,,,nace,521130,,,85894,0.7205,79.528,,,none,none,"{""nace"": {""code"": ""521130"", ""n"": 85894, ""share"": 0.7205, ""label_da"": """"}}",empirical_industry_crosswalk
branche,LAB_branche_77_62114,77_62114,,,,nace,521210,,,58067,0.8549,81.538,,,none,none,"{""nace"": {""code"": ""521210"", ""n"": 58067, ""share"": 0.8549, ""label_da"": """"}}",empirical_industry_crosswalk
branche,LAB_branche_77_62121,77_62121,,,,nace,522200,,,10502,0.9489,677.143,,,none,none,"{""nace"": {""code"": ""522200"", ""n"": 10502, ""share"": 0.9489, ""label_da"": """"}}",empirical_industry_crosswalk
branche,LAB_branche_77_62122,77_62122,,,,nace,522300,,,2315,0.9261,2995.686,,,none,none,"{""nace"": {""code"": ""522300"", ""n"": 2315, ""share"": 0.9261, ""label_da"": """"}}",empirical_industry_crosswalk
branche,LAB_branche_77_62123,77_62123,,,,nace,522410,,,2105,0.41,3401.448,,,none,none,"{""nace"": {""code"": ""522410"", ""n"": 2105, ""share"": 0.41, ""label_da"": """"}}",empirical_industry_crosswalk
branche,LAB_branche_77_62124,77_62124,,,,nace,522710,,,968,0.9153,7257.646,,,none,none,"{""nace"": {""code"": ""522710"", ""n"": 968, ""share"": 0.9153, ""label_da"": """"}}",empirical_industry_crosswalk
branche,LAB_branche_77_62125,77_62125,,,,nace,526210,,,5776,0.0514,1225.821,,,none,none,"{""nace"": {""code"": ""526210"", ""n"": 5776, ""share"": 0.0514, ""label_da"": """"}}",empirical_industry_crosswalk
branche,LAB_branche_77_62126,77_62126,,,,nace,522500,,,14095,0.0923,440.661,,,none,none,"{""nace"": {""code"": ""522500"", ""n"": 14095, ""share"": 0.0923, ""label_da"": """"}}",empirical_industry_crosswalk
branche,LAB_branche_77_62127,77_62127,,,,nace,522790,,,630,0.8381,11107.901,,,none,none,"{""nace"": {""code"": ""522790"", ""n"": 630, ""share"": 0.8381, ""label_da"": """"}}",empirical_industry_crosswalk
branche,LAB_branche_77_62128,77_62128,,,,nace,522420,,,7105,0.298,991.744,,,none,none,"{""nace"": {""code"": ""522420"", ""n"": 7105, ""share"": 0.298, ""label_da"": """"}}",empirical_industry_crosswalk
branche,LAB_branche_77_62129,77_62129,,,,,,,,,,,,,none,none,{},empirical_industry_crosswalk
branche,LAB_branche_77_62131,77_62131,,,,nace,524630,,,3818,0.9193,1609.501,,,none,none,"{""nace"": {""code"": ""524630"", ""n"": 3818, ""share"": 0.9193, ""label_da"": """"}}",empirical_industry_crosswalk
branche,LAB_branche_77_62132,77_62132,,,,nace,523310,,,2132,0.6871,3167.255,,,none,none,"{""nace"": {""code"": ""523310"", ""n"": 2132, ""share"": 0.6871, ""label_da"": """"}}",empirical_industry_crosswalk
branche,LAB_branche_77_62133,77_62133,,,,nace,523320,,,4462,0.907,1587.902,,,none,none,"{""nace"": {""code"": ""523320"", ""n"": 4462, ""share"": 0.907, ""label_da"": """"}}",empirical_industry_crosswalk
branche,LAB_branche_77_62134,77_62134,,,,nace,523100,,,9602,0.9596,713.579,,,none,none,"{""nace"": {""code"": ""523100"", ""n"": 9602, ""share"": 0.9596, ""label_da"": """"}}",empirical_industry_crosswalk
branche,LAB_branche_77_62135,77_62135,,,,,,,,,,,,,none,none,{},empirical_industry_crosswalk
branche,LAB_branche_77_62140,77_62140,,,,nace,521220,,,12966,0.9863,453.128,,,none,none,"{""nace"": {""code"": ""521220"", ""n"": 12966, ""share"": 0.9863, ""label_da"": """"}}",empirical_industry_crosswalk
branche,LAB_branche_77_62151,77_62151,,,,nace,524100,,,5664,0.875,1176.264,,,none,none,"{""nace"": {""code"": ""524100"", ""n"": 5664, ""share"": 0.875, ""label_da"": """"}}",empirical_industry_crosswalk
branche,LAB_branche_77_62152,77_62152,,,,nace,524430,,,5257,0.9696,1344.495,,,none,none,"{""nace"": {""code"": ""524430"", ""n"": 5257, ""share"": 0.9696, ""label_da"": """"}}",empirical_industry_crosswalk
branche,LAB_branche_77_62153,77_62153,,,,nace,524240,,,2569,0.8871,2718.578,,,none,none,"{""nace"": {""code"": ""524240"", ""n"": 2569, ""share"": 0.8871, ""label_da"": """"}}",empirical_industry_crosswalk
branche,LAB_branche_77_62154,77_62154,,,,nace,524220,,,8857,0.9266,786.921,,,none,none,"{""nace"": {""code"": ""524220"", ""n"": 8857, ""share"": 0.9266, ""label_da"": """"}}",empirical_industry_crosswalk
branche,LAB_branche_77_62155,77_62155,,,,nace,524210,,,18931,0.9268,347.851,,,none,none,"{""nace"": {""code"": ""524210"", ""n"": 18931, ""share"": 0.9268, ""label_da"": """"}}",empirical_industry_crosswalk
branche,LAB_branche_77_62156,77_62156,,,,nace,524230,,,11938,0.9214,534.074,,,none,none,"{""nace"": {""code"": ""524230"", ""n"": 11938, ""share"": 0.9214, ""label_da"": """"}}",empirical_industry_crosswalk
branche,LAB_branche_77_62157,77_62157,,,,nace,524310,,,8018,0.963,867.026,,,none,none,"{""nace"": {""code"": ""524310"", ""n"": 8018, ""share"": 0.963, ""label_da"": """"}}",empirical_industry_crosswalk
branche,LAB_branche_77_62158,77_62158,,,,nace,524320,,,1891,0.9466,3697.022,,,none,none,"{""nace"": {""code"": ""524320"", ""n"": 1891, ""share"": 0.9466, ""label_da"": """"}}",empirical_industry_crosswalk
branche,LAB_branche_77_62159,77_62159,,,,nace,525090,,,431,1.0,5818.205,,,none,none,"{""nace"": {""code"": ""525090"", ""n"": 431, ""share"": 1.0, ""label_da"": """"}}",empirical_industry_crosswalk
branche,LAB_branche_77_62161,77_62161,,,,nace,524410,,,11511,0.9514,606.213,,,none,none,"{""nace"": {""code"": ""524410"", ""n"": 11511, ""share"": 0.9514, ""label_da"": """"}}",empirical_industry_crosswalk
branche,LAB_branche_77_62162,77_62162,,,,nace,524420,,,2978,0.9513,2273.043,,,none,none,"{""nace"": {""code"": ""524420"", ""n"": 2978, ""share"": 0.9513, ""label_da"": """"}}",empirical_industry_crosswalk
branche,LAB_branche_77_62163,77_62163,,,,nace,525020,,,3110,0.3595,2275.474,,,none,none,"{""nace"": {""code"": ""525020"", ""n"": 3110, ""share"": 0.3595, ""label_da"": """"}}",empirical_industry_crosswalk
branche,LAB_branche_77_62164,77_62164,,,,nace,524830,,,7384,0.8319,939.486,,,none,none,"{""nace"": {""code"": ""524830"", ""n"": 7384, ""share"": 0.8319, ""label_da"": """"}}",empirical_industry_crosswalk
branche,LAB_branche_77_62171,77_62171,,,,nace,524610,,,9490,0.61,725.352,,,none,none,"{""nace"": {""code"": ""524610"", ""n"": 9490, ""share"": 0.61, ""label_da"": """"}}",empirical_industry_crosswalk
branche,LAB_branche_77_62172,77_62172,,,,nace,524510,,,2918,1.0,1299.571,,,none,none,"{""nace"": {""code"": ""524510"", ""n"": 2918, ""share"": 1.0, ""label_da"": """"}}",empirical_industry_crosswalk
branche,LAB_branche_77_62173,77_62173,,,,nace,524845,,,6910,0.902,975.146,,,none,none,"{""nace"": {""code"": ""524845"", ""n"": 6910, ""share"": 0.902, ""label_da"": """"}}",empirical_industry_crosswalk
branche,LAB_branche_77_62174,77_62174,,,,nace,524860,,,3893,0.9127,1773.3,,,none,none,"{""nace"": {""code"": ""524860"", ""n"": 3893, ""share"": 0.9127, ""label_da"": """"}}",empirical_industry_crosswalk
branche,LAB_branche_77_62175,77_62175,,,,,,,,,,,,,none,none,{},empirical_industry_crosswalk
branche,LAB_branche_77_62176,77_62176,,,,nace,524520,,,15273,0.6511,455.865,,,none,none,"{""nace"": {""code"": ""524520"", ""n"": 15273, ""share"": 0.6511, ""label_da"": """"}}",empirical_industry_crosswalk
branche,LAB_branche_77_62177,77_62177,,,,nace,524540,,,1035,0.8242,6390.092,,,none,none,"{""nace"": {""code"": ""524540"", ""n"": 1035, ""share"": 0.8242, ""label_da"": """"}}",empirical_industry_crosswalk
branche,LAB_branche_77_62179,77_62179,,,,nace,524450,,,3105,0.0944,1968.393,,,none,none,"{""nace"": {""code"": ""524450"", ""n"": 3105, ""share"": 0.0944, ""label_da"": """"}}",empirical_industry_crosswalk
branche,LAB_branche_77_62181,77_62181,,,,nace,524805,,,1134,0.9444,6213.848,,,none,none,"{""nace"": {""code"": ""524805"", ""n"": 1134, ""share"": 0.9444, ""label_da"": """"}}",empirical_industry_crosswalk
branche,LAB_branche_77_62182,77_62182,,,,nace,524810,,,2236,0.9647,3070.288,,,none,none,"{""nace"": {""code"": ""524810"", ""n"": 2236, ""share"": 0.9647, ""label_da"": """"}}",empirical_industry_crosswalk
branche,LAB_branche_77_62183,77_62183,,,,nace,524815,,,2769,0.892,2449.407,,,none,none,"{""nace"": {""code"": ""524815"", ""n"": 2769, ""share"": 0.892, ""label_da"": """"}}",empirical_industry_crosswalk
branche,LAB_branche_77_62184,77_62184,,,,nace,524820,,,4523,0.9713,1559.146,,,none,none,"{""nace"": {""code"": ""524820"", ""n"": 4523, ""share"": 0.9713, ""label_da"": """"}}",empirical_industry_crosswalk
branche,LAB_branche_77_62185,77_62185,,,,nace,524825,,,3984,0.928,1753.83,,,none,none,"{""nace"": {""code"": ""524825"", ""n"": 3984, ""share"": 0.928, ""label_da"": """"}}",empirical_industry_crosswalk
branche,LAB_branche_77_62191,77_62191,,,,nace,524700,,,8101,0.9273,851.729,,,none,none,"{""nace"": {""code"": ""524700"", ""n"": 8101, ""share"": 0.9273, ""label_da"": """"}}",empirical_industry_crosswalk
branche,LAB_branche_77_62192,77_62192,,,,nace,525010,,,450,0.8511,14601.278,,,none,none,"{""nace"": {""code"": ""525010"", ""n"": 450, ""share"": 0.8511, ""label_da"": """"}}",empirical_industry_crosswalk
branche,LAB_branche_77_62193,77_62193,,,,,,,,,,,,,none,none,{},empirical_industry_crosswalk
branche,LAB_branche_77_62194,77_62194,,,,,,,,,,,,,none,none,{},empirical_industry_crosswalk
branche,LAB_branche_77_62195,77_62195,,,,nace,524840,,,515,0.6505,13304.284,,,none,none,"{""nace"": {""code"": ""524840"", ""n"": 515, ""share"": 0.6505, ""label_da"": """"}}",empirical_industry_crosswalk
branche,LAB_branche_77_62211,77_62211,,,,nace,504000,,,43960,0.0203,159.168,,,none,none,"{""nace"": {""code"": ""504000"", ""n"": 43960, ""share"": 0.0203, ""label_da"": """"}}",empirical_industry_crosswalk
branche,LAB_branche_77_62212,77_62212,,,,nace,501030,,,3649,0.3426,1895.456,,,none,none,"{""nace"": {""code"": ""501030"", ""n"": 3649, ""share"": 0.3426, ""label_da"": """"}}",empirical_industry_crosswalk
branche,LAB_branche_77_62213,77_62213,,,,nace,505020,,,30693,0.954,210.734,,,none,none,"{""nace"": {""code"": ""505020"", ""n"": 30693, ""share"": 0.954, ""label_da"": """"}}",empirical_industry_crosswalk
branche,LAB_branche_77_62221,77_62221,,,,nace,524890,,,829,0.76,8454.55,,,none,none,"{""nace"": {""code"": ""524890"", ""n"": 829, ""share"": 0.76, ""label_da"": """"}}",empirical_industry_crosswalk
branche,LAB_branche_77_62222,77_62222,,,,,,,,,,,,,none,none,{},empirical_industry_crosswalk
branche,LAB_branche_77_62291,77_62291,,,,nace,524850,,,4887,0.9218,1431.606,,,none,none,"{""nace"": {""code"": ""524850"", ""n"": 4887, ""share"": 0.9218, ""label_da"": """"}}",empirical_industry_crosswalk
branche,LAB_branche_77_62292,77_62292,,,,nace,524875,,,7512,0.8826,937.703,,,none,none,"{""nace"": {""code"": ""524875"", ""n"": 7512, ""share"": 0.8826, ""label_da"": """"}}",empirical_industry_crosswalk
branche,LAB_branche_77_62293,77_62293,,,,nace,524885,,,1323,0.8345,5241.349,,,none,none,"{""nace"": {""code"": ""524885"", ""n"": 1323, ""share"": 0.8345, ""label_da"": """"}}",empirical_industry_crosswalk
branche,LAB_branche_77_62299,77_62299,,,,nace,526300,,,15313,0.1063,458.382,,,none,none,"{""nace"": {""code"": ""526300"", ""n"": 15313, ""share"": 0.1063, ""label_da"": """"}}",empirical_industry_crosswalk
branche,LAB_branche_77_63001,77_63001,,,,,,,,,,,,,none,none,{},empirical_industry_crosswalk
branche,LAB_branche_77_63101,77_63101,,,,nace,553010,,,115376,0.5992,58.901,,,none,none,"{""nace"": {""code"": ""553010"", ""n"": 115376, ""share"": 0.5992, ""label_da"": """"}}",empirical_industry_crosswalk
branche,LAB_branche_77_63102,77_63102,,,,nace,555100,,,8659,0.9412,798.124,,,none,none,"{""nace"": {""code"": ""555100"", ""n"": 8659, ""share"": 0.9412, ""label_da"": """"}}",empirical_industry_crosswalk
branche,LAB_branche_77_63109,77_63109,,,,nace,553020,,,52920,0.8675,124.42,,,none,none,"{""nace"": {""code"": ""553020"", ""n"": 52920, ""share"": 0.8675, ""label_da"": """"}}",empirical_industry_crosswalk
branche,LAB_branche_77_63201,77_63201,,,,nace,551200,,,43771,0.0606,154.532,,,none,none,"{""nace"": {""code"": ""551200"", ""n"": 43771, ""share"": 0.0606, ""label_da"": """"}}",empirical_industry_crosswalk
branche,LAB_branche_77_63202,77_63202,,,,nace,552100,,,1468,0.9455,4511.004,,,none,none,"{""nace"": {""code"": ""552100"", ""n"": 1468, ""share"": 0.9455, ""label_da"": """"}}",empirical_industry_crosswalk
branche,LAB_branche_77_63203,77_63203,,,,nace,552200,,,4067,0.9144,1556.397,,,none,none,"{""nace"": {""code"": ""552200"", ""n"": 4067, ""share"": 0.9144, ""label_da"": """"}}",empirical_industry_crosswalk
branche,LAB_branche_77_63209,77_63209,,,,nace,552310,,,9769,0.1847,680.342,,,none,none,"{""nace"": {""code"": ""552310"", ""n"": 9769, ""share"": 0.1847, ""label_da"": """"}}",empirical_industry_crosswalk
branche,LAB_branche_77_70001,77_70001,,,,,,,,,,,,,none,none,{},empirical_industry_crosswalk
branche,LAB_branche_77_71110,77_71110,,,,nace,601000,,,33987,0.5862,211.611,,,none,none,"{""nace"": {""code"": ""601000"", ""n"": 33987, ""share"": 0.5862, ""label_da"": """"}}",empirical_industry_crosswalk
branche,LAB_branche_77_71121,77_71121,,,,nace,602100,,,23586,0.9897,233.618,,,none,none,"{""nace"": {""code"": ""602100"", ""n"": 23586, ""share"": 0.9897, ""label_da"": """"}}",empirical_industry_crosswalk
branche,LAB_branche_77_71122,77_71122,,,,nace,632110,,,54,0.7963,1083.555,,,none,none,"{""nace"": {""code"": ""632110"", ""n"": 54, ""share"": 0.7963, ""label_da"": """"}}",empirical_industry_crosswalk
branche,LAB_branche_77_71130,77_71130,,,,nace,602200,,,1417,0.7791,269.716,,,none,none,"{""nace"": {""code"": ""602200"", ""n"": 1417, ""share"": 0.7791, ""label_da"": """"}}",empirical_industry_crosswalk
branche,LAB_branche_77_71131,77_71131,,,,nace,602300,,,8887,0.9572,750.279,,,none,none,"{""nace"": {""code"": ""602300"", ""n"": 8887, ""share"": 0.9572, ""label_da"": """"}}",empirical_industry_crosswalk
branche,LAB_branche_77_71132,77_71132,,,,nace,602200,,,19659,0.9264,320.704,,,none,none,"{""nace"": {""code"": ""602200"", ""n"": 19659, ""share"": 0.9264, ""label_da"": """"}}",empirical_industry_crosswalk
branche,LAB_branche_77_71133,77_71133,,,,,,,,,,,,,none,none,{},empirical_industry_crosswalk
branche,LAB_branche_77_71140,77_71140,,,,,,,,,,,,,none,none,{},empirical_industry_crosswalk
branche,LAB_branche_77_71141,77_71141,,,,nace,602410,,,69956,0.9157,100.132,,,none,none,"{""nace"": {""code"": ""602410"", ""n"": 69956, ""share"": 0.9157, ""label_da"": """"}}",empirical_industry_crosswalk
branche,LAB_branche_77_71142,77_71142,,,,nace,602420,,,3911,0.9302,1783.766,,,none,none,"{""nace"": {""code"": ""602420"", ""n"": 3911, ""share"": 0.9302, ""label_da"": """"}}",empirical_industry_crosswalk
branche,LAB_branche_77_71143,77_71143,,,,nace,632110,,,2230,0.9673,1316.2,,,none,none,"{""nace"": {""code"": ""632110"", ""n"": 2230, ""share"": 0.9673, ""label_da"": """"}}",empirical_industry_crosswalk
branche,LAB_branche_77_71149,77_71149,,,,nace,641200,,,32474,0.9526,149.443,,,none,none,"{""nace"": {""code"": ""641200"", ""n"": 32474, ""share"": 0.9526, ""label_da"": """"}}",empirical_industry_crosswalk
branche,LAB_branche_77_71150,77_71150,,,,nace,603000,,,4,1.0,815841.667,,,none,none,"{""nace"": {""code"": ""603000"", ""n"": 4, ""share"": 1.0, ""label_da"": """"}}",empirical_industry_crosswalk
branche,LAB_branche_77_71161,77_71161,,,,nace,712110,,,4242,0.0853,1662.053,,,none,none,"{""nace"": {""code"": ""712110"", ""n"": 4242, ""share"": 0.0853, ""label_da"": """"}}",empirical_industry_crosswalk
branche,LAB_branche_77_71162,77_71162,,,,nace,752500,,,11404,0.9899,488.148,,,none,none,"{""nace"": {""code"": ""752500"", ""n"": 11404, ""share"": 0.9899, ""label_da"": """"}}",empirical_industry_crosswalk
branche,LAB_branche_77_71169,77_71169,,,,nace,632130,,,759,0.1318,9041.133,,,none,none,"{""nace"": {""code"": ""632130"", ""n"": 759, ""share"": 0.1318, ""label_da"": """"}}",empirical_industry_crosswalk
branche,LAB_branche_77_71211,77_71211,,,,nace,611010,,,28999,0.8257,235.865,,,none,none,"{""nace"": {""code"": ""611010"", ""n"": 28999, ""share"": 0.8257, ""label_da"": """"}}",empirical_industry_crosswalk
branche,LAB_branche_77_71212,77_71212,,,,nace,611020,,,12349,0.9809,402.878,,,none,none,"{""nace"": {""code"": ""611020"", ""n"": 12349, ""share"": 0.9809, ""label_da"": """"}}",empirical_industry_crosswalk
branche,LAB_branche_77_71219,77_71219,,,,nace,612000,,,501,0.9421,13698.13,,,none,none,"{""nace"": {""code"": ""612000"", ""n"": 501, ""share"": 0.9421, ""label_da"": """"}}",empirical_industry_crosswalk
branche,LAB_branche_77_71231,77_71231,,,,nace,632240,,,1115,0.8619,5178.759,,,none,none,"{""nace"": {""code"": ""632240"", ""n"": 1115, ""share"": 0.8619, ""label_da"": """"}}",empirical_industry_crosswalk
branche,LAB_branche_77_71232,77_71232,,,,nace,632220,,,2460,0.1797,2306.426,,,none,none,"{""nace"": {""code"": ""632220"", ""n"": 2460, ""share"": 0.1797, ""label_da"": """"}}",empirical_industry_crosswalk
branche,LAB_branche_77_71233,77_71233,,,,nace,631100,,,2747,0.9632,2412.213,,,none,none,"{""nace"": {""code"": ""631100"", ""n"": 2747, ""share"": 0.9632, ""label_da"": """"}}",empirical_industry_crosswalk
branche,LAB_branche_77_71234,77_71234,,,,nace,632230,,,646,0.9923,6522.6,,,none,none,"{""nace"": {""code"": ""632230"", ""n"": 646, ""share"": 0.9923, ""label_da"": """"}}",empirical_industry_crosswalk
branche,LAB_branche_77_71239,77_71239,,,,nace,712200,,,86,0.8488,70029.785,,,none,none,"{""nace"": {""code"": ""712200"", ""n"": 86, ""share"": 0.8488, ""label_da"": """"}}",empirical_industry_crosswalk
branche,LAB_branche_77_71311,77_71311,,,,nace,621000,,,19120,0.6788,374.448,,,none,none,"{""nace"": {""code"": ""621000"", ""n"": 19120, ""share"": 0.6788, ""label_da"": """"}}",empirical_industry_crosswalk
branche,LAB_branche_77_71319,77_71319,,,,nace,622030,,,650,0.9138,10517.216,,,none,none,"{""nace"": {""code"": ""622030"", ""n"": 650, ""share"": 0.9138, ""label_da"": """"}}",empirical_industry_crosswalk
branche,LAB_branche_77_71321,77_71321,,,,nace,632300,,,7230,0.9978,811.961,,,none,none,"{""nace"": {""code"": ""632300"", ""n"": 7230, ""share"": 0.9978, ""label_da"": """"}}",empirical_industry_crosswalk
branche,LAB_branche_77_71329,77_71329,,,,nace,712300,,,95,0.8105,69201.747,,,none,none,"{""nace"": {""code"": ""712300"", ""n"": 95, ""share"": 0.8105, ""label_da"": """"}}",empirical_industry_crosswalk
branche,LAB_branche_77_71911,77_71911,,,,nace,633020,,,14242,0.5166,485.219,,,none,none,"{""nace"": {""code"": ""633020"", ""n"": 14242, ""share"": 0.5166, ""label_da"": """"}}",empirical_industry_crosswalk
branche,LAB_branche_77_71912,77_71912,,,,nace,634010,,,2058,0.9713,3225.723,,,none,none,"{""nace"": {""code"": ""634010"", ""n"": 2058, ""share"": 0.9713, ""label_da"": """"}}",empirical_industry_crosswalk
branche,LAB_branche_77_71913,77_71913,,,,nace,634020,,,23103,0.9729,288.35,,,none,none,"{""nace"": {""code"": ""634020"", ""n"": 23103, ""share"": 0.9729, ""label_da"": """"}}",empirical_industry_crosswalk
branche,LAB_branche_77_71914,77_71914,,,,nace,634030,,,377,0.8462,18219.789,,,none,none,"{""nace"": {""code"": ""634030"", ""n"": 377, ""share"": 0.8462, ""label_da"": """"}}",empirical_industry_crosswalk
branche,LAB_branche_77_71919,77_71919,,,,nace,634090,,,1297,0.9021,4803.193,,,none,none,"{""nace"": {""code"": ""634090"", ""n"": 1297, ""share"": 0.9021, ""label_da"": """"}}",empirical_industry_crosswalk
branche,LAB_branche_77_71920,77_71920,,,,nace,631200,,,5064,0.9747,1359.092,,,none,none,"{""nace"": {""code"": ""631200"", ""n"": 5064, ""share"": 0.9747, ""label_da"": """"}}",empirical_industry_crosswalk
branche,LAB_branche_77_72000,77_72000,,,,,,,,,,,,,none,none,{},empirical_industry_crosswalk
branche,LAB_branche_77_72001,77_72001,,,,nace,641100,,,58218,0.9974,118.725,,,none,none,"{""nace"": {""code"": ""641100"", ""n"": 58218, ""share"": 0.9974, ""label_da"": """"}}",empirical_industry_crosswalk
branche,LAB_branche_77_72002,77_72002,,,,nace,642000,,,30779,0.9885,227.806,,,none,none,"{""nace"": {""code"": ""642000"", ""n"": 30779, ""share"": 0.9885, ""label_da"": """"}}",empirical_industry_crosswalk
branche,LAB_branche_77_80001,77_80001,,,,,,,,,,,,,none,none,{},empirical_industry_crosswalk
branche,LAB_branche_77_81011,77_81011,,,,nace,651100,,,1017,1.0,7101.136,,,none,none,"{""nace"": {""code"": ""651100"", ""n"": 1017, ""share"": 1.0, ""label_da"": """"}}",empirical_industry_crosswalk
branche,LAB_branche_77_81012,77_81012,,,,nace,651200,,,70556,0.9768,97.716,,,none,none,"{""nace"": {""code"": ""651200"", ""n"": 70556, ""share"": 0.9768, ""label_da"": """"}}",empirical_industry_crosswalk
branche,LAB_branche_77_81013,77_81013,,,,,,,,,,,,,none,none,{},empirical_industry_crosswalk
branche,LAB_branche_77_81014,77_81014,,,,,,,,,,,,,none,none,{},empirical_industry_crosswalk
branche,LAB_branche_77_81015,77_81015,,,,,,,,,,,,,none,none,{},empirical_industry_crosswalk
branche,LAB_branche_77_81021,77_81021,,,,nace,652230,,,12261,0.5118,568.334,,,none,none,"{""nace"": {""code"": ""652230"", ""n"": 12261, ""share"": 0.5118, ""label_da"": """"}}",empirical_industry_crosswalk
branche,LAB_branche_77_81022,77_81022,,,,nace,652240,,,692,1.0,10459.509,,,none,none,"{""nace"": {""code"": ""652240"", ""n"": 692, ""share"": 1.0, ""label_da"": """"}}",empirical_industry_crosswalk
branche,LAB_branche_77_81023,77_81023,,,,nace,652220,,,225,1.0,31786.039,,,none,none,"{""nace"": {""code"": ""652220"", ""n"": 225, ""share"": 1.0, ""label_da"": """"}}",empirical_industry_crosswalk
branche,LAB_branche_77_81024,77_81024,,,,nace,652390,,,108722,0.0566,61.013,,,none,none,"{""nace"": {""code"": ""652390"", ""n"": 108722, ""share"": 0.0566, ""label_da"": """"}}",empirical_industry_crosswalk
branche,LAB_branche_77_81027,77_81027,,,,nace,671200,,,1503,0.9514,4530.447,,,none,none,"{""nace"": {""code"": ""671200"", ""n"": 1503, ""share"": 0.9514, ""label_da"": """"}}",empirical_industry_crosswalk
branche,LAB_branche_77_81028,77_81028,,,,nace,652310,,,672,0.869,8553.683,,,none,none,"{""nace"": {""code"": ""652310"", ""n"": 672, ""share"": 0.869, ""label_da"": """"}}",empirical_industry_crosswalk
branche,LAB_branche_77_81029,77_81029,,,,nace,652260,,,5433,0.2281,1290.046,,,none,none,"{""nace"": {""code"": ""652260"", ""n"": 5433, ""share"": 0.2281, ""label_da"": """"}}",empirical_industry_crosswalk
branche,LAB_branche_77_81030,77_81030,,,,nace,671100,,,3884,0.0345,1783.962,,,none,none,"{""nace"": {""code"": ""671100"", ""n"": 3884, ""share"": 0.0345, ""label_da"": """"}}",empirical_industry_crosswalk
branche,LAB_branche_77_81050,77_81050,,,,,,,,,,,,,none,none,{},empirical_industry_crosswalk
branche,LAB_branche_77_81090,77_81090,,,,nace,853260,,,2523,0.0908,230.605,,,none,none,"{""nace"": {""code"": ""853260"", ""n"": 2523, ""share"": 0.0908, ""label_da"": """"}}",empirical_industry_crosswalk
branche,LAB_branche_77_81203,77_81203,,,,nace,652295,,,1277,1.0,5516.585,,,none,none,"{""nace"": {""code"": ""652295"", ""n"": 1277, ""share"": 1.0, ""label_da"": """"}}",empirical_industry_crosswalk
branche,LAB_branche_77_82001,77_82001,,,,nace,660100,,,31085,0.1105,230.637,,,none,none,"{""nace"": {""code"": ""660100"", ""n"": 31085, ""share"": 0.1105, ""label_da"": """"}}",empirical_industry_crosswalk
branche,LAB_branche_77_82003,77_82003,,,,nace,672090,,,3907,0.7361,1750.316,,,none,none,"{""nace"": {""code"": ""672090"", ""n"": 3907, ""share"": 0.7361, ""label_da"": """"}}",empirical_industry_crosswalk
branche,LAB_branche_77_82004,77_82004,,,,nace,660210,,,1455,0.9615,4728.717,,,none,none,"{""nace"": {""code"": ""660210"", ""n"": 1455, ""share"": 0.9615, ""label_da"": """"}}",empirical_industry_crosswalk
branche,LAB_branche_77_82005,77_82005,,,,nace,660290,,,1105,0.6751,6298.69,,,none,none,"{""nace"": {""code"": ""660290"", ""n"": 1105, ""share"": 0.6751, ""label_da"": """"}}",empirical_industry_crosswalk
branche,LAB_branche_77_82006,77_82006,,,,nace,660320,,,717,1.0,9764.062,,,none,none,"{""nace"": {""code"": ""660320"", ""n"": 717, ""share"": 1.0, ""label_da"": """"}}",empirical_industry_crosswalk
branche,LAB_branche_77_82007,77_82007,,,,nace,753000,,,4229,0.9773,1624.241,,,none,none,"{""nace"": {""code"": ""753000"", ""n"": 4229, ""share"": 0.9773, ""label_da"": """"}}",empirical_industry_crosswalk
branche,LAB_branche_77_82008,77_82008,,,,,,,,,,,,,none,none,{},empirical_industry_crosswalk
branche,LAB_branche_77_82009,77_82009,,,,nace,660390,,,781,0.7157,4981.461,,,none,none,"{""nace"": {""code"": ""660390"", ""n"": 781, ""share"": 0.7157, ""label_da"": """"}}",empirical_industry_crosswalk
branche,LAB_branche_77_82230,77_82230,,,,,,,,,,,,,none,none,{},empirical_industry_crosswalk
branche,LAB_branche_77_83111,77_83111,,,,nace,702010,,,66856,0.3179,100.237,,,none,none,"{""nace"": {""code"": ""702010"", ""n"": 66856, ""share"": 0.3179, ""label_da"": """"}}",empirical_industry_crosswalk
branche,LAB_branche_77_83112,77_83112,,,,nace,703210,,,6161,0.9315,1005.238,,,none,none,"{""nace"": {""code"": ""703210"", ""n"": 6161, ""share"": 0.9315, ""label_da"": """"}}",empirical_industry_crosswalk
branche,LAB_branche_77_83121,77_83121,,,,nace,703110,,,10710,0.8779,645.875,,,none,none,"{""nace"": {""code"": ""703110"", ""n"": 10710, ""share"": 0.8779, ""label_da"": """"}}",empirical_industry_crosswalk
branche,LAB_branche_77_83122,77_83122,,,,nace,703120,,,4147,0.0591,1668.427,,,none,none,"{""nace"": {""code"": ""703120"", ""n"": 4147, ""share"": 0.0591, ""label_da"": """"}}",empirical_industry_crosswalk
branche,LAB_branche_77_83129,77_83129,,,,,,,,,,,,,none,none,{},empirical_industry_crosswalk
branche,LAB_branche_77_83210,77_83210,,,,nace,741100,,,20513,0.8988,341.041,,,none,none,"{""nace"": {""code"": ""741100"", ""n"": 20513, ""share"": 0.8988, ""label_da"": """"}}",empirical_industry_crosswalk
branche,LAB_branche_77_83220,77_83220,,,,nace,741200,,,35572,0.8968,197.731,,,none,none,"{""nace"": {""code"": ""741200"", ""n"": 35572, ""share"": 0.8968, ""label_da"": """"}}",empirical_industry_crosswalk
branche,LAB_branche_77_83230,77_83230,,,,nace,721000,,,71228,0.0273,99.559,,,none,none,"{""nace"": {""code"": ""721000"", ""n"": 71228, ""share"": 0.0273, ""label_da"": """"}}",empirical_industry_crosswalk
branche,LAB_branche_77_83241,77_83241,,,,nace,742030,,,44191,0.0744,163.177,,,none,none,"{""nace"": {""code"": ""742030"", ""n"": 44191, ""share"": 0.0744, ""label_da"": """"}}",empirical_industry_crosswalk
branche,LAB_branche_77_83242,77_83242,,,,nace,742070,,,2013,0.929,3400.285,,,none,none,"{""nace"": {""code"": ""742070"", ""n"": 2013, ""share"": 0.929, ""label_da"": """"}}",empirical_industry_crosswalk
branche,LAB_branche_77_83243,77_83243,,,,nace,742040,,,13436,0.8285,509.29,,,none,none,"{""nace"": {""code"": ""742040"", ""n"": 13436, ""share"": 0.8285, ""label_da"": """"}}",empirical_industry_crosswalk
branche,LAB_branche_77_83244,77_83244,,,,nace,742050,,,703,0.7667,9981.659,,,none,none,"{""nace"": {""code"": ""742050"", ""n"": 703, ""share"": 0.7667, ""label_da"": """"}}",empirical_industry_crosswalk
branche,LAB_branche_77_83245,77_83245,,,,nace,743090,,,11058,0.149,544.148,,,none,none,"{""nace"": {""code"": ""743090"", ""n"": 11058, ""share"": 0.149, ""label_da"": """"}}",empirical_industry_crosswalk
branche,LAB_branche_77_83249,77_83249,,,,nace,742060,,,16949,0.0509,421.494,,,none,none,"{""nace"": {""code"": ""742060"", ""n"": 16949, ""share"": 0.0509, ""label_da"": """"}}",empirical_industry_crosswalk
branche,LAB_branche_77_83250,77_83250,,,,nace,748440,,,40056,0.0678,165.293,,,none,none,"{""nace"": {""code"": ""748440"", ""n"": 40056, ""share"": 0.0678, ""label_da"": """"}}",empirical_industry_crosswalk
branche,LAB_branche_77_83291,77_83291,,,,nace,924000,,,1872,0.7484,3670.784,,,none,none,"{""nace"": {""code"": ""924000"", ""n"": 1872, ""share"": 0.7484, ""label_da"": """"}}",empirical_industry_crosswalk
branche,LAB_branche_77_83292,77_83292,,,,nace,748390,,,1984,0.7072,971.442,,,none,none,"{""nace"": {""code"": ""748390"", ""n"": 1984, ""share"": 0.7072, ""label_da"": """"}}",empirical_industry_crosswalk
branche,LAB_branche_77_83293,77_83293,,,,nace,748310,,,1016,0.8917,6877.743,,,none,none,"{""nace"": {""code"": ""748310"", ""n"": 1016, ""share"": 0.8917, ""label_da"": """"}}",empirical_industry_crosswalk
branche,LAB_branche_77_83294,77_83294,,,,nace,741410,,,7412,0.9197,766.532,,,none,none,"{""nace"": {""code"": ""741410"", ""n"": 7412, ""share"": 0.9197, ""label_da"": """"}}",empirical_industry_crosswalk
branche,LAB_branche_77_83295,77_83295,,,,nace,745030,,,23319,0.0597,301.251,,,none,none,"{""nace"": {""code"": ""745030"", ""n"": 23319, ""share"": 0.0597, ""label_da"": """"}}",empirical_industry_crosswalk
branche,LAB_branche_77_83299,77_83299,,,,nace,748320,,,70246,0.0277,98.417,,,none,none,"{""nace"": {""code"": ""748320"", ""n"": 70246, ""share"": 0.0277, ""label_da"": """"}}",empirical_industry_crosswalk
branche,LAB_branche_77_83300,77_83300,,,,,,,,,,,,,none,none,{},empirical_industry_crosswalk
branche,LAB_branche_77_83310,77_83310,,,,nace,652100,,,2686,0.831,2548.663,,,none,none,"{""nace"": {""code"": ""652100"", ""n"": 2686, ""share"": 0.831, ""label_da"": """"}}",empirical_industry_crosswalk
branche,LAB_branche_77_83321,77_83321,,,,nace,713100,,,352,0.6477,19255.004,,,none,none,"{""nace"": {""code"": ""713100"", ""n"": 352, ""share"": 0.6477, ""label_da"": """"}}",empirical_industry_crosswalk
branche,LAB_branche_77_83322,77_83322,,,,nace,713200,,,2848,0.9361,2447.775,,,none,none,"{""nace"": {""code"": ""713200"", ""n"": 2848, ""share"": 0.9361, ""label_da"": """"}}",empirical_industry_crosswalk
branche,LAB_branche_77_83323,77_83323,,,,,,,,,,,,,none,none,{},empirical_industry_crosswalk
branche,LAB_branche_77_83324,77_83324,,,,nace,713310,,,928,0.7188,7259.251,,,none,none,"{""nace"": {""code"": ""713310"", ""n"": 928, ""share"": 0.7188, ""label_da"": """"}}",empirical_industry_crosswalk
branche,LAB_branche_77_83329,77_83329,,,,nace,713400,,,5085,0.7449,1249.372,,,none,none,"{""nace"": {""code"": ""713400"", ""n"": 5085, ""share"": 0.7449, ""label_da"": """"}}",empirical_industry_crosswalk
branche,LAB_branche_77_91011,77_91011,,,,nace,752100,,,3426,0.9661,1269.727,,,none,none,"{""nace"": {""code"": ""752100"", ""n"": 3426, ""share"": 0.9661, ""label_da"": """"}}",empirical_industry_crosswalk
branche,LAB_branche_77_91019,77_91019,,,,nace,745010,,,148333,0.0421,47.581,,,none,none,"{""nace"": {""code"": ""745010"", ""n"": 148333, ""share"": 0.0421, ""label_da"": """"}}",empirical_industry_crosswalk
branche,LAB_branche_77_91020,77_91020,,,,nace,752400,,,27025,0.635,266.022,,,none,none,"{""nace"": {""code"": ""752400"", ""n"": 27025, ""share"": 0.635, ""label_da"": """"}}",empirical_industry_crosswalk
branche,LAB_branche_77_91030,77_91030,,,,nace,752200,,,99894,0.9912,68.426,,,none,none,"{""nace"": {""code"": ""752200"", ""n"": 99894, ""share"": 0.9912, ""label_da"": """"}}",empirical_industry_crosswalk
branche,LAB_branche_77_91040,77_91040,,,,,,,,,,,,,none,none,{},empirical_industry_crosswalk
branche,LAB_branche_77_91050,77_91050,,,,nace,751100,,,995305,0.1691,6.554,,,none,none,"{""nace"": {""code"": ""751100"", ""n"": 995305, ""share"": 0.1691, ""label_da"": """"}}",empirical_industry_crosswalk
branche,LAB_branche_77_92011,77_92011,,,,nace,900010,,,3899,0.9872,1322.221,,,none,none,"{""nace"": {""code"": ""900010"", ""n"": 3899, ""share"": 0.9872, ""label_da"": """"}}",empirical_industry_crosswalk
branche,LAB_branche_77_92012,77_92012,,,,nace,900030,,,45898,0.078,117.15,,,none,none,"{""nace"": {""code"": ""900030"", ""n"": 45898, ""share"": 0.078, ""label_da"": """"}}",empirical_industry_crosswalk
branche,LAB_branche_77_92021,77_92021,,,,nace,747010,,,107270,0.9356,58.352,,,none,none,"{""nace"": {""code"": ""747010"", ""n"": 107270, ""share"": 0.9356, ""label_da"": """"}}",empirical_industry_crosswalk
branche,LAB_branche_77_92022,77_92022,,,,nace,747030,,,5129,0.7898,1348.682,,,none,none,"{""nace"": {""code"": ""747030"", ""n"": 5129, ""share"": 0.7898, ""label_da"": """"}}",empirical_industry_crosswalk
branche,LAB_branche_77_92023,77_92023,,,,nace,747040,,,1279,0.9077,5554.293,,,none,none,"{""nace"": {""code"": ""747040"", ""n"": 1279, ""share"": 0.9077, ""label_da"": """"}}",empirical_industry_crosswalk
branche,LAB_branche_77_92024,77_92024,,,,nace,747050,,,1010,0.8931,6691.253,,,none,none,"{""nace"": {""code"": ""747050"", ""n"": 1010, ""share"": 0.8931, ""label_da"": """"}}",empirical_industry_crosswalk
branche,LAB_branche_77_93101,77_93101,,,,nace,803030,,,42800,0.0529,96.487,,,none,none,"{""nace"": {""code"": ""803030"", ""n"": 42800, ""share"": 0.0529, ""label_da"": """"}}",empirical_industry_crosswalk
branche,LAB_branche_77_93102,77_93102,,,,nace,802100,,,15886,0.995,241.843,,,none,none,"{""nace"": {""code"": ""802100"", ""n"": 15886, ""share"": 0.995, ""label_da"": """"}}",empirical_industry_crosswalk
branche,LAB_branche_77_93103,77_93103,,,,nace,801010,,,118013,0.9991,35.5,,,none,none,"{""nace"": {""code"": ""801010"", ""n"": 118013, ""share"": 0.9991, ""label_da"": """"}}",empirical_industry_crosswalk
branche,LAB_branche_77_93104,77_93104,,,,nace,804220,,,66148,0.1069,101.066,,,none,none,"{""nace"": {""code"": ""804220"", ""n"": 66148, ""share"": 0.1069, ""label_da"": """"}}",empirical_industry_crosswalk
branche,LAB_branche_77_93105,77_93105,,,,nace,802220,,,27174,0.418,133.86,,,none,none,"{""nace"": {""code"": ""802220"", ""n"": 27174, ""share"": 0.418, ""label_da"": """"}}",empirical_industry_crosswalk
branche,LAB_branche_77_93106,77_93106,,,,nace,802240,,,38053,0.087,156.609,,,none,none,"{""nace"": {""code"": ""802240"", ""n"": 38053, ""share"": 0.087, ""label_da"": """"}}",empirical_industry_crosswalk
branche,LAB_branche_77_93107,77_93107,,,,nace,801020,,,10570,0.9959,403.883,,,none,none,"{""nace"": {""code"": ""801020"", ""n"": 10570, ""share"": 0.9959, ""label_da"": """"}}",empirical_industry_crosswalk
branche,LAB_branche_77_93108,77_93108,,,,nace,804100,,,3215,0.6302,2173.358,,,none,none,"{""nace"": {""code"": ""804100"", ""n"": 3215, ""share"": 0.6302, ""label_da"": """"}}",empirical_industry_crosswalk
branche,LAB_branche_77_93109,77_93109,,,,nace,804290,,,11008,0.8332,494.138,,,none,none,"{""nace"": {""code"": ""804290"", ""n"": 11008, ""share"": 0.8332, ""label_da"": """"}}",empirical_industry_crosswalk
branche,LAB_branche_77_93111,77_93111,,,,,,,,,,,,,none,none,{},empirical_industry_crosswalk
branche,LAB_branche_77_93119,77_93119,,,,,,,,,,,,,none,none,{},empirical_industry_crosswalk
branche,LAB_branche_77_93141,77_93141,,,,,,,,,,,,,none,none,{},empirical_industry_crosswalk
branche,LAB_branche_77_93142,77_93142,,,,,,,,,,,,,none,none,{},empirical_industry_crosswalk
branche,LAB_branche_77_93200,77_93200,,,,nace,732000,,,18033,0.138,333.484,,,none,none,"{""nace"": {""code"": ""732000"", ""n"": 18033, ""share"": 0.138, ""label_da"": """"}}",empirical_industry_crosswalk
branche,LAB_branche_77_93310,77_93310,,,,nace,851100,,,30,0.3333,8.867,,,none,none,"{""nace"": {""code"": ""851100"", ""n"": 30, ""share"": 0.3333, ""label_da"": """"}}",empirical_industry_crosswalk
branche,LAB_branche_77_93311,77_93311,,,,nace,851100,,,151942,0.9967,26.513,,,none,none,"{""nace"": {""code"": ""851100"", ""n"": 151942, ""share"": 0.9967, ""label_da"": """"}}",empirical_industry_crosswalk
branche,LAB_branche_77_93312,77_93312,,,,nace,851210,,,22259,0.634,309.023,,,none,none,"{""nace"": {""code"": ""851210"", ""n"": 22259, ""share"": 0.634, ""label_da"": """"}}",empirical_industry_crosswalk
branche,LAB_branche_77_93313,77_93313,,,,nace,851310,,,21886,0.9791,273.034,,,none,none,"{""nace"": {""code"": ""851310"", ""n"": 21886, ""share"": 0.9791, ""label_da"": """"}}",empirical_industry_crosswalk
branche,LAB_branche_77_93314,77_93314,,,,nace,851320,,,1466,0.9434,4847.35,,,none,none,"{""nace"": {""code"": ""851320"", ""n"": 1466, ""share"": 0.9434, ""label_da"": """"}}",empirical_industry_crosswalk
branche,LAB_branche_77_93315,77_93315,,,,nace,331090,,,4030,0.9293,877.822,,,none,none,"{""nace"": {""code"": ""331090"", ""n"": 4030, ""share"": 0.9293, ""label_da"": """"}}",empirical_industry_crosswalk
branche,LAB_branche_77_93316,77_93316,,,,nace,851420,,,926,0.9924,4026.005,,,none,none,"{""nace"": {""code"": ""851420"", ""n"": 926, ""share"": 0.9924, ""label_da"": """"}}",empirical_industry_crosswalk
branche,LAB_branche_77_93317,77_93317,,,,nace,851480,,,7157,0.1442,1018.037,,,none,none,"{""nace"": {""code"": ""851480"", ""n"": 7157, ""share"": 0.1442, ""label_da"": """"}}",empirical_industry_crosswalk
branche,LAB_branche_77_93319,77_93319,,,,nace,851450,,,32555,0.0232,215.02,,,none,none,"{""nace"": {""code"": ""851450"", ""n"": 32555, ""share"": 0.0232, ""label_da"": """"}}",empirical_industry_crosswalk
branche,LAB_branche_77_93320,77_93320,,,,nace,852000,,,3891,0.8407,1787.603,,,none,none,"{""nace"": {""code"": ""852000"", ""n"": 3891, ""share"": 0.8407, ""label_da"": """"}}",empirical_industry_crosswalk
branche,LAB_branche_77_93401,77_93401,,,,,,,,,,,,,none,none,{},empirical_industry_crosswalk
branche,LAB_branche_77_93402,77_93402,,,,nace,853205,,,199799,0.178,29.131,,,none,none,"{""nace"": {""code"": ""853205"", ""n"": 199799, ""share"": 0.178, ""label_da"": """"}}",empirical_industry_crosswalk
branche,LAB_branche_77_93403,77_93403,,,,nace,853220,,,54743,0.7042,85.817,,,none,none,"{""nace"": {""code"": ""853220"", ""n"": 54743, ""share"": 0.7042, ""label_da"": """"}}",empirical_industry_crosswalk
branche,LAB_branche_77_93404,77_93404,,,,nace,853110,,,30427,0.6944,155.977,,,none,none,"{""nace"": {""code"": ""853110"", ""n"": 30427, ""share"": 0.6944, ""label_da"": """"}}",empirical_industry_crosswalk
branche,LAB_branche_77_93405,77_93405,,,,,,,,,,,,,none,none,{},empirical_industry_crosswalk
branche,LAB_branche_77_93406,77_93406,,,,nace,853255,,,69222,0.0905,87.431,,,none,none,"{""nace"": {""code"": ""853255"", ""n"": 69222, ""share"": 0.0905, ""label_da"": """"}}",empirical_industry_crosswalk
branche,LAB_branche_77_93407,77_93407,,,,nace,853130,,,2646,0.9116,2178.077,,,none,none,"{""nace"": {""code"": ""853130"", ""n"": 2646, ""share"": 0.9116, ""label_da"": """"}}",empirical_industry_crosswalk
branche,LAB_branche_77_93408,77_93408,,,,nace,853150,,,225644,0.6867,19.524,,,none,none,"{""nace"": {""code"": ""853150"", ""n"": 225644, ""share"": 0.6867, ""label_da"": """"}}",empirical_industry_crosswalk
branche,LAB_branche_77_93409,77_93409,,,,nace,853250,,,28460,0.3296,200.22,,,none,none,"{""nace"": {""code"": ""853250"", ""n"": 28460, ""share"": 0.3296, ""label_da"": """"}}",empirical_industry_crosswalk
branche,LAB_branche_77_93501,77_93501,,,,nace,911100,,,15529,0.9652,353.373,,,none,none,"{""nace"": {""code"": ""911100"", ""n"": 15529, ""share"": 0.9652, ""label_da"": """"}}",empirical_industry_crosswalk
branche,LAB_branche_77_93502,77_93502,,,,nace,912000,,,25396,0.9556,271.629,,,none,none,"{""nace"": {""code"": ""912000"", ""n"": 25396, ""share"": 0.9556, ""label_da"": """"}}",empirical_industry_crosswalk
branche,LAB_branche_77_93503,77_93503,,,,nace,703220,,,3574,0.9779,1763.329,,,none,none,"{""nace"": {""code"": ""703220"", ""n"": 3574, ""share"": 0.9779, ""label_da"": """"}}",empirical_industry_crosswalk
branche,LAB_branche_77_93504,77_93504,,,,nace,913310,,,644,0.9922,10175.374,,,none,none,"{""nace"": {""code"": ""913310"", ""n"": 644, ""share"": 0.9922, ""label_da"": """"}}",empirical_industry_crosswalk
branche,LAB_branche_77_93509,77_93509,,,,,,,,,,,,,none,none,{},empirical_industry_crosswalk
branche,LAB_branche_77_93903,77_93903,,,,,,,,,,,,,none,none,{},empirical_industry_crosswalk
branche,LAB_branche_77_93904,77_93904,,,,,,,,,,,,,none,none,{},empirical_industry_crosswalk
branche,LAB_branche_77_93910,77_93910,,,,nace,913110,,,47295,0.59,128.903,,,none,none,"{""nace"": {""code"": ""913110"", ""n"": 47295, ""share"": 0.59, ""label_da"": """"}}",empirical_industry_crosswalk
branche,LAB_branche_77_93991,77_93991,,,,nace,913200,,,1197,0.9942,5628.092,,,none,none,"{""nace"": {""code"": ""913200"", ""n"": 1197, ""share"": 0.9942, ""label_da"": """"}}",empirical_industry_crosswalk
branche,LAB_branche_77_93992,77_93992,,,,nace,913330,,,3515,0.8777,1821.463,,,none,none,"{""nace"": {""code"": ""913330"", ""n"": 3515, ""share"": 0.8777, ""label_da"": """"}}",empirical_industry_crosswalk
branche,LAB_branche_77_93993,77_93993,,,,nace,911200,,,4151,0.9706,1474.301,,,none,none,"{""nace"": {""code"": ""911200"", ""n"": 4151, ""share"": 0.9706, ""label_da"": """"}}",empirical_industry_crosswalk
branche,LAB_branche_77_93994,77_93994,,,,nace,913340,,,3229,0.921,1948.91,,,none,none,"{""nace"": {""code"": ""913340"", ""n"": 3229, ""share"": 0.921, ""label_da"": """"}}",empirical_industry_crosswalk
branche,LAB_branche_77_93995,77_93995,,,,nace,913320,,,1044,0.908,6150.734,,,none,none,"{""nace"": {""code"": ""913320"", ""n"": 1044, ""share"": 0.908, ""label_da"": """"}}",empirical_industry_crosswalk
branche,LAB_branche_77_93996,77_93996,,,,nace,913390,,,4220,0.9671,1540.621,,,none,none,"{""nace"": {""code"": ""913390"", ""n"": 4220, ""share"": 0.9671, ""label_da"": """"}}",empirical_industry_crosswalk
branche,LAB_branche_77_93997,77_93997,,,,,,,,,,,,,none,none,{},empirical_industry_crosswalk
branche,LAB_branche_77_93998,77_93998,,,,,,,,,,,,,none,none,{},empirical_industry_crosswalk
branche,LAB_branche_77_93999,77_93999,,,,,,,,,,,,,none,none,{},empirical_industry_crosswalk
branche,LAB_branche_77_94110,77_94110,,,,nace,223200,,,7552,0.0538,939.86,,,none,none,"{""nace"": {""code"": ""223200"", ""n"": 7552, ""share"": 0.0538, ""label_da"": """"}}",empirical_industry_crosswalk
branche,LAB_branche_77_94121,77_94121,,,,nace,921200,,,894,0.83,7823.072,,,none,none,"{""nace"": {""code"": ""921200"", ""n"": 894, ""share"": 0.83, ""label_da"": """"}}",empirical_industry_crosswalk
branche,LAB_branche_77_94122,77_94122,,,,nace,921300,,,2952,0.9543,2211.738,,,none,none,"{""nace"": {""code"": ""921300"", ""n"": 2952, ""share"": 0.9543, ""label_da"": """"}}",empirical_industry_crosswalk
branche,LAB_branche_77_94129,77_94129,,,,,,,,,,,,,none,none,{},empirical_industry_crosswalk
branche,LAB_branche_77_94130,77_94130,,,,nace,922000,,,16026,0.9807,414.78,,,none,none,"{""nace"": {""code"": ""922000"", ""n"": 16026, ""share"": 0.9807, ""label_da"": """"}}",empirical_industry_crosswalk
branche,LAB_branche_77_94141,77_94141,,,,nace,923110,,,8637,0.9746,653.254,,,none,none,"{""nace"": {""code"": ""923110"", ""n"": 8637, ""share"": 0.9746, ""label_da"": """"}}",empirical_industry_crosswalk
branche,LAB_branche_77_94142,77_94142,,,,,,,,,,,,,none,none,{},empirical_industry_crosswalk
branche,LAB_branche_77_94143,77_94143,,,,nace,223100,,,589,0.9406,11568.273,,,none,none,"{""nace"": {""code"": ""223100"", ""n"": 589, ""share"": 0.9406, ""label_da"": """"}}",empirical_industry_crosswalk
branche,LAB_branche_77_94149,77_94149,,,,nace,927200,,,6386,0.1508,1013.965,,,none,none,"{""nace"": {""code"": ""927200"", ""n"": 6386, ""share"": 0.1508, ""label_da"": """"}}",empirical_industry_crosswalk
branche,LAB_branche_77_94150,77_94150,,,,nace,923120,,,1802,0.5505,3912.956,,,none,none,"{""nace"": {""code"": ""923120"", ""n"": 1802, ""share"": 0.5505, ""label_da"": """"}}",empirical_industry_crosswalk
branche,LAB_branche_77_94200,77_94200,,,,nace,925300,,,24175,0.0683,255.843,,,none,none,"{""nace"": {""code"": ""925300"", ""n"": 24175, ""share"": 0.0683, ""label_da"": """"}}",empirical_industry_crosswalk
branche,LAB_branche_77_94901,77_94901,,,,nace,923300,,,8163,0.9722,829.081,,,none,none,"{""nace"": {""code"": ""923300"", ""n"": 8163, ""share"": 0.9722, ""label_da"": """"}}",empirical_industry_crosswalk
branche,LAB_branche_77_94902,77_94902,,,,nace,926210,,,12804,0.9699,490.949,,,none,none,"{""nace"": {""code"": ""926210"", ""n"": 12804, ""share"": 0.9699, ""label_da"": """"}}",empirical_industry_crosswalk
branche,LAB_branche_77_94903,77_94903,,,,nace,926190,,,14036,0.517,437.707,,,none,none,"{""nace"": {""code"": ""926190"", ""n"": 14036, ""share"": 0.517, ""label_da"": """"}}",empirical_industry_crosswalk
branche,LAB_branche_77_94909,77_94909,,,,nace,927100,,,7780,0.3458,875.735,,,none,none,"{""nace"": {""code"": ""927100"", ""n"": 7780, ""share"": 0.3458, ""label_da"": """"}}",empirical_industry_crosswalk
branche,LAB_branche_77_95001,77_95001,,,,,,,,,,,,,none,none,{},empirical_industry_crosswalk
branche,LAB_branche_77_95110,77_95110,,,,nace,527100,,,763,0.8689,9220.008,,,none,none,"{""nace"": {""code"": ""527100"", ""n"": 763, ""share"": 0.8689, ""label_da"": """"}}",empirical_industry_crosswalk
branche,LAB_branche_77_95121,77_95121,,,,nace,527220,,,2207,0.855,2688.63,,,none,none,"{""nace"": {""code"": ""527220"", ""n"": 2207, ""share"": 0.855, ""label_da"": """"}}",empirical_industry_crosswalk
branche,LAB_branche_77_95122,77_95122,,,,nace,527210,,,1568,0.8578,4466.893,,,none,none,"{""nace"": {""code"": ""527210"", ""n"": 1568, ""share"": 0.8578, ""label_da"": """"}}",empirical_industry_crosswalk
branche,LAB_branche_77_95131,77_95131,,,,nace,502010,,,27364,0.8813,252.676,,,none,none,"{""nace"": {""code"": ""502010"", ""n"": 27364, ""share"": 0.8813, ""label_da"": """"}}",empirical_industry_crosswalk
branche,LAB_branche_77_95132,77_95132,,,,nace,502040,,,3105,0.2309,2230.963,,,none,none,"{""nace"": {""code"": ""502040"", ""n"": 3105, ""share"": 0.2309, ""label_da"": """"}}",empirical_industry_crosswalk
branche,LAB_branche_77_95133,77_95133,,,,nace,502050,,,4450,0.962,1581.666,,,none,none,"{""nace"": {""code"": ""502050"", ""n"": 4450, ""share"": 0.962, ""label_da"": """"}}",empirical_industry_crosswalk
branche,LAB_branche_77_95134,77_95134,,,,nace,502030,,,626,0.9281,11434.151,,,none,none,"{""nace"": {""code"": ""502030"", ""n"": 626, ""share"": 0.9281, ""label_da"": """"}}",empirical_industry_crosswalk
branche,LAB_branche_77_95139,77_95139,,,,nace,502090,,,1420,0.8387,4903.229,,,none,none,"{""nace"": {""code"": ""502090"", ""n"": 1420, ""share"": 0.8387, ""label_da"": """"}}",empirical_industry_crosswalk
branche,LAB_branche_77_95140,77_95140,,,,nace,335000,,,239,0.1381,29818.481,,,none,none,"{""nace"": {""code"": ""335000"", ""n"": 239, ""share"": 0.1381, ""label_da"": """"}}",empirical_industry_crosswalk
branche,LAB_branche_77_95150,77_95150,,,,nace,527410,,,778,0.7995,9259.124,,,none,none,"{""nace"": {""code"": ""527410"", ""n"": 778, ""share"": 0.7995, ""label_da"": """"}}",empirical_industry_crosswalk
branche,LAB_branche_77_95190,77_95190,,,,nace,527420,,,2884,0.2874,2437.192,,,none,none,"{""nace"": {""code"": ""527420"", ""n"": 2884, ""share"": 0.2874, ""label_da"": """"}}",empirical_industry_crosswalk
branche,LAB_branche_77_95201,77_95201,,,,nace,930110,,,10373,0.9852,581.476,,,none,none,"{""nace"": {""code"": ""930110"", ""n"": 10373, ""share"": 0.9852, ""label_da"": """"}}",empirical_industry_crosswalk
branche,LAB_branche_77_95202,77_95202,,,,nace,930120,,,761,0.7884,8947.685,,,none,none,"{""nace"": {""code"": ""930120"", ""n"": 761, ""share"": 0.7884, ""label_da"": """"}}",empirical_industry_crosswalk
branche,LAB_branche_77_95203,77_95203,,,,,,,,,,,,,none,none,{},empirical_industry_crosswalk
branche,LAB_branche_77_95204,77_95204,,,,nace,930130,,,2026,0.9274,3285.008,,,none,none,"{""nace"": {""code"": ""930130"", ""n"": 2026, ""share"": 0.9274, ""label_da"": """"}}",empirical_industry_crosswalk
branche,LAB_branche_77_95205,77_95205,,,,,,,,,,,,,none,none,{},empirical_industry_crosswalk
branche,LAB_branche_77_95206,77_95206,,,,,,,,,,,,,none,none,{},empirical_industry_crosswalk
branche,LAB_branche_77_95207,77_95207,,,,nace,714090,,,2003,1.0,1788.255,,,none,none,"{""nace"": {""code"": ""714090"", ""n"": 2003, ""share"": 1.0, ""label_da"": """"}}",empirical_industry_crosswalk
branche,LAB_branche_77_95400,77_95400,,,,nace,950000,,,2848,0.8023,2364.944,,,none,none,"{""nace"": {""code"": ""950000"", ""n"": 2848, ""share"": 0.8023, ""label_da"": """"}}",empirical_industry_crosswalk
branche,LAB_branche_77_95911,77_95911,,,,nace,930210,,,25940,0.7207,279.074,,,none,none,"{""nace"": {""code"": ""930210"", ""n"": 25940, ""share"": 0.7207, ""label_da"": """"}}",empirical_industry_crosswalk
branche,LAB_branche_77_95912,77_95912,,,,,,,,,,,,,none,none,{},empirical_industry_crosswalk
branche,LAB_branche_77_95913,77_95913,,,,,,,,,,,,,none,none,{},empirical_industry_crosswalk
branche,LAB_branche_77_95920,77_95920,,,,nace,748120,,,6972,0.1602,1008.894,,,none,none,"{""nace"": {""code"": ""748120"", ""n"": 6972, ""share"": 0.1602, ""label_da"": """"}}",empirical_industry_crosswalk
branche,LAB_branche_77_95991,77_95991,,,,,,,,,,,,,none,none,{},empirical_industry_crosswalk
branche,LAB_branche_77_95992,77_95992,,,,nace,714090,,,2940,0.4789,856.416,,,none,none,"{""nace"": {""code"": ""714090"", ""n"": 2940, ""share"": 0.4789, ""label_da"": """"}}",empirical_industry_crosswalk
branche,LAB_branche_77_95993,77_95993,,,,nace,930310,,,2950,0.3732,2277.97,,,none,none,"{""nace"": {""code"": ""930310"", ""n"": 2950, ""share"": 0.3732, ""label_da"": """"}}",empirical_industry_crosswalk
branche,LAB_branche_77_95999,77_95999,,,,nace,930500,,,2045,0.6758,3003.676,,,none,none,"{""nace"": {""code"": ""930500"", ""n"": 2045, ""share"": 0.6758, ""label_da"": """"}}",empirical_industry_crosswalk
branche,LAB_branche_77_96001,77_96001,,,,,,,,,,,,,none,none,{},empirical_industry_crosswalk
branche,LAB_branche_77_96002,77_96002,,,,nace,990000,,,379,0.9683,17775.231,,,none,none,"{""nace"": {""code"": ""990000"", ""n"": 379, ""share"": 0.9683, ""label_da"": """"}}",empirical_industry_crosswalk
branche,LAB_branche_77_98000,77_98000,,,,,,,,,,,,,none,none,{},empirical_industry_crosswalk
branche,LAB_branche_77_99998,77_99998,,,,nace,524610,,,675,0.0385,45.802,,,none,none,"{""nace"": {""code"": ""524610"", ""n"": 675, ""share"": 0.0385, ""label_da"": """"}}",empirical_industry_crosswalk
nace,LAB_nace_11110,11110,,,,branche,77_11101,,,42716,0.9591,36.543,,,none,none,"{""branche"": {""code"": ""77_11101"", ""n"": 42716, ""share"": 0.9591, ""label_da"": """"}, ""db07"": {""code"": ""11100"", ""n"": 18295, ""share"": 0.9758, ""label_da"": """"}}",empirical_industry_crosswalk
nace,LAB_nace_11190,11190,,,,branche,77_11101,,,11221,0.9716,37.016,,,none,none,"{""branche"": {""code"": ""77_11101"", ""n"": 11221, ""share"": 0.9716, ""label_da"": """"}, ""db07"": {""code"": ""11900"", ""n"": 5914, ""share"": 0.4293, ""label_da"": """"}}",empirical_industry_crosswalk
nace,LAB_nace_11210,11210,,,,branche,77_11102,,,32342,0.9349,162.223,,,none,none,"{""branche"": {""code"": ""77_11102"", ""n"": 32342, ""share"": 0.9349, ""label_da"": """"}, ""db07"": {""code"": ""11300"", ""n"": 6556, ""share"": 0.6856, ""label_da"": """"}}",empirical_industry_crosswalk
nace,LAB_nace_11220,11220,,,,branche,77_11102,,,6706,0.8892,154.296,,,none,none,"{""branche"": {""code"": ""77_11102"", ""n"": 6706, ""share"": 0.8892, ""label_da"": """"}, ""db07"": {""code"": ""13000"", ""n"": 3475, ""share"": 1.0, ""label_da"": """"}}",empirical_industry_crosswalk
nace,LAB_nace_11300,11300,,,,branche,77_11102,,,3780,0.9217,159.934,,,none,none,"{""branche"": {""code"": ""77_11102"", ""n"": 3780, ""share"": 0.9217, ""label_da"": """"}, ""db07"": {""code"": ""12500"", ""n"": 1128, ""share"": 0.3697, ""label_da"": """"}}",empirical_industry_crosswalk
nace,LAB_nace_12110,12110,,,,branche,77_11101,,,42164,0.9849,37.524,,,none,none,"{""branche"": {""code"": ""77_11101"", ""n"": 42164, ""share"": 0.9849, ""label_da"": """"}, ""db07"": {""code"": ""14100"", ""n"": 13201, ""share"": 0.9944, ""label_da"": """"}}",empirical_industry_crosswalk
nace,LAB_nace_12190,12190,,,,branche,77_11101,,,1204,0.9402,35.821,,,none,none,"{""branche"": {""code"": ""77_11101"", ""n"": 1204, ""share"": 0.9402, ""label_da"": """"}, ""db07"": {""code"": ""14200"", ""n"": 738, ""share"": 0.9729, ""label_da"": """"}}",empirical_industry_crosswalk
nace,LAB_nace_12210,12210,,,,branche,77_11106,,,1313,0.9246,3842.075,,,none,none,"{""branche"": {""code"": ""77_11106"", ""n"": 1313, ""share"": 0.9246, ""label_da"": """"}, ""db07"": {""code"": ""14300"", ""n"": 510, ""share"": 0.9373, ""label_da"": """"}}",empirical_industry_crosswalk
nace,LAB_nace_12220,12220,,,,branche,77_11101,,,150,0.9867,37.591,,,none,none,"{""branche"": {""code"": ""77_11101"", ""n"": 150, ""share"": 0.9867, ""label_da"": """"}, ""db07"": {""code"": ""14500"", ""n"": 57, ""share"": 0.9825, ""label_da"": """"}}",empirical_industry_crosswalk
nace,LAB_nace_12300,12300,,,,branche,77_11101,,,17749,0.9704,36.97,,,none,none,"{""branche"": {""code"": ""77_11101"", ""n"": 17749, ""share"": 0.9704, ""label_da"": """"}, ""db07"": {""code"": ""14610"", ""n"": 12717, ""share"": 0.6129, ""label_da"": """"}}",empirical_industry_crosswalk
nace,LAB_nace_12400,12400,,,,branche,77_11101,,,2446,0.9424,35.903,,,none,none,"{""branche"": {""code"": ""77_11101"", ""n"": 2446, ""share"": 0.9424, ""label_da"": """"}, ""db07"": {""code"": ""14700"", ""n"": 904, ""share"": 0.9934, ""label_da"": """"}}",empirical_industry_crosswalk
nace,LAB_nace_12510,12510,,,,branche,77_11104,,,6712,0.9026,787.725,,,none,none,"{""branche"": {""code"": ""77_11104"", ""n"": 6712, ""share"": 0.9026, ""label_da"": """"}, ""db07"": {""code"": ""14920"", ""n"": 4099, ""share"": 0.9978, ""label_da"": """"}}",empirical_industry_crosswalk
nace,LAB_nace_12520,12520,,,,branche,77_11105,,,346,0.9566,11765.922,,,none,none,"{""branche"": {""code"": ""77_11105"", ""n"": 346, ""share"": 0.9566, ""label_da"": """"}, ""db07"": {""code"": ""14920"", ""n"": 96, ""share"": 0.9896, ""label_da"": """"}}",empirical_industry_crosswalk
nace,LAB_nace_12530,12530,,,,branche,77_11107,,,286,0.979,17533.012,,,none,none,"{""branche"": {""code"": ""77_11107"", ""n"": 286, ""share"": 0.979, ""label_da"": """"}, ""db07"": {""code"": ""14910"", ""n"": 126, ""share"": 1.0, ""label_da"": """"}}",empirical_industry_crosswalk
nace,LAB_nace_12590,12590,,,,branche,77_11101,,,357,0.9552,36.392,,,none,none,"{""branche"": {""code"": ""77_11101"", ""n"": 357, ""share"": 0.9552, ""label_da"": """"}, ""db07"": {""code"": ""14920"", ""n"": 248, ""share"": 1.0, ""label_da"": """"}}",empirical_industry_crosswalk
nace,LAB_nace_13000,13000,,,,branche,77_11101,,,36702,0.9752,37.154,,,none,none,"{""branche"": {""code"": ""77_11101"", ""n"": 36702, ""share"": 0.9752, ""label_da"": """"}, ""db07"": {""code"": ""15000"", ""n"": 3246, ""share"": 0.898, ""label_da"": """"}}",empirical_industry_crosswalk
nace,LAB_nace_14110,14110,,,,branche,77_11201,,,11355,0.8927,588.576,,,none,none,"{""branche"": {""code"": ""77_11201"", ""n"": 11355, ""share"": 0.8927, ""label_da"": """"}, ""db07"": {""code"": ""16100"", ""n"": 3378, ""share"": 0.8931, ""label_da"": """"}}",empirical_industry_crosswalk
nace,LAB_nace_14120,14120,,,,branche,77_11103,,,12416,0.7755,549.33,,,none,none,"{""branche"": {""code"": ""77_11103"", ""n"": 12416, ""share"": 0.7755, ""label_da"": """"}, ""db07"": {""code"": ""813000"", ""n"": 6443, ""share"": 0.9984, ""label_da"": """"}}",empirical_industry_crosswalk
nace,LAB_nace_14190,14190,,,,branche,77_11202,,,1085,0.659,6283.968,,,none,none,"{""branche"": {""code"": ""77_11202"", ""n"": 1085, ""share"": 0.659, ""label_da"": """"}, ""db07"": {""code"": ""813000"", ""n"": 315, ""share"": 0.8413, ""label_da"": """"}}",empirical_industry_crosswalk
nace,LAB_nace_14200,14200,,,,branche,77_11209,,,4940,0.7435,1241.33,,,none,none,"{""branche"": {""code"": ""77_11209"", ""n"": 4940, ""share"": 0.7435, ""label_da"": """"}, ""db07"": {""code"": ""16200"", ""n"": 1179, ""share"": 0.9915, ""label_da"": """"}}",empirical_industry_crosswalk
nace,LAB_nace_15000,15000,,,,branche,77_11300,,,75,0.8,60557.32,,,none,none,"{""branche"": {""code"": ""77_11300"", ""n"": 75, ""share"": 0.8, ""label_da"": """"}, ""db07"": {""code"": ""17000"", ""n"": 20, ""share"": 0.95, ""label_da"": """"}}",empirical_industry_crosswalk
nace,LAB_nace_20100,20100,,,,branche,77_12000,,,11226,0.617,402.303,,,none,none,"{""branche"": {""code"": ""77_12000"", ""n"": 11226, ""share"": 0.617, ""label_da"": """"}, ""db07"": {""code"": ""21000"", ""n"": 3393, ""share"": 0.9605, ""label_da"": """"}}",empirical_industry_crosswalk
nace,LAB_nace_20200,20200,,,,branche,77_12000,,,1448,0.8999,586.69,,,none,none,"{""branche"": {""code"": ""77_12000"", ""n"": 1448, ""share"": 0.8999, ""label_da"": """"}, ""db07"": {""code"": ""24000"", ""n"": 741, ""share"": 0.9825, ""label_da"": """"}}",empirical_industry_crosswalk
nace,LAB_nace_50100,50100,,,,branche,77_13010,,,9813,0.9698,648.079,,,none,none,"{""branche"": {""code"": ""77_13010"", ""n"": 9813, ""share"": 0.9698, ""label_da"": """"}, ""db07"": {""code"": ""31100"", ""n"": 2792, ""share"": 0.9979, ""label_da"": """"}}",empirical_industry_crosswalk
nace,LAB_nace_50200,50200,,,,branche,77_13021,,,2378,0.905,2693.455,,,none,none,"{""branche"": {""code"": ""77_13021"", ""n"": 2378, ""share"": 0.905, ""label_da"": """"}, ""db07"": {""code"": ""32200"", ""n"": 602, ""share"": 0.7342, ""label_da"": """"}}",empirical_industry_crosswalk
nace,LAB_nace_102000,102000,,,,,,,,,,,,,none,none,{},empirical_industry_crosswalk
nace,LAB_nace_103000,103000,,,,branche,77_29090,,,397,0.8841,7269.651,,,none,none,"{""branche"": {""code"": ""77_29090"", ""n"": 397, ""share"": 0.8841, ""label_da"": """"}, ""db07"": {""code"": ""89200"", ""n"": 101, ""share"": 1.0, ""label_da"": """"}}",empirical_industry_crosswalk
nace,LAB_nace_111000,111000,,,,db07,61000,,,1454,0.9938,2166.139,,,none,none,"{""branche"": {""code"": ""77_22000"", ""n"": 2485, ""share"": 0.5123, ""label_da"": """"}, ""db07"": {""code"": ""61000"", ""n"": 1454, ""share"": 0.9938, ""label_da"": """"}}",empirical_industry_crosswalk
nace,LAB_nace_112000,112000,,,,db07,91000,,,1801,1.0,1766.941,,,none,none,"{""branche"": {""code"": ""77_22000"", ""n"": 1021, ""share"": 0.9021, ""label_da"": """"}, ""db07"": {""code"": ""91000"", ""n"": 1801, ""share"": 1.0, ""label_da"": """"}}",empirical_industry_crosswalk
nace,LAB_nace_120000,120000,,,,branche,77_23000,,,9,0.7778,713861.458,,,none,none,"{""branche"": {""code"": ""77_23000"", ""n"": 9, ""share"": 0.7778, ""label_da"": """"}}",empirical_industry_crosswalk
nace,LAB_nace_132000,132000,,,,branche,77_23000,,,1,1.0,0.0,,,none,none,"{""branche"": {""code"": ""77_23000"", ""n"": 1, ""share"": 1.0, ""label_da"": """"}}",empirical_industry_crosswalk
nace,LAB_nace_141110,141110,,,,db07,81100,,,66,0.7879,14245.659,,,none,none,"{""branche"": {""code"": ""77_36992"", ""n"": 42, ""share"": 0.2857, ""label_da"": """"}, ""db07"": {""code"": ""81100"", ""n"": 66, ""share"": 0.7879, ""label_da"": """"}}",empirical_industry_crosswalk
nace,LAB_nace_141120,141120,,,,branche,77_29012,,,130,0.6,47371.452,,,none,none,"{""branche"": {""code"": ""77_29012"", ""n"": 130, ""share"": 0.6, ""label_da"": """"}, ""db07"": {""code"": ""81100"", ""n"": 6, ""share"": 1.0, ""label_da"": """"}}",empirical_industry_crosswalk
nace,LAB_nace_141200,141200,,,,branche,77_29013,,,839,0.8582,8280.075,,,none,none,"{""branche"": {""code"": ""77_29013"", ""n"": 839, ""share"": 0.8582, ""label_da"": """"}, ""db07"": {""code"": ""81100"", ""n"": 117, ""share"": 1.0, ""label_da"": """"}}",empirical_industry_crosswalk
nace,LAB_nace_142100,142100,,,,branche,77_29011,,,3566,0.7751,1951.72,,,none,none,"{""branche"": {""code"": ""77_29011"", ""n"": 3566, ""share"": 0.7751, ""label_da"": """"}, ""db07"": {""code"": ""81200"", ""n"": 1047, ""share"": 0.9885, ""label_da"": """"}}",empirical_industry_crosswalk
nace,LAB_nace_142200,142200,,,,branche,77_29011,,,65,0.7692,1936.946,,,none,none,"{""branche"": {""code"": ""77_29011"", ""n"": 65, ""share"": 0.7692, ""label_da"": """"}, ""db07"": {""code"": ""81200"", ""n"": 2, ""share"": 1.0, ""label_da"": """"}}",empirical_industry_crosswalk
nace,LAB_nace_143000,143000,,,,branche,77_29020,,,16,0.9375,458910.938,,,none,none,"{""branche"": {""code"": ""77_29020"", ""n"": 16, ""share"": 0.9375, ""label_da"": """"}, ""db07"": {""code"": ""89100"", ""n"": 1, ""share"": 1.0, ""label_da"": """"}}",empirical_industry_crosswalk
nace,LAB_nace_144000,144000,,,,branche,77_29030,,,279,0.9713,26124.671,,,none,none,"{""branche"": {""code"": ""77_29030"", ""n"": 279, ""share"": 0.9713, ""label_da"": """"}, ""db07"": {""code"": ""89300"", ""n"": 218, ""share"": 1.0, ""label_da"": """"}}",empirical_industry_crosswalk
nace,LAB_nace_145000,145000,,,,branche,77_29090,,,560,0.9482,7796.567,,,none,none,"{""branche"": {""code"": ""77_29090"", ""n"": 560, ""share"": 0.9482, ""label_da"": """"}, ""db07"": {""code"": ""89900"", ""n"": 155, ""share"": 1.0, ""label_da"": """"}}",empirical_industry_crosswalk
nace,LAB_nace_151110,151110,,,,branche,77_31111,,,28898,0.9278,221.857,,,none,none,"{""branche"": {""code"": ""77_31111"", ""n"": 28898, ""share"": 0.9278, ""label_da"": """"}, ""db07"": {""code"": ""101110"", ""n"": 12200, ""share"": 0.9824, ""label_da"": """"}}",empirical_industry_crosswalk
nace,LAB_nace_151120,151120,,,,branche,77_31113,,,4693,0.7296,1550.093,,,none,none,"{""branche"": {""code"": ""77_31113"", ""n"": 4693, ""share"": 0.7296, ""label_da"": """"}, ""db07"": {""code"": ""101190"", ""n"": 1210, ""share"": 1.0, ""label_da"": """"}}",empirical_industry_crosswalk
nace,LAB_nace_151130,151130,,,,branche,77_31116,,,2337,0.8656,2874.728,,,none,none,"{""branche"": {""code"": ""77_31116"", ""n"": 2337, ""share"": 0.8656, ""label_da"": """"}, ""db07"": {""code"": ""101190"", ""n"": 625, ""share"": 1.0, ""label_da"": """"}}",empirical_industry_crosswalk
nace,LAB_nace_151140,151140,,,,branche,77_31154,,,483,0.9938,2034.282,,,none,none,"{""branche"": {""code"": ""77_31154"", ""n"": 483, ""share"": 0.9938, ""label_da"": """"}, ""db07"": {""code"": ""101110"", ""n"": 268, ""share"": 0.9963, ""label_da"": """"}}",empirical_industry_crosswalk
nace,LAB_nace_151200,151200,,,,branche,77_31117,,,8236,0.9519,855.617,,,none,none,"{""branche"": {""code"": ""77_31117"", ""n"": 8236, ""share"": 0.9519, ""label_da"": """"}, ""db07"": {""code"": ""101200"", ""n"": 2436, ""share"": 1.0, ""label_da"": """"}}",empirical_industry_crosswalk
nace,LAB_nace_151310,151310,,,,branche,77_31112,,,6468,0.6942,371.077,,,none,none,"{""branche"": {""code"": ""77_31112"", ""n"": 6468, ""share"": 0.6942, ""label_da"": """"}, ""db07"": {""code"": ""108500"", ""n"": 2480, ""share"": 0.9367, ""label_da"": """"}}",empirical_industry_crosswalk
nace,LAB_nace_151390,151390,,,,branche,77_31119,,,17415,0.2767,315.547,,,none,none,"{""branche"": {""code"": ""77_31119"", ""n"": 17415, ""share"": 0.2767, ""label_da"": """"}, ""db07"": {""code"": ""101300"", ""n"": 1315, ""share"": 0.876, ""label_da"": """"}}",empirical_industry_crosswalk
nace,LAB_nace_152010,152010,,,,branche,77_31142,,,16377,0.9354,429.694,,,none,none,"{""branche"": {""code"": ""77_31142"", ""n"": 16377, ""share"": 0.9354, ""label_da"": """"}, ""db07"": {""code"": ""102020"", ""n"": 3954, ""share"": 0.9133, ""label_da"": """"}}",empirical_industry_crosswalk
nace,LAB_nace_152020,152020,,,,branche,77_31141,,,5624,0.8972,1287.715,,,none,none,"{""branche"": {""code"": ""77_31141"", ""n"": 5624, ""share"": 0.8972, ""label_da"": """"}, ""db07"": {""code"": ""102020"", ""n"": 1376, ""share"": 1.0, ""label_da"": """"}}",empirical_industry_crosswalk
nace,LAB_nace_152030,152030,,,,branche,77_31153,,,1170,0.9282,6252.675,,,none,none,"{""branche"": {""code"": ""77_31153"", ""n"": 1170, ""share"": 0.9282, ""label_da"": """"}, ""db07"": {""code"": ""102010"", ""n"": 272, ""share"": 0.9596, ""label_da"": """"}}",empirical_industry_crosswalk
nace,LAB_nace_153100,153100,,,,branche,77_31219,,,1513,0.9557,523.22,,,none,none,"{""branche"": {""code"": ""77_31219"", ""n"": 1513, ""share"": 0.9557, ""label_da"": """"}, ""db07"": {""code"": ""103100"", ""n"": 663, ""share"": 1.0, ""label_da"": """"}}",empirical_industry_crosswalk
nace,LAB_nace_153200,153200,,,,branche,77_31130,,,1445,0.8837,975.335,,,none,none,"{""branche"": {""code"": ""77_31130"", ""n"": 1445, ""share"": 0.8837, ""label_da"": """"}, ""db07"": {""code"": ""103200"", ""n"": 346, ""share"": 1.0, ""label_da"": """"}}",empirical_industry_crosswalk
nace,LAB_nace_153300,153300,,,,branche,77_31130,,,7099,0.7167,791.008,,,none,none,"{""branche"": {""code"": ""77_31130"", ""n"": 7099, ""share"": 0.7167, ""label_da"": """"}, ""db07"": {""code"": ""103900"", ""n"": 1795, ""share"": 0.9114, ""label_da"": """"}}",empirical_industry_crosswalk
nace,LAB_nace_154100,154100,,,,db07,104100,,,109,0.9908,5630.475,,,none,none,"{""branche"": {""code"": ""77_31151"", ""n"": 114, ""share"": 0.8772, ""label_da"": """"}, ""db07"": {""code"": ""104100"", ""n"": 109, ""share"": 0.9908, ""label_da"": """"}}",empirical_industry_crosswalk
nace,LAB_nace_154200,154200,,,,branche,77_31151,,,1225,0.9208,5496.88,,,none,none,"{""branche"": {""code"": ""77_31151"", ""n"": 1225, ""share"": 0.9208, ""label_da"": """"}, ""db07"": {""code"": ""104100"", ""n"": 452, ""share"": 1.0, ""label_da"": """"}}",empirical_industry_crosswalk
nace,LAB_nace_154300,154300,,,,branche,77_31152,,,1276,0.6638,5740.813,,,none,none,"{""branche"": {""code"": ""77_31152"", ""n"": 1276, ""share"": 0.6638, ""label_da"": """"}, ""db07"": {""code"": ""104200"", ""n"": 238, ""share"": 1.0, ""label_da"": """"}}",empirical_industry_crosswalk
nace,LAB_nace_155110,155110,,,,branche,77_31121,,,22556,0.9321,303.565,,,none,none,"{""branche"": {""code"": ""77_31121"", ""n"": 22556, ""share"": 0.9321, ""label_da"": """"}, ""db07"": {""code"": ""105100"", ""n"": 8510, ""share"": 0.9967, ""label_da"": """"}}",empirical_industry_crosswalk
nace,LAB_nace_155120,155120,,,,branche,77_31123,,,4402,0.6974,1666.923,,,none,none,"{""branche"": {""code"": ""77_31123"", ""n"": 4402, ""share"": 0.6974, ""label_da"": """"}, ""db07"": {""code"": ""105100"", ""n"": 1092, ""share"": 1.0, ""label_da"": """"}}",empirical_industry_crosswalk
nace,LAB_nace_155200,155200,,,,branche,77_31124,,,3359,0.9625,1584.562,,,none,none,"{""branche"": {""code"": ""77_31124"", ""n"": 3359, ""share"": 0.9625, ""label_da"": """"}, ""db07"": {""code"": ""105200"", ""n"": 753, ""share"": 1.0, ""label_da"": """"}}",empirical_industry_crosswalk
nace,LAB_nace_156100,156100,,,,branche,77_31160,,,1941,0.9737,3753.096,,,none,none,"{""branche"": {""code"": ""77_31160"", ""n"": 1941, ""share"": 0.9737, ""label_da"": """"}}",empirical_industry_crosswalk
nace,LAB_nace_156110,156110,,,,db07,106100,,,576,1.0,5524.759,,,none,none,"{""db07"": {""code"": ""106100"", ""n"": 576, ""share"": 1.0, ""label_da"": """"}}",empirical_industry_crosswalk
nace,LAB_nace_156120,156120,,,,db07,16400,,,488,1.0,6521.027,,,none,none,"{""db07"": {""code"": ""16400"", ""n"": 488, ""share"": 1.0, ""label_da"": """"}}",empirical_industry_crosswalk
nace,LAB_nace_156200,156200,,,,branche,77_31211,,,550,0.7582,13318.198,,,none,none,"{""branche"": {""code"": ""77_31211"", ""n"": 550, ""share"": 0.7582, ""label_da"": """"}, ""db07"": {""code"": ""106200"", ""n"": 182, ""share"": 1.0, ""label_da"": """"}}",empirical_industry_crosswalk
nace,LAB_nace_157110,157110,,,,branche,77_31220,,,2647,0.8228,2326.379,,,none,none,"{""branche"": {""code"": ""77_31220"", ""n"": 2647, ""share"": 0.8228, ""label_da"": """"}, ""db07"": {""code"": ""109100"", ""n"": 2039, ""share"": 1.0, ""label_da"": """"}}",empirical_industry_crosswalk
nace,LAB_nace_157120,157120,,,,branche,77_31220,,,284,0.9648,2727.776,,,none,none,"{""branche"": {""code"": ""77_31220"", ""n"": 284, ""share"": 0.9648, ""label_da"": """"}, ""db07"": {""code"": ""109100"", ""n"": 88, ""share"": 1.0, ""label_da"": """"}}",empirical_industry_crosswalk
nace,LAB_nace_157200,157200,,,,branche,77_31154,,,3144,0.9558,1956.496,,,none,none,"{""branche"": {""code"": ""77_31154"", ""n"": 3144, ""share"": 0.9558, ""label_da"": """"}, ""db07"": {""code"": ""109200"", ""n"": 811, ""share"": 1.0, ""label_da"": """"}}",empirical_industry_crosswalk
nace,LAB_nace_158110,158110,,,,branche,77_31171,,,8524,0.9356,858.601,,,none,none,"{""branche"": {""code"": ""77_31171"", ""n"": 8524, ""share"": 0.9356, ""label_da"": """"}, ""db07"": {""code"": ""107110"", ""n"": 4026, ""share"": 0.9861, ""label_da"": """"}}",empirical_industry_crosswalk
nace,LAB_nace_158120,158120,,,,branche,77_31174,,,37967,0.9579,185.728,,,none,none,"{""branche"": {""code"": ""77_31174"", ""n"": 37967, ""share"": 0.9579, ""label_da"": """"}, ""db07"": {""code"": ""107120"", ""n"": 15125, ""share"": 0.9988, ""label_da"": """"}}",empirical_industry_crosswalk
nace,LAB_nace_158200,158200,,,,branche,77_31173,,,9190,0.9313,767.672,,,none,none,"{""branche"": {""code"": ""77_31173"", ""n"": 9190, ""share"": 0.9313, ""label_da"": """"}, ""db07"": {""code"": ""107200"", ""n"": 1456, ""share"": 1.0, ""label_da"": """"}}",empirical_industry_crosswalk
nace,LAB_nace_158300,158300,,,,branche,77_31180,,,3413,0.9745,1014.088,,,none,none,"{""branche"": {""code"": ""77_31180"", ""n"": 3413, ""share"": 0.9745, ""label_da"": """"}, ""db07"": {""code"": ""108100"", ""n"": 594, ""share"": 0.5842, ""label_da"": """"}}",empirical_industry_crosswalk
nace,LAB_nace_158400,158400,,,,branche,77_31190,,,10229,0.9787,693.237,,,none,none,"{""branche"": {""code"": ""77_31190"", ""n"": 10229, ""share"": 0.9787, ""label_da"": """"}, ""db07"": {""code"": ""108200"", ""n"": 3263, ""share"": 1.0, ""label_da"": """"}}",empirical_industry_crosswalk
nace,LAB_nace_158500,158500,,,,branche,77_31179,,,248,0.9315,29227.578,,,none,none,"{""branche"": {""code"": ""77_31179"", ""n"": 248, ""share"": 0.9315, ""label_da"": """"}, ""db07"": {""code"": ""107300"", ""n"": 190, ""share"": 1.0, ""label_da"": """"}}",empirical_industry_crosswalk
nace,LAB_nace_158600,158600,,,,branche,77_31219,,,372,0.9839,538.633,,,none,none,"{""branche"": {""code"": ""77_31219"", ""n"": 372, ""share"": 0.9839, ""label_da"": """"}, ""db07"": {""code"": ""108300"", ""n"": 222, ""share"": 1.0, ""label_da"": """"}}",empirical_industry_crosswalk
nace,LAB_nace_158700,158700,,,,branche,77_31219,,,2384,0.8683,475.356,,,none,none,"{""branche"": {""code"": ""77_31219"", ""n"": 2384, ""share"": 0.8683, ""label_da"": """"}, ""db07"": {""code"": ""108400"", ""n"": 766, ""share"": 1.0, ""label_da"": """"}}",empirical_industry_crosswalk
nace,LAB_nace_158800,158800,,,,branche,77_31219,,,28,0.7857,430.15,,,none,none,"{""branche"": {""code"": ""77_31219"", ""n"": 28, ""share"": 0.7857, ""label_da"": """"}}",empirical_industry_crosswalk
nace,LAB_nace_158900,158900,,,,branche,77_31219,,,9573,0.9397,514.465,,,none,none,"{""branche"": {""code"": ""77_31219"", ""n"": 9573, ""share"": 0.9397, ""label_da"": """"}}",empirical_industry_crosswalk
nace,LAB_nace_158910,158910,,,,db07,108900,,,975,1.0,953.058,,,none,none,"{""db07"": {""code"": ""108900"", ""n"": 975, ""share"": 1.0, ""label_da"": """"}}",empirical_industry_crosswalk
nace,LAB_nace_158920,158920,,,,db07,108900,,,2325,1.0,953.058,,,none,none,"{""db07"": {""code"": ""108900"", ""n"": 2325, ""share"": 1.0, ""label_da"": """"}}",empirical_industry_crosswalk
nace,LAB_nace_159100,159100,,,,branche,77_31310,,,1596,0.5207,4600.611,,,none,none,"{""branche"": {""code"": ""77_31310"", ""n"": 1596, ""share"": 0.5207, ""label_da"": """"}, ""db07"": {""code"": ""110100"", ""n"": 223, ""share"": 1.0, ""label_da"": """"}}",empirical_industry_crosswalk
nace,LAB_nace_159300,159300,,,,branche,77_61121,,,78,0.9872,1578.837,,,none,none,"{""branche"": {""code"": ""77_61121"", ""n"": 78, ""share"": 0.9872, ""label_da"": """"}, ""db07"": {""code"": ""110200"", ""n"": 8, ""share"": 1.0, ""label_da"": """"}}",empirical_industry_crosswalk
nace,LAB_nace_159400,159400,,,,branche,77_31130,,,292,0.863,952.464,,,none,none,"{""branche"": {""code"": ""77_31130"", ""n"": 292, ""share"": 0.863, ""label_da"": """"}, ""db07"": {""code"": ""110300"", ""n"": 3, ""share"": 1.0, ""label_da"": """"}}",empirical_industry_crosswalk
nace,LAB_nace_159500,159500,,,,,,,,,,,,,none,none,{},empirical_industry_crosswalk
nace,LAB_nace_159600,159600,,,,branche,77_31330,,,9543,0.963,743.686,,,none,none,"{""branche"": {""code"": ""77_31330"", ""n"": 9543, ""share"": 0.963, ""label_da"": """"}, ""db07"": {""code"": ""110500"", ""n"": 4275, ""share"": 1.0, ""label_da"": """"}}",empirical_industry_crosswalk
nace,LAB_nace_159700,159700,,,,branche,77_31330,,,193,0.9378,724.237,,,none,none,"{""branche"": {""code"": ""77_31330"", ""n"": 193, ""share"": 0.9378, ""label_da"": """"}, ""db07"": {""code"": ""110600"", ""n"": 97, ""share"": 1.0, ""label_da"": """"}}",empirical_industry_crosswalk
nace,LAB_nace_159800,159800,,,,branche,77_31340,,,4699,0.9398,1553.436,,,none,none,"{""branche"": {""code"": ""77_31340"", ""n"": 4699, ""share"": 0.9398, ""label_da"": """"}, ""db07"": {""code"": ""110700"", ""n"": 538, ""share"": 0.987, ""label_da"": """"}}",empirical_industry_crosswalk
nace,LAB_nace_160000,160000,,,,branche,77_31400,,,2531,0.9763,2883.553,,,none,none,"{""branche"": {""code"": ""77_31400"", ""n"": 2531, ""share"": 0.9763, ""label_da"": """"}, ""db07"": {""code"": ""120000"", ""n"": 1372, ""share"": 0.9964, ""label_da"": """"}}",empirical_industry_crosswalk
nace,LAB_nace_171000,171000,,,,branche,77_32111,,,1052,0.9544,6324.506,,,none,none,"{""branche"": {""code"": ""77_32111"", ""n"": 1052, ""share"": 0.9544, ""label_da"": """"}, ""db07"": {""code"": ""131000"", ""n"": 288, ""share"": 1.0, ""label_da"": """"}}",empirical_industry_crosswalk
nace,LAB_nace_172000,172000,,,,branche,77_32112,,,3792,0.3716,1936.333,,,none,none,"{""branche"": {""code"": ""77_32112"", ""n"": 3792, ""share"": 0.3716, ""label_da"": """"}, ""db07"": {""code"": ""132000"", ""n"": 215, ""share"": 1.0, ""label_da"": """"}}",empirical_industry_crosswalk
nace,LAB_nace_173000,173000,,,,branche,77_32117,,,2961,0.924,2360.692,,,none,none,"{""branche"": {""code"": ""77_32117"", ""n"": 2961, ""share"": 0.924, ""label_da"": """"}, ""db07"": {""code"": ""133000"", ""n"": 538, ""share"": 0.9981, ""label_da"": """"}}",empirical_industry_crosswalk
nace,LAB_nace_174010,174010,,,,branche,77_32123,,,3116,0.8601,2273.283,,,none,none,"{""branche"": {""code"": ""77_32123"", ""n"": 3116, ""share"": 0.8601, ""label_da"": """"}, ""db07"": {""code"": ""139220"", ""n"": 1005, ""share"": 1.0, ""label_da"": """"}}",empirical_industry_crosswalk
nace,LAB_nace_174020,174020,,,,branche,77_32129,,,5656,0.947,1069.875,,,none,none,"{""branche"": {""code"": ""77_32129"", ""n"": 5656, ""share"": 0.947, ""label_da"": """"}, ""db07"": {""code"": ""139210"", ""n"": 1780, ""share"": 1.0, ""label_da"": """"}}",empirical_industry_crosswalk
nace,LAB_nace_174090,174090,,,,branche,77_32129,,,938,0.8614,973.219,,,none,none,"{""branche"": {""code"": ""77_32129"", ""n"": 938, ""share"": 0.8614, ""label_da"": """"}, ""db07"": {""code"": ""139220"", ""n"": 269, ""share"": 1.0, ""label_da"": """"}}",empirical_industry_crosswalk
nace,LAB_nace_175100,175100,,,,branche,77_32140,,,2003,0.9576,3650.562,,,none,none,"{""branche"": {""code"": ""77_32140"", ""n"": 2003, ""share"": 0.9576, ""label_da"": """"}, ""db07"": {""code"": ""139300"", ""n"": 920, ""share"": 1.0, ""label_da"": """"}}",empirical_industry_crosswalk
nace,LAB_nace_175210,175210,,,,branche,77_32151,,,510,0.8647,13984.951,,,none,none,"{""branche"": {""code"": ""77_32151"", ""n"": 510, ""share"": 0.8647, ""label_da"": """"}, ""db07"": {""code"": ""139400"", ""n"": 59, ""share"": 1.0, ""label_da"": """"}}",empirical_industry_crosswalk
nace,LAB_nace_175220,175220,,,,branche,77_32152,,,875,0.9531,8044.279,,,none,none,"{""branche"": {""code"": ""77_32152"", ""n"": 875, ""share"": 0.9531, ""label_da"": """"}, ""db07"": {""code"": ""331900"", ""n"": 196, ""share"": 0.5561, ""label_da"": """"}}",empirical_industry_crosswalk
nace,LAB_nace_175300,175300,,,,db07,139500,,,510,1.0,6239.727,,,none,none,"{""branche"": {""code"": ""77_32129"", ""n"": 13, ""share"": 1.0, ""label_da"": """"}, ""db07"": {""code"": ""139500"", ""n"": 510, ""share"": 1.0, ""label_da"": """"}}",empirical_industry_crosswalk
nace,LAB_nace_175400,175400,,,,branche,77_32190,,,2701,0.9167,2541.888,,,none,none,"{""branche"": {""code"": ""77_32190"", ""n"": 2701, ""share"": 0.9167, ""label_da"": """"}, ""db07"": {""code"": ""139600"", ""n"": 375, ""share"": 0.6747, ""label_da"": """"}}",empirical_industry_crosswalk
nace,LAB_nace_176000,176000,,,,branche,77_32130,,,1576,0.9416,831.003,,,none,none,"{""branche"": {""code"": ""77_32130"", ""n"": 1576, ""share"": 0.9416, ""label_da"": """"}, ""db07"": {""code"": ""139100"", ""n"": 153, ""share"": 1.0, ""label_da"": """"}}",empirical_industry_crosswalk
nace,LAB_nace_177100,177100,,,,branche,77_32130,,,570,0.9649,851.555,,,none,none,"{""branche"": {""code"": ""77_32130"", ""n"": 570, ""share"": 0.9649, ""label_da"": """"}, ""db07"": {""code"": ""143100"", ""n"": 68, ""share"": 0.9559, ""label_da"": """"}}",empirical_industry_crosswalk
nace,LAB_nace_177200,177200,,,,branche,77_32130,,,5254,0.921,812.813,,,none,none,"{""branche"": {""code"": ""77_32130"", ""n"": 5254, ""share"": 0.921, ""label_da"": """"}, ""db07"": {""code"": ""143900"", ""n"": 272, ""share"": 0.9963, ""label_da"": """"}}",empirical_industry_crosswalk
nace,LAB_nace_181000,181000,,,,branche,77_32211,,,66,1.0,1539.001,,,none,none,"{""branche"": {""code"": ""77_32211"", ""n"": 66, ""share"": 1.0, ""label_da"": """"}, ""db07"": {""code"": ""141100"", ""n"": 19, ""share"": 1.0, ""label_da"": """"}}",empirical_industry_crosswalk
nace,LAB_nace_182100,182100,,,,branche,77_32211,,,2738,0.969,1491.224,,,none,none,"{""branche"": {""code"": ""77_32211"", ""n"": 2738, ""share"": 0.969, ""label_da"": """"}, ""db07"": {""code"": ""141200"", ""n"": 642, ""share"": 0.9969, ""label_da"": """"}}",empirical_industry_crosswalk
nace,LAB_nace_182200,182200,,,,db07,141300,,,1077,1.0,2911.492,,,none,none,"{""db07"": {""code"": ""141300"", ""n"": 1077, ""share"": 1.0, ""label_da"": """"}}",empirical_industry_crosswalk
nace,LAB_nace_182210,182210,,,,branche,77_32213,,,1131,0.9664,6375.449,,,none,none,"{""branche"": {""code"": ""77_32213"", ""n"": 1131, ""share"": 0.9664, ""label_da"": """"}}",empirical_industry_crosswalk
nace,LAB_nace_182220,182220,,,,branche,77_32211,,,2068,0.9773,1504.024,,,none,none,"{""branche"": {""code"": ""77_32211"", ""n"": 2068, ""share"": 0.9773, ""label_da"": """"}}",empirical_industry_crosswalk
nace,LAB_nace_182230,182230,,,,branche,77_32212,,,11551,0.3956,635.666,,,none,none,"{""branche"": {""code"": ""77_32212"", ""n"": 11551, ""share"": 0.3956, ""label_da"": """"}}",empirical_industry_crosswalk
nace,LAB_nace_182310,182310,,,,branche,77_32214,,,820,0.9683,8898.325,,,none,none,"{""branche"": {""code"": ""77_32214"", ""n"": 820, ""share"": 0.9683, ""label_da"": """"}, ""db07"": {""code"": ""141400"", ""n"": 74, ""share"": 1.0, ""label_da"": """"}}",empirical_industry_crosswalk
nace,LAB_nace_182390,182390,,,,branche,77_32219,,,2375,0.4589,555.44,,,none,none,"{""branche"": {""code"": ""77_32219"", ""n"": 2375, ""share"": 0.4589, ""label_da"": """"}, ""db07"": {""code"": ""141400"", ""n"": 246, ""share"": 1.0, ""label_da"": """"}}",empirical_industry_crosswalk
nace,LAB_nace_182410,182410,,,,branche,77_32219,,,2144,0.7276,880.591,,,none,none,"{""branche"": {""code"": ""77_32219"", ""n"": 2144, ""share"": 0.7276, ""label_da"": """"}, ""db07"": {""code"": ""141900"", ""n"": 71, ""share"": 1.0, ""label_da"": """"}}",empirical_industry_crosswalk
nace,LAB_nace_182490,182490,,,,branche,77_32219,,,3085,0.9504,1150.226,,,none,none,"{""branche"": {""code"": ""77_32219"", ""n"": 3085, ""share"": 0.9504, ""label_da"": """"}, ""db07"": {""code"": ""141900"", ""n"": 350, ""share"": 0.6971, ""label_da"": """"}}",empirical_industry_crosswalk
nace,LAB_nace_183000,183000,,,,branche,77_32320,,,673,0.3328,10910.215,,,none,none,"{""branche"": {""code"": ""77_32320"", ""n"": 673, ""share"": 0.3328, ""label_da"": """"}, ""db07"": {""code"": ""142000"", ""n"": 142, ""share"": 0.5775, ""label_da"": """"}}",empirical_industry_crosswalk
nace,LAB_nace_191000,191000,,,,branche,77_32310,,,660,0.9364,10544.97,,,none,none,"{""branche"": {""code"": ""77_32310"", ""n"": 660, ""share"": 0.9364, ""label_da"": """"}, ""db07"": {""code"": ""151100"", ""n"": 120, ""share"": 1.0, ""label_da"": """"}}",empirical_industry_crosswalk
nace,LAB_nace_192000,192000,,,,branche,77_32330,,,908,0.935,7374.296,,,none,none,"{""branche"": {""code"": ""77_32330"", ""n"": 908, ""share"": 0.935, ""label_da"": """"}, ""db07"": {""code"": ""151200"", ""n"": 31, ""share"": 0.9677, ""label_da"": """"}}",empirical_industry_crosswalk
nace,LAB_nace_193010,193010,,,,branche,77_32401,,,2831,0.9191,2589.652,,,none,none,"{""branche"": {""code"": ""77_32401"", ""n"": 2831, ""share"": 0.9191, ""label_da"": """"}, ""db07"": {""code"": ""152000"", ""n"": 273, ""share"": 0.9927, ""label_da"": """"}}",empirical_industry_crosswalk
nace,LAB_nace_193020,193020,,,,branche,77_32403,,,382,0.8901,18357.517,,,none,none,"{""branche"": {""code"": ""77_32403"", ""n"": 382, ""share"": 0.8901, ""label_da"": """"}, ""db07"": {""code"": ""152000"", ""n"": 31, ""share"": 1.0, ""label_da"": """"}}",empirical_industry_crosswalk
nace,LAB_nace_201010,201010,,,,branche,77_33111,,,5510,0.9027,1229.513,,,none,none,"{""branche"": {""code"": ""77_33111"", ""n"": 5510, ""share"": 0.9027, ""label_da"": """"}, ""db07"": {""code"": ""161000"", ""n"": 1130, ""share"": 0.9991, ""label_da"": """"}}",empirical_industry_crosswalk
nace,LAB_nace_201020,201020,,,,branche,77_33112,,,653,0.9173,10052.804,,,none,none,"{""branche"": {""code"": ""77_33112"", ""n"": 653, ""share"": 0.9173, ""label_da"": """"}, ""db07"": {""code"": ""161000"", ""n"": 91, ""share"": 1.0, ""label_da"": """"}}",empirical_industry_crosswalk
nace,LAB_nace_202000,202000,,,,branche,77_33113,,,4322,0.953,1597.649,,,none,none,"{""branche"": {""code"": ""77_33113"", ""n"": 4322, ""share"": 0.953, ""label_da"": """"}, ""db07"": {""code"": ""162100"", ""n"": 1280, ""share"": 1.0, ""label_da"": """"}}",empirical_industry_crosswalk
nace,LAB_nace_203010,203010,,,,branche,77_33192,,,825,0.9564,8491.139,,,none,none,"{""branche"": {""code"": ""77_33192"", ""n"": 825, ""share"": 0.9564, ""label_da"": """"}, ""db07"": {""code"": ""162300"", ""n"": 131, ""share"": 1.0, ""label_da"": """"}}",empirical_industry_crosswalk
nace,LAB_nace_203020,203020,,,,branche,77_33114,,,22296,0.9138,291.254,,,none,none,"{""branche"": {""code"": ""77_33114"", ""n"": 22296, ""share"": 0.9138, ""label_da"": """"}, ""db07"": {""code"": ""162200"", ""n"": 10593, ""share"": 0.0597, ""label_da"": """"}}",empirical_industry_crosswalk
nace,LAB_nace_203030,203030,,,,branche,77_33114,,,2581,0.9543,304.158,,,none,none,"{""branche"": {""code"": ""77_33114"", ""n"": 2581, ""share"": 0.9543, ""label_da"": """"}, ""db07"": {""code"": ""162300"", ""n"": 1041, ""share"": 1.0, ""label_da"": """"}}",empirical_industry_crosswalk
nace,LAB_nace_204000,204000,,,,branche,77_33121,,,2469,0.9392,2789.842,,,none,none,"{""branche"": {""code"": ""77_33121"", ""n"": 2469, ""share"": 0.9392, ""label_da"": """"}, ""db07"": {""code"": ""162400"", ""n"": 943, ""share"": 0.9926, ""label_da"": """"}}",empirical_industry_crosswalk
nace,LAB_nace_205110,205110,,,,branche,77_33193,,,782,0.9412,8859.819,,,none,none,"{""branche"": {""code"": ""77_33193"", ""n"": 782, ""share"": 0.9412, ""label_da"": """"}, ""db07"": {""code"": ""162900"", ""n"": 96, ""share"": 1.0, ""label_da"": """"}}",empirical_industry_crosswalk
nace,LAB_nace_205120,205120,,,,branche,77_33197,,,212,0.9623,33806.204,,,none,none,"{""branche"": {""code"": ""77_33197"", ""n"": 212, ""share"": 0.9623, ""label_da"": """"}, ""db07"": {""code"": ""329900"", ""n"": 112, ""share"": 1.0, ""label_da"": """"}}",empirical_industry_crosswalk
nace,LAB_nace_205190,205190,,,,branche,77_33191,,,4484,0.9342,1573.643,,,none,none,"{""branche"": {""code"": ""77_33191"", ""n"": 4484, ""share"": 0.9342, ""label_da"": """"}, ""db07"": {""code"": ""162900"", ""n"": 762, ""share"": 0.9987, ""label_da"": """"}}",empirical_industry_crosswalk
nace,LAB_nace_205200,205200,,,,branche,77_33123,,,92,0.9891,68516.645,,,none,none,"{""branche"": {""code"": ""77_33123"", ""n"": 92, ""share"": 0.9891, ""label_da"": """"}, ""db07"": {""code"": ""162900"", ""n"": 33, ""share"": 0.9697, ""label_da"": """"}}",empirical_industry_crosswalk
nace,LAB_nace_211100,211100,,,,branche,77_34110,,,19,0.9474,2468.461,,,none,none,"{""branche"": {""code"": ""77_34110"", ""n"": 19, ""share"": 0.9474, ""label_da"": """"}}",empirical_industry_crosswalk
nace,LAB_nace_211200,211200,,,,branche,77_34110,,,2896,0.9644,2512.926,,,none,none,"{""branche"": {""code"": ""77_34110"", ""n"": 2896, ""share"": 0.9644, ""label_da"": """"}, ""db07"": {""code"": ""171200"", ""n"": 777, ""share"": 1.0, ""label_da"": """"}}",empirical_industry_crosswalk
nace,LAB_nace_212100,212100,,,,branche,77_34120,,,12070,0.9135,446.748,,,none,none,"{""branche"": {""code"": ""77_34120"", ""n"": 12070, ""share"": 0.9135, ""label_da"": """"}, ""db07"": {""code"": ""172100"", ""n"": 3773, ""share"": 0.9886, ""label_da"": """"}}",empirical_industry_crosswalk
nace,LAB_nace_212200,212200,,,,branche,77_34199,,,1121,0.9554,1266.03,,,none,none,"{""branche"": {""code"": ""77_34199"", ""n"": 1121, ""share"": 0.9554, ""label_da"": """"}, ""db07"": {""code"": ""172200"", ""n"": 478, ""share"": 0.9979, ""label_da"": """"}}",empirical_industry_crosswalk
nace,LAB_nace_212300,212300,,,,db07,172300,,,228,1.0,10038.678,,,none,none,"{""db07"": {""code"": ""172300"", ""n"": 228, ""share"": 1.0, ""label_da"": """"}}",empirical_industry_crosswalk
nace,LAB_nace_212310,212310,,,,branche,77_34199,,,441,0.9751,1292.082,,,none,none,"{""branche"": {""code"": ""77_34199"", ""n"": 441, ""share"": 0.9751, ""label_da"": """"}}",empirical_industry_crosswalk
nace,LAB_nace_212390,212390,,,,branche,77_34199,,,912,0.9704,1285.904,,,none,none,"{""branche"": {""code"": ""77_34199"", ""n"": 912, ""share"": 0.9704, ""label_da"": """"}}",empirical_industry_crosswalk
nace,LAB_nace_212400,212400,,,,branche,77_34191,,,158,0.9937,46471.994,,,none,none,"{""branche"": {""code"": ""77_34191"", ""n"": 158, ""share"": 0.9937, ""label_da"": """"}, ""db07"": {""code"": ""172400"", ""n"": 76, ""share"": 1.0, ""label_da"": """"}}",empirical_industry_crosswalk
nace,LAB_nace_212500,212500,,,,branche,77_34199,,,6805,0.4254,563.742,,,none,none,"{""branche"": {""code"": ""77_34199"", ""n"": 6805, ""share"": 0.4254, ""label_da"": """"}, ""db07"": {""code"": ""172900"", ""n"": 2254, ""share"": 0.9694, ""label_da"": """"}}",empirical_industry_crosswalk
nace,LAB_nace_221110,221110,,,,branche,77_34291,,,2030,0.9448,629.249,,,none,none,"{""branche"": {""code"": ""77_34291"", ""n"": 2030, ""share"": 0.9448, ""label_da"": """"}, ""db07"": {""code"": ""581100"", ""n"": 468, ""share"": 0.5363, ""label_da"": """"}}",empirical_industry_crosswalk
nace,LAB_nace_221120,221120,,,,branche,77_34291,,,7677,0.9411,626.781,,,none,none,"{""branche"": {""code"": ""77_34291"", ""n"": 7677, ""share"": 0.9411, ""label_da"": """"}, ""db07"": {""code"": ""581200"", ""n"": 3697, ""share"": 0.3619, ""label_da"": """"}}",empirical_industry_crosswalk
nace,LAB_nace_221210,221210,,,,branche,77_34240,,,38425,0.9229,120.421,,,none,none,"{""branche"": {""code"": ""77_34240"", ""n"": 38425, ""share"": 0.9229, ""label_da"": """"}, ""db07"": {""code"": ""181100"", ""n"": 5509, ""share"": 0.1857, ""label_da"": """"}}",empirical_industry_crosswalk
nace,LAB_nace_221220,221220,,,,branche,77_34240,,,18917,0.9692,126.465,,,none,none,"{""branche"": {""code"": ""77_34240"", ""n"": 18917, ""share"": 0.9692, ""label_da"": """"}, ""db07"": {""code"": ""581300"", ""n"": 9625, ""share"": 0.9974, ""label_da"": """"}}",empirical_industry_crosswalk
nace,LAB_nace_221310,221310,,,,branche,77_34292,,,3235,0.7944,589.928,,,none,none,"{""branche"": {""code"": ""77_34292"", ""n"": 3235, ""share"": 0.7944, ""label_da"": """"}, ""db07"": {""code"": ""581410"", ""n"": 399, ""share"": 1.0, ""label_da"": """"}}",empirical_industry_crosswalk
nace,LAB_nace_221320,221320,,,,branche,77_34292,,,8366,0.8043,597.273,,,none,none,"{""branche"": {""code"": ""77_34292"", ""n"": 8366, ""share"": 0.8043, ""label_da"": """"}, ""db07"": {""code"": ""581410"", ""n"": 2913, ""share"": 0.9986, ""label_da"": """"}}",empirical_industry_crosswalk
nace,LAB_nace_221330,221330,,,,branche,77_34293,,,2460,0.9707,196.495,,,none,none,"{""branche"": {""code"": ""77_34293"", ""n"": 2460, ""share"": 0.9707, ""label_da"": """"}, ""db07"": {""code"": ""581420"", ""n"": 243, ""share"": 1.0, ""label_da"": """"}}",empirical_industry_crosswalk
nace,LAB_nace_221340,221340,,,,branche,77_34293,,,9332,0.6839,138.432,,,none,none,"{""branche"": {""code"": ""77_34293"", ""n"": 9332, ""share"": 0.6839, ""label_da"": """"}, ""db07"": {""code"": ""581420"", ""n"": 2379, ""share"": 0.9966, ""label_da"": """"}}",empirical_industry_crosswalk
nace,LAB_nace_221400,221400,,,,branche,77_34291,,,768,0.9232,614.83,,,none,none,"{""branche"": {""code"": ""77_34291"", ""n"": 768, ""share"": 0.9232, ""label_da"": """"}, ""db07"": {""code"": ""592000"", ""n"": 444, ""share"": 0.9955, ""label_da"": """"}}",empirical_industry_crosswalk
nace,LAB_nace_221500,221500,,,,branche,77_34299,,,6049,0.8835,911.069,,,none,none,"{""branche"": {""code"": ""77_34299"", ""n"": 6049, ""share"": 0.8835, ""label_da"": """"}, ""db07"": {""code"": ""581900"", ""n"": 1290, ""share"": 0.914, ""label_da"": """"}}",empirical_industry_crosswalk
nace,LAB_nace_222100,222100,,,,branche,77_34229,,,2027,0.9591,640.524,,,none,none,"{""branche"": {""code"": ""77_34229"", ""n"": 2027, ""share"": 0.9591, ""label_da"": """"}, ""db07"": {""code"": ""181100"", ""n"": 864, ""share"": 0.9907, ""label_da"": """"}}",empirical_industry_crosswalk
nace,LAB_nace_222210,222210,,,,branche,77_34221,,,16698,0.9573,421.33,,,none,none,"{""branche"": {""code"": ""77_34221"", ""n"": 16698, ""share"": 0.9573, ""label_da"": """"}, ""db07"": {""code"": ""181200"", ""n"": 5720, ""share"": 0.936, ""label_da"": """"}}",empirical_industry_crosswalk
nace,LAB_nace_222220,222220,,,,branche,77_34222,,,11858,0.9437,545.028,,,none,none,"{""branche"": {""code"": ""77_34222"", ""n"": 11858, ""share"": 0.9437, ""label_da"": """"}}",empirical_industry_crosswalk
nace,LAB_nace_222230,222230,,,,branche,77_34223,,,1373,0.9658,5094.272,,,none,none,"{""branche"": {""code"": ""77_34223"", ""n"": 1373, ""share"": 0.9658, ""label_da"": """"}, ""db07"": {""code"": ""181200"", ""n"": 684, ""share"": 1.0, ""label_da"": """"}}",empirical_industry_crosswalk
nace,LAB_nace_222290,222290,,,,branche,77_34229,,,6658,0.9531,636.574,,,none,none,"{""branche"": {""code"": ""77_34229"", ""n"": 6658, ""share"": 0.9531, ""label_da"": """"}, ""db07"": {""code"": ""181200"", ""n"": 2270, ""share"": 0.9991, ""label_da"": """"}}",empirical_industry_crosswalk
nace,LAB_nace_222300,222300,,,,branche,77_34230,,,4139,0.9384,1730.338,,,none,none,"{""branche"": {""code"": ""77_34230"", ""n"": 4139, ""share"": 0.9384, ""label_da"": """"}, ""db07"": {""code"": ""181400"", ""n"": 1304, ""share"": 1.0, ""label_da"": """"}}",empirical_industry_crosswalk
nace,LAB_nace_222400,222400,,,,db07,181300,,,819,0.9988,2948.4,,,none,none,"{""db07"": {""code"": ""181300"", ""n"": 819, ""share"": 0.9988, ""label_da"": """"}}",empirical_industry_crosswalk
nace,LAB_nace_222410,222410,,,,branche,77_34211,,,6337,0.9448,1121.228,,,none,none,"{""branche"": {""code"": ""77_34211"", ""n"": 6337, ""share"": 0.9448, ""label_da"": """"}}",empirical_industry_crosswalk
nace,LAB_nace_222420,222420,,,,branche,77_34212,,,643,0.9518,10702.264,,,none,none,"{""branche"": {""code"": ""77_34212"", ""n"": 643, ""share"": 0.9518, ""label_da"": """"}}",empirical_industry_crosswalk
nace,LAB_nace_222500,222500,,,,branche,77_34299,,,717,0.9163,944.963,,,none,none,"{""branche"": {""code"": ""77_34299"", ""n"": 717, ""share"": 0.9163, ""label_da"": """"}, ""db07"": {""code"": ""181300"", ""n"": 258, ""share"": 0.9961, ""label_da"": """"}}",empirical_industry_crosswalk
nace,LAB_nace_223100,223100,,,,db07,182000,,,819,1.0,3414.443,,,none,none,"{""branche"": {""code"": ""77_94143"", ""n"": 597, ""share"": 0.928, ""label_da"": """"}, ""db07"": {""code"": ""182000"", ""n"": 819, ""share"": 1.0, ""label_da"": """"}}",empirical_industry_crosswalk
nace,LAB_nace_223200,223200,,,,branche,77_94110,,,420,0.9667,939.86,,,none,none,"{""branche"": {""code"": ""77_94110"", ""n"": 420, ""share"": 0.9667, ""label_da"": """"}, ""db07"": {""code"": ""182000"", ""n"": 28, ""share"": 1.0, ""label_da"": """"}}",empirical_industry_crosswalk
nace,LAB_nace_223300,223300,,,,branche,77_83230,,,276,0.9493,97.857,,,none,none,"{""branche"": {""code"": ""77_83230"", ""n"": 276, ""share"": 0.9493, ""label_da"": """"}, ""db07"": {""code"": ""182000"", ""n"": 84, ""share"": 1.0, ""label_da"": """"}}",empirical_industry_crosswalk
nace,LAB_nace_232000,232000,,,,branche,77_35300,,,2704,0.4848,2715.449,,,none,none,"{""branche"": {""code"": ""77_35300"", ""n"": 2704, ""share"": 0.4848, ""label_da"": """"}, ""db07"": {""code"": ""192000"", ""n"": 1061, ""share"": 1.0, ""label_da"": """"}}",empirical_industry_crosswalk
nace,LAB_nace_241100,241100,,,,branche,77_35111,,,1188,0.9689,6059.533,,,none,none,"{""branche"": {""code"": ""77_35111"", ""n"": 1188, ""share"": 0.9689, ""label_da"": """"}, ""db07"": {""code"": ""201100"", ""n"": 671, ""share"": 1.0, ""label_da"": """"}}",empirical_industry_crosswalk
nace,LAB_nace_241200,241200,,,,branche,77_35119,,,1122,0.9599,868.74,,,none,none,"{""branche"": {""code"": ""77_35119"", ""n"": 1122, ""share"": 0.9599, ""label_da"": """"}, ""db07"": {""code"": ""201200"", ""n"": 452, ""share"": 1.0, ""label_da"": """"}}",empirical_industry_crosswalk
nace,LAB_nace_241300,241300,,,,branche,77_35119,,,247,0.9919,897.71,,,none,none,"{""branche"": {""code"": ""77_35119"", ""n"": 247, ""share"": 0.9919, ""label_da"": """"}, ""db07"": {""code"": ""201300"", ""n"": 157, ""share"": 1.0, ""label_da"": """"}}",empirical_industry_crosswalk
nace,LAB_nace_241400,241400,,,,branche,77_35119,,,11110,0.6106,552.635,,,none,none,"{""branche"": {""code"": ""77_35119"", ""n"": 11110, ""share"": 0.6106, ""label_da"": """"}, ""db07"": {""code"": ""201400"", ""n"": 2621, ""share"": 0.9996, ""label_da"": """"}}",empirical_industry_crosswalk
nace,LAB_nace_241500,241500,,,,branche,77_35121,,,1413,0.8988,5176.066,,,none,none,"{""branche"": {""code"": ""77_35121"", ""n"": 1413, ""share"": 0.8988, ""label_da"": """"}, ""db07"": {""code"": ""201500"", ""n"": 40, ""share"": 0.75, ""label_da"": """"}}",empirical_industry_crosswalk
nace,LAB_nace_241600,241600,,,,branche,77_35131,,,1862,0.8668,3931.202,,,none,none,"{""branche"": {""code"": ""77_35131"", ""n"": 1862, ""share"": 0.8668, ""label_da"": """"}, ""db07"": {""code"": ""201600"", ""n"": 347, ""share"": 0.9971, ""label_da"": """"}}",empirical_industry_crosswalk
nace,LAB_nace_242000,242000,,,,branche,77_35122,,,1492,0.9363,4879.384,,,none,none,"{""branche"": {""code"": ""77_35122"", ""n"": 1492, ""share"": 0.9363, ""label_da"": """"}, ""db07"": {""code"": ""202000"", ""n"": 936, ""share"": 1.0, ""label_da"": """"}}",empirical_industry_crosswalk
nace,LAB_nace_243000,243000,,,,branche,77_35210,,,6232,0.9541,1078.782,,,none,none,"{""branche"": {""code"": ""77_35210"", ""n"": 6232, ""share"": 0.9541, ""label_da"": """"}, ""db07"": {""code"": ""203000"", ""n"": 1992, ""share"": 1.0, ""label_da"": """"}}",empirical_industry_crosswalk
nace,LAB_nace_244100,244100,,,,branche,77_35220,,,2599,0.9735,249.272,,,none,none,"{""branche"": {""code"": ""77_35220"", ""n"": 2599, ""share"": 0.9735, ""label_da"": """"}, ""db07"": {""code"": ""211000"", ""n"": 1019, ""share"": 0.9931, ""label_da"": """"}}",empirical_industry_crosswalk
nace,LAB_nace_244200,244200,,,,branche,77_35220,,,22691,0.9739,249.39,,,none,none,"{""branche"": {""code"": ""77_35220"", ""n"": 22691, ""share"": 0.9739, ""label_da"": """"}, ""db07"": {""code"": ""212000"", ""n"": 17039, ""share"": 0.9943, ""label_da"": """"}}",empirical_industry_crosswalk
nace,LAB_nace_245110,245110,,,,branche,77_35231,,,3611,0.9673,1872.564,,,none,none,"{""branche"": {""code"": ""77_35231"", ""n"": 3611, ""share"": 0.9673, ""label_da"": """"}, ""db07"": {""code"": ""204100"", ""n"": 1328, ""share"": 1.0, ""label_da"": """"}}",empirical_industry_crosswalk
nace,LAB_nace_245120,245120,,,,branche,77_35292,,,4461,0.6328,1643.038,,,none,none,"{""branche"": {""code"": ""77_35292"", ""n"": 4461, ""share"": 0.6328, ""label_da"": """"}, ""db07"": {""code"": ""204100"", ""n"": 102, ""share"": 1.0, ""label_da"": """"}}",empirical_industry_crosswalk
nace,LAB_nace_245200,245200,,,,branche,77_35232,,,1646,0.8615,3902.22,,,none,none,"{""branche"": {""code"": ""77_35232"", ""n"": 1646, ""share"": 0.8615, ""label_da"": """"}, ""db07"": {""code"": ""204200"", ""n"": 593, ""share"": 0.9983, ""label_da"": """"}}",empirical_industry_crosswalk
nace,LAB_nace_246100,246100,,,,branche,77_35291,,,73,0.9726,89267.607,,,none,none,"{""branche"": {""code"": ""77_35291"", ""n"": 73, ""share"": 0.9726, ""label_da"": """"}, ""db07"": {""code"": ""205100"", ""n"": 21, ""share"": 1.0, ""label_da"": """"}}",empirical_industry_crosswalk
nace,LAB_nace_246200,246200,,,,branche,77_35294,,,518,0.9807,14174.855,,,none,none,"{""branche"": {""code"": ""77_35294"", ""n"": 518, ""share"": 0.9807, ""label_da"": """"}, ""db07"": {""code"": ""205200"", ""n"": 481, ""share"": 0.736, ""label_da"": """"}}",empirical_industry_crosswalk
nace,LAB_nace_246300,246300,,,,db07,205300,,,36,1.0,86007.054,,,none,none,"{""branche"": {""code"": ""77_35119"", ""n"": 5, ""share"": 0.4, ""label_da"": """"}, ""db07"": {""code"": ""205300"", ""n"": 36, ""share"": 1.0, ""label_da"": """"}}",empirical_industry_crosswalk
nace,LAB_nace_246400,246400,,,,branche,77_35295,,,108,0.6389,38138.94,,,none,none,"{""branche"": {""code"": ""77_35295"", ""n"": 108, ""share"": 0.6389, ""label_da"": """"}, ""db07"": {""code"": ""205900"", ""n"": 10, ""share"": 1.0, ""label_da"": """"}}",empirical_industry_crosswalk
nace,LAB_nace_246500,246500,,,,branche,77_38520,,,559,0.5939,881.699,,,none,none,"{""branche"": {""code"": ""77_38520"", ""n"": 559, ""share"": 0.5939, ""label_da"": """"}, ""db07"": {""code"": ""268000"", ""n"": 10, ""share"": 1.0, ""label_da"": """"}}",empirical_industry_crosswalk
nace,LAB_nace_246600,246600,,,,db07,205900,,,4110,1.0,748.063,,,none,none,"{""branche"": {""code"": ""77_35299"", ""n"": 3340, ""share"": 0.8299, ""label_da"": """"}, ""db07"": {""code"": ""205900"", ""n"": 4110, ""share"": 1.0, ""label_da"": """"}}",empirical_industry_crosswalk
nace,LAB_nace_247000,247000,,,,branche,77_35132,,,2180,0.9748,649.603,,,none,none,"{""branche"": {""code"": ""77_35132"", ""n"": 2180, ""share"": 0.9748, ""label_da"": """"}, ""db07"": {""code"": ""206000"", ""n"": 510, ""share"": 1.0, ""label_da"": """"}}",empirical_industry_crosswalk
nace,LAB_nace_251100,251100,,,,branche,77_35510,,,184,0.6739,7150.66,,,none,none,"{""branche"": {""code"": ""77_35510"", ""n"": 184, ""share"": 0.6739, ""label_da"": """"}, ""db07"": {""code"": ""221100"", ""n"": 76, ""share"": 1.0, ""label_da"": """"}}",empirical_industry_crosswalk
nace,LAB_nace_251200,251200,,,,branche,77_35510,,,636,0.8711,9242.617,,,none,none,"{""branche"": {""code"": ""77_35510"", ""n"": 636, ""share"": 0.8711, ""label_da"": """"}, ""db07"": {""code"": ""221100"", ""n"": 119, ""share"": 1.0, ""label_da"": """"}}",empirical_industry_crosswalk
nace,LAB_nace_251300,251300,,,,branche,77_35590,,,5366,0.9394,1338.091,,,none,none,"{""branche"": {""code"": ""77_35590"", ""n"": 5366, ""share"": 0.9394, ""label_da"": """"}, ""db07"": {""code"": ""221900"", ""n"": 1385, ""share"": 0.9884, ""label_da"": """"}}",empirical_industry_crosswalk
nace,LAB_nace_252110,252110,,,,branche,77_35132,,,5977,0.9622,641.218,,,none,none,"{""branche"": {""code"": ""77_35132"", ""n"": 5977, ""share"": 0.9622, ""label_da"": """"}, ""db07"": {""code"": ""222100"", ""n"": 2245, ""share"": 0.9996, ""label_da"": """"}}",empirical_industry_crosswalk
nace,LAB_nace_252120,252120,,,,branche,77_35132,,,2432,0.949,632.438,,,none,none,"{""branche"": {""code"": ""77_35132"", ""n"": 2432, ""share"": 0.949, ""label_da"": """"}, ""db07"": {""code"": ""222100"", ""n"": 2229, ""share"": 1.0, ""label_da"": """"}}",empirical_industry_crosswalk
nace,LAB_nace_252130,252130,,,,branche,77_35132,,,390,0.9795,652.746,,,none,none,"{""branche"": {""code"": ""77_35132"", ""n"": 390, ""share"": 0.9795, ""label_da"": """"}, ""db07"": {""code"": ""222100"", ""n"": 236, ""share"": 1.0, ""label_da"": """"}}",empirical_industry_crosswalk
nace,LAB_nace_252200,252200,,,,branche,77_35601,,,12805,0.9257,557.7,,,none,none,"{""branche"": {""code"": ""77_35601"", ""n"": 12805, ""share"": 0.9257, ""label_da"": """"}, ""db07"": {""code"": ""222200"", ""n"": 3979, ""share"": 0.998, ""label_da"": """"}}",empirical_industry_crosswalk
nace,LAB_nace_252310,252310,,,,branche,77_35609,,,1308,0.9472,246.43,,,none,none,"{""branche"": {""code"": ""77_35609"", ""n"": 1308, ""share"": 0.9472, ""label_da"": """"}, ""db07"": {""code"": ""222300"", ""n"": 707, ""share"": 1.0, ""label_da"": """"}}",empirical_industry_crosswalk
nace,LAB_nace_252390,252390,,,,branche,77_35609,,,4567,0.8824,229.564,,,none,none,"{""branche"": {""code"": ""77_35609"", ""n"": 4567, ""share"": 0.8824, ""label_da"": """"}, ""db07"": {""code"": ""222300"", ""n"": 1709, ""share"": 0.9865, ""label_da"": """"}}",empirical_industry_crosswalk
nace,LAB_nace_252410,252410,,,,branche,77_35609,,,3392,0.9366,243.664,,,none,none,"{""branche"": {""code"": ""77_35609"", ""n"": 3392, ""share"": 0.9366, ""label_da"": """"}, ""db07"": {""code"": ""222900"", ""n"": 595, ""share"": 1.0, ""label_da"": """"}}",empirical_industry_crosswalk
nace,LAB_nace_252420,252420,,,,branche,77_35609,,,1296,0.9637,250.719,,,none,none,"{""branche"": {""code"": ""77_35609"", ""n"": 1296, ""share"": 0.9637, ""label_da"": """"}, ""db07"": {""code"": ""222900"", ""n"": 174, ""share"": 1.0, ""label_da"": """"}}",empirical_industry_crosswalk
nace,LAB_nace_252490,252490,,,,branche,77_35609,,,19467,0.9254,240.749,,,none,none,"{""branche"": {""code"": ""77_35609"", ""n"": 19467, ""share"": 0.9254, ""label_da"": """"}, ""db07"": {""code"": ""222900"", ""n"": 9576, ""share"": 0.9935, ""label_da"": """"}}",empirical_industry_crosswalk
nace,LAB_nace_261100,261100,,,,db07,231100,,,78,1.0,40798.218,,,none,none,"{""branche"": {""code"": ""77_36201"", ""n"": 64, ""share"": 0.9062, ""label_da"": """"}, ""db07"": {""code"": ""231100"", ""n"": 78, ""share"": 1.0, ""label_da"": """"}}",empirical_industry_crosswalk
nace,LAB_nace_261200,261200,,,,branche,77_36202,,,3721,0.9492,1713.702,,,none,none,"{""branche"": {""code"": ""77_36202"", ""n"": 3721, ""share"": 0.9492, ""label_da"": """"}, ""db07"": {""code"": ""231200"", ""n"": 1012, ""share"": 1.0, ""label_da"": """"}}",empirical_industry_crosswalk
nace,LAB_nace_261300,261300,,,,branche,77_36201,,,2459,0.588,1495.068,,,none,none,"{""branche"": {""code"": ""77_36201"", ""n"": 2459, ""share"": 0.588, ""label_da"": """"}, ""db07"": {""code"": ""231300"", ""n"": 699, ""share"": 1.0, ""label_da"": """"}}",empirical_industry_crosswalk
nace,LAB_nace_261400,261400,,,,branche,77_36994,,,6178,0.922,1181.039,,,none,none,"{""branche"": {""code"": ""77_36994"", ""n"": 6178, ""share"": 0.922, ""label_da"": """"}, ""db07"": {""code"": ""231400"", ""n"": 855, ""share"": 1.0, ""label_da"": """"}}",empirical_industry_crosswalk
nace,LAB_nace_261500,261500,,,,branche,77_36202,,,514,0.9611,1735.154,,,none,none,"{""branche"": {""code"": ""77_36202"", ""n"": 514, ""share"": 0.9611, ""label_da"": """"}, ""db07"": {""code"": ""231900"", ""n"": 148, ""share"": 1.0, ""label_da"": """"}}",empirical_industry_crosswalk
nace,LAB_nace_262100,262100,,,,branche,77_36102,,,3765,0.7134,1096.794,,,none,none,"{""branche"": {""code"": ""77_36102"", ""n"": 3765, ""share"": 0.7134, ""label_da"": """"}, ""db07"": {""code"": ""234100"", ""n"": 470, ""share"": 1.0, ""label_da"": """"}}",empirical_industry_crosswalk
nace,LAB_nace_262200,262200,,,,db07,234200,,,122,1.0,26084.107,,,none,none,"{""branche"": {""code"": ""77_36101"", ""n"": 118, ""share"": 0.9322, ""label_da"": """"}, ""db07"": {""code"": ""234200"", ""n"": 122, ""share"": 1.0, ""label_da"": """"}}",empirical_industry_crosswalk
nace,LAB_nace_262300,262300,,,,branche,77_36101,,,12,1.0,52075.0,,,none,none,"{""branche"": {""code"": ""77_36101"", ""n"": 12, ""share"": 1.0, ""label_da"": """"}, ""db07"": {""code"": ""234300"", ""n"": 3, ""share"": 1.0, ""label_da"": """"}}",empirical_industry_crosswalk
nace,LAB_nace_262400,262400,,,,db07,234400,,,88,1.0,36162.057,,,none,none,"{""branche"": {""code"": ""77_36101"", ""n"": 10, ""share"": 0.9, ""label_da"": """"}, ""db07"": {""code"": ""234400"", ""n"": 88, ""share"": 1.0, ""label_da"": """"}}",empirical_industry_crosswalk
nace,LAB_nace_262500,262500,,,,branche,77_36102,,,316,0.9589,1474.143,,,none,none,"{""branche"": {""code"": ""77_36102"", ""n"": 316, ""share"": 0.9589, ""label_da"": """"}, ""db07"": {""code"": ""234900"", ""n"": 133, ""share"": 1.0, ""label_da"": """"}}",empirical_industry_crosswalk
nace,LAB_nace_262600,262600,,,,branche,77_36911,,,168,0.9345,3549.825,,,none,none,"{""branche"": {""code"": ""77_36911"", ""n"": 168, ""share"": 0.9345, ""label_da"": """"}, ""db07"": {""code"": ""232000"", ""n"": 60, ""share"": 1.0, ""label_da"": """"}}",empirical_industry_crosswalk
nace,LAB_nace_263000,263000,,,,branche,77_36911,,,139,0.9712,3689.228,,,none,none,"{""branche"": {""code"": ""77_36911"", ""n"": 139, ""share"": 0.9712, ""label_da"": """"}, ""db07"": {""code"": ""233100"", ""n"": 43, ""share"": 1.0, ""label_da"": """"}}",empirical_industry_crosswalk
nace,LAB_nace_264000,264000,,,,branche,77_36911,,,1742,0.9265,3519.427,,,none,none,"{""branche"": {""code"": ""77_36911"", ""n"": 1742, ""share"": 0.9265, ""label_da"": """"}, ""db07"": {""code"": ""233200"", ""n"": 869, ""share"": 1.0, ""label_da"": """"}}",empirical_industry_crosswalk
nace,LAB_nace_265100,265100,,,,branche,77_36921,,,1598,0.965,4547.666,,,none,none,"{""branche"": {""code"": ""77_36921"", ""n"": 1598, ""share"": 0.965, ""label_da"": """"}, ""db07"": {""code"": ""235100"", ""n"": 762, ""share"": 1.0, ""label_da"": """"}}",empirical_industry_crosswalk
nace,LAB_nace_265200,265200,,,,db07,235200,,,96,1.0,33148.552,,,none,none,"{""branche"": {""code"": ""77_36922"", ""n"": 54, ""share"": 0.8519, ""label_da"": """"}, ""db07"": {""code"": ""235200"", ""n"": 96, ""share"": 1.0, ""label_da"": """"}}",empirical_industry_crosswalk
nace,LAB_nace_265300,265300,,,,branche,77_36922,,,1,1.0,0.0,,,none,none,"{""branche"": {""code"": ""77_36922"", ""n"": 1, ""share"": 1.0, ""label_da"": """"}}",empirical_industry_crosswalk
nace,LAB_nace_266110,266110,,,,branche,77_36993,,,4226,0.9321,494.039,,,none,none,"{""branche"": {""code"": ""77_36993"", ""n"": 4226, ""share"": 0.9321, ""label_da"": """"}, ""db07"": {""code"": ""236100"", ""n"": 2151, ""share"": 0.9995, ""label_da"": """"}}",empirical_industry_crosswalk
nace,LAB_nace_266120,266120,,,,branche,77_36993,,,9161,0.9429,499.775,,,none,none,"{""branche"": {""code"": ""77_36993"", ""n"": 9161, ""share"": 0.9429, ""label_da"": """"}, ""db07"": {""code"": ""236100"", ""n"": 4567, ""share"": 1.0, ""label_da"": """"}}",empirical_industry_crosswalk
nace,LAB_nace_266200,266200,,,,branche,77_36995,,,1061,0.9595,6767.528,,,none,none,"{""branche"": {""code"": ""77_36995"", ""n"": 1061, ""share"": 0.9595, ""label_da"": """"}, ""db07"": {""code"": ""236200"", ""n"": 488, ""share"": 1.0, ""label_da"": """"}}",empirical_industry_crosswalk
nace,LAB_nace_266300,266300,,,,branche,77_36992,,,2458,0.9207,2707.276,,,none,none,"{""branche"": {""code"": ""77_36992"", ""n"": 2458, ""share"": 0.9207, ""label_da"": """"}, ""db07"": {""code"": ""236300"", ""n"": 1212, ""share"": 0.9571, ""label_da"": """"}}",empirical_industry_crosswalk
nace,LAB_nace_266400,266400,,,,branche,77_36923,,,758,0.9222,9509.909,,,none,none,"{""branche"": {""code"": ""77_36923"", ""n"": 758, ""share"": 0.9222, ""label_da"": """"}, ""db07"": {""code"": ""236400"", ""n"": 400, ""share"": 1.0, ""label_da"": """"}}",empirical_industry_crosswalk
nace,LAB_nace_266500,266500,,,,branche,77_36993,,,1093,0.9726,515.487,,,none,none,"{""branche"": {""code"": ""77_36993"", ""n"": 1093, ""share"": 0.9726, ""label_da"": """"}, ""db07"": {""code"": ""236500"", ""n"": 99, ""share"": 1.0, ""label_da"": """"}}",empirical_industry_crosswalk
nace,LAB_nace_266600,266600,,,,branche,77_36999,,,858,0.8765,1502.557,,,none,none,"{""branche"": {""code"": ""77_36999"", ""n"": 858, ""share"": 0.8765, ""label_da"": """"}, ""db07"": {""code"": ""236900"", ""n"": 239, ""share"": 1.0, ""label_da"": """"}}",empirical_industry_crosswalk
nace,LAB_nace_267000,267000,,,,branche,77_36991,,,1300,0.9492,5143.762,,,none,none,"{""branche"": {""code"": ""77_36991"", ""n"": 1300, ""share"": 0.9492, ""label_da"": """"}, ""db07"": {""code"": ""237000"", ""n"": 713, ""share"": 1.0, ""label_da"": """"}}",empirical_industry_crosswalk
nace,LAB_nace_268100,268100,,,,branche,77_36996,,,269,0.6989,27295.818,,,none,none,"{""branche"": {""code"": ""77_36996"", ""n"": 269, ""share"": 0.6989, ""label_da"": """"}, ""db07"": {""code"": ""239100"", ""n"": 32, ""share"": 1.0, ""label_da"": """"}}",empirical_industry_crosswalk
nace,LAB_nace_268210,268210,,,,branche,77_35401,,,6907,0.7401,982.886,,,none,none,"{""branche"": {""code"": ""77_35401"", ""n"": 6907, ""share"": 0.7401, ""label_da"": """"}, ""db07"": {""code"": ""239910"", ""n"": 1670, ""share"": 0.9916, ""label_da"": """"}}",empirical_industry_crosswalk
nace,LAB_nace_268220,268220,,,,branche,77_36999,,,2396,0.9512,1630.639,,,none,none,"{""branche"": {""code"": ""77_36999"", ""n"": 2396, ""share"": 0.9512, ""label_da"": """"}, ""db07"": {""code"": ""239990"", ""n"": 905, ""share"": 0.8088, ""label_da"": """"}}",empirical_industry_crosswalk
nace,LAB_nace_268290,268290,,,,branche,77_36999,,,1356,0.8864,1519.655,,,none,none,"{""branche"": {""code"": ""77_36999"", ""n"": 1356, ""share"": 0.8864, ""label_da"": """"}, ""db07"": {""code"": ""239990"", ""n"": 443, ""share"": 1.0, ""label_da"": """"}}",empirical_industry_crosswalk
nace,LAB_nace_271000,271000,,,,branche,77_37101,,,3955,0.9661,1201.118,,,none,none,"{""branche"": {""code"": ""77_37101"", ""n"": 3955, ""share"": 0.9661, ""label_da"": """"}, ""db07"": {""code"": ""241000"", ""n"": 1028, ""share"": 0.8327, ""label_da"": """"}}",empirical_industry_crosswalk
nace,LAB_nace_272100,272100,,,,branche,77_38193,,,129,0.9612,329.627,,,none,none,"{""branche"": {""code"": ""77_38193"", ""n"": 129, ""share"": 0.9612, ""label_da"": """"}, ""db07"": {""code"": ""245100"", ""n"": 12, ""share"": 1.0, ""label_da"": """"}}",empirical_industry_crosswalk
nace,LAB_nace_272200,272200,,,,branche,77_38133,,,7358,0.9282,977.299,,,none,none,"{""branche"": {""code"": ""77_38133"", ""n"": 7358, ""share"": 0.9282, ""label_da"": """"}, ""db07"": {""code"": ""242000"", ""n"": 1532, ""share"": 1.0, ""label_da"": """"}}",empirical_industry_crosswalk
nace,LAB_nace_273100,273100,,,,branche,77_37101,,,715,0.9413,1170.21,,,none,none,"{""branche"": {""code"": ""77_37101"", ""n"": 715, ""share"": 0.9413, ""label_da"": """"}, ""db07"": {""code"": ""243100"", ""n"": 85, ""share"": 1.0, ""label_da"": """"}}",empirical_industry_crosswalk
nace,LAB_nace_273200,273200,,,,branche,77_37101,,,108,0.9722,1208.705,,,none,none,"{""branche"": {""code"": ""77_37101"", ""n"": 108, ""share"": 0.9722, ""label_da"": """"}, ""db07"": {""code"": ""243200"", ""n"": 1, ""share"": 1.0, ""label_da"": """"}}",empirical_industry_crosswalk
nace,LAB_nace_273300,273300,,,,db07,243300,,,586,1.0,3163.281,,,none,none,"{""branche"": {""code"": ""77_37101"", ""n"": 227, ""share"": 0.9824, ""label_da"": """"}, ""db07"": {""code"": ""243300"", ""n"": 586, ""share"": 1.0, ""label_da"": """"}}",empirical_industry_crosswalk
nace,LAB_nace_273400,273400,,,,db07,243400,,,1,1.0,0.0,,,none,none,"{""db07"": {""code"": ""243400"", ""n"": 1, ""share"": 1.0, ""label_da"": """"}}",empirical_industry_crosswalk
nace,LAB_nace_273500,273500,,,,branche,77_37101,,,1015,0.9399,1168.523,,,none,none,"{""branche"": {""code"": ""77_37101"", ""n"": 1015, ""share"": 0.9399, ""label_da"": """"}, ""db07"": {""code"": ""241000"", ""n"": 21, ""share"": 1.0, ""label_da"": """"}}",empirical_industry_crosswalk
nace,LAB_nace_274100,274100,,,,branche,77_35295,,,127,0.4016,23972.302,,,none,none,"{""branche"": {""code"": ""77_35295"", ""n"": 127, ""share"": 0.4016, ""label_da"": """"}, ""db07"": {""code"": ""244100"", ""n"": 1, ""share"": 1.0, ""label_da"": """"}}",empirical_industry_crosswalk
nace,LAB_nace_274200,274200,,,,branche,77_37201,,,4435,0.9648,952.831,,,none,none,"{""branche"": {""code"": ""77_37201"", ""n"": 4435, ""share"": 0.9648, ""label_da"": """"}, ""db07"": {""code"": ""244200"", ""n"": 1597, ""share"": 1.0, ""label_da"": """"}}",empirical_industry_crosswalk
nace,LAB_nace_274300,274300,,,,branche,77_37201,,,1290,0.9132,901.827,,,none,none,"{""branche"": {""code"": ""77_37201"", ""n"": 1290, ""share"": 0.9132, ""label_da"": """"}, ""db07"": {""code"": ""244300"", ""n"": 17, ""share"": 1.0, ""label_da"": """"}}",empirical_industry_crosswalk
nace,LAB_nace_274400,274400,,,,branche,77_37201,,,155,0.9742,962.083,,,none,none,"{""branche"": {""code"": ""77_37201"", ""n"": 155, ""share"": 0.9742, ""label_da"": """"}, ""db07"": {""code"": ""244400"", ""n"": 40, ""share"": 1.0, ""label_da"": """"}}",empirical_industry_crosswalk
nace,LAB_nace_274500,274500,,,,branche,77_37201,,,112,0.9643,952.299,,,none,none,"{""branche"": {""code"": ""77_37201"", ""n"": 112, ""share"": 0.9643, ""label_da"": """"}, ""db07"": {""code"": ""244500"", ""n"": 7, ""share"": 1.0, ""label_da"": """"}}",empirical_industry_crosswalk
nace,LAB_nace_275100,275100,,,,branche,77_37102,,,2104,0.9739,3299.785,,,none,none,"{""branche"": {""code"": ""77_37102"", ""n"": 2104, ""share"": 0.9739, ""label_da"": """"}, ""db07"": {""code"": ""245100"", ""n"": 862, ""share"": 0.9977, ""label_da"": """"}}",empirical_industry_crosswalk
nace,LAB_nace_275200,275200,,,,branche,77_37102,,,49,0.9592,3250.059,,,none,none,"{""branche"": {""code"": ""77_37102"", ""n"": 49, ""share"": 0.9592, ""label_da"": """"}, ""db07"": {""code"": ""245200"", ""n"": 44, ""share"": 1.0, ""label_da"": """"}}",empirical_industry_crosswalk
nace,LAB_nace_275300,275300,,,,branche,77_37202,,,1209,0.9694,4462.611,,,none,none,"{""branche"": {""code"": ""77_37202"", ""n"": 1209, ""share"": 0.9694, ""label_da"": """"}, ""db07"": {""code"": ""245300"", ""n"": 448, ""share"": 1.0, ""label_da"": """"}}",empirical_industry_crosswalk
nace,LAB_nace_275400,275400,,,,branche,77_37202,,,387,0.9793,4508.333,,,none,none,"{""branche"": {""code"": ""77_37202"", ""n"": 387, ""share"": 0.9793, ""label_da"": """"}, ""db07"": {""code"": ""245400"", ""n"": 184, ""share"": 1.0, ""label_da"": """"}}",empirical_industry_crosswalk
nace,LAB_nace_281100,281100,,,,branche,77_38131,,,29439,0.9232,187.998,,,none,none,"{""branche"": {""code"": ""77_38131"", ""n"": 29439, ""share"": 0.9232, ""label_da"": """"}, ""db07"": {""code"": ""251100"", ""n"": 12067, ""share"": 0.9078, ""label_da"": """"}}",empirical_industry_crosswalk
nace,LAB_nace_281200,281200,,,,branche,77_38131,,,3405,0.9577,195.026,,,none,none,"{""branche"": {""code"": ""77_38131"", ""n"": 3405, ""share"": 0.9577, ""label_da"": """"}, ""db07"": {""code"": ""251200"", ""n"": 1441, ""share"": 0.9591, ""label_da"": """"}}",empirical_industry_crosswalk
nace,LAB_nace_282100,282100,,,,branche,77_38132,,,3821,0.8613,985.985,,,none,none,"{""branche"": {""code"": ""77_38132"", ""n"": 3821, ""share"": 0.8613, ""label_da"": """"}, ""db07"": {""code"": ""252900"", ""n"": 825, ""share"": 0.9927, ""label_da"": """"}}",empirical_industry_crosswalk
nace,LAB_nace_282200,282200,,,,branche,77_38190,,,4010,0.5085,1654.94,,,none,none,"{""branche"": {""code"": ""77_38190"", ""n"": 4010, ""share"": 0.5085, ""label_da"": """"}, ""db07"": {""code"": ""252100"", ""n"": 863, ""share"": 0.9791, ""label_da"": """"}}",empirical_industry_crosswalk
nace,LAB_nace_283000,283000,,,,branche,77_38132,,,4298,0.722,826.485,,,none,none,"{""branche"": {""code"": ""77_38132"", ""n"": 4298, ""share"": 0.722, ""label_da"": """"}, ""db07"": {""code"": ""253000"", ""n"": 1202, ""share"": 1.0, ""label_da"": """"}}",empirical_industry_crosswalk
nace,LAB_nace_284000,284000,,,,db07,255000,,,522,1.0,6061.45,,,none,none,"{""branche"": {""code"": ""77_99998"", ""n"": 261, ""share"": 0.0307, ""label_da"": """"}, ""db07"": {""code"": ""255000"", ""n"": 522, ""share"": 1.0, ""label_da"": """"}}",empirical_industry_crosswalk
nace,LAB_nace_285100,285100,,,,branche,77_38195,,,10067,0.9385,710.862,,,none,none,"{""branche"": {""code"": ""77_38195"", ""n"": 10067, ""share"": 0.9385, ""label_da"": """"}, ""db07"": {""code"": ""256100"", ""n"": 4376, ""share"": 0.9993, ""label_da"": """"}}",empirical_industry_crosswalk
nace,LAB_nace_285200,285200,,,,branche,77_38280,,,26240,0.9377,239.429,,,none,none,"{""branche"": {""code"": ""77_38280"", ""n"": 26240, ""share"": 0.9377, ""label_da"": """"}, ""db07"": {""code"": ""256200"", ""n"": 11915, ""share"": 0.7494, ""label_da"": """"}}",empirical_industry_crosswalk
nace,LAB_nace_286100,286100,,,,branche,77_38110,,,576,0.9792,720.907,,,none,none,"{""branche"": {""code"": ""77_38110"", ""n"": 576, ""share"": 0.9792, ""label_da"": """"}, ""db07"": {""code"": ""257100"", ""n"": 111, ""share"": 0.6577, ""label_da"": """"}}",empirical_industry_crosswalk
nace,LAB_nace_286200,286200,,,,branche,77_38110,,,5218,0.9195,676.985,,,none,none,"{""branche"": {""code"": ""77_38110"", ""n"": 5218, ""share"": 0.9195, ""label_da"": """"}, ""db07"": {""code"": ""257300"", ""n"": 1224, ""share"": 0.906, ""label_da"": """"}}",empirical_industry_crosswalk
nace,LAB_nace_286310,286310,,,,branche,77_38110,,,1006,0.9791,720.876,,,none,none,"{""branche"": {""code"": ""77_38110"", ""n"": 1006, ""share"": 0.9791, ""label_da"": """"}, ""db07"": {""code"": ""257200"", ""n"": 329, ""share"": 0.9909, ""label_da"": """"}}",empirical_industry_crosswalk
nace,LAB_nace_286320,286320,,,,branche,77_38110,,,3270,0.9725,715.982,,,none,none,"{""branche"": {""code"": ""77_38110"", ""n"": 3270, ""share"": 0.9725, ""label_da"": """"}, ""db07"": {""code"": ""257200"", ""n"": 1558, ""share"": 0.9968, ""label_da"": """"}}",empirical_industry_crosswalk
nace,LAB_nace_287100,287100,,,,branche,77_38191,,,1055,0.9602,1284.903,,,none,none,"{""branche"": {""code"": ""77_38191"", ""n"": 1055, ""share"": 0.9602, ""label_da"": """"}, ""db07"": {""code"": ""259100"", ""n"": 119, ""share"": 0.8487, ""label_da"": """"}}",empirical_industry_crosswalk
nace,LAB_nace_287200,287200,,,,branche,77_38191,,,4498,0.98,1311.401,,,none,none,"{""branche"": {""code"": ""77_38191"", ""n"": 4498, ""share"": 0.98, ""label_da"": """"}, ""db07"": {""code"": ""259200"", ""n"": 1820, ""share"": 1.0, ""label_da"": """"}}",empirical_industry_crosswalk
nace,LAB_nace_287300,287300,,,,branche,77_38198,,,2457,0.9548,2837.256,,,none,none,"{""branche"": {""code"": ""77_38198"", ""n"": 2457, ""share"": 0.9548, ""label_da"": """"}, ""db07"": {""code"": ""259300"", ""n"": 705, ""share"": 1.0, ""label_da"": """"}}",empirical_industry_crosswalk
nace,LAB_nace_287400,287400,,,,branche,77_38197,,,2410,0.5461,3046.712,,,none,none,"{""branche"": {""code"": ""77_38197"", ""n"": 2410, ""share"": 0.5461, ""label_da"": """"}, ""db07"": {""code"": ""259400"", ""n"": 786, ""share"": 0.3282, ""label_da"": """"}}",empirical_industry_crosswalk
nace,LAB_nace_287510,287510,,,,branche,77_39097,,,3738,0.9543,1886.051,,,none,none,"{""branche"": {""code"": ""77_39097"", ""n"": 3738, ""share"": 0.9543, ""label_da"": """"}, ""db07"": {""code"": ""259900"", ""n"": 1590, ""share"": 1.0, ""label_da"": """"}}",empirical_industry_crosswalk
nace,LAB_nace_287520,287520,,,,branche,77_38199,,,1588,0.9666,274.565,,,none,none,"{""branche"": {""code"": ""77_38199"", ""n"": 1588, ""share"": 0.9666, ""label_da"": """"}, ""db07"": {""code"": ""259900"", ""n"": 529, ""share"": 0.966, ""label_da"": """"}}",empirical_industry_crosswalk
nace,LAB_nace_287590,287590,,,,branche,77_38199,,,25046,0.9084,258.041,,,none,none,"{""branche"": {""code"": ""77_38199"", ""n"": 25046, ""share"": 0.9084, ""label_da"": """"}, ""db07"": {""code"": ""259900"", ""n"": 8578, ""share"": 0.9317, ""label_da"": """"}}",empirical_industry_crosswalk
nace,LAB_nace_291110,291110,,,,branche,77_38413,,,4688,0.9569,1285.906,,,none,none,"{""branche"": {""code"": ""77_38413"", ""n"": 4688, ""share"": 0.9569, ""label_da"": """"}, ""db07"": {""code"": ""281190"", ""n"": 3002, ""share"": 1.0, ""label_da"": """"}}",empirical_industry_crosswalk
nace,LAB_nace_291120,291120,,,,db07,331200,,,968,0.999,971.569,,,none,none,"{""branche"": {""code"": ""77_38413"", ""n"": 977, ""share"": 0.956, ""label_da"": """"}, ""db07"": {""code"": ""331200"", ""n"": 968, ""share"": 0.999, ""label_da"": """"}}",empirical_industry_crosswalk
nace,LAB_nace_291190,291190,,,,branche,77_38210,,,399,0.7343,15905.357,,,none,none,"{""branche"": {""code"": ""77_38210"", ""n"": 399, ""share"": 0.7343, ""label_da"": """"}, ""db07"": {""code"": ""281190"", ""n"": 31, ""share"": 1.0, ""label_da"": """"}}",empirical_industry_crosswalk
nace,LAB_nace_291210,291210,,,,branche,77_38299,,,2375,0.9709,176.988,,,none,none,"{""branche"": {""code"": ""77_38299"", ""n"": 2375, ""share"": 0.9709, ""label_da"": """"}, ""db07"": {""code"": ""281300"", ""n"": 792, ""share"": 0.9407, ""label_da"": """"}}",empirical_industry_crosswalk
nace,LAB_nace_291220,291220,,,,branche,77_38299,,,10334,0.9465,172.529,,,none,none,"{""branche"": {""code"": ""77_38299"", ""n"": 10334, ""share"": 0.9465, ""label_da"": """"}, ""db07"": {""code"": ""281300"", ""n"": 6456, ""share"": 0.9988, ""label_da"": """"}}",empirical_industry_crosswalk
nace,LAB_nace_291230,291230,,,,branche,77_38299,,,1778,0.9747,177.67,,,none,none,"{""branche"": {""code"": ""77_38299"", ""n"": 1778, ""share"": 0.9747, ""label_da"": """"}, ""db07"": {""code"": ""281200"", ""n"": 1136, ""share"": 0.8776, ""label_da"": """"}}",empirical_industry_crosswalk
nace,LAB_nace_291300,291300,,,,branche,77_38193,,,22120,0.9604,329.338,,,none,none,"{""branche"": {""code"": ""77_38193"", ""n"": 22120, ""share"": 0.9604, ""label_da"": """"}, ""db07"": {""code"": ""281400"", ""n"": 10380, ""share"": 0.7562, ""label_da"": """"}}",empirical_industry_crosswalk
nace,LAB_nace_291400,291400,,,,branche,77_38296,,,1817,0.9378,4031.579,,,none,none,"{""branche"": {""code"": ""77_38296"", ""n"": 1817, ""share"": 0.9378, ""label_da"": """"}, ""db07"": {""code"": ""281500"", ""n"": 885, ""share"": 0.9955, ""label_da"": """"}}",empirical_industry_crosswalk
nace,LAB_nace_292100,292100,,,,branche,77_38192,,,1354,0.938,2025.008,,,none,none,"{""branche"": {""code"": ""77_38192"", ""n"": 1354, ""share"": 0.938, ""label_da"": """"}, ""db07"": {""code"": ""282100"", ""n"": 282, ""share"": 0.9397, ""label_da"": """"}}",empirical_industry_crosswalk
nace,LAB_nace_292210,292210,,,,branche,77_38294,,,11630,0.874,315.085,,,none,none,"{""branche"": {""code"": ""77_38294"", ""n"": 11630, ""share"": 0.874, ""label_da"": """"}, ""db07"": {""code"": ""282200"", ""n"": 3849, ""share"": 0.7906, ""label_da"": """"}}",empirical_industry_crosswalk
nace,LAB_nace_292220,292220,,,,branche,77_38294,,,4573,0.9197,331.565,,,none,none,"{""branche"": {""code"": ""77_38294"", ""n"": 4573, ""share"": 0.9197, ""label_da"": """"}, ""db07"": {""code"": ""282200"", ""n"": 2272, ""share"": 0.8794, ""label_da"": """"}}",empirical_industry_crosswalk
nace,LAB_nace_292230,292230,,,,branche,77_38294,,,1365,0.8886,320.353,,,none,none,"{""branche"": {""code"": ""77_38294"", ""n"": 1365, ""share"": 0.8886, ""label_da"": """"}, ""db07"": {""code"": ""331200"", ""n"": 393, ""share"": 0.3028, ""label_da"": """"}}",empirical_industry_crosswalk
nace,LAB_nace_292290,292290,,,,branche,77_38294,,,4567,0.8912,321.265,,,none,none,"{""branche"": {""code"": ""77_38294"", ""n"": 4567, ""share"": 0.8912, ""label_da"": """"}, ""db07"": {""code"": ""282200"", ""n"": 2009, ""share"": 0.9363, ""label_da"": """"}}",empirical_industry_crosswalk
nace,LAB_nace_292310,292310,,,,branche,77_38299,,,9867,0.8852,161.353,,,none,none,"{""branche"": {""code"": ""77_38299"", ""n"": 9867, ""share"": 0.8852, ""label_da"": """"}, ""db07"": {""code"": ""282500"", ""n"": 2527, ""share"": 0.9672, ""label_da"": """"}}",empirical_industry_crosswalk
nace,LAB_nace_292320,292320,,,,branche,77_38299,,,8578,0.9388,171.127,,,none,none,"{""branche"": {""code"": ""77_38299"", ""n"": 8578, ""share"": 0.9388, ""label_da"": """"}, ""db07"": {""code"": ""282500"", ""n"": 4323, ""share"": 0.9366, ""label_da"": """"}}",empirical_industry_crosswalk
nace,LAB_nace_292410,292410,,,,branche,77_38252,,,757,0.9458,9632.306,,,none,none,"{""branche"": {""code"": ""77_38252"", ""n"": 757, ""share"": 0.9458, ""label_da"": """"}, ""db07"": {""code"": ""282900"", ""n"": 243, ""share"": 0.9794, ""label_da"": """"}}",empirical_industry_crosswalk
nace,LAB_nace_292420,292420,,,,branche,77_38242,,,3531,0.9507,347.578,,,none,none,"{""branche"": {""code"": ""77_38242"", ""n"": 3531, ""share"": 0.9507, ""label_da"": """"}, ""db07"": {""code"": ""282900"", ""n"": 1056, ""share"": 0.9735, ""label_da"": """"}}",empirical_industry_crosswalk
nace,LAB_nace_292430,292430,,,,db07,282900,,,709,1.0,718.668,,,none,none,"{""branche"": {""code"": ""77_38431"", ""n"": 2733, ""share"": 0.0428, ""label_da"": """"}, ""db07"": {""code"": ""282900"", ""n"": 709, ""share"": 1.0, ""label_da"": """"}}",empirical_industry_crosswalk
nace,LAB_nace_292490,292490,,,,branche,77_38299,,,5005,0.9085,165.603,,,none,none,"{""branche"": {""code"": ""77_38299"", ""n"": 5005, ""share"": 0.9085, ""label_da"": """"}, ""db07"": {""code"": ""282900"", ""n"": 2419, ""share"": 0.9934, ""label_da"": """"}}",empirical_industry_crosswalk
nace,LAB_nace_293100,293100,,,,branche,77_38220,,,303,0.7888,358.551,,,none,none,"{""branche"": {""code"": ""77_38220"", ""n"": 303, ""share"": 0.7888, ""label_da"": """"}, ""db07"": {""code"": ""283000"", ""n"": 68, ""share"": 0.9265, ""label_da"": """"}}",empirical_industry_crosswalk
nace,LAB_nace_293210,293210,,,,branche,77_38220,,,4289,0.8832,401.466,,,none,none,"{""branche"": {""code"": ""77_38220"", ""n"": 4289, ""share"": 0.8832, ""label_da"": """"}, ""db07"": {""code"": ""283000"", ""n"": 1179, ""share"": 1.0, ""label_da"": """"}}",empirical_industry_crosswalk
nace,LAB_nace_293220,293220,,,,branche,77_38220,,,4851,0.9503,431.981,,,none,none,"{""branche"": {""code"": ""77_38220"", ""n"": 4851, ""share"": 0.9503, ""label_da"": """"}, ""db07"": {""code"": ""283000"", ""n"": 1598, ""share"": 1.0, ""label_da"": """"}}",empirical_industry_crosswalk
nace,LAB_nace_293230,293230,,,,branche,77_38220,,,5711,0.9221,419.145,,,none,none,"{""branche"": {""code"": ""77_38220"", ""n"": 5711, ""share"": 0.9221, ""label_da"": """"}, ""db07"": {""code"": ""283000"", ""n"": 1520, ""share"": 0.9638, ""label_da"": """"}}",empirical_industry_crosswalk
nace,LAB_nace_293240,293240,,,,branche,77_38280,,,1689,0.923,235.696,,,none,none,"{""branche"": {""code"": ""77_38280"", ""n"": 1689, ""share"": 0.923, ""label_da"": """"}, ""db07"": {""code"": ""331200"", ""n"": 930, ""share"": 0.9409, ""label_da"": """"}}",empirical_industry_crosswalk
nace,LAB_nace_294000,294000,,,,branche,77_38232,,,7000,0.8856,695.59,,,none,none,"{""branche"": {""code"": ""77_38232"", ""n"": 7000, ""share"": 0.8856, ""label_da"": """"}}",empirical_industry_crosswalk
nace,LAB_nace_294100,294100,,,,db07,282400,,,94,0.9255,33853.84,,,none,none,"{""db07"": {""code"": ""282400"", ""n"": 94, ""share"": 0.9255, ""label_da"": """"}}",empirical_industry_crosswalk
nace,LAB_nace_294200,294200,,,,db07,284100,,,884,0.9265,3308.946,,,none,none,"{""db07"": {""code"": ""284100"", ""n"": 884, ""share"": 0.9265, ""label_da"": """"}}",empirical_industry_crosswalk
nace,LAB_nace_294300,294300,,,,db07,284900,,,951,0.5037,3155.201,,,none,none,"{""db07"": {""code"": ""284900"", ""n"": 951, ""share"": 0.5037, ""label_da"": """"}}",empirical_industry_crosswalk
nace,LAB_nace_295100,295100,,,,branche,77_38233,,,575,0.873,12280.435,,,none,none,"{""branche"": {""code"": ""77_38233"", ""n"": 575, ""share"": 0.873, ""label_da"": """"}, ""db07"": {""code"": ""289100"", ""n"": 88, ""share"": 0.6818, ""label_da"": """"}}",empirical_industry_crosswalk
nace,LAB_nace_295210,295210,,,,branche,77_38249,,,3834,0.8899,413.517,,,none,none,"{""branche"": {""code"": ""77_38249"", ""n"": 3834, ""share"": 0.8899, ""label_da"": """"}, ""db07"": {""code"": ""289200"", ""n"": 1102, ""share"": 1.0, ""label_da"": """"}}",empirical_industry_crosswalk
nace,LAB_nace_295290,295290,,,,branche,77_38249,,,2371,0.9329,433.501,,,none,none,"{""branche"": {""code"": ""77_38249"", ""n"": 2371, ""share"": 0.9329, ""label_da"": """"}, ""db07"": {""code"": ""289200"", ""n"": 1045, ""share"": 0.8402, ""label_da"": """"}}",empirical_industry_crosswalk
nace,LAB_nace_295310,295310,,,,branche,77_38242,,,2776,0.6934,253.518,,,none,none,"{""branche"": {""code"": ""77_38242"", ""n"": 2776, ""share"": 0.6934, ""label_da"": """"}, ""db07"": {""code"": ""289300"", ""n"": 866, ""share"": 0.8764, ""label_da"": """"}}",empirical_industry_crosswalk
nace,LAB_nace_295320,295320,,,,branche,77_38220,,,2072,0.9305,422.973,,,none,none,"{""branche"": {""code"": ""77_38220"", ""n"": 2072, ""share"": 0.9305, ""label_da"": """"}, ""db07"": {""code"": ""289300"", ""n"": 642, ""share"": 0.986, ""label_da"": """"}}",empirical_industry_crosswalk
nace,LAB_nace_295330,295330,,,,branche,77_38242,,,1936,0.8414,307.62,,,none,none,"{""branche"": {""code"": ""77_38242"", ""n"": 1936, ""share"": 0.8414, ""label_da"": """"}, ""db07"": {""code"": ""289300"", ""n"": 650, ""share"": 1.0, ""label_da"": """"}}",empirical_industry_crosswalk
nace,LAB_nace_295340,295340,,,,branche,77_38242,,,3143,0.965,352.798,,,none,none,"{""branche"": {""code"": ""77_38242"", ""n"": 3143, ""share"": 0.965, ""label_da"": """"}, ""db07"": {""code"": ""289300"", ""n"": 1775, ""share"": 0.991, ""label_da"": """"}}",empirical_industry_crosswalk
nace,LAB_nace_295390,295390,,,,branche,77_38291,,,4851,0.4548,1369.023,,,none,none,"{""branche"": {""code"": ""77_38291"", ""n"": 4851, ""share"": 0.4548, ""label_da"": """"}, ""db07"": {""code"": ""289300"", ""n"": 1216, ""share"": 0.9827, ""label_da"": """"}}",empirical_industry_crosswalk
nace,LAB_nace_295400,295400,,,,branche,77_38241,,,1985,0.8826,3427.129,,,none,none,"{""branche"": {""code"": ""77_38241"", ""n"": 1985, ""share"": 0.8826, ""label_da"": """"}, ""db07"": {""code"": ""289400"", ""n"": 611, ""share"": 0.946, ""label_da"": """"}}",empirical_industry_crosswalk
nace,LAB_nace_295500,295500,,,,branche,77_38243,,,1080,0.9574,6785.556,,,none,none,"{""branche"": {""code"": ""77_38243"", ""n"": 1080, ""share"": 0.9574, ""label_da"": """"}, ""db07"": {""code"": ""289500"", ""n"": 174, ""share"": 0.9943, ""label_da"": """"}}",empirical_industry_crosswalk
nace,LAB_nace_295610,295610,,,,branche,77_38232,,,3108,0.9086,713.696,,,none,none,"{""branche"": {""code"": ""77_38232"", ""n"": 3108, ""share"": 0.9086, ""label_da"": """"}, ""db07"": {""code"": ""257300"", ""n"": 978, ""share"": 0.9796, ""label_da"": """"}}",empirical_industry_crosswalk
nace,LAB_nace_295620,295620,,,,branche,77_38249,,,877,0.9156,425.454,,,none,none,"{""branche"": {""code"": ""77_38249"", ""n"": 877, ""share"": 0.9156, ""label_da"": """"}, ""db07"": {""code"": ""289900"", ""n"": 82, ""share"": 0.8902, ""label_da"": """"}}",empirical_industry_crosswalk
nace,LAB_nace_295690,295690,,,,branche,77_38249,,,14951,0.5877,273.06,,,none,none,"{""branche"": {""code"": ""77_38249"", ""n"": 14951, ""share"": 0.5877, ""label_da"": """"}, ""db07"": {""code"": ""289600"", ""n"": 5163, ""share"": 0.0471, ""label_da"": """"}}",empirical_industry_crosswalk
nace,LAB_nace_296000,296000,,,,branche,77_38199,,,424,0.6014,170.829,,,none,none,"{""branche"": {""code"": ""77_38199"", ""n"": 424, ""share"": 0.6014, ""label_da"": """"}, ""db07"": {""code"": ""254000"", ""n"": 83, ""share"": 0.9759, ""label_da"": """"}}",empirical_industry_crosswalk
nace,LAB_nace_297110,297110,,,,branche,77_38293,,,9193,0.9792,667.163,,,none,none,"{""branche"": {""code"": ""77_38293"", ""n"": 9193, ""share"": 0.9792, ""label_da"": """"}, ""db07"": {""code"": ""275100"", ""n"": 852, ""share"": 0.9988, ""label_da"": """"}}",empirical_industry_crosswalk
nace,LAB_nace_297120,297120,,,,branche,77_38331,,,1822,0.4094,3997.799,,,none,none,"{""branche"": {""code"": ""77_38331"", ""n"": 1822, ""share"": 0.4094, ""label_da"": """"}, ""db07"": {""code"": ""275100"", ""n"": 540, ""share"": 0.5222, ""label_da"": """"}}",empirical_industry_crosswalk
nace,LAB_nace_297130,297130,,,,branche,77_38293,,,927,0.9795,667.355,,,none,none,"{""branche"": {""code"": ""77_38293"", ""n"": 927, ""share"": 0.9795, ""label_da"": """"}, ""db07"": {""code"": ""275100"", ""n"": 10, ""share"": 1.0, ""label_da"": """"}}",empirical_industry_crosswalk
nace,LAB_nace_297190,297190,,,,branche,77_38332,,,2305,0.7228,2822.894,,,none,none,"{""branche"": {""code"": ""77_38332"", ""n"": 2305, ""share"": 0.7228, ""label_da"": """"}, ""db07"": {""code"": ""275100"", ""n"": 288, ""share"": 0.8854, ""label_da"": """"}}",empirical_industry_crosswalk
nace,LAB_nace_297200,297200,,,,branche,77_38292,,,3439,0.8104,1514.892,,,none,none,"{""branche"": {""code"": ""77_38292"", ""n"": 3439, ""share"": 0.8104, ""label_da"": """"}, ""db07"": {""code"": ""275200"", ""n"": 1263, ""share"": 0.1813, ""label_da"": """"}}",empirical_industry_crosswalk
nace,LAB_nace_300100,300100,,,,branche,77_38520,,,1400,0.72,1068.875,,,none,none,"{""branche"": {""code"": ""77_38520"", ""n"": 1400, ""share"": 0.72, ""label_da"": """"}, ""db07"": {""code"": ""282300"", ""n"": 55, ""share"": 1.0, ""label_da"": """"}}",empirical_industry_crosswalk
nace,LAB_nace_300200,300200,,,,branche,77_38251,,,5320,0.9318,805.744,,,none,none,"{""branche"": {""code"": ""77_38251"", ""n"": 5320, ""share"": 0.9318, ""label_da"": """"}, ""db07"": {""code"": ""262000"", ""n"": 1154, ""share"": 0.9211, ""label_da"": """"}}",empirical_industry_crosswalk
nace,LAB_nace_311010,311010,,,,branche,77_38311,,,2985,0.8771,387.078,,,none,none,"{""branche"": {""code"": ""77_38311"", ""n"": 2985, ""share"": 0.8771, ""label_da"": """"}, ""db07"": {""code"": ""271100"", ""n"": 1692, ""share"": 0.9947, ""label_da"": """"}}",empirical_industry_crosswalk
nace,LAB_nace_311020,311020,,,,db07,271100,,,72,1.0,1741.796,,,none,none,"{""branche"": {""code"": ""77_38210"", ""n"": 265, ""share"": 0.1019, ""label_da"": """"}, ""db07"": {""code"": ""271100"", ""n"": 72, ""share"": 1.0, ""label_da"": """"}}",empirical_industry_crosswalk
nace,LAB_nace_311030,311030,,,,branche,77_38311,,,4495,0.897,395.881,,,none,none,"{""branche"": {""code"": ""77_38311"", ""n"": 4495, ""share"": 0.897, ""label_da"": """"}, ""db07"": {""code"": ""261100"", ""n"": 1767, ""share"": 0.9638, ""label_da"": """"}}",empirical_industry_crosswalk
nace,LAB_nace_311040,311040,,,,db07,281110,,,11201,0.8602,283.722,,,none,none,"{""branche"": {""code"": ""77_38131"", ""n"": 4508, ""share"": 0.9525, ""label_da"": """"}, ""db07"": {""code"": ""281110"", ""n"": 11201, ""share"": 0.8602, ""label_da"": """"}}",empirical_industry_crosswalk
nace,LAB_nace_312010,312010,,,,branche,77_38311,,,8015,0.8757,386.496,,,none,none,"{""branche"": {""code"": ""77_38311"", ""n"": 8015, ""share"": 0.8757, ""label_da"": """"}, ""db07"": {""code"": ""271200"", ""n"": 3687, ""share"": 0.7347, ""label_da"": """"}}",empirical_industry_crosswalk
nace,LAB_nace_312090,312090,,,,branche,77_38399,,,3549,0.9749,927.259,,,none,none,"{""branche"": {""code"": ""77_38399"", ""n"": 3549, ""share"": 0.9749, ""label_da"": """"}, ""db07"": {""code"": ""273300"", ""n"": 1720, ""share"": 0.6814, ""label_da"": """"}}",empirical_industry_crosswalk
nace,LAB_nace_313000,313000,,,,branche,77_38391,,,4186,0.9064,1692.086,,,none,none,"{""branche"": {""code"": ""77_38391"", ""n"": 4186, ""share"": 0.9064, ""label_da"": """"}, ""db07"": {""code"": ""273200"", ""n"": 1436, ""share"": 0.7876, ""label_da"": """"}}",empirical_industry_crosswalk
nace,LAB_nace_314000,314000,,,,branche,77_38392,,,579,0.9551,12590.407,,,none,none,"{""branche"": {""code"": ""77_38392"", ""n"": 579, ""share"": 0.9551, ""label_da"": """"}, ""db07"": {""code"": ""272000"", ""n"": 15, ""share"": 1.0, ""label_da"": """"}}",empirical_industry_crosswalk
nace,LAB_nace_315000,315000,,,,branche,77_38122,,,9084,0.544,808.298,,,none,none,"{""branche"": {""code"": ""77_38122"", ""n"": 9084, ""share"": 0.544, ""label_da"": """"}, ""db07"": {""code"": ""274000"", ""n"": 2444, ""share"": 0.9996, ""label_da"": """"}}",empirical_industry_crosswalk
nace,LAB_nace_316100,316100,,,,branche,77_38311,,,1556,0.8946,394.824,,,none,none,"{""branche"": {""code"": ""77_38311"", ""n"": 1556, ""share"": 0.8946, ""label_da"": """"}, ""db07"": {""code"": ""293100"", ""n"": 362, ""share"": 0.8481, ""label_da"": """"}}",empirical_industry_crosswalk
nace,LAB_nace_316210,316210,,,,branche,77_38329,,,581,0.8881,294.593,,,none,none,"{""branche"": {""code"": ""77_38329"", ""n"": 581, ""share"": 0.8881, ""label_da"": """"}, ""db07"": {""code"": ""279000"", ""n"": 66, ""share"": 0.9848, ""label_da"": """"}}",empirical_industry_crosswalk
nace,LAB_nace_316220,316220,,,,branche,77_38312,,,4711,0.9268,1391.586,,,none,none,"{""branche"": {""code"": ""77_38312"", ""n"": 4711, ""share"": 0.9268, ""label_da"": """"}, ""db07"": {""code"": ""331400"", ""n"": 1029, ""share"": 0.9747, ""label_da"": """"}}",empirical_industry_crosswalk
nace,LAB_nace_316290,316290,,,,branche,77_38329,,,3237,0.8882,294.608,,,none,none,"{""branche"": {""code"": ""77_38329"", ""n"": 3237, ""share"": 0.8882, ""label_da"": """"}, ""db07"": {""code"": ""279000"", ""n"": 2272, ""share"": 0.4776, ""label_da"": """"}}",empirical_industry_crosswalk
nace,LAB_nace_321010,321010,,,,branche,77_38329,,,5505,0.9591,318.146,,,none,none,"{""branche"": {""code"": ""77_38329"", ""n"": 5505, ""share"": 0.9591, ""label_da"": """"}, ""db07"": {""code"": ""261200"", ""n"": 1233, ""share"": 0.4363, ""label_da"": """"}}",empirical_industry_crosswalk
nace,LAB_nace_321090,321090,,,,branche,77_38329,,,2953,0.9749,323.391,,,none,none,"{""branche"": {""code"": ""77_38329"", ""n"": 2953, ""share"": 0.9749, ""label_da"": """"}, ""db07"": {""code"": ""261100"", ""n"": 372, ""share"": 0.7715, ""label_da"": """"}}",empirical_industry_crosswalk
nace,LAB_nace_322010,322010,,,,branche,77_38329,,,5417,0.9158,303.78,,,none,none,"{""branche"": {""code"": ""77_38329"", ""n"": 5417, ""share"": 0.9158, ""label_da"": """"}, ""db07"": {""code"": ""263000"", ""n"": 340, ""share"": 1.0, ""label_da"": """"}}",empirical_industry_crosswalk
nace,LAB_nace_322020,322020,,,,branche,77_38329,,,4832,0.9319,309.118,,,none,none,"{""branche"": {""code"": ""77_38329"", ""n"": 4832, ""share"": 0.9319, ""label_da"": """"}, ""db07"": {""code"": ""263000"", ""n"": 1416, ""share"": 0.9944, ""label_da"": """"}}",empirical_industry_crosswalk
nace,LAB_nace_323010,323010,,,,branche,77_38321,,,6773,0.9711,520.445,,,none,none,"{""branche"": {""code"": ""77_38321"", ""n"": 6773, ""share"": 0.9711, ""label_da"": """"}, ""db07"": {""code"": ""264000"", ""n"": 2144, ""share"": 0.2822, ""label_da"": """"}}",empirical_industry_crosswalk
nace,LAB_nace_323020,323020,,,,branche,77_38321,,,4163,0.9729,521.406,,,none,none,"{""branche"": {""code"": ""77_38321"", ""n"": 4163, ""share"": 0.9729, ""label_da"": """"}, ""db07"": {""code"": ""264000"", ""n"": 942, ""share"": 0.758, ""label_da"": """"}}",empirical_industry_crosswalk
nace,LAB_nace_323030,323030,,,,branche,77_38321,,,3003,0.97,519.892,,,none,none,"{""branche"": {""code"": ""77_38321"", ""n"": 3003, ""share"": 0.97, ""label_da"": """"}, ""db07"": {""code"": ""263000"", ""n"": 820, ""share"": 0.9976, ""label_da"": """"}}",empirical_industry_crosswalk
nace,LAB_nace_331010,331010,,,,branche,77_38511,,,4866,0.9723,697.973,,,none,none,"{""branche"": {""code"": ""77_38511"", ""n"": 4866, ""share"": 0.9723, ""label_da"": """"}, ""db07"": {""code"": ""325000"", ""n"": 1929, ""share"": 1.0, ""label_da"": """"}}",empirical_industry_crosswalk
nace,LAB_nace_331020,331020,,,,branche,77_38512,,,3462,0.9789,1124.14,,,none,none,"{""branche"": {""code"": ""77_38512"", ""n"": 3462, ""share"": 0.9789, ""label_da"": """"}, ""db07"": {""code"": ""266010"", ""n"": 2864, ""share"": 0.9906, ""label_da"": """"}}",empirical_industry_crosswalk
nace,LAB_nace_331030,331030,,,,branche,77_38512,,,2760,0.9793,1124.638,,,none,none,"{""branche"": {""code"": ""77_38512"", ""n"": 2760, ""share"": 0.9793, ""label_da"": """"}, ""db07"": {""code"": ""266090"", ""n"": 928, ""share"": 0.8782, ""label_da"": """"}}",empirical_industry_crosswalk
nace,LAB_nace_331040,331040,,,,branche,77_38511,,,1628,0.7414,532.244,,,none,none,"{""branche"": {""code"": ""77_38511"", ""n"": 1628, ""share"": 0.7414, ""label_da"": """"}, ""db07"": {""code"": ""310100"", ""n"": 558, ""share"": 0.4265, ""label_da"": """"}}",empirical_industry_crosswalk
nace,LAB_nace_331090,331090,,,,branche,77_93315,,,7773,0.4818,877.822,,,none,none,"{""branche"": {""code"": ""77_93315"", ""n"": 7773, ""share"": 0.4818, ""label_da"": """"}, ""db07"": {""code"": ""325000"", ""n"": 2374, ""share"": 0.8665, ""label_da"": """"}}",empirical_industry_crosswalk
nace,LAB_nace_332010,332010,,,,branche,77_38513,,,1658,0.8028,499.909,,,none,none,"{""branche"": {""code"": ""77_38513"", ""n"": 1658, ""share"": 0.8028, ""label_da"": """"}, ""db07"": {""code"": ""331300"", ""n"": 704, ""share"": 0.1023, ""label_da"": """"}}",empirical_industry_crosswalk
nace,LAB_nace_332020,332020,,,,branche,77_38513,,,2190,0.9005,560.739,,,none,none,"{""branche"": {""code"": ""77_38513"", ""n"": 2190, ""share"": 0.9005, ""label_da"": """"}, ""db07"": {""code"": ""265100"", ""n"": 1130, ""share"": 0.9991, ""label_da"": """"}}",empirical_industry_crosswalk
nace,LAB_nace_332030,332030,,,,branche,77_38514,,,1665,0.9766,1605.595,,,none,none,"{""branche"": {""code"": ""77_38514"", ""n"": 1665, ""share"": 0.9766, ""label_da"": """"}, ""db07"": {""code"": ""265100"", ""n"": 655, ""share"": 1.0, ""label_da"": """"}}",empirical_industry_crosswalk
nace,LAB_nace_332040,332040,,,,branche,77_38513,,,2920,0.8038,500.528,,,none,none,"{""branche"": {""code"": ""77_38513"", ""n"": 2920, ""share"": 0.8038, ""label_da"": """"}, ""db07"": {""code"": ""265100"", ""n"": 1190, ""share"": 0.9706, ""label_da"": """"}}",empirical_industry_crosswalk
nace,LAB_nace_332090,332090,,,,branche,77_38513,,,7557,0.7776,484.206,,,none,none,"{""branche"": {""code"": ""77_38513"", ""n"": 7557, ""share"": 0.7776, ""label_da"": """"}, ""db07"": {""code"": ""265100"", ""n"": 3141, ""share"": 0.9739, ""label_da"": """"}}",empirical_industry_crosswalk
nace,LAB_nace_333000,333000,,,,branche,77_38514,,,1514,0.9267,1523.567,,,none,none,"{""branche"": {""code"": ""77_38514"", ""n"": 1514, ""share"": 0.9267, ""label_da"": """"}, ""db07"": {""code"": ""332000"", ""n"": 486, ""share"": 0.9959, ""label_da"": """"}}",empirical_industry_crosswalk
nace,LAB_nace_334010,334010,,,,branche,77_38520,,,1727,0.8616,1279.101,,,none,none,"{""branche"": {""code"": ""77_38520"", ""n"": 1727, ""share"": 0.8616, ""label_da"": """"}, ""db07"": {""code"": ""273100"", ""n"": 842, ""share"": 0.2743, ""label_da"": """"}}",empirical_industry_crosswalk
nace,LAB_nace_334020,334020,,,,branche,77_38520,,,186,0.9892,1468.585,,,none,none,"{""branche"": {""code"": ""77_38520"", ""n"": 186, ""share"": 0.9892, ""label_da"": """"}}",empirical_industry_crosswalk
nace,LAB_nace_334090,334090,,,,branche,77_38520,,,1976,0.8603,1277.192,,,none,none,"{""branche"": {""code"": ""77_38520"", ""n"": 1976, ""share"": 0.8603, ""label_da"": """"}, ""db07"": {""code"": ""267000"", ""n"": 366, ""share"": 0.9344, ""label_da"": """"}}",empirical_industry_crosswalk
nace,LAB_nace_335000,335000,,,,db07,265200,,,35,0.9714,90921.743,,,none,none,"{""branche"": {""code"": ""77_95140"", ""n"": 34, ""share"": 0.9706, ""label_da"": """"}, ""db07"": {""code"": ""265200"", ""n"": 35, ""share"": 0.9714, ""label_da"": """"}}",empirical_industry_crosswalk
nace,LAB_nace_341000,341000,,,,db07,291000,,,538,0.9796,5892.62,,,none,none,"{""branche"": {""code"": ""77_38431"", ""n"": 138, ""share"": 1.0, ""label_da"": """"}, ""db07"": {""code"": ""291000"", ""n"": 538, ""share"": 0.9796, ""label_da"": """"}}",empirical_industry_crosswalk
nace,LAB_nace_342000,342000,,,,branche,77_38432,,,10140,0.9538,709.953,,,none,none,"{""branche"": {""code"": ""77_38432"", ""n"": 10140, ""share"": 0.9538, ""label_da"": """"}, ""db07"": {""code"": ""292000"", ""n"": 2475, ""share"": 0.9543, ""label_da"": """"}}",empirical_industry_crosswalk
nace,LAB_nace_343000,343000,,,,branche,77_38439,,,8498,0.9463,836.573,,,none,none,"{""branche"": {""code"": ""77_38439"", ""n"": 8498, ""share"": 0.9463, ""label_da"": """"}, ""db07"": {""code"": ""293200"", ""n"": 4493, ""share"": 0.9993, ""label_da"": """"}}",empirical_industry_crosswalk
nace,LAB_nace_351100,351100,,,,branche,77_38411,,,32749,0.4812,224.208,,,none,none,"{""branche"": {""code"": ""77_38411"", ""n"": 32749, ""share"": 0.4812, ""label_da"": """"}, ""db07"": {""code"": ""301100"", ""n"": 3913, ""share"": 0.9284, ""label_da"": """"}}",empirical_industry_crosswalk
nace,LAB_nace_351200,351200,,,,branche,77_38412,,,4013,0.9185,1737.764,,,none,none,"{""branche"": {""code"": ""77_38412"", ""n"": 4013, ""share"": 0.9185, ""label_da"": """"}, ""db07"": {""code"": ""301200"", ""n"": 1924, ""share"": 0.4345, ""label_da"": """"}}",empirical_industry_crosswalk
nace,LAB_nace_352000,352000,,,,branche,77_38420,,,1545,0.9165,4745.773,,,none,none,"{""branche"": {""code"": ""77_38420"", ""n"": 1545, ""share"": 0.9165, ""label_da"": """"}, ""db07"": {""code"": ""302000"", ""n"": 314, ""share"": 0.0637, ""label_da"": """"}}",empirical_industry_crosswalk
nace,LAB_nace_353000,353000,,,,branche,77_38450,,,1935,0.9576,3752.09,,,none,none,"{""branche"": {""code"": ""77_38450"", ""n"": 1935, ""share"": 0.9576, ""label_da"": """"}, ""db07"": {""code"": ""331600"", ""n"": 1741, ""share"": 0.7519, ""label_da"": """"}}",empirical_industry_crosswalk
nace,LAB_nace_354100,354100,,,,branche,77_38440,,,1,1.0,0.0,,,none,none,"{""branche"": {""code"": ""77_38440"", ""n"": 1, ""share"": 1.0, ""label_da"": """"}, ""db07"": {""code"": ""309100"", ""n"": 1, ""share"": 1.0, ""label_da"": """"}}",empirical_industry_crosswalk
nace,LAB_nace_354200,354200,,,,branche,77_38440,,,1218,0.9548,5136.274,,,none,none,"{""branche"": {""code"": ""77_38440"", ""n"": 1218, ""share"": 0.9548, ""label_da"": """"}, ""db07"": {""code"": ""309200"", ""n"": 316, ""share"": 1.0, ""label_da"": """"}}",empirical_industry_crosswalk
nace,LAB_nace_354300,354300,,,,branche,77_38499,,,714,0.9188,10129.308,,,none,none,"{""branche"": {""code"": ""77_38499"", ""n"": 714, ""share"": 0.9188, ""label_da"": """"}, ""db07"": {""code"": ""309200"", ""n"": 449, ""share"": 0.8486, ""label_da"": """"}}",empirical_industry_crosswalk
nace,LAB_nace_355000,355000,,,,branche,77_38491,,,1302,0.9754,5608.545,,,none,none,"{""branche"": {""code"": ""77_38491"", ""n"": 1302, ""share"": 0.9754, ""label_da"": """"}, ""db07"": {""code"": ""309900"", ""n"": 241, ""share"": 0.8963, ""label_da"": """"}}",empirical_industry_crosswalk
nace,LAB_nace_361110,361110,,,,branche,77_33201,,,13004,0.9528,122.942,,,none,none,"{""branche"": {""code"": ""77_33201"", ""n"": 13004, ""share"": 0.9528, ""label_da"": """"}, ""db07"": {""code"": ""310900"", ""n"": 3297, ""share"": 0.7473, ""label_da"": """"}}",empirical_industry_crosswalk
nace,LAB_nace_361120,361120,,,,branche,77_33202,,,1509,0.9655,4225.0,,,none,none,"{""branche"": {""code"": ""77_33202"", ""n"": 1509, ""share"": 0.9655, ""label_da"": """"}, ""db07"": {""code"": ""952400"", ""n"": 502, ""share"": 0.998, ""label_da"": """"}}",empirical_industry_crosswalk
nace,LAB_nace_361200,361200,,,,branche,77_38121,,,11107,0.4124,606.284,,,none,none,"{""branche"": {""code"": ""77_38121"", ""n"": 11107, ""share"": 0.4124, ""label_da"": """"}, ""db07"": {""code"": ""310100"", ""n"": 2925, ""share"": 0.9733, ""label_da"": """"}}",empirical_industry_crosswalk
nace,LAB_nace_361300,361300,,,,branche,77_33201,,,6362,0.8301,107.11,,,none,none,"{""branche"": {""code"": ""77_33201"", ""n"": 6362, ""share"": 0.8301, ""label_da"": """"}, ""db07"": {""code"": ""310200"", ""n"": 3495, ""share"": 0.9471, ""label_da"": """"}}",empirical_industry_crosswalk
nace,LAB_nace_361410,361410,,,,branche,77_33201,,,33924,0.943,121.682,,,none,none,"{""branche"": {""code"": ""77_33201"", ""n"": 33924, ""share"": 0.943, ""label_da"": """"}, ""db07"": {""code"": ""310900"", ""n"": 8832, ""share"": 0.8611, ""label_da"": """"}}",empirical_industry_crosswalk
nace,LAB_nace_361490,361490,,,,branche,77_33209,,,622,0.9855,9410.055,,,none,none,"{""branche"": {""code"": ""77_33209"", ""n"": 622, ""share"": 0.9855, ""label_da"": """"}, ""db07"": {""code"": ""952400"", ""n"": 107, ""share"": 0.9907, ""label_da"": """"}}",empirical_industry_crosswalk
nace,LAB_nace_361500,361500,,,,branche,77_33203,,,1578,0.9683,4625.843,,,none,none,"{""branche"": {""code"": ""77_33203"", ""n"": 1578, ""share"": 0.9683, ""label_da"": """"}, ""db07"": {""code"": ""310300"", ""n"": 785, ""share"": 1.0, ""label_da"": """"}}",empirical_industry_crosswalk
nace,LAB_nace_362100,362100,,,,branche,77_39011,,,77,0.9351,22291.508,,,none,none,"{""branche"": {""code"": ""77_39011"", ""n"": 77, ""share"": 0.9351, ""label_da"": """"}, ""db07"": {""code"": ""321100"", ""n"": 17, ""share"": 1.0, ""label_da"": """"}}",empirical_industry_crosswalk
nace,LAB_nace_362210,362210,,,,branche,77_39011,,,240,0.95,22647.553,,,none,none,"{""branche"": {""code"": ""77_39011"", ""n"": 240, ""share"": 0.95, ""label_da"": """"}, ""db07"": {""code"": ""321200"", ""n"": 72, ""share"": 1.0, ""label_da"": """"}}",empirical_industry_crosswalk
nace,LAB_nace_362220,362220,,,,branche,77_39012,,,2649,0.7501,2483.149,,,none,none,"{""branche"": {""code"": ""77_39012"", ""n"": 2649, ""share"": 0.7501, ""label_da"": """"}, ""db07"": {""code"": ""321200"", ""n"": 1187, ""share"": 0.9941, ""label_da"": """"}}",empirical_industry_crosswalk
nace,LAB_nace_363000,363000,,,,branche,77_39020,,,532,0.968,12006.662,,,none,none,"{""branche"": {""code"": ""77_39020"", ""n"": 532, ""share"": 0.968, ""label_da"": """"}, ""db07"": {""code"": ""322000"", ""n"": 264, ""share"": 0.9545, ""label_da"": """"}}",empirical_industry_crosswalk
nace,LAB_nace_364000,364000,,,,branche,77_39030,,,921,0.9457,7474.656,,,none,none,"{""branche"": {""code"": ""77_39030"", ""n"": 921, ""share"": 0.9457, ""label_da"": """"}, ""db07"": {""code"": ""323000"", ""n"": 302, ""share"": 0.9967, ""label_da"": """"}}",empirical_industry_crosswalk
nace,LAB_nace_365000,365000,,,,branche,77_39091,,,8798,0.9593,823.547,,,none,none,"{""branche"": {""code"": ""77_39091"", ""n"": 8798, ""share"": 0.9593, ""label_da"": """"}, ""db07"": {""code"": ""324000"", ""n"": 3212, ""share"": 0.9975, ""label_da"": """"}}",empirical_industry_crosswalk
nace,LAB_nace_366100,366100,,,,branche,77_39099,,,199,0.9397,1360.909,,,none,none,"{""branche"": {""code"": ""77_39099"", ""n"": 199, ""share"": 0.9397, ""label_da"": """"}, ""db07"": {""code"": ""321300"", ""n"": 158, ""share"": 1.0, ""label_da"": """"}}",empirical_industry_crosswalk
nace,LAB_nace_366200,366200,,,,branche,77_39092,,,858,0.9732,8147.943,,,none,none,"{""branche"": {""code"": ""77_39092"", ""n"": 858, ""share"": 0.9732, ""label_da"": """"}, ""db07"": {""code"": ""329100"", ""n"": 292, ""share"": 1.0, ""label_da"": """"}}",empirical_industry_crosswalk
nace,LAB_nace_366310,366310,,,,branche,77_35293,,,1961,0.9485,3513.825,,,none,none,"{""branche"": {""code"": ""77_35293"", ""n"": 1961, ""share"": 0.9485, ""label_da"": """"}, ""db07"": {""code"": ""329900"", ""n"": 370, ""share"": 1.0, ""label_da"": """"}}",empirical_industry_crosswalk
nace,LAB_nace_366390,366390,,,,branche,77_39099,,,4583,0.9051,1310.779,,,none,none,"{""branche"": {""code"": ""77_39099"", ""n"": 4583, ""share"": 0.9051, ""label_da"": """"}, ""db07"": {""code"": ""329900"", ""n"": 1199, ""share"": 0.854, ""label_da"": """"}}",empirical_industry_crosswalk
nace,LAB_nace_371000,371000,,,,db07,383200,,,495,0.998,3227.472,,,none,none,"{""branche"": {""code"": ""77_61173"", ""n"": 893, ""share"": 0.5342, ""label_da"": """"}, ""db07"": {""code"": ""383200"", ""n"": 495, ""share"": 0.998, ""label_da"": """"}}",empirical_industry_crosswalk
nace,LAB_nace_372000,372000,,,,branche,77_61173,,,553,0.8264,884.407,,,none,none,"{""branche"": {""code"": ""77_61173"", ""n"": 553, ""share"": 0.8264, ""label_da"": """"}, ""db07"": {""code"": ""390000"", ""n"": 385, ""share"": 0.3481, ""label_da"": """"}}",empirical_industry_crosswalk
nace,LAB_nace_401000,401000,,,,branche,77_41010,,,24180,0.7926,288.863,,,none,none,"{""branche"": {""code"": ""77_41010"", ""n"": 24180, ""share"": 0.7926, ""label_da"": """"}}",empirical_industry_crosswalk
nace,LAB_nace_401100,401100,,,,db07,351100,,,6210,0.9981,505.509,,,none,none,"{""db07"": {""code"": ""351100"", ""n"": 6210, ""share"": 0.9981, ""label_da"": """"}}",empirical_industry_crosswalk
nace,LAB_nace_401200,401200,,,,db07,351200,,,656,1.0,4851.008,,,none,none,"{""db07"": {""code"": ""351200"", ""n"": 656, ""share"": 1.0, ""label_da"": """"}}",empirical_industry_crosswalk
nace,LAB_nace_401300,401300,,,,db07,351400,,,4026,0.1761,790.427,,,none,none,"{""db07"": {""code"": ""351400"", ""n"": 4026, ""share"": 0.1761, ""label_da"": """"}}",empirical_industry_crosswalk
nace,LAB_nace_402000,402000,,,,branche,77_41020,,,2798,0.946,2621.252,,,none,none,"{""branche"": {""code"": ""77_41020"", ""n"": 2798, ""share"": 0.946, ""label_da"": """"}}",empirical_industry_crosswalk
nace,LAB_nace_402100,402100,,,,db07,352100,,,120,1.0,26518.842,,,none,none,"{""db07"": {""code"": ""352100"", ""n"": 120, ""share"": 1.0, ""label_da"": """"}}",empirical_industry_crosswalk
nace,LAB_nace_402200,402200,,,,db07,352300,,,747,0.0897,4260.055,,,none,none,"{""db07"": {""code"": ""352300"", ""n"": 747, ""share"": 0.0897, ""label_da"": """"}}",empirical_industry_crosswalk
nace,LAB_nace_403000,403000,,,,branche,77_41030,,,5185,0.7558,1372.686,,,none,none,"{""branche"": {""code"": ""77_41030"", ""n"": 5185, ""share"": 0.7558, ""label_da"": """"}, ""db07"": {""code"": ""353000"", ""n"": 2911, ""share"": 0.999, ""label_da"": """"}}",empirical_industry_crosswalk
nace,LAB_nace_410000,410000,,,,branche,77_42000,,,7433,0.6207,979.555,,,none,none,"{""branche"": {""code"": ""77_42000"", ""n"": 7433, ""share"": 0.6207, ""label_da"": """"}, ""db07"": {""code"": ""360000"", ""n"": 3066, ""share"": 1.0, ""label_da"": """"}}",empirical_industry_crosswalk
nace,LAB_nace_451100,451100,,,,branche,77_50121,,,5926,0.9291,58.017,,,none,none,"{""branche"": {""code"": ""77_50121"", ""n"": 5926, ""share"": 0.9291, ""label_da"": """"}, ""db07"": {""code"": ""431200"", ""n"": 5727, ""share"": 0.9113, ""label_da"": """"}}",empirical_industry_crosswalk
nace,LAB_nace_451200,451200,,,,branche,77_50121,,,54,1.0,62.443,,,none,none,"{""branche"": {""code"": ""77_50121"", ""n"": 54, ""share"": 1.0, ""label_da"": """"}, ""db07"": {""code"": ""431300"", ""n"": 54, ""share"": 1.0, ""label_da"": """"}}",empirical_industry_crosswalk
nace,LAB_nace_452100,452100,,,,branche,77_50121,,,110732,0.912,56.95,,,none,none,"{""branche"": {""code"": ""77_50121"", ""n"": 110732, ""share"": 0.912, ""label_da"": """"}, ""db07"": {""code"": ""421000"", ""n"": 57379, ""share"": 0.1091, ""label_da"": """"}}",empirical_industry_crosswalk
nace,LAB_nace_452200,452200,,,,branche,77_50193,,,4656,0.9457,1476.731,,,none,none,"{""branche"": {""code"": ""77_50193"", ""n"": 4656, ""share"": 0.9457, ""label_da"": """"}, ""db07"": {""code"": ""439100"", ""n"": 3357, ""share"": 0.9765, ""label_da"": """"}}",empirical_industry_crosswalk
nace,LAB_nace_452510,452510,,,,branche,77_50130,,,30623,0.9496,228.266,,,none,none,"{""branche"": {""code"": ""77_50130"", ""n"": 30623, ""share"": 0.9496, ""label_da"": """"}, ""db07"": {""code"": ""439910"", ""n"": 17490, ""share"": 0.9913, ""label_da"": """"}}",empirical_industry_crosswalk
nace,LAB_nace_452520,452520,,,,branche,77_50123,,,1646,0.9617,4129.556,,,none,none,"{""branche"": {""code"": ""77_50123"", ""n"": 1646, ""share"": 0.9617, ""label_da"": """"}, ""db07"": {""code"": ""439990"", ""n"": 1150, ""share"": 0.9974, ""label_da"": """"}}",empirical_industry_crosswalk
nace,LAB_nace_452530,452530,,,,branche,77_50124,,,2692,0.9305,2534.318,,,none,none,"{""branche"": {""code"": ""77_50124"", ""n"": 2692, ""share"": 0.9305, ""label_da"": """"}, ""db07"": {""code"": ""422000"", ""n"": 1468, ""share"": 0.9905, ""label_da"": """"}}",empirical_industry_crosswalk
nace,LAB_nace_452540,452540,,,,branche,77_50196,,,3387,0.915,2140.245,,,none,none,"{""branche"": {""code"": ""77_50196"", ""n"": 3387, ""share"": 0.915, ""label_da"": """"}, ""db07"": {""code"": ""439990"", ""n"": 1782, ""share"": 0.9994, ""label_da"": """"}}",empirical_industry_crosswalk
nace,LAB_nace_452590,452590,,,,branche,77_50194,,,2038,0.9362,3290.669,,,none,none,"{""branche"": {""code"": ""77_50194"", ""n"": 2038, ""share"": 0.9362, ""label_da"": """"}, ""db07"": {""code"": ""439990"", ""n"": 1567, ""share"": 0.9981, ""label_da"": """"}}",empirical_industry_crosswalk
nace,LAB_nace_453100,453100,,,,branche,77_50170,,,51342,0.9098,137.389,,,none,none,"{""branche"": {""code"": ""77_50170"", ""n"": 51342, ""share"": 0.9098, ""label_da"": """"}, ""db07"": {""code"": ""432100"", ""n"": 30866, ""share"": 0.9413, ""label_da"": """"}}",empirical_industry_crosswalk
nace,LAB_nace_453200,453200,,,,branche,77_50192,,,4437,0.92,1594.313,,,none,none,"{""branche"": {""code"": ""77_50192"", ""n"": 4437, ""share"": 0.92, ""label_da"": """"}, ""db07"": {""code"": ""432900"", ""n"": 1810, ""share"": 1.0, ""label_da"": """"}}",empirical_industry_crosswalk
nace,LAB_nace_453300,453300,,,,branche,77_50160,,,35550,0.9374,194.606,,,none,none,"{""branche"": {""code"": ""77_50160"", ""n"": 35550, ""share"": 0.9374, ""label_da"": """"}, ""db07"": {""code"": ""432200"", ""n"": 21340, ""share"": 0.9992, ""label_da"": """"}}",empirical_industry_crosswalk
nace,LAB_nace_454100,454100,,,,branche,77_50199,,,78,0.9231,2042.725,,,none,none,"{""branche"": {""code"": ""77_50199"", ""n"": 78, ""share"": 0.9231, ""label_da"": """"}, ""db07"": {""code"": ""433100"", ""n"": 62, ""share"": 1.0, ""label_da"": """"}}",empirical_industry_crosswalk
nace,LAB_nace_454200,454200,,,,branche,77_50140,,,56191,0.9552,121.849,,,none,none,"{""branche"": {""code"": ""77_50140"", ""n"": 56191, ""share"": 0.9552, ""label_da"": """"}, ""db07"": {""code"": ""433200"", ""n"": 39931, ""share"": 0.9973, ""label_da"": """"}}",empirical_industry_crosswalk
nace,LAB_nace_454310,454310,,,,branche,77_50191,,,4787,0.9348,1202.314,,,none,none,"{""branche"": {""code"": ""77_50191"", ""n"": 4787, ""share"": 0.9348, ""label_da"": """"}, ""db07"": {""code"": ""433300"", ""n"": 2701, ""share"": 0.9944, ""label_da"": """"}}",empirical_industry_crosswalk
nace,LAB_nace_454320,454320,,,,branche,77_50191,,,679,0.9617,1236.892,,,none,none,"{""branche"": {""code"": ""77_50191"", ""n"": 679, ""share"": 0.9617, ""label_da"": """"}, ""db07"": {""code"": ""433300"", ""n"": 602, ""share"": 0.9967, ""label_da"": """"}}",empirical_industry_crosswalk
nace,LAB_nace_454410,454410,,,,branche,77_50150,,,23404,0.9709,295.549,,,none,none,"{""branche"": {""code"": ""77_50150"", ""n"": 23404, ""share"": 0.9709, ""label_da"": """"}, ""db07"": {""code"": ""433410"", ""n"": 16094, ""share"": 0.9995, ""label_da"": """"}}",empirical_industry_crosswalk
nace,LAB_nace_454420,454420,,,,branche,77_50180,,,2795,0.9631,2471.859,,,none,none,"{""branche"": {""code"": ""77_50180"", ""n"": 2795, ""share"": 0.9631, ""label_da"": """"}, ""db07"": {""code"": ""433420"", ""n"": 1580, ""share"": 0.9994, ""label_da"": """"}}",empirical_industry_crosswalk
nace,LAB_nace_454500,454500,,,,branche,77_50199,,,2897,0.8961,1983.025,,,none,none,"{""branche"": {""code"": ""77_50199"", ""n"": 2897, ""share"": 0.8961, ""label_da"": """"}, ""db07"": {""code"": ""433900"", ""n"": 2006, ""share"": 0.3285, ""label_da"": """"}}",empirical_industry_crosswalk
nace,LAB_nace_455000,455000,,,,branche,77_50121,,,2597,0.9268,57.874,,,none,none,"{""branche"": {""code"": ""77_50121"", ""n"": 2597, ""share"": 0.9268, ""label_da"": """"}, ""db07"": {""code"": ""439990"", ""n"": 1123, ""share"": 0.9991, ""label_da"": """"}}",empirical_industry_crosswalk
nace,LAB_nace_501010,501010,,,,branche,77_61191,,,9563,0.9316,308.865,,,none,none,"{""branche"": {""code"": ""77_61191"", ""n"": 9563, ""share"": 0.9316, ""label_da"": """"}, ""db07"": {""code"": ""451920"", ""n"": 5104, ""share"": 0.558, ""label_da"": """"}}",empirical_industry_crosswalk
nace,LAB_nace_501020,501020,,,,branche,77_62211,,,41479,0.9521,159.031,,,none,none,"{""branche"": {""code"": ""77_62211"", ""n"": 41479, ""share"": 0.9521, ""label_da"": """"}, ""db07"": {""code"": ""451120"", ""n"": 23844, ""share"": 0.999, ""label_da"": """"}}",empirical_industry_crosswalk
nace,LAB_nace_501030,501030,,,,db07,451910,,,1286,0.9977,1964.627,,,none,none,"{""branche"": {""code"": ""77_62212"", ""n"": 1327, ""share"": 0.942, ""label_da"": """"}, ""db07"": {""code"": ""451910"", ""n"": 1286, ""share"": 0.9977, ""label_da"": """"}}",empirical_industry_crosswalk
nace,LAB_nace_502010,502010,,,,branche,77_95131,,,25610,0.9417,252.676,,,none,none,"{""branche"": {""code"": ""77_95131"", ""n"": 25610, ""share"": 0.9417, ""label_da"": """"}, ""db07"": {""code"": ""452010"", ""n"": 12231, ""share"": 0.9961, ""label_da"": """"}}",empirical_industry_crosswalk
nace,LAB_nace_502020,502020,,,,branche,77_95132,,,2227,0.9264,2190.614,,,none,none,"{""branche"": {""code"": ""77_95132"", ""n"": 2227, ""share"": 0.9264, ""label_da"": """"}, ""db07"": {""code"": ""452020"", ""n"": 731, ""share"": 0.9986, ""label_da"": """"}}",empirical_industry_crosswalk
nace,LAB_nace_502030,502030,,,,branche,77_95134,,,596,0.9748,11434.151,,,none,none,"{""branche"": {""code"": ""77_95134"", ""n"": 596, ""share"": 0.9748, ""label_da"": """"}, ""db07"": {""code"": ""452010"", ""n"": 227, ""share"": 1.0, ""label_da"": """"}}",empirical_industry_crosswalk
nace,LAB_nace_502040,502040,,,,branche,77_95132,,,760,0.9434,2230.963,,,none,none,"{""branche"": {""code"": ""77_95132"", ""n"": 760, ""share"": 0.9434, ""label_da"": """"}, ""db07"": {""code"": ""452030"", ""n"": 480, ""share"": 1.0, ""label_da"": """"}}",empirical_industry_crosswalk
nace,LAB_nace_502050,502050,,,,branche,77_95133,,,4466,0.9586,1581.666,,,none,none,"{""branche"": {""code"": ""77_95133"", ""n"": 4466, ""share"": 0.9586, ""label_da"": """"}, ""db07"": {""code"": ""452020"", ""n"": 2434, ""share"": 0.9996, ""label_da"": """"}}",empirical_industry_crosswalk
nace,LAB_nace_502060,502060,,,,branche,77_61191,,,3914,0.5631,186.691,,,none,none,"{""branche"": {""code"": ""77_61191"", ""n"": 3914, ""share"": 0.5631, ""label_da"": """"}, ""db07"": {""code"": ""452040"", ""n"": 1306, ""share"": 0.9992, ""label_da"": """"}}",empirical_industry_crosswalk
nace,LAB_nace_502090,502090,,,,branche,77_95139,,,1256,0.9482,4903.229,,,none,none,"{""branche"": {""code"": ""77_95139"", ""n"": 1256, ""share"": 0.9482, ""label_da"": """"}, ""db07"": {""code"": ""522120"", ""n"": 1380, ""share"": 0.1862, ""label_da"": """"}}",empirical_industry_crosswalk
nace,LAB_nace_503010,503010,,,,branche,77_61191,,,10986,0.919,304.679,,,none,none,"{""branche"": {""code"": ""77_61191"", ""n"": 10986, ""share"": 0.919, ""label_da"": """"}, ""db07"": {""code"": ""453100"", ""n"": 6144, ""share"": 0.9984, ""label_da"": """"}}",empirical_industry_crosswalk
nace,LAB_nace_503020,503020,,,,db07,453200,,,1557,0.9968,2039.898,,,none,none,"{""branche"": {""code"": ""77_62212"", ""n"": 1506, ""share"": 0.911, ""label_da"": """"}, ""db07"": {""code"": ""453200"", ""n"": 1557, ""share"": 0.9968, ""label_da"": """"}}",empirical_industry_crosswalk
nace,LAB_nace_504000,504000,,,,branche,77_62211,,,935,0.9529,159.168,,,none,none,"{""branche"": {""code"": ""77_62211"", ""n"": 935, ""share"": 0.9529, ""label_da"": """"}, ""db07"": {""code"": ""454000"", ""n"": 896, ""share"": 0.9799, ""label_da"": """"}}",empirical_industry_crosswalk
nace,LAB_nace_505010,505010,,,,branche,77_62213,,,468,0.906,216.735,,,none,none,"{""branche"": {""code"": ""77_62213"", ""n"": 468, ""share"": 0.906, ""label_da"": """"}, ""db07"": {""code"": ""473000"", ""n"": 103, ""share"": 1.0, ""label_da"": """"}}",empirical_industry_crosswalk
nace,LAB_nace_505020,505020,,,,branche,77_62213,,,33240,0.8809,210.734,,,none,none,"{""branche"": {""code"": ""77_62213"", ""n"": 33240, ""share"": 0.8809, ""label_da"": """"}, ""db07"": {""code"": ""473000"", ""n"": 12122, ""share"": 0.9978, ""label_da"": """"}}",empirical_industry_crosswalk
nace,LAB_nace_511100,511100,,,,branche,77_61312,,,1551,0.8717,2961.819,,,none,none,"{""branche"": {""code"": ""77_61312"", ""n"": 1551, ""share"": 0.8717, ""label_da"": """"}, ""db07"": {""code"": ""461100"", ""n"": 306, ""share"": 1.0, ""label_da"": """"}}",empirical_industry_crosswalk
nace,LAB_nace_511200,511200,,,,branche,77_61311,,,406,0.9507,621.35,,,none,none,"{""branche"": {""code"": ""77_61311"", ""n"": 406, ""share"": 0.9507, ""label_da"": """"}, ""db07"": {""code"": ""461200"", ""n"": 169, ""share"": 0.9467, ""label_da"": """"}}",empirical_industry_crosswalk
nace,LAB_nace_511300,511300,,,,branche,77_61311,,,401,0.9451,617.689,,,none,none,"{""branche"": {""code"": ""77_61311"", ""n"": 401, ""share"": 0.9451, ""label_da"": """"}, ""db07"": {""code"": ""461300"", ""n"": 247, ""share"": 0.9757, ""label_da"": """"}}",empirical_industry_crosswalk
nace,LAB_nace_511400,511400,,,,branche,77_61311,,,1259,0.9357,611.498,,,none,none,"{""branche"": {""code"": ""77_61311"", ""n"": 1259, ""share"": 0.9357, ""label_da"": """"}, ""db07"": {""code"": ""461400"", ""n"": 997, ""share"": 0.998, ""label_da"": """"}}",empirical_industry_crosswalk
nace,LAB_nace_511500,511500,,,,branche,77_61311,,,762,0.9475,619.238,,,none,none,"{""branche"": {""code"": ""77_61311"", ""n"": 762, ""share"": 0.9475, ""label_da"": """"}, ""db07"": {""code"": ""461500"", ""n"": 510, ""share"": 0.998, ""label_da"": """"}}",empirical_industry_crosswalk
nace,LAB_nace_511600,511600,,,,db07,461600,,,1491,0.998,2131.448,,,none,none,"{""branche"": {""code"": ""77_61319"", ""n"": 2934, ""share"": 0.4659, ""label_da"": """"}, ""db07"": {""code"": ""461600"", ""n"": 1491, ""share"": 0.998, ""label_da"": """"}}",empirical_industry_crosswalk
nace,LAB_nace_511710,511710,,,,branche,77_61315,,,533,0.9118,13310.35,,,none,none,"{""branche"": {""code"": ""77_61315"", ""n"": 533, ""share"": 0.9118, ""label_da"": """"}, ""db07"": {""code"": ""461710"", ""n"": 176, ""share"": 1.0, ""label_da"": """"}}",empirical_industry_crosswalk
nace,LAB_nace_511790,511790,,,,branche,77_61314,,,2203,0.433,2895.876,,,none,none,"{""branche"": {""code"": ""77_61314"", ""n"": 2203, ""share"": 0.433, ""label_da"": """"}, ""db07"": {""code"": ""461790"", ""n"": 173, ""share"": 1.0, ""label_da"": """"}}",empirical_industry_crosswalk
nace,LAB_nace_511800,511800,,,,branche,77_61311,,,1648,0.9424,615.871,,,none,none,"{""branche"": {""code"": ""77_61311"", ""n"": 1648, ""share"": 0.9424, ""label_da"": """"}, ""db07"": {""code"": ""461800"", ""n"": 1116, ""share"": 0.9991, ""label_da"": """"}}",empirical_industry_crosswalk
nace,LAB_nace_511900,511900,,,,branche,77_61311,,,4501,0.9165,598.95,,,none,none,"{""branche"": {""code"": ""77_61311"", ""n"": 4501, ""share"": 0.9165, ""label_da"": """"}, ""db07"": {""code"": ""461900"", ""n"": 1519, ""share"": 1.0, ""label_da"": """"}}",empirical_industry_crosswalk
nace,LAB_nace_512100,512100,,,,branche,77_61161,,,14916,0.8857,455.602,,,none,none,"{""branche"": {""code"": ""77_61161"", ""n"": 14916, ""share"": 0.8857, ""label_da"": """"}, ""db07"": {""code"": ""462100"", ""n"": 3742, ""share"": 1.0, ""label_da"": """"}}",empirical_industry_crosswalk
nace,LAB_nace_512200,512200,,,,branche,77_61158,,,4939,0.9387,1381.74,,,none,none,"{""branche"": {""code"": ""77_61158"", ""n"": 4939, ""share"": 0.9387, ""label_da"": """"}, ""db07"": {""code"": ""462200"", ""n"": 2129, ""share"": 0.9995, ""label_da"": """"}}",empirical_industry_crosswalk
nace,LAB_nace_512300,512300,,,,branche,77_61163,,,1771,0.8989,3664.875,,,none,none,"{""branche"": {""code"": ""77_61163"", ""n"": 1771, ""share"": 0.8989, ""label_da"": """"}, ""db07"": {""code"": ""462300"", ""n"": 652, ""share"": 0.9985, ""label_da"": """"}}",empirical_industry_crosswalk
nace,LAB_nace_512400,512400,,,,branche,77_61164,,,569,0.9631,12006.084,,,none,none,"{""branche"": {""code"": ""77_61164"", ""n"": 569, ""share"": 0.9631, ""label_da"": """"}, ""db07"": {""code"": ""462400"", ""n"": 136, ""share"": 1.0, ""label_da"": """"}}",empirical_industry_crosswalk
nace,LAB_nace_513100,513100,,,,branche,77_61114,,,6030,0.8929,1156.457,,,none,none,"{""branche"": {""code"": ""77_61114"", ""n"": 6030, ""share"": 0.8929, ""label_da"": """"}, ""db07"": {""code"": ""463100"", ""n"": 2834, ""share"": 0.9866, ""label_da"": """"}}",empirical_industry_crosswalk
nace,LAB_nace_513200,513200,,,,branche,77_61112,,,7213,0.8686,897.614,,,none,none,"{""branche"": {""code"": ""77_61112"", ""n"": 7213, ""share"": 0.8686, ""label_da"": """"}, ""db07"": {""code"": ""463200"", ""n"": 2603, ""share"": 0.9954, ""label_da"": """"}}",empirical_industry_crosswalk
nace,LAB_nace_513300,513300,,,,branche,77_61115,,,3655,0.8372,1937.369,,,none,none,"{""branche"": {""code"": ""77_61115"", ""n"": 3655, ""share"": 0.8372, ""label_da"": """"}, ""db07"": {""code"": ""463300"", ""n"": 874, ""share"": 1.0, ""label_da"": """"}}",empirical_industry_crosswalk
nace,LAB_nace_513410,513410,,,,branche,77_61119,,,4377,0.9543,1604.917,,,none,none,"{""branche"": {""code"": ""77_61119"", ""n"": 4377, ""share"": 0.9543, ""label_da"": """"}, ""db07"": {""code"": ""463410"", ""n"": 1013, ""share"": 0.998, ""label_da"": """"}}",empirical_industry_crosswalk
nace,LAB_nace_513420,513420,,,,branche,77_61121,,,3860,0.9223,1475.04,,,none,none,"{""branche"": {""code"": ""77_61121"", ""n"": 3860, ""share"": 0.9223, ""label_da"": """"}, ""db07"": {""code"": ""463420"", ""n"": 2050, ""share"": 1.0, ""label_da"": """"}}",empirical_industry_crosswalk
nace,LAB_nace_513490,513490,,,,branche,77_61111,,,159,0.9434,368.769,,,none,none,"{""branche"": {""code"": ""77_61111"", ""n"": 159, ""share"": 0.9434, ""label_da"": """"}, ""db07"": {""code"": ""463410"", ""n"": 90, ""share"": 1.0, ""label_da"": """"}}",empirical_industry_crosswalk
nace,LAB_nace_513500,513500,,,,branche,77_61122,,,497,0.9557,14589.504,,,none,none,"{""branche"": {""code"": ""77_61122"", ""n"": 497, ""share"": 0.9557, ""label_da"": """"}, ""db07"": {""code"": ""463500"", ""n"": 230, ""share"": 0.987, ""label_da"": """"}}",empirical_industry_crosswalk
nace,LAB_nace_513600,513600,,,,branche,77_61117,,,2561,0.9496,2764.759,,,none,none,"{""branche"": {""code"": ""77_61117"", ""n"": 2561, ""share"": 0.9496, ""label_da"": """"}, ""db07"": {""code"": ""463600"", ""n"": 1414, ""share"": 1.0, ""label_da"": """"}}",empirical_industry_crosswalk
nace,LAB_nace_513700,513700,,,,branche,77_61116,,,2146,0.9245,2920.951,,,none,none,"{""branche"": {""code"": ""77_61116"", ""n"": 2146, ""share"": 0.9245, ""label_da"": """"}, ""db07"": {""code"": ""463700"", ""n"": 847, ""share"": 0.9988, ""label_da"": """"}}",empirical_industry_crosswalk
nace,LAB_nace_513810,513810,,,,branche,77_61113,,,8079,0.9174,831.754,,,none,none,"{""branche"": {""code"": ""77_61113"", ""n"": 8079, ""share"": 0.9174, ""label_da"": """"}, ""db07"": {""code"": ""463810"", ""n"": 1952, ""share"": 0.9995, ""label_da"": """"}}",empirical_industry_crosswalk
nace,LAB_nace_513820,513820,,,,branche,77_61118,,,1353,0.898,5266.506,,,none,none,"{""branche"": {""code"": ""77_61118"", ""n"": 1353, ""share"": 0.898, ""label_da"": """"}}",empirical_industry_crosswalk
nace,LAB_nace_513830,513830,,,,branche,77_61111,,,1275,0.9333,364.835,,,none,none,"{""branche"": {""code"": ""77_61111"", ""n"": 1275, ""share"": 0.9333, ""label_da"": """"}, ""db07"": {""code"": ""463890"", ""n"": 497, ""share"": 0.996, ""label_da"": """"}}",empirical_industry_crosswalk
nace,LAB_nace_513890,513890,,,,branche,77_61111,,,2563,0.9368,366.188,,,none,none,"{""branche"": {""code"": ""77_61111"", ""n"": 2563, ""share"": 0.9368, ""label_da"": """"}, ""db07"": {""code"": ""463890"", ""n"": 607, ""share"": 0.9951, ""label_da"": """"}}",empirical_industry_crosswalk
nace,LAB_nace_513900,513900,,,,branche,77_61111,,,15062,0.8893,347.633,,,none,none,"{""branche"": {""code"": ""77_61111"", ""n"": 15062, ""share"": 0.8893, ""label_da"": """"}, ""db07"": {""code"": ""463900"", ""n"": 8311, ""share"": 0.9999, ""label_da"": """"}}",empirical_industry_crosswalk
nace,LAB_nace_514100,514100,,,,branche,77_61132,,,3748,0.9232,1380.241,,,none,none,"{""branche"": {""code"": ""77_61132"", ""n"": 3748, ""share"": 0.9232, ""label_da"": """"}, ""db07"": {""code"": ""464100"", ""n"": 1868, ""share"": 0.9711, ""label_da"": """"}}",empirical_industry_crosswalk
nace,LAB_nace_514210,514210,,,,branche,77_61131,,,17495,0.9334,376.674,,,none,none,"{""branche"": {""code"": ""77_61131"", ""n"": 17495, ""share"": 0.9334, ""label_da"": """"}, ""db07"": {""code"": ""464210"", ""n"": 11198, ""share"": 0.9969, ""label_da"": """"}}",empirical_industry_crosswalk
nace,LAB_nace_514220,514220,,,,db07,464220,,,1162,0.9966,2722.152,,,none,none,"{""branche"": {""code"": ""77_61133"", ""n"": 1046, ""share"": 0.9264, ""label_da"": """"}, ""db07"": {""code"": ""464220"", ""n"": 1162, ""share"": 0.9966, ""label_da"": """"}}",empirical_industry_crosswalk
nace,LAB_nace_514310,514310,,,,branche,77_61144,,,2560,0.9656,1473.436,,,none,none,"{""branche"": {""code"": ""77_61144"", ""n"": 2560, ""share"": 0.9656, ""label_da"": """"}, ""db07"": {""code"": ""464310"", ""n"": 1459, ""share"": 0.9918, ""label_da"": """"}}",empirical_industry_crosswalk
nace,LAB_nace_514320,514320,,,,branche,77_61142,,,3993,0.9419,1116.378,,,none,none,"{""branche"": {""code"": ""77_61142"", ""n"": 3993, ""share"": 0.9419, ""label_da"": """"}, ""db07"": {""code"": ""464320"", ""n"": 1336, ""share"": 0.9963, ""label_da"": """"}}",empirical_industry_crosswalk
nace,LAB_nace_514330,514330,,,,branche,77_61142,,,1907,0.8909,1055.966,,,none,none,"{""branche"": {""code"": ""77_61142"", ""n"": 1907, ""share"": 0.8909, ""label_da"": """"}, ""db07"": {""code"": ""464330"", ""n"": 754, ""share"": 0.9138, ""label_da"": """"}}",empirical_industry_crosswalk
nace,LAB_nace_514340,514340,,,,branche,77_61144,,,1974,0.9514,1451.681,,,none,none,"{""branche"": {""code"": ""77_61144"", ""n"": 1974, ""share"": 0.9514, ""label_da"": """"}, ""db07"": {""code"": ""464350"", ""n"": 1155, ""share"": 0.4416, ""label_da"": """"}}",empirical_industry_crosswalk
nace,LAB_nace_514410,514410,,,,branche,77_61143,,,1708,0.9485,513.589,,,none,none,"{""branche"": {""code"": ""77_61143"", ""n"": 1708, ""share"": 0.9485, ""label_da"": """"}, ""db07"": {""code"": ""464410"", ""n"": 517, ""share"": 0.9981, ""label_da"": """"}}",empirical_industry_crosswalk
nace,LAB_nace_514420,514420,,,,branche,77_61151,,,1684,0.9145,881.542,,,none,none,"{""branche"": {""code"": ""77_61151"", ""n"": 1684, ""share"": 0.9145, ""label_da"": """"}, ""db07"": {""code"": ""464420"", ""n"": 927, ""share"": 0.9849, ""label_da"": """"}}",empirical_industry_crosswalk
nace,LAB_nace_514500,514500,,,,branche,77_61151,,,6161,0.8859,853.978,,,none,none,"{""branche"": {""code"": ""77_61151"", ""n"": 6161, ""share"": 0.8859, ""label_da"": """"}, ""db07"": {""code"": ""464500"", ""n"": 2789, ""share"": 1.0, ""label_da"": """"}}",empirical_industry_crosswalk
nace,LAB_nace_514610,514610,,,,branche,77_61152,,,8337,0.9319,862.949,,,none,none,"{""branche"": {""code"": ""77_61152"", ""n"": 8337, ""share"": 0.9319, ""label_da"": """"}, ""db07"": {""code"": ""464610"", ""n"": 6349, ""share"": 0.9942, ""label_da"": """"}}",empirical_industry_crosswalk
nace,LAB_nace_514620,514620,,,,branche,77_61185,,,5420,0.9445,1217.487,,,none,none,"{""branche"": {""code"": ""77_61185"", ""n"": 5420, ""share"": 0.9445, ""label_da"": """"}, ""db07"": {""code"": ""464620"", ""n"": 2964, ""share"": 0.997, ""label_da"": """"}}",empirical_industry_crosswalk
nace,LAB_nace_514705,514705,,,,branche,77_61141,,,4224,0.9179,1046.326,,,none,none,"{""branche"": {""code"": ""77_61141"", ""n"": 4224, ""share"": 0.9179, ""label_da"": """"}, ""db07"": {""code"": ""464700"", ""n"": 2119, ""share"": 0.9986, ""label_da"": """"}}",empirical_industry_crosswalk
nace,LAB_nace_514710,514710,,,,branche,77_61132,,,1138,0.8981,1342.725,,,none,none,"{""branche"": {""code"": ""77_61132"", ""n"": 1138, ""share"": 0.8981, ""label_da"": """"}, ""db07"": {""code"": ""467320"", ""n"": 450, ""share"": 0.7956, ""label_da"": """"}}",empirical_industry_crosswalk
nace,LAB_nace_514715,514715,,,,branche,77_61153,,,793,0.9193,1853.882,,,none,none,"{""branche"": {""code"": ""77_61153"", ""n"": 793, ""share"": 0.9193, ""label_da"": """"}, ""db07"": {""code"": ""464800"", ""n"": 693, ""share"": 0.9986, ""label_da"": """"}}",empirical_industry_crosswalk
nace,LAB_nace_514720,514720,,,,branche,77_61153,,,1570,0.935,1885.62,,,none,none,"{""branche"": {""code"": ""77_61153"", ""n"": 1570, ""share"": 0.935, ""label_da"": """"}, ""db07"": {""code"": ""464800"", ""n"": 616, ""share"": 0.9984, ""label_da"": """"}}",empirical_industry_crosswalk
nace,LAB_nace_514725,514725,,,,branche,77_61153,,,1442,0.88,1774.696,,,none,none,"{""branche"": {""code"": ""77_61153"", ""n"": 1442, ""share"": 0.88, ""label_da"": """"}, ""db07"": {""code"": ""464340"", ""n"": 446, ""share"": 0.9283, ""label_da"": """"}}",empirical_industry_crosswalk
nace,LAB_nace_514730,514730,,,,branche,77_61154,,,1356,0.8311,5220.332,,,none,none,"{""branche"": {""code"": ""77_61154"", ""n"": 1356, ""share"": 0.8311, ""label_da"": """"}, ""db07"": {""code"": ""464910"", ""n"": 313, ""share"": 1.0, ""label_da"": """"}}",empirical_industry_crosswalk
nace,LAB_nace_514735,514735,,,,branche,77_61155,,,2518,0.9297,1238.918,,,none,none,"{""branche"": {""code"": ""77_61155"", ""n"": 2518, ""share"": 0.9297, ""label_da"": """"}, ""db07"": {""code"": ""464910"", ""n"": 1603, ""share"": 0.9807, ""label_da"": """"}}",empirical_industry_crosswalk
nace,LAB_nace_514740,514740,,,,branche,77_61155,,,2704,0.9497,1265.567,,,none,none,"{""branche"": {""code"": ""77_61155"", ""n"": 2704, ""share"": 0.9497, ""label_da"": """"}, ""db07"": {""code"": ""464990"", ""n"": 822, ""share"": 0.9988, ""label_da"": """"}}",empirical_industry_crosswalk
nace,LAB_nace_514745,514745,,,,branche,77_61156,,,9313,0.9115,534.834,,,none,none,"{""branche"": {""code"": ""77_61156"", ""n"": 9313, ""share"": 0.9115, ""label_da"": """"}, ""db07"": {""code"": ""464920"", ""n"": 3104, ""share"": 0.9871, ""label_da"": """"}}",empirical_industry_crosswalk
nace,LAB_nace_514750,514750,,,,branche,77_61157,,,4333,0.9109,1467.413,,,none,none,"{""branche"": {""code"": ""77_61157"", ""n"": 4333, ""share"": 0.9109, ""label_da"": """"}, ""db07"": {""code"": ""464930"", ""n"": 2488, ""share"": 0.9992, ""label_da"": """"}}",empirical_industry_crosswalk
nace,LAB_nace_514790,514790,,,,branche,77_61143,,,2055,0.9319,504.598,,,none,none,"{""branche"": {""code"": ""77_61143"", ""n"": 2055, ""share"": 0.9319, ""label_da"": """"}, ""db07"": {""code"": ""464990"", ""n"": 1440, ""share"": 0.9931, ""label_da"": """"}}",empirical_industry_crosswalk
nace,LAB_nace_515100,515100,,,,branche,77_61192,,,9594,0.8484,632.594,,,none,none,"{""branche"": {""code"": ""77_61192"", ""n"": 9594, ""share"": 0.8484, ""label_da"": """"}, ""db07"": {""code"": ""467100"", ""n"": 2881, ""share"": 0.9958, ""label_da"": """"}}",empirical_industry_crosswalk
nace,LAB_nace_515200,515200,,,,branche,77_61167,,,4072,0.9536,1680.694,,,none,none,"{""branche"": {""code"": ""77_61167"", ""n"": 4072, ""share"": 0.9536, ""label_da"": """"}, ""db07"": {""code"": ""467200"", ""n"": 2116, ""share"": 0.9551, ""label_da"": """"}}",empirical_industry_crosswalk
nace,LAB_nace_515310,515310,,,,branche,77_61168,,,22929,0.9428,212.374,,,none,none,"{""branche"": {""code"": ""77_61168"", ""n"": 22929, ""share"": 0.9428, ""label_da"": """"}, ""db07"": {""code"": ""467310"", ""n"": 16410, ""share"": 0.9614, ""label_da"": """"}}",empirical_industry_crosswalk
nace,LAB_nace_515320,515320,,,,branche,77_61171,,,1994,0.9122,3486.812,,,none,none,"{""branche"": {""code"": ""77_61171"", ""n"": 1994, ""share"": 0.9122, ""label_da"": """"}, ""db07"": {""code"": ""467320"", ""n"": 1280, ""share"": 1.0, ""label_da"": """"}}",empirical_industry_crosswalk
nace,LAB_nace_515400,515400,,,,branche,77_61169,,,22048,0.527,333.027,,,none,none,"{""branche"": {""code"": ""77_61169"", ""n"": 22048, ""share"": 0.527, ""label_da"": """"}, ""db07"": {""code"": ""467400"", ""n"": 10473, ""share"": 0.9808, ""label_da"": """"}}",empirical_industry_crosswalk
nace,LAB_nace_515500,515500,,,,branche,77_61166,,,5655,0.9254,1199.831,,,none,none,"{""branche"": {""code"": ""77_61166"", ""n"": 5655, ""share"": 0.9254, ""label_da"": """"}, ""db07"": {""code"": ""467500"", ""n"": 1683, ""share"": 0.8146, ""label_da"": """"}}",empirical_industry_crosswalk
nace,LAB_nace_515610,515610,,,,branche,77_61179,,,3473,0.9182,934.721,,,none,none,"{""branche"": {""code"": ""77_61179"", ""n"": 3473, ""share"": 0.9182, ""label_da"": """"}, ""db07"": {""code"": ""467600"", ""n"": 1488, ""share"": 0.9993, ""label_da"": """"}}",empirical_industry_crosswalk
nace,LAB_nace_515690,515690,,,,branche,77_61179,,,3916,0.9027,918.923,,,none,none,"{""branche"": {""code"": ""77_61179"", ""n"": 3916, ""share"": 0.9027, ""label_da"": """"}, ""db07"": {""code"": ""467600"", ""n"": 1616, ""share"": 0.9548, ""label_da"": """"}}",empirical_industry_crosswalk
nace,LAB_nace_515700,515700,,,,branche,77_61173,,,7711,0.7328,784.288,,,none,none,"{""branche"": {""code"": ""77_61173"", ""n"": 7711, ""share"": 0.7328, ""label_da"": """"}, ""db07"": {""code"": ""383100"", ""n"": 2377, ""share"": 0.0816, ""label_da"": """"}}",empirical_industry_crosswalk
nace,LAB_nace_516100,516100,,,,branche,77_61183,,,11588,0.9315,597.333,,,none,none,"{""branche"": {""code"": ""77_61183"", ""n"": 11588, ""share"": 0.9315, ""label_da"": """"}}",empirical_industry_crosswalk
nace,LAB_nace_516200,516200,,,,branche,77_61182,,,4378,0.9203,1357.422,,,none,none,"{""branche"": {""code"": ""77_61182"", ""n"": 4378, ""share"": 0.9203, ""label_da"": """"}}",empirical_industry_crosswalk
nace,LAB_nace_516300,516300,,,,branche,77_61182,,,605,0.8463,1248.269,,,none,none,"{""branche"": {""code"": ""77_61182"", ""n"": 605, ""share"": 0.8463, ""label_da"": """"}}",empirical_industry_crosswalk
nace,LAB_nace_516410,516410,,,,branche,77_61184,,,42939,0.9432,126.915,,,none,none,"{""branche"": {""code"": ""77_61184"", ""n"": 42939, ""share"": 0.9432, ""label_da"": """"}}",empirical_industry_crosswalk
nace,LAB_nace_516420,516420,,,,branche,77_61141,,,5685,0.3333,379.991,,,none,none,"{""branche"": {""code"": ""77_61141"", ""n"": 5685, ""share"": 0.3333, ""label_da"": """"}}",empirical_industry_crosswalk
nace,LAB_nace_516510,516510,,,,branche,77_61172,,,8470,0.9397,345.879,,,none,none,"{""branche"": {""code"": ""77_61172"", ""n"": 8470, ""share"": 0.9397, ""label_da"": """"}}",empirical_industry_crosswalk
nace,LAB_nace_516520,516520,,,,branche,77_61172,,,10811,0.9269,341.188,,,none,none,"{""branche"": {""code"": ""77_61172"", ""n"": 10811, ""share"": 0.9269, ""label_da"": """"}}",empirical_industry_crosswalk
nace,LAB_nace_516590,516590,,,,branche,77_61189,,,31123,0.9046,215.569,,,none,none,"{""branche"": {""code"": ""77_61189"", ""n"": 31123, ""share"": 0.9046, ""label_da"": """"}}",empirical_industry_crosswalk
nace,LAB_nace_516600,516600,,,,branche,77_61181,,,11605,0.9384,608.459,,,none,none,"{""branche"": {""code"": ""77_61181"", ""n"": 11605, ""share"": 0.9384, ""label_da"": """"}}",empirical_industry_crosswalk
nace,LAB_nace_517000,517000,,,,branche,77_61299,,,21364,0.816,302.36,,,none,none,"{""branche"": {""code"": ""77_61299"", ""n"": 21364, ""share"": 0.816, ""label_da"": """"}}",empirical_industry_crosswalk
nace,LAB_nace_518100,518100,,,,db07,466200,,,4535,0.9996,699.09,,,none,none,"{""db07"": {""code"": ""466200"", ""n"": 4535, ""share"": 0.9996, ""label_da"": """"}}",empirical_industry_crosswalk
nace,LAB_nace_518200,518200,,,,db07,466300,,,2459,0.9996,1275.448,,,none,none,"{""db07"": {""code"": ""466300"", ""n"": 2459, ""share"": 0.9996, ""label_da"": """"}}",empirical_industry_crosswalk
nace,LAB_nace_518300,518300,,,,db07,466400,,,134,0.9701,23566.932,,,none,none,"{""db07"": {""code"": ""466400"", ""n"": 134, ""share"": 0.9701, ""label_da"": """"}}",empirical_industry_crosswalk
nace,LAB_nace_518410,518410,,,,db07,465100,,,12265,0.9252,258.82,,,none,none,"{""db07"": {""code"": ""465100"", ""n"": 12265, ""share"": 0.9252, ""label_da"": """"}}",empirical_industry_crosswalk
nace,LAB_nace_518420,518420,,,,db07,465220,,,1295,0.9992,1966.483,,,none,none,"{""db07"": {""code"": ""465220"", ""n"": 1295, ""share"": 0.9992, ""label_da"": """"}}",empirical_industry_crosswalk
nace,LAB_nace_518500,518500,,,,db07,466600,,,3522,0.7175,903.181,,,none,none,"{""db07"": {""code"": ""466600"", ""n"": 3522, ""share"": 0.7175, ""label_da"": """"}}",empirical_industry_crosswalk
nace,LAB_nace_518600,518600,,,,db07,465210,,,4371,0.8689,654.925,,,none,none,"{""db07"": {""code"": ""465210"", ""n"": 4371, ""share"": 0.8689, ""label_da"": """"}}",empirical_industry_crosswalk
nace,LAB_nace_518710,518710,,,,db07,466900,,,2978,0.9987,177.442,,,none,none,"{""db07"": {""code"": ""466900"", ""n"": 2978, ""share"": 0.9987, ""label_da"": """"}}",empirical_industry_crosswalk
nace,LAB_nace_518790,518790,,,,db07,466900,,,14612,0.9926,176.367,,,none,none,"{""db07"": {""code"": ""466900"", ""n"": 14612, ""share"": 0.9926, ""label_da"": """"}}",empirical_industry_crosswalk
nace,LAB_nace_518800,518800,,,,db07,466100,,,6152,0.9997,516.181,,,none,none,"{""db07"": {""code"": ""466100"", ""n"": 6152, ""share"": 0.9997, ""label_da"": """"}}",empirical_industry_crosswalk
nace,LAB_nace_519000,519000,,,,db07,469000,,,9800,0.9972,317.318,,,none,none,"{""db07"": {""code"": ""469000"", ""n"": 9800, ""share"": 0.9972, ""label_da"": """"}}",empirical_industry_crosswalk
nace,LAB_nace_521110,521110,,,,branche,77_62111,,,64387,0.7471,88.962,,,none,none,"{""branche"": {""code"": ""77_62111"", ""n"": 64387, ""share"": 0.7471, ""label_da"": """"}, ""db07"": {""code"": ""471110"", ""n"": 9580, ""share"": 0.9951, ""label_da"": """"}}",empirical_industry_crosswalk
nace,LAB_nace_521120,521120,,,,branche,77_62111,,,10360,0.9371,111.576,,,none,none,"{""branche"": {""code"": ""77_62111"", ""n"": 10360, ""share"": 0.9371, ""label_da"": """"}, ""db07"": {""code"": ""471110"", ""n"": 5345, ""share"": 0.9927, ""label_da"": """"}}",empirical_industry_crosswalk
nace,LAB_nace_521130,521130,,,,branche,77_62113,,,66518,0.9303,79.528,,,none,none,"{""branche"": {""code"": ""77_62113"", ""n"": 66518, ""share"": 0.9303, ""label_da"": """"}, ""db07"": {""code"": ""471120"", ""n"": 26668, ""share"": 0.9914, ""label_da"": """"}}",empirical_industry_crosswalk
nace,LAB_nace_521140,521140,,,,db07,471130,,,16770,0.9965,189.759,,,none,none,"{""db07"": {""code"": ""471130"", ""n"": 16770, ""share"": 0.9965, ""label_da"": """"}}",empirical_industry_crosswalk
nace,LAB_nace_521210,521210,,,,branche,77_62114,,,76981,0.6448,81.538,,,none,none,"{""branche"": {""code"": ""77_62114"", ""n"": 76981, ""share"": 0.6448, ""label_da"": """"}, ""db07"": {""code"": ""471900"", ""n"": 35361, ""share"": 0.9992, ""label_da"": """"}}",empirical_industry_crosswalk
nace,LAB_nace_521220,521220,,,,branche,77_62140,,,15983,0.8002,453.128,,,none,none,"{""branche"": {""code"": ""77_62140"", ""n"": 15983, ""share"": 0.8002, ""label_da"": """"}, ""db07"": {""code"": ""471900"", ""n"": 2095, ""share"": 0.9885, ""label_da"": """"}}",empirical_industry_crosswalk
nace,LAB_nace_522100,522100,,,,branche,77_62125,,,5056,0.9464,1203.084,,,none,none,"{""branche"": {""code"": ""77_62125"", ""n"": 5056, ""share"": 0.9464, ""label_da"": """"}, ""db07"": {""code"": ""472100"", ""n"": 1474, ""share"": 0.9905, ""label_da"": """"}}",empirical_industry_crosswalk
nace,LAB_nace_522200,522200,,,,branche,77_62121,,,10289,0.9685,677.143,,,none,none,"{""branche"": {""code"": ""77_62121"", ""n"": 10289, ""share"": 0.9685, ""label_da"": """"}, ""db07"": {""code"": ""472200"", ""n"": 4033, ""share"": 0.9943, ""label_da"": """"}}",empirical_industry_crosswalk
nace,LAB_nace_522300,522300,,,,branche,77_62122,,,2270,0.9445,2995.686,,,none,none,"{""branche"": {""code"": ""77_62122"", ""n"": 2270, ""share"": 0.9445, ""label_da"": """"}, ""db07"": {""code"": ""472300"", ""n"": 1016, ""share"": 1.0, ""label_da"": """"}}",empirical_industry_crosswalk
nace,LAB_nace_522400,522400,,,,branche,77_62123,,,2001,0.5482,1912.299,,,none,none,"{""branche"": {""code"": ""77_62123"", ""n"": 2001, ""share"": 0.5482, ""label_da"": """"}}",empirical_industry_crosswalk
nace,LAB_nace_522410,522410,,,,db07,472400,,,1120,1.0,938.72,,,none,none,"{""branche"": {""code"": ""77_62123"", ""n"": 885, ""share"": 0.9751, ""label_da"": """"}, ""db07"": {""code"": ""472400"", ""n"": 1120, ""share"": 1.0, ""label_da"": """"}}",empirical_industry_crosswalk
nace,LAB_nace_522420,522420,,,,db07,472400,,,2259,0.9925,931.656,,,none,none,"{""branche"": {""code"": ""77_62128"", ""n"": 2206, ""share"": 0.9597, ""label_da"": """"}, ""db07"": {""code"": ""472400"", ""n"": 2259, ""share"": 0.9925, ""label_da"": """"}}",empirical_industry_crosswalk
nace,LAB_nace_522500,522500,,,,branche,77_62126,,,1538,0.8459,440.661,,,none,none,"{""branche"": {""code"": ""77_62126"", ""n"": 1538, ""share"": 0.8459, ""label_da"": """"}, ""db07"": {""code"": ""472500"", ""n"": 1211, ""share"": 0.9975, ""label_da"": """"}}",empirical_industry_crosswalk
nace,LAB_nace_522600,522600,,,,branche,77_62126,,,15057,0.7838,408.285,,,none,none,"{""branche"": {""code"": ""77_62126"", ""n"": 15057, ""share"": 0.7838, ""label_da"": """"}, ""db07"": {""code"": ""472600"", ""n"": 931, ""share"": 0.9968, ""label_da"": """"}}",empirical_industry_crosswalk
nace,LAB_nace_522710,522710,,,,branche,77_62124,,,926,0.9568,7257.646,,,none,none,"{""branche"": {""code"": ""77_62124"", ""n"": 926, ""share"": 0.9568, ""label_da"": """"}, ""db07"": {""code"": ""472900"", ""n"": 312, ""share"": 1.0, ""label_da"": """"}}",empirical_industry_crosswalk
nace,LAB_nace_522720,522720,,,,branche,77_62128,,,4888,0.9024,932.589,,,none,none,"{""branche"": {""code"": ""77_62128"", ""n"": 4888, ""share"": 0.9024, ""label_da"": """"}}",empirical_industry_crosswalk
nace,LAB_nace_522730,522730,,,,branche,77_62111,,,848,0.9469,112.751,,,none,none,"{""branche"": {""code"": ""77_62111"", ""n"": 848, ""share"": 0.9469, ""label_da"": """"}, ""db07"": {""code"": ""472900"", ""n"": 616, ""share"": 0.9789, ""label_da"": """"}}",empirical_industry_crosswalk
nace,LAB_nace_522790,522790,,,,db07,472900,,,710,0.9423,1864.737,,,none,none,"{""branche"": {""code"": ""77_62127"", ""n"": 554, ""share"": 0.9531, ""label_da"": """"}, ""db07"": {""code"": ""472900"", ""n"": 710, ""share"": 0.9423, ""label_da"": """"}}",empirical_industry_crosswalk
nace,LAB_nace_523100,523100,,,,branche,77_62134,,,9874,0.9332,713.579,,,none,none,"{""branche"": {""code"": ""77_62134"", ""n"": 9874, ""share"": 0.9332, ""label_da"": """"}, ""db07"": {""code"": ""477300"", ""n"": 649, ""share"": 0.7196, ""label_da"": """"}}",empirical_industry_crosswalk
nace,LAB_nace_523200,523200,,,,db07,477400,,,245,0.9918,12988.82,,,none,none,"{""branche"": {""code"": ""77_62132"", ""n"": 222, ""share"": 0.8919, ""label_da"": """"}, ""db07"": {""code"": ""477400"", ""n"": 245, ""share"": 0.9918, ""label_da"": """"}}",empirical_industry_crosswalk
nace,LAB_nace_523310,523310,,,,branche,77_62132,,,1593,0.9196,3167.255,,,none,none,"{""branche"": {""code"": ""77_62132"", ""n"": 1593, ""share"": 0.9196, ""label_da"": """"}, ""db07"": {""code"": ""477500"", ""n"": 629, ""share"": 0.9952, ""label_da"": """"}}",empirical_industry_crosswalk
nace,LAB_nace_523320,523320,,,,branche,77_62133,,,4194,0.9649,1587.902,,,none,none,"{""branche"": {""code"": ""77_62133"", ""n"": 4194, ""share"": 0.9649, ""label_da"": """"}, ""db07"": {""code"": ""477500"", ""n"": 3597, ""share"": 0.9972, ""label_da"": """"}}",empirical_industry_crosswalk
nace,LAB_nace_524100,524100,,,,branche,77_62151,,,5462,0.9074,1176.264,,,none,none,"{""branche"": {""code"": ""77_62151"", ""n"": 5462, ""share"": 0.9074, ""label_da"": """"}, ""db07"": {""code"": ""475100"", ""n"": 1326, ""share"": 0.9925, ""label_da"": """"}}",empirical_industry_crosswalk
nace,LAB_nace_524210,524210,,,,branche,77_62155,,,19563,0.8968,347.851,,,none,none,"{""branche"": {""code"": ""77_62155"", ""n"": 19563, ""share"": 0.8968, ""label_da"": """"}, ""db07"": {""code"": ""477110"", ""n"": 12377, ""share"": 0.9931, ""label_da"": """"}}",empirical_industry_crosswalk
nace,LAB_nace_524220,524220,,,,branche,77_62154,,,8646,0.9492,786.921,,,none,none,"{""branche"": {""code"": ""77_62154"", ""n"": 8646, ""share"": 0.9492, ""label_da"": """"}, ""db07"": {""code"": ""477110"", ""n"": 4687, ""share"": 0.9998, ""label_da"": """"}}",empirical_industry_crosswalk
nace,LAB_nace_524230,524230,,,,branche,77_62156,,,12668,0.8683,534.074,,,none,none,"{""branche"": {""code"": ""77_62156"", ""n"": 12668, ""share"": 0.8683, ""label_da"": """"}, ""db07"": {""code"": ""477110"", ""n"": 7900, ""share"": 0.9972, ""label_da"": """"}}",empirical_industry_crosswalk
nace,LAB_nace_524240,524240,,,,db07,477120,,,2404,0.9958,1314.948,,,none,none,"{""branche"": {""code"": ""77_62153"", ""n"": 2396, ""share"": 0.9512, ""label_da"": """"}, ""db07"": {""code"": ""477120"", ""n"": 2404, ""share"": 0.9958, ""label_da"": """"}}",empirical_industry_crosswalk
nace,LAB_nace_524310,524310,,,,branche,77_62157,,,8155,0.9468,867.026,,,none,none,"{""branche"": {""code"": ""77_62157"", ""n"": 8155, ""share"": 0.9468, ""label_da"": """"}, ""db07"": {""code"": ""477210"", ""n"": 4435, ""share"": 0.9989, ""label_da"": """"}}",empirical_industry_crosswalk
nace,LAB_nace_524320,524320,,,,branche,77_62158,,,1880,0.9521,3697.022,,,none,none,"{""branche"": {""code"": ""77_62158"", ""n"": 1880, ""share"": 0.9521, ""label_da"": """"}, ""db07"": {""code"": ""477220"", ""n"": 828, ""share"": 0.9928, ""label_da"": """"}}",empirical_industry_crosswalk
nace,LAB_nace_524410,524410,,,,branche,77_62161,,,11524,0.9504,606.213,,,none,none,"{""branche"": {""code"": ""77_62161"", ""n"": 11524, ""share"": 0.9504, ""label_da"": """"}, ""db07"": {""code"": ""475910"", ""n"": 6918, ""share"": 0.9965, ""label_da"": """"}}",empirical_industry_crosswalk
nace,LAB_nace_524420,524420,,,,branche,77_62162,,,3073,0.9219,2273.043,,,none,none,"{""branche"": {""code"": ""77_62162"", ""n"": 3073, ""share"": 0.9219, ""label_da"": """"}}",empirical_industry_crosswalk
nace,LAB_nace_524430,524430,,,,branche,77_62152,,,5295,0.9626,1344.495,,,none,none,"{""branche"": {""code"": ""77_62152"", ""n"": 5295, ""share"": 0.9626, ""label_da"": """"}, ""db07"": {""code"": ""475920"", ""n"": 3200, ""share"": 0.7725, ""label_da"": """"}}",empirical_industry_crosswalk
nace,LAB_nace_524440,524440,,,,branche,77_62171,,,3517,0.9178,710.139,,,none,none,"{""branche"": {""code"": ""77_62171"", ""n"": 3517, ""share"": 0.9178, ""label_da"": """"}, ""db07"": {""code"": ""475930"", ""n"": 2658, ""share"": 0.9985, ""label_da"": """"}}",empirical_industry_crosswalk
nace,LAB_nace_524450,524450,,,,branche,77_62179,,,352,0.8324,1968.393,,,none,none,"{""branche"": {""code"": ""77_62179"", ""n"": 352, ""share"": 0.8324, ""label_da"": """"}, ""db07"": {""code"": ""475990"", ""n"": 176, ""share"": 1.0, ""label_da"": """"}}",empirical_industry_crosswalk
nace,LAB_nace_524510,524510,,,,branche,77_62172,,,5650,0.5165,1299.571,,,none,none,"{""branche"": {""code"": ""77_62172"", ""n"": 5650, ""share"": 0.5165, ""label_da"": """"}, ""db07"": {""code"": ""475400"", ""n"": 2760, ""share"": 0.9913, ""label_da"": """"}}",empirical_industry_crosswalk
nace,LAB_nace_524520,524520,,,,branche,77_62176,,,10488,0.9482,455.865,,,none,none,"{""branche"": {""code"": ""77_62176"", ""n"": 10488, ""share"": 0.9482, ""label_da"": """"}, ""db07"": {""code"": ""474300"", ""n"": 3589, ""share"": 0.9994, ""label_da"": """"}}",empirical_industry_crosswalk
nace,LAB_nace_524530,524530,,,,branche,77_62176,,,1241,0.9355,449.764,,,none,none,"{""branche"": {""code"": ""77_62176"", ""n"": 1241, ""share"": 0.9355, ""label_da"": """"}, ""db07"": {""code"": ""476300"", ""n"": 629, ""share"": 1.0, ""label_da"": """"}}",empirical_industry_crosswalk
nace,LAB_nace_524540,524540,,,,branche,77_62177,,,947,0.9007,6390.092,,,none,none,"{""branche"": {""code"": ""77_62177"", ""n"": 947, ""share"": 0.9007, ""label_da"": """"}, ""db07"": {""code"": ""475940"", ""n"": 447, ""share"": 0.9978, ""label_da"": """"}}",empirical_industry_crosswalk
nace,LAB_nace_524610,524610,,,,branche,77_62171,,,6175,0.9375,725.352,,,none,none,"{""branche"": {""code"": ""77_62171"", ""n"": 6175, ""share"": 0.9375, ""label_da"": """"}, ""db07"": {""code"": ""475220"", ""n"": 2794, ""share"": 0.9928, ""label_da"": """"}}",empirical_industry_crosswalk
nace,LAB_nace_524620,524620,,,,branche,77_61168,,,10642,0.9629,216.892,,,none,none,"{""branche"": {""code"": ""77_61168"", ""n"": 10642, ""share"": 0.9629, ""label_da"": """"}, ""db07"": {""code"": ""475220"", ""n"": 7578, ""share"": 0.9999, ""label_da"": """"}}",empirical_industry_crosswalk
nace,LAB_nace_524630,524630,,,,branche,77_62131,,,4194,0.8369,1609.501,,,none,none,"{""branche"": {""code"": ""77_62131"", ""n"": 4194, ""share"": 0.8369, ""label_da"": """"}, ""db07"": {""code"": ""475210"", ""n"": 1557, ""share"": 0.9981, ""label_da"": """"}}",empirical_industry_crosswalk
nace,LAB_nace_524700,524700,,,,branche,77_62191,,,7994,0.9397,851.729,,,none,none,"{""branche"": {""code"": ""77_62191"", ""n"": 7994, ""share"": 0.9397, ""label_da"": """"}, ""db07"": {""code"": ""476200"", ""n"": 3573, ""share"": 0.0439, ""label_da"": """"}}",empirical_industry_crosswalk
nace,LAB_nace_524801,524801,,,,db07,475300,,,1308,0.9924,1561.014,,,none,none,"{""db07"": {""code"": ""475300"", ""n"": 1308, ""share"": 0.9924, ""label_da"": """"}}",empirical_industry_crosswalk
nace,LAB_nace_524805,524805,,,,branche,77_62181,,,1116,0.9597,6213.848,,,none,none,"{""branche"": {""code"": ""77_62181"", ""n"": 1116, ""share"": 0.9597, ""label_da"": """"}, ""db07"": {""code"": ""477700"", ""n"": 394, ""share"": 0.9898, ""label_da"": """"}}",empirical_industry_crosswalk
nace,LAB_nace_524810,524810,,,,branche,77_62182,,,2307,0.935,3070.288,,,none,none,"{""branche"": {""code"": ""77_62182"", ""n"": 2307, ""share"": 0.935, ""label_da"": """"}, ""db07"": {""code"": ""477700"", ""n"": 1230, ""share"": 0.9992, ""label_da"": """"}}",empirical_industry_crosswalk
nace,LAB_nace_524815,524815,,,,branche,77_62183,,,2674,0.9237,2449.407,,,none,none,"{""branche"": {""code"": ""77_62183"", ""n"": 2674, ""share"": 0.9237, ""label_da"": """"}, ""db07"": {""code"": ""477700"", ""n"": 1981, ""share"": 0.9955, ""label_da"": """"}}",empirical_industry_crosswalk
nace,LAB_nace_524820,524820,,,,branche,77_62184,,,4574,0.9604,1559.146,,,none,none,"{""branche"": {""code"": ""77_62184"", ""n"": 4574, ""share"": 0.9604, ""label_da"": """"}, ""db07"": {""code"": ""477810"", ""n"": 3481, ""share"": 0.9937, ""label_da"": """"}}",empirical_industry_crosswalk
nace,LAB_nace_524825,524825,,,,branche,77_62185,,,3885,0.9516,1753.83,,,none,none,"{""branche"": {""code"": ""77_62185"", ""n"": 3885, ""share"": 0.9516, ""label_da"": """"}, ""db07"": {""code"": ""477820"", ""n"": 989, ""share"": 0.9909, ""label_da"": """"}}",empirical_industry_crosswalk
nace,LAB_nace_524830,524830,,,,branche,77_62164,,,6502,0.9448,939.486,,,none,none,"{""branche"": {""code"": ""77_62164"", ""n"": 6502, ""share"": 0.9448, ""label_da"": """"}, ""db07"": {""code"": ""477830"", ""n"": 3787, ""share"": 0.9942, ""label_da"": """"}}",empirical_industry_crosswalk
nace,LAB_nace_524835,524835,,,,branche,77_62163,,,1375,0.9476,2237.328,,,none,none,"{""branche"": {""code"": ""77_62163"", ""n"": 1375, ""share"": 0.9476, ""label_da"": """"}, ""db07"": {""code"": ""477840"", ""n"": 729, ""share"": 0.9918, ""label_da"": """"}}",empirical_industry_crosswalk
nace,LAB_nace_524840,524840,,,,branche,77_62195,,,359,0.9331,13304.284,,,none,none,"{""branche"": {""code"": ""77_62195"", ""n"": 359, ""share"": 0.9331, ""label_da"": """"}, ""db07"": {""code"": ""477890"", ""n"": 139, ""share"": 0.9928, ""label_da"": """"}}",empirical_industry_crosswalk
nace,LAB_nace_524845,524845,,,,branche,77_62173,,,6792,0.9177,975.146,,,none,none,"{""branche"": {""code"": ""77_62173"", ""n"": 6792, ""share"": 0.9177, ""label_da"": """"}, ""db07"": {""code"": ""476410"", ""n"": 4712, ""share"": 0.9968, ""label_da"": """"}}",empirical_industry_crosswalk
nace,LAB_nace_524850,524850,,,,branche,77_62291,,,4728,0.9528,1431.606,,,none,none,"{""branche"": {""code"": ""77_62291"", ""n"": 4728, ""share"": 0.9528, ""label_da"": """"}, ""db07"": {""code"": ""476500"", ""n"": 3377, ""share"": 0.9843, ""label_da"": """"}}",empirical_industry_crosswalk
nace,LAB_nace_524855,524855,,,,branche,77_62212,,,651,0.9201,1851.486,,,none,none,"{""branche"": {""code"": ""77_62212"", ""n"": 651, ""share"": 0.9201, ""label_da"": """"}, ""db07"": {""code"": ""476430"", ""n"": 419, ""share"": 0.9857, ""label_da"": """"}}",empirical_industry_crosswalk
nace,LAB_nace_524860,524860,,,,branche,77_62174,,,3779,0.9402,1773.3,,,none,none,"{""branche"": {""code"": ""77_62174"", ""n"": 3779, ""share"": 0.9402, ""label_da"": """"}, ""db07"": {""code"": ""476420"", ""n"": 1866, ""share"": 0.9989, ""label_da"": """"}}",empirical_industry_crosswalk
nace,LAB_nace_524865,524865,,,,branche,77_61184,,,8078,0.8762,117.901,,,none,none,"{""branche"": {""code"": ""77_61184"", ""n"": 8078, ""share"": 0.8762, ""label_da"": """"}}",empirical_industry_crosswalk
nace,LAB_nace_524866,524866,,,,db07,474100,,,2225,0.9969,1421.896,,,none,none,"{""db07"": {""code"": ""474100"", ""n"": 2225, ""share"": 0.9969, ""label_da"": """"}}",empirical_industry_crosswalk
nace,LAB_nace_524867,524867,,,,db07,477890,,,32,1.0,747.712,,,none,none,"{""db07"": {""code"": ""477890"", ""n"": 32, ""share"": 1.0, ""label_da"": """"}}",empirical_industry_crosswalk
nace,LAB_nace_524870,524870,,,,branche,77_61184,,,3340,0.9156,123.197,,,none,none,"{""branche"": {""code"": ""77_61184"", ""n"": 3340, ""share"": 0.9156, ""label_da"": """"}, ""db07"": {""code"": ""474200"", ""n"": 2142, ""share"": 1.0, ""label_da"": """"}}",empirical_industry_crosswalk
nace,LAB_nace_524875,524875,,,,branche,77_62292,,,6911,0.9593,937.703,,,none,none,"{""branche"": {""code"": ""77_62292"", ""n"": 6911, ""share"": 0.9593, ""label_da"": """"}, ""db07"": {""code"": ""477610"", ""n"": 3893, ""share"": 0.9992, ""label_da"": """"}}",empirical_industry_crosswalk
nace,LAB_nace_524880,524880,,,,db07,477620,,,1179,1.0,2678.671,,,none,none,"{""branche"": {""code"": ""77_11102"", ""n"": 706, ""share"": 0.9504, ""label_da"": """"}, ""db07"": {""code"": ""477620"", ""n"": 1179, ""share"": 1.0, ""label_da"": """"}}",empirical_industry_crosswalk
nace,LAB_nace_524885,524885,,,,branche,77_62293,,,1169,0.9444,5241.349,,,none,none,"{""branche"": {""code"": ""77_62293"", ""n"": 1169, ""share"": 0.9444, ""label_da"": """"}, ""db07"": {""code"": ""477630"", ""n"": 1088, ""share"": 0.9972, ""label_da"": """"}}",empirical_industry_crosswalk
nace,LAB_nace_524890,524890,,,,branche,77_62221,,,660,0.9545,8454.55,,,none,none,"{""branche"": {""code"": ""77_62221"", ""n"": 660, ""share"": 0.9545, ""label_da"": """"}, ""db07"": {""code"": ""477890"", ""n"": 225, ""share"": 1.0, ""label_da"": """"}}",empirical_industry_crosswalk
nace,LAB_nace_524895,524895,,,,db07,477890,,,77,1.0,747.712,,,none,none,"{""branche"": {""code"": ""77_62299"", ""n"": 65, ""share"": 0.9231, ""label_da"": """"}, ""db07"": {""code"": ""477890"", ""n"": 77, ""share"": 1.0, ""label_da"": """"}}",empirical_industry_crosswalk
nace,LAB_nace_524899,524899,,,,branche,77_62299,,,4904,0.9231,442.637,,,none,none,"{""branche"": {""code"": ""77_62299"", ""n"": 4904, ""share"": 0.9231, ""label_da"": """"}, ""db07"": {""code"": ""477890"", ""n"": 3883, ""share"": 0.9681, ""label_da"": """"}}",empirical_industry_crosswalk
nace,LAB_nace_525010,525010,,,,branche,77_62192,,,428,0.8949,14601.278,,,none,none,"{""branche"": {""code"": ""77_62192"", ""n"": 428, ""share"": 0.8949, ""label_da"": """"}, ""db07"": {""code"": ""477900"", ""n"": 180, ""share"": 0.9889, ""label_da"": """"}}",empirical_industry_crosswalk
nace,LAB_nace_525020,525020,,,,branche,77_62163,,,1160,0.9638,2275.474,,,none,none,"{""branche"": {""code"": ""77_62163"", ""n"": 1160, ""share"": 0.9638, ""label_da"": """"}, ""db07"": {""code"": ""477900"", ""n"": 574, ""share"": 0.993, ""label_da"": """"}}",empirical_industry_crosswalk
nace,LAB_nace_525090,525090,,,,db07,477900,,,572,0.993,2370.598,,,none,none,"{""branche"": {""code"": ""77_62159"", ""n"": 1262, ""share"": 0.3415, ""label_da"": """"}, ""db07"": {""code"": ""477900"", ""n"": 572, ""share"": 0.993, ""label_da"": """"}}",empirical_industry_crosswalk
nace,LAB_nace_526100,526100,,,,branche,77_62299,,,2446,0.9411,451.271,,,none,none,"{""branche"": {""code"": ""77_62299"", ""n"": 2446, ""share"": 0.9411, ""label_da"": """"}, ""db07"": {""code"": ""479120"", ""n"": 1797, ""share"": 0.0223, ""label_da"": """"}}",empirical_industry_crosswalk
nace,LAB_nace_526210,526210,,,,branche,77_62125,,,308,0.9643,1225.821,,,none,none,"{""branche"": {""code"": ""77_62125"", ""n"": 308, ""share"": 0.9643, ""label_da"": """"}, ""db07"": {""code"": ""478100"", ""n"": 135, ""share"": 0.963, ""label_da"": """"}}",empirical_industry_crosswalk
nace,LAB_nace_526290,526290,,,,branche,77_62299,,,271,0.9889,474.191,,,none,none,"{""branche"": {""code"": ""77_62299"", ""n"": 271, ""share"": 0.9889, ""label_da"": """"}, ""db07"": {""code"": ""478900"", ""n"": 230, ""share"": 0.8435, ""label_da"": """"}}",empirical_industry_crosswalk
nace,LAB_nace_526300,526300,,,,branche,77_62299,,,1703,0.956,458.382,,,none,none,"{""branche"": {""code"": ""77_62299"", ""n"": 1703, ""share"": 0.956, ""label_da"": """"}, ""db07"": {""code"": ""479900"", ""n"": 1166, ""share"": 0.9477, ""label_da"": """"}}",empirical_industry_crosswalk
nace,LAB_nace_527100,527100,,,,branche,77_95110,,,692,0.9581,9220.008,,,none,none,"{""branche"": {""code"": ""77_95110"", ""n"": 692, ""share"": 0.9581, ""label_da"": """"}, ""db07"": {""code"": ""952300"", ""n"": 259, ""share"": 0.9961, ""label_da"": """"}}",empirical_industry_crosswalk
nace,LAB_nace_527210,527210,,,,branche,77_95122,,,1410,0.9539,4466.893,,,none,none,"{""branche"": {""code"": ""77_95122"", ""n"": 1410, ""share"": 0.9539, ""label_da"": """"}, ""db07"": {""code"": ""952200"", ""n"": 640, ""share"": 1.0, ""label_da"": """"}}",empirical_industry_crosswalk
nace,LAB_nace_527220,527220,,,,branche,77_95121,,,2335,0.8081,2688.63,,,none,none,"{""branche"": {""code"": ""77_95121"", ""n"": 2335, ""share"": 0.8081, ""label_da"": """"}, ""db07"": {""code"": ""952100"", ""n"": 664, ""share"": 0.9985, ""label_da"": """"}}",empirical_industry_crosswalk
nace,LAB_nace_527300,527300,,,,branche,77_95140,,,166,0.9699,29796.708,,,none,none,"{""branche"": {""code"": ""77_95140"", ""n"": 166, ""share"": 0.9699, ""label_da"": """"}, ""db07"": {""code"": ""952500"", ""n"": 59, ""share"": 1.0, ""label_da"": """"}}",empirical_industry_crosswalk
nace,LAB_nace_527410,527410,,,,branche,77_95150,,,634,0.9811,9259.124,,,none,none,"{""branche"": {""code"": ""77_95150"", ""n"": 634, ""share"": 0.9811, ""label_da"": """"}, ""db07"": {""code"": ""952900"", ""n"": 329, ""share"": 0.9939, ""label_da"": """"}}",empirical_industry_crosswalk
nace,LAB_nace_527420,527420,,,,branche,77_95190,,,866,0.9573,2437.192,,,none,none,"{""branche"": {""code"": ""77_95190"", ""n"": 866, ""share"": 0.9573, ""label_da"": """"}, ""db07"": {""code"": ""952900"", ""n"": 708, ""share"": 0.9986, ""label_da"": """"}}",empirical_industry_crosswalk
nace,LAB_nace_527490,527490,,,,branche,77_95190,,,1543,0.9501,2418.918,,,none,none,"{""branche"": {""code"": ""77_95190"", ""n"": 1543, ""share"": 0.9501, ""label_da"": """"}, ""db07"": {""code"": ""951200"", ""n"": 682, ""share"": 0.1305, ""label_da"": """"}}",empirical_industry_crosswalk
nace,LAB_nace_551010,551010,,,,db07,551010,,,18316,0.9945,173.456,,,none,none,"{""db07"": {""code"": ""551010"", ""n"": 18316, ""share"": 0.9945, ""label_da"": """"}}",empirical_industry_crosswalk
nace,LAB_nace_551020,551020,,,,db07,551020,,,4099,0.9773,776.351,,,none,none,"{""db07"": {""code"": ""551020"", ""n"": 4099, ""share"": 0.9773, ""label_da"": """"}}",empirical_industry_crosswalk
nace,LAB_nace_551110,551110,,,,branche,77_63201,,,43077,0.9192,154.19,,,none,none,"{""branche"": {""code"": ""77_63201"", ""n"": 43077, ""share"": 0.9192, ""label_da"": """"}}",empirical_industry_crosswalk
nace,LAB_nace_551120,551120,,,,branche,77_63209,,,7837,0.815,612.555,,,none,none,"{""branche"": {""code"": ""77_63209"", ""n"": 7837, ""share"": 0.815, ""label_da"": """"}}",empirical_industry_crosswalk
nace,LAB_nace_551200,551200,,,,branche,77_63201,,,2881,0.9212,154.532,,,none,none,"{""branche"": {""code"": ""77_63201"", ""n"": 2881, ""share"": 0.9212, ""label_da"": """"}}",empirical_industry_crosswalk
nace,LAB_nace_552100,552100,,,,branche,77_63202,,,1539,0.9019,4511.004,,,none,none,"{""branche"": {""code"": ""77_63202"", ""n"": 1539, ""share"": 0.9019, ""label_da"": """"}, ""db07"": {""code"": ""552000"", ""n"": 792, ""share"": 1.0, ""label_da"": """"}}",empirical_industry_crosswalk
nace,LAB_nace_552200,552200,,,,branche,77_63203,,,4314,0.8621,1556.397,,,none,none,"{""branche"": {""code"": ""77_63203"", ""n"": 4314, ""share"": 0.8621, ""label_da"": """"}, ""db07"": {""code"": ""553000"", ""n"": 2276, ""share"": 0.9996, ""label_da"": """"}}",empirical_industry_crosswalk
nace,LAB_nace_552310,552310,,,,branche,77_63209,,,1993,0.9052,680.342,,,none,none,"{""branche"": {""code"": ""77_63209"", ""n"": 1993, ""share"": 0.9052, ""label_da"": """"}, ""db07"": {""code"": ""552000"", ""n"": 904, ""share"": 0.9989, ""label_da"": """"}}",empirical_industry_crosswalk
nace,LAB_nace_552390,552390,,,,branche,77_63209,,,2039,0.6493,488.055,,,none,none,"{""branche"": {""code"": ""77_63209"", ""n"": 2039, ""share"": 0.6493, ""label_da"": """"}, ""db07"": {""code"": ""559000"", ""n"": 588, ""share"": 0.0697, ""label_da"": """"}}",empirical_industry_crosswalk
nace,LAB_nace_553010,553010,,,,branche,77_63101,,,74700,0.9255,58.901,,,none,none,"{""branche"": {""code"": ""77_63101"", ""n"": 74700, ""share"": 0.9255, ""label_da"": """"}, ""db07"": {""code"": ""561010"", ""n"": 36604, ""share"": 0.9963, ""label_da"": """"}}",empirical_industry_crosswalk
nace,LAB_nace_553020,553020,,,,branche,77_63109,,,51196,0.8967,124.42,,,none,none,"{""branche"": {""code"": ""77_63109"", ""n"": 51196, ""share"": 0.8967, ""label_da"": """"}, ""db07"": {""code"": ""561020"", ""n"": 21266, ""share"": 0.9958, ""label_da"": """"}}",empirical_industry_crosswalk
nace,LAB_nace_553090,553090,,,,branche,77_63109,,,2012,0.8802,122.129,,,none,none,"{""branche"": {""code"": ""77_63109"", ""n"": 2012, ""share"": 0.8802, ""label_da"": """"}, ""db07"": {""code"": ""562900"", ""n"": 1003, ""share"": 0.998, ""label_da"": """"}}",empirical_industry_crosswalk
nace,LAB_nace_554010,554010,,,,branche,77_63101,,,26186,0.9169,58.35,,,none,none,"{""branche"": {""code"": ""77_63101"", ""n"": 26186, ""share"": 0.9169, ""label_da"": """"}, ""db07"": {""code"": ""563000"", ""n"": 4435, ""share"": 0.9964, ""label_da"": """"}}",empirical_industry_crosswalk
nace,LAB_nace_554020,554020,,,,branche,77_63101,,,4620,0.8636,54.962,,,none,none,"{""branche"": {""code"": ""77_63101"", ""n"": 4620, ""share"": 0.8636, ""label_da"": """"}, ""db07"": {""code"": ""563000"", ""n"": 1344, ""share"": 0.9888, ""label_da"": """"}}",empirical_industry_crosswalk
nace,LAB_nace_554090,554090,,,,db07,563000,,,7392,0.9982,241.076,,,none,none,"{""branche"": {""code"": ""77_63109"", ""n"": 1111, ""share"": 0.7957, ""label_da"": """"}, ""db07"": {""code"": ""563000"", ""n"": 7392, ""share"": 0.9982, ""label_da"": """"}}",empirical_industry_crosswalk
nace,LAB_nace_555100,555100,,,,branche,77_63102,,,8659,0.9412,798.124,,,none,none,"{""branche"": {""code"": ""77_63102"", ""n"": 8659, ""share"": 0.9412, ""label_da"": """"}, ""db07"": {""code"": ""562900"", ""n"": 4473, ""share"": 0.9996, ""label_da"": """"}}",empirical_industry_crosswalk
nace,LAB_nace_555200,555200,,,,branche,77_63101,,,10028,0.9083,57.802,,,none,none,"{""branche"": {""code"": ""77_63101"", ""n"": 10028, ""share"": 0.9083, ""label_da"": """"}, ""db07"": {""code"": ""562100"", ""n"": 7737, ""share"": 0.4936, ""label_da"": """"}}",empirical_industry_crosswalk
nace,LAB_nace_601000,601000,,,,branche,77_71110,,,20339,0.9795,211.611,,,none,none,"{""branche"": {""code"": ""77_71110"", ""n"": 20339, ""share"": 0.9795, ""label_da"": """"}, ""db07"": {""code"": ""491000"", ""n"": 8545, ""share"": 0.9721, ""label_da"": """"}}",empirical_industry_crosswalk
nace,LAB_nace_602100,602100,,,,branche,77_71121,,,31106,0.7504,233.618,,,none,none,"{""branche"": {""code"": ""77_71121"", ""n"": 31106, ""share"": 0.7504, ""label_da"": """"}}",empirical_industry_crosswalk
nace,LAB_nace_602110,602110,,,,db07,493910,,,12004,0.1397,265.1,,,none,none,"{""db07"": {""code"": ""493910"", ""n"": 12004, ""share"": 0.1397, ""label_da"": """"}}",empirical_industry_crosswalk
nace,LAB_nace_602120,602120,,,,db07,493120,,,2591,0.9629,1228.198,,,none,none,"{""db07"": {""code"": ""493120"", ""n"": 2591, ""share"": 0.9629, ""label_da"": """"}}",empirical_industry_crosswalk
nace,LAB_nace_602200,602200,,,,branche,77_71132,,,21210,0.8587,320.704,,,none,none,"{""branche"": {""code"": ""77_71132"", ""n"": 21210, ""share"": 0.8587, ""label_da"": """"}, ""db07"": {""code"": ""493200"", ""n"": 10707, ""share"": 0.9968, ""label_da"": """"}}",empirical_industry_crosswalk
nace,LAB_nace_602300,602300,,,,branche,77_71131,,,9368,0.9081,750.279,,,none,none,"{""branche"": {""code"": ""77_71131"", ""n"": 9368, ""share"": 0.9081, ""label_da"": """"}, ""db07"": {""code"": ""493920"", ""n"": 4396, ""share"": 0.9993, ""label_da"": """"}}",empirical_industry_crosswalk
nace,LAB_nace_602410,602410,,,,branche,77_71141,,,67151,0.954,100.132,,,none,none,"{""branche"": {""code"": ""77_71141"", ""n"": 67151, ""share"": 0.954, ""label_da"": """"}, ""db07"": {""code"": ""494100"", ""n"": 37267, ""share"": 0.9982, ""label_da"": """"}}",empirical_industry_crosswalk
nace,LAB_nace_602420,602420,,,,branche,77_71142,,,3829,0.9501,1783.766,,,none,none,"{""branche"": {""code"": ""77_71142"", ""n"": 3829, ""share"": 0.9501, ""label_da"": """"}, ""db07"": {""code"": ""494200"", ""n"": 1987, ""share"": 0.9995, ""label_da"": """"}}",empirical_industry_crosswalk
nace,LAB_nace_603000,603000,,,,branche,77_71150,,,9,0.4444,815841.667,,,none,none,"{""branche"": {""code"": ""77_71150"", ""n"": 9, ""share"": 0.4444, ""label_da"": """"}}",empirical_industry_crosswalk
nace,LAB_nace_611010,611010,,,,branche,77_71211,,,25705,0.9315,235.865,,,none,none,"{""branche"": {""code"": ""77_71211"", ""n"": 25705, ""share"": 0.9315, ""label_da"": """"}, ""db07"": {""code"": ""502000"", ""n"": 8835, ""share"": 0.9676, ""label_da"": """"}}",empirical_industry_crosswalk
nace,LAB_nace_611020,611020,,,,branche,77_71212,,,17877,0.6776,402.878,,,none,none,"{""branche"": {""code"": ""77_71212"", ""n"": 17877, ""share"": 0.6776, ""label_da"": """"}, ""db07"": {""code"": ""501000"", ""n"": 4789, ""share"": 0.6987, ""label_da"": """"}}",empirical_industry_crosswalk
nace,LAB_nace_612000,612000,,,,branche,77_71219,,,505,0.9347,13698.13,,,none,none,"{""branche"": {""code"": ""77_71219"", ""n"": 505, ""share"": 0.9347, ""label_da"": """"}, ""db07"": {""code"": ""503000"", ""n"": 277, ""share"": 0.8159, ""label_da"": """"}}",empirical_industry_crosswalk
nace,LAB_nace_621000,621000,,,,branche,77_71311,,,13311,0.9751,374.448,,,none,none,"{""branche"": {""code"": ""77_71311"", ""n"": 13311, ""share"": 0.9751, ""label_da"": """"}, ""db07"": {""code"": ""511010"", ""n"": 4381, ""share"": 0.9685, ""label_da"": """"}}",empirical_industry_crosswalk
nace,LAB_nace_622010,622010,,,,branche,77_71311,,,4785,0.9701,372.549,,,none,none,"{""branche"": {""code"": ""77_71311"", ""n"": 4785, ""share"": 0.9701, ""label_da"": """"}, ""db07"": {""code"": ""511020"", ""n"": 682, ""share"": 1.0, ""label_da"": """"}}",empirical_industry_crosswalk
nace,LAB_nace_622020,622020,,,,db07,512100,,,1190,1.0,2416.295,,,none,none,"{""branche"": {""code"": ""77_71311"", ""n"": 662, ""share"": 0.9154, ""label_da"": """"}, ""db07"": {""code"": ""512100"", ""n"": 1190, ""share"": 1.0, ""label_da"": """"}}",empirical_industry_crosswalk
nace,LAB_nace_622030,622030,,,,branche,77_71319,,,638,0.931,10517.216,,,none,none,"{""branche"": {""code"": ""77_71319"", ""n"": 638, ""share"": 0.931, ""label_da"": """"}, ""db07"": {""code"": ""511020"", ""n"": 269, ""share"": 0.9888, ""label_da"": """"}}",empirical_industry_crosswalk
nace,LAB_nace_623000,623000,,,,,,,,,,,,,none,none,{},empirical_industry_crosswalk
nace,LAB_nace_631100,631100,,,,branche,77_71233,,,2932,0.9025,2412.213,,,none,none,"{""branche"": {""code"": ""77_71233"", ""n"": 2932, ""share"": 0.9025, ""label_da"": """"}, ""db07"": {""code"": ""522400"", ""n"": 835, ""share"": 1.0, ""label_da"": """"}}",empirical_industry_crosswalk
nace,LAB_nace_631200,631200,,,,branche,77_71920,,,5266,0.9373,1359.092,,,none,none,"{""branche"": {""code"": ""77_71920"", ""n"": 5266, ""share"": 0.9373, ""label_da"": """"}, ""db07"": {""code"": ""521000"", ""n"": 2874, ""share"": 0.999, ""label_da"": """"}}",empirical_industry_crosswalk
nace,LAB_nace_632110,632110,,,,db07,522110,,,2857,0.9982,1113.847,,,none,none,"{""branche"": {""code"": ""77_71143"", ""n"": 5396, ""share"": 0.3997, ""label_da"": """"}, ""db07"": {""code"": ""522110"", ""n"": 2857, ""share"": 0.9982, ""label_da"": """"}}",empirical_industry_crosswalk
nace,LAB_nace_632120,632120,,,,branche,77_71169,,,733,0.7258,7021.247,,,none,none,"{""branche"": {""code"": ""77_71169"", ""n"": 733, ""share"": 0.7258, ""label_da"": """"}, ""db07"": {""code"": ""522120"", ""n"": 432, ""share"": 1.0, ""label_da"": """"}}",empirical_industry_crosswalk
nace,LAB_nace_632130,632130,,,,db07,522130,,,236,1.0,13484.157,,,none,none,"{""branche"": {""code"": ""77_71169"", ""n"": 107, ""share"": 0.9346, ""label_da"": """"}, ""db07"": {""code"": ""522130"", ""n"": 236, ""share"": 1.0, ""label_da"": """"}}",empirical_industry_crosswalk
nace,LAB_nace_632210,632210,,,,branche,77_71232,,,3109,0.6436,1921.054,,,none,none,"{""branche"": {""code"": ""77_71232"", ""n"": 3109, ""share"": 0.6436, ""label_da"": """"}, ""db07"": {""code"": ""522210"", ""n"": 1087, ""share"": 1.0, ""label_da"": """"}}",empirical_industry_crosswalk
nace,LAB_nace_632220,632220,,,,branche,77_71232,,,572,0.7727,2306.426,,,none,none,"{""branche"": {""code"": ""77_71232"", ""n"": 572, ""share"": 0.7727, ""label_da"": """"}}",empirical_industry_crosswalk
nace,LAB_nace_632230,632230,,,,branche,77_71234,,,1117,0.5739,6522.6,,,none,none,"{""branche"": {""code"": ""77_71234"", ""n"": 1117, ""share"": 0.5739, ""label_da"": """"}, ""db07"": {""code"": ""522220"", ""n"": 576, ""share"": 1.0, ""label_da"": """"}}",empirical_industry_crosswalk
nace,LAB_nace_632240,632240,,,,branche,77_71231,,,1222,0.7864,5178.759,,,none,none,"{""branche"": {""code"": ""77_71231"", ""n"": 1222, ""share"": 0.7864, ""label_da"": """"}, ""db07"": {""code"": ""522220"", ""n"": 482, ""share"": 0.6701, ""label_da"": """"}}",empirical_industry_crosswalk
nace,LAB_nace_632300,632300,,,,db07,522300,,,7559,0.9917,420.541,,,none,none,"{""branche"": {""code"": ""77_71321"", ""n"": 9023, ""share"": 0.7995, ""label_da"": """"}, ""db07"": {""code"": ""522300"", ""n"": 7559, ""share"": 0.9917, ""label_da"": """"}}",empirical_industry_crosswalk
nace,LAB_nace_633010,633010,,,,branche,77_71911,,,2438,0.8819,454.655,,,none,none,"{""branche"": {""code"": ""77_71911"", ""n"": 2438, ""share"": 0.8819, ""label_da"": """"}, ""db07"": {""code"": ""799000"", ""n"": 716, ""share"": 1.0, ""label_da"": """"}}",empirical_industry_crosswalk
nace,LAB_nace_633020,633020,,,,branche,77_71911,,,7817,0.9412,485.219,,,none,none,"{""branche"": {""code"": ""77_71911"", ""n"": 7817, ""share"": 0.9412, ""label_da"": """"}, ""db07"": {""code"": ""791200"", ""n"": 4075, ""share"": 0.9966, ""label_da"": """"}}",empirical_industry_crosswalk
nace,LAB_nace_633030,633030,,,,branche,77_71911,,,5461,0.7878,406.14,,,none,none,"{""branche"": {""code"": ""77_71911"", ""n"": 5461, ""share"": 0.7878, ""label_da"": """"}, ""db07"": {""code"": ""791100"", ""n"": 1799, ""share"": 0.9961, ""label_da"": """"}}",empirical_industry_crosswalk
nace,LAB_nace_633040,633040,,,,branche,77_71911,,,81,0.9753,502.828,,,none,none,"{""branche"": {""code"": ""77_71911"", ""n"": 81, ""share"": 0.9753, ""label_da"": """"}, ""db07"": {""code"": ""799000"", ""n"": 50, ""share"": 1.0, ""label_da"": """"}}",empirical_industry_crosswalk
nace,LAB_nace_634010,634010,,,,branche,77_71912,,,2211,0.9041,3225.723,,,none,none,"{""branche"": {""code"": ""77_71912"", ""n"": 2211, ""share"": 0.9041, ""label_da"": """"}, ""db07"": {""code"": ""522910"", ""n"": 931, ""share"": 0.9699, ""label_da"": """"}}",empirical_industry_crosswalk
nace,LAB_nace_634020,634020,,,,branche,77_71913,,,24773,0.9073,288.35,,,none,none,"{""branche"": {""code"": ""77_71913"", ""n"": 24773, ""share"": 0.9073, ""label_da"": """"}, ""db07"": {""code"": ""522920"", ""n"": 13275, ""share"": 0.9989, ""label_da"": """"}}",empirical_industry_crosswalk
nace,LAB_nace_634030,634030,,,,branche,77_71914,,,341,0.9355,18219.789,,,none,none,"{""branche"": {""code"": ""77_71914"", ""n"": 341, ""share"": 0.9355, ""label_da"": """"}, ""db07"": {""code"": ""522990"", ""n"": 120, ""share"": 1.0, ""label_da"": """"}}",empirical_industry_crosswalk
nace,LAB_nace_634090,634090,,,,branche,77_71919,,,1379,0.8484,4803.193,,,none,none,"{""branche"": {""code"": ""77_71919"", ""n"": 1379, ""share"": 0.8484, ""label_da"": """"}, ""db07"": {""code"": ""522990"", ""n"": 571, ""share"": 0.9562, ""label_da"": """"}}",empirical_industry_crosswalk
nace,LAB_nace_641100,641100,,,,branche,77_72001,,,61687,0.9413,118.725,,,none,none,"{""branche"": {""code"": ""77_72001"", ""n"": 61687, ""share"": 0.9413, ""label_da"": """"}, ""db07"": {""code"": ""531000"", ""n"": 28278, ""share"": 0.981, ""label_da"": """"}}",empirical_industry_crosswalk
nace,LAB_nace_641200,641200,,,,branche,77_71149,,,46806,0.6609,149.443,,,none,none,"{""branche"": {""code"": ""77_71149"", ""n"": 46806, ""share"": 0.6609, ""label_da"": """"}, ""db07"": {""code"": ""532000"", ""n"": 13159, ""share"": 0.9986, ""label_da"": """"}}",empirical_industry_crosswalk
nace,LAB_nace_642000,642000,,,,branche,77_72002,,,31862,0.9549,227.806,,,none,none,"{""branche"": {""code"": ""77_72002"", ""n"": 31862, ""share"": 0.9549, ""label_da"": """"}}",empirical_industry_crosswalk
nace,LAB_nace_642010,642010,,,,db07,611000,,,10856,0.9948,258.015,,,none,none,"{""db07"": {""code"": ""611000"", ""n"": 10856, ""share"": 0.9948, ""label_da"": """"}}",empirical_industry_crosswalk
nace,LAB_nace_642020,642020,,,,db07,612000,,,3496,1.0,903.282,,,none,none,"{""db07"": {""code"": ""612000"", ""n"": 3496, ""share"": 1.0, ""label_da"": """"}}",empirical_industry_crosswalk
nace,LAB_nace_642030,642030,,,,db07,611000,,,1183,0.9873,256.064,,,none,none,"{""db07"": {""code"": ""611000"", ""n"": 1183, ""share"": 0.9873, ""label_da"": """"}}",empirical_industry_crosswalk
nace,LAB_nace_642040,642040,,,,db07,619000,,,2126,0.7883,1464.499,,,none,none,"{""db07"": {""code"": ""619000"", ""n"": 2126, ""share"": 0.7883, ""label_da"": """"}}",empirical_industry_crosswalk
nace,LAB_nace_651100,651100,,,,branche,77_81011,,,1034,0.9836,7101.136,,,none,none,"{""branche"": {""code"": ""77_81011"", ""n"": 1034, ""share"": 0.9836, ""label_da"": """"}, ""db07"": {""code"": ""641100"", ""n"": 571, ""share"": 1.0, ""label_da"": """"}}",empirical_industry_crosswalk
nace,LAB_nace_651200,651200,,,,branche,77_81012,,,73400,0.939,97.716,,,none,none,"{""branche"": {""code"": ""77_81012"", ""n"": 73400, ""share"": 0.939, ""label_da"": """"}, ""db07"": {""code"": ""641900"", ""n"": 41130, ""share"": 0.9822, ""label_da"": """"}}",empirical_industry_crosswalk
nace,LAB_nace_652100,652100,,,,branche,77_83310,,,2394,0.9323,2548.663,,,none,none,"{""branche"": {""code"": ""77_83310"", ""n"": 2394, ""share"": 0.9323, ""label_da"": """"}, ""db07"": {""code"": ""649100"", ""n"": 628, ""share"": 1.0, ""label_da"": """"}}",empirical_industry_crosswalk
nace,LAB_nace_652210,652210,,,,branche,77_81021,,,6513,0.9066,542.952,,,none,none,"{""branche"": {""code"": ""77_81021"", ""n"": 6513, ""share"": 0.9066, ""label_da"": """"}}",empirical_industry_crosswalk
nace,LAB_nace_652220,652220,,,,branche,77_81023,,,231,0.974,31786.039,,,none,none,"{""branche"": {""code"": ""77_81023"", ""n"": 231, ""share"": 0.974, ""label_da"": """"}}",empirical_industry_crosswalk
nace,LAB_nace_652230,652230,,,,branche,77_81021,,,6612,0.949,568.334,,,none,none,"{""branche"": {""code"": ""77_81021"", ""n"": 6612, ""share"": 0.949, ""label_da"": """"}, ""db07"": {""code"": ""649210"", ""n"": 4822, ""share"": 1.0, ""label_da"": """"}}",empirical_industry_crosswalk
nace,LAB_nace_652240,652240,,,,branche,77_81022,,,702,0.9858,10459.509,,,none,none,"{""branche"": {""code"": ""77_81022"", ""n"": 702, ""share"": 0.9858, ""label_da"": """"}, ""db07"": {""code"": ""649220"", ""n"": 160, ""share"": 1.0, ""label_da"": """"}}",empirical_industry_crosswalk
nace,LAB_nace_652250,652250,,,,db07,643020,,,32,0.9062,99445.656,,,none,none,"{""db07"": {""code"": ""643020"", ""n"": 32, ""share"": 0.9062, ""label_da"": """"}}",empirical_industry_crosswalk
nace,LAB_nace_652260,652260,,,,branche,77_81029,,,1298,0.9545,1290.046,,,none,none,"{""branche"": {""code"": ""77_81029"", ""n"": 1298, ""share"": 0.9545, ""label_da"": """"}, ""db07"": {""code"": ""649230"", ""n"": 626, ""share"": 1.0, ""label_da"": """"}}",empirical_industry_crosswalk
nace,LAB_nace_652290,652290,,,,branche,77_81024,,,580,0.8948,60.432,,,none,none,"{""branche"": {""code"": ""77_81024"", ""n"": 580, ""share"": 0.8948, ""label_da"": """"}}",empirical_industry_crosswalk
nace,LAB_nace_652295,652295,,,,branche,77_81203,,,1331,0.9594,5516.585,,,none,none,"{""branche"": {""code"": ""77_81203"", ""n"": 1331, ""share"": 0.9594, ""label_da"": """"}, ""db07"": {""code"": ""649900"", ""n"": 432, ""share"": 0.7801, ""label_da"": """"}}",empirical_industry_crosswalk
nace,LAB_nace_652310,652310,,,,branche,77_81028,,,746,0.7828,8553.683,,,none,none,"{""branche"": {""code"": ""77_81028"", ""n"": 746, ""share"": 0.7828, ""label_da"": """"}, ""db07"": {""code"": ""643010"", ""n"": 63, ""share"": 1.0, ""label_da"": """"}}",empirical_industry_crosswalk
nace,LAB_nace_652315,652315,,,,,,,,,,,,,none,none,{},empirical_industry_crosswalk
nace,LAB_nace_652320,652320,,,,db07,643030,,,1804,0.9673,1646.969,,,none,none,"{""branche"": {""code"": ""77_81029"", ""n"": 1028, ""share"": 0.8755, ""label_da"": """"}, ""db07"": {""code"": ""643030"", ""n"": 1804, ""share"": 0.9673, ""label_da"": """"}}",empirical_industry_crosswalk
nace,LAB_nace_652325,652325,,,,db07,643040,,,367,1.0,8671.011,,,none,none,"{""db07"": {""code"": ""643040"", ""n"": 367, ""share"": 1.0, ""label_da"": """"}}",empirical_industry_crosswalk
nace,LAB_nace_652330,652330,,,,db07,649900,,,181,1.0,2034.694,,,none,none,"{""branche"": {""code"": ""77_81030"", ""n"": 47, ""share"": 0.9574, ""label_da"": """"}, ""db07"": {""code"": ""649900"", ""n"": 181, ""share"": 1.0, ""label_da"": """"}}",empirical_industry_crosswalk
nace,LAB_nace_652340,652340,,,,db07,642010,,,4016,0.7356,788.658,,,none,none,"{""branche"": {""code"": ""77_81024"", ""n"": 485, ""share"": 0.8474, ""label_da"": """"}, ""db07"": {""code"": ""642010"", ""n"": 4016, ""share"": 0.7356, ""label_da"": """"}}",empirical_industry_crosswalk
nace,LAB_nace_652390,652390,,,,branche,77_81024,,,6813,0.9034,61.013,,,none,none,"{""branche"": {""code"": ""77_81024"", ""n"": 6813, ""share"": 0.9034, ""label_da"": """"}}",empirical_industry_crosswalk
nace,LAB_nace_652395,652395,,,,branche,77_81029,,,3565,0.8847,1195.669,,,none,none,"{""branche"": {""code"": ""77_81029"", ""n"": 3565, ""share"": 0.8847, ""label_da"": """"}, ""db07"": {""code"": ""649900"", ""n"": 1072, ""share"": 0.8871, ""label_da"": """"}}",empirical_industry_crosswalk
nace,LAB_nace_660100,660100,,,,branche,77_82001,,,3518,0.9764,230.637,,,none,none,"{""branche"": {""code"": ""77_82001"", ""n"": 3518, ""share"": 0.9764, ""label_da"": """"}, ""db07"": {""code"": ""651100"", ""n"": 1613, ""share"": 1.0, ""label_da"": """"}}",empirical_industry_crosswalk
nace,LAB_nace_660210,660210,,,,branche,77_82004,,,1493,0.937,4728.717,,,none,none,"{""branche"": {""code"": ""77_82004"", ""n"": 1493, ""share"": 0.937, ""label_da"": """"}, ""db07"": {""code"": ""653010"", ""n"": 1066, ""share"": 1.0, ""label_da"": """"}}",empirical_industry_crosswalk
nace,LAB_nace_660290,660290,,,,db07,653020,,,2059,0.9995,1545.537,,,none,none,"{""branche"": {""code"": ""77_82005"", ""n"": 787, ""share"": 0.9479, ""label_da"": """"}, ""db07"": {""code"": ""653020"", ""n"": 2059, ""share"": 0.9995, ""label_da"": """"}}",empirical_industry_crosswalk
nace,LAB_nace_660310,660310,,,,branche,77_82001,,,28364,0.9139,215.865,,,none,none,"{""branche"": {""code"": ""77_82001"", ""n"": 28364, ""share"": 0.9139, ""label_da"": """"}, ""db07"": {""code"": ""651200"", ""n"": 12382, ""share"": 0.9935, ""label_da"": """"}}",empirical_industry_crosswalk
nace,LAB_nace_660320,660320,,,,branche,77_82006,,,752,0.9535,9764.062,,,none,none,"{""branche"": {""code"": ""77_82006"", ""n"": 752, ""share"": 0.9535, ""label_da"": """"}}",empirical_industry_crosswalk
nace,LAB_nace_660390,660390,,,,branche,77_82009,,,1055,0.5299,4981.461,,,none,none,"{""branche"": {""code"": ""77_82009"", ""n"": 1055, ""share"": 0.5299, ""label_da"": """"}, ""db07"": {""code"": ""651200"", ""n"": 187, ""share"": 1.0, ""label_da"": """"}}",empirical_industry_crosswalk
nace,LAB_nace_671100,671100,,,,branche,77_81030,,,142,0.9437,1783.962,,,none,none,"{""branche"": {""code"": ""77_81030"", ""n"": 142, ""share"": 0.9437, ""label_da"": """"}, ""db07"": {""code"": ""661100"", ""n"": 110, ""share"": 0.9909, ""label_da"": """"}}",empirical_industry_crosswalk
nace,LAB_nace_671200,671200,,,,branche,77_81027,,,1542,0.9274,4530.447,,,none,none,"{""branche"": {""code"": ""77_81027"", ""n"": 1542, ""share"": 0.9274, ""label_da"": """"}, ""db07"": {""code"": ""663000"", ""n"": 321, ""share"": 0.5452, ""label_da"": """"}}",empirical_industry_crosswalk
nace,LAB_nace_671300,671300,,,,branche,77_81030,,,5487,0.6535,1235.505,,,none,none,"{""branche"": {""code"": ""77_81030"", ""n"": 5487, ""share"": 0.6535, ""label_da"": """"}, ""db07"": {""code"": ""661900"", ""n"": 2275, ""share"": 0.9956, ""label_da"": """"}}",empirical_industry_crosswalk
nace,LAB_nace_672010,672010,,,,db07,662200,,,1463,0.9904,2144.088,,,none,none,"{""branche"": {""code"": ""77_82003"", ""n"": 823, ""share"": 0.8481, ""label_da"": """"}, ""db07"": {""code"": ""662200"", ""n"": 1463, ""share"": 0.9904, ""label_da"": """"}}",empirical_industry_crosswalk
nace,LAB_nace_672090,672090,,,,branche,77_82003,,,3088,0.9313,1750.316,,,none,none,"{""branche"": {""code"": ""77_82003"", ""n"": 3088, ""share"": 0.9313, ""label_da"": """"}, ""db07"": {""code"": ""662100"", ""n"": 1495, ""share"": 0.1926, ""label_da"": """"}}",empirical_industry_crosswalk
nace,LAB_nace_701100,701100,,,,db07,411000,,,584,0.988,4603.393,,,none,none,"{""branche"": {""code"": ""77_83111"", ""n"": 20, ""share"": 0.85, ""label_da"": """"}, ""db07"": {""code"": ""411000"", ""n"": 584, ""share"": 0.988, ""label_da"": """"}}",empirical_industry_crosswalk
nace,LAB_nace_701200,701200,,,,db07,681000,,,1152,0.9913,2698.578,,,none,none,"{""branche"": {""code"": ""77_83121"", ""n"": 325, ""share"": 0.8215, ""label_da"": """"}, ""db07"": {""code"": ""681000"", ""n"": 1152, ""share"": 0.9913, ""label_da"": """"}}",empirical_industry_crosswalk
nace,LAB_nace_702010,702010,,,,branche,77_83111,,,23284,0.9127,100.237,,,none,none,"{""branche"": {""code"": ""77_83111"", ""n"": 23284, ""share"": 0.9127, ""label_da"": """"}, ""db07"": {""code"": ""682010"", ""n"": 11297, ""share"": 0.9408, ""label_da"": """"}}",empirical_industry_crosswalk
nace,LAB_nace_702020,702020,,,,branche,77_83111,,,3406,0.8767,96.284,,,none,none,"{""branche"": {""code"": ""77_83111"", ""n"": 3406, ""share"": 0.8767, ""label_da"": """"}, ""db07"": {""code"": ""682020"", ""n"": 1291, ""share"": 1.0, ""label_da"": """"}}",empirical_industry_crosswalk
nace,LAB_nace_702030,702030,,,,branche,77_83111,,,16571,0.8853,97.234,,,none,none,"{""branche"": {""code"": ""77_83111"", ""n"": 16571, ""share"": 0.8853, ""label_da"": """"}, ""db07"": {""code"": ""682030"", ""n"": 3425, ""share"": 0.9942, ""label_da"": """"}}",empirical_industry_crosswalk
nace,LAB_nace_702040,702040,,,,branche,77_83111,,,16277,0.8986,98.687,,,none,none,"{""branche"": {""code"": ""77_83111"", ""n"": 16277, ""share"": 0.8986, ""label_da"": """"}, ""db07"": {""code"": ""682040"", ""n"": 11412, ""share"": 0.9846, ""label_da"": """"}}",empirical_industry_crosswalk
nace,LAB_nace_703110,703110,,,,branche,77_83121,,,9980,0.9421,645.875,,,none,none,"{""branche"": {""code"": ""77_83121"", ""n"": 9980, ""share"": 0.9421, ""label_da"": """"}, ""db07"": {""code"": ""683110"", ""n"": 8007, ""share"": 0.9984, ""label_da"": """"}}",empirical_industry_crosswalk
nace,LAB_nace_703120,703120,,,,branche,77_83122,,,260,0.9423,1668.427,,,none,none,"{""branche"": {""code"": ""77_83122"", ""n"": 260, ""share"": 0.9423, ""label_da"": """"}, ""db07"": {""code"": ""683120"", ""n"": 98, ""share"": 1.0, ""label_da"": """"}}",empirical_industry_crosswalk
nace,LAB_nace_703130,703130,,,,branche,77_83122,,,4120,0.8883,1572.89,,,none,none,"{""branche"": {""code"": ""77_83122"", ""n"": 4120, ""share"": 0.8883, ""label_da"": """"}, ""db07"": {""code"": ""683120"", ""n"": 2772, ""share"": 0.9968, ""label_da"": """"}}",empirical_industry_crosswalk
nace,LAB_nace_703210,703210,,,,branche,77_83112,,,6804,0.8435,1005.238,,,none,none,"{""branche"": {""code"": ""77_83112"", ""n"": 6804, ""share"": 0.8435, ""label_da"": """"}, ""db07"": {""code"": ""683210"", ""n"": 7164, ""share"": 0.7454, ""label_da"": """"}}",empirical_industry_crosswalk
nace,LAB_nace_703220,703220,,,,branche,77_93503,,,4072,0.8583,1763.329,,,none,none,"{""branche"": {""code"": ""77_93503"", ""n"": 4072, ""share"": 0.8583, ""label_da"": """"}, ""db07"": {""code"": ""683220"", ""n"": 1722, ""share"": 0.9988, ""label_da"": """"}}",empirical_industry_crosswalk
nace,LAB_nace_711000,711000,,,,branche,77_71161,,,2961,0.9385,1624.53,,,none,none,"{""branche"": {""code"": ""77_71161"", ""n"": 2961, ""share"": 0.9385, ""label_da"": """"}, ""db07"": {""code"": ""771100"", ""n"": 1355, ""share"": 1.0, ""label_da"": """"}}",empirical_industry_crosswalk
nace,LAB_nace_712110,712110,,,,branche,77_71161,,,377,0.9602,1662.053,,,none,none,"{""branche"": {""code"": ""77_71161"", ""n"": 377, ""share"": 0.9602, ""label_da"": """"}, ""db07"": {""code"": ""773900"", ""n"": 182, ""share"": 1.0, ""label_da"": """"}}",empirical_industry_crosswalk
nace,LAB_nace_712190,712190,,,,branche,77_71161,,,576,0.9288,1607.715,,,none,none,"{""branche"": {""code"": ""77_71161"", ""n"": 576, ""share"": 0.9288, ""label_da"": """"}, ""db07"": {""code"": ""771200"", ""n"": 144, ""share"": 0.4861, ""label_da"": """"}}",empirical_industry_crosswalk
nace,LAB_nace_712200,712200,,,,branche,77_71239,,,89,0.8202,70029.785,,,none,none,"{""branche"": {""code"": ""77_71239"", ""n"": 89, ""share"": 0.8202, ""label_da"": """"}, ""db07"": {""code"": ""773400"", ""n"": 35, ""share"": 1.0, ""label_da"": """"}}",empirical_industry_crosswalk
nace,LAB_nace_712300,712300,,,,branche,77_71329,,,86,0.8953,69201.747,,,none,none,"{""branche"": {""code"": ""77_71329"", ""n"": 86, ""share"": 0.8953, ""label_da"": """"}, ""db07"": {""code"": ""773500"", ""n"": 29, ""share"": 1.0, ""label_da"": """"}}",empirical_industry_crosswalk
nace,LAB_nace_713100,713100,,,,branche,77_83321,,,247,0.9231,19255.004,,,none,none,"{""branche"": {""code"": ""77_83321"", ""n"": 247, ""share"": 0.9231, ""label_da"": """"}, ""db07"": {""code"": ""773100"", ""n"": 84, ""share"": 0.9881, ""label_da"": """"}}",empirical_industry_crosswalk
nace,LAB_nace_713200,713200,,,,branche,77_83322,,,2808,0.9494,2447.775,,,none,none,"{""branche"": {""code"": ""77_83322"", ""n"": 2808, ""share"": 0.9494, ""label_da"": """"}, ""db07"": {""code"": ""773200"", ""n"": 2056, ""share"": 0.9888, ""label_da"": """"}}",empirical_industry_crosswalk
nace,LAB_nace_713310,713310,,,,branche,77_83324,,,727,0.9175,7259.251,,,none,none,"{""branche"": {""code"": ""77_83324"", ""n"": 727, ""share"": 0.9175, ""label_da"": """"}, ""db07"": {""code"": ""773300"", ""n"": 137, ""share"": 1.0, ""label_da"": """"}}",empirical_industry_crosswalk
nace,LAB_nace_713320,713320,,,,branche,77_83324,,,94,0.7553,5976.28,,,none,none,"{""branche"": {""code"": ""77_83324"", ""n"": 94, ""share"": 0.7553, ""label_da"": """"}, ""db07"": {""code"": ""773300"", ""n"": 19, ""share"": 1.0, ""label_da"": """"}}",empirical_industry_crosswalk
nace,LAB_nace_713400,713400,,,,branche,77_83329,,,4378,0.8652,1249.372,,,none,none,"{""branche"": {""code"": ""77_83329"", ""n"": 4378, ""share"": 0.8652, ""label_da"": """"}, ""db07"": {""code"": ""773900"", ""n"": 2130, ""share"": 0.9981, ""label_da"": """"}}",empirical_industry_crosswalk
nace,LAB_nace_714010,714010,,,,branche,77_62176,,,3105,0.9069,436.009,,,none,none,"{""branche"": {""code"": ""77_62176"", ""n"": 3105, ""share"": 0.9069, ""label_da"": """"}, ""db07"": {""code"": ""772200"", ""n"": 1342, ""share"": 1.0, ""label_da"": """"}}",empirical_industry_crosswalk
nace,LAB_nace_714090,714090,,,,branche,77_95207,,,4106,0.4878,1788.255,,,none,none,"{""branche"": {""code"": ""77_95207"", ""n"": 4106, ""share"": 0.4878, ""label_da"": """"}, ""db07"": {""code"": ""772900"", ""n"": 1658, ""share"": 0.8854, ""label_da"": """"}}",empirical_industry_crosswalk
nace,LAB_nace_721000,721000,,,,branche,77_83230,,,2017,0.9658,99.559,,,none,none,"{""branche"": {""code"": ""77_83230"", ""n"": 2017, ""share"": 0.9658, ""label_da"": """"}, ""db07"": {""code"": ""620200"", ""n"": 1897, ""share"": 0.9989, ""label_da"": """"}}",empirical_industry_crosswalk
nace,LAB_nace_722000,722000,,,,branche,77_83230,,,44025,0.9253,95.387,,,none,none,"{""branche"": {""code"": ""77_83230"", ""n"": 44025, ""share"": 0.9253, ""label_da"": """"}, ""db07"": {""code"": ""465100"", ""n"": 2, ""share"": 0.5, ""label_da"": """"}}",empirical_industry_crosswalk
nace,LAB_nace_722100,722100,,,,db07,582900,,,7165,0.4971,435.82,,,none,none,"{""db07"": {""code"": ""582900"", ""n"": 7165, ""share"": 0.4971, ""label_da"": """"}}",empirical_industry_crosswalk
nace,LAB_nace_722200,722200,,,,db07,620100,,,32865,0.5929,82.688,,,none,none,"{""db07"": {""code"": ""620100"", ""n"": 32865, ""share"": 0.5929, ""label_da"": """"}}",empirical_industry_crosswalk
nace,LAB_nace_723000,723000,,,,branche,77_83230,,,15987,0.9393,96.824,,,none,none,"{""branche"": {""code"": ""77_83230"", ""n"": 15987, ""share"": 0.9393, ""label_da"": """"}, ""db07"": {""code"": ""620300"", ""n"": 5980, ""share"": 0.3431, ""label_da"": """"}}",empirical_industry_crosswalk
nace,LAB_nace_724000,724000,,,,branche,77_83230,,,1450,0.9421,97.114,,,none,none,"{""branche"": {""code"": ""77_83230"", ""n"": 1450, ""share"": 0.9421, ""label_da"": """"}, ""db07"": {""code"": ""631200"", ""n"": 2401, ""share"": 0.222, ""label_da"": """"}}",empirical_industry_crosswalk
nace,LAB_nace_725000,725000,,,,branche,77_38251,,,2880,0.8056,696.603,,,none,none,"{""branche"": {""code"": ""77_38251"", ""n"": 2880, ""share"": 0.8056, ""label_da"": """"}, ""db07"": {""code"": ""951100"", ""n"": 905, ""share"": 0.9359, ""label_da"": """"}}",empirical_industry_crosswalk
nace,LAB_nace_726000,726000,,,,db07,620900,,,2735,0.9587,918.633,,,none,none,"{""branche"": {""code"": ""77_83230"", ""n"": 2797, ""share"": 0.8963, ""label_da"": """"}, ""db07"": {""code"": ""620900"", ""n"": 2735, ""share"": 0.9587, ""label_da"": """"}}",empirical_industry_crosswalk
nace,LAB_nace_731000,731000,,,,branche,77_93200,,,24022,0.6361,259.014,,,none,none,"{""branche"": {""code"": ""77_93200"", ""n"": 24022, ""share"": 0.6361, ""label_da"": """"}, ""db07"": {""code"": ""721100"", ""n"": 11617, ""share"": 0.1689, ""label_da"": """"}}",empirical_industry_crosswalk
nace,LAB_nace_732000,732000,,,,branche,77_93200,,,3039,0.819,333.484,,,none,none,"{""branche"": {""code"": ""77_93200"", ""n"": 3039, ""share"": 0.819, ""label_da"": """"}, ""db07"": {""code"": ""722000"", ""n"": 1996, ""share"": 1.0, ""label_da"": """"}}",empirical_industry_crosswalk
nace,LAB_nace_741100,741100,,,,branche,77_83210,,,19351,0.9528,341.041,,,none,none,"{""branche"": {""code"": ""77_83210"", ""n"": 19351, ""share"": 0.9528, ""label_da"": """"}, ""db07"": {""code"": ""691000"", ""n"": 12318, ""share"": 0.9976, ""label_da"": """"}}",empirical_industry_crosswalk
nace,LAB_nace_741200,741200,,,,branche,77_83220,,,33302,0.9579,197.731,,,none,none,"{""branche"": {""code"": ""77_83220"", ""n"": 33302, ""share"": 0.9579, ""label_da"": """"}, ""db07"": {""code"": ""692000"", ""n"": 20589, ""share"": 0.9682, ""label_da"": """"}}",empirical_industry_crosswalk
nace,LAB_nace_741300,741300,,,,branche,77_83250,,,5941,0.8519,156.156,,,none,none,"{""branche"": {""code"": ""77_83250"", ""n"": 5941, ""share"": 0.8519, ""label_da"": """"}, ""db07"": {""code"": ""732000"", ""n"": 4341, ""share"": 0.9998, ""label_da"": """"}}",empirical_industry_crosswalk
nace,LAB_nace_741410,741410,,,,branche,77_83294,,,8810,0.7738,766.532,,,none,none,"{""branche"": {""code"": ""77_83294"", ""n"": 8810, ""share"": 0.7738, ""label_da"": """"}, ""db07"": {""code"": ""749010"", ""n"": 4021, ""share"": 0.9672, ""label_da"": """"}}",empirical_industry_crosswalk
nace,LAB_nace_741490,741490,,,,branche,77_83295,,,17580,0.9164,288.564,,,none,none,"{""branche"": {""code"": ""77_83295"", ""n"": 17580, ""share"": 0.9164, ""label_da"": """"}, ""db07"": {""code"": ""702100"", ""n"": 16996, ""share"": 0.1026, ""label_da"": """"}}",empirical_industry_crosswalk
nace,LAB_nace_741500,741500,,,,branche,77_81024,,,7469,0.8802,59.443,,,none,none,"{""branche"": {""code"": ""77_81024"", ""n"": 7469, ""share"": 0.8802, ""label_da"": """"}, ""db07"": {""code"": ""701010"", ""n"": 7323, ""share"": 0.3811, ""label_da"": """"}}",empirical_industry_crosswalk
nace,LAB_nace_742010,742010,,,,branche,77_83241,,,30929,0.9304,154.589,,,none,none,"{""branche"": {""code"": ""77_83241"", ""n"": 30929, ""share"": 0.9304, ""label_da"": """"}, ""db07"": {""code"": ""711210"", ""n"": 15410, ""share"": 0.9823, ""label_da"": """"}}",empirical_industry_crosswalk
nace,LAB_nace_742020,742020,,,,branche,77_83241,,,8977,0.9559,158.826,,,none,none,"{""branche"": {""code"": ""77_83241"", ""n"": 8977, ""share"": 0.9559, ""label_da"": """"}, ""db07"": {""code"": ""711220"", ""n"": 7080, ""share"": 0.9965, ""label_da"": """"}}",empirical_industry_crosswalk
nace,LAB_nace_742030,742030,,,,branche,77_83241,,,3347,0.9821,163.177,,,none,none,"{""branche"": {""code"": ""77_83241"", ""n"": 3347, ""share"": 0.9821, ""label_da"": """"}, ""db07"": {""code"": ""711230"", ""n"": 2068, ""share"": 1.0, ""label_da"": """"}}",empirical_industry_crosswalk
nace,LAB_nace_742040,742040,,,,branche,77_83243,,,11945,0.9319,509.29,,,none,none,"{""branche"": {""code"": ""77_83243"", ""n"": 11945, ""share"": 0.9319, ""label_da"": """"}, ""db07"": {""code"": ""711100"", ""n"": 9026, ""share"": 0.9962, ""label_da"": """"}}",empirical_industry_crosswalk
nace,LAB_nace_742050,742050,,,,branche,77_83244,,,564,0.9557,9981.659,,,none,none,"{""branche"": {""code"": ""77_83244"", ""n"": 564, ""share"": 0.9557, ""label_da"": """"}, ""db07"": {""code"": ""711100"", ""n"": 445, ""share"": 0.9955, ""label_da"": """"}}",empirical_industry_crosswalk
nace,LAB_nace_742060,742060,,,,branche,77_83249,,,887,0.9729,421.494,,,none,none,"{""branche"": {""code"": ""77_83249"", ""n"": 887, ""share"": 0.9729, ""label_da"": """"}, ""db07"": {""code"": ""711240"", ""n"": 152, ""share"": 1.0, ""label_da"": """"}}",empirical_industry_crosswalk
nace,LAB_nace_742070,742070,,,,branche,77_83242,,,2006,0.9322,3400.285,,,none,none,"{""branche"": {""code"": ""77_83242"", ""n"": 2006, ""share"": 0.9322, ""label_da"": """"}, ""db07"": {""code"": ""711240"", ""n"": 1371, ""share"": 0.992, ""label_da"": """"}}",empirical_industry_crosswalk
nace,LAB_nace_742080,742080,,,,branche,77_83249,,,899,0.97,420.205,,,none,none,"{""branche"": {""code"": ""77_83249"", ""n"": 899, ""share"": 0.97, ""label_da"": """"}, ""db07"": {""code"": ""749090"", ""n"": 676, ""share"": 0.9985, ""label_da"": """"}}",empirical_industry_crosswalk
nace,LAB_nace_742090,742090,,,,branche,77_83249,,,11081,0.9027,391.071,,,none,none,"{""branche"": {""code"": ""77_83249"", ""n"": 11081, ""share"": 0.9027, ""label_da"": """"}, ""db07"": {""code"": ""711290"", ""n"": 3740, ""share"": 0.9944, ""label_da"": """"}}",empirical_industry_crosswalk
nace,LAB_nace_743010,743010,,,,branche,77_83245,,,9392,0.5651,375.2,,,none,none,"{""branche"": {""code"": ""77_83245"", ""n"": 9392, ""share"": 0.5651, ""label_da"": """"}, ""db07"": {""code"": ""712010"", ""n"": 2179, ""share"": 1.0, ""label_da"": """"}}",empirical_industry_crosswalk
nace,LAB_nace_743020,743020,,,,branche,77_83245,,,4308,0.776,515.267,,,none,none,"{""branche"": {""code"": ""77_83245"", ""n"": 4308, ""share"": 0.776, ""label_da"": """"}, ""db07"": {""code"": ""712020"", ""n"": 2139, ""share"": 0.9944, ""label_da"": """"}}",empirical_industry_crosswalk
nace,LAB_nace_743030,743030,,,,branche,77_83249,,,1457,0.9005,390.102,,,none,none,"{""branche"": {""code"": ""77_83249"", ""n"": 1457, ""share"": 0.9005, ""label_da"": """"}, ""db07"": {""code"": ""712090"", ""n"": 1062, ""share"": 0.9915, ""label_da"": """"}}",empirical_industry_crosswalk
nace,LAB_nace_743090,743090,,,,branche,77_83245,,,2011,0.8195,544.148,,,none,none,"{""branche"": {""code"": ""77_83245"", ""n"": 2011, ""share"": 0.8195, ""label_da"": """"}, ""db07"": {""code"": ""712090"", ""n"": 625, ""share"": 0.9952, ""label_da"": """"}}",empirical_industry_crosswalk
nace,LAB_nace_744010,744010,,,,branche,77_83250,,,22281,0.8919,163.497,,,none,none,"{""branche"": {""code"": ""77_83250"", ""n"": 22281, ""share"": 0.8919, ""label_da"": """"}, ""db07"": {""code"": ""731110"", ""n"": 10420, ""share"": 0.9978, ""label_da"": """"}}",empirical_industry_crosswalk
nace,LAB_nace_744090,744090,,,,db07,731190,,,26910,0.9169,118.222,,,none,none,"{""branche"": {""code"": ""77_34293"", ""n"": 23548, ""share"": 0.5583, ""label_da"": """"}, ""db07"": {""code"": ""731190"", ""n"": 26910, ""share"": 0.9169, ""label_da"": """"}}",empirical_industry_crosswalk
nace,LAB_nace_745010,745010,,,,branche,77_91019,,,6498,0.9612,47.581,,,none,none,"{""branche"": {""code"": ""77_91019"", ""n"": 6498, ""share"": 0.9612, ""label_da"": """"}, ""db07"": {""code"": ""781000"", ""n"": 5545, ""share"": 0.9839, ""label_da"": """"}}",empirical_industry_crosswalk
nace,LAB_nace_745020,745020,,,,db07,782000,,,42380,0.9999,74.669,,,none,none,"{""branche"": {""code"": ""77_83299"", ""n"": 33423, ""share"": 0.9021, ""label_da"": """"}, ""db07"": {""code"": ""782000"", ""n"": 42380, ""share"": 0.9999, ""label_da"": """"}}",empirical_industry_crosswalk
nace,LAB_nace_745030,745030,,,,branche,77_83295,,,1456,0.9567,301.251,,,none,none,"{""branche"": {""code"": ""77_83295"", ""n"": 1456, ""share"": 0.9567, ""label_da"": """"}, ""db07"": {""code"": ""783000"", ""n"": 1415, ""share"": 0.441, ""label_da"": """"}}",empirical_industry_crosswalk
nace,LAB_nace_746000,746000,,,,branche,77_83299,,,5283,0.9247,96.652,,,none,none,"{""branche"": {""code"": ""77_83299"", ""n"": 5283, ""share"": 0.9247, ""label_da"": """"}, ""db07"": {""code"": ""803000"", ""n"": 3706, ""share"": 0.2841, ""label_da"": """"}}",empirical_industry_crosswalk
nace,LAB_nace_747010,747010,,,,branche,77_92021,,,117734,0.8525,58.352,,,none,none,"{""branche"": {""code"": ""77_92021"", ""n"": 117734, ""share"": 0.8525, ""label_da"": """"}, ""db07"": {""code"": ""812100"", ""n"": 48568, ""share"": 0.993, ""label_da"": """"}}",empirical_industry_crosswalk
nace,LAB_nace_747020,747020,,,,db07,812290,,,2348,0.4664,1243.974,,,none,none,"{""branche"": {""code"": ""77_92021"", ""n"": 966, ""share"": 0.9555, ""label_da"": """"}, ""db07"": {""code"": ""812290"", ""n"": 2348, ""share"": 0.4664, ""label_da"": """"}}",empirical_industry_crosswalk
nace,LAB_nace_747030,747030,,,,branche,77_92022,,,4300,0.9421,1348.682,,,none,none,"{""branche"": {""code"": ""77_92022"", ""n"": 4300, ""share"": 0.9421, ""label_da"": """"}, ""db07"": {""code"": ""812210"", ""n"": 1999, ""share"": 0.9975, ""label_da"": """"}}",empirical_industry_crosswalk
nace,LAB_nace_747040,747040,,,,branche,77_92023,,,1200,0.9675,5554.293,,,none,none,"{""branche"": {""code"": ""77_92023"", ""n"": 1200, ""share"": 0.9675, ""label_da"": """"}, ""db07"": {""code"": ""812220"", ""n"": 698, ""share"": 1.0, ""label_da"": """"}}",empirical_industry_crosswalk
nace,LAB_nace_747050,747050,,,,branche,77_92024,,,980,0.9204,6691.253,,,none,none,"{""branche"": {""code"": ""77_92024"", ""n"": 980, ""share"": 0.9204, ""label_da"": """"}, ""db07"": {""code"": ""812900"", ""n"": 471, ""share"": 1.0, ""label_da"": """"}}",empirical_industry_crosswalk
nace,LAB_nace_748110,748110,,,,branche,77_95920,,,4644,0.955,1005.756,,,none,none,"{""branche"": {""code"": ""77_95920"", ""n"": 4644, ""share"": 0.955, ""label_da"": """"}, ""db07"": {""code"": ""742000"", ""n"": 2147, ""share"": 0.9986, ""label_da"": """"}}",empirical_industry_crosswalk
nace,LAB_nace_748120,748120,,,,branche,77_95920,,,1166,0.958,1008.894,,,none,none,"{""branche"": {""code"": ""77_95920"", ""n"": 1166, ""share"": 0.958, ""label_da"": """"}, ""db07"": {""code"": ""742000"", ""n"": 127, ""share"": 1.0, ""label_da"": """"}}",empirical_industry_crosswalk
nace,LAB_nace_748200,748200,,,,db07,829200,,,2178,0.9986,1456.406,,,none,none,"{""branche"": {""code"": ""77_61121"", ""n"": 5324, ""share"": 0.1012, ""label_da"": """"}, ""db07"": {""code"": ""829200"", ""n"": 2178, ""share"": 0.9986, ""label_da"": """"}}",empirical_industry_crosswalk
nace,LAB_nace_748310,748310,,,,branche,77_83293,,,952,0.9517,6877.743,,,none,none,"{""branche"": {""code"": ""77_83293"", ""n"": 952, ""share"": 0.9517, ""label_da"": """"}}",empirical_industry_crosswalk
nace,LAB_nace_748320,748320,,,,branche,77_83299,,,2070,0.9415,98.417,,,none,none,"{""branche"": {""code"": ""77_83299"", ""n"": 2070, ""share"": 0.9415, ""label_da"": """"}, ""db07"": {""code"": ""743000"", ""n"": 1, ""share"": 1.0, ""label_da"": """"}}",empirical_industry_crosswalk
nace,LAB_nace_748390,748390,,,,branche,77_83292,,,5345,0.2625,971.442,,,none,none,"{""branche"": {""code"": ""77_83292"", ""n"": 5345, ""share"": 0.2625, ""label_da"": """"}}",empirical_industry_crosswalk
nace,LAB_nace_748410,748410,,,,branche,77_83243,,,635,0.9307,508.618,,,none,none,"{""branche"": {""code"": ""77_83243"", ""n"": 635, ""share"": 0.9307, ""label_da"": """"}}",empirical_industry_crosswalk
nace,LAB_nace_748420,748420,,,,branche,77_83299,,,3689,0.9325,97.471,,,none,none,"{""branche"": {""code"": ""77_83299"", ""n"": 3689, ""share"": 0.9325, ""label_da"": """"}}",empirical_industry_crosswalk
nace,LAB_nace_748430,748430,,,,branche,77_83299,,,535,0.8991,93.976,,,none,none,"{""branche"": {""code"": ""77_83299"", ""n"": 535, ""share"": 0.8991, ""label_da"": """"}}",empirical_industry_crosswalk
nace,LAB_nace_748440,748440,,,,branche,77_83250,,,3012,0.9017,165.293,,,none,none,"{""branche"": {""code"": ""77_83250"", ""n"": 3012, ""share"": 0.9017, ""label_da"": """"}}",empirical_industry_crosswalk
nace,LAB_nace_748490,748490,,,,branche,77_83299,,,14191,0.9152,95.658,,,none,none,"{""branche"": {""code"": ""77_83299"", ""n"": 14191, ""share"": 0.9152, ""label_da"": """"}, ""db07"": {""code"": ""829900"", ""n"": 4, ""share"": 1.0, ""label_da"": """"}}",empirical_industry_crosswalk
nace,LAB_nace_748510,748510,,,,db07,821100,,,767,0.7966,1132.717,,,none,none,"{""db07"": {""code"": ""821100"", ""n"": 767, ""share"": 0.7966, ""label_da"": """"}}",empirical_industry_crosswalk
nace,LAB_nace_748520,748520,,,,db07,743000,,,2154,0.9968,1466.444,,,none,none,"{""db07"": {""code"": ""743000"", ""n"": 2154, ""share"": 0.9968, ""label_da"": """"}}",empirical_industry_crosswalk
nace,LAB_nace_748590,748590,,,,db07,821900,,,2004,0.4446,1353.94,,,none,none,"{""db07"": {""code"": ""821900"", ""n"": 2004, ""share"": 0.4446, ""label_da"": """"}}",empirical_industry_crosswalk
nace,LAB_nace_748600,748600,,,,db07,822000,,,3378,0.9778,938.362,,,none,none,"{""db07"": {""code"": ""822000"", ""n"": 3378, ""share"": 0.9778, ""label_da"": """"}}",empirical_industry_crosswalk
nace,LAB_nace_748710,748710,,,,db07,741030,,,772,0.9961,4100.769,,,none,none,"{""db07"": {""code"": ""741030"", ""n"": 772, ""share"": 0.9961, ""label_da"": """"}}",empirical_industry_crosswalk
nace,LAB_nace_748720,748720,,,,db07,741020,,,4145,0.4466,766.079,,,none,none,"{""db07"": {""code"": ""741020"", ""n"": 4145, ""share"": 0.4466, ""label_da"": """"}}",empirical_industry_crosswalk
nace,LAB_nace_748730,748730,,,,db07,829100,,,350,1.0,8913.896,,,none,none,"{""db07"": {""code"": ""829100"", ""n"": 350, ""share"": 1.0, ""label_da"": """"}}",empirical_industry_crosswalk
nace,LAB_nace_748740,748740,,,,db07,823000,,,1722,0.9988,1838.383,,,none,none,"{""db07"": {""code"": ""823000"", ""n"": 1722, ""share"": 0.9988, ""label_da"": """"}}",empirical_industry_crosswalk
nace,LAB_nace_748790,748790,,,,db07,774000,,,6548,0.0354,481.836,,,none,none,"{""db07"": {""code"": ""774000"", ""n"": 6548, ""share"": 0.0354, ""label_da"": """"}}",empirical_industry_crosswalk
nace,LAB_nace_751100,751100,,,,branche,77_91050,,,189441,0.8884,6.554,,,none,none,"{""branche"": {""code"": ""77_91050"", ""n"": 189441, ""share"": 0.8884, ""label_da"": """"}, ""db07"": {""code"": ""841100"", ""n"": 59228, ""share"": 0.9819, ""label_da"": """"}}",empirical_industry_crosswalk
nace,LAB_nace_751200,751200,,,,branche,77_91050,,,58533,0.8674,6.399,,,none,none,"{""branche"": {""code"": ""77_91050"", ""n"": 58533, ""share"": 0.8674, ""label_da"": """"}, ""db07"": {""code"": ""841200"", ""n"": 20588, ""share"": 0.9464, ""label_da"": """"}}",empirical_industry_crosswalk
nace,LAB_nace_751300,751300,,,,branche,77_91050,,,85283,0.8613,6.354,,,none,none,"{""branche"": {""code"": ""77_91050"", ""n"": 85283, ""share"": 0.8613, ""label_da"": """"}, ""db07"": {""code"": ""841300"", ""n"": 15956, ""share"": 0.9214, ""label_da"": """"}}",empirical_industry_crosswalk
nace,LAB_nace_751400,751400,,,,branche,77_91019,,,8043,0.7066,34.976,,,none,none,"{""branche"": {""code"": ""77_91019"", ""n"": 8043, ""share"": 0.7066, ""label_da"": """"}, ""db07"": {""code"": ""811000"", ""n"": 1866, ""share"": 0.2219, ""label_da"": """"}}",empirical_industry_crosswalk
nace,LAB_nace_752100,752100,,,,branche,77_91011,,,5587,0.5924,1269.727,,,none,none,"{""branche"": {""code"": ""77_91011"", ""n"": 5587, ""share"": 0.5924, ""label_da"": """"}, ""db07"": {""code"": ""842100"", ""n"": 1873, ""share"": 1.0, ""label_da"": """"}}",empirical_industry_crosswalk
nace,LAB_nace_752200,752200,,,,branche,77_91030,,,106359,0.9309,68.426,,,none,none,"{""branche"": {""code"": ""77_91030"", ""n"": 106359, ""share"": 0.9309, ""label_da"": """"}, ""db07"": {""code"": ""842200"", ""n"": 30030, ""share"": 1.0, ""label_da"": """"}}",empirical_industry_crosswalk
nace,LAB_nace_752310,752310,,,,db07,842300,,,4619,1.0,343.249,,,none,none,"{""branche"": {""code"": ""77_91020"", ""n"": 8372, ""share"": 0.4924, ""label_da"": """"}, ""db07"": {""code"": ""842300"", ""n"": 4619, ""share"": 1.0, ""label_da"": """"}}",empirical_industry_crosswalk
nace,LAB_nace_752320,752320,,,,branche,77_91020,,,10031,0.5274,143.283,,,none,none,"{""branche"": {""code"": ""77_91020"", ""n"": 10031, ""share"": 0.5274, ""label_da"": """"}, ""db07"": {""code"": ""842300"", ""n"": 4652, ""share"": 1.0, ""label_da"": """"}}",empirical_industry_crosswalk
nace,LAB_nace_752400,752400,,,,branche,77_91020,,,17528,0.9791,266.022,,,none,none,"{""branche"": {""code"": ""77_91020"", ""n"": 17528, ""share"": 0.9791, ""label_da"": """"}, ""db07"": {""code"": ""842400"", ""n"": 13839, ""share"": 1.0, ""label_da"": """"}}",empirical_industry_crosswalk
nace,LAB_nace_752500,752500,,,,branche,77_71162,,,14890,0.7582,488.148,,,none,none,"{""branche"": {""code"": ""77_71162"", ""n"": 14890, ""share"": 0.7582, ""label_da"": """"}, ""db07"": {""code"": ""842500"", ""n"": 8612, ""share"": 0.9537, ""label_da"": """"}}",empirical_industry_crosswalk
nace,LAB_nace_753000,753000,,,,branche,77_82007,,,4418,0.9355,1624.241,,,none,none,"{""branche"": {""code"": ""77_82007"", ""n"": 4418, ""share"": 0.9355, ""label_da"": """"}, ""db07"": {""code"": ""843000"", ""n"": 2857, ""share"": 1.0, ""label_da"": """"}}",empirical_industry_crosswalk
nace,LAB_nace_801010,801010,,,,branche,77_93103,,,206639,0.5706,35.5,,,none,none,"{""branche"": {""code"": ""77_93103"", ""n"": 206639, ""share"": 0.5706, ""label_da"": """"}, ""db07"": {""code"": ""852010"", ""n"": 99869, ""share"": 0.9965, ""label_da"": """"}}",empirical_industry_crosswalk
nace,LAB_nace_801020,801020,,,,branche,77_93107,,,18106,0.5814,403.883,,,none,none,"{""branche"": {""code"": ""77_93107"", ""n"": 18106, ""share"": 0.5814, ""label_da"": """"}, ""db07"": {""code"": ""852020"", ""n"": 9145, ""share"": 0.9999, ""label_da"": """"}}",empirical_industry_crosswalk
nace,LAB_nace_801030,801030,,,,branche,77_93104,,,24399,0.6829,75.808,,,none,none,"{""branche"": {""code"": ""77_93104"", ""n"": 24399, ""share"": 0.6829, ""label_da"": """"}, ""db07"": {""code"": ""853110"", ""n"": 12475, ""share"": 0.999, ""label_da"": """"}}",empirical_industry_crosswalk
nace,LAB_nace_802100,802100,,,,branche,77_93102,,,30208,0.5232,241.843,,,none,none,"{""branche"": {""code"": ""77_93102"", ""n"": 30208, ""share"": 0.5232, ""label_da"": """"}, ""db07"": {""code"": ""853120"", ""n"": 13936, ""share"": 1.0, ""label_da"": """"}}",empirical_industry_crosswalk
nace,LAB_nace_802210,802210,,,,branche,77_93106,,,4797,0.5614,108.324,,,none,none,"{""branche"": {""code"": ""77_93106"", ""n"": 4797, ""share"": 0.5614, ""label_da"": """"}}",empirical_industry_crosswalk
nace,LAB_nace_802220,802220,,,,branche,77_93105,,,22929,0.4954,133.86,,,none,none,"{""branche"": {""code"": ""77_93105"", ""n"": 22929, ""share"": 0.4954, ""label_da"": """"}, ""db07"": {""code"": ""853200"", ""n"": 7733, ""share"": 1.0, ""label_da"": """"}}",empirical_industry_crosswalk
nace,LAB_nace_802230,802230,,,,branche,77_93105,,,35574,0.4445,120.094,,,none,none,"{""branche"": {""code"": ""77_93105"", ""n"": 35574, ""share"": 0.4445, ""label_da"": """"}, ""db07"": {""code"": ""853200"", ""n"": 10598, ""share"": 1.0, ""label_da"": """"}}",empirical_industry_crosswalk
nace,LAB_nace_802240,802240,,,,branche,77_93106,,,4077,0.8116,156.609,,,none,none,"{""branche"": {""code"": ""77_93106"", ""n"": 4077, ""share"": 0.8116, ""label_da"": """"}, ""db07"": {""code"": ""853200"", ""n"": 1273, ""share"": 0.9804, ""label_da"": """"}}",empirical_industry_crosswalk
nace,LAB_nace_802250,802250,,,,branche,77_93106,,,2086,0.5427,104.711,,,none,none,"{""branche"": {""code"": ""77_93106"", ""n"": 2086, ""share"": 0.5427, ""label_da"": """"}, ""db07"": {""code"": ""854100"", ""n"": 630, ""share"": 0.3222, ""label_da"": """"}}",empirical_industry_crosswalk
nace,LAB_nace_802260,802260,,,,branche,77_93106,,,33965,0.5631,108.65,,,none,none,"{""branche"": {""code"": ""77_93106"", ""n"": 33965, ""share"": 0.5631, ""label_da"": """"}, ""db07"": {""code"": ""853200"", ""n"": 4362, ""share"": 0.9938, ""label_da"": """"}}",empirical_industry_crosswalk
nace,LAB_nace_802270,802270,,,,branche,77_93106,,,2004,0.6472,124.883,,,none,none,"{""branche"": {""code"": ""77_93106"", ""n"": 2004, ""share"": 0.6472, ""label_da"": """"}}",empirical_industry_crosswalk
nace,LAB_nace_803010,803010,,,,db07,854200,,,28170,0.9991,101.395,,,none,none,"{""branche"": {""code"": ""77_93101"", ""n"": 44226, ""share"": 0.5045, ""label_da"": """"}, ""db07"": {""code"": ""854200"", ""n"": 28170, ""share"": 0.9991, ""label_da"": """"}}",empirical_industry_crosswalk
nace,LAB_nace_803020,803020,,,,branche,77_93101,,,7831,0.545,93.5,,,none,none,"{""branche"": {""code"": ""77_93101"", ""n"": 7831, ""share"": 0.545, ""label_da"": """"}, ""db07"": {""code"": ""854100"", ""n"": 2824, ""share"": 0.9975, ""label_da"": """"}}",empirical_industry_crosswalk
nace,LAB_nace_803025,803025,,,,db07,854100,,,1487,0.8265,276.564,,,none,none,"{""db07"": {""code"": ""854100"", ""n"": 1487, ""share"": 0.8265, ""label_da"": """"}}",empirical_industry_crosswalk
nace,LAB_nace_803030,803030,,,,branche,77_93101,,,4029,0.5624,96.487,,,none,none,"{""branche"": {""code"": ""77_93101"", ""n"": 4029, ""share"": 0.5624, ""label_da"": """"}, ""db07"": {""code"": ""854100"", ""n"": 1732, ""share"": 0.9827, ""label_da"": """"}}",empirical_industry_crosswalk
nace,LAB_nace_803040,803040,,,,branche,77_93101,,,7522,0.4977,85.39,,,none,none,"{""branche"": {""code"": ""77_93101"", ""n"": 7522, ""share"": 0.4977, ""label_da"": """"}, ""db07"": {""code"": ""854200"", ""n"": 2925, ""share"": 0.8824, ""label_da"": """"}}",empirical_industry_crosswalk
nace,LAB_nace_803050,803050,,,,branche,77_93101,,,14139,0.4531,77.727,,,none,none,"{""branche"": {""code"": ""77_93101"", ""n"": 14139, ""share"": 0.4531, ""label_da"": """"}, ""db07"": {""code"": ""854100"", ""n"": 1578, ""share"": 0.8992, ""label_da"": """"}}",empirical_industry_crosswalk
nace,LAB_nace_803060,803060,,,,branche,77_93101,,,5152,0.5476,93.936,,,none,none,"{""branche"": {""code"": ""77_93101"", ""n"": 5152, ""share"": 0.5476, ""label_da"": """"}, ""db07"": {""code"": ""854200"", ""n"": 443, ""share"": 1.0, ""label_da"": """"}}",empirical_industry_crosswalk
nace,LAB_nace_803070,803070,,,,branche,77_93101,,,1468,0.5586,95.828,,,none,none,"{""branche"": {""code"": ""77_93101"", ""n"": 1468, ""share"": 0.5586, ""label_da"": """"}, ""db07"": {""code"": ""854100"", ""n"": 255, ""share"": 0.8824, ""label_da"": """"}}",empirical_industry_crosswalk
nace,LAB_nace_803080,803080,,,,,,,,,,,,,none,none,{},empirical_industry_crosswalk
nace,LAB_nace_803085,803085,,,,db07,854100,,,1546,1.0,334.623,,,none,none,"{""db07"": {""code"": ""854100"", ""n"": 1546, ""share"": 1.0, ""label_da"": """"}}",empirical_industry_crosswalk
nace,LAB_nace_804100,804100,,,,branche,77_93108,,,2129,0.9516,2173.358,,,none,none,"{""branche"": {""code"": ""77_93108"", ""n"": 2129, ""share"": 0.9516, ""label_da"": """"}, ""db07"": {""code"": ""855300"", ""n"": 1399, ""share"": 0.9993, ""label_da"": """"}}",empirical_industry_crosswalk
nace,LAB_nace_804210,804210,,,,branche,77_93106,,,17174,0.5497,106.073,,,none,none,"{""branche"": {""code"": ""77_93106"", ""n"": 17174, ""share"": 0.5497, ""label_da"": """"}, ""db07"": {""code"": ""853200"", ""n"": 3527, ""share"": 0.7641, ""label_da"": """"}}",empirical_industry_crosswalk
nace,LAB_nace_804220,804220,,,,branche,77_93104,,,7764,0.9105,101.066,,,none,none,"{""branche"": {""code"": ""77_93104"", ""n"": 7764, ""share"": 0.9105, ""label_da"": """"}, ""db07"": {""code"": ""855900"", ""n"": 2833, ""share"": 1.0, ""label_da"": """"}}",empirical_industry_crosswalk
nace,LAB_nace_804230,804230,,,,branche,77_93104,,,67388,0.616,68.374,,,none,none,"{""branche"": {""code"": ""77_93104"", ""n"": 67388, ""share"": 0.616, ""label_da"": """"}, ""db07"": {""code"": ""855900"", ""n"": 17175, ""share"": 0.8474, ""label_da"": """"}}",empirical_industry_crosswalk
nace,LAB_nace_804290,804290,,,,branche,77_93109,,,12381,0.7408,494.138,,,none,none,"{""branche"": {""code"": ""77_93109"", ""n"": 12381, ""share"": 0.7408, ""label_da"": """"}, ""db07"": {""code"": ""855200"", ""n"": 6621, ""share"": 0.388, ""label_da"": """"}}",empirical_industry_crosswalk
nace,LAB_nace_851100,851100,,,,branche,77_93311,,,276021,0.5486,26.513,,,none,none,"{""branche"": {""code"": ""77_93311"", ""n"": 276021, ""share"": 0.5486, ""label_da"": """"}, ""db07"": {""code"": ""861000"", ""n"": 120675, ""share"": 0.993, ""label_da"": """"}}",empirical_industry_crosswalk
nace,LAB_nace_851210,851210,,,,branche,77_93312,,,15064,0.9368,309.023,,,none,none,"{""branche"": {""code"": ""77_93312"", ""n"": 15064, ""share"": 0.9368, ""label_da"": """"}, ""db07"": {""code"": ""862100"", ""n"": 9231, ""share"": 0.9966, ""label_da"": """"}}",empirical_industry_crosswalk
nace,LAB_nace_851220,851220,,,,branche,77_93312,,,5599,0.9044,298.35,,,none,none,"{""branche"": {""code"": ""77_93312"", ""n"": 5599, ""share"": 0.9044, ""label_da"": """"}, ""db07"": {""code"": ""862200"", ""n"": 4014, ""share"": 0.9983, ""label_da"": """"}}",empirical_industry_crosswalk
nace,LAB_nace_851310,851310,,,,branche,77_93313,,,26331,0.8138,273.034,,,none,none,"{""branche"": {""code"": ""77_93313"", ""n"": 26331, ""share"": 0.8138, ""label_da"": """"}, ""db07"": {""code"": ""862300"", ""n"": 16125, ""share"": 0.9982, ""label_da"": """"}}",empirical_industry_crosswalk
nace,LAB_nace_851320,851320,,,,branche,77_93314,,,1429,0.9678,4847.35,,,none,none,"{""branche"": {""code"": ""77_93314"", ""n"": 1429, ""share"": 0.9678, ""label_da"": """"}, ""db07"": {""code"": ""325000"", ""n"": 857, ""share"": 0.5706, ""label_da"": """"}}",empirical_industry_crosswalk
nace,LAB_nace_851410,851410,,,,branche,77_93319,,,30071,0.5295,119.421,,,none,none,"{""branche"": {""code"": ""77_93319"", ""n"": 30071, ""share"": 0.5295, ""label_da"": """"}, ""db07"": {""code"": ""869010"", ""n"": 6701, ""share"": 0.9907, ""label_da"": """"}}",empirical_industry_crosswalk
nace,LAB_nace_851420,851420,,,,branche,77_93316,,,1810,0.5077,4026.005,,,none,none,"{""branche"": {""code"": ""77_93316"", ""n"": 1810, ""share"": 0.5077, ""label_da"": """"}, ""db07"": {""code"": ""869010"", ""n"": 372, ""share"": 1.0, ""label_da"": """"}}",empirical_industry_crosswalk
nace,LAB_nace_851430,851430,,,,branche,77_93317,,,3940,0.9091,932.71,,,none,none,"{""branche"": {""code"": ""77_93317"", ""n"": 3940, ""share"": 0.9091, ""label_da"": """"}, ""db07"": {""code"": ""869020"", ""n"": 3506, ""share"": 0.9932, ""label_da"": """"}}",empirical_industry_crosswalk
nace,LAB_nace_851440,851440,,,,db07,869030,,,6372,0.9965,497.377,,,none,none,"{""branche"": {""code"": ""77_93319"", ""n"": 7572, ""share"": 0.7898, ""label_da"": """"}, ""db07"": {""code"": ""869030"", ""n"": 6372, ""share"": 0.9965, ""label_da"": """"}}",empirical_industry_crosswalk
nace,LAB_nace_851450,851450,,,,branche,77_93319,,,793,0.9533,215.02,,,none,none,"{""branche"": {""code"": ""77_93319"", ""n"": 793, ""share"": 0.9533, ""label_da"": """"}, ""db07"": {""code"": ""869090"", ""n"": 435, ""share"": 1.0, ""label_da"": """"}}",empirical_industry_crosswalk
nace,LAB_nace_851460,851460,,,,branche,77_93319,,,1364,0.9421,212.481,,,none,none,"{""branche"": {""code"": ""77_93319"", ""n"": 1364, ""share"": 0.9421, ""label_da"": """"}}",empirical_industry_crosswalk
nace,LAB_nace_851470,851470,,,,branche,77_93319,,,1242,0.934,210.653,,,none,none,"{""branche"": {""code"": ""77_93319"", ""n"": 1242, ""share"": 0.934, ""label_da"": """"}, ""db07"": {""code"": ""869040"", ""n"": 1084, ""share"": 0.9935, ""label_da"": """"}}",empirical_industry_crosswalk
nace,LAB_nace_851480,851480,,,,db07,869090,,,1137,0.9921,630.532,,,none,none,"{""branche"": {""code"": ""77_93317"", ""n"": 1040, ""share"": 0.9923, ""label_da"": """"}, ""db07"": {""code"": ""869090"", ""n"": 1137, ""share"": 0.9921, ""label_da"": """"}}",empirical_industry_crosswalk
nace,LAB_nace_851490,851490,,,,branche,77_93319,,,3945,0.9488,213.995,,,none,none,"{""branche"": {""code"": ""77_93319"", ""n"": 3945, ""share"": 0.9488, ""label_da"": """"}, ""db07"": {""code"": ""869090"", ""n"": 3414, ""share"": 0.9906, ""label_da"": """"}}",empirical_industry_crosswalk
nace,LAB_nace_852000,852000,,,,branche,77_93320,,,3453,0.9473,1787.603,,,none,none,"{""branche"": {""code"": ""77_93320"", ""n"": 3453, ""share"": 0.9473, ""label_da"": """"}, ""db07"": {""code"": ""750000"", ""n"": 2736, ""share"": 0.9996, ""label_da"": """"}}",empirical_industry_crosswalk
nace,LAB_nace_853110,853110,,,,branche,77_93404,,,32688,0.6464,155.977,,,none,none,"{""branche"": {""code"": ""77_93404"", ""n"": 32688, ""share"": 0.6464, ""label_da"": """"}, ""db07"": {""code"": ""879010"", ""n"": 14639, ""share"": 0.7477, ""label_da"": """"}}",empirical_industry_crosswalk
nace,LAB_nace_853120,853120,,,,branche,77_93404,,,15062,0.5775,139.356,,,none,none,"{""branche"": {""code"": ""77_93404"", ""n"": 15062, ""share"": 0.5775, ""label_da"": """"}, ""db07"": {""code"": ""879020"", ""n"": 6771, ""share"": 0.8771, ""label_da"": """"}}",empirical_industry_crosswalk
nace,LAB_nace_853130,853130,,,,branche,77_93407,,,3073,0.7849,2178.077,,,none,none,"{""branche"": {""code"": ""77_93407"", ""n"": 3073, ""share"": 0.7849, ""label_da"": """"}, ""db07"": {""code"": ""872020"", ""n"": 1671, ""share"": 1.0, ""label_da"": """"}}",empirical_industry_crosswalk
nace,LAB_nace_853140,853140,,,,branche,77_93406,,,76375,0.6017,63.824,,,none,none,"{""branche"": {""code"": ""77_93406"", ""n"": 76375, ""share"": 0.6017, ""label_da"": """"}, ""db07"": {""code"": ""873010"", ""n"": 35766, ""share"": 0.4288, ""label_da"": """"}}",empirical_industry_crosswalk
nace,LAB_nace_853150,853150,,,,branche,77_93408,,,258238,0.6,19.524,,,none,none,"{""branche"": {""code"": ""77_93408"", ""n"": 258238, ""share"": 0.6, ""label_da"": """"}, ""db07"": {""code"": ""873020"", ""n"": 104797, ""share"": 0.0295, ""label_da"": """"}}",empirical_industry_crosswalk
nace,LAB_nace_853160,853160,,,,branche,77_93409,,,7760,0.6023,155.396,,,none,none,"{""branche"": {""code"": ""77_93409"", ""n"": 7760, ""share"": 0.6023, ""label_da"": """"}, ""db07"": {""code"": ""879090"", ""n"": 3672, ""share"": 0.9793, ""label_da"": """"}}",empirical_industry_crosswalk
nace,LAB_nace_853190,853190,,,,db07,879090,,,1579,0.9994,607.729,,,none,none,"{""branche"": {""code"": ""77_93409"", ""n"": 1173, ""share"": 0.7698, ""label_da"": """"}, ""db07"": {""code"": ""879090"", ""n"": 1579, ""share"": 0.9994, ""label_da"": """"}}",empirical_industry_crosswalk
nace,LAB_nace_853205,853205,,,,branche,77_93402,,,44856,0.7927,29.131,,,none,none,"{""branche"": {""code"": ""77_93402"", ""n"": 44856, ""share"": 0.7927, ""label_da"": """"}, ""db07"": {""code"": ""889110"", ""n"": 16913, ""share"": 0.5757, ""label_da"": """"}}",empirical_industry_crosswalk
nace,LAB_nace_853210,853210,,,,branche,77_93402,,,40529,0.6019,22.118,,,none,none,"{""branche"": {""code"": ""77_93402"", ""n"": 40529, ""share"": 0.6019, ""label_da"": """"}, ""db07"": {""code"": ""889120"", ""n"": 9231, ""share"": 0.9942, ""label_da"": """"}}",empirical_industry_crosswalk
nace,LAB_nace_853215,853215,,,,branche,77_93402,,,94284,0.6356,23.359,,,none,none,"{""branche"": {""code"": ""77_93402"", ""n"": 94284, ""share"": 0.6356, ""label_da"": """"}, ""db07"": {""code"": ""889130"", ""n"": 29391, ""share"": 0.9993, ""label_da"": """"}}",empirical_industry_crosswalk
nace,LAB_nace_853220,853220,,,,branche,77_93403,,,60255,0.6398,85.817,,,none,none,"{""branche"": {""code"": ""77_93403"", ""n"": 60255, ""share"": 0.6398, ""label_da"": """"}, ""db07"": {""code"": ""889140"", ""n"": 22958, ""share"": 0.9976, ""label_da"": """"}}",empirical_industry_crosswalk
nace,LAB_nace_853225,853225,,,,branche,77_93402,,,126839,0.6265,23.022,,,none,none,"{""branche"": {""code"": ""77_93402"", ""n"": 126839, ""share"": 0.6265, ""label_da"": """"}, ""db07"": {""code"": ""889150"", ""n"": 50652, ""share"": 0.9958, ""label_da"": """"}}",empirical_industry_crosswalk
nace,LAB_nace_853230,853230,,,,branche,77_93403,,,18692,0.5983,80.253,,,none,none,"{""branche"": {""code"": ""77_93403"", ""n"": 18692, ""share"": 0.5983, ""label_da"": """"}, ""db07"": {""code"": ""889160"", ""n"": 4827, ""share"": 0.9969, ""label_da"": """"}}",empirical_industry_crosswalk
nace,LAB_nace_853235,853235,,,,branche,77_93408,,,105577,0.5782,18.816,,,none,none,"{""branche"": {""code"": ""77_93408"", ""n"": 105577, ""share"": 0.5782, ""label_da"": """"}, ""db07"": {""code"": ""881010"", ""n"": 30772, ""share"": 0.9919, ""label_da"": """"}}",empirical_industry_crosswalk
nace,LAB_nace_853240,853240,,,,branche,77_93408,,,15582,0.5754,18.724,,,none,none,"{""branche"": {""code"": ""77_93408"", ""n"": 15582, ""share"": 0.5754, ""label_da"": """"}, ""db07"": {""code"": ""881020"", ""n"": 6942, ""share"": 0.986, ""label_da"": """"}}",empirical_industry_crosswalk
nace,LAB_nace_853245,853245,,,,branche,77_93406,,,28989,0.5061,53.682,,,none,none,"{""branche"": {""code"": ""77_93406"", ""n"": 28989, ""share"": 0.5061, ""label_da"": """"}, ""db07"": {""code"": ""881030"", ""n"": 12648, ""share"": 0.99, ""label_da"": """"}}",empirical_industry_crosswalk
nace,LAB_nace_853250,853250,,,,branche,77_93409,,,12088,0.7761,200.22,,,none,none,"{""branche"": {""code"": ""77_93409"", ""n"": 12088, ""share"": 0.7761, ""label_da"": """"}, ""db07"": {""code"": ""889920"", ""n"": 640, ""share"": 1.0, ""label_da"": """"}}",empirical_industry_crosswalk
nace,LAB_nace_853255,853255,,,,branche,77_93406,,,7602,0.8243,87.431,,,none,none,"{""branche"": {""code"": ""77_93406"", ""n"": 7602, ""share"": 0.8243, ""label_da"": """"}, ""db07"": {""code"": ""889910"", ""n"": 4791, ""share"": 1.0, ""label_da"": """"}}",empirical_industry_crosswalk
nace,LAB_nace_853260,853260,,,,db07,889910,,,5821,0.9988,297.69,,,none,none,"{""branche"": {""code"": ""77_81090"", ""n"": 2890, ""share"": 0.0792, ""label_da"": """"}, ""db07"": {""code"": ""889910"", ""n"": 5821, ""share"": 0.9988, ""label_da"": """"}}",empirical_industry_crosswalk
nace,LAB_nace_853290,853290,,,,db07,889990,,,9663,0.986,318.526,,,none,none,"{""branche"": {""code"": ""77_93409"", ""n"": 10982, ""share"": 0.7049, ""label_da"": """"}, ""db07"": {""code"": ""889990"", ""n"": 9663, ""share"": 0.986, ""label_da"": """"}}",empirical_industry_crosswalk
nace,LAB_nace_900010,900010,,,,branche,77_92011,,,5482,0.7021,1322.221,,,none,none,"{""branche"": {""code"": ""77_92011"", ""n"": 5482, ""share"": 0.7021, ""label_da"": """"}}",empirical_industry_crosswalk
nace,LAB_nace_900020,900020,,,,branche,77_92012,,,86234,0.487,77.905,,,none,none,"{""branche"": {""code"": ""77_92012"", ""n"": 86234, ""share"": 0.487, ""label_da"": """"}}",empirical_industry_crosswalk
nace,LAB_nace_900030,900030,,,,branche,77_92012,,,4886,0.7323,117.15,,,none,none,"{""branche"": {""code"": ""77_92012"", ""n"": 4886, ""share"": 0.7323, ""label_da"": """"}}",empirical_industry_crosswalk
nace,LAB_nace_900100,900100,,,,db07,370000,,,2689,0.9978,1182.996,,,none,none,"{""db07"": {""code"": ""370000"", ""n"": 2689, ""share"": 0.9978, ""label_da"": """"}}",empirical_industry_crosswalk
nace,LAB_nace_900210,900210,,,,db07,381100,,,3898,0.9413,248.491,,,none,none,"{""db07"": {""code"": ""381100"", ""n"": 3898, ""share"": 0.9413, ""label_da"": """"}}",empirical_industry_crosswalk
nace,LAB_nace_900220,900220,,,,db07,382120,,,2349,0.3274,1354.73,,,none,none,"{""db07"": {""code"": ""382120"", ""n"": 2349, ""share"": 0.3274, ""label_da"": """"}}",empirical_industry_crosswalk
nace,LAB_nace_900310,900310,,,,db07,381100,,,12810,0.6545,172.785,,,none,none,"{""db07"": {""code"": ""381100"", ""n"": 12810, ""share"": 0.6545, ""label_da"": """"}}",empirical_industry_crosswalk
nace,LAB_nace_900320,900320,,,,db07,390000,,,86,1.0,14464.823,,,none,none,"{""db07"": {""code"": ""390000"", ""n"": 86, ""share"": 1.0, ""label_da"": """"}}",empirical_industry_crosswalk
nace,LAB_nace_911100,911100,,,,branche,77_93501,,,20056,0.7474,353.373,,,none,none,"{""branche"": {""code"": ""77_93501"", ""n"": 20056, ""share"": 0.7474, ""label_da"": """"}, ""db07"": {""code"": ""941100"", ""n"": 7842, ""share"": 1.0, ""label_da"": """"}}",empirical_industry_crosswalk
nace,LAB_nace_911200,911200,,,,branche,77_93993,,,4834,0.8335,1474.301,,,none,none,"{""branche"": {""code"": ""77_93993"", ""n"": 4834, ""share"": 0.8335, ""label_da"": """"}, ""db07"": {""code"": ""941200"", ""n"": 2028, ""share"": 0.998, ""label_da"": """"}}",empirical_industry_crosswalk
nace,LAB_nace_912000,912000,,,,branche,77_93502,,,25831,0.9395,271.629,,,none,none,"{""branche"": {""code"": ""77_93502"", ""n"": 25831, ""share"": 0.9395, ""label_da"": """"}, ""db07"": {""code"": ""942000"", ""n"": 12064, ""share"": 1.0, ""label_da"": """"}}",empirical_industry_crosswalk
nace,LAB_nace_913100,913100,,,,db07,949100,,,29608,0.9999,107.375,,,none,none,"{""branche"": {""code"": ""77_93910"", ""n"": 19700, ""share"": 0.8108, ""label_da"": """"}, ""db07"": {""code"": ""949100"", ""n"": 29608, ""share"": 0.9999, ""label_da"": """"}}",empirical_industry_crosswalk
nace,LAB_nace_913110,913110,,,,branche,77_93910,,,33605,0.8303,128.903,,,none,none,"{""branche"": {""code"": ""77_93910"", ""n"": 33605, ""share"": 0.8303, ""label_da"": """"}}",empirical_industry_crosswalk
nace,LAB_nace_913120,913120,,,,branche,77_93910,,,3260,0.7954,123.486,,,none,none,"{""branche"": {""code"": ""77_93910"", ""n"": 3260, ""share"": 0.7954, ""label_da"": """"}}",empirical_industry_crosswalk
nace,LAB_nace_913200,913200,,,,branche,77_93991,,,1297,0.9175,5628.092,,,none,none,"{""branche"": {""code"": ""77_93991"", ""n"": 1297, ""share"": 0.9175, ""label_da"": """"}, ""db07"": {""code"": ""949200"", ""n"": 589, ""share"": 1.0, ""label_da"": """"}}",empirical_industry_crosswalk
nace,LAB_nace_913310,913310,,,,branche,77_93504,,,716,0.8925,10175.374,,,none,none,"{""branche"": {""code"": ""77_93504"", ""n"": 716, ""share"": 0.8925, ""label_da"": """"}, ""db07"": {""code"": ""949900"", ""n"": 150, ""share"": 0.9933, ""label_da"": """"}}",empirical_industry_crosswalk
nace,LAB_nace_913320,913320,,,,branche,77_93995,,,1084,0.8745,6150.734,,,none,none,"{""branche"": {""code"": ""77_93995"", ""n"": 1084, ""share"": 0.8745, ""label_da"": """"}, ""db07"": {""code"": ""949900"", ""n"": 456, ""share"": 1.0, ""label_da"": """"}}",empirical_industry_crosswalk
nace,LAB_nace_913330,913330,,,,branche,77_93992,,,3538,0.872,1821.463,,,none,none,"{""branche"": {""code"": ""77_93992"", ""n"": 3538, ""share"": 0.872, ""label_da"": """"}, ""db07"": {""code"": ""949900"", ""n"": 1750, ""share"": 1.0, ""label_da"": """"}}",empirical_industry_crosswalk
nace,LAB_nace_913340,913340,,,,branche,77_93994,,,3470,0.8571,1948.91,,,none,none,"{""branche"": {""code"": ""77_93994"", ""n"": 3470, ""share"": 0.8571, ""label_da"": """"}, ""db07"": {""code"": ""949900"", ""n"": 1772, ""share"": 0.9893, ""label_da"": """"}}",empirical_industry_crosswalk
nace,LAB_nace_913390,913390,,,,branche,77_93996,,,4609,0.8854,1540.621,,,none,none,"{""branche"": {""code"": ""77_93996"", ""n"": 4609, ""share"": 0.8854, ""label_da"": """"}, ""db07"": {""code"": ""949900"", ""n"": 1056, ""share"": 0.9991, ""label_da"": """"}}",empirical_industry_crosswalk
nace,LAB_nace_921100,921100,,,,branche,77_94110,,,6934,0.8933,868.508,,,none,none,"{""branche"": {""code"": ""77_94110"", ""n"": 6934, ""share"": 0.8933, ""label_da"": """"}, ""db07"": {""code"": ""591110"", ""n"": 4460, ""share"": 0.5751, ""label_da"": """"}}",empirical_industry_crosswalk
nace,LAB_nace_921200,921200,,,,branche,77_94121,,,779,0.9525,7823.072,,,none,none,"{""branche"": {""code"": ""77_94121"", ""n"": 779, ""share"": 0.9525, ""label_da"": """"}, ""db07"": {""code"": ""591300"", ""n"": 329, ""share"": 1.0, ""label_da"": """"}}",empirical_industry_crosswalk
nace,LAB_nace_921300,921300,,,,branche,77_94122,,,3168,0.8892,2211.738,,,none,none,"{""branche"": {""code"": ""77_94122"", ""n"": 3168, ""share"": 0.8892, ""label_da"": """"}, ""db07"": {""code"": ""591400"", ""n"": 2167, ""share"": 0.9949, ""label_da"": """"}}",empirical_industry_crosswalk
nace,LAB_nace_922000,922000,,,,branche,77_94130,,,17361,0.9053,414.78,,,none,none,"{""branche"": {""code"": ""77_94130"", ""n"": 17361, ""share"": 0.9053, ""label_da"": """"}}",empirical_industry_crosswalk
nace,LAB_nace_922010,922010,,,,db07,602000,,,7609,0.9067,409.44,,,none,none,"{""db07"": {""code"": ""602000"", ""n"": 7609, ""share"": 0.9067, ""label_da"": """"}}",empirical_industry_crosswalk
nace,LAB_nace_922020,922020,,,,db07,601000,,,1048,0.9981,3030.714,,,none,none,"{""db07"": {""code"": ""601000"", ""n"": 1048, ""share"": 0.9981, ""label_da"": """"}}",empirical_industry_crosswalk
nace,LAB_nace_923110,923110,,,,branche,77_94141,,,10955,0.7684,653.254,,,none,none,"{""branche"": {""code"": ""77_94141"", ""n"": 10955, ""share"": 0.7684, ""label_da"": """"}, ""db07"": {""code"": ""900110"", ""n"": 5310, ""share"": 0.8544, ""label_da"": """"}}",empirical_industry_crosswalk
nace,LAB_nace_923120,923120,,,,branche,77_94150,,,1033,0.9603,3912.956,,,none,none,"{""branche"": {""code"": ""77_94150"", ""n"": 1033, ""share"": 0.9603, ""label_da"": """"}, ""db07"": {""code"": ""900120"", ""n"": 1316, ""share"": 0.6071, ""label_da"": """"}}",empirical_industry_crosswalk
nace,LAB_nace_923200,923200,,,,branche,77_94149,,,5771,0.7347,844.762,,,none,none,"{""branche"": {""code"": ""77_94149"", ""n"": 5771, ""share"": 0.7347, ""label_da"": """"}, ""db07"": {""code"": ""900400"", ""n"": 2343, ""share"": 0.8361, ""label_da"": """"}}",empirical_industry_crosswalk
nace,LAB_nace_923300,923300,,,,branche,77_94901,,,8610,0.9217,829.081,,,none,none,"{""branche"": {""code"": ""77_94901"", ""n"": 8610, ""share"": 0.9217, ""label_da"": """"}, ""db07"": {""code"": ""932100"", ""n"": 4442, ""share"": 1.0, ""label_da"": """"}}",empirical_industry_crosswalk
nace,LAB_nace_923400,923400,,,,branche,77_94909,,,755,0.9086,857.523,,,none,none,"{""branche"": {""code"": ""77_94909"", ""n"": 755, ""share"": 0.9086, ""label_da"": """"}, ""db07"": {""code"": ""932990"", ""n"": 822, ""share"": 0.3017, ""label_da"": """"}}",empirical_industry_crosswalk
nace,LAB_nace_924000,924000,,,,branche,77_83291,,,1497,0.9359,3670.784,,,none,none,"{""branche"": {""code"": ""77_83291"", ""n"": 1497, ""share"": 0.9359, ""label_da"": """"}, ""db07"": {""code"": ""639100"", ""n"": 795, ""share"": 0.5057, ""label_da"": """"}}",empirical_industry_crosswalk
nace,LAB_nace_925110,925110,,,,branche,77_94200,,,20735,0.4462,135.509,,,none,none,"{""branche"": {""code"": ""77_94200"", ""n"": 20735, ""share"": 0.4462, ""label_da"": """"}, ""db07"": {""code"": ""910110"", ""n"": 8038, ""share"": 0.9943, ""label_da"": """"}}",empirical_industry_crosswalk
nace,LAB_nace_925120,925120,,,,branche,77_94200,,,4795,0.5558,168.807,,,none,none,"{""branche"": {""code"": ""77_94200"", ""n"": 4795, ""share"": 0.5558, ""label_da"": """"}, ""db07"": {""code"": ""910110"", ""n"": 917, ""share"": 1.0, ""label_da"": """"}}",empirical_industry_crosswalk
nace,LAB_nace_925130,925130,,,,branche,77_94200,,,1264,0.5649,171.567,,,none,none,"{""branche"": {""code"": ""77_94200"", ""n"": 1264, ""share"": 0.5649, ""label_da"": """"}, ""db07"": {""code"": ""910120"", ""n"": 599, ""share"": 1.0, ""label_da"": """"}}",empirical_industry_crosswalk
nace,LAB_nace_925200,925200,,,,branche,77_94200,,,13614,0.7076,214.911,,,none,none,"{""branche"": {""code"": ""77_94200"", ""n"": 13614, ""share"": 0.7076, ""label_da"": """"}, ""db07"": {""code"": ""910200"", ""n"": 6615, ""share"": 0.9807, ""label_da"": """"}}",empirical_industry_crosswalk
nace,LAB_nace_925300,925300,,,,db07,910400,,,1671,1.0,1903.266,,,none,none,"{""branche"": {""code"": ""77_94200"", ""n"": 1960, ""share"": 0.8423, ""label_da"": """"}, ""db07"": {""code"": ""910400"", ""n"": 1671, ""share"": 1.0, ""label_da"": """"}}",empirical_industry_crosswalk
nace,LAB_nace_926110,926110,,,,branche,77_94903,,,10656,0.6231,325.971,,,none,none,"{""branche"": {""code"": ""77_94903"", ""n"": 10656, ""share"": 0.6231, ""label_da"": """"}, ""db07"": {""code"": ""931100"", ""n"": 4178, ""share"": 1.0, ""label_da"": """"}}",empirical_industry_crosswalk
nace,LAB_nace_926190,926190,,,,branche,77_94903,,,8672,0.8367,437.707,,,none,none,"{""branche"": {""code"": ""77_94903"", ""n"": 8672, ""share"": 0.8367, ""label_da"": """"}, ""db07"": {""code"": ""931100"", ""n"": 4662, ""share"": 0.9974, ""label_da"": """"}}",empirical_industry_crosswalk
nace,LAB_nace_926210,926210,,,,branche,77_94902,,,14505,0.8561,490.949,,,none,none,"{""branche"": {""code"": ""77_94902"", ""n"": 14505, ""share"": 0.8561, ""label_da"": """"}, ""db07"": {""code"": ""931200"", ""n"": 10321, ""share"": 1.0, ""label_da"": """"}}",empirical_industry_crosswalk
nace,LAB_nace_926220,926220,,,,db07,932910,,,252,1.0,12578.107,,,none,none,"{""db07"": {""code"": ""932910"", ""n"": 252, ""share"": 1.0, ""label_da"": """"}}",empirical_industry_crosswalk
nace,LAB_nace_926290,926290,,,,branche,77_94909,,,3711,0.9181,866.463,,,none,none,"{""branche"": {""code"": ""77_94909"", ""n"": 3711, ""share"": 0.9181, ""label_da"": """"}, ""db07"": {""code"": ""931900"", ""n"": 2593, ""share"": 0.5453, ""label_da"": """"}}",empirical_industry_crosswalk
nace,LAB_nace_927100,927100,,,,branche,77_94909,,,2899,0.9279,875.735,,,none,none,"{""branche"": {""code"": ""77_94909"", ""n"": 2899, ""share"": 0.9279, ""label_da"": """"}, ""db07"": {""code"": ""920000"", ""n"": 2027, ""share"": 0.9931, ""label_da"": """"}}",empirical_industry_crosswalk
nace,LAB_nace_927200,927200,,,,branche,77_94149,,,1092,0.8819,1013.965,,,none,none,"{""branche"": {""code"": ""77_94149"", ""n"": 1092, ""share"": 0.8819, ""label_da"": """"}, ""db07"": {""code"": ""932990"", ""n"": 621, ""share"": 0.8132, ""label_da"": """"}}",empirical_industry_crosswalk
nace,LAB_nace_930110,930110,,,,branche,77_95201,,,12440,0.8215,581.476,,,none,none,"{""branche"": {""code"": ""77_95201"", ""n"": 12440, ""share"": 0.8215, ""label_da"": """"}, ""db07"": {""code"": ""960110"", ""n"": 4195, ""share"": 0.9926, ""label_da"": """"}}",empirical_industry_crosswalk
nace,LAB_nace_930120,930120,,,,branche,77_95202,,,647,0.9274,8947.685,,,none,none,"{""branche"": {""code"": ""77_95202"", ""n"": 647, ""share"": 0.9274, ""label_da"": """"}, ""db07"": {""code"": ""960120"", ""n"": 128, ""share"": 1.0, ""label_da"": """"}}",empirical_industry_crosswalk
nace,LAB_nace_930130,930130,,,,branche,77_95204,,,2073,0.9064,3285.008,,,none,none,"{""branche"": {""code"": ""77_95204"", ""n"": 2073, ""share"": 0.9064, ""label_da"": """"}, ""db07"": {""code"": ""960120"", ""n"": 691, ""share"": 0.9942, ""label_da"": """"}}",empirical_industry_crosswalk
nace,LAB_nace_930210,930210,,,,branche,77_95911,,,18961,0.9859,279.074,,,none,none,"{""branche"": {""code"": ""77_95911"", ""n"": 18961, ""share"": 0.9859, ""label_da"": """"}, ""db07"": {""code"": ""960210"", ""n"": 13476, ""share"": 0.9992, ""label_da"": """"}}",empirical_industry_crosswalk
nace,LAB_nace_930220,930220,,,,db07,960220,,,1317,0.9977,2381.855,,,none,none,"{""branche"": {""code"": ""77_95911"", ""n"": 1234, ""share"": 0.9538, ""label_da"": """"}, ""db07"": {""code"": ""960220"", ""n"": 1317, ""share"": 0.9977, ""label_da"": """"}}",empirical_industry_crosswalk
nace,LAB_nace_930310,930310,,,,branche,77_95993,,,1203,0.9152,2277.97,,,none,none,"{""branche"": {""code"": ""77_95993"", ""n"": 1203, ""share"": 0.9152, ""label_da"": """"}, ""db07"": {""code"": ""960300"", ""n"": 660, ""share"": 0.9955, ""label_da"": """"}}",empirical_industry_crosswalk
nace,LAB_nace_930320,930320,,,,branche,77_95993,,,2601,0.624,1553.118,,,none,none,"{""branche"": {""code"": ""77_95993"", ""n"": 2601, ""share"": 0.624, ""label_da"": """"}, ""db07"": {""code"": ""960300"", ""n"": 435, ""share"": 1.0, ""label_da"": """"}}",empirical_industry_crosswalk
nace,LAB_nace_930400,930400,,,,branche,77_95911,,,3572,0.8595,243.279,,,none,none,"{""branche"": {""code"": ""77_95911"", ""n"": 3572, ""share"": 0.8595, ""label_da"": """"}, ""db07"": {""code"": ""931300"", ""n"": 3172, ""share"": 0.4918, ""label_da"": """"}}",empirical_industry_crosswalk
nace,LAB_nace_930500,930500,,,,db07,960900,,,2616,0.9885,1210.376,,,none,none,"{""branche"": {""code"": ""77_95999"", ""n"": 1652, ""share"": 0.8366, ""label_da"": """"}, ""db07"": {""code"": ""960900"", ""n"": 2616, ""share"": 0.9885, ""label_da"": """"}}",empirical_industry_crosswalk
nace,LAB_nace_950000,950000,,,,db07,970000,,,2730,0.9952,1142.947,,,none,none,"{""branche"": {""code"": ""77_95400"", ""n"": 2491, ""share"": 0.9173, ""label_da"": """"}, ""db07"": {""code"": ""970000"", ""n"": 2730, ""share"": 0.9952, ""label_da"": """"}}",empirical_industry_crosswalk
nace,LAB_nace_990000,990000,,,,branche,77_96002,,,400,0.9175,17775.231,,,none,none,"{""branche"": {""code"": ""77_96002"", ""n"": 400, ""share"": 0.9175, ""label_da"": """"}, ""db07"": {""code"": ""990000"", ""n"": 254, ""share"": 1.0, ""label_da"": """"}}",empirical_industry_crosswalk
db07,LAB_db07_11100,11100,,,,nace,11110,,,19862,0.8989,156.348,,,none,none,"{""nace"": {""code"": ""11110"", ""n"": 19862, ""share"": 0.8989, ""label_da"": """"}}",empirical_industry_crosswalk
db07,LAB_db07_11200,11200,,,,,,,,,,,,,none,none,{},empirical_industry_crosswalk
db07,LAB_db07_11300,11300,,,,nace,11210,,,6387,0.7038,341.609,,,none,none,"{""nace"": {""code"": ""11210"", ""n"": 6387, ""share"": 0.7038, ""label_da"": """"}}",empirical_industry_crosswalk
db07,LAB_db07_11400,11400,,,,,,,,,,,,,none,none,{},empirical_industry_crosswalk
db07,LAB_db07_11500,11500,,,,,,,,,,,,,none,none,{},empirical_industry_crosswalk
db07,LAB_db07_11600,11600,,,,,,,,,,,,,none,none,{},empirical_industry_crosswalk
db07,LAB_db07_11900,11900,,,,nace,11190,,,4352,0.5834,313.927,,,none,none,"{""nace"": {""code"": ""11190"", ""n"": 4352, ""share"": 0.5834, ""label_da"": """"}}",empirical_industry_crosswalk
db07,LAB_db07_12100,12100,,,,,,,,,,,,,none,none,{},empirical_industry_crosswalk
db07,LAB_db07_12110,12110,,,,,,,,,,,,,none,none,{},empirical_industry_crosswalk
db07,LAB_db07_12200,12200,,,,,,,,,,,,,none,none,{},empirical_industry_crosswalk
db07,LAB_db07_12300,12300,,,,,,,,,,,,,none,none,{},empirical_industry_crosswalk
db07,LAB_db07_12400,12400,,,,nace,11300,,,922,0.7625,2151.053,,,none,none,"{""nace"": {""code"": ""11300"", ""n"": 922, ""share"": 0.7625, ""label_da"": """"}}",empirical_industry_crosswalk
db07,LAB_db07_12500,12500,,,,nace,11300,,,430,0.9698,2735.863,,,none,none,"{""nace"": {""code"": ""11300"", ""n"": 430, ""share"": 0.9698, ""label_da"": """"}}",empirical_industry_crosswalk
db07,LAB_db07_12600,12600,,,,,,,,,,,,,none,none,{},empirical_industry_crosswalk
db07,LAB_db07_12700,12700,,,,,,,,,,,,,none,none,{},empirical_industry_crosswalk
db07,LAB_db07_12800,12800,,,,nace,11210,,,113,1.0,485.397,,,none,none,"{""nace"": {""code"": ""11210"", ""n"": 113, ""share"": 1.0, ""label_da"": """"}}",empirical_industry_crosswalk
db07,LAB_db07_12900,12900,,,,nace,20100,,,192,0.5312,498.254,,,none,none,"{""nace"": {""code"": ""20100"", ""n"": 192, ""share"": 0.5312, ""label_da"": """"}}",empirical_industry_crosswalk
db07,LAB_db07_13000,13000,,,,nace,11220,,,3551,0.9786,896.159,,,none,none,"{""nace"": {""code"": ""11220"", ""n"": 3551, ""share"": 0.9786, ""label_da"": """"}}",empirical_industry_crosswalk
db07,LAB_db07_14100,14100,,,,nace,12110,,,13326,0.9851,237.462,,,none,none,"{""nace"": {""code"": ""12110"", ""n"": 13326, ""share"": 0.9851, ""label_da"": """"}}",empirical_industry_crosswalk
db07,LAB_db07_14200,14200,,,,nace,12190,,,779,0.9217,3974.353,,,none,none,"{""nace"": {""code"": ""12190"", ""n"": 779, ""share"": 0.9217, ""label_da"": """"}}",empirical_industry_crosswalk
db07,LAB_db07_14300,14300,,,,nace,12210,,,530,0.9019,5627.528,,,none,none,"{""nace"": {""code"": ""12210"", ""n"": 530, ""share"": 0.9019, ""label_da"": """"}}",empirical_industry_crosswalk
db07,LAB_db07_14400,14400,,,,,,,,,,,,,none,none,{},empirical_industry_crosswalk
db07,LAB_db07_14500,14500,,,,nace,12220,,,61,0.918,51252.981,,,none,none,"{""nace"": {""code"": ""12220"", ""n"": 61, ""share"": 0.918, ""label_da"": """"}}",empirical_industry_crosswalk
db07,LAB_db07_14610,14610,,,,nace,12300,,,7936,0.9821,245.759,,,none,none,"{""nace"": {""code"": ""12300"", ""n"": 7936, ""share"": 0.9821, ""label_da"": """"}}",empirical_industry_crosswalk
db07,LAB_db07_14620,14620,,,,nace,12300,,,4856,0.9776,244.62,,,none,none,"{""nace"": {""code"": ""12300"", ""n"": 4856, ""share"": 0.9776, ""label_da"": """"}}",empirical_industry_crosswalk
db07,LAB_db07_14700,14700,,,,nace,12400,,,916,0.9803,3451.026,,,none,none,"{""nace"": {""code"": ""12400"", ""n"": 916, ""share"": 0.9803, ""label_da"": """"}}",empirical_industry_crosswalk
db07,LAB_db07_14910,14910,,,,nace,12530,,,127,0.9921,25057.173,,,none,none,"{""nace"": {""code"": ""12530"", ""n"": 127, ""share"": 0.9921, ""label_da"": """"}}",empirical_industry_crosswalk
db07,LAB_db07_14920,14920,,,,nace,12590,,,4462,0.0556,713.192,,,none,none,"{""nace"": {""code"": ""12590"", ""n"": 4462, ""share"": 0.0556, ""label_da"": """"}}",empirical_industry_crosswalk
db07,LAB_db07_15000,15000,,,,nace,13000,,,3117,0.9352,916.83,,,none,none,"{""nace"": {""code"": ""13000"", ""n"": 3117, ""share"": 0.9352, ""label_da"": """"}}",empirical_industry_crosswalk
db07,LAB_db07_16100,16100,,,,nace,14110,,,3098,0.9739,917.424,,,none,none,"{""nace"": {""code"": ""14110"", ""n"": 3098, ""share"": 0.9739, ""label_da"": """"}}",empirical_industry_crosswalk
db07,LAB_db07_16200,16200,,,,nace,14200,,,1469,0.7958,2147.903,,,none,none,"{""nace"": {""code"": ""14200"", ""n"": 1469, ""share"": 0.7958, ""label_da"": """"}}",empirical_industry_crosswalk
db07,LAB_db07_16300,16300,,,,nace,14190,,,2,1.0,0.0,,,none,none,"{""nace"": {""code"": ""14190"", ""n"": 2, ""share"": 1.0, ""label_da"": """"}}",empirical_industry_crosswalk
db07,LAB_db07_16400,16400,,,,nace,156120,,,488,1.0,6521.027,,,none,none,"{""nace"": {""code"": ""156120"", ""n"": 488, ""share"": 1.0, ""label_da"": """"}}",empirical_industry_crosswalk
db07,LAB_db07_17000,17000,,,,nace,15000,,,19,1.0,159113.05,,,none,none,"{""nace"": {""code"": ""15000"", ""n"": 19, ""share"": 1.0, ""label_da"": """"}}",empirical_industry_crosswalk
db07,LAB_db07_21000,21000,,,,nace,20100,,,3388,0.9619,902.179,,,none,none,"{""nace"": {""code"": ""20100"", ""n"": 3388, ""share"": 0.9619, ""label_da"": """"}}",empirical_industry_crosswalk
db07,LAB_db07_22000,22000,,,,nace,20100,,,21,0.9048,848.567,,,none,none,"{""nace"": {""code"": ""20100"", ""n"": 21, ""share"": 0.9048, ""label_da"": """"}}",empirical_industry_crosswalk
db07,LAB_db07_23000,23000,,,,,,,,,,,,,none,none,{},empirical_industry_crosswalk
db07,LAB_db07_24000,24000,,,,nace,20200,,,858,0.8485,3643.86,,,none,none,"{""nace"": {""code"": ""20200"", ""n"": 858, ""share"": 0.8485, ""label_da"": """"}}",empirical_industry_crosswalk
db07,LAB_db07_31100,31100,,,,nace,50100,,,2795,0.9968,1136.108,,,none,none,"{""nace"": {""code"": ""50100"", ""n"": 2795, ""share"": 0.9968, ""label_da"": """"}}",empirical_industry_crosswalk
db07,LAB_db07_31200,31200,,,,nace,50100,,,4,0.75,854.834,,,none,none,"{""nace"": {""code"": ""50100"", ""n"": 4, ""share"": 0.75, ""label_da"": """"}}",empirical_industry_crosswalk
db07,LAB_db07_32100,32100,,,,nace,50200,,,161,0.9876,5220.481,,,none,none,"{""nace"": {""code"": ""50200"", ""n"": 161, ""share"": 0.9876, ""label_da"": """"}}",empirical_industry_crosswalk
db07,LAB_db07_32200,32200,,,,nace,50200,,,443,0.9977,5274.215,,,none,none,"{""nace"": {""code"": ""50200"", ""n"": 443, ""share"": 0.9977, ""label_da"": """"}}",empirical_industry_crosswalk
db07,LAB_db07_61000,61000,,,,nace,111000,,,1460,0.9897,2166.139,,,none,none,"{""nace"": {""code"": ""111000"", ""n"": 1460, ""share"": 0.9897, ""label_da"": """"}}",empirical_industry_crosswalk
db07,LAB_db07_62000,62000,,,,,,,,,,,,,none,none,{},empirical_industry_crosswalk
db07,LAB_db07_71000,71000,,,,,,,,,,,,,none,none,{},empirical_industry_crosswalk
db07,LAB_db07_72900,72900,,,,,,,,,,,,,none,none,{},empirical_industry_crosswalk
db07,LAB_db07_81100,81100,,,,nace,141120,,,176,0.0341,18081.028,,,none,none,"{""nace"": {""code"": ""141120"", ""n"": 176, ""share"": 0.0341, ""label_da"": """"}}",empirical_industry_crosswalk
db07,LAB_db07_81200,81200,,,,nace,142100,,,1056,0.9801,2978.966,,,none,none,"{""nace"": {""code"": ""142100"", ""n"": 1056, ""share"": 0.9801, ""label_da"": """"}}",empirical_industry_crosswalk
db07,LAB_db07_89100,89100,,,,nace,143000,,,1,1.0,0.0,,,none,none,"{""nace"": {""code"": ""143000"", ""n"": 1, ""share"": 1.0, ""label_da"": """"}}",empirical_industry_crosswalk
db07,LAB_db07_89200,89200,,,,nace,103000,,,101,1.0,31507.535,,,none,none,"{""nace"": {""code"": ""103000"", ""n"": 101, ""share"": 1.0, ""label_da"": """"}}",empirical_industry_crosswalk
db07,LAB_db07_89300,89300,,,,nace,144000,,,218,1.0,14597.528,,,none,none,"{""nace"": {""code"": ""144000"", ""n"": 218, ""share"": 1.0, ""label_da"": """"}}",empirical_industry_crosswalk
db07,LAB_db07_89900,89900,,,,nace,145000,,,156,0.9936,20399.109,,,none,none,"{""nace"": {""code"": ""145000"", ""n"": 156, ""share"": 0.9936, ""label_da"": """"}}",empirical_industry_crosswalk
db07,LAB_db07_91000,91000,,,,nace,112000,,,1801,1.0,1766.941,,,none,none,"{""nace"": {""code"": ""112000"", ""n"": 1801, ""share"": 1.0, ""label_da"": """"}}",empirical_industry_crosswalk
db07,LAB_db07_99000,99000,,,,nace,142100,,,4,1.0,3039.409,,,none,none,"{""nace"": {""code"": ""142100"", ""n"": 4, ""share"": 1.0, ""label_da"": """"}}",empirical_industry_crosswalk
db07,LAB_db07_101110,101110,,,,nace,151140,,,12255,0.0218,258.702,,,none,none,"{""nace"": {""code"": ""151140"", ""n"": 12255, ""share"": 0.0218, ""label_da"": """"}}",empirical_industry_crosswalk
db07,LAB_db07_101190,101190,,,,nace,151120,,,2095,0.5776,1518.979,,,none,none,"{""nace"": {""code"": ""151120"", ""n"": 2095, ""share"": 0.5776, ""label_da"": """"}}",empirical_industry_crosswalk
db07,LAB_db07_101200,101200,,,,nace,151200,,,2437,0.9996,1305.811,,,none,none,"{""nace"": {""code"": ""151200"", ""n"": 2437, ""share"": 0.9996, ""label_da"": """"}}",empirical_industry_crosswalk
db07,LAB_db07_101300,101300,,,,nace,151390,,,1297,0.8882,2149.426,,,none,none,"{""nace"": {""code"": ""151390"", ""n"": 1297, ""share"": 0.8882, ""label_da"": """"}}",empirical_industry_crosswalk
db07,LAB_db07_102010,102010,,,,nace,152030,,,261,1.0,11699.489,,,none,none,"{""nace"": {""code"": ""152030"", ""n"": 261, ""share"": 1.0, ""label_da"": """"}}",empirical_industry_crosswalk
db07,LAB_db07_102020,102020,,,,nace,152020,,,4987,0.2759,638.111,,,none,none,"{""nace"": {""code"": ""152020"", ""n"": 4987, ""share"": 0.2759, ""label_da"": """"}}",empirical_industry_crosswalk
db07,LAB_db07_103100,103100,,,,nace,153100,,,663,1.0,4799.79,,,none,none,"{""nace"": {""code"": ""153100"", ""n"": 663, ""share"": 1.0, ""label_da"": """"}}",empirical_industry_crosswalk
db07,LAB_db07_103200,103200,,,,nace,153200,,,353,0.9802,9014.904,,,none,none,"{""nace"": {""code"": ""153200"", ""n"": 353, ""share"": 0.9802, ""label_da"": """"}}",empirical_industry_crosswalk
db07,LAB_db07_103900,103900,,,,nace,153300,,,1672,0.9785,1734.676,,,none,none,"{""nace"": {""code"": ""153300"", ""n"": 1672, ""share"": 0.9785, ""label_da"": """"}}",empirical_industry_crosswalk
db07,LAB_db07_104100,104100,,,,nace,154200,,,560,0.8071,5682.609,,,none,none,"{""nace"": {""code"": ""154200"", ""n"": 560, ""share"": 0.8071, ""label_da"": """"}}",empirical_industry_crosswalk
db07,LAB_db07_104200,104200,,,,nace,154300,,,238,1.0,13370.845,,,none,none,"{""nace"": {""code"": ""154300"", ""n"": 238, ""share"": 1.0, ""label_da"": """"}}",empirical_industry_crosswalk
db07,LAB_db07_105100,105100,,,,nace,155120,,,9575,0.114,332.351,,,none,none,"{""nace"": {""code"": ""155120"", ""n"": 9575, ""share"": 0.114, ""label_da"": """"}}",empirical_industry_crosswalk
db07,LAB_db07_105200,105200,,,,nace,155200,,,753,1.0,4226.11,,,none,none,"{""nace"": {""code"": ""155200"", ""n"": 753, ""share"": 1.0, ""label_da"": """"}}",empirical_industry_crosswalk
db07,LAB_db07_106100,106100,,,,nace,156110,,,576,1.0,5524.759,,,none,none,"{""nace"": {""code"": ""156110"", ""n"": 576, ""share"": 1.0, ""label_da"": """"}}",empirical_industry_crosswalk
db07,LAB_db07_106200,106200,,,,nace,156200,,,182,1.0,17484.951,,,none,none,"{""nace"": {""code"": ""156200"", ""n"": 182, ""share"": 1.0, ""label_da"": """"}}",empirical_industry_crosswalk
db07,LAB_db07_107110,107110,,,,nace,158110,,,3970,1.0,790.427,,,none,none,"{""nace"": {""code"": ""158110"", ""n"": 3970, ""share"": 1.0, ""label_da"": """"}}",empirical_industry_crosswalk
db07,LAB_db07_107120,107120,,,,nace,158120,,,15170,0.9958,209.524,,,none,none,"{""nace"": {""code"": ""158120"", ""n"": 15170, ""share"": 0.9958, ""label_da"": """"}}",empirical_industry_crosswalk
db07,LAB_db07_107200,107200,,,,nace,158200,,,1457,0.9993,2184.119,,,none,none,"{""nace"": {""code"": ""158200"", ""n"": 1457, ""share"": 0.9993, ""label_da"": """"}}",empirical_industry_crosswalk
db07,LAB_db07_107300,107300,,,,nace,158500,,,190,1.0,16748.742,,,none,none,"{""nace"": {""code"": ""158500"", ""n"": 190, ""share"": 1.0, ""label_da"": """"}}",empirical_industry_crosswalk
db07,LAB_db07_108100,108100,,,,nace,158300,,,347,1.0,5357.342,,,none,none,"{""nace"": {""code"": ""158300"", ""n"": 347, ""share"": 1.0, ""label_da"": """"}}",empirical_industry_crosswalk
db07,LAB_db07_108200,108200,,,,nace,158400,,,3265,0.9994,974.659,,,none,none,"{""nace"": {""code"": ""158400"", ""n"": 3265, ""share"": 0.9994, ""label_da"": """"}}",empirical_industry_crosswalk
db07,LAB_db07_108300,108300,,,,nace,158600,,,222,1.0,14334.509,,,none,none,"{""nace"": {""code"": ""158600"", ""n"": 222, ""share"": 1.0, ""label_da"": """"}}",empirical_industry_crosswalk
db07,LAB_db07_108400,108400,,,,nace,158700,,,766,1.0,4154.388,,,none,none,"{""nace"": {""code"": ""158700"", ""n"": 766, ""share"": 1.0, ""label_da"": """"}}",empirical_industry_crosswalk
db07,LAB_db07_108500,108500,,,,nace,151310,,,2765,0.8401,1078.048,,,none,none,"{""nace"": {""code"": ""151310"", ""n"": 2765, ""share"": 0.8401, ""label_da"": """"}}",empirical_industry_crosswalk
db07,LAB_db07_108600,108600,,,,,,,,,,,,,none,none,{},empirical_industry_crosswalk
db07,LAB_db07_108900,108900,,,,nace,158910,,,3339,0.292,953.058,,,none,none,"{""nace"": {""code"": ""158910"", ""n"": 3339, ""share"": 0.292, ""label_da"": """"}}",empirical_industry_crosswalk
db07,LAB_db07_109100,109100,,,,nace,157110,,,2406,0.8475,1322.635,,,none,none,"{""nace"": {""code"": ""157110"", ""n"": 2406, ""share"": 0.8475, ""label_da"": """"}}",empirical_industry_crosswalk
db07,LAB_db07_109200,109200,,,,nace,157200,,,811,1.0,3923.873,,,none,none,"{""nace"": {""code"": ""157200"", ""n"": 811, ""share"": 1.0, ""label_da"": """"}}",empirical_industry_crosswalk
db07,LAB_db07_110100,110100,,,,nace,159100,,,223,1.0,14270.229,,,none,none,"{""nace"": {""code"": ""159100"", ""n"": 223, ""share"": 1.0, ""label_da"": """"}}",empirical_industry_crosswalk
db07,LAB_db07_110200,110200,,,,nace,159300,,,10,0.8,318226.1,,,none,none,"{""nace"": {""code"": ""159300"", ""n"": 10, ""share"": 0.8, ""label_da"": """"}}",empirical_industry_crosswalk
db07,LAB_db07_110300,110300,,,,nace,159400,,,3,1.0,1060753.667,,,none,none,"{""nace"": {""code"": ""159400"", ""n"": 3, ""share"": 1.0, ""label_da"": """"}}",empirical_industry_crosswalk
db07,LAB_db07_110400,110400,,,,,,,,,,,,,none,none,{},empirical_industry_crosswalk
db07,LAB_db07_110500,110500,,,,nace,159600,,,4284,0.9979,742.825,,,none,none,"{""nace"": {""code"": ""159600"", ""n"": 4284, ""share"": 0.9979, ""label_da"": """"}}",empirical_industry_crosswalk
db07,LAB_db07_110600,110600,,,,nace,159700,,,97,1.0,32806.814,,,none,none,"{""nace"": {""code"": ""159700"", ""n"": 97, ""share"": 1.0, ""label_da"": """"}}",empirical_industry_crosswalk
db07,LAB_db07_110700,110700,,,,nace,159800,,,531,1.0,5914.983,,,none,none,"{""nace"": {""code"": ""159800"", ""n"": 531, ""share"": 1.0, ""label_da"": """"}}",empirical_industry_crosswalk
db07,LAB_db07_120000,120000,,,,nace,160000,,,1367,1.0,2319.432,,,none,none,"{""nace"": {""code"": ""160000"", ""n"": 1367, ""share"": 1.0, ""label_da"": """"}}",empirical_industry_crosswalk
db07,LAB_db07_131000,131000,,,,nace,171000,,,288,1.0,11049.517,,,none,none,"{""nace"": {""code"": ""171000"", ""n"": 288, ""share"": 1.0, ""label_da"": """"}}",empirical_industry_crosswalk
db07,LAB_db07_132000,132000,,,,nace,172000,,,215,1.0,14801.214,,,none,none,"{""nace"": {""code"": ""172000"", ""n"": 215, ""share"": 1.0, ""label_da"": """"}}",empirical_industry_crosswalk
db07,LAB_db07_133000,133000,,,,nace,173000,,,540,0.9944,5882.122,,,none,none,"{""nace"": {""code"": ""173000"", ""n"": 540, ""share"": 0.9944, ""label_da"": """"}}",empirical_industry_crosswalk
db07,LAB_db07_139100,139100,,,,nace,176000,,,154,0.9935,20664.032,,,none,none,"{""nace"": {""code"": ""176000"", ""n"": 154, ""share"": 0.9935, ""label_da"": """"}}",empirical_industry_crosswalk
db07,LAB_db07_139210,139210,,,,nace,174020,,,1782,0.9989,1785.781,,,none,none,"{""nace"": {""code"": ""174020"", ""n"": 1782, ""share"": 0.9989, ""label_da"": """"}}",empirical_industry_crosswalk
db07,LAB_db07_139220,139220,,,,nace,174010,,,1274,0.7889,2497.85,,,none,none,"{""nace"": {""code"": ""174010"", ""n"": 1274, ""share"": 0.7889, ""label_da"": """"}}",empirical_industry_crosswalk
db07,LAB_db07_139300,139300,,,,nace,175100,,,920,1.0,3458.979,,,none,none,"{""nace"": {""code"": ""175100"", ""n"": 920, ""share"": 1.0, ""label_da"": """"}}",empirical_industry_crosswalk
db07,LAB_db07_139400,139400,,,,nace,175210,,,146,0.4041,21796.308,,,none,none,"{""nace"": {""code"": ""175210"", ""n"": 146, ""share"": 0.4041, ""label_da"": """"}}",empirical_industry_crosswalk
db07,LAB_db07_139500,139500,,,,nace,175300,,,510,1.0,6239.727,,,none,none,"{""nace"": {""code"": ""175300"", ""n"": 510, ""share"": 1.0, ""label_da"": """"}}",empirical_industry_crosswalk
db07,LAB_db07_139600,139600,,,,nace,175400,,,253,1.0,8486.029,,,none,none,"{""nace"": {""code"": ""175400"", ""n"": 253, ""share"": 1.0, ""label_da"": """"}}",empirical_industry_crosswalk
db07,LAB_db07_139900,139900,,,,nace,175400,,,138,0.8841,7502.142,,,none,none,"{""nace"": {""code"": ""175400"", ""n"": 138, ""share"": 0.8841, ""label_da"": """"}}",empirical_industry_crosswalk
db07,LAB_db07_141100,141100,,,,nace,181000,,,19,1.0,167487.421,,,none,none,"{""nace"": {""code"": ""181000"", ""n"": 19, ""share"": 1.0, ""label_da"": """"}}",empirical_industry_crosswalk
db07,LAB_db07_141200,141200,,,,nace,182100,,,640,1.0,4956.793,,,none,none,"{""nace"": {""code"": ""182100"", ""n"": 640, ""share"": 1.0, ""label_da"": """"}}",empirical_industry_crosswalk
db07,LAB_db07_141300,141300,,,,nace,182200,,,1093,0.9854,2911.492,,,none,none,"{""nace"": {""code"": ""182200"", ""n"": 1093, ""share"": 0.9854, ""label_da"": """"}}",empirical_industry_crosswalk
db07,LAB_db07_141400,141400,,,,nace,182310,,,320,0.2313,9944.566,,,none,none,"{""nace"": {""code"": ""182310"", ""n"": 320, ""share"": 0.2313, ""label_da"": """"}}",empirical_industry_crosswalk
db07,LAB_db07_141900,141900,,,,nace,182410,,,319,0.2226,9975.74,,,none,none,"{""nace"": {""code"": ""182410"", ""n"": 319, ""share"": 0.2226, ""label_da"": """"}}",empirical_industry_crosswalk
db07,LAB_db07_142000,142000,,,,nace,183000,,,82,1.0,22410.289,,,none,none,"{""nace"": {""code"": ""183000"", ""n"": 82, ""share"": 1.0, ""label_da"": """"}}",empirical_industry_crosswalk
db07,LAB_db07_143100,143100,,,,nace,177100,,,65,1.0,46797.956,,,none,none,"{""nace"": {""code"": ""177100"", ""n"": 65, ""share"": 1.0, ""label_da"": """"}}",empirical_industry_crosswalk
db07,LAB_db07_143900,143900,,,,nace,177200,,,272,0.9963,11656.476,,,none,none,"{""nace"": {""code"": ""177200"", ""n"": 272, ""share"": 0.9963, ""label_da"": """"}}",empirical_industry_crosswalk
db07,LAB_db07_151100,151100,,,,nace,191000,,,177,0.678,17978.876,,,none,none,"{""nace"": {""code"": ""191000"", ""n"": 177, ""share"": 0.678, ""label_da"": """"}}",empirical_industry_crosswalk
db07,LAB_db07_151200,151200,,,,nace,192000,,,52,0.5769,59223.22,,,none,none,"{""nace"": {""code"": ""192000"", ""n"": 52, ""share"": 0.5769, ""label_da"": """"}}",empirical_industry_crosswalk
db07,LAB_db07_152000,152000,,,,nace,193020,,,302,0.1026,10537.288,,,none,none,"{""nace"": {""code"": ""193020"", ""n"": 302, ""share"": 0.1026, ""label_da"": """"}}",empirical_industry_crosswalk
db07,LAB_db07_161000,161000,,,,nace,201020,,,1224,0.0743,2599.886,,,none,none,"{""nace"": {""code"": ""201020"", ""n"": 1224, ""share"": 0.0743, ""label_da"": """"}}",empirical_industry_crosswalk
db07,LAB_db07_162100,162100,,,,nace,202000,,,1280,1.0,2486.141,,,none,none,"{""nace"": {""code"": ""202000"", ""n"": 1280, ""share"": 1.0, ""label_da"": """"}}",empirical_industry_crosswalk
db07,LAB_db07_162200,162200,,,,nace,203020,,,632,1.0,300.412,,,none,none,"{""nace"": {""code"": ""203020"", ""n"": 632, ""share"": 1.0, ""label_da"": """"}}",empirical_industry_crosswalk
db07,LAB_db07_162300,162300,,,,nace,203030,,,11215,0.0928,283.75,,,none,none,"{""nace"": {""code"": ""203030"", ""n"": 11215, ""share"": 0.0928, ""label_da"": """"}}",empirical_industry_crosswalk
db07,LAB_db07_162400,162400,,,,nace,204000,,,937,0.9989,3371.012,,,none,none,"{""nace"": {""code"": ""204000"", ""n"": 937, ""share"": 0.9989, ""label_da"": """"}}",empirical_industry_crosswalk
db07,LAB_db07_162900,162900,,,,nace,205110,,,893,0.1075,3563.562,,,none,none,"{""nace"": {""code"": ""205110"", ""n"": 893, ""share"": 0.1075, ""label_da"": """"}}",empirical_industry_crosswalk
db07,LAB_db07_171100,171100,,,,,,,,,,,,,none,none,{},empirical_industry_crosswalk
db07,LAB_db07_171200,171200,,,,nace,211200,,,777,1.0,4095.574,,,none,none,"{""nace"": {""code"": ""211200"", ""n"": 777, ""share"": 1.0, ""label_da"": """"}}",empirical_industry_crosswalk
db07,LAB_db07_172100,172100,,,,nace,212100,,,3730,1.0,843.43,,,none,none,"{""nace"": {""code"": ""212100"", ""n"": 3730, ""share"": 1.0, ""label_da"": """"}}",empirical_industry_crosswalk
db07,LAB_db07_172200,172200,,,,nace,212200,,,477,1.0,6657.45,,,none,none,"{""nace"": {""code"": ""212200"", ""n"": 477, ""share"": 1.0, ""label_da"": """"}}",empirical_industry_crosswalk
db07,LAB_db07_172300,172300,,,,nace,212300,,,317,0.7192,10038.678,,,none,none,"{""nace"": {""code"": ""212300"", ""n"": 317, ""share"": 0.7192, ""label_da"": """"}}",empirical_industry_crosswalk
db07,LAB_db07_172400,172400,,,,nace,212400,,,76,1.0,41871.855,,,none,none,"{""nace"": {""code"": ""212400"", ""n"": 76, ""share"": 1.0, ""label_da"": """"}}",empirical_industry_crosswalk
db07,LAB_db07_172900,172900,,,,nace,212500,,,2186,0.9995,1411.182,,,none,none,"{""nace"": {""code"": ""212500"", ""n"": 2186, ""share"": 0.9995, ""label_da"": """"}}",empirical_industry_crosswalk
db07,LAB_db07_181100,181100,,,,nace,222100,,,1887,0.4536,1670.798,,,none,none,"{""nace"": {""code"": ""222100"", ""n"": 1887, ""share"": 0.4536, ""label_da"": """"}}",empirical_industry_crosswalk
db07,LAB_db07_181200,181200,,,,nace,222230,,,8935,0.0766,356.157,,,none,none,"{""nace"": {""code"": ""222230"", ""n"": 8935, ""share"": 0.0766, ""label_da"": """"}}",empirical_industry_crosswalk
db07,LAB_db07_181300,181300,,,,nace,222400,,,1078,0.7588,2948.4,,,none,none,"{""nace"": {""code"": ""222400"", ""n"": 1078, ""share"": 0.7588, ""label_da"": """"}}",empirical_industry_crosswalk
db07,LAB_db07_181400,181400,,,,nace,222300,,,1317,0.9901,2416.295,,,none,none,"{""nace"": {""code"": ""222300"", ""n"": 1317, ""share"": 0.9901, ""label_da"": """"}}",empirical_industry_crosswalk
db07,LAB_db07_182000,182000,,,,nace,223100,,,932,0.8788,3414.443,,,none,none,"{""nace"": {""code"": ""223100"", ""n"": 932, ""share"": 0.8788, ""label_da"": """"}}",empirical_industry_crosswalk
db07,LAB_db07_191000,191000,,,,,,,,,,,,,none,none,{},empirical_industry_crosswalk
db07,LAB_db07_192000,192000,,,,nace,232000,,,1061,1.0,2999.303,,,none,none,"{""nace"": {""code"": ""232000"", ""n"": 1061, ""share"": 1.0, ""label_da"": """"}}",empirical_industry_crosswalk
db07,LAB_db07_201100,201100,,,,nace,241100,,,671,1.0,4742.565,,,none,none,"{""nace"": {""code"": ""241100"", ""n"": 671, ""share"": 1.0, ""label_da"": """"}}",empirical_industry_crosswalk
db07,LAB_db07_201200,201200,,,,nace,241200,,,452,1.0,7040.4,,,none,none,"{""nace"": {""code"": ""241200"", ""n"": 452, ""share"": 1.0, ""label_da"": """"}}",empirical_industry_crosswalk
db07,LAB_db07_201300,201300,,,,nace,241300,,,157,1.0,20269.178,,,none,none,"{""nace"": {""code"": ""241300"", ""n"": 157, ""share"": 1.0, ""label_da"": """"}}",empirical_industry_crosswalk
db07,LAB_db07_201400,201400,,,,nace,241400,,,2620,1.0,1214.14,,,none,none,"{""nace"": {""code"": ""241400"", ""n"": 2620, ""share"": 1.0, ""label_da"": """"}}",empirical_industry_crosswalk
db07,LAB_db07_201500,201500,,,,nace,241500,,,30,1.0,79556.525,,,none,none,"{""nace"": {""code"": ""241500"", ""n"": 30, ""share"": 1.0, ""label_da"": """"}}",empirical_industry_crosswalk
db07,LAB_db07_201600,201600,,,,nace,241600,,,348,0.9943,9118.075,,,none,none,"{""nace"": {""code"": ""241600"", ""n"": 348, ""share"": 0.9943, ""label_da"": """"}}",empirical_industry_crosswalk
db07,LAB_db07_201700,201700,,,,,,,,,,,,,none,none,{},empirical_industry_crosswalk
db07,LAB_db07_202000,202000,,,,nace,242000,,,936,1.0,3399.851,,,none,none,"{""nace"": {""code"": ""242000"", ""n"": 936, ""share"": 1.0, ""label_da"": """"}}",empirical_industry_crosswalk
db07,LAB_db07_203000,203000,,,,nace,243000,,,2008,0.992,1584.791,,,none,none,"{""nace"": {""code"": ""243000"", ""n"": 2008, ""share"": 0.992, ""label_da"": """"}}",empirical_industry_crosswalk
db07,LAB_db07_204100,204100,,,,nace,245110,,,1430,0.9287,2225.357,,,none,none,"{""nace"": {""code"": ""245110"", ""n"": 1430, ""share"": 0.9287, ""label_da"": """"}}",empirical_industry_crosswalk
db07,LAB_db07_204200,204200,,,,nace,245200,,,592,1.0,5366.376,,,none,none,"{""nace"": {""code"": ""245200"", ""n"": 592, ""share"": 1.0, ""label_da"": """"}}",empirical_industry_crosswalk
db07,LAB_db07_205100,205100,,,,nace,246100,,,21,1.0,151536.238,,,none,none,"{""nace"": {""code"": ""246100"", ""n"": 21, ""share"": 1.0, ""label_da"": """"}}",empirical_industry_crosswalk
db07,LAB_db07_205200,205200,,,,nace,246200,,,354,1.0,6615.927,,,none,none,"{""nace"": {""code"": ""246200"", ""n"": 354, ""share"": 1.0, ""label_da"": """"}}",empirical_industry_crosswalk
db07,LAB_db07_205300,205300,,,,nace,246300,,,37,0.973,86007.054,,,none,none,"{""nace"": {""code"": ""246300"", ""n"": 37, ""share"": 0.973, ""label_da"": """"}}",empirical_industry_crosswalk
db07,LAB_db07_205900,205900,,,,nace,246600,,,4254,0.9661,748.063,,,none,none,"{""nace"": {""code"": ""246600"", ""n"": 4254, ""share"": 0.9661, ""label_da"": """"}}",empirical_industry_crosswalk
db07,LAB_db07_206000,206000,,,,nace,247000,,,510,1.0,6239.727,,,none,none,"{""nace"": {""code"": ""247000"", ""n"": 510, ""share"": 1.0, ""label_da"": """"}}",empirical_industry_crosswalk
db07,LAB_db07_211000,211000,,,,nace,244100,,,1012,1.0,3122.925,,,none,none,"{""nace"": {""code"": ""244100"", ""n"": 1012, ""share"": 1.0, ""label_da"": """"}}",empirical_industry_crosswalk
db07,LAB_db07_212000,212000,,,,nace,244200,,,16959,0.999,186.576,,,none,none,"{""nace"": {""code"": ""244200"", ""n"": 16959, ""share"": 0.999, ""label_da"": """"}}",empirical_industry_crosswalk
db07,LAB_db07_221100,221100,,,,nace,251100,,,196,0.3878,16236.026,,,none,none,"{""nace"": {""code"": ""251100"", ""n"": 196, ""share"": 0.3878, ""label_da"": """"}}",empirical_industry_crosswalk
db07,LAB_db07_221900,221900,,,,nace,251300,,,1387,0.987,2267.843,,,none,none,"{""nace"": {""code"": ""251300"", ""n"": 1387, ""share"": 0.987, ""label_da"": """"}}",empirical_industry_crosswalk
db07,LAB_db07_222100,222100,,,,nace,252120,,,4709,0.4733,675.783,,,none,none,"{""nace"": {""code"": ""252120"", ""n"": 4709, ""share"": 0.4733, ""label_da"": """"}}",empirical_industry_crosswalk
db07,LAB_db07_222200,222200,,,,nace,252200,,,3982,0.9972,797.555,,,none,none,"{""nace"": {""code"": ""252200"", ""n"": 3982, ""share"": 0.9972, ""label_da"": """"}}",empirical_industry_crosswalk
db07,LAB_db07_222290,222290,,,,,,,,,,,,,none,none,{},empirical_industry_crosswalk
db07,LAB_db07_222300,222300,,,,nace,252310,,,2393,0.2954,1329.821,,,none,none,"{""nace"": {""code"": ""252310"", ""n"": 2393, ""share"": 0.2954, ""label_da"": """"}}",empirical_industry_crosswalk
db07,LAB_db07_222900,222900,,,,nace,252410,,,10331,0.0576,308.03,,,none,none,"{""nace"": {""code"": ""252410"", ""n"": 10331, ""share"": 0.0576, ""label_da"": """"}}",empirical_industry_crosswalk
db07,LAB_db07_231100,231100,,,,nace,261100,,,78,1.0,40798.218,,,none,none,"{""nace"": {""code"": ""261100"", ""n"": 78, ""share"": 1.0, ""label_da"": """"}}",empirical_industry_crosswalk
db07,LAB_db07_231200,231200,,,,nace,261200,,,1014,0.998,3138.324,,,none,none,"{""nace"": {""code"": ""261200"", ""n"": 1014, ""share"": 0.998, ""label_da"": """"}}",empirical_industry_crosswalk
db07,LAB_db07_231300,231300,,,,nace,261300,,,701,0.9971,4539.602,,,none,none,"{""nace"": {""code"": ""261300"", ""n"": 701, ""share"": 0.9971, ""label_da"": """"}}",empirical_industry_crosswalk
db07,LAB_db07_231400,231400,,,,nace,261400,,,856,0.9988,3717.595,,,none,none,"{""nace"": {""code"": ""261400"", ""n"": 856, ""share"": 0.9988, ""label_da"": """"}}",empirical_industry_crosswalk
db07,LAB_db07_231900,231900,,,,nace,261500,,,148,1.0,21501.764,,,none,none,"{""nace"": {""code"": ""261500"", ""n"": 148, ""share"": 1.0, ""label_da"": """"}}",empirical_industry_crosswalk
db07,LAB_db07_232000,232000,,,,nace,262600,,,60,1.0,53037.683,,,none,none,"{""nace"": {""code"": ""262600"", ""n"": 60, ""share"": 1.0, ""label_da"": """"}}",empirical_industry_crosswalk
db07,LAB_db07_233100,233100,,,,nace,263000,,,43,1.0,74006.07,,,none,none,"{""nace"": {""code"": ""263000"", ""n"": 43, ""share"": 1.0, ""label_da"": """"}}",empirical_industry_crosswalk
db07,LAB_db07_233200,233200,,,,nace,264000,,,869,1.0,3661.98,,,none,none,"{""nace"": {""code"": ""264000"", ""n"": 869, ""share"": 1.0, ""label_da"": """"}}",empirical_industry_crosswalk
db07,LAB_db07_234100,234100,,,,nace,262100,,,470,1.0,6770.768,,,none,none,"{""nace"": {""code"": ""262100"", ""n"": 470, ""share"": 1.0, ""label_da"": """"}}",empirical_industry_crosswalk
db07,LAB_db07_234200,234200,,,,nace,262200,,,122,1.0,26084.107,,,none,none,"{""nace"": {""code"": ""262200"", ""n"": 122, ""share"": 1.0, ""label_da"": """"}}",empirical_industry_crosswalk
db07,LAB_db07_234300,234300,,,,nace,262300,,,3,1.0,1060753.667,,,none,none,"{""nace"": {""code"": ""262300"", ""n"": 3, ""share"": 1.0, ""label_da"": """"}}",empirical_industry_crosswalk
db07,LAB_db07_234400,234400,,,,nace,262400,,,88,1.0,36162.057,,,none,none,"{""nace"": {""code"": ""262400"", ""n"": 88, ""share"": 1.0, ""label_da"": """"}}",empirical_industry_crosswalk
db07,LAB_db07_234900,234900,,,,nace,262500,,,134,0.9925,23748.216,,,none,none,"{""nace"": {""code"": ""262500"", ""n"": 134, ""share"": 0.9925, ""label_da"": """"}}",empirical_industry_crosswalk
db07,LAB_db07_235100,235100,,,,nace,265100,,,762,1.0,4176.196,,,none,none,"{""nace"": {""code"": ""265100"", ""n"": 762, ""share"": 1.0, ""label_da"": """"}}",empirical_industry_crosswalk
db07,LAB_db07_235200,235200,,,,nace,265200,,,96,1.0,33148.552,,,none,none,"{""nace"": {""code"": ""265200"", ""n"": 96, ""share"": 1.0, ""label_da"": """"}}",empirical_industry_crosswalk
db07,LAB_db07_236100,236100,,,,nace,266120,,,6717,0.6799,473.762,,,none,none,"{""nace"": {""code"": ""266120"", ""n"": 6717, ""share"": 0.6799, ""label_da"": """"}}",empirical_industry_crosswalk
db07,LAB_db07_236200,236200,,,,nace,266200,,,488,1.0,6521.027,,,none,none,"{""nace"": {""code"": ""266200"", ""n"": 488, ""share"": 1.0, ""label_da"": """"}}",empirical_industry_crosswalk
db07,LAB_db07_236300,236300,,,,nace,266300,,,1160,1.0,2625.628,,,none,none,"{""nace"": {""code"": ""266300"", ""n"": 1160, ""share"": 1.0, ""label_da"": """"}}",empirical_industry_crosswalk
db07,LAB_db07_236400,236400,,,,nace,266400,,,400,1.0,7955.652,,,none,none,"{""nace"": {""code"": ""266400"", ""n"": 400, ""share"": 1.0, ""label_da"": """"}}",empirical_industry_crosswalk
db07,LAB_db07_236500,236500,,,,nace,266500,,,99,1.0,32144.051,,,none,none,"{""nace"": {""code"": ""266500"", ""n"": 99, ""share"": 1.0, ""label_da"": """"}}",empirical_industry_crosswalk
db07,LAB_db07_236900,236900,,,,nace,266600,,,239,1.0,13314.9,,,none,none,"{""nace"": {""code"": ""266600"", ""n"": 239, ""share"": 1.0, ""label_da"": """"}}",empirical_industry_crosswalk
db07,LAB_db07_237000,237000,,,,nace,267000,,,718,0.993,4432.118,,,none,none,"{""nace"": {""code"": ""267000"", ""n"": 718, ""share"": 0.993, ""label_da"": """"}}",empirical_industry_crosswalk
db07,LAB_db07_239100,239100,,,,nace,268100,,,32,1.0,99445.656,,,none,none,"{""nace"": {""code"": ""268100"", ""n"": 32, ""share"": 1.0, ""label_da"": """"}}",empirical_industry_crosswalk
db07,LAB_db07_239910,239910,,,,nace,268210,,,1656,1.0,1905.546,,,none,none,"{""nace"": {""code"": ""268210"", ""n"": 1656, ""share"": 1.0, ""label_da"": """"}}",empirical_industry_crosswalk
db07,LAB_db07_239990,239990,,,,nace,268290,,,1175,0.377,2708.307,,,none,none,"{""nace"": {""code"": ""268290"", ""n"": 1175, ""share"": 0.377, ""label_da"": """"}}",empirical_industry_crosswalk
db07,LAB_db07_241000,241000,,,,nace,273500,,,880,0.0239,3616.206,,,none,none,"{""nace"": {""code"": ""273500"", ""n"": 880, ""share"": 0.0239, ""label_da"": """"}}",empirical_industry_crosswalk
db07,LAB_db07_242000,242000,,,,nace,272200,,,1533,0.9993,2075.839,,,none,none,"{""nace"": {""code"": ""272200"", ""n"": 1533, ""share"": 0.9993, ""label_da"": """"}}",empirical_industry_crosswalk
db07,LAB_db07_243100,243100,,,,nace,273100,,,85,1.0,37438.365,,,none,none,"{""nace"": {""code"": ""273100"", ""n"": 85, ""share"": 1.0, ""label_da"": """"}}",empirical_industry_crosswalk
db07,LAB_db07_243200,243200,,,,nace,273200,,,1,1.0,0.0,,,none,none,"{""nace"": {""code"": ""273200"", ""n"": 1, ""share"": 1.0, ""label_da"": """"}}",empirical_industry_crosswalk
db07,LAB_db07_243300,243300,,,,nace,273300,,,1006,0.5825,3163.281,,,none,none,"{""nace"": {""code"": ""273300"", ""n"": 1006, ""share"": 0.5825, ""label_da"": """"}}",empirical_industry_crosswalk
db07,LAB_db07_243400,243400,,,,nace,273400,,,1,1.0,0.0,,,none,none,"{""nace"": {""code"": ""273400"", ""n"": 1, ""share"": 1.0, ""label_da"": """"}}",empirical_industry_crosswalk
db07,LAB_db07_244100,244100,,,,nace,274100,,,1,1.0,0.0,,,none,none,"{""nace"": {""code"": ""274100"", ""n"": 1, ""share"": 1.0, ""label_da"": """"}}",empirical_industry_crosswalk
db07,LAB_db07_244200,244200,,,,nace,274200,,,1602,0.9969,1986.43,,,none,none,"{""nace"": {""code"": ""274200"", ""n"": 1602, ""share"": 0.9969, ""label_da"": """"}}",empirical_industry_crosswalk
db07,LAB_db07_244300,244300,,,,nace,274300,,,18,0.9444,176792.278,,,none,none,"{""nace"": {""code"": ""274300"", ""n"": 18, ""share"": 0.9444, ""label_da"": """"}}",empirical_industry_crosswalk
db07,LAB_db07_244400,244400,,,,nace,274400,,,40,1.0,79556.525,,,none,none,"{""nace"": {""code"": ""274400"", ""n"": 40, ""share"": 1.0, ""label_da"": """"}}",empirical_industry_crosswalk
db07,LAB_db07_244500,244500,,,,nace,274500,,,7,1.0,454608.714,,,none,none,"{""nace"": {""code"": ""274500"", ""n"": 7, ""share"": 1.0, ""label_da"": """"}}",empirical_industry_crosswalk
db07,LAB_db07_244600,244600,,,,,,,,,,,,,none,none,{},empirical_industry_crosswalk
db07,LAB_db07_245100,245100,,,,nace,275100,,,872,0.9862,3640.915,,,none,none,"{""nace"": {""code"": ""275100"", ""n"": 872, ""share"": 0.9862, ""label_da"": """"}}",empirical_industry_crosswalk
db07,LAB_db07_245200,245200,,,,nace,275200,,,44,1.0,72324.114,,,none,none,"{""nace"": {""code"": ""275200"", ""n"": 44, ""share"": 1.0, ""label_da"": """"}}",empirical_industry_crosswalk
db07,LAB_db07_245300,245300,,,,nace,275300,,,449,0.9978,7087.441,,,none,none,"{""nace"": {""code"": ""275300"", ""n"": 449, ""share"": 0.9978, ""label_da"": """"}}",empirical_industry_crosswalk
db07,LAB_db07_245400,245400,,,,nace,275400,,,184,1.0,17294.897,,,none,none,"{""nace"": {""code"": ""275400"", ""n"": 184, ""share"": 1.0, ""label_da"": """"}}",empirical_industry_crosswalk
db07,LAB_db07_251100,251100,,,,nace,281100,,,11038,0.9925,261.733,,,none,none,"{""nace"": {""code"": ""281100"", ""n"": 11038, ""share"": 0.9925, ""label_da"": """"}}",empirical_industry_crosswalk
db07,LAB_db07_251200,251200,,,,nace,281200,,,1472,0.9389,2073.347,,,none,none,"{""nace"": {""code"": ""281200"", ""n"": 1472, ""share"": 0.9389, ""label_da"": """"}}",empirical_industry_crosswalk
db07,LAB_db07_252100,252100,,,,nace,282200,,,845,1.0,3687.44,,,none,none,"{""nace"": {""code"": ""282200"", ""n"": 845, ""share"": 1.0, ""label_da"": """"}}",empirical_industry_crosswalk
db07,LAB_db07_252900,252900,,,,nace,282100,,,820,0.9988,3852.582,,,none,none,"{""nace"": {""code"": ""282100"", ""n"": 820, ""share"": 0.9988, ""label_da"": """"}}",empirical_industry_crosswalk
db07,LAB_db07_253000,253000,,,,nace,283000,,,1202,1.0,2647.472,,,none,none,"{""nace"": {""code"": ""283000"", ""n"": 1202, ""share"": 1.0, ""label_da"": """"}}",empirical_industry_crosswalk
db07,LAB_db07_254000,254000,,,,nace,296000,,,81,1.0,38340.494,,,none,none,"{""nace"": {""code"": ""296000"", ""n"": 81, ""share"": 1.0, ""label_da"": """"}}",empirical_industry_crosswalk
db07,LAB_db07_255000,255000,,,,nace,284000,,,525,0.9943,6061.45,,,none,none,"{""nace"": {""code"": ""284000"", ""n"": 525, ""share"": 0.9943, ""label_da"": """"}}",empirical_industry_crosswalk
db07,LAB_db07_256100,256100,,,,nace,285100,,,4396,0.9948,723.403,,,none,none,"{""nace"": {""code"": ""285100"", ""n"": 4396, ""share"": 0.9948, ""label_da"": """"}}",empirical_industry_crosswalk
db07,LAB_db07_256200,256200,,,,nace,285200,,,9004,0.9917,264.856,,,none,none,"{""nace"": {""code"": ""285200"", ""n"": 9004, ""share"": 0.9917, ""label_da"": """"}}",empirical_industry_crosswalk
db07,LAB_db07_257100,257100,,,,nace,286100,,,129,0.5659,16223.553,,,none,none,"{""nace"": {""code"": ""286100"", ""n"": 129, ""share"": 0.5659, ""label_da"": """"}}",empirical_industry_crosswalk
db07,LAB_db07_257200,257200,,,,nace,286320,,,1879,0.8265,1688.158,,,none,none,"{""nace"": {""code"": ""286320"", ""n"": 1879, ""share"": 0.8265, ""label_da"": """"}}",empirical_industry_crosswalk
db07,LAB_db07_257300,257300,,,,nace,295610,,,2070,0.4628,1505.886,,,none,none,"{""nace"": {""code"": ""295610"", ""n"": 2070, ""share"": 0.4628, ""label_da"": """"}}",empirical_industry_crosswalk
db07,LAB_db07_259100,259100,,,,nace,287100,,,101,1.0,26741.689,,,none,none,"{""nace"": {""code"": ""287100"", ""n"": 101, ""share"": 1.0, ""label_da"": """"}}",empirical_industry_crosswalk
db07,LAB_db07_259200,259200,,,,nace,287200,,,1820,1.0,1748.495,,,none,none,"{""nace"": {""code"": ""287200"", ""n"": 1820, ""share"": 1.0, ""label_da"": """"}}",empirical_industry_crosswalk
db07,LAB_db07_259300,259300,,,,nace,287300,,,1273,0.5538,2499.812,,,none,none,"{""nace"": {""code"": ""287300"", ""n"": 1273, ""share"": 0.5538, ""label_da"": """"}}",empirical_industry_crosswalk
db07,LAB_db07_259400,259400,,,,nace,287400,,,258,1.0,4048.678,,,none,none,"{""nace"": {""code"": ""287400"", ""n"": 258, ""share"": 1.0, ""label_da"": """"}}",empirical_industry_crosswalk
db07,LAB_db07_259900,259900,,,,nace,287510,,,10154,0.1566,313.4,,,none,none,"{""nace"": {""code"": ""287510"", ""n"": 10154, ""share"": 0.1566, ""label_da"": """"}}",empirical_industry_crosswalk
db07,LAB_db07_261100,261100,,,,nace,311030,,,2891,0.5891,1060.879,,,none,none,"{""nace"": {""code"": ""311030"", ""n"": 2891, ""share"": 0.5891, ""label_da"": """"}}",empirical_industry_crosswalk
db07,LAB_db07_261200,261200,,,,nace,321010,,,1084,0.4963,1280.931,,,none,none,"{""nace"": {""code"": ""321010"", ""n"": 1084, ""share"": 0.4963, ""label_da"": """"}}",empirical_industry_crosswalk
db07,LAB_db07_262000,262000,,,,nace,300200,,,1063,1.0,2757.592,,,none,none,"{""nace"": {""code"": ""300200"", ""n"": 1063, ""share"": 1.0, ""label_da"": """"}}",empirical_industry_crosswalk
db07,LAB_db07_263000,263000,,,,nace,322010,,,4515,0.0753,704.82,,,none,none,"{""nace"": {""code"": ""322010"", ""n"": 4515, ""share"": 0.0753, ""label_da"": """"}}",empirical_industry_crosswalk
db07,LAB_db07_264000,264000,,,,nace,323020,,,1319,0.5413,1828.683,,,none,none,"{""nace"": {""code"": ""323020"", ""n"": 1319, ""share"": 0.5413, ""label_da"": """"}}",empirical_industry_crosswalk
db07,LAB_db07_265100,265100,,,,nace,332030,,,7468,0.0877,426.12,,,none,none,"{""nace"": {""code"": ""332030"", ""n"": 7468, ""share"": 0.0877, ""label_da"": """"}}",empirical_industry_crosswalk
db07,LAB_db07_265200,265200,,,,nace,335000,,,34,1.0,90921.743,,,none,none,"{""nace"": {""code"": ""335000"", ""n"": 34, ""share"": 1.0, ""label_da"": """"}}",empirical_industry_crosswalk
db07,LAB_db07_266010,266010,,,,nace,331020,,,2837,1.0,1111.125,,,none,none,"{""nace"": {""code"": ""331020"", ""n"": 2837, ""share"": 1.0, ""label_da"": """"}}",empirical_industry_crosswalk
db07,LAB_db07_266090,266090,,,,nace,331030,,,1206,0.6758,2317.385,,,none,none,"{""nace"": {""code"": ""331030"", ""n"": 1206, ""share"": 0.6758, ""label_da"": """"}}",empirical_industry_crosswalk
db07,LAB_db07_267000,267000,,,,nace,334090,,,611,0.5597,4866.756,,,none,none,"{""nace"": {""code"": ""334090"", ""n"": 611, ""share"": 0.5597, ""label_da"": """"}}",empirical_industry_crosswalk
db07,LAB_db07_268000,268000,,,,nace,246500,,,10,1.0,318226.1,,,none,none,"{""nace"": {""code"": ""246500"", ""n"": 10, ""share"": 1.0, ""label_da"": """"}}",empirical_industry_crosswalk
db07,LAB_db07_271100,271100,,,,nace,311020,,,1827,0.0394,1741.796,,,none,none,"{""nace"": {""code"": ""311020"", ""n"": 1827, ""share"": 0.0394, ""label_da"": """"}}",empirical_industry_crosswalk
db07,LAB_db07_271200,271200,,,,nace,312010,,,3059,0.8856,764.35,,,none,none,"{""nace"": {""code"": ""312010"", ""n"": 3059, ""share"": 0.8856, ""label_da"": """"}}",empirical_industry_crosswalk
db07,LAB_db07_272000,272000,,,,nace,314000,,,15,1.0,212150.733,,,none,none,"{""nace"": {""code"": ""314000"", ""n"": 15, ""share"": 1.0, ""label_da"": """"}}",empirical_industry_crosswalk
db07,LAB_db07_273100,273100,,,,nace,334010,,,332,0.6958,2629.648,,,none,none,"{""nace"": {""code"": ""334010"", ""n"": 332, ""share"": 0.6958, ""label_da"": """"}}",empirical_industry_crosswalk
db07,LAB_db07_273200,273200,,,,nace,313000,,,1148,0.9852,2183.243,,,none,none,"{""nace"": {""code"": ""313000"", ""n"": 1148, ""share"": 0.9852, ""label_da"": """"}}",empirical_industry_crosswalk
db07,LAB_db07_273300,273300,,,,nace,312090,,,1181,0.9924,1836.052,,,none,none,"{""nace"": {""code"": ""312090"", ""n"": 1181, ""share"": 0.9924, ""label_da"": """"}}",empirical_industry_crosswalk
db07,LAB_db07_274000,274000,,,,nace,315000,,,2498,0.978,1273.402,,,none,none,"{""nace"": {""code"": ""315000"", ""n"": 2498, ""share"": 0.978, ""label_da"": """"}}",empirical_industry_crosswalk
db07,LAB_db07_275100,275100,,,,nace,297110,,,1398,0.6087,2273.624,,,none,none,"{""nace"": {""code"": ""297110"", ""n"": 1398, ""share"": 0.6087, ""label_da"": """"}}",empirical_industry_crosswalk
db07,LAB_db07_275200,275200,,,,nace,297200,,,229,1.0,2519.605,,,none,none,"{""nace"": {""code"": ""297200"", ""n"": 229, ""share"": 1.0, ""label_da"": """"}}",empirical_industry_crosswalk
db07,LAB_db07_279000,279000,,,,nace,316210,,,1993,0.0326,1572.526,,,none,none,"{""nace"": {""code"": ""316210"", ""n"": 1993, ""share"": 0.0326, ""label_da"": """"}}",empirical_industry_crosswalk
db07,LAB_db07_281110,281110,,,,nace,311040,,,9648,0.9987,283.722,,,none,none,"{""nace"": {""code"": ""311040"", ""n"": 9648, ""share"": 0.9987, ""label_da"": """"}}",empirical_industry_crosswalk
db07,LAB_db07_281190,281190,,,,nace,291110,,,3033,0.9898,1049.212,,,none,none,"{""nace"": {""code"": ""291110"", ""n"": 3033, ""share"": 0.9898, ""label_da"": """"}}",empirical_industry_crosswalk
db07,LAB_db07_281200,281200,,,,nace,291230,,,3516,0.2836,794.335,,,none,none,"{""nace"": {""code"": ""291230"", ""n"": 3516, ""share"": 0.2836, ""label_da"": """"}}",empirical_industry_crosswalk
db07,LAB_db07_281300,281300,,,,nace,291220,,,7221,0.893,440.149,,,none,none,"{""nace"": {""code"": ""291220"", ""n"": 7221, ""share"": 0.893, ""label_da"": """"}}",empirical_industry_crosswalk
db07,LAB_db07_281400,281400,,,,nace,291300,,,7849,1.0,306.576,,,none,none,"{""nace"": {""code"": ""291300"", ""n"": 7849, ""share"": 1.0, ""label_da"": """"}}",empirical_industry_crosswalk
db07,LAB_db07_281500,281500,,,,nace,291400,,,881,1.0,3595.775,,,none,none,"{""nace"": {""code"": ""291400"", ""n"": 881, ""share"": 1.0, ""label_da"": """"}}",empirical_industry_crosswalk
db07,LAB_db07_282100,282100,,,,nace,292100,,,1306,0.2029,2289.757,,,none,none,"{""nace"": {""code"": ""292100"", ""n"": 1306, ""share"": 0.2029, ""label_da"": """"}}",empirical_industry_crosswalk
db07,LAB_db07_282200,282200,,,,nace,292290,,,7239,0.2598,411.591,,,none,none,"{""nace"": {""code"": ""292290"", ""n"": 7239, ""share"": 0.2598, ""label_da"": """"}}",empirical_industry_crosswalk
db07,LAB_db07_282300,282300,,,,nace,300100,,,130,0.4231,24478.931,,,none,none,"{""nace"": {""code"": ""300100"", ""n"": 130, ""share"": 0.4231, ""label_da"": """"}}",empirical_industry_crosswalk
db07,LAB_db07_282400,282400,,,,nace,294100,,,87,1.0,33853.84,,,none,none,"{""nace"": {""code"": ""294100"", ""n"": 87, ""share"": 1.0, ""label_da"": """"}}",empirical_industry_crosswalk
db07,LAB_db07_282500,282500,,,,nace,292310,,,6494,0.3763,473.936,,,none,none,"{""nace"": {""code"": ""292310"", ""n"": 6494, ""share"": 0.3763, ""label_da"": """"}}",empirical_industry_crosswalk
db07,LAB_db07_282900,282900,,,,nace,292430,,,4428,0.1601,718.668,,,none,none,"{""nace"": {""code"": ""292430"", ""n"": 4428, ""share"": 0.1601, ""label_da"": """"}}",empirical_industry_crosswalk
db07,LAB_db07_283000,283000,,,,nace,293210,,,4398,0.2681,723.57,,,none,none,"{""nace"": {""code"": ""293210"", ""n"": 4398, ""share"": 0.2681, ""label_da"": """"}}",empirical_industry_crosswalk
db07,LAB_db07_284100,284100,,,,nace,294200,,,891,0.9192,3308.946,,,none,none,"{""nace"": {""code"": ""294200"", ""n"": 891, ""share"": 0.9192, ""label_da"": """"}}",empirical_industry_crosswalk
db07,LAB_db07_284900,284900,,,,nace,294300,,,508,0.9429,3155.201,,,none,none,"{""nace"": {""code"": ""294300"", ""n"": 508, ""share"": 0.9429, ""label_da"": """"}}",empirical_industry_crosswalk
db07,LAB_db07_289100,289100,,,,nace,295100,,,60,1.0,36162.057,,,none,none,"{""nace"": {""code"": ""295100"", ""n"": 60, ""share"": 1.0, ""label_da"": """"}}",empirical_industry_crosswalk
db07,LAB_db07_289200,289200,,,,nace,295210,,,1981,0.5563,1606.391,,,none,none,"{""nace"": {""code"": ""295210"", ""n"": 1981, ""share"": 0.5563, ""label_da"": """"}}",empirical_industry_crosswalk
db07,LAB_db07_289300,289300,,,,nace,295330,,,4997,0.1301,636.834,,,none,none,"{""nace"": {""code"": ""295330"", ""n"": 4997, ""share"": 0.1301, ""label_da"": """"}}",empirical_industry_crosswalk
db07,LAB_db07_289400,289400,,,,nace,295400,,,578,1.0,5208.283,,,none,none,"{""nace"": {""code"": ""295400"", ""n"": 578, ""share"": 1.0, ""label_da"": """"}}",empirical_industry_crosswalk
db07,LAB_db07_289500,289500,,,,nace,295500,,,173,1.0,18288.856,,,none,none,"{""nace"": {""code"": ""295500"", ""n"": 173, ""share"": 1.0, ""label_da"": """"}}",empirical_industry_crosswalk
db07,LAB_db07_289600,289600,,,,nace,295690,,,244,0.9959,613.833,,,none,none,"{""nace"": {""code"": ""295690"", ""n"": 244, ""share"": 0.9959, ""label_da"": """"}}",empirical_industry_crosswalk
db07,LAB_db07_289900,289900,,,,nace,295690,,,4593,0.9726,599.45,,,none,none,"{""nace"": {""code"": ""295690"", ""n"": 4593, ""share"": 0.9726, ""label_da"": """"}}",empirical_industry_crosswalk
db07,LAB_db07_291000,291000,,,,nace,341000,,,529,0.9962,5892.62,,,none,none,"{""nace"": {""code"": ""341000"", ""n"": 529, ""share"": 0.9962, ""label_da"": """"}}",empirical_industry_crosswalk
db07,LAB_db07_292000,292000,,,,nace,342000,,,2371,0.9962,1280.881,,,none,none,"{""nace"": {""code"": ""342000"", ""n"": 2371, ""share"": 0.9962, ""label_da"": """"}}",empirical_industry_crosswalk
db07,LAB_db07_293100,293100,,,,nace,316100,,,307,1.0,8790.776,,,none,none,"{""nace"": {""code"": ""316100"", ""n"": 307, ""share"": 1.0, ""label_da"": """"}}",empirical_industry_crosswalk
db07,LAB_db07_293200,293200,,,,nace,343000,,,4571,0.9823,695.72,,,none,none,"{""nace"": {""code"": ""343000"", ""n"": 4571, ""share"": 0.9823, ""label_da"": """"}}",empirical_industry_crosswalk
db07,LAB_db07_301100,301100,,,,nace,351100,,,3633,1.0,813.254,,,none,none,"{""nace"": {""code"": ""351100"", ""n"": 3633, ""share"": 1.0, ""label_da"": """"}}",empirical_industry_crosswalk
db07,LAB_db07_301200,301200,,,,nace,351200,,,836,1.0,1653.982,,,none,none,"{""nace"": {""code"": ""351200"", ""n"": 836, ""share"": 1.0, ""label_da"": """"}}",empirical_industry_crosswalk
db07,LAB_db07_302000,302000,,,,nace,352000,,,22,0.9091,9213.263,,,none,none,"{""nace"": {""code"": ""352000"", ""n"": 22, ""share"": 0.9091, ""label_da"": """"}}",empirical_industry_crosswalk
db07,LAB_db07_303000,303000,,,,nace,353000,,,430,0.9953,1819.334,,,none,none,"{""nace"": {""code"": ""353000"", ""n"": 430, ""share"": 0.9953, ""label_da"": """"}}",empirical_industry_crosswalk
db07,LAB_db07_304000,304000,,,,,,,,,,,,,none,none,{},empirical_industry_crosswalk
db07,LAB_db07_309100,309100,,,,nace,354100,,,1,1.0,0.0,,,none,none,"{""nace"": {""code"": ""354100"", ""n"": 1, ""share"": 1.0, ""label_da"": """"}}",empirical_industry_crosswalk
db07,LAB_db07_309200,309200,,,,nace,354200,,,761,0.4152,4181.683,,,none,none,"{""nace"": {""code"": ""354200"", ""n"": 761, ""share"": 0.4152, ""label_da"": """"}}",empirical_industry_crosswalk
db07,LAB_db07_309900,309900,,,,nace,355000,,,216,1.0,13204.402,,,none,none,"{""nace"": {""code"": ""355000"", ""n"": 216, ""share"": 1.0, ""label_da"": """"}}",empirical_industry_crosswalk
db07,LAB_db07_310100,310100,,,,nace,361200,,,3806,0.748,813.82,,,none,none,"{""nace"": {""code"": ""361200"", ""n"": 3806, ""share"": 0.748, ""label_da"": """"}}",empirical_industry_crosswalk
db07,LAB_db07_310200,310200,,,,nace,361300,,,3310,1.0,910.518,,,none,none,"{""nace"": {""code"": ""361300"", ""n"": 3310, ""share"": 1.0, ""label_da"": """"}}",empirical_industry_crosswalk
db07,LAB_db07_310300,310300,,,,nace,361500,,,786,0.9987,4048.678,,,none,none,"{""nace"": {""code"": ""361500"", ""n"": 786, ""share"": 0.9987, ""label_da"": """"}}",empirical_industry_crosswalk
db07,LAB_db07_310900,310900,,,,nace,361410,,,10085,0.7541,271.707,,,none,none,"{""nace"": {""code"": ""361410"", ""n"": 10085, ""share"": 0.7541, ""label_da"": """"}}",empirical_industry_crosswalk
db07,LAB_db07_321100,321100,,,,nace,362100,,,17,1.0,187191.824,,,none,none,"{""nace"": {""code"": ""362100"", ""n"": 17, ""share"": 1.0, ""label_da"": """"}}",empirical_industry_crosswalk
db07,LAB_db07_321200,321200,,,,nace,362210,,,1266,0.0569,2513.634,,,none,none,"{""nace"": {""code"": ""362210"", ""n"": 1266, ""share"": 0.0569, ""label_da"": """"}}",empirical_industry_crosswalk
db07,LAB_db07_321300,321300,,,,nace,366100,,,160,0.9875,19889.131,,,none,none,"{""nace"": {""code"": ""366100"", ""n"": 160, ""share"": 0.9875, ""label_da"": """"}}",empirical_industry_crosswalk
db07,LAB_db07_322000,322000,,,,nace,363000,,,254,0.9921,11959.105,,,none,none,"{""nace"": {""code"": ""363000"", ""n"": 254, ""share"": 0.9921, ""label_da"": """"}}",empirical_industry_crosswalk
db07,LAB_db07_323000,323000,,,,nace,364000,,,302,0.9967,10502.396,,,none,none,"{""nace"": {""code"": ""364000"", ""n"": 302, ""share"": 0.9967, ""label_da"": """"}}",empirical_industry_crosswalk
db07,LAB_db07_324000,324000,,,,nace,365000,,,3204,1.0,990.741,,,none,none,"{""nace"": {""code"": ""365000"", ""n"": 3204, ""share"": 1.0, ""label_da"": """"}}",empirical_industry_crosswalk
db07,LAB_db07_325000,325000,,,,nace,331010,,,5264,0.3665,604.533,,,none,none,"{""nace"": {""code"": ""331010"", ""n"": 5264, ""share"": 0.3665, ""label_da"": """"}}",empirical_industry_crosswalk
db07,LAB_db07_329100,329100,,,,nace,366200,,,292,1.0,10898.154,,,none,none,"{""nace"": {""code"": ""366200"", ""n"": 292, ""share"": 1.0, ""label_da"": """"}}",empirical_industry_crosswalk
db07,LAB_db07_329900,329900,,,,nace,205120,,,2043,0.0548,1557.641,,,none,none,"{""nace"": {""code"": ""205120"", ""n"": 2043, ""share"": 0.0548, ""label_da"": """"}}",empirical_industry_crosswalk
db07,LAB_db07_331100,331100,,,,nace,285200,,,2560,0.7613,203.336,,,none,none,"{""nace"": {""code"": ""285200"", ""n"": 2560, ""share"": 0.7613, ""label_da"": """"}}",empirical_industry_crosswalk
db07,LAB_db07_331200,331200,,,,nace,291120,,,3272,0.2955,971.569,,,none,none,"{""nace"": {""code"": ""291120"", ""n"": 3272, ""share"": 0.2955, ""label_da"": """"}}",empirical_industry_crosswalk
db07,LAB_db07_331300,331300,,,,nace,332010,,,227,0.3172,1433.738,,,none,none,"{""nace"": {""code"": ""332010"", ""n"": 227, ""share"": 0.3172, ""label_da"": """"}}",empirical_industry_crosswalk
db07,LAB_db07_331400,331400,,,,nace,316220,,,1254,0.7998,2473.568,,,none,none,"{""nace"": {""code"": ""316220"", ""n"": 1254, ""share"": 0.7998, ""label_da"": """"}}",empirical_industry_crosswalk
db07,LAB_db07_331500,331500,,,,nace,351200,,,1372,0.7915,1309.201,,,none,none,"{""nace"": {""code"": ""351200"", ""n"": 1372, ""share"": 0.7915, ""label_da"": """"}}",empirical_industry_crosswalk
db07,LAB_db07_331600,331600,,,,nace,353000,,,1309,1.0,1827.835,,,none,none,"{""nace"": {""code"": ""353000"", ""n"": 1309, ""share"": 1.0, ""label_da"": """"}}",empirical_industry_crosswalk
db07,LAB_db07_331700,331700,,,,nace,352000,,,384,0.7656,7759.295,,,none,none,"{""nace"": {""code"": ""352000"", ""n"": 384, ""share"": 0.7656, ""label_da"": """"}}",empirical_industry_crosswalk
db07,LAB_db07_331900,331900,,,,nace,175220,,,119,0.916,14871.654,,,none,none,"{""nace"": {""code"": ""175220"", ""n"": 119, ""share"": 0.916, ""label_da"": """"}}",empirical_industry_crosswalk
db07,LAB_db07_332000,332000,,,,nace,333000,,,2273,0.2129,1394.265,,,none,none,"{""nace"": {""code"": ""333000"", ""n"": 2273, ""share"": 0.2129, ""label_da"": """"}}",empirical_industry_crosswalk
db07,LAB_db07_351100,351100,,,,nace,401100,,,6283,0.9865,505.509,,,none,none,"{""nace"": {""code"": ""401100"", ""n"": 6283, ""share"": 0.9865, ""label_da"": """"}}",empirical_industry_crosswalk
db07,LAB_db07_351200,351200,,,,nace,401200,,,656,1.0,4851.008,,,none,none,"{""nace"": {""code"": ""401200"", ""n"": 656, ""share"": 1.0, ""label_da"": """"}}",empirical_industry_crosswalk
db07,LAB_db07_351300,351300,,,,nace,401300,,,3451,0.9128,721.486,,,none,none,"{""nace"": {""code"": ""401300"", ""n"": 3451, ""share"": 0.9128, ""label_da"": """"}}",empirical_industry_crosswalk
db07,LAB_db07_351400,351400,,,,nace,401300,,,709,1.0,790.427,,,none,none,"{""nace"": {""code"": ""401300"", ""n"": 709, ""share"": 1.0, ""label_da"": """"}}",empirical_industry_crosswalk
db07,LAB_db07_352100,352100,,,,nace,402100,,,120,1.0,26518.842,,,none,none,"{""nace"": {""code"": ""402100"", ""n"": 120, ""share"": 1.0, ""label_da"": """"}}",empirical_industry_crosswalk
db07,LAB_db07_352200,352200,,,,nace,402200,,,753,0.9031,3847.062,,,none,none,"{""nace"": {""code"": ""402200"", ""n"": 753, ""share"": 0.9031, ""label_da"": """"}}",empirical_industry_crosswalk
db07,LAB_db07_352300,352300,,,,nace,402200,,,67,1.0,4260.055,,,none,none,"{""nace"": {""code"": ""402200"", ""n"": 67, ""share"": 1.0, ""label_da"": """"}}",empirical_industry_crosswalk
db07,LAB_db07_353000,353000,,,,nace,403000,,,2909,0.9997,1092.809,,,none,none,"{""nace"": {""code"": ""403000"", ""n"": 2909, ""share"": 0.9997, ""label_da"": """"}}",empirical_industry_crosswalk
db07,LAB_db07_360000,360000,,,,nace,410000,,,3073,0.9977,1035.555,,,none,none,"{""nace"": {""code"": ""410000"", ""n"": 3073, ""share"": 0.9977, ""label_da"": """"}}",empirical_industry_crosswalk
db07,LAB_db07_370000,370000,,,,nace,900100,,,2684,0.9996,1182.996,,,none,none,"{""nace"": {""code"": ""900100"", ""n"": 2684, ""share"": 0.9996, ""label_da"": """"}}",empirical_industry_crosswalk
db07,LAB_db07_381100,381100,,,,nace,900210,,,12054,0.3044,248.491,,,none,none,"{""nace"": {""code"": ""900210"", ""n"": 12054, ""share"": 0.3044, ""label_da"": """"}}",empirical_industry_crosswalk
db07,LAB_db07_381200,381200,,,,nace,900210,,,74,0.9865,805.351,,,none,none,"{""nace"": {""code"": ""900210"", ""n"": 74, ""share"": 0.9865, ""label_da"": """"}}",empirical_industry_crosswalk
db07,LAB_db07_382110,382110,,,,nace,900220,,,1405,0.9452,1280.485,,,none,none,"{""nace"": {""code"": ""900220"", ""n"": 1405, ""share"": 0.9452, ""label_da"": """"}}",empirical_industry_crosswalk
db07,LAB_db07_382120,382120,,,,nace,900220,,,769,1.0,1354.73,,,none,none,"{""nace"": {""code"": ""900220"", ""n"": 769, ""share"": 1.0, ""label_da"": """"}}",empirical_industry_crosswalk
db07,LAB_db07_382200,382200,,,,nace,900220,,,280,0.8714,1180.551,,,none,none,"{""nace"": {""code"": ""900220"", ""n"": 280, ""share"": 0.8714, ""label_da"": """"}}",empirical_industry_crosswalk
db07,LAB_db07_383100,383100,,,,nace,515700,,,194,1.0,1338.772,,,none,none,"{""nace"": {""code"": ""515700"", ""n"": 194, ""share"": 1.0, ""label_da"": """"}}",empirical_industry_crosswalk
db07,LAB_db07_383200,383200,,,,nace,371000,,,984,0.502,3227.472,,,none,none,"{""nace"": {""code"": ""371000"", ""n"": 984, ""share"": 0.502, ""label_da"": """"}}",empirical_industry_crosswalk
db07,LAB_db07_390000,390000,,,,nace,900320,,,220,0.3909,14464.823,,,none,none,"{""nace"": {""code"": ""900320"", ""n"": 220, ""share"": 0.3909, ""label_da"": """"}}",empirical_industry_crosswalk
db07,LAB_db07_411000,411000,,,,nace,701100,,,683,0.8448,4603.393,,,none,none,"{""nace"": {""code"": ""701100"", ""n"": 683, ""share"": 0.8448, ""label_da"": """"}}",empirical_industry_crosswalk
db07,LAB_db07_412000,412000,,,,nace,452100,,,39732,0.992,55.016,,,none,none,"{""nace"": {""code"": ""452100"", ""n"": 39732, ""share"": 0.992, ""label_da"": """"}}",empirical_industry_crosswalk
db07,LAB_db07_421000,421000,,,,nace,452100,,,6258,1.0,55.46,,,none,none,"{""nace"": {""code"": ""452100"", ""n"": 6258, ""share"": 1.0, ""label_da"": """"}}",empirical_industry_crosswalk
db07,LAB_db07_421100,421100,,,,,,,,,,,,,none,none,{},empirical_industry_crosswalk
db07,LAB_db07_421200,421200,,,,,,,,,,,,,none,none,{},empirical_industry_crosswalk
db07,LAB_db07_421300,421300,,,,,,,,,,,,,none,none,{},empirical_industry_crosswalk
db07,LAB_db07_422000,422000,,,,nace,452530,,,10061,0.1445,313.28,,,none,none,"{""nace"": {""code"": ""452530"", ""n"": 10061, ""share"": 0.1445, ""label_da"": """"}}",empirical_industry_crosswalk
db07,LAB_db07_422100,422100,,,,,,,,,,,,,none,none,{},empirical_industry_crosswalk
db07,LAB_db07_422200,422200,,,,,,,,,,,,,none,none,{},empirical_industry_crosswalk
db07,LAB_db07_429000,429000,,,,nace,452100,,,743,0.9744,54.042,,,none,none,"{""nace"": {""code"": ""452100"", ""n"": 743, ""share"": 0.9744, ""label_da"": """"}}",empirical_industry_crosswalk
db07,LAB_db07_429100,429100,,,,,,,,,,,,,none,none,{},empirical_industry_crosswalk
db07,LAB_db07_429900,429900,,,,,,,,,,,,,none,none,{},empirical_industry_crosswalk
db07,LAB_db07_431100,431100,,,,nace,451100,,,337,0.9852,547.415,,,none,none,"{""nace"": {""code"": ""451100"", ""n"": 337, ""share"": 0.9852, ""label_da"": """"}}",empirical_industry_crosswalk
db07,LAB_db07_431200,431200,,,,nace,451100,,,5266,0.9911,550.7,,,none,none,"{""nace"": {""code"": ""451100"", ""n"": 5266, ""share"": 0.9911, ""label_da"": """"}}",empirical_industry_crosswalk
db07,LAB_db07_431300,431300,,,,nace,451200,,,54,1.0,58930.759,,,none,none,"{""nace"": {""code"": ""451200"", ""n"": 54, ""share"": 1.0, ""label_da"": """"}}",empirical_industry_crosswalk
db07,LAB_db07_432100,432100,,,,nace,453100,,,29078,0.9992,103.014,,,none,none,"{""nace"": {""code"": ""453100"", ""n"": 29078, ""share"": 0.9992, ""label_da"": """"}}",empirical_industry_crosswalk
db07,LAB_db07_432200,432200,,,,nace,453300,,,21542,0.9898,147.606,,,none,none,"{""nace"": {""code"": ""453300"", ""n"": 21542, ""share"": 0.9898, ""label_da"": """"}}",empirical_industry_crosswalk
db07,LAB_db07_432900,432900,,,,nace,453200,,,2848,0.6355,1117.367,,,none,none,"{""nace"": {""code"": ""453200"", ""n"": 2848, ""share"": 0.6355, ""label_da"": """"}}",empirical_industry_crosswalk
db07,LAB_db07_433100,433100,,,,nace,454100,,,62,1.0,51326.79,,,none,none,"{""nace"": {""code"": ""454100"", ""n"": 62, ""share"": 1.0, ""label_da"": """"}}",empirical_industry_crosswalk
db07,LAB_db07_433200,433200,,,,nace,454200,,,40051,0.9944,79.244,,,none,none,"{""nace"": {""code"": ""454200"", ""n"": 40051, ""share"": 0.9944, ""label_da"": """"}}",empirical_industry_crosswalk
db07,LAB_db07_433300,433300,,,,nace,454320,,,3327,0.1803,953.318,,,none,none,"{""nace"": {""code"": ""454320"", ""n"": 3327, ""share"": 0.1803, ""label_da"": """"}}",empirical_industry_crosswalk
db07,LAB_db07_433410,433410,,,,nace,454410,,,16122,0.9978,197.288,,,none,none,"{""nace"": {""code"": ""454410"", ""n"": 16122, ""share"": 0.9978, ""label_da"": """"}}",empirical_industry_crosswalk
db07,LAB_db07_433420,433420,,,,nace,454420,,,1580,0.9994,2012.815,,,none,none,"{""nace"": {""code"": ""454420"", ""n"": 1580, ""share"": 0.9994, ""label_da"": """"}}",empirical_industry_crosswalk
db07,LAB_db07_433900,433900,,,,nace,454500,,,681,0.9677,1535.123,,,none,none,"{""nace"": {""code"": ""454500"", ""n"": 681, ""share"": 0.9677, ""label_da"": """"}}",empirical_industry_crosswalk
db07,LAB_db07_439100,439100,,,,nace,452200,,,3316,0.9885,937.085,,,none,none,"{""nace"": {""code"": ""452200"", ""n"": 3316, ""share"": 0.9885, ""label_da"": """"}}",empirical_industry_crosswalk
db07,LAB_db07_439910,439910,,,,nace,452510,,,17406,0.996,181.226,,,none,none,"{""nace"": {""code"": ""452510"", ""n"": 17406, ""share"": 0.996, ""label_da"": """"}}",empirical_industry_crosswalk
db07,LAB_db07_439990,439990,,,,nace,452540,,,8389,0.2123,379.124,,,none,none,"{""nace"": {""code"": ""452540"", ""n"": 8389, ""share"": 0.2123, ""label_da"": """"}}",empirical_industry_crosswalk
db07,LAB_db07_451110,451110,,,,nace,501010,,,1939,0.9948,620.268,,,none,none,"{""nace"": {""code"": ""501010"", ""n"": 1939, ""share"": 0.9948, ""label_da"": """"}}",empirical_industry_crosswalk
db07,LAB_db07_451120,451120,,,,nace,501020,,,23872,0.9978,133.165,,,none,none,"{""nace"": {""code"": ""501020"", ""n"": 23872, ""share"": 0.9978, ""label_da"": """"}}",empirical_industry_crosswalk
db07,LAB_db07_451910,451910,,,,nace,501030,,,1616,0.7939,1964.627,,,none,none,"{""nace"": {""code"": ""501030"", ""n"": 1616, ""share"": 0.7939, ""label_da"": """"}}",empirical_industry_crosswalk
db07,LAB_db07_451920,451920,,,,nace,501010,,,2848,1.0,623.484,,,none,none,"{""nace"": {""code"": ""501010"", ""n"": 2848, ""share"": 1.0, ""label_da"": """"}}",empirical_industry_crosswalk
db07,LAB_db07_452010,452010,,,,nace,502010,,,13571,0.8977,233.57,,,none,none,"{""nace"": {""code"": ""502010"", ""n"": 13571, ""share"": 0.8977, ""label_da"": """"}}",empirical_industry_crosswalk
db07,LAB_db07_452020,452020,,,,nace,502050,,,3170,0.7675,1003.455,,,none,none,"{""nace"": {""code"": ""502050"", ""n"": 3170, ""share"": 0.7675, ""label_da"": """"}}",empirical_industry_crosswalk
db07,LAB_db07_452030,452030,,,,nace,502040,,,480,1.0,6629.71,,,none,none,"{""nace"": {""code"": ""502040"", ""n"": 480, ""share"": 1.0, ""label_da"": """"}}",empirical_industry_crosswalk
db07,LAB_db07_452040,452040,,,,nace,502060,,,1311,0.9954,2425.495,,,none,none,"{""nace"": {""code"": ""502060"", ""n"": 1311, ""share"": 0.9954, ""label_da"": """"}}",empirical_industry_crosswalk
db07,LAB_db07_452590,452590,,,,,,,,,,,,,none,none,{},empirical_industry_crosswalk
db07,LAB_db07_453100,453100,,,,nace,503010,,,6143,0.9985,517.187,,,none,none,"{""nace"": {""code"": ""503010"", ""n"": 6143, ""share"": 0.9985, ""label_da"": """"}}",empirical_industry_crosswalk
db07,LAB_db07_453200,453200,,,,nace,503020,,,1555,0.9981,2039.898,,,none,none,"{""nace"": {""code"": ""503020"", ""n"": 1555, ""share"": 0.9981, ""label_da"": """"}}",empirical_industry_crosswalk
db07,LAB_db07_454000,454000,,,,nace,504000,,,880,0.9977,3543.559,,,none,none,"{""nace"": {""code"": ""504000"", ""n"": 880, ""share"": 0.9977, ""label_da"": """"}}",empirical_industry_crosswalk
db07,LAB_db07_461100,461100,,,,nace,511100,,,306,1.0,10399.546,,,none,none,"{""nace"": {""code"": ""511100"", ""n"": 306, ""share"": 1.0, ""label_da"": """"}}",empirical_industry_crosswalk
db07,LAB_db07_461200,461200,,,,nace,511200,,,160,1.0,18829.947,,,none,none,"{""nace"": {""code"": ""511200"", ""n"": 160, ""share"": 1.0, ""label_da"": """"}}",empirical_industry_crosswalk
db07,LAB_db07_461300,461300,,,,nace,511300,,,252,0.9563,12321.266,,,none,none,"{""nace"": {""code"": ""511300"", ""n"": 252, ""share"": 0.9563, ""label_da"": """"}}",empirical_industry_crosswalk
db07,LAB_db07_461400,461400,,,,nace,511400,,,996,0.999,3188.632,,,none,none,"{""nace"": {""code"": ""511400"", ""n"": 996, ""share"": 0.999, ""label_da"": """"}}",empirical_industry_crosswalk
db07,LAB_db07_461500,461500,,,,nace,511500,,,512,0.9941,6203.167,,,none,none,"{""nace"": {""code"": ""511500"", ""n"": 512, ""share"": 0.9941, ""label_da"": """"}}",empirical_industry_crosswalk
db07,LAB_db07_461600,461600,,,,nace,511600,,,1490,0.9987,2131.448,,,none,none,"{""nace"": {""code"": ""511600"", ""n"": 1490, ""share"": 0.9987, ""label_da"": """"}}",empirical_industry_crosswalk
db07,LAB_db07_461710,461710,,,,nace,511710,,,176,1.0,18081.028,,,none,none,"{""nace"": {""code"": ""511710"", ""n"": 176, ""share"": 1.0, ""label_da"": """"}}",empirical_industry_crosswalk
db07,LAB_db07_461790,461790,,,,nace,511790,,,175,0.9886,18184.349,,,none,none,"{""nace"": {""code"": ""511790"", ""n"": 175, ""share"": 0.9886, ""label_da"": """"}}",empirical_industry_crosswalk
db07,LAB_db07_461800,461800,,,,nace,511800,,,1118,0.9973,2843.837,,,none,none,"{""nace"": {""code"": ""511800"", ""n"": 1118, ""share"": 0.9973, ""label_da"": """"}}",empirical_industry_crosswalk
db07,LAB_db07_461900,461900,,,,nace,511900,,,1525,0.9961,2086.729,,,none,none,"{""nace"": {""code"": ""511900"", ""n"": 1525, ""share"": 0.9961, ""label_da"": """"}}",empirical_industry_crosswalk
db07,LAB_db07_462100,462100,,,,nace,512100,,,3746,0.9989,849.509,,,none,none,"{""nace"": {""code"": ""512100"", ""n"": 3746, ""share"": 0.9989, ""label_da"": """"}}",empirical_industry_crosswalk
db07,LAB_db07_462200,462200,,,,nace,512200,,,2129,0.9995,1494.019,,,none,none,"{""nace"": {""code"": ""512200"", ""n"": 2129, ""share"": 0.9995, ""label_da"": """"}}",empirical_industry_crosswalk
db07,LAB_db07_462300,462300,,,,nace,512300,,,651,1.0,4880.768,,,none,none,"{""nace"": {""code"": ""512300"", ""n"": 651, ""share"": 1.0, ""label_da"": """"}}",empirical_industry_crosswalk
db07,LAB_db07_462400,462400,,,,nace,512400,,,136,1.0,23398.978,,,none,none,"{""nace"": {""code"": ""512400"", ""n"": 136, ""share"": 1.0, ""label_da"": """"}}",empirical_industry_crosswalk
db07,LAB_db07_463100,463100,,,,nace,513100,,,2799,0.9989,1121.683,,,none,none,"{""nace"": {""code"": ""513100"", ""n"": 2799, ""share"": 0.9989, ""label_da"": """"}}",empirical_industry_crosswalk
db07,LAB_db07_463200,463200,,,,nace,513200,,,2592,0.9996,1222.064,,,none,none,"{""nace"": {""code"": ""513200"", ""n"": 2592, ""share"": 0.9996, ""label_da"": """"}}",empirical_industry_crosswalk
db07,LAB_db07_463300,463300,,,,nace,513300,,,874,1.0,3641.031,,,none,none,"{""nace"": {""code"": ""513300"", ""n"": 874, ""share"": 1.0, ""label_da"": """"}}",empirical_industry_crosswalk
db07,LAB_db07_463410,463410,,,,nace,513490,,,1104,0.0815,2882.483,,,none,none,"{""nace"": {""code"": ""513490"", ""n"": 1104, ""share"": 0.0815, ""label_da"": """"}}",empirical_industry_crosswalk
db07,LAB_db07_463420,463420,,,,nace,513420,,,2060,0.9951,1544.787,,,none,none,"{""nace"": {""code"": ""513420"", ""n"": 2060, ""share"": 0.9951, ""label_da"": """"}}",empirical_industry_crosswalk
db07,LAB_db07_463500,463500,,,,nace,513500,,,255,0.8902,12316.679,,,none,none,"{""nace"": {""code"": ""513500"", ""n"": 255, ""share"": 0.8902, ""label_da"": """"}}",empirical_industry_crosswalk
db07,LAB_db07_463600,463600,,,,nace,513600,,,1428,0.9902,2228.474,,,none,none,"{""nace"": {""code"": ""513600"", ""n"": 1428, ""share"": 0.9902, ""label_da"": """"}}",empirical_industry_crosswalk
db07,LAB_db07_463700,463700,,,,nace,513700,,,849,0.9965,3743.821,,,none,none,"{""nace"": {""code"": ""513700"", ""n"": 849, ""share"": 0.9965, ""label_da"": """"}}",empirical_industry_crosswalk
db07,LAB_db07_463810,463810,,,,nace,513810,,,1953,0.999,1628.587,,,none,none,"{""nace"": {""code"": ""513810"", ""n"": 1953, ""share"": 0.999, ""label_da"": """"}}",empirical_industry_crosswalk
db07,LAB_db07_463890,463890,,,,nace,513830,,,1108,0.4468,2860.519,,,none,none,"{""nace"": {""code"": ""513830"", ""n"": 1108, ""share"": 0.4468, ""label_da"": """"}}",empirical_industry_crosswalk
db07,LAB_db07_463900,463900,,,,nace,513900,,,8323,0.9984,382.299,,,none,none,"{""nace"": {""code"": ""513900"", ""n"": 8323, ""share"": 0.9984, ""label_da"": """"}}",empirical_industry_crosswalk
db07,LAB_db07_464100,464100,,,,nace,514100,,,1828,0.9923,1690.519,,,none,none,"{""nace"": {""code"": ""514100"", ""n"": 1828, ""share"": 0.9923, ""label_da"": """"}}",empirical_industry_crosswalk
db07,LAB_db07_464210,464210,,,,nace,514210,,,11212,0.9956,282.939,,,none,none,"{""nace"": {""code"": ""514210"", ""n"": 11212, ""share"": 0.9956, ""label_da"": """"}}",empirical_industry_crosswalk
db07,LAB_db07_464220,464220,,,,nace,514220,,,1165,0.994,2722.152,,,none,none,"{""nace"": {""code"": ""514220"", ""n"": 1165, ""share"": 0.994, ""label_da"": """"}}",empirical_industry_crosswalk
db07,LAB_db07_464310,464310,,,,nace,514310,,,1706,0.8482,1849.993,,,none,none,"{""nace"": {""code"": ""514310"", ""n"": 1706, ""share"": 0.8482, ""label_da"": """"}}",empirical_industry_crosswalk
db07,LAB_db07_464320,464320,,,,nace,514320,,,1336,0.9963,2373.017,,,none,none,"{""nace"": {""code"": ""514320"", ""n"": 1336, ""share"": 0.9963, ""label_da"": """"}}",empirical_industry_crosswalk
db07,LAB_db07_464330,464330,,,,nace,514330,,,697,0.9885,4172.063,,,none,none,"{""nace"": {""code"": ""514330"", ""n"": 697, ""share"": 0.9885, ""label_da"": """"}}",empirical_industry_crosswalk
db07,LAB_db07_464340,464340,,,,nace,514725,,,414,1.0,7135.114,,,none,none,"{""nace"": {""code"": ""514725"", ""n"": 414, ""share"": 1.0, ""label_da"": """"}}",empirical_industry_crosswalk
db07,LAB_db07_464350,464350,,,,nace,514340,,,520,0.9808,2702.22,,,none,none,"{""nace"": {""code"": ""514340"", ""n"": 520, ""share"": 0.9808, ""label_da"": """"}}",empirical_industry_crosswalk
db07,LAB_db07_464410,464410,,,,nace,514410,,,517,0.9981,6143.338,,,none,none,"{""nace"": {""code"": ""514410"", ""n"": 517, ""share"": 0.9981, ""label_da"": """"}}",empirical_industry_crosswalk
db07,LAB_db07_464420,464420,,,,nace,514420,,,916,0.9967,3421.617,,,none,none,"{""nace"": {""code"": ""514420"", ""n"": 916, ""share"": 0.9967, ""label_da"": """"}}",empirical_industry_crosswalk
db07,LAB_db07_464500,464500,,,,nace,514500,,,2886,0.9664,1102.655,,,none,none,"{""nace"": {""code"": ""514500"", ""n"": 2886, ""share"": 0.9664, ""label_da"": """"}}",empirical_industry_crosswalk
db07,LAB_db07_464610,464610,,,,nace,514610,,,6323,0.9983,500.35,,,none,none,"{""nace"": {""code"": ""514610"", ""n"": 6323, ""share"": 0.9983, ""label_da"": """"}}",empirical_industry_crosswalk
db07,LAB_db07_464620,464620,,,,nace,514620,,,2985,0.9899,1062.847,,,none,none,"{""nace"": {""code"": ""514620"", ""n"": 2985, ""share"": 0.9899, ""label_da"": """"}}",empirical_industry_crosswalk
db07,LAB_db07_464700,464700,,,,nace,514705,,,3252,0.6507,977.17,,,none,none,"{""nace"": {""code"": ""514705"", ""n"": 3252, ""share"": 0.6507, ""label_da"": """"}}",empirical_industry_crosswalk
db07,LAB_db07_464800,464800,,,,nace,514715,,,1324,0.5227,2400.052,,,none,none,"{""nace"": {""code"": ""514715"", ""n"": 1324, ""share"": 0.5227, ""label_da"": """"}}",empirical_industry_crosswalk
db07,LAB_db07_464910,464910,,,,nace,514730,,,1894,0.1653,1680.18,,,none,none,"{""nace"": {""code"": ""514730"", ""n"": 1894, ""share"": 0.1653, ""label_da"": """"}}",empirical_industry_crosswalk
db07,LAB_db07_464920,464920,,,,nace,514745,,,3165,0.9681,992.497,,,none,none,"{""nace"": {""code"": ""514745"", ""n"": 3165, ""share"": 0.9681, ""label_da"": """"}}",empirical_industry_crosswalk
db07,LAB_db07_464930,464930,,,,nace,514750,,,2512,0.9896,1265.805,,,none,none,"{""nace"": {""code"": ""514750"", ""n"": 2512, ""share"": 0.9896, ""label_da"": """"}}",empirical_industry_crosswalk
db07,LAB_db07_464990,464990,,,,nace,514740,,,2264,0.3626,1403.882,,,none,none,"{""nace"": {""code"": ""514740"", ""n"": 2264, ""share"": 0.3626, ""label_da"": """"}}",empirical_industry_crosswalk
db07,LAB_db07_465100,465100,,,,nace,518410,,,11375,0.9975,258.82,,,none,none,"{""nace"": {""code"": ""518410"", ""n"": 11375, ""share"": 0.9975, ""label_da"": """"}}",empirical_industry_crosswalk
db07,LAB_db07_465210,465210,,,,nace,518600,,,4222,0.8996,654.925,,,none,none,"{""nace"": {""code"": ""518600"", ""n"": 4222, ""share"": 0.8996, ""label_da"": """"}}",empirical_industry_crosswalk
db07,LAB_db07_465220,465220,,,,nace,518420,,,1617,0.8002,1966.483,,,none,none,"{""nace"": {""code"": ""518420"", ""n"": 1617, ""share"": 0.8002, ""label_da"": """"}}",empirical_industry_crosswalk
db07,LAB_db07_466100,466100,,,,nace,518800,,,6163,0.9979,516.181,,,none,none,"{""nace"": {""code"": ""518800"", ""n"": 6163, ""share"": 0.9979, ""label_da"": """"}}",empirical_industry_crosswalk
db07,LAB_db07_466200,466200,,,,nace,518100,,,4550,0.9963,699.09,,,none,none,"{""nace"": {""code"": ""518100"", ""n"": 4550, ""share"": 0.9963, ""label_da"": """"}}",empirical_industry_crosswalk
db07,LAB_db07_466300,466300,,,,nace,518200,,,2494,0.9856,1275.448,,,none,none,"{""nace"": {""code"": ""518200"", ""n"": 2494, ""share"": 0.9856, ""label_da"": """"}}",empirical_industry_crosswalk
db07,LAB_db07_466400,466400,,,,nace,518300,,,131,0.9924,23566.932,,,none,none,"{""nace"": {""code"": ""518300"", ""n"": 131, ""share"": 0.9924, ""label_da"": """"}}",empirical_industry_crosswalk
db07,LAB_db07_466500,466500,,,,nace,518500,,,873,0.9863,891.118,,,none,none,"{""nace"": {""code"": ""518500"", ""n"": 873, ""share"": 0.9863, ""label_da"": """"}}",empirical_industry_crosswalk
db07,LAB_db07_466600,466600,,,,nace,518500,,,2528,0.9996,903.181,,,none,none,"{""nace"": {""code"": ""518500"", ""n"": 2528, ""share"": 0.9996, ""label_da"": """"}}",empirical_industry_crosswalk
db07,LAB_db07_466900,466900,,,,nace,518710,,,17910,0.1661,177.442,,,none,none,"{""nace"": {""code"": ""518710"", ""n"": 17910, ""share"": 0.1661, ""label_da"": """"}}",empirical_industry_crosswalk
db07,LAB_db07_467100,467100,,,,nace,515100,,,2869,1.0,1104.568,,,none,none,"{""nace"": {""code"": ""515100"", ""n"": 2869, ""share"": 1.0, ""label_da"": """"}}",empirical_industry_crosswalk
db07,LAB_db07_467200,467200,,,,nace,515200,,,2022,0.9995,1503.16,,,none,none,"{""nace"": {""code"": ""515200"", ""n"": 2022, ""share"": 0.9995, ""label_da"": """"}}",empirical_industry_crosswalk
db07,LAB_db07_467310,467310,,,,nace,515310,,,15871,0.994,192.761,,,none,none,"{""nace"": {""code"": ""515310"", ""n"": 15871, ""share"": 0.994, ""label_da"": """"}}",empirical_industry_crosswalk
db07,LAB_db07_467320,467320,,,,nace,515320,,,1645,0.7781,1934.505,,,none,none,"{""nace"": {""code"": ""515320"", ""n"": 1645, ""share"": 0.7781, ""label_da"": """"}}",empirical_industry_crosswalk
db07,LAB_db07_467400,467400,,,,nace,515400,,,10283,0.9989,303.529,,,none,none,"{""nace"": {""code"": ""515400"", ""n"": 10283, ""share"": 0.9989, ""label_da"": """"}}",empirical_industry_crosswalk
db07,LAB_db07_467500,467500,,,,nace,515500,,,1385,0.9899,1871.713,,,none,none,"{""nace"": {""code"": ""515500"", ""n"": 1385, ""share"": 0.9899, ""label_da"": """"}}",empirical_industry_crosswalk
db07,LAB_db07_467600,467600,,,,nace,515610,,,3330,0.4465,954.992,,,none,none,"{""nace"": {""code"": ""515610"", ""n"": 3330, ""share"": 0.4465, ""label_da"": """"}}",empirical_industry_crosswalk
db07,LAB_db07_467700,467700,,,,nace,515700,,,1889,0.9995,1338.063,,,none,none,"{""nace"": {""code"": ""515700"", ""n"": 1889, ""share"": 0.9995, ""label_da"": """"}}",empirical_industry_crosswalk
db07,LAB_db07_469000,469000,,,,nace,519000,,,10001,0.9772,317.318,,,none,none,"{""nace"": {""code"": ""519000"", ""n"": 10001, ""share"": 0.9772, ""label_da"": """"}}",empirical_industry_crosswalk
db07,LAB_db07_471110,471110,,,,nace,521110,,,14910,0.6394,212.384,,,none,none,"{""nace"": {""code"": ""521110"", ""n"": 14910, ""share"": 0.6394, ""label_da"": """"}}",empirical_industry_crosswalk
db07,LAB_db07_471120,471120,,,,nace,521130,,,26502,0.9976,119.045,,,none,none,"{""nace"": {""code"": ""521130"", ""n"": 26502, ""share"": 0.9976, ""label_da"": """"}}",empirical_industry_crosswalk
db07,LAB_db07_471130,471130,,,,nace,521140,,,16711,1.0,189.759,,,none,none,"{""nace"": {""code"": ""521140"", ""n"": 16711, ""share"": 1.0, ""label_da"": """"}}",empirical_industry_crosswalk
db07,LAB_db07_471900,471900,,,,nace,521210,,,37480,0.9427,84.838,,,none,none,"{""nace"": {""code"": ""521210"", ""n"": 37480, ""share"": 0.9427, ""label_da"": """"}}",empirical_industry_crosswalk
db07,LAB_db07_472100,472100,,,,nace,522100,,,1475,0.9898,2136.974,,,none,none,"{""nace"": {""code"": ""522100"", ""n"": 1475, ""share"": 0.9898, ""label_da"": """"}}",empirical_industry_crosswalk
db07,LAB_db07_472200,472200,,,,nace,522200,,,4015,0.9988,788.073,,,none,none,"{""nace"": {""code"": ""522200"", ""n"": 4015, ""share"": 0.9988, ""label_da"": """"}}",empirical_industry_crosswalk
db07,LAB_db07_472300,472300,,,,nace,522300,,,1018,0.998,3125.993,,,none,none,"{""nace"": {""code"": ""522300"", ""n"": 1018, ""share"": 0.998, ""label_da"": """"}}",empirical_industry_crosswalk
db07,LAB_db07_472400,472400,,,,nace,522410,,,3390,0.3304,938.72,,,none,none,"{""nace"": {""code"": ""522410"", ""n"": 3390, ""share"": 0.3304, ""label_da"": """"}}",empirical_industry_crosswalk
db07,LAB_db07_472500,472500,,,,nace,522500,,,1224,0.9869,2593.446,,,none,none,"{""nace"": {""code"": ""522500"", ""n"": 1224, ""share"": 0.9869, ""label_da"": """"}}",empirical_industry_crosswalk
db07,LAB_db07_472600,472600,,,,nace,522600,,,934,0.9936,3396.153,,,none,none,"{""nace"": {""code"": ""522600"", ""n"": 934, ""share"": 0.9936, ""label_da"": """"}}",empirical_industry_crosswalk
db07,LAB_db07_472900,472900,,,,nace,522710,,,1608,0.194,1979.018,,,none,none,"{""nace"": {""code"": ""522710"", ""n"": 1608, ""share"": 0.194, ""label_da"": """"}}",empirical_industry_crosswalk
db07,LAB_db07_473000,473000,,,,nace,505020,,,12218,0.9899,259.877,,,none,none,"{""nace"": {""code"": ""505020"", ""n"": 12218, ""share"": 0.9899, ""label_da"": """"}}",empirical_industry_crosswalk
db07,LAB_db07_474100,474100,,,,nace,524866,,,2231,0.9942,1421.896,,,none,none,"{""nace"": {""code"": ""524866"", ""n"": 2231, ""share"": 0.9942, ""label_da"": """"}}",empirical_industry_crosswalk
db07,LAB_db07_474200,474200,,,,nace,524870,,,2164,0.9898,1470.546,,,none,none,"{""nace"": {""code"": ""524870"", ""n"": 2164, ""share"": 0.9898, ""label_da"": """"}}",empirical_industry_crosswalk
db07,LAB_db07_474300,474300,,,,nace,524520,,,3592,0.9986,885.436,,,none,none,"{""nace"": {""code"": ""524520"", ""n"": 3592, ""share"": 0.9986, ""label_da"": """"}}",empirical_industry_crosswalk
db07,LAB_db07_475100,475100,,,,nace,524100,,,1330,0.9895,2374.633,,,none,none,"{""nace"": {""code"": ""524100"", ""n"": 1330, ""share"": 0.9895, ""label_da"": """"}}",empirical_industry_crosswalk
db07,LAB_db07_475210,475210,,,,nace,524630,,,1554,1.0,2043.841,,,none,none,"{""nace"": {""code"": ""524630"", ""n"": 1554, ""share"": 1.0, ""label_da"": """"}}",empirical_industry_crosswalk
db07,LAB_db07_475220,475220,,,,nace,524620,,,10816,0.7005,294.179,,,none,none,"{""nace"": {""code"": ""524620"", ""n"": 10816, ""share"": 0.7005, ""label_da"": """"}}",empirical_industry_crosswalk
db07,LAB_db07_475300,475300,,,,nace,524801,,,2023,0.6416,1561.014,,,none,none,"{""nace"": {""code"": ""524801"", ""n"": 2023, ""share"": 0.6416, ""label_da"": """"}}",empirical_industry_crosswalk
db07,LAB_db07_475400,475400,,,,nace,524510,,,2751,0.9945,1146.706,,,none,none,"{""nace"": {""code"": ""524510"", ""n"": 2751, ""share"": 0.9945, ""label_da"": """"}}",empirical_industry_crosswalk
db07,LAB_db07_475910,475910,,,,nace,524410,,,6915,0.997,458.6,,,none,none,"{""nace"": {""code"": ""524410"", ""n"": 6915, ""share"": 0.997, ""label_da"": """"}}",empirical_industry_crosswalk
db07,LAB_db07_475920,475920,,,,nace,524430,,,2473,0.9996,994.054,,,none,none,"{""nace"": {""code"": ""524430"", ""n"": 2473, ""share"": 0.9996, ""label_da"": """"}}",empirical_industry_crosswalk
db07,LAB_db07_475930,475930,,,,nace,524440,,,2664,0.9962,1192.745,,,none,none,"{""nace"": {""code"": ""524440"", ""n"": 2664, ""share"": 0.9962, ""label_da"": """"}}",empirical_industry_crosswalk
db07,LAB_db07_475940,475940,,,,nace,524540,,,448,0.9955,7087.37,,,none,none,"{""nace"": {""code"": ""524540"", ""n"": 448, ""share"": 0.9955, ""label_da"": """"}}",empirical_industry_crosswalk
db07,LAB_db07_475990,475990,,,,nace,524450,,,179,0.9832,17777.994,,,none,none,"{""nace"": {""code"": ""524450"", ""n"": 179, ""share"": 0.9832, ""label_da"": """"}}",empirical_industry_crosswalk
db07,LAB_db07_476100,476100,,,,nace,524700,,,3441,0.9875,879.511,,,none,none,"{""nace"": {""code"": ""524700"", ""n"": 3441, ""share"": 0.9875, ""label_da"": """"}}",empirical_industry_crosswalk
db07,LAB_db07_476200,476200,,,,nace,524700,,,157,1.0,890.641,,,none,none,"{""nace"": {""code"": ""524700"", ""n"": 157, ""share"": 1.0, ""label_da"": """"}}",empirical_industry_crosswalk
db07,LAB_db07_476300,476300,,,,nace,524530,,,631,0.9968,5043.203,,,none,none,"{""nace"": {""code"": ""524530"", ""n"": 631, ""share"": 0.9968, ""label_da"": """"}}",empirical_industry_crosswalk
db07,LAB_db07_476410,476410,,,,nace,524845,,,4718,0.9955,672.346,,,none,none,"{""nace"": {""code"": ""524845"", ""n"": 4718, ""share"": 0.9955, ""label_da"": """"}}",empirical_industry_crosswalk
db07,LAB_db07_476420,476420,,,,nace,524860,,,1879,0.992,1691.778,,,none,none,"{""nace"": {""code"": ""524860"", ""n"": 1879, ""share"": 0.992, ""label_da"": """"}}",empirical_industry_crosswalk
db07,LAB_db07_476430,476430,,,,nace,524855,,,415,0.9952,7558.293,,,none,none,"{""nace"": {""code"": ""524855"", ""n"": 415, ""share"": 0.9952, ""label_da"": """"}}",empirical_industry_crosswalk
db07,LAB_db07_476500,476500,,,,nace,524850,,,3335,0.9967,939.226,,,none,none,"{""nace"": {""code"": ""524850"", ""n"": 3335, ""share"": 0.9967, ""label_da"": """"}}",empirical_industry_crosswalk
db07,LAB_db07_477100,477100,,,,,,,,,,,,,none,none,{},empirical_industry_crosswalk
db07,LAB_db07_477110,477110,,,,nace,524220,,,24927,0.188,127.636,,,none,none,"{""nace"": {""code"": ""524220"", ""n"": 24927, ""share"": 0.188, ""label_da"": """"}}",empirical_industry_crosswalk
db07,LAB_db07_477120,477120,,,,nace,524240,,,2410,0.9934,1314.948,,,none,none,"{""nace"": {""code"": ""524240"", ""n"": 2410, ""share"": 0.9934, ""label_da"": """"}}",empirical_industry_crosswalk
db07,LAB_db07_477210,477210,,,,nace,524310,,,4456,0.9942,713.347,,,none,none,"{""nace"": {""code"": ""524310"", ""n"": 4456, ""share"": 0.9942, ""label_da"": """"}}",empirical_industry_crosswalk
db07,LAB_db07_477220,477220,,,,nace,524320,,,822,1.0,3843.31,,,none,none,"{""nace"": {""code"": ""524320"", ""n"": 822, ""share"": 1.0, ""label_da"": """"}}",empirical_industry_crosswalk
db07,LAB_db07_477300,477300,,,,nace,523100,,,469,0.9957,4882.42,,,none,none,"{""nace"": {""code"": ""523100"", ""n"": 469, ""share"": 0.9957, ""label_da"": """"}}",empirical_industry_crosswalk
db07,LAB_db07_477400,477400,,,,nace,523200,,,243,1.0,12988.82,,,none,none,"{""nace"": {""code"": ""523200"", ""n"": 243, ""share"": 1.0, ""label_da"": """"}}",empirical_industry_crosswalk
db07,LAB_db07_477500,477500,,,,nace,523320,,,4215,0.851,752.886,,,none,none,"{""nace"": {""code"": ""523320"", ""n"": 4215, ""share"": 0.851, ""label_da"": """"}}",empirical_industry_crosswalk
db07,LAB_db07_477610,477610,,,,nace,524875,,,3909,0.9951,813.458,,,none,none,"{""nace"": {""code"": ""524875"", ""n"": 3909, ""share"": 0.9951, ""label_da"": """"}}",empirical_industry_crosswalk
db07,LAB_db07_477620,477620,,,,nace,524880,,,1188,0.9924,2678.671,,,none,none,"{""nace"": {""code"": ""524880"", ""n"": 1188, ""share"": 0.9924, ""label_da"": """"}}",empirical_industry_crosswalk
db07,LAB_db07_477630,477630,,,,nace,524885,,,1090,0.9954,2911.455,,,none,none,"{""nace"": {""code"": ""524885"", ""n"": 1090, ""share"": 0.9954, ""label_da"": """"}}",empirical_industry_crosswalk
db07,LAB_db07_477700,477700,,,,nace,524810,,,3619,0.3396,878.606,,,none,none,"{""nace"": {""code"": ""524810"", ""n"": 3619, ""share"": 0.3396, ""label_da"": """"}}",empirical_industry_crosswalk
db07,LAB_db07_477810,477810,,,,nace,524820,,,3460,0.9997,913.916,,,none,none,"{""nace"": {""code"": ""524820"", ""n"": 3460, ""share"": 0.9997, ""label_da"": """"}}",empirical_industry_crosswalk
db07,LAB_db07_477820,477820,,,,nace,524825,,,982,0.998,3211.102,,,none,none,"{""nace"": {""code"": ""524825"", ""n"": 982, ""share"": 0.998, ""label_da"": """"}}",empirical_industry_crosswalk
db07,LAB_db07_477830,477830,,,,nace,524830,,,3914,0.9619,808.322,,,none,none,"{""nace"": {""code"": ""524830"", ""n"": 3914, ""share"": 0.9619, ""label_da"": """"}}",empirical_industry_crosswalk
db07,LAB_db07_477840,477840,,,,nace,524835,,,733,0.9864,4305.688,,,none,none,"{""nace"": {""code"": ""524835"", ""n"": 733, ""share"": 0.9864, ""label_da"": """"}}",empirical_industry_crosswalk
db07,LAB_db07_477890,477890,,,,nace,524890,,,4256,0.0529,747.712,,,none,none,"{""nace"": {""code"": ""524890"", ""n"": 4256, ""share"": 0.0529, ""label_da"": """"}}",empirical_industry_crosswalk
db07,LAB_db07_477900,477900,,,,nace,525020,,,1333,0.4276,2370.656,,,none,none,"{""nace"": {""code"": ""525020"", ""n"": 1333, ""share"": 0.4276, ""label_da"": """"}}",empirical_industry_crosswalk
db07,LAB_db07_478100,478100,,,,nace,526210,,,134,0.9701,22868.653,,,none,none,"{""nace"": {""code"": ""526210"", ""n"": 134, ""share"": 0.9701, ""label_da"": """"}}",empirical_industry_crosswalk
db07,LAB_db07_478200,478200,,,,nace,526290,,,37,0.9459,13088.03,,,none,none,"{""nace"": {""code"": ""526290"", ""n"": 37, ""share"": 0.9459, ""label_da"": """"}}",empirical_industry_crosswalk
db07,LAB_db07_478900,478900,,,,nace,526290,,,200,0.97,13420.84,,,none,none,"{""nace"": {""code"": ""526290"", ""n"": 200, ""share"": 0.97, ""label_da"": """"}}",empirical_industry_crosswalk
db07,LAB_db07_479110,479110,,,,nace,526100,,,1838,0.9494,1681.271,,,none,none,"{""nace"": {""code"": ""526100"", ""n"": 1838, ""share"": 0.9494, ""label_da"": """"}}",empirical_industry_crosswalk
db07,LAB_db07_479111,479111,,,,,,,,,,,,,none,none,{},empirical_industry_crosswalk
db07,LAB_db07_479112,479112,,,,,,,,,,,,,none,none,{},empirical_industry_crosswalk
db07,LAB_db07_479113,479113,,,,,,,,,,,,,none,none,{},empirical_industry_crosswalk
db07,LAB_db07_479114,479114,,,,,,,,,,,,,none,none,{},empirical_industry_crosswalk
db07,LAB_db07_479115,479115,,,,,,,,,,,,,none,none,{},empirical_industry_crosswalk
db07,LAB_db07_479116,479116,,,,,,,,,,,,,none,none,{},empirical_industry_crosswalk
db07,LAB_db07_479117,479117,,,,,,,,,,,,,none,none,{},empirical_industry_crosswalk
db07,LAB_db07_479119,479119,,,,,,,,,,,,,none,none,{},empirical_industry_crosswalk
db07,LAB_db07_479120,479120,,,,nace,526100,,,40,1.0,1770.874,,,none,none,"{""nace"": {""code"": ""526100"", ""n"": 40, ""share"": 1.0, ""label_da"": """"}}",empirical_industry_crosswalk
db07,LAB_db07_479900,479900,,,,nace,526300,,,1186,0.9317,2542.815,,,none,none,"{""nace"": {""code"": ""526300"", ""n"": 1186, ""share"": 0.9317, ""label_da"": """"}}",empirical_industry_crosswalk
db07,LAB_db07_491000,491000,,,,nace,601000,,,8307,1.0,372.412,,,none,none,"{""nace"": {""code"": ""601000"", ""n"": 8307, ""share"": 1.0, ""label_da"": """"}}",empirical_industry_crosswalk
db07,LAB_db07_492000,492000,,,,nace,601000,,,183,1.0,372.412,,,none,none,"{""nace"": {""code"": ""601000"", ""n"": 183, ""share"": 1.0, ""label_da"": """"}}",empirical_industry_crosswalk
db07,LAB_db07_493110,493110,,,,nace,602110,,,10226,1.0,265.1,,,none,none,"{""nace"": {""code"": ""602110"", ""n"": 10226, ""share"": 1.0, ""label_da"": """"}}",empirical_industry_crosswalk
db07,LAB_db07_493120,493120,,,,nace,602120,,,2495,1.0,1228.198,,,none,none,"{""nace"": {""code"": ""602120"", ""n"": 2495, ""share"": 1.0, ""label_da"": """"}}",empirical_industry_crosswalk
db07,LAB_db07_493200,493200,,,,nace,602200,,,10702,0.9973,296.408,,,none,none,"{""nace"": {""code"": ""602200"", ""n"": 10702, ""share"": 0.9973, ""label_da"": """"}}",empirical_industry_crosswalk
db07,LAB_db07_493910,493910,,,,nace,602110,,,1677,1.0,265.1,,,none,none,"{""nace"": {""code"": ""602110"", ""n"": 1677, ""share"": 1.0, ""label_da"": """"}}",empirical_industry_crosswalk
db07,LAB_db07_493920,493920,,,,nace,602300,,,4502,0.9758,706.373,,,none,none,"{""nace"": {""code"": ""602300"", ""n"": 4502, ""share"": 0.9758, ""label_da"": """"}}",empirical_industry_crosswalk
db07,LAB_db07_494100,494100,,,,nace,602410,,,37331,0.9965,85.089,,,none,none,"{""nace"": {""code"": ""602410"", ""n"": 37331, ""share"": 0.9965, ""label_da"": """"}}",empirical_industry_crosswalk
db07,LAB_db07_494200,494200,,,,nace,602420,,,1990,0.998,1598.321,,,none,none,"{""nace"": {""code"": ""602420"", ""n"": 1990, ""share"": 0.998, ""label_da"": """"}}",empirical_industry_crosswalk
db07,LAB_db07_495000,495000,,,,,,,,,,,,,none,none,{},empirical_industry_crosswalk
db07,LAB_db07_501000,501000,,,,nace,611020,,,3361,0.9955,661.528,,,none,none,"{""nace"": {""code"": ""611020"", ""n"": 3361, ""share"": 0.9955, ""label_da"": """"}}",empirical_industry_crosswalk
db07,LAB_db07_502000,502000,,,,nace,611010,,,10716,0.7978,287.35,,,none,none,"{""nace"": {""code"": ""611010"", ""n"": 10716, ""share"": 0.7978, ""label_da"": """"}}",empirical_industry_crosswalk
db07,LAB_db07_503000,503000,,,,nace,612000,,,226,1.0,11488.307,,,none,none,"{""nace"": {""code"": ""612000"", ""n"": 226, ""share"": 1.0, ""label_da"": """"}}",empirical_industry_crosswalk
db07,LAB_db07_504000,504000,,,,nace,612000,,,27,1.0,11488.307,,,none,none,"{""nace"": {""code"": ""612000"", ""n"": 27, ""share"": 1.0, ""label_da"": """"}}",empirical_industry_crosswalk
db07,LAB_db07_511010,511010,,,,nace,621000,,,4307,0.9851,715.584,,,none,none,"{""nace"": {""code"": ""621000"", ""n"": 4307, ""share"": 0.9851, ""label_da"": """"}}",empirical_industry_crosswalk
db07,LAB_db07_511020,511020,,,,nace,622010,,,948,0.7194,3356.815,,,none,none,"{""nace"": {""code"": ""622010"", ""n"": 948, ""share"": 0.7194, ""label_da"": """"}}",empirical_industry_crosswalk
db07,LAB_db07_512100,512100,,,,nace,622020,,,1317,0.9036,2416.295,,,none,none,"{""nace"": {""code"": ""622020"", ""n"": 1317, ""share"": 0.9036, ""label_da"": """"}}",empirical_industry_crosswalk
db07,LAB_db07_512200,512200,,,,,,,,,,,,,none,none,{},empirical_industry_crosswalk
db07,LAB_db07_514620,514620,,,,,,,,,,,,,none,none,{},empirical_industry_crosswalk
db07,LAB_db07_521000,521000,,,,nace,631200,,,2872,0.9997,1106.873,,,none,none,"{""nace"": {""code"": ""631200"", ""n"": 2872, ""share"": 0.9997, ""label_da"": """"}}",empirical_industry_crosswalk
db07,LAB_db07_522110,522110,,,,nace,632110,,,2852,1.0,1113.847,,,none,none,"{""nace"": {""code"": ""632110"", ""n"": 2852, ""share"": 1.0, ""label_da"": """"}}",empirical_industry_crosswalk
db07,LAB_db07_522120,522120,,,,nace,632120,,,693,0.6234,4592.007,,,none,none,"{""nace"": {""code"": ""632120"", ""n"": 693, ""share"": 0.6234, ""label_da"": """"}}",empirical_industry_crosswalk
db07,LAB_db07_522130,522130,,,,nace,632130,,,236,1.0,13484.157,,,none,none,"{""nace"": {""code"": ""632130"", ""n"": 236, ""share"": 1.0, ""label_da"": """"}}",empirical_industry_crosswalk
db07,LAB_db07_522210,522210,,,,nace,632210,,,1087,1.0,2927.563,,,none,none,"{""nace"": {""code"": ""632210"", ""n"": 1087, ""share"": 1.0, ""label_da"": """"}}",empirical_industry_crosswalk
db07,LAB_db07_522220,522220,,,,nace,632230,,,900,0.64,3535.846,,,none,none,"{""nace"": {""code"": ""632230"", ""n"": 900, ""share"": 0.64, ""label_da"": """"}}",empirical_industry_crosswalk
db07,LAB_db07_522300,522300,,,,nace,632300,,,7504,0.9989,420.541,,,none,none,"{""nace"": {""code"": ""632300"", ""n"": 7504, ""share"": 0.9989, ""label_da"": """"}}",empirical_industry_crosswalk
db07,LAB_db07_522400,522400,,,,nace,631100,,,838,0.9964,3797.447,,,none,none,"{""nace"": {""code"": ""631100"", ""n"": 838, ""share"": 0.9964, ""label_da"": """"}}",empirical_industry_crosswalk
db07,LAB_db07_522910,522910,,,,nace,634010,,,903,1.0,3418.111,,,none,none,"{""nace"": {""code"": ""634010"", ""n"": 903, ""share"": 1.0, ""label_da"": """"}}",empirical_industry_crosswalk
db07,LAB_db07_522920,522920,,,,nace,634020,,,13308,0.9964,238.854,,,none,none,"{""nace"": {""code"": ""634020"", ""n"": 13308, ""share"": 0.9964, ""label_da"": """"}}",empirical_industry_crosswalk
db07,LAB_db07_522990,522990,,,,nace,634030,,,943,0.1273,3374.614,,,none,none,"{""nace"": {""code"": ""634030"", ""n"": 943, ""share"": 0.1273, ""label_da"": """"}}",empirical_industry_crosswalk
db07,LAB_db07_531000,531000,,,,nace,641100,,,27744,0.9999,112.523,,,none,none,"{""nace"": {""code"": ""641100"", ""n"": 27744, ""share"": 0.9999, ""label_da"": """"}}",empirical_industry_crosswalk
db07,LAB_db07_532000,532000,,,,nace,641200,,,13782,0.9535,230.584,,,none,none,"{""nace"": {""code"": ""641200"", ""n"": 13782, ""share"": 0.9535, ""label_da"": """"}}",empirical_industry_crosswalk
db07,LAB_db07_551010,551010,,,,nace,551010,,,18245,0.9984,173.456,,,none,none,"{""nace"": {""code"": ""551010"", ""n"": 18245, ""share"": 0.9984, ""label_da"": """"}}",empirical_industry_crosswalk
db07,LAB_db07_551020,551020,,,,nace,551020,,,4006,1.0,776.351,,,none,none,"{""nace"": {""code"": ""551020"", ""n"": 4006, ""share"": 1.0, ""label_da"": """"}}",empirical_industry_crosswalk
db07,LAB_db07_552000,552000,,,,nace,552100,,,2258,0.3508,1409.327,,,none,none,"{""nace"": {""code"": ""552100"", ""n"": 2258, ""share"": 0.3508, ""label_da"": """"}}",empirical_industry_crosswalk
db07,LAB_db07_553000,553000,,,,nace,552200,,,2282,0.9969,1393.893,,,none,none,"{""nace"": {""code"": ""552200"", ""n"": 2282, ""share"": 0.9969, ""label_da"": """"}}",empirical_industry_crosswalk
db07,LAB_db07_559000,559000,,,,nace,552390,,,45,0.9111,4930.941,,,none,none,"{""nace"": {""code"": ""552390"", ""n"": 45, ""share"": 0.9111, ""label_da"": """"}}",empirical_industry_crosswalk
db07,LAB_db07_561010,561010,,,,nace,553010,,,36596,0.9965,86.631,,,none,none,"{""nace"": {""code"": ""553010"", ""n"": 36596, ""share"": 0.9965, ""label_da"": """"}}",empirical_industry_crosswalk
db07,LAB_db07_561020,561020,,,,nace,553020,,,21388,0.9901,148.158,,,none,none,"{""nace"": {""code"": ""553020"", ""n"": 21388, ""share"": 0.9901, ""label_da"": """"}}",empirical_industry_crosswalk
db07,LAB_db07_562100,562100,,,,nace,555200,,,3838,0.995,409.268,,,none,none,"{""nace"": {""code"": ""555200"", ""n"": 3838, ""share"": 0.995, ""label_da"": """"}}",empirical_industry_crosswalk
db07,LAB_db07_562900,562900,,,,nace,555100,,,9310,0.4802,341.658,,,none,none,"{""nace"": {""code"": ""555100"", ""n"": 9310, ""share"": 0.4802, ""label_da"": """"}}",empirical_industry_crosswalk
db07,LAB_db07_563000,563000,,,,nace,554090,,,13177,0.56,241.076,,,none,none,"{""nace"": {""code"": ""554090"", ""n"": 13177, ""share"": 0.56, ""label_da"": """"}}",empirical_industry_crosswalk
db07,LAB_db07_581100,581100,,,,nace,221120,,,2692,0.8692,748.216,,,none,none,"{""nace"": {""code"": ""221120"", ""n"": 2692, ""share"": 0.8692, ""label_da"": """"}}",empirical_industry_crosswalk
db07,LAB_db07_581200,581200,,,,nace,221120,,,1473,0.9084,781.879,,,none,none,"{""nace"": {""code"": ""221120"", ""n"": 1473, ""share"": 0.9084, ""label_da"": """"}}",empirical_industry_crosswalk
db07,LAB_db07_581300,581300,,,,nace,221220,,,13701,0.7007,231.662,,,none,none,"{""nace"": {""code"": ""221220"", ""n"": 13701, ""share"": 0.7007, ""label_da"": """"}}",empirical_industry_crosswalk
db07,LAB_db07_581410,581410,,,,nace,221310,,,3327,0.1199,956.496,,,none,none,"{""nace"": {""code"": ""221310"", ""n"": 3327, ""share"": 0.1199, ""label_da"": """"}}",empirical_industry_crosswalk
db07,LAB_db07_581420,581420,,,,nace,221330,,,2670,0.091,1191.858,,,none,none,"{""nace"": {""code"": ""221330"", ""n"": 2670, ""share"": 0.091, ""label_da"": """"}}",empirical_industry_crosswalk
db07,LAB_db07_581900,581900,,,,nace,221500,,,1869,0.6308,1556.147,,,none,none,"{""nace"": {""code"": ""221500"", ""n"": 1869, ""share"": 0.6308, ""label_da"": """"}}",empirical_industry_crosswalk
db07,LAB_db07_582100,582100,,,,nace,722100,,,432,0.9722,431.802,,,none,none,"{""nace"": {""code"": ""722100"", ""n"": 432, ""share"": 0.9722, ""label_da"": """"}}",empirical_industry_crosswalk
db07,LAB_db07_582900,582900,,,,nace,722100,,,3630,0.9813,435.82,,,none,none,"{""nace"": {""code"": ""722100"", ""n"": 3630, ""share"": 0.9813, ""label_da"": """"}}",empirical_industry_crosswalk
db07,LAB_db07_591110,591110,,,,nace,921100,,,2578,0.995,709.913,,,none,none,"{""nace"": {""code"": ""921100"", ""n"": 2578, ""share"": 0.995, ""label_da"": """"}}",empirical_industry_crosswalk
db07,LAB_db07_591120,591120,,,,nace,921100,,,1611,0.5636,402.153,,,none,none,"{""nace"": {""code"": ""921100"", ""n"": 1611, ""share"": 0.5636, ""label_da"": """"}}",empirical_industry_crosswalk
db07,LAB_db07_591200,591200,,,,nace,921100,,,464,0.9784,698.134,,,none,none,"{""nace"": {""code"": ""921100"", ""n"": 464, ""share"": 0.9784, ""label_da"": """"}}",empirical_industry_crosswalk
db07,LAB_db07_591300,591300,,,,nace,921200,,,446,0.7377,7135.114,,,none,none,"{""nace"": {""code"": ""921200"", ""n"": 446, ""share"": 0.7377, ""label_da"": """"}}",empirical_industry_crosswalk
db07,LAB_db07_591400,591400,,,,nace,921300,,,2157,0.9995,1467.829,,,none,none,"{""nace"": {""code"": ""921300"", ""n"": 2157, ""share"": 0.9995, ""label_da"": """"}}",empirical_industry_crosswalk
db07,LAB_db07_592000,592000,,,,nace,221400,,,845,0.5231,3749.025,,,none,none,"{""nace"": {""code"": ""221400"", ""n"": 845, ""share"": 0.5231, ""label_da"": """"}}",empirical_industry_crosswalk
db07,LAB_db07_601000,601000,,,,nace,922020,,,1048,0.9981,3030.714,,,none,none,"{""nace"": {""code"": ""922020"", ""n"": 1048, ""share"": 0.9981, ""label_da"": """"}}",empirical_industry_crosswalk
db07,LAB_db07_602000,602000,,,,nace,922010,,,7047,0.979,409.44,,,none,none,"{""nace"": {""code"": ""922010"", ""n"": 7047, ""share"": 0.979, ""label_da"": """"}}",empirical_industry_crosswalk
db07,LAB_db07_611000,611000,,,,nace,642010,,,12270,0.8802,258.015,,,none,none,"{""nace"": {""code"": ""642010"", ""n"": 12270, ""share"": 0.8802, ""label_da"": """"}}",empirical_industry_crosswalk
db07,LAB_db07_612000,612000,,,,nace,642020,,,3523,0.9923,903.282,,,none,none,"{""nace"": {""code"": ""642020"", ""n"": 3523, ""share"": 0.9923, ""label_da"": """"}}",empirical_industry_crosswalk
db07,LAB_db07_613000,613000,,,,nace,642040,,,39,0.7179,1074.647,,,none,none,"{""nace"": {""code"": ""642040"", ""n"": 39, ""share"": 0.7179, ""label_da"": """"}}",empirical_industry_crosswalk
db07,LAB_db07_619000,619000,,,,nace,642040,,,1713,0.9784,1464.499,,,none,none,"{""nace"": {""code"": ""642040"", ""n"": 1713, ""share"": 0.9784, ""label_da"": """"}}",empirical_industry_crosswalk
db07,LAB_db07_620100,620100,,,,nace,722200,,,22817,0.854,82.688,,,none,none,"{""nace"": {""code"": ""722200"", ""n"": 22817, ""share"": 0.854, ""label_da"": """"}}",empirical_industry_crosswalk
db07,LAB_db07_620200,620200,,,,nace,721000,,,16525,0.1147,192.369,,,none,none,"{""nace"": {""code"": ""721000"", ""n"": 16525, ""share"": 0.1147, ""label_da"": """"}}",empirical_industry_crosswalk
db07,LAB_db07_620300,620300,,,,nace,723000,,,2077,0.988,525.745,,,none,none,"{""nace"": {""code"": ""723000"", ""n"": 2077, ""share"": 0.988, ""label_da"": """"}}",empirical_industry_crosswalk
db07,LAB_db07_620900,620900,,,,nace,726000,,,3321,0.7895,918.633,,,none,none,"{""nace"": {""code"": ""726000"", ""n"": 3321, ""share"": 0.7895, ""label_da"": """"}}",empirical_industry_crosswalk
db07,LAB_db07_631100,631100,,,,nace,724000,,,4005,0.2849,377.595,,,none,none,"{""nace"": {""code"": ""724000"", ""n"": 4005, ""share"": 0.2849, ""label_da"": """"}}",empirical_industry_crosswalk
db07,LAB_db07_631200,631200,,,,nace,724000,,,533,1.0,1325.39,,,none,none,"{""nace"": {""code"": ""724000"", ""n"": 533, ""share"": 1.0, ""label_da"": """"}}",empirical_industry_crosswalk
db07,LAB_db07_639100,639100,,,,nace,924000,,,404,0.995,3983.028,,,none,none,"{""nace"": {""code"": ""924000"", ""n"": 404, ""share"": 0.995, ""label_da"": """"}}",empirical_industry_crosswalk
db07,LAB_db07_639900,639900,,,,nace,748790,,,221,0.8326,404.625,,,none,none,"{""nace"": {""code"": ""748790"", ""n"": 221, ""share"": 0.8326, ""label_da"": """"}}",empirical_industry_crosswalk
db07,LAB_db07_641100,641100,,,,nace,651100,,,571,1.0,5573.137,,,none,none,"{""nace"": {""code"": ""651100"", ""n"": 571, ""share"": 1.0, ""label_da"": """"}}",empirical_industry_crosswalk
db07,LAB_db07_641900,641900,,,,nace,651200,,,40396,1.0,77.371,,,none,none,"{""nace"": {""code"": ""651200"", ""n"": 40396, ""share"": 1.0, ""label_da"": """"}}",empirical_industry_crosswalk
db07,LAB_db07_642010,642010,,,,nace,652340,,,2968,0.9953,788.658,,,none,none,"{""nace"": {""code"": ""652340"", ""n"": 2968, ""share"": 0.9953, ""label_da"": """"}}",empirical_industry_crosswalk
db07,LAB_db07_642020,642020,,,,nace,741500,,,6026,0.6742,292.998,,,none,none,"{""nace"": {""code"": ""741500"", ""n"": 6026, ""share"": 0.6742, ""label_da"": """"}}",empirical_industry_crosswalk
db07,LAB_db07_642030,642030,,,,nace,652340,,,29,0.5862,464.508,,,none,none,"{""nace"": {""code"": ""652340"", ""n"": 29, ""share"": 0.5862, ""label_da"": """"}}",empirical_industry_crosswalk
db07,LAB_db07_643010,643010,,,,nace,652310,,,98,0.6429,32472.051,,,none,none,"{""nace"": {""code"": ""652310"", ""n"": 98, ""share"": 0.6429, ""label_da"": """"}}",empirical_industry_crosswalk
db07,LAB_db07_643020,643020,,,,nace,652250,,,29,1.0,99445.656,,,none,none,"{""nace"": {""code"": ""652250"", ""n"": 29, ""share"": 1.0, ""label_da"": """"}}",empirical_industry_crosswalk
db07,LAB_db07_643030,643030,,,,nace,652320,,,1869,0.9337,1646.969,,,none,none,"{""nace"": {""code"": ""652320"", ""n"": 1869, ""share"": 0.9337, ""label_da"": """"}}",empirical_industry_crosswalk
db07,LAB_db07_643040,643040,,,,nace,652325,,,367,1.0,8671.011,,,none,none,"{""nace"": {""code"": ""652325"", ""n"": 367, ""share"": 1.0, ""label_da"": """"}}",empirical_industry_crosswalk
db07,LAB_db07_649100,649100,,,,nace,652100,,,765,0.8209,4159.818,,,none,none,"{""nace"": {""code"": ""652100"", ""n"": 765, ""share"": 0.8209, ""label_da"": """"}}",empirical_industry_crosswalk
db07,LAB_db07_649210,649210,,,,nace,652230,,,4822,1.0,659.946,,,none,none,"{""nace"": {""code"": ""652230"", ""n"": 4822, ""share"": 1.0, ""label_da"": """"}}",empirical_industry_crosswalk
db07,LAB_db07_649220,649220,,,,nace,652240,,,160,1.0,19889.131,,,none,none,"{""nace"": {""code"": ""652240"", ""n"": 160, ""share"": 1.0, ""label_da"": """"}}",empirical_industry_crosswalk
db07,LAB_db07_649230,649230,,,,nace,652260,,,724,0.8646,4395.388,,,none,none,"{""nace"": {""code"": ""652260"", ""n"": 724, ""share"": 0.8646, ""label_da"": """"}}",empirical_industry_crosswalk
db07,LAB_db07_649240,649240,,,,,,,,,,,,,none,none,{},empirical_industry_crosswalk
db07,LAB_db07_649900,649900,,,,nace,652330,,,1564,0.1157,2034.694,,,none,none,"{""nace"": {""code"": ""652330"", ""n"": 1564, ""share"": 0.1157, ""label_da"": """"}}",empirical_industry_crosswalk
db07,LAB_db07_651100,651100,,,,nace,660100,,,1613,1.0,1972.883,,,none,none,"{""nace"": {""code"": ""660100"", ""n"": 1613, ""share"": 1.0, ""label_da"": """"}}",empirical_industry_crosswalk
db07,LAB_db07_651200,651200,,,,nace,660310,,,12489,0.9849,253.138,,,none,none,"{""nace"": {""code"": ""660310"", ""n"": 12489, ""share"": 0.9849, ""label_da"": """"}}",empirical_industry_crosswalk
db07,LAB_db07_652000,652000,,,,nace,660310,,,79,1.0,257.007,,,none,none,"{""nace"": {""code"": ""660310"", ""n"": 79, ""share"": 1.0, ""label_da"": """"}}",empirical_industry_crosswalk
db07,LAB_db07_653010,653010,,,,nace,660210,,,1066,1.0,2985.235,,,none,none,"{""nace"": {""code"": ""660210"", ""n"": 1066, ""share"": 1.0, ""label_da"": """"}}",empirical_industry_crosswalk
db07,LAB_db07_653020,653020,,,,nace,660290,,,2058,1.0,1545.537,,,none,none,"{""nace"": {""code"": ""660290"", ""n"": 2058, ""share"": 1.0, ""label_da"": """"}}",empirical_industry_crosswalk
db07,LAB_db07_661100,661100,,,,nace,671100,,,109,1.0,28929.645,,,none,none,"{""nace"": {""code"": ""671100"", ""n"": 109, ""share"": 1.0, ""label_da"": """"}}",empirical_industry_crosswalk
db07,LAB_db07_661200,661200,,,,nace,671200,,,162,0.8889,8812.076,,,none,none,"{""nace"": {""code"": ""671200"", ""n"": 162, ""share"": 0.8889, ""label_da"": """"}}",empirical_industry_crosswalk
db07,LAB_db07_661900,661900,,,,nace,671300,,,3223,0.7028,983.02,,,none,none,"{""nace"": {""code"": ""671300"", ""n"": 3223, ""share"": 0.7028, ""label_da"": """"}}",empirical_industry_crosswalk
db07,LAB_db07_662100,662100,,,,nace,672090,,,288,1.0,2128.603,,,none,none,"{""nace"": {""code"": ""672090"", ""n"": 288, ""share"": 1.0, ""label_da"": """"}}",empirical_industry_crosswalk
db07,LAB_db07_662200,662200,,,,nace,672010,,,1470,0.9857,2144.088,,,none,none,"{""nace"": {""code"": ""672010"", ""n"": 1470, ""share"": 0.9857, ""label_da"": """"}}",empirical_industry_crosswalk
db07,LAB_db07_662900,662900,,,,nace,672090,,,1184,0.9975,2123.209,,,none,none,"{""nace"": {""code"": ""672090"", ""n"": 1184, ""share"": 0.9975, ""label_da"": """"}}",empirical_industry_crosswalk
db07,LAB_db07_663000,663000,,,,nace,671200,,,192,0.9115,9035.82,,,none,none,"{""nace"": {""code"": ""671200"", ""n"": 192, ""share"": 0.9115, ""label_da"": """"}}",empirical_industry_crosswalk
db07,LAB_db07_681000,681000,,,,nace,701200,,,1169,0.9769,2698.578,,,none,none,"{""nace"": {""code"": ""701200"", ""n"": 1169, ""share"": 0.9769, ""label_da"": """"}}",empirical_industry_crosswalk
db07,LAB_db07_682010,682010,,,,nace,702010,,,10649,0.998,281.135,,,none,none,"{""nace"": {""code"": ""702010"", ""n"": 10649, ""share"": 0.998, ""label_da"": """"}}",empirical_industry_crosswalk
db07,LAB_db07_682020,682020,,,,nace,702020,,,1291,1.0,2464.958,,,none,none,"{""nace"": {""code"": ""702020"", ""n"": 1291, ""share"": 1.0, ""label_da"": """"}}",empirical_industry_crosswalk
db07,LAB_db07_682030,682030,,,,nace,702030,,,3472,0.9807,911.198,,,none,none,"{""nace"": {""code"": ""702030"", ""n"": 3472, ""share"": 0.9807, ""label_da"": """"}}",empirical_industry_crosswalk
db07,LAB_db07_682040,682040,,,,nace,702040,,,12987,0.8652,241.255,,,none,none,"{""nace"": {""code"": ""702040"", ""n"": 12987, ""share"": 0.8652, ""label_da"": """"}}",empirical_industry_crosswalk
db07,LAB_db07_683110,683110,,,,nace,703110,,,8017,0.9971,396.295,,,none,none,"{""nace"": {""code"": ""703110"", ""n"": 8017, ""share"": 0.9971, ""label_da"": """"}}",empirical_industry_crosswalk
db07,LAB_db07_683120,683120,,,,nace,703120,,,2869,0.0342,1109.188,,,none,none,"{""nace"": {""code"": ""703120"", ""n"": 2869, ""share"": 0.0342, ""label_da"": """"}}",empirical_industry_crosswalk
db07,LAB_db07_683210,683210,,,,nace,703210,,,6052,0.8824,391.943,,,none,none,"{""nace"": {""code"": ""703210"", ""n"": 6052, ""share"": 0.8824, ""label_da"": """"}}",empirical_industry_crosswalk
db07,LAB_db07_683220,683220,,,,nace,703220,,,1729,0.9948,1838.383,,,none,none,"{""nace"": {""code"": ""703220"", ""n"": 1729, ""share"": 0.9948, ""label_da"": """"}}",empirical_industry_crosswalk
db07,LAB_db07_691000,691000,,,,nace,741100,,,12312,0.9981,257.86,,,none,none,"{""nace"": {""code"": ""741100"", ""n"": 12312, ""share"": 0.9981, ""label_da"": """"}}",empirical_industry_crosswalk
db07,LAB_db07_692000,692000,,,,nace,741200,,,19967,0.9983,154.306,,,none,none,"{""nace"": {""code"": ""741200"", ""n"": 19967, ""share"": 0.9983, ""label_da"": """"}}",empirical_industry_crosswalk
db07,LAB_db07_701010,701010,,,,nace,741500,,,2799,0.9971,433.315,,,none,none,"{""nace"": {""code"": ""741500"", ""n"": 2799, ""share"": 0.9971, ""label_da"": """"}}",empirical_industry_crosswalk
db07,LAB_db07_701020,701020,,,,nace,401300,,,200,0.47,371.501,,,none,none,"{""nace"": {""code"": ""401300"", ""n"": 200, ""share"": 0.47, ""label_da"": """"}}",empirical_industry_crosswalk
db07,LAB_db07_702010,702010,,,,,,,,,,,,,none,none,{},empirical_industry_crosswalk
db07,LAB_db07_702020,702020,,,,,,,,,,,,,none,none,{},empirical_industry_crosswalk
db07,LAB_db07_702100,702100,,,,nace,741490,,,1759,0.9915,185.639,,,none,none,"{""nace"": {""code"": ""741490"", ""n"": 1759, ""share"": 0.9915, ""label_da"": """"}}",empirical_industry_crosswalk
db07,LAB_db07_702200,702200,,,,nace,741490,,,15058,0.9881,185.01,,,none,none,"{""nace"": {""code"": ""741490"", ""n"": 15058, ""share"": 0.9881, ""label_da"": """"}}",empirical_industry_crosswalk
db07,LAB_db07_711100,711100,,,,nace,742040,,,9464,0.9501,334.982,,,none,none,"{""nace"": {""code"": ""742040"", ""n"": 9464, ""share"": 0.9501, ""label_da"": """"}}",empirical_industry_crosswalk
db07,LAB_db07_711210,711210,,,,nace,742010,,,15168,0.998,206.098,,,none,none,"{""nace"": {""code"": ""742010"", ""n"": 15168, ""share"": 0.998, ""label_da"": """"}}",empirical_industry_crosswalk
db07,LAB_db07_711220,711220,,,,nace,742020,,,7092,0.9948,447.127,,,none,none,"{""nace"": {""code"": ""742020"", ""n"": 7092, ""share"": 0.9948, ""label_da"": """"}}",empirical_industry_crosswalk
db07,LAB_db07_711230,711230,,,,nace,742030,,,2074,0.9971,1534.359,,,none,none,"{""nace"": {""code"": ""742030"", ""n"": 2074, ""share"": 0.9971, ""label_da"": """"}}",empirical_industry_crosswalk
db07,LAB_db07_711240,711240,,,,nace,742060,,,1572,0.0967,2024.339,,,none,none,"{""nace"": {""code"": ""742060"", ""n"": 1572, ""share"": 0.0967, ""label_da"": """"}}",empirical_industry_crosswalk
db07,LAB_db07_711290,711290,,,,nace,742090,,,3746,0.9928,844.739,,,none,none,"{""nace"": {""code"": ""742090"", ""n"": 3746, ""share"": 0.9928, ""label_da"": """"}}",empirical_industry_crosswalk
db07,LAB_db07_712010,712010,,,,nace,743010,,,2179,1.0,1460.423,,,none,none,"{""nace"": {""code"": ""743010"", ""n"": 2179, ""share"": 1.0, ""label_da"": """"}}",empirical_industry_crosswalk
db07,LAB_db07_712020,712020,,,,nace,743020,,,2128,0.9995,1487.034,,,none,none,"{""nace"": {""code"": ""743020"", ""n"": 2128, ""share"": 0.9995, ""label_da"": """"}}",empirical_industry_crosswalk
db07,LAB_db07_712090,712090,,,,nace,743090,,,1713,0.3631,1848.795,,,none,none,"{""nace"": {""code"": ""743090"", ""n"": 1713, ""share"": 0.3631, ""label_da"": """"}}",empirical_industry_crosswalk
db07,LAB_db07_721100,721100,,,,nace,731000,,,1962,1.0,273.931,,,none,none,"{""nace"": {""code"": ""731000"", ""n"": 1962, ""share"": 1.0, ""label_da"": """"}}",empirical_industry_crosswalk
db07,LAB_db07_721900,721900,,,,nace,731000,,,9523,0.9973,273.183,,,none,none,"{""nace"": {""code"": ""731000"", ""n"": 9523, ""share"": 0.9973, ""label_da"": """"}}",empirical_industry_crosswalk
db07,LAB_db07_722000,722000,,,,nace,732000,,,2053,0.9722,1550.054,,,none,none,"{""nace"": {""code"": ""732000"", ""n"": 2053, ""share"": 0.9722, ""label_da"": """"}}",empirical_industry_crosswalk
db07,LAB_db07_731110,731110,,,,nace,744010,,,10503,0.9899,302.317,,,none,none,"{""nace"": {""code"": ""744010"", ""n"": 10503, ""share"": 0.9899, ""label_da"": """"}}",empirical_industry_crosswalk
db07,LAB_db07_731190,731190,,,,nace,744090,,,24681,0.9997,118.222,,,none,none,"{""nace"": {""code"": ""744090"", ""n"": 24681, ""share"": 0.9997, ""label_da"": """"}}",empirical_industry_crosswalk
db07,LAB_db07_731200,731200,,,,nace,744090,,,2194,0.9995,118.202,,,none,none,"{""nace"": {""code"": ""744090"", ""n"": 2194, ""share"": 0.9995, ""label_da"": """"}}",empirical_industry_crosswalk
db07,LAB_db07_732000,732000,,,,nace,741300,,,4490,0.9666,708.581,,,none,none,"{""nace"": {""code"": ""741300"", ""n"": 4490, ""share"": 0.9666, ""label_da"": """"}}",empirical_industry_crosswalk
db07,LAB_db07_741010,741010,,,,nace,748720,,,2260,0.992,761.62,,,none,none,"{""nace"": {""code"": ""748720"", ""n"": 2260, ""share"": 0.992, ""label_da"": """"}}",empirical_industry_crosswalk
db07,LAB_db07_741020,741020,,,,nace,748720,,,1855,0.9978,766.079,,,none,none,"{""nace"": {""code"": ""748720"", ""n"": 1855, ""share"": 0.9978, ""label_da"": """"}}",empirical_industry_crosswalk
db07,LAB_db07_741030,741030,,,,nace,748710,,,773,0.9948,4100.769,,,none,none,"{""nace"": {""code"": ""748710"", ""n"": 773, ""share"": 0.9948, ""label_da"": """"}}",empirical_industry_crosswalk
db07,LAB_db07_741490,741490,,,,,,,,,,,,,none,none,{},empirical_industry_crosswalk
db07,LAB_db07_742000,742000,,,,nace,748120,,,2367,0.0537,1344.428,,,none,none,"{""nace"": {""code"": ""748120"", ""n"": 2367, ""share"": 0.0537, ""label_da"": """"}}",empirical_industry_crosswalk
db07,LAB_db07_743000,743000,,,,nace,748520,,,2163,0.9926,1466.444,,,none,none,"{""nace"": {""code"": ""748520"", ""n"": 2163, ""share"": 0.9926, ""label_da"": """"}}",empirical_industry_crosswalk
db07,LAB_db07_749010,749010,,,,nace,741410,,,3894,0.9987,790.394,,,none,none,"{""nace"": {""code"": ""741410"", ""n"": 3894, ""share"": 0.9987, ""label_da"": """"}}",empirical_industry_crosswalk
db07,LAB_db07_749090,749090,,,,nace,742080,,,2023,0.3337,1570.714,,,none,none,"{""nace"": {""code"": ""742080"", ""n"": 2023, ""share"": 0.3337, ""label_da"": """"}}",empirical_industry_crosswalk
db07,LAB_db07_750000,750000,,,,nace,852000,,,2743,0.9971,1159.715,,,none,none,"{""nace"": {""code"": ""852000"", ""n"": 2743, ""share"": 0.9971, ""label_da"": """"}}",empirical_industry_crosswalk
db07,LAB_db07_771100,771100,,,,nace,711000,,,1358,0.9978,2343.344,,,none,none,"{""nace"": {""code"": ""711000"", ""n"": 1358, ""share"": 0.9978, ""label_da"": """"}}",empirical_industry_crosswalk
db07,LAB_db07_771200,771200,,,,nace,712190,,,70,1.0,22099.035,,,none,none,"{""nace"": {""code"": ""712190"", ""n"": 70, ""share"": 1.0, ""label_da"": """"}}",empirical_industry_crosswalk
db07,LAB_db07_772100,772100,,,,nace,714090,,,172,0.9593,1841.225,,,none,none,"{""nace"": {""code"": ""714090"", ""n"": 172, ""share"": 0.9593, ""label_da"": """"}}",empirical_industry_crosswalk
db07,LAB_db07_772200,772200,,,,nace,714010,,,1342,1.0,2371.282,,,none,none,"{""nace"": {""code"": ""714010"", ""n"": 1342, ""share"": 1.0, ""label_da"": """"}}",empirical_industry_crosswalk
db07,LAB_db07_772900,772900,,,,nace,714090,,,1478,0.9932,1906.351,,,none,none,"{""nace"": {""code"": ""714090"", ""n"": 1478, ""share"": 0.9932, ""label_da"": """"}}",empirical_industry_crosswalk
db07,LAB_db07_773100,773100,,,,nace,713100,,,83,1.0,37884.06,,,none,none,"{""nace"": {""code"": ""713100"", ""n"": 83, ""share"": 1.0, ""label_da"": """"}}",empirical_industry_crosswalk
db07,LAB_db07_773200,773200,,,,nace,713200,,,2041,0.9961,1541.726,,,none,none,"{""nace"": {""code"": ""713200"", ""n"": 2041, ""share"": 0.9961, ""label_da"": """"}}",empirical_industry_crosswalk
db07,LAB_db07_773300,773300,,,,nace,713310,,,157,0.8726,20269.178,,,none,none,"{""nace"": {""code"": ""713310"", ""n"": 157, ""share"": 0.8726, ""label_da"": """"}}",empirical_industry_crosswalk
db07,LAB_db07_773400,773400,,,,nace,712200,,,35,1.0,90921.743,,,none,none,"{""nace"": {""code"": ""712200"", ""n"": 35, ""share"": 1.0, ""label_da"": """"}}",empirical_industry_crosswalk
db07,LAB_db07_773500,773500,,,,nace,712300,,,37,0.7838,86007.054,,,none,none,"{""nace"": {""code"": ""712300"", ""n"": 37, ""share"": 0.7838, ""label_da"": """"}}",empirical_industry_crosswalk
db07,LAB_db07_773900,773900,,,,nace,712110,,,2408,0.0756,1321.537,,,none,none,"{""nace"": {""code"": ""712110"", ""n"": 2408, ""share"": 0.0756, ""label_da"": """"}}",empirical_industry_crosswalk
db07,LAB_db07_774000,774000,,,,nace,748790,,,234,0.9915,481.836,,,none,none,"{""nace"": {""code"": ""748790"", ""n"": 234, ""share"": 0.9915, ""label_da"": """"}}",empirical_industry_crosswalk
db07,LAB_db07_781000,781000,,,,nace,745010,,,6652,0.8202,470.713,,,none,none,"{""nace"": {""code"": ""745010"", ""n"": 6652, ""share"": 0.8202, ""label_da"": """"}}",empirical_industry_crosswalk
db07,LAB_db07_782000,782000,,,,nace,745020,,,42612,0.9944,74.669,,,none,none,"{""nace"": {""code"": ""745020"", ""n"": 42612, ""share"": 0.9944, ""label_da"": """"}}",empirical_industry_crosswalk
db07,LAB_db07_783000,783000,,,,nace,745030,,,682,0.915,2057.688,,,none,none,"{""nace"": {""code"": ""745030"", ""n"": 682, ""share"": 0.915, ""label_da"": """"}}",empirical_industry_crosswalk
db07,LAB_db07_791100,791100,,,,nace,633030,,,1800,0.9956,1761.044,,,none,none,"{""nace"": {""code"": ""633030"", ""n"": 1800, ""share"": 0.9956, ""label_da"": """"}}",empirical_industry_crosswalk
db07,LAB_db07_791200,791200,,,,nace,633020,,,4080,0.9953,777.286,,,none,none,"{""nace"": {""code"": ""633020"", ""n"": 4080, ""share"": 0.9953, ""label_da"": """"}}",empirical_industry_crosswalk
db07,LAB_db07_799000,799000,,,,nace,633010,,,1040,0.6885,3059.866,,,none,none,"{""nace"": {""code"": ""633010"", ""n"": 1040, ""share"": 0.6885, ""label_da"": """"}}",empirical_industry_crosswalk
db07,LAB_db07_801000,801000,,,,nace,746000,,,1870,0.9727,835.26,,,none,none,"{""nace"": {""code"": ""746000"", ""n"": 1870, ""share"": 0.9727, ""label_da"": """"}}",empirical_industry_crosswalk
db07,LAB_db07_802000,802000,,,,nace,746000,,,2081,0.3883,333.403,,,none,none,"{""nace"": {""code"": ""746000"", ""n"": 2081, ""share"": 0.3883, ""label_da"": """"}}",empirical_industry_crosswalk
db07,LAB_db07_803000,803000,,,,nace,746000,,,1054,0.9991,857.863,,,none,none,"{""nace"": {""code"": ""746000"", ""n"": 1054, ""share"": 0.9991, ""label_da"": """"}}",empirical_industry_crosswalk
db07,LAB_db07_811000,811000,,,,nace,703210,,,2315,0.6907,306.816,,,none,none,"{""nace"": {""code"": ""703210"", ""n"": 2315, ""share"": 0.6907, ""label_da"": """"}}",empirical_industry_crosswalk
db07,LAB_db07_812100,812100,,,,nace,747010,,,48459,0.9952,65.208,,,none,none,"{""nace"": {""code"": ""747010"", ""n"": 48459, ""share"": 0.9952, ""label_da"": """"}}",empirical_industry_crosswalk
db07,LAB_db07_812210,812210,,,,nace,747030,,,2004,0.995,1583.983,,,none,none,"{""nace"": {""code"": ""747030"", ""n"": 2004, ""share"": 0.995, ""label_da"": """"}}",empirical_industry_crosswalk
db07,LAB_db07_812220,812220,,,,nace,747040,,,699,0.9986,4552.591,,,none,none,"{""nace"": {""code"": ""747040"", ""n"": 699, ""share"": 0.9986, ""label_da"": """"}}",empirical_industry_crosswalk
db07,LAB_db07_812290,812290,,,,nace,747020,,,1193,0.9179,1243.974,,,none,none,"{""nace"": {""code"": ""747020"", ""n"": 1193, ""share"": 0.9179, ""label_da"": """"}}",empirical_industry_crosswalk
db07,LAB_db07_812900,812900,,,,nace,747050,,,4666,0.1009,682.011,,,none,none,"{""nace"": {""code"": ""747050"", ""n"": 4666, ""share"": 0.1009, ""label_da"": """"}}",empirical_industry_crosswalk
db07,LAB_db07_813000,813000,,,,nace,14120,,,8248,0.7799,385.223,,,none,none,"{""nace"": {""code"": ""14120"", ""n"": 8248, ""share"": 0.7799, ""label_da"": """"}}",empirical_industry_crosswalk
db07,LAB_db07_821100,821100,,,,nace,748510,,,2238,0.273,1132.717,,,none,none,"{""nace"": {""code"": ""748510"", ""n"": 2238, ""share"": 0.273, ""label_da"": """"}}",empirical_industry_crosswalk
db07,LAB_db07_821900,821900,,,,nace,748590,,,1045,0.8526,1353.94,,,none,none,"{""nace"": {""code"": ""748590"", ""n"": 1045, ""share"": 0.8526, ""label_da"": """"}}",empirical_industry_crosswalk
db07,LAB_db07_822000,822000,,,,nace,748600,,,3316,0.9961,938.362,,,none,none,"{""nace"": {""code"": ""748600"", ""n"": 3316, ""share"": 0.9961, ""label_da"": """"}}",empirical_industry_crosswalk
db07,LAB_db07_823000,823000,,,,nace,748740,,,1729,0.9948,1838.383,,,none,none,"{""nace"": {""code"": ""748740"", ""n"": 1729, ""share"": 0.9948, ""label_da"": """"}}",empirical_industry_crosswalk
db07,LAB_db07_829100,829100,,,,nace,748730,,,357,0.9804,8913.896,,,none,none,"{""nace"": {""code"": ""748730"", ""n"": 357, ""share"": 0.9804, ""label_da"": """"}}",empirical_industry_crosswalk
db07,LAB_db07_829200,829200,,,,nace,748200,,,2182,0.9968,1456.406,,,none,none,"{""nace"": {""code"": ""748200"", ""n"": 2182, ""share"": 0.9968, ""label_da"": """"}}",empirical_industry_crosswalk
db07,LAB_db07_829900,829900,,,,nace,748790,,,4755,0.9603,466.673,,,none,none,"{""nace"": {""code"": ""748790"", ""n"": 4755, ""share"": 0.9603, ""label_da"": """"}}",empirical_industry_crosswalk
db07,LAB_db07_841100,841100,,,,nace,751100,,,62242,0.9343,50.201,,,none,none,"{""nace"": {""code"": ""751100"", ""n"": 62242, ""share"": 0.9343, ""label_da"": """"}}",empirical_industry_crosswalk
db07,LAB_db07_841200,841200,,,,nace,751200,,,20773,0.9379,144.977,,,none,none,"{""nace"": {""code"": ""751200"", ""n"": 20773, ""share"": 0.9379, ""label_da"": """"}}",empirical_industry_crosswalk
db07,LAB_db07_841300,841300,,,,nace,751300,,,15760,0.9329,186.051,,,none,none,"{""nace"": {""code"": ""751300"", ""n"": 15760, ""share"": 0.9329, ""label_da"": """"}}",empirical_industry_crosswalk
db07,LAB_db07_842100,842100,,,,nace,752100,,,1873,1.0,1699.018,,,none,none,"{""nace"": {""code"": ""752100"", ""n"": 1873, ""share"": 1.0, ""label_da"": """"}}",empirical_industry_crosswalk
db07,LAB_db07_842200,842200,,,,nace,752200,,,30032,0.9999,105.962,,,none,none,"{""nace"": {""code"": ""752200"", ""n"": 30032, ""share"": 0.9999, ""label_da"": """"}}",empirical_industry_crosswalk
db07,LAB_db07_842300,842300,,,,nace,752310,,,9271,0.4982,343.249,,,none,none,"{""nace"": {""code"": ""752310"", ""n"": 9271, ""share"": 0.4982, ""label_da"": """"}}",empirical_industry_crosswalk
db07,LAB_db07_842400,842400,,,,nace,752400,,,13839,1.0,229.949,,,none,none,"{""nace"": {""code"": ""752400"", ""n"": 13839, ""share"": 1.0, ""label_da"": """"}}",empirical_industry_crosswalk
db07,LAB_db07_842500,842500,,,,nace,752500,,,8274,0.9926,366.791,,,none,none,"{""nace"": {""code"": ""752500"", ""n"": 8274, ""share"": 0.9926, ""label_da"": """"}}",empirical_industry_crosswalk
db07,LAB_db07_843000,843000,,,,nace,753000,,,3022,0.9454,1053.031,,,none,none,"{""nace"": {""code"": ""753000"", ""n"": 3022, ""share"": 0.9454, ""label_da"": """"}}",empirical_industry_crosswalk
db07,LAB_db07_851000,851000,,,,nace,801010,,,77,0.974,31.037,,,none,none,"{""nace"": {""code"": ""801010"", ""n"": 77, ""share"": 0.974, ""label_da"": """"}}",empirical_industry_crosswalk
db07,LAB_db07_852010,852010,,,,nace,801010,,,99611,0.9991,31.837,,,none,none,"{""nace"": {""code"": ""801010"", ""n"": 99611, ""share"": 0.9991, ""label_da"": """"}}",empirical_industry_crosswalk
db07,LAB_db07_852020,852020,,,,nace,801020,,,9204,0.9935,345.71,,,none,none,"{""nace"": {""code"": ""801020"", ""n"": 9204, ""share"": 0.9935, ""label_da"": """"}}",empirical_industry_crosswalk
db07,LAB_db07_853110,853110,,,,nace,801030,,,12774,0.9757,248.881,,,none,none,"{""nace"": {""code"": ""801030"", ""n"": 12774, ""share"": 0.9757, ""label_da"": """"}}",empirical_industry_crosswalk
db07,LAB_db07_853120,853120,,,,nace,802100,,,16246,0.8578,195.88,,,none,none,"{""nace"": {""code"": ""802100"", ""n"": 16246, ""share"": 0.8578, ""label_da"": """"}}",empirical_industry_crosswalk
db07,LAB_db07_853200,853200,,,,nace,802230,,,27205,0.3896,116.973,,,none,none,"{""nace"": {""code"": ""802230"", ""n"": 27205, ""share"": 0.3896, ""label_da"": """"}}",empirical_industry_crosswalk
db07,LAB_db07_854100,854100,,,,nace,803085,,,9510,0.1626,334.623,,,none,none,"{""nace"": {""code"": ""803085"", ""n"": 9510, ""share"": 0.1626, ""label_da"": """"}}",empirical_industry_crosswalk
db07,LAB_db07_854200,854200,,,,nace,803010,,,31358,0.8976,101.395,,,none,none,"{""nace"": {""code"": ""803010"", ""n"": 31358, ""share"": 0.8976, ""label_da"": """"}}",empirical_industry_crosswalk
db07,LAB_db07_855100,855100,,,,nace,926290,,,1085,0.7198,883.394,,,none,none,"{""nace"": {""code"": ""926290"", ""n"": 1085, ""share"": 0.7198, ""label_da"": """"}}",empirical_industry_crosswalk
db07,LAB_db07_855200,855200,,,,nace,804290,,,2865,0.8967,430.975,,,none,none,"{""nace"": {""code"": ""804290"", ""n"": 2865, ""share"": 0.8967, ""label_da"": """"}}",empirical_industry_crosswalk
db07,LAB_db07_855300,855300,,,,nace,804100,,,1408,0.9929,2258.513,,,none,none,"{""nace"": {""code"": ""804100"", ""n"": 1408, ""share"": 0.9929, ""label_da"": """"}}",empirical_industry_crosswalk
db07,LAB_db07_855900,855900,,,,nace,804220,,,22286,0.1271,142.792,,,none,none,"{""nace"": {""code"": ""804220"", ""n"": 22286, ""share"": 0.1271, ""label_da"": """"}}",empirical_industry_crosswalk
db07,LAB_db07_856000,856000,,,,nace,741500,,,293,0.372,161.661,,,none,none,"{""nace"": {""code"": ""741500"", ""n"": 293, ""share"": 0.372, ""label_da"": """"}}",empirical_industry_crosswalk
db07,LAB_db07_861000,861000,,,,nace,851100,,,119829,1.0,26.371,,,none,none,"{""nace"": {""code"": ""851100"", ""n"": 119829, ""share"": 1.0, ""label_da"": """"}}",empirical_industry_crosswalk
db07,LAB_db07_861200,861200,,,,,,,,,,,,,none,none,{},empirical_industry_crosswalk
db07,LAB_db07_862100,862100,,,,nace,851210,,,9226,0.9972,343.765,,,none,none,"{""nace"": {""code"": ""851210"", ""n"": 9226, ""share"": 0.9972, ""label_da"": """"}}",empirical_industry_crosswalk
db07,LAB_db07_862200,862200,,,,nace,851220,,,4040,0.9918,786.315,,,none,none,"{""nace"": {""code"": ""851220"", ""n"": 4040, ""share"": 0.9918, ""label_da"": """"}}",empirical_industry_crosswalk
db07,LAB_db07_862300,862300,,,,nace,851310,,,16473,0.9771,192.833,,,none,none,"{""nace"": {""code"": ""851310"", ""n"": 16473, ""share"": 0.9771, ""label_da"": """"}}",empirical_industry_crosswalk
db07,LAB_db07_869010,869010,,,,nace,851420,,,7015,0.053,453.637,,,none,none,"{""nace"": {""code"": ""851420"", ""n"": 7015, ""share"": 0.053, ""label_da"": """"}}",empirical_industry_crosswalk
db07,LAB_db07_869020,869020,,,,nace,851430,,,3523,0.9884,897.098,,,none,none,"{""nace"": {""code"": ""851430"", ""n"": 3523, ""share"": 0.9884, ""label_da"": """"}}",empirical_industry_crosswalk
db07,LAB_db07_869030,869030,,,,nace,851440,,,6376,0.9959,497.377,,,none,none,"{""nace"": {""code"": ""851440"", ""n"": 6376, ""share"": 0.9959, ""label_da"": """"}}",empirical_industry_crosswalk
db07,LAB_db07_869040,869040,,,,nace,851470,,,1079,0.9981,2930.224,,,none,none,"{""nace"": {""code"": ""851470"", ""n"": 1079, ""share"": 0.9981, ""label_da"": """"}}",empirical_industry_crosswalk
db07,LAB_db07_869090,869090,,,,nace,851450,,,5007,0.0869,635.562,,,none,none,"{""nace"": {""code"": ""851450"", ""n"": 5007, ""share"": 0.0869, ""label_da"": """"}}",empirical_industry_crosswalk
db07,LAB_db07_871010,871010,,,,nace,853150,,,97185,0.9991,30.338,,,none,none,"{""nace"": {""code"": ""853150"", ""n"": 97185, ""share"": 0.9991, ""label_da"": """"}}",empirical_industry_crosswalk
db07,LAB_db07_871020,871020,,,,nace,851100,,,840,1.0,26.371,,,none,none,"{""nace"": {""code"": ""851100"", ""n"": 840, ""share"": 1.0, ""label_da"": """"}}",empirical_industry_crosswalk
db07,LAB_db07_872010,872010,,,,nace,853140,,,22791,0.878,78.122,,,none,none,"{""nace"": {""code"": ""853140"", ""n"": 22791, ""share"": 0.878, ""label_da"": """"}}",empirical_industry_crosswalk
db07,LAB_db07_872020,872020,,,,nace,853130,,,1684,0.9923,1889.704,,,none,none,"{""nace"": {""code"": ""853130"", ""n"": 1684, ""share"": 0.9923, ""label_da"": """"}}",empirical_industry_crosswalk
db07,LAB_db07_873010,873010,,,,nace,853140,,,16534,0.9275,82.522,,,none,none,"{""nace"": {""code"": ""853140"", ""n"": 16534, ""share"": 0.9275, ""label_da"": """"}}",empirical_industry_crosswalk
db07,LAB_db07_873020,873020,,,,nace,853150,,,3089,1.0,30.366,,,none,none,"{""nace"": {""code"": ""853150"", ""n"": 3089, ""share"": 1.0, ""label_da"": """"}}",empirical_industry_crosswalk
db07,LAB_db07_879010,879010,,,,nace,853110,,,10958,0.9989,217.144,,,none,none,"{""nace"": {""code"": ""853110"", ""n"": 10958, ""share"": 0.9989, ""label_da"": """"}}",empirical_industry_crosswalk
db07,LAB_db07_879020,879020,,,,nace,853120,,,10127,0.5865,275.623,,,none,none,"{""nace"": {""code"": ""853120"", ""n"": 10127, ""share"": 0.5865, ""label_da"": """"}}",empirical_industry_crosswalk
db07,LAB_db07_879090,879090,,,,nace,853190,,,5233,0.3015,607.729,,,none,none,"{""nace"": {""code"": ""853190"", ""n"": 5233, ""share"": 0.3015, ""label_da"": """"}}",empirical_industry_crosswalk
db07,LAB_db07_881010,881010,,,,nace,853235,,,34701,0.8796,90.963,,,none,none,"{""nace"": {""code"": ""853235"", ""n"": 34701, ""share"": 0.8796, ""label_da"": """"}}",empirical_industry_crosswalk
db07,LAB_db07_881020,881020,,,,nace,853240,,,7368,0.929,425.868,,,none,none,"{""nace"": {""code"": ""853240"", ""n"": 7368, ""share"": 0.929, ""label_da"": """"}}",empirical_industry_crosswalk
db07,LAB_db07_881030,881030,,,,nace,853245,,,12725,0.984,247.568,,,none,none,"{""nace"": {""code"": ""853245"", ""n"": 12725, ""share"": 0.984, ""label_da"": """"}}",empirical_industry_crosswalk
db07,LAB_db07_889110,889110,,,,nace,853205,,,10211,0.9536,179.42,,,none,none,"{""nace"": {""code"": ""853205"", ""n"": 10211, ""share"": 0.9536, ""label_da"": """"}}",empirical_industry_crosswalk
db07,LAB_db07_889120,889120,,,,nace,853210,,,9233,0.9939,342.645,,,none,none,"{""nace"": {""code"": ""853210"", ""n"": 9233, ""share"": 0.9939, ""label_da"": """"}}",empirical_industry_crosswalk
db07,LAB_db07_889130,889130,,,,nace,853215,,,29520,0.9949,107.723,,,none,none,"{""nace"": {""code"": ""853215"", ""n"": 29520, ""share"": 0.9949, ""label_da"": """"}}",empirical_industry_crosswalk
db07,LAB_db07_889140,889140,,,,nace,853220,,,22907,0.9999,138.594,,,none,none,"{""nace"": {""code"": ""853220"", ""n"": 22907, ""share"": 0.9999, ""label_da"": """"}}",empirical_industry_crosswalk
db07,LAB_db07_889150,889150,,,,nace,853225,,,50593,0.9969,62.632,,,none,none,"{""nace"": {""code"": ""853225"", ""n"": 50593, ""share"": 0.9969, ""label_da"": """"}}",empirical_industry_crosswalk
db07,LAB_db07_889160,889160,,,,nace,853230,,,4827,0.9969,657.214,,,none,none,"{""nace"": {""code"": ""853230"", ""n"": 4827, ""share"": 0.9969, ""label_da"": """"}}",empirical_industry_crosswalk
db07,LAB_db07_889910,889910,,,,nace,853255,,,10677,0.4487,298.048,,,none,none,"{""nace"": {""code"": ""853255"", ""n"": 10677, ""share"": 0.4487, ""label_da"": """"}}",empirical_industry_crosswalk
db07,LAB_db07_889920,889920,,,,nace,853250,,,640,1.0,4972.283,,,none,none,"{""nace"": {""code"": ""853250"", ""n"": 640, ""share"": 1.0, ""label_da"": """"}}",empirical_industry_crosswalk
db07,LAB_db07_889990,889990,,,,nace,853290,,,9851,0.9672,318.526,,,none,none,"{""nace"": {""code"": ""853290"", ""n"": 9851, ""share"": 0.9672, ""label_da"": """"}}",empirical_industry_crosswalk
db07,LAB_db07_900110,900110,,,,nace,923110,,,4639,0.978,586.119,,,none,none,"{""nace"": {""code"": ""923110"", ""n"": 4639, ""share"": 0.978, ""label_da"": """"}}",empirical_industry_crosswalk
db07,LAB_db07_900120,900120,,,,nace,923120,,,826,0.9673,2339.088,,,none,none,"{""nace"": {""code"": ""923120"", ""n"": 826, ""share"": 0.9673, ""label_da"": """"}}",empirical_industry_crosswalk
db07,LAB_db07_900200,900200,,,,nace,923400,,,1026,0.2203,852.757,,,none,none,"{""nace"": {""code"": ""923400"", ""n"": 1026, ""share"": 0.2203, ""label_da"": """"}}",empirical_industry_crosswalk
db07,LAB_db07_900300,900300,,,,nace,924000,,,793,0.3834,1534.508,,,none,none,"{""nace"": {""code"": ""924000"", ""n"": 793, ""share"": 0.3834, ""label_da"": """"}}",empirical_industry_crosswalk
db07,LAB_db07_900400,900400,,,,nace,923200,,,1984,0.9874,1341.085,,,none,none,"{""nace"": {""code"": ""923200"", ""n"": 1984, ""share"": 0.9874, ""label_da"": """"}}",empirical_industry_crosswalk
db07,LAB_db07_910110,910110,,,,nace,925120,,,8909,0.1029,357.196,,,none,none,"{""nace"": {""code"": ""925120"", ""n"": 8909, ""share"": 0.1029, ""label_da"": """"}}",empirical_industry_crosswalk
db07,LAB_db07_910120,910120,,,,nace,925130,,,599,1.0,5312.623,,,none,none,"{""nace"": {""code"": ""925130"", ""n"": 599, ""share"": 1.0, ""label_da"": """"}}",empirical_industry_crosswalk
db07,LAB_db07_910200,910200,,,,nace,925200,,,6506,0.9971,479.663,,,none,none,"{""nace"": {""code"": ""925200"", ""n"": 6506, ""share"": 0.9971, ""label_da"": """"}}",empirical_industry_crosswalk
db07,LAB_db07_910300,910300,,,,nace,925200,,,115,1.0,481.067,,,none,none,"{""nace"": {""code"": ""925200"", ""n"": 115, ""share"": 1.0, ""label_da"": """"}}",empirical_industry_crosswalk
db07,LAB_db07_910400,910400,,,,nace,925300,,,1672,0.9994,1903.266,,,none,none,"{""nace"": {""code"": ""925300"", ""n"": 1672, ""share"": 0.9994, ""label_da"": """"}}",empirical_industry_crosswalk
db07,LAB_db07_920000,920000,,,,nace,927100,,,2023,0.9951,1562.176,,,none,none,"{""nace"": {""code"": ""927100"", ""n"": 2023, ""share"": 0.9951, ""label_da"": """"}}",empirical_industry_crosswalk
db07,LAB_db07_931100,931100,,,,nace,926110,,,8841,0.4726,359.944,,,none,none,"{""nace"": {""code"": ""926110"", ""n"": 8841, ""share"": 0.4726, ""label_da"": """"}}",empirical_industry_crosswalk
db07,LAB_db07_931200,931200,,,,nace,926210,,,10708,0.9639,297.185,,,none,none,"{""nace"": {""code"": ""926210"", ""n"": 10708, ""share"": 0.9639, ""label_da"": """"}}",empirical_industry_crosswalk
db07,LAB_db07_931300,931300,,,,nace,930400,,,1571,0.993,996.21,,,none,none,"{""nace"": {""code"": ""930400"", ""n"": 1571, ""share"": 0.993, ""label_da"": """"}}",empirical_industry_crosswalk
db07,LAB_db07_931900,931900,,,,nace,926290,,,1435,0.9854,1209.291,,,none,none,"{""nace"": {""code"": ""926290"", ""n"": 1435, ""share"": 0.9854, ""label_da"": """"}}",empirical_industry_crosswalk
db07,LAB_db07_932100,932100,,,,nace,923300,,,4462,0.9955,713.192,,,none,none,"{""nace"": {""code"": ""923300"", ""n"": 4462, ""share"": 0.9955, ""label_da"": """"}}",empirical_industry_crosswalk
db07,LAB_db07_932910,932910,,,,nace,926220,,,253,0.996,12578.107,,,none,none,"{""nace"": {""code"": ""926220"", ""n"": 253, ""share"": 0.996, ""label_da"": """"}}",empirical_industry_crosswalk
db07,LAB_db07_932990,932990,,,,nace,927200,,,769,0.6567,3365.187,,,none,none,"{""nace"": {""code"": ""927200"", ""n"": 769, ""share"": 0.6567, ""label_da"": """"}}",empirical_industry_crosswalk
db07,LAB_db07_941100,941100,,,,nace,911100,,,7844,0.9997,405.694,,,none,none,"{""nace"": {""code"": ""911100"", ""n"": 7844, ""share"": 0.9997, ""label_da"": """"}}",empirical_industry_crosswalk
db07,LAB_db07_941200,941200,,,,nace,911200,,,2046,0.9892,1552.29,,,none,none,"{""nace"": {""code"": ""911200"", ""n"": 2046, ""share"": 0.9892, ""label_da"": """"}}",empirical_industry_crosswalk
db07,LAB_db07_942000,942000,,,,nace,912000,,,12064,1.0,263.782,,,none,none,"{""nace"": {""code"": ""912000"", ""n"": 12064, ""share"": 1.0, ""label_da"": """"}}",empirical_industry_crosswalk
db07,LAB_db07_949100,949100,,,,nace,913100,,,29635,0.999,107.375,,,none,none,"{""nace"": {""code"": ""913100"", ""n"": 29635, ""share"": 0.999, ""label_da"": """"}}",empirical_industry_crosswalk
db07,LAB_db07_949200,949200,,,,nace,913200,,,589,1.0,5402.82,,,none,none,"{""nace"": {""code"": ""913200"", ""n"": 589, ""share"": 1.0, ""label_da"": """"}}",empirical_industry_crosswalk
db07,LAB_db07_949900,949900,,,,nace,913320,,,5390,0.0846,590.401,,,none,none,"{""nace"": {""code"": ""913320"", ""n"": 5390, ""share"": 0.0846, ""label_da"": """"}}",empirical_industry_crosswalk
db07,LAB_db07_951100,951100,,,,nace,725000,,,878,0.9647,3392.158,,,none,none,"{""nace"": {""code"": ""725000"", ""n"": 878, ""share"": 0.9647, ""label_da"": """"}}",empirical_industry_crosswalk
db07,LAB_db07_951200,951200,,,,nace,527490,,,103,0.8641,4031.848,,,none,none,"{""nace"": {""code"": ""527490"", ""n"": 103, ""share"": 0.8641, ""label_da"": """"}}",empirical_industry_crosswalk
db07,LAB_db07_952100,952100,,,,nace,527220,,,667,0.994,4763.821,,,none,none,"{""nace"": {""code"": ""527220"", ""n"": 667, ""share"": 0.994, ""label_da"": """"}}",empirical_industry_crosswalk
db07,LAB_db07_952200,952200,,,,nace,527210,,,753,0.8499,4226.11,,,none,none,"{""nace"": {""code"": ""527210"", ""n"": 753, ""share"": 0.8499, ""label_da"": """"}}",empirical_industry_crosswalk
db07,LAB_db07_952300,952300,,,,nace,527100,,,264,0.9773,12007.478,,,none,none,"{""nace"": {""code"": ""527100"", ""n"": 264, ""share"": 0.9773, ""label_da"": """"}}",empirical_industry_crosswalk
db07,LAB_db07_952400,952400,,,,nace,361120,,,1731,0.2894,1834.732,,,none,none,"{""nace"": {""code"": ""361120"", ""n"": 1731, ""share"": 0.2894, ""label_da"": """"}}",empirical_industry_crosswalk
db07,LAB_db07_952500,952500,,,,nace,527300,,,59,1.0,53936.627,,,none,none,"{""nace"": {""code"": ""527300"", ""n"": 59, ""share"": 1.0, ""label_da"": """"}}",empirical_industry_crosswalk
db07,LAB_db07_952900,952900,,,,nace,527420,,,1527,0.463,2081.052,,,none,none,"{""nace"": {""code"": ""527420"", ""n"": 1527, ""share"": 0.463, ""label_da"": """"}}",empirical_industry_crosswalk
db07,LAB_db07_960110,960110,,,,nace,930110,,,4191,0.9936,753.697,,,none,none,"{""nace"": {""code"": ""930110"", ""n"": 4191, ""share"": 0.9936, ""label_da"": """"}}",empirical_industry_crosswalk
db07,LAB_db07_960120,960120,,,,nace,930120,,,818,0.1565,3890.295,,,none,none,"{""nace"": {""code"": ""930120"", ""n"": 818, ""share"": 0.1565, ""label_da"": """"}}",empirical_industry_crosswalk
db07,LAB_db07_960210,960210,,,,nace,930210,,,13493,0.9979,235.653,,,none,none,"{""nace"": {""code"": ""930210"", ""n"": 13493, ""share"": 0.9979, ""label_da"": """"}}",empirical_industry_crosswalk
db07,LAB_db07_960220,960220,,,,nace,930220,,,1333,0.9857,2381.855,,,none,none,"{""nace"": {""code"": ""930220"", ""n"": 1333, ""share"": 0.9857, ""label_da"": """"}}",empirical_industry_crosswalk
db07,LAB_db07_960300,960300,,,,nace,930320,,,1093,0.398,2911.492,,,none,none,"{""nace"": {""code"": ""930320"", ""n"": 1093, ""share"": 0.398, ""label_da"": """"}}",empirical_industry_crosswalk
db07,LAB_db07_960400,960400,,,,nace,930400,,,1580,0.9905,993.71,,,none,none,"{""nace"": {""code"": ""930400"", ""n"": 1580, ""share"": 0.9905, ""label_da"": """"}}",empirical_industry_crosswalk
db07,LAB_db07_960900,960900,,,,nace,930500,,,2599,0.995,1210.376,,,none,none,"{""nace"": {""code"": ""930500"", ""n"": 2599, ""share"": 0.995, ""label_da"": """"}}",empirical_industry_crosswalk
db07,LAB_db07_970000,970000,,,,nace,950000,,,2771,0.9805,1142.947,,,none,none,"{""nace"": {""code"": ""950000"", ""n"": 2771, ""share"": 0.9805, ""label_da"": """"}}",empirical_industry_crosswalk
db07,LAB_db07_981000,981000,,,,,,,,,,,,,none,none,{},empirical_industry_crosswalk
db07,LAB_db07_982000,982000,,,,,,,,,,,,,none,none,{},empirical_industry_crosswalk
db07,LAB_db07_990000,990000,,,,nace,990000,,,254,1.0,12528.587,,,none,none,"{""nace"": {""code"": ""990000"", ""n"": 254, ""share"": 1.0, ""label_da"": """"}}",empirical_industry_crosswalk
db07,LAB_db07_999999,999999,,,,,,,,,,,,,none,none,{},empirical_industry_crosswalk
