# id	description_da_full	description_en	confidence
0	Almen lægehjælp 80	General practitioner (specialty 80)	high
1	Anæstesiologi	Anaesthesiology	high
2	Briller	Eyeglasses	high
3	Børnepsykiatri	Child psychiatry	high
4	Dermato-venerologi	Dermato-venereology	high
5	Diagnostisk radiologi	Diagnostic radiology	high
6	Fodbehandling, arvævspatienter	Foot treatment, scar-tissue patients	high
7	Fodbehandling, leddegigt	Foot treatment, rheumatoid arthritis	high
8	Fodterapi	Podiatry	high
9	Fysioterapi 51	Physiotherapy (specialty 51)	high
10	Fysioterapi 61	Physiotherapy (specialty 61)	high
11	Gynækologi/obstetrik	Gynaecology/obstetrics	high
12	Intern medicin	Internal medicine	high
13	KAK vagtlægehjælp 82	KAK on-call GP service (specialty 82)	high
14	KAK vagtlægehjælp 84	KAK on-call GP service (specialty 84)	high
15	Kiropraktik, kronikere	Chiropractic, chronic patients	high
16	Kirurgi	Surgery	high
17	Københavns Praktiserende Lægers Laboratorium	Copenhagen GP Laboratory (KPLL)	high
18	Medicinsk Laboratorium	Medical Laboratory	high
19	Neuromedicin	Neurology	high
20	Omegnslaboratorier	Regional laboratories	high
21	Ortonyxi	Orthonyxia (nail bracing)	high
22	Ortopædisk kirurgi	Orthopaedic surgery	high
23	Plastikkirurgi	Plastic surgery	high
24	Præhospital	Pre-hospital	high
25	Psykiatri	Psychiatry	high
26	Psykologhjælp	Psychology service	high
27	Pædiatri	Paediatrics	high
28	Reumatologi	Rheumatology	high
29	Statens Serum Institut	Statens Serum Institut (State Serum Institute)	high
30	Tandlægehjælp	Dental service	high
31	Tolkebistand	Interpreter service	high
32	Tropemedicin	Tropical medicine	high
33	Vagtlægehjælp 83	On-call GP service (specialty 83)	high
34	Vederlagsfri fysioterapi	Free-of-charge physiotherapy	high
35	Øjenlægehjælp	Ophthalmology service	high
36	Ørelægehjælp	ENT (ear, nose & throat) service	high
37	Ørelægevagt KAK	ENT on-call service, KAK	high
38	Anæstesiologi, (procedure ikke dokumenteret)	Anaesthesiology, (procedure not documented)	low
39	Anæstesiologi, 1. konsultation med operation	Anaesthesiology, 1st consultation with operation	high
40	Anæstesiologi, 1. konsultation, smertetilstand	Anaesthesiology, 1st consultation, pain condition	medium
41	Anæstesiologi, 1. konsultation med operation m.v.	Anaesthesiology, 1st consultation with operation etc.	high
42	Anæstesiologi, 2. konsultation, smertetilstand	Anaesthesiology, 2nd consultation, pain condition	medium
43	Anæstesiologi, afstandstillæg	Anaesthesiology, distance supplement	high
44	Anæstesiologi, akupunktur	Anaesthesiology, acupuncture	high
45	Anæstesiologi, anæstesi med intubation 30-60 min	Anaesthesiology, anaesthesia with intubation 30-60 min	high
46	Anæstesiologi, anæstesi med intubation 61-120 min	Anaesthesiology, anaesthesia with intubation 61-120 min	high
47	Anæstesiologi, anæstesi med intubation over 120 min	Anaesthesiology, anaesthesia with intubation over 120 min	high
48	Anæstesiologi, bedøvelse gruppe I (første)	Anaesthesiology, anaesthesia group I (first)	high
49	Anæstesiologi, bedøvelse gruppe I (følgende)	Anaesthesiology, anaesthesia group I (subsequent)	high
50	Anæstesiologi, bedøvelse gruppe II (første)	Anaesthesiology, anaesthesia group II (first)	high
51	Anæstesiologi, bedøvelse gruppe II (følgende)	Anaesthesiology, anaesthesia group II (subsequent)	high
52	Anæstesiologi, bedøvelse gruppe III (første)	Anaesthesiology, anaesthesia group III (first)	high
53	Anæstesiologi, bedøvelse gruppe III (følgende)	Anaesthesiology, anaesthesia group III (subsequent)	high
54	Anæstesiologi, bedøvelse gruppe IV (første)	Anaesthesiology, anaesthesia group IV (first)	high
55	Anæstesiologi, bedøvelse gruppe IV (følgende)	Anaesthesiology, anaesthesia group IV (subsequent)	high
56	Anæstesiologi, besøg	Anaesthesiology, visit	high
57	Anæstesiologi, bistand til øjen/øre	Anaesthesiology, assistance for eye/ear procedures	high
58	Anæstesiologi, e-mail konsultation	Anaesthesiology, e-mail consultation	high
59	Anæstesiologi, e-mail konsultation	Anaesthesiology, e-mail consultation	high
61		Anaesthesiology, injection into epidural space	high
63		Anaesthesiology, intra-arterial injection	high
66		Anaesthesiology, mileage allowance I	high
67		Anaesthesiology, conduction block / nerve block	high
69		Anaesthesiology, manipulation treatment	high
71		Anaesthesiology, neurolytic blocks	high
73		Anaesthesiology, perivertebral block	high
75		Anaesthesiology, later consultation, pain	high
76		Anaesthesiology, sympathetic block (cervical)	high
77		Anaesthesiology, sympathetic block (lumbar)	high
78		Anaesthesiology, telephone consultation, pain	high
79		Anaesthesiology, telephone advice from GP	high
80		Anaesthesiology, interpreter for consultation (§3)	high
81		Anaesthesiology, transcutaneous nerve stimulation (TENS)	high
83		Anaesthesiology, extended lung function test	high
86		Anaesthesiology, physician anaesthesia for ENT assistance	medium
96		ENT on-call, KAK, incision of eardrum (myringotomy)	high
98		ENT on-call, KAK, caustic treatment of the nose	high
102		ENT on-call, KAK, streptococcal antigen test	high
103		ENT on-call, KAK, hearing examination (tone/speech)	high
110		Neurology, 1st consultation, §3, county 20	medium
115		Neurology, EEG with sleep recording	high
116		Neurology, electroencephalography (EEG)	high
119		Neurology, mileage allowance I	high
120		Neurology, neurosurgery, 1st consultation	high
121		Neurology, neurosurgery, 2nd consultation	high
122		Neurology, neurosurgery, 3rd consultation	high
123		Neurology, neurosurgery, telephone consultation	high
124		Neurology, later consultation, §3, county 20	medium
127		Neurology, telephone advice from GP	high
128		Neurology, interpreter for consultation (§3)	high
138		Ophthalmology service, automated perimetry	high
139		Ophthalmology service, treatment of after-cataract, YAG laser, subsequent	high
141		Ophthalmology service, treatment of glaucoma, YAG laser, subsequent	high
143		Ophthalmology service, treatment of glaucoma, YAG laser, subsequent	high
147		Ophthalmology service, CCT screening, county 65	medium
148		Ophthalmology service, diagnosis of retinal detachment	high
156		Ophthalmology service, removal of sutures, cornea, with anaesthesia	high
157		Ophthalmology service, removal of sutures, cornea	high
163		Ophthalmology service, photocoagulation of chamber angle, county 20	high
165		Ophthalmology service, photocoagulation of chamber angle	high
167		Ophthalmology service, glaucoma assessment etc.	high
168		Ophthalmology service, cataract, 1st operation, county 20	medium
169		Ophthalmology service, cataract, 1st operation, county 25	medium
170		Ophthalmology service, cataract, 1st operation, county 30	medium
171		Ophthalmology service, cataract, 1st operation, county 42	medium
172		Ophthalmology service, cataract, 1st operation, county 50	medium
173		Ophthalmology service, cataract, 1st operation, county 80	medium
175		Ophthalmology service, cataract, subsequent operation, county 42	medium
177		Ophthalmology service, cataract operation, county 65	medium
183		Ophthalmology service, recall of patient	high
186		Ophthalmology service, consultation incl. fundus, county 60	medium
187		Ophthalmology service, mileage allowance I	high
188		Ophthalmology service, laser treatment of retinal tear, subsequent	high
189		Ophthalmology service, laser treatment of retinal tear	high
191		Ophthalmology service, operation for inward-turned eyelid (entropion), with anaesthesia	high
192		Ophthalmology service, operation for inward-turned eyelid (entropion)	high
193		Ophthalmology service, operation for outward-turned eyelid (ectropion), with anaesthesia	high
194		Ophthalmology service, operation for outward-turned eyelid (ectropion)	high
201		Ophthalmology service, blepharochalasis operation, with anaesthesia	high
202		Ophthalmology service, blepharochalasis operation	high
203		Ophthalmology service, cataract operation (code B042)	high
206		Ophthalmology service, cataract operation, county 30	medium
207		Ophthalmology service, cataract operation, county 76	medium
208		Ophthalmology service, cataract operation, county 76	medium
209		Ophthalmology service, cataract operation, county 15	medium
211		Ophthalmology service, orthoptic assessment etc.	high
213		Ophthalmology service, retinal photocoagulation	high
214		Ophthalmology service, retinal photocoagulation	high
215		Ophthalmology service, retinal photocoagulation, subsequent	high
221		Ophthalmology service, probing of tear ducts	high
222		Ophthalmology service, probing of tear ducts, with anaesthesia	high
223		Ophthalmology service, probing of tear ducts, with anaesthesia	high
224		Ophthalmology service, subconjunctival injection and block, with anaesthesia	high
225		Ophthalmology service, subconjunctival injection and block	high
228		Ophthalmology service, interpreter for consultation (§3)	high
231		Ophthalmology service, YAG laser, subsequent operation	high
233		Ophthalmology service, cataract operation, county 76	medium
237		Ophthalmology service, blepharochalasis operation	high
238		Ophthalmology service, cataract operation with intraocular lens insertion	high
240		Ophthalmology service, telephone advice from GP	high
243		Ophthalmology service, vitrectomy and retina	medium
248		Orthopaedic surgery, 1st consultation with operation etc.	high
251		Orthopaedic surgery, finger amputation, 1st, with anaesthesia	high
252		Orthopaedic surgery, finger amputation, 1st	high
253		Orthopaedic surgery, finger amputation, subsequent	high
255		Orthopaedic surgery, knee arthroscopy, larger, subsequent operation	medium
256		Orthopaedic surgery, finger-joint arthrodesis, subsequent, with anaesthesia	high
259		Orthopaedic surgery, finger-joint arthrodesis, 1st, with anaesthesia	high
260		Orthopaedic surgery, finger-joint arthrodesis, 1st	high
261		Orthopaedic surgery, finger-joint arthrodesis, subsequent	high
262		Orthopaedic surgery, fracture treatment, 1st	high
263		Orthopaedic surgery, fracture treatment, 1st, with anaesthesia	high
264		Orthopaedic surgery, fracture treatment, subsequent, with anaesthesia	high
265		Orthopaedic surgery, fracture treatment, subsequent	high
268		Orthopaedic surgery, diagnostic arthroscopy with operation	high
271		Orthopaedic surgery, Doppler examination of veins	high
272		Orthopaedic surgery, duplex scan of veins	high
276		Orthopaedic surgery, removal of tumour, hand, subsequent, with anaesthesia	high
277		Orthopaedic surgery, removal of tumour in muscle	high
279		Orthopaedic surgery, removal of radius bone (spoleben), subsequent, with anaesthesia	medium
280		Orthopaedic surgery, removal of tumour, hand, 1st, with anaesthesia	high
283		Orthopaedic surgery, removal of nail bed, 1st, with anaesthesia	high
286		Orthopaedic surgery, removal of radius bone (spoleben), 1st, with anaesthesia	medium
287		Orthopaedic surgery, removal of radius bone (spoleben), 1st	medium
290		Orthopaedic surgery, removal of skin tumour, subsequent	high
291		Orthopaedic surgery, cast in connection with operation	high
293		Orthopaedic surgery, vein injection, 1st consultation	high
294		Orthopaedic surgery, vein injection, later consultation	high
297		Orthopaedic surgery, bone displacement operation (osteotomy)	high
302		Orthopaedic surgery, nerve decompression	high
303		Orthopaedic surgery, finger operation, subsequent	low
305		Orthopaedic surgery, operation for palm contracture (Dupuytren), 1st, with anaesthesia	medium
306		Orthopaedic surgery, operation for palm contracture (Dupuytren), subsequent, with anaesthesia	medium
307		Orthopaedic surgery, operation for palm contracture, 1st	medium
309		Orthopaedic surgery, operation for osteoarthritis of big toe, subsequent	high
310		Orthopaedic surgery, operation for osteoarthritis of big toe, 1st, with anaesthesia	high
311		Orthopaedic surgery, operation for osteoarthritis of big toe, 1st	high
312		Orthopaedic surgery, trigger finger operation, 1st, with anaesthesia	high
313		Orthopaedic surgery, trigger finger operation, subsequent, with anaesthesia	high
314		Orthopaedic surgery, operation for osteoarthritis of big toe, subsequent, with anaesthesia	high
316		Orthopaedic surgery, varicose vein operation, excision, groin, right	high
317		Orthopaedic surgery, varicose vein operation, groin, right, bilateral	high
324		Orthopaedic surgery, ganglion (tendon) operation, subsequent, with anaesthesia	medium
328		Orthopaedic surgery, trigger finger operation, subsequent	high
329		Orthopaedic surgery, trigger finger operation, 1st	high
331		Orthopaedic surgery, varicose vein operation, groin, 1st, with anaesthesia	high
332		Orthopaedic surgery, varicose vein operation, groin, 1st	high
333		Orthopaedic surgery, varicose vein operation, groin, subsequent	high
334		Orthopaedic surgery, finger operation, 1st	low
337		Orthopaedic surgery, varicose vein operation, subsequent	high
339		Orthopaedic surgery, oscillometry	medium
340		Orthopaedic surgery, plastic operation, subsequent, with anaesthesia	high
341		Orthopaedic surgery, plastic operation, 1st	high
342		Orthopaedic surgery, plastic operation, subsequent	high
343		Orthopaedic surgery, plastic operation, 1st, with anaesthesia	high
345		Orthopaedic surgery, cleaning of minor wounds, 1st, with anaesthesia	high
346		Orthopaedic surgery, cleaning of minor wounds, 1st	high
347		Orthopaedic surgery, cleaning of minor wounds, subsequent	high
352		Orthopaedic surgery, synovectomy, hand, subsequent, with anaesthesia	high
353		Orthopaedic surgery, synovectomy, hand, 1st	high
354		Orthopaedic surgery, synovectomy, hand, 1st, with anaesthesia	high
355		Orthopaedic surgery, synovectomy, hand, subsequent	high
356		Orthopaedic surgery, joint aspiration, 1st	high
357		Orthopaedic surgery, joint aspiration, subsequent	high
358		Orthopaedic surgery, joint aspiration, 1st, with anaesthesia	high
359		Orthopaedic surgery, joint aspiration, subsequent, with anaesthesia	high
362		Orthopaedic surgery, telephone advice from GP	high
366		Orthopaedic surgery, varicose vein operation in the groin	high
371		ENT service, 1st consultation, allergology	high
372		ENT service, 1st consultation, allergology, §3, county 20	medium
374		ENT service, 1st consultation, allergology	high
375		ENT service, 2nd consultation, allergology	high
376		ENT service, 2nd consultation, allergology, §3, county 20	medium
378		ENT service, 2nd consultation, allergology	high
380		ENT service, acoustic rhinometry	high
382		ENT service, basic service, §3 agreement, county 65	medium
383		ENT service, treatment of nosebleed, with tamponade	high
386		ENT service, sinus operation, antrostomy	high
387		ENT service, sinus operation, Caldwell-Luc	high
394		ENT service, skin test, §3 agreement, county 80	medium
396		ENT service, skin test, allergology	high
398		ENT service, double endoscopic rhinoscopy	high
401		ENT service, fine-needle diagnosis (FNA)	high
402		ENT service, removal of mucous polyp, nose, with anaesthesia	high
403		ENT service, removal of uvula	high
404		ENT service, removal of mucous polyp, nose	high
405		ENT service, removal of benign tumour	high
406		ENT service, removal of foreign body in larynx	high
407		ENT service, removal of tumour in larynx	high
408		ENT service, removal of tumour, with suture	high
409		ENT service, removal of tumour, without suture	high
410		ENT service, removal of adenoid vegetations, with anaesthesia	high
411		ENT service, removal of adenoid vegetations	high
415		ENT service, removal of tumour, larynx	high
417		ENT service, removal of ear polyps, with anaesthesia	high
418		ENT service, removal of ear polyps, with anaesthesia	high
420		ENT service, removal of tumour, reconstructive surgery	high
421		ENT service, preliminary examination for hearing aid, county 80	medium
422		ENT service, preliminary examination, §3, county 20	medium
423		ENT service, preliminary examination, §3, county 65	medium
424		ENT service, preliminary examination for hearing aid	high
425		ENT service, incision of eardrum (myringotomy)	high
428		ENT service, hearing aid fitting, subsequent	high
429		ENT service, hearing aid fitting	high
436		ENT service, caustic treatment of the nose	high
437		ENT service, caustic treatment of the nose, with anaesthesia	high
438		ENT service, correction of nasal septum (septoplasty)	high
439		ENT service, mileage allowance I	high
440		ENT service, wick treatment of inflamed ear canal	medium
442		ENT service, middle-ear operation, with tube and membrane	high
443		ENT service, middle-ear operation, with tympanometry	high
444		ENT service, middle-ear operation, exposure	low
445		ENT service, middle-ear operation, with anaesthesia	high
447		ENT service, monitoring of sleep apnoea	high
448		ENT service, myringoplasty	medium
449		ENT service, myringoplasty with graft	medium
450		ENT service, measurement of otoacoustic emissions	high
452		ENT service, jaw operation, dental, with anaesthesia	high
453		ENT service, operation for protruding ears (otoplasty), 1st, county 20	medium
454		ENT service, operation for tongue-tie (ankyloglossia)	high
455		ENT service, jaw operation, dental	high
456		ENT service, salivary gland operation, with anaesthesia	high
457		ENT service, salivary gland operation	high
459		ENT service, operation for protruding ears, subsequent	high
463		ENT service, debridement/cleaning, subsequent	high
464		ENT service, otolith repositioning manoeuvre	high
465		ENT service, otoneurological examination	high
470		ENT service, puncture of maxillary sinus, with anaesthesia	high
473		ENT service, later consultation, §3 agreement, county 80	medium
474		ENT service, later consultation, allergology	high
475		ENT service, later consultation, allergology	high
483		ENT service, streptococcal antigen test	high
485		ENT service, suture removal	high
486		ENT service, suture removal, subsequent	high
488		ENT service, telephone consultation, allergology, §3, county 20	medium
489		ENT service, telephone consultation, allergology	high
491		ENT service, supplement for interpreter, allergology	high
494		ENT service, telephone consultation, allergology	high
497		ENT service, tympanostomy tube insertion (grommet), with anaesthesia	high
498	Ørelægehjælp, Tubulation af trommehinde	ENT service, eardrum tubulation (grommet insertion)	high
499	Ørelægehjælp, Tubulation af kæbehule	ENT service, maxillary sinus tubulation	medium
500	Ørelægehjælp, Udlevering og instruktion	ENT service, dispensing and instruction	high
502	Ørelægehjælp, Ultralydsundersøgelse af bihuler	ENT service, ultrasound examination of sinuses	high
503	Ørelægehjælp, Undersøgelse af hørelse ved tone/sprog	ENT service, hearing examination by tone/speech audiometry	high
504	Ørelægehjælp, Undersøgelse af ligevægt ved kalorisk prøve	ENT service, balance (equilibrium) examination by caloric test	medium
505	Ørelægehjælp, Undersøgelse af spiserør med videre	ENT service, examination of oesophagus etc.	high
506	Ørelægehjælp, Undersøgelse af hypopharynx og larynx	ENT service, examination of hypopharynx and larynx	high
507	Ørelægehjælp, Undersøgelse af hypopharynx larynx	ENT service, examination of hypopharynx and larynx	high
509	Ørelægehjælp, fjernelse af fremmedlegeme	ENT service, removal of foreign body	high
511	Ørelægehjælp, telefonrådgivning praktiserende læge	ENT service, telephone advice from GP	high
515	Ørelægehjælp, øreprop/skåltilpasning §3	ENT service, earplug/ear-mould fitting (§3 agreement)	medium
516	Patologi, Immunhistokemisk præparat	Pathology, immunohistochemical specimen	high
519	Patologi, Vævsmikroskopi cytologi	Pathology, tissue microscopy, cytology	high
531	Plastikkirurgi, Flytning af hud 1.	Plastic surgery, skin transfer (flap), 1st	high
532	Plastikkirurgi, Flytning af hud følgende	Plastic surgery, skin transfer (flap), subsequent	high
533	Plastikkirurgi, Indsættelse af alloplastik 1.	Plastic surgery, insertion of alloplastic implant, 1st	high
535	Plastikkirurgi, Korrektion næse-øre, følgende	Plastic surgery, correction of nose/ear, subsequent	high
536	Plastikkirurgi, Korrektion næse-øre, 1.	Plastic surgery, correction of nose/ear, 1st	high
539	Plastikkirurgi, Operation for forhudsforsnævring, følgende	Plastic surgery, operation for phimosis (foreskin narrowing), subsequent	high
540	Plastikkirurgi, Operation for forhudsforsnævring, 1.	Plastic surgery, operation for phimosis (foreskin narrowing), 1st	high
541	Plastikkirurgi, Operation for hudkræft, 1.	Plastic surgery, operation for skin cancer, 1st	high
542	Plastikkirurgi, Operation for hudkræft, følgende	Plastic surgery, operation for skin cancer, subsequent	high
547	Plastikkirurgi, telefonrådgivning praktiserende læge	Plastic surgery, telephone advice from GP	high
555	Psykiatri, B-Erytrocytter, volumenfraktion 1	Psychiatry, blood erythrocyte volume fraction (haematocrit) 1	medium
556	Psykiatri, B-Glukose (ej stix) 4	Psychiatry, blood glucose (not stix) 4	high
557	Psykiatri, B-Glukose (stix) 1	Psychiatry, blood glucose (stix) 1	high
559	Psykiatri, B-Leukocytter (park) 1	Psychiatry, blood leukocyte count (park) 1	medium
561	Psykiatri, B-Trombocytter (park) 3	Psychiatry, blood platelet count (park) 3	medium
564	Psykiatri, Familie- og gruppeterapi	Psychiatry, family and group therapy	high
567	Psykiatri, Kørselsgodtgørelse I	Psychiatry, mileage allowance I	medium
570	Psykiatri, Patient-EKG 3 ekstremiteter 3 prækordiale 9	Psychiatry, patient ECG, 3 limb leads, 3 precordial leads, 9	medium
580	Psykiatri, telefonrådgivning praktiserende læge	Psychiatry, telephone advice from GP	high
581	Psykiatri, Tolk i forbindelse med konsultation 3	Psychiatry, interpreter in connection with consultation, 3	high
582	Psykiatri, gruppeterapi 2 personer	Psychiatry, group therapy, 2 persons	high
583	Psykiatri, gruppeterapi 3 personer	Psychiatry, group therapy, 3 persons	high
584	Psykiatri, gruppeterapi 4 personer	Psychiatry, group therapy, 4 persons	high
585	Psykiatri, gruppeterapi 5 personer	Psychiatry, group therapy, 5 persons	high
586	Psykiatri, gruppeterapi 6 personer	Psychiatry, group therapy, 6 persons	high
593	Pædiatri, 1. konsultation allergologi (§3, amt 35)	Paediatrics, 1st allergology consultation (§3, county 35)	medium
597	Pædiatri, 2. konsultation allergologi (§3, amt 35)	Paediatrics, 2nd allergology consultation (§3, county 35)	medium
600	Pædiatri, Allergologisk cutanprøve	Paediatrics, allergology skin test	high
601	Pædiatri, Allergologisk provokationsforsøg	Paediatrics, allergology provocation (challenge) test	high
602	Pædiatri, Analafskrab for oxyurisæg 2	Paediatrics, anal scraping for pinworm (oxyuris) eggs, 2	high
605	Pædiatri, B-Glukose (ej stix) 4	Paediatrics, blood glucose (not stix) 4	high
606	Pædiatri, B-Glukose (stix) 1	Paediatrics, blood glucose (stix) 1	high
609	Pædiatri, B-Leukocytter (park) 1	Paediatrics, blood leukocyte count (park) 1	medium
611	Pædiatri, B-Trombocytter (park) 3	Paediatrics, blood platelet count (park) 3	medium
613	Pædiatri, Blodprøve ekspedition 1	Paediatrics, blood sample handling/dispatch, 1	medium
614	Pædiatri, Cutanprøve allergologi (§3, amt 35)	Paediatrics, allergology skin test (§3, county 35)	medium
616	Pædiatri, EKG 3 ekstremiteter 3 prækordiale 9	Paediatrics, ECG, 3 limb leads, 3 precordial leads, 9	medium
625	Pædiatri, Lungefunktionsundersøgelse med reversibilitet	Paediatrics, lung function test with reversibility	high
626	Pædiatri, Lungefunktionsundersøgelse uden reversibilitet	Paediatrics, lung function test without reversibility	high
629	Pædiatri, Patient-EKG aflæsning 6 1	Paediatrics, patient ECG reading, 6, 1	medium
632	Pædiatri, Tillægskonsultation allergologi (§3, amt 35)	Paediatrics, additional allergology consultation (§3, county 35)	medium
634	Pædiatri, telefonrådgivning praktiserende læge	Paediatrics, telephone advice from GP	high
635	Pædiatri, Urin-bakterier (dyrkning park) 3	Paediatrics, urine bacteria (culture, park) 3	medium
636	Pædiatri, urin-bakterier dyrkning, restgruppe 12	Paediatrics, urine bacteria culture, residual group 12	medium
647	Pædiatri, funktionsneurologisk undersøgelse	Paediatrics, functional neurological examination	high
658	Pædiatri, senere konsultation, allergologi (§3, amt 35)	Paediatrics, later consultation, allergology (§3, county 35)	medium
664	Pædiatri, tværfaglig telefonkonsultation	Paediatrics, interdisciplinary telephone consultation	high
676	Børnepsykiatri, 2./senere konsultation, forældreterapi	Child psychiatry, 2nd/later consultation, parent therapy	high
677	Børnepsykiatri, 2./senere konsultation, legeterapi	Child psychiatry, 2nd/later consultation, play therapy	high
678	Børnepsykiatri, 2./senere konsultation, samtaleterapi	Child psychiatry, 2nd/later consultation, talk therapy	high
681	Børnepsykiatri, børnepsykiatri (amt 15)	Child psychiatry, child psychiatry (county 15)	medium
683	Børnepsykiatri, honorar behandlingsmøde i børnepsykiatri	Child psychiatry, fee for treatment meeting in child psychiatry	medium
685	Børnepsykiatri, kørselsgodtgørelse I	Child psychiatry, mileage allowance I	high
688	Børnepsykiatri, telefonrådgivning praktiserende læge	Child psychiatry, telephone advice from general practitioner	high
694	Tropemedicin, blodprøve, ekspedition 1	Tropical medicine, blood sample, handling 1	medium
731	Diagnostisk radiologi København, undersøgelse gruppe 1, halvt	Diagnostic radiology, Copenhagen, examination group 1, half (reduced fee)	high
732	Diagnostisk radiologi København, undersøgelse gruppe 2, halvt	Diagnostic radiology, Copenhagen, examination group 2, half (reduced fee)	high
733	Diagnostisk radiologi København, undersøgelse gruppe 3, halvt	Diagnostic radiology, Copenhagen, examination group 3, half (reduced fee)	high
734	Diagnostisk radiologi København, undersøgelse gruppe 4, halvt	Diagnostic radiology, Copenhagen, examination group 4, half (reduced fee)	high
735	Diagnostisk radiologi København, undersøgelse gruppe 5, halvt	Diagnostic radiology, Copenhagen, examination group 5, half (reduced fee)	high
736	Diagnostisk radiologi København, undersøgelse gruppe 1	Diagnostic radiology, Copenhagen, examination group 1	high
737	Diagnostisk radiologi København, undersøgelse gruppe 2	Diagnostic radiology, Copenhagen, examination group 2	high
738	Diagnostisk radiologi København, undersøgelse gruppe 3	Diagnostic radiology, Copenhagen, examination group 3	high
739	Diagnostisk radiologi København, undersøgelse gruppe 4	Diagnostic radiology, Copenhagen, examination group 4	high
740	Diagnostisk radiologi København, undersøgelse gruppe 5	Diagnostic radiology, Copenhagen, examination group 5	high
741	Diagnostisk radiologi København, undersøgelse gruppe 6	Diagnostic radiology, Copenhagen, examination group 6	high
742	Diagnostisk radiologi København, undersøgelse gruppe 7	Diagnostic radiology, Copenhagen, examination group 7	high
764	Diagnostisk radiologi København, lænde og korsbenshvirvler	Diagnostic radiology, Copenhagen, lumbar and sacral vertebrae	high
780	Diagnostisk radiologi København, underben	Diagnostic radiology, Copenhagen, lower leg	high
789	Dermato-venerologi, 1. konsultation inklusive test	Dermato-venereology, 1st consultation including test	high
797	Dermato-venerologi, 2. og efterfølgende, Viborg	Dermato-venereology, 2nd and subsequent, Viborg	high
802	Dermato-venerologi, allergologi 1. konsultation	Dermato-venereology, allergology 1st consultation	high
803	Dermato-venerologi, allergologi 2. konsultation	Dermato-venereology, allergology 2nd consultation	high
804	Dermato-venerologi, allergologi cutanprøve	Dermato-venereology, allergology skin test	high
805	Dermato-venerologi, allergologi provokationsforsøg	Dermato-venereology, allergology provocation/challenge test	high
806	Dermato-venerologi, allergologi senere konsultation	Dermato-venereology, allergology later consultation	high
807	Dermato-venerologi, allergologi telefonkonsultation	Dermato-venereology, allergology telephone consultation	high
817	Dermato-venerologi, blodprøve, ekspedition 1	Dermato-venereology, blood sample, handling 1	medium
820	Dermato-venerologi, klamydia forsendelse 1	Dermato-venereology, chlamydia specimen dispatch 1	medium
821	Dermato-venerologi, dermatologisk behandling R81	Dermato-venereology, dermatological treatment (R81)	medium
828	Dermato-venerologi, eksem 1. konsultation	Dermato-venereology, eczema 1st consultation	high
830	Dermato-venerologi, eksem 2. konsultation	Dermato-venereology, eczema 2nd consultation	high
840	Dermato-venerologi, gonokok forsendelse 1	Dermato-venereology, gonococcus specimen dispatch 1	medium
853	Dermato-venerologi, intralæsionel injektion	Dermato-venereology, intralesional injection	high
855	Dermato-venerologi, karmodermærker	Dermato-venereology, vascular naevi (vascular birthmarks)	low
860	Dermato-venerologi, kørselsgodtgørelse I	Dermato-venereology, mileage allowance I	high
861	Dermato-venerologi, laserbehandling keloid (amt 60)	Dermato-venereology, laser treatment of keloid (county 60)	medium
866	Dermato-venerologi, mikroskopi farvet sekret 3	Dermato-venereology, microscopy of stained secretion 3	high
867	Dermato-venerologi, mikroskopi hudsvamp 5	Dermato-venereology, microscopy of skin fungus 5	high
868	Dermato-venerologi, mikroskopi ufarvet sekret 3	Dermato-venereology, microscopy of unstained secretion 3	high
870	Dermato-venerologi, multiple aktiniske, følgende operation	Dermato-venereology, multiple actinic (keratoses), subsequent operation	medium
871	Dermato-venerologi, måling perifert blodtryk (§3, amt 15)	Dermato-venereology, measurement of peripheral blood pressure (§3, county 15)	medium
872	Dermato-venerologi, mørkefeltsmikroskopi 5	Dermato-venereology, darkfield microscopy 5	high
875	Dermato-venerologi, overlæbe per behandling	Dermato-venereology, upper lip per treatment	high
876	Dermato-venerologi, PDT-behandling cancerpatient	Dermato-venereology, photodynamic therapy (PDT) treatment, cancer patient	high
880	Dermato-venerologi, rensning og forbinding sår	Dermato-venereology, cleaning and dressing of wound	high
882	Dermato-venerologi, scleroserende injektion	Dermato-venereology, sclerosing injection	high
883	Dermato-venerologi, sekret-gonokok, ekspedition 1	Dermato-venereology, secretion-gonococcus, handling 1	medium
898	Dermato-venerologi, telefonrådgivning praktiserende læge	Dermato-venereology, telephone advice from general practitioner	high
899	Dermato-venerologi, tolk i forbindelse med konsultation 3	Dermato-venereology, interpreter in connection with consultation 3	high
903	Dermato-venerologi, urinundersøgelse stix 1	Dermato-venereology, urine examination, dipstick 1	high
904	Dermato-venerologi, venerologisk 1. konsultation	Dermato-venereology, venereological 1st consultation	high
905	Dermato-venerologi, venerologisk 2. konsultation	Dermato-venereology, venereological 2nd consultation	high
906	Dermato-venerologi, venerologisk senere konsultation	Dermato-venereology, venereological subsequent consultation	high
907	Dermato-venerologi, venerologisk telefonkonsultation	Dermato-venereology, venereological telephone consultation	high
908	Dermato-venerologi, visitation, indkaldelse af patienter	Dermato-venereology, triage, summoning of patients	high
909	Dermato-venerologi, visitation, kautionsbegæring	Dermato-venereology, triage, surety (guarantee) request	medium
915	Dermato-venerologi, fjernelse af karforandringer	Dermato-venereology, removal of vascular lesions	high
916	Dermato-venerologi, fjernelse af pigmentforandringer	Dermato-venereology, removal of pigment lesions	high
917	Dermato-venerologi, fjernelse af uønsket hårvækst	Dermato-venereology, removal of unwanted hair growth	high
918	Dermato-venerologi, forundersøgelse §3-aftale Vejle	Dermato-venereology, preliminary examination (§3 agreement, Vejle)	medium
919	Dermato-venerologi, laserbehandling karsprængninger	Dermato-venereology, laser treatment of broken capillaries	high
2292	Tandplejere, almindelig paradontalbehandling	Dental hygienist service, ordinary periodontal treatment	high
2297	Tandplejere, kontrol af almindelig paradontalbehandling	Dental hygienist service, follow-up of ordinary periodontal treatment	high
2300	Tandplejere, kontrol af udvidet paradontalbehandling	Dental hygienist service, follow-up of extended periodontal treatment	high
2303	Tandplejere, tandrensning mindst 15 tænder	Dental hygienist service, dental scaling, at least 15 teeth	high
2304	Tandplejere, udvidet paradontalbehandling	Dental hygienist service, extended periodontal treatment	high
2305	Tandplejere, udvidet forebyggende behandling	Dental hygienist service, extended preventive treatment	high
2306	Tandplejere, udvidet paradontalbehandling	Dental hygienist service, extended periodontal treatment	high
2339	Diagnostisk radiologi, hals- og luftrør, halvt	Diagnostic radiology, neck and trachea, half (reduced fee)	high
2340	Diagnostisk radiologi, hals- og luftrør	Diagnostic radiology, neck and trachea	high
2350	Diagnostisk radiologi, intravenøs cholangiografi	Diagnostic radiology, intravenous cholangiography	high
2357	Diagnostisk radiologi, lår og hofteled, halvt	Diagnostic radiology, thigh and hip joint, half (reduced fee)	high
2360	Diagnostisk radiologi, lænde- og korsbenshvirvler	Diagnostic radiology, lumbar and sacral vertebrae	high
2361	Diagnostisk radiologi, lænde- og korsben, halvt	Diagnostic radiology, lumbar spine and sacrum, half (reduced fee)	high
2371	Diagnostisk radiologi, skulderled med videre, halvt	Diagnostic radiology, shoulder joint etc., half (reduced fee)	high
2372	Diagnostisk radiologi, skulderled og overarm	Diagnostic radiology, shoulder joint and upper arm	high
2384	Diagnostisk radiologi, underben	Diagnostic radiology, lower leg	high
2385	Diagnostisk radiologi, underben, halvt	Diagnostic radiology, lower leg, half (reduced fee)	high
2386	Diagnostisk radiologi, belastningsundersøgelse af led, følgende	Diagnostic radiology, weight-bearing examination of joint, subsequent	high
2393	Diagnostisk radiologi, funktionsundersøgelse af rygsøjle, følgende	Diagnostic radiology, functional examination of spine, subsequent	high
2407	Diagnostisk radiologi, underben, følgende	Diagnostic radiology, lower leg, subsequent	high
2410	Tandlægehjælp, akut oplukning	Dental service, acute opening (of tooth)	high
2411	Tandlægehjælp, almindelig paradontalbehandling	Dental service, ordinary periodontal treatment	high
2412	Tandlægehjælp, apikal amputation og rodfyldning	Dental service, apical amputation (apicoectomy) and root filling	high
2415	Tandlægehjælp, diagnostiske og forebyggende ydelser	Dental service, diagnostic and preventive services	high
2416	Tandlægehjælp, fyldning amalgam A	Dental service, amalgam filling, A	high
2417	Tandlægehjælp, fyldning amalgam B	Dental service, amalgam filling, B	high
2418	Tandlægehjælp, fyldning amalgam C	Dental service, amalgam filling, C	high
2421	Tandlægehjælp, gradvis eksklusive amalgam A	Dental service, gradual, excluding amalgam, A	medium
2422	Tandlægehjælp, gradvis eksklusive amalgam B	Dental service, gradual, excluding amalgam, B	medium
2423	Tandlægehjælp, gradvis eksklusive amalgam C	Dental service, gradual, excluding amalgam, C	medium
2424	Tandlægehjælp, hygiejnetillæg	Dental service, hygiene supplement	high
2425	Tandlægehjælp, individuel forebyggende behandling	Dental service, individual preventive treatment	high
2427	Tandlægehjælp, kirurgisk paradontalbehandling	Dental service, surgical periodontal treatment	high
2431	Tandlægehjælp, klinisk undersøgelse, over 25	Dental service, clinical examination, over 25 (years)	high
2432	Tandlægehjælp, klinisk undersøgelse 18-25	Dental service, clinical examination, 18-25 (years)	high
2433	Tandlægehjælp, konsultation uden behandling	Dental service, consultation without treatment	high
2434	Tandlægehjælp, kontrol efter forebyggende behandling	Dental service, follow-up after preventive treatment	high
2435	Tandlægehjælp, kontrol almindelig paradontalbehandling	Dental service, follow-up of ordinary periodontal treatment	high
2436	Tandlægehjælp, kontrol kirurgisk paradontalbehandling	Dental service, follow-up of surgical periodontal treatment	high
2437	Tandlægehjælp, kontrol RDU (26 år og derover)	Dental service, follow-up RDU (regular diagnostic examination) (26 years and over)	medium
2438	Tandlægehjælp, kontrol RDU (18-25 år)	Dental service, follow-up RDU (regular diagnostic examination) (18-25 years)	medium
2439	Tandlægehjælp, kontrol udvidet paradontalbehandling	Dental service, follow-up of extended periodontal treatment	high
2443	Tandlægehjælp, operation tand med videre	Dental service, tooth surgery etc.	high
2456	Tandlægehjælp, pulpaoverkapning	Dental service, pulp capping	high
2459	Tandlægehjælp, rodbehandling og rodfyldning C	Dental service, root-canal treatment and root filling, C	high
2460	Tandlægehjælp, rodbehandling og rodfyldning D	Dental service, root-canal treatment and root filling D	high
2461	Tandlægehjælp, rodbehandling og rodfyldning E	Dental service, root-canal treatment and root filling E	high
2466	Tandlægehjælp, tandrodsrensning	Dental service, tooth-root scaling	high
2467	Tandlægehjælp, udtrækning anden tand	Dental service, extraction of another tooth	high
2468	Tandlægehjælp, udtrækning følgende tand	Dental service, extraction of subsequent tooth	high
2470	Tandlægehjælp, udvidet paradontalbehandling	Dental service, extended periodontal treatment	high
2471	Tandlægehjælp, udvidet tandrensning	Dental service, extended dental scaling	high
2478	Fysioterapi 51, ADL-funktionstræning	Physiotherapy, activities-of-daily-living function training	high
2479	Fysioterapi 51, afspænding *hold*	Physiotherapy, relaxation therapy (group)	high
2480	Fysioterapi 51, afspænding *individuel*	Physiotherapy, relaxation therapy (individual)	high
2481	Fysioterapi 51, biomekanisk bevægelsesterapi	Physiotherapy, biomechanical movement therapy	high
2483	Fysioterapi 51, forundersøgelse A65	Physiotherapy, preliminary examination (county 65)	medium
2484	Fysioterapi 51, fysioterapeutisk undersøgelse	Physiotherapy, physiotherapeutic examination	high
2490	Fysioterapi 51, i hjem *uden klinik*	Physiotherapy, in the home (without clinic)	high
2497	Fysioterapi 51, kørselsgodtgørelse I	Physiotherapy, mileage allowance I	high
2499	Fysioterapi 51, lokalegodtgørelse	Physiotherapy, premises allowance	high
2502	Fysioterapi 51, mandag-fredag 16-20, lørdag 08-20	Physiotherapy, Monday-Friday 16:00-20:00, Saturday 08:00-20:00	high
2503	Fysioterapi 51, mandag-fredag 20-08, søndag/helligdag	Physiotherapy, Monday-Friday 20:00-08:00, Sunday/public holiday	high
2509	Fysioterapi 51, opfølgende træningsterapi	Physiotherapy, follow-up training therapy	high
2511	Fysioterapi 51, plejehjem *uden klinik*	Physiotherapy, nursing home (without clinic)	high
2515	Fysioterapi 51, psykomotorisk bevægelsesterapi	Physiotherapy, psychomotor movement therapy	high
2519	Fysioterapi 51, tillæg særlige tidskrav	Physiotherapy, supplement for special time requirements	medium
2520	Fysioterapi 51, telefonrådgivning og vejledning	Physiotherapy, telephone advice and guidance	high
2521	Fysioterapi 51, udvidet rygundersøgelse amt60	Physiotherapy, extended back examination (county 60)	medium
2523	Fysioterapi 51, forsøgsordning amt 65	Physiotherapy, trial scheme (county 65)	medium
2524	Fysioterapi 51, udeblivelse	Physiotherapy, non-attendance	high
2527	Fysioterapi 51, øvelsesterapi *hold*	Physiotherapy, exercise therapy (group)	high
2528	Fysioterapi 51, øvelsesterapi *individuel*	Physiotherapy, exercise therapy (individual)	high
2530	Briller, sfærisk 4.25 - 6.75	Eyeglasses, spherical 4.25 - 6.75	high
2531	Briller, sfærisk plan til 4.00	Eyeglasses, spherical plano up to 4.00	high
2532	Briller, sfærisk plan-4 afstand	Eyeglasses, spherical plano-4 distance	medium
2534	Briller, torisk plan-4 sfærisk 2.75	Eyeglasses, toric plano-4 spherical 2.75	medium
2537	Kiropraktik, kiropraktisk klinisk grundydelse a	Chiropractic, chiropractic clinical basic service a	high
2538	Kiropraktik, kiropraktisk klinisk grundydelse b	Chiropractic, chiropractic clinical basic service b	high
2539	Kiropraktik, kiropraktisk klinisk ydelse	Chiropractic, chiropractic clinical service	high
2540	Kiropraktik, opfølgende træningsydelse	Chiropractic, follow-up training service	high
2543	Kiropraktik, supplerende røntgenundersøgelse	Chiropractic, supplementary X-ray examination	high
2548	Kiropraktik, introduktion til superviseret træning	Chiropractic, introduction to supervised training	high
2550	Kiropraktik, røntgenteknisk undersøgelse	Chiropractic, radiographic-technical examination	high
2556	Fodterapi, afstilling plade/pen 0-10	Podiatry, plate/pin adjustment 0-10	low
2559	Fodterapi, fodbehandling almindelig	Podiatry, foot treatment, ordinary	high
2560	Fodterapi, fodbehandling kompliceret	Podiatry, foot treatment, complicated	high
2561	Fodterapi, fodbehandling partiel	Podiatry, foot treatment, partial	high
2562	Fodterapi, fremstilling/påsætning 1 ny bøjle	Podiatry, fabrication/fitting of 1 new brace	high
2564	Fodterapi, i hjem 0 - 10 km	Podiatry, in the home 0 - 10 km	high
2565	Fodterapi, i hjem over 10 km	Podiatry, in the home over 10 km	high
2575	Fodterapi, korrektion af 1 bøjle	Podiatry, correction of 1 brace	high
2576	Fodterapi, korrektion af 2 bøjler	Podiatry, correction of 2 braces	high
2580	Fodterapi, pensionist hjemme 0 - 10	Podiatry, pensioner at home 0 - 10	high
2581	Fodterapi, plejehjem 0 - 10 km	Podiatry, nursing home 0 - 10 km	high
2583	Fodterapi, værkstedsmoduler	Podiatry, workshop modules	high
2591	Ortonyxi, afstilling plade/pen 0-10	Orthonyxia, plate/pin adjustment 0-10	low
2593	Ortonyxi, fremstilling/påsætning 1 ny bøjle	Orthonyxia, fabrication/fitting of 1 new brace	high
2595	Ortonyxi, følgende modul (med tillæg)	Orthonyxia, subsequent module (with supplement)	medium
2596	Ortonyxi, følgende modul (uden tillæg)	Orthonyxia, subsequent module (without supplement)	medium
2597	Ortonyxi, i hjem 0 - 10 km	Orthonyxia, in the home 0 - 10 km	high
2602	Ortonyxi, Korrektion af 1 bøjle	Orthonyxia, correction of 1 brace	high
2603	Ortonyxi, Korrektion af 2 bøjler	Orthonyxia, correction of 2 braces	high
2606	Ortonyxi, Pensionist hjemme 0-10 km	Orthonyxia, pensioner at home, 0-10 km	high
2607	Ortonyxi, Pensionist hjemme over 10 km	Orthonyxia, pensioner at home, over 10 km	high
2608	Ortonyxi, Plejehjem 0-10 km	Orthonyxia, nursing home, 0-10 km	high
2613	Ridefysioterapi, Fysioterapihonorar ½ time, 4 personer	Horseback-riding physiotherapy, physiotherapy fee, ½ hour, 4 persons	high
2614	Ridefysioterapi, Fysioterapihonorar ½ time, 5 personer	Horseback-riding physiotherapy, physiotherapy fee, ½ hour, 5 persons	high
2615	Ridefysioterapi, Fysioterapihonorar ½ time, 1 person	Horseback-riding physiotherapy, physiotherapy fee, ½ hour, 1 person	high
2622	Ridefysioterapi, Rideskolehonorar 2 personer	Horseback-riding physiotherapy, riding-school fee, 2 persons	high
2623	Ridefysioterapi, Rideskolehonorar 4 personer	Horseback-riding physiotherapy, riding-school fee, 4 persons	high
2627	Ridefysioterapi, Fysioterapihonorar ½ time, 3 personer	Horseback-riding physiotherapy, physiotherapy fee, ½ hour, 3 persons	high
2628	Ridefysioterapi, Rideskolehonorar 1 person	Horseback-riding physiotherapy, riding-school fee, 1 person	high
2629	Ridefysioterapi, Rideskolehonorar 3 personer	Horseback-riding physiotherapy, riding-school fee, 3 persons	high
2634	Genoptræning, Øfeldt, Funktionsundersøgelse handicappet	Rehabilitation, Øfeldt, functional examination of disabled person	high
2636	Genoptræning, Øfeldt, Kontrolundersøgelse af handicappet	Rehabilitation, Øfeldt, follow-up examination of disabled person	high
2641	Genoptræning, Øfeldt, Optræning/behandling 1 time	Rehabilitation, Øfeldt, training/treatment, 1 hour	high
2642	Genoptræning, Øfeldt, Optræning/behandling ½ time	Rehabilitation, Øfeldt, training/treatment, ½ hour	high
2650	Genoptræning, Øfeldt, Ved.fri optræning 1 time	Rehabilitation, Øfeldt, fee-free/maintenance-free training, 1 hour	low
2651	Genoptræning, Øfeldt, Ved.fri optræning ½ time	Rehabilitation, Øfeldt, fee-free/maintenance-free training, ½ hour	low
2659	Fodbehandling arvævspatienter, Afstilling plejehjem/pensionist 0-10 km	Foot treatment, scar-tissue patients, call-out to nursing home/pensioner, 0-10 km	medium
2661	Fodbehandling arvævspatienter, Fodbehandling - Almindelig	Foot treatment, scar-tissue patients, foot treatment - ordinary	high
2662	Fodbehandling arvævspatienter, Fodbehandling Partiel	Foot treatment, scar-tissue patients, foot treatment, partial	high
2671	Fodbehandling arvævspatienter, Værkstedstid ved indlæg	Foot treatment, scar-tissue patients, workshop time for insole/orthotic	medium
2675	Reumatologi, 3 behandlinger varmtvandsbassin	Rheumatology, 3 treatments, warm-water pool	high
2676	Reumatologi, Afsluttende samtale	Rheumatology, concluding talk/consultation	high
2683	Reumatologi, Blodprøve ekspedition 1	Rheumatology, blood-sample dispatch/handling 1	medium
2685	Reumatologi, Gipsbandage uden operation	Rheumatology, plaster cast without operation	high
2686	Reumatologi, Injektion i bursae med videre	Rheumatology, injection into bursae etc.	high
2687	Reumatologi, Instrueret øvelsesterapi	Rheumatology, instructed exercise therapy	high
2688	Reumatologi, Intraartikulær injektion	Rheumatology, intra-articular injection	high
2689	Reumatologi, Kørselsgodtgørelse I	Rheumatology, mileage allowance I	high
2690	Reumatologi, Ledningsblokade/nerveblokade	Rheumatology, conduction block/nerve block	high
2691	Reumatologi, Manipulationsbehandling	Rheumatology, manipulation treatment	high
2692	Reumatologi, Mikroskopi ledvæske	Rheumatology, microscopy of joint fluid	high
2693	Reumatologi, Patient-EKG 3 ekstremitetsafledninger 3 prækordiale afledninger 9	Rheumatology, patient ECG, 3 extremity leads, 3 precordial leads, 9	medium
2696	Reumatologi, Sekret-Gonokok ekspedition 1	Rheumatology, secretion gonococcus specimen, dispatch/handling 1	medium
2697	Reumatologi, Senere konsultation Smerte	Rheumatology, subsequent consultation, pain	high
2698	Reumatologi, Tapening, bandagering	Rheumatology, taping, bandaging	high
2700	Reumatologi, Telefonrådgivning praktiserende læge	Rheumatology, telephone advice from GP	high
2701	Reumatologi, Tolk i forbindelse med konsultation 3	Rheumatology, interpreter in connection with consultation 3	high
2702	Reumatologi, Transkutan nervestimulation	Rheumatology, transcutaneous nerve stimulation	high
2706	Reumatologi, Ultralydsundersøgelse	Rheumatology, ultrasound examination	high
2707	Reumatologi, Ultralydsundersøgelse følgende ydelse	Rheumatology, ultrasound examination, subsequent service	high
2718	Fodbehandling, leddegigt, journaloptagning	Foot treatment, rheumatoid arthritis, taking of medical record	high
2719	Fodbehandling, leddegigt, korrektion af 1 bøjle	Foot treatment, rheumatoid arthritis, correction of 1 brace	high
2723	Fysioterapi 61, Afspænding individuel	Physiotherapy 61, relaxation therapy, individual	high
2725	Fysioterapi 61, Biomekanisk bevægelsesterapi	Physiotherapy 61, biomechanical movement therapy	high
2726	Fysioterapi 61, Fysioterapiundersøgelse	Physiotherapy 61, physiotherapy examination	high
2728	Fysioterapi 61, Holdtræning 2 personer, egne lokaler	Physiotherapy 61, group training, 2 persons, own premises	medium
2729	Fysioterapi 61, Holdtræning 3 personer, egne lokaler	Physiotherapy 61, group training, 3 persons, own premises	medium
2730	Fysioterapi 61, Holdtræning 4 personer, egne lokaler	Physiotherapy 61, group training, 4 persons, own premises	medium
2731	Fysioterapi 61, Holdtræning 5 personer, egne lokaler	Physiotherapy 61, group training, 5 persons, own premises	medium
2732	Fysioterapi 61, Holdtræning 6 personer, egne lokaler	Physiotherapy 61, group training, 6 persons, own premises	medium
2733	Fysioterapi 61, Holdtræning 7 personer, egne lokaler	Physiotherapy 61, group training, 7 persons, own premises	medium
2734	Fysioterapi 61, Holdtræning 8 personer, egne lokaler	Physiotherapy 61, group training, 8 persons, own premises	medium
2742	Fysioterapi 61, Opfølgende træningsterapi	Physiotherapy 61, follow-up training therapy	high
2745	Fysioterapi 61, Tillæg særligt tidskrævende	Physiotherapy 61, supplement for especially time-consuming	medium
2747	Fysioterapi 61, øvelsesterapi individuel	Physiotherapy 61, exercise therapy (individual)	high
2750	Vederlagsfri fysioterapi, ADL-funktionstræning	Free-of-charge physiotherapy, ADL functional training	high
2751	Vederlagsfri fysioterapi, afspænding (hold)	Free-of-charge physiotherapy, relaxation therapy (group)	high
2752	Vederlagsfri fysioterapi, afspænding (individuel)	Free-of-charge physiotherapy, relaxation therapy (individual)	high
2758	Vederlagsfri fysioterapi, bassintræning 1 person, egne lokaler 51 62	Free-of-charge physiotherapy, pool training 1 person, own premises (51 62)	medium
2759	Vederlagsfri fysioterapi, bassintræning 2 personer, amtets lokaler 51 62	Free-of-charge physiotherapy, pool training 2 persons, county premises (51 62)	medium
2760	Vederlagsfri fysioterapi, bassintræning 2 personer, egne lokaler 51 62	Free-of-charge physiotherapy, pool training 2 persons, own premises (51 62)	medium
2761	Vederlagsfri fysioterapi, bassintræning 3 personer, amtets lokaler 51 62	Free-of-charge physiotherapy, pool training 3 persons, county premises (51 62)	medium
2762	Vederlagsfri fysioterapi, bassintræning 3 personer, egne lokaler 51 62	Free-of-charge physiotherapy, pool training 3 persons, own premises (51 62)	medium
2763	Vederlagsfri fysioterapi, bassintræning 4 personer, amtets lokaler 51 62	Free-of-charge physiotherapy, pool training 4 persons, county premises (51 62)	medium
2764	Vederlagsfri fysioterapi, bassintræning 4 personer, egne lokaler 51 62	Free-of-charge physiotherapy, pool training 4 persons, own premises (51 62)	medium
2765	Vederlagsfri fysioterapi, bassintræning 5 personer, amtets lokaler 51 62	Free-of-charge physiotherapy, pool training 5 persons, county premises (51 62)	medium
2766	Vederlagsfri fysioterapi, bassintræning 6 personer, amtets lokaler 51 62	Free-of-charge physiotherapy, pool training 6 persons, county premises (51 62)	medium
2767	Vederlagsfri fysioterapi, bassintræning 6 personer, egne lokaler 51 62	Free-of-charge physiotherapy, pool training 6 persons, own premises (51 62)	medium
2768	Vederlagsfri fysioterapi, bassintræning 7 personer, amtets lokaler 51 62	Free-of-charge physiotherapy, pool training 7 persons, county premises (51 62)	medium
2769	Vederlagsfri fysioterapi, bassintræning 8 personer, amtets lokaler 51 62	Free-of-charge physiotherapy, pool training 8 persons, county premises (51 62)	medium
2770	Vederlagsfri fysioterapi, bassintræning 1 person, egne lokaler	Free-of-charge physiotherapy, pool training 1 person, own premises	high
2771	Vederlagsfri fysioterapi, bassintræning 2 personer, egne lokaler	Free-of-charge physiotherapy, pool training 2 persons, own premises	high
2772	Vederlagsfri fysioterapi, bassintræning 3 personer, egne lokaler	Free-of-charge physiotherapy, pool training 3 persons, own premises	high
2773	Vederlagsfri fysioterapi, bassintræning 4 personer, egne lokaler	Free-of-charge physiotherapy, pool training 4 persons, own premises	high
2774	Vederlagsfri fysioterapi, bassintræning 5 personer, egne lokaler	Free-of-charge physiotherapy, pool training 5 persons, own premises	high
2775	Vederlagsfri fysioterapi, bassintræning 6 personer, egne lokaler	Free-of-charge physiotherapy, pool training 6 persons, own premises	high
2776	Vederlagsfri fysioterapi, bassintræning 7 personer, egne lokaler	Free-of-charge physiotherapy, pool training 7 persons, own premises	high
2777	Vederlagsfri fysioterapi, bassintræning 8 personer, egne lokaler	Free-of-charge physiotherapy, pool training 8 persons, own premises	high
2778	Vederlagsfri fysioterapi, bassintræning 1 person	Free-of-charge physiotherapy, pool training 1 person	high
2779	Vederlagsfri fysioterapi, bassintræning 2 personer	Free-of-charge physiotherapy, pool training 2 persons	high
2780	Vederlagsfri fysioterapi, bassintræning 3 personer	Free-of-charge physiotherapy, pool training 3 persons	high
2781	Vederlagsfri fysioterapi, bassintræning 4 personer	Free-of-charge physiotherapy, pool training 4 persons	high
2782	Vederlagsfri fysioterapi, bassintræning 5 personer	Free-of-charge physiotherapy, pool training 5 persons	high
2783	Vederlagsfri fysioterapi, bassintræning 6 personer	Free-of-charge physiotherapy, pool training 6 persons	high
2784	Vederlagsfri fysioterapi, bassintræning 7 personer	Free-of-charge physiotherapy, pool training 7 persons	high
2785	Vederlagsfri fysioterapi, bassintræning 8 personer	Free-of-charge physiotherapy, pool training 8 persons	high
2786	Vederlagsfri fysioterapi, biomekanisk bevægelsesterapi	Free-of-charge physiotherapy, biomechanical movement therapy	high
2788	Vederlagsfri fysioterapi, fysioterapeutisk undersøgelse	Free-of-charge physiotherapy, physiotherapeutic examination	high
2804	Vederlagsfri fysioterapi, holdtræning 1 person, egne lokaler	Free-of-charge physiotherapy, group training 1 person, own premises	high
2805	Vederlagsfri fysioterapi, holdtræning 2 personer, egne lokaler	Free-of-charge physiotherapy, group training 2 persons, own premises	high
2806	Vederlagsfri fysioterapi, holdtræning 3 personer, egne lokaler	Free-of-charge physiotherapy, group training 3 persons, own premises	high
2807	Vederlagsfri fysioterapi, holdtræning 4 personer, egne lokaler	Free-of-charge physiotherapy, group training 4 persons, own premises	high
2808	Vederlagsfri fysioterapi, holdtræning 5 personer, egne lokaler	Free-of-charge physiotherapy, group training 5 persons, own premises	high
2809	Vederlagsfri fysioterapi, holdtræning 6 personer, egne lokaler	Free-of-charge physiotherapy, group training 6 persons, own premises	high
2810	Vederlagsfri fysioterapi, holdtræning 7 personer, egne lokaler	Free-of-charge physiotherapy, group training 7 persons, own premises	high
2811	Vederlagsfri fysioterapi, holdtræning 8 personer, egne lokaler	Free-of-charge physiotherapy, group training 8 persons, own premises	high
2812	Vederlagsfri fysioterapi, holdtræning 9 personer, egne lokaler	Free-of-charge physiotherapy, group training 9 persons, own premises	high
2813	Vederlagsfri fysioterapi, holdtræning 1 person	Free-of-charge physiotherapy, group training 1 person	high
2814	Vederlagsfri fysioterapi, holdtræning 2 personer	Free-of-charge physiotherapy, group training 2 persons	high
2815	Vederlagsfri fysioterapi, holdtræning 3 personer	Free-of-charge physiotherapy, group training 3 persons	high
2816	Vederlagsfri fysioterapi, holdtræning 4 personer	Free-of-charge physiotherapy, group training 4 persons	high
2817	Vederlagsfri fysioterapi, holdtræning 5 personer	Free-of-charge physiotherapy, group training 5 persons	high
2818	Vederlagsfri fysioterapi, holdtræning 6 personer	Free-of-charge physiotherapy, group training 6 persons	high
2819	Vederlagsfri fysioterapi, holdtræning 7 personer	Free-of-charge physiotherapy, group training 7 persons	high
2820	Vederlagsfri fysioterapi, holdtræning 8 personer	Free-of-charge physiotherapy, group training 8 persons	high
2822	Vederlagsfri fysioterapi, i hjem (uden klinik)	Free-of-charge physiotherapy, at home (without clinic)	high
2825	Vederlagsfri fysioterapi, information og vejledning	Free-of-charge physiotherapy, information and guidance	high
2826	Vederlagsfri fysioterapi, kompenserende behandling	Free-of-charge physiotherapy, compensatory treatment	high
2828	Vederlagsfri fysioterapi, kørselsgodtgørelse I	Free-of-charge physiotherapy, mileage allowance I	high
2831	Vederlagsfri fysioterapi, mandag-fredag 16-20, lørdag 08-20	Free-of-charge physiotherapy, Monday-Friday 16:00-20:00, Saturday 08:00-20:00	high
2832	Vederlagsfri fysioterapi, mandag-fredag 20-08, søndag/helligdag	Free-of-charge physiotherapy, Monday-Friday 20:00-08:00, Sunday/public holiday	high
2837	Vederlagsfri fysioterapi, opfølgende træningsterapi	Free-of-charge physiotherapy, follow-up training therapy	high
2838	Vederlagsfri fysioterapi, plejehjem (uden klinik)	Free-of-charge physiotherapy, nursing home (without clinic)	high
2842	Vederlagsfri fysioterapi, psykomotorisk bevægelsesterapi	Free-of-charge physiotherapy, psychomotor movement therapy	high
2845	Vederlagsfri fysioterapi, styrketræning (amt 30)	Free-of-charge physiotherapy, strength training (county 30)	medium
2852	Vederlagsfri fysioterapi, øvelsesterapi (hold)	Free-of-charge physiotherapy, exercise therapy (group)	high
2853	Vederlagsfri fysioterapi, øvelsesterapi (individuel)	Free-of-charge physiotherapy, exercise therapy (individual)	high
2859	Psykologhjælp, 2 personers konsultation, følgende konsultation	Psychology service, 2-person consultation, subsequent consultation	high
2861	Psykologhjælp, afstandstillæg 0-4 km	Psychology service, distance supplement 0-4 km	high
2862	Psykologhjælp, barn med pårørende, efter konsultation	Psychology service, child with relatives, subsequent consultation	high
2863	Psykologhjælp, barn med pårørende, 1. konsultation	Psychology service, child with relatives, 1st consultation	high
2877	Psykologhjælp, gruppekonsultation 3 personer, 1.	Psychology service, group consultation, 3 persons, 1st	high
2880	Psykologhjælp, gruppekonsultation 3 personer	Psychology service, group consultation, 3 persons	high
2881	Psykologhjælp, gruppekonsultation 4 personer	Psychology service, group consultation, 4 persons	high
2882	Psykologhjælp, gruppekonsultation 5 personer	Psychology service, group consultation, 5 persons	high
2883	Psykologhjælp, gruppekonsultation 6 personer	Psychology service, group consultation, 6 persons	high
2884	Psykologhjælp, individuel konsultation, efter konsultation	Psychology service, individual consultation, subsequent consultation	high
2895	Kiropraktik kronikere, kiropraktisk klinisk grundydelse a	Chiropractic, chronic patients, basic chiropractic clinical service a	high
2896	Kiropraktik kronikere, kiropraktisk klinisk grundydelse b	Chiropractic, chronic patients, basic chiropractic clinical service b	high
2897	Kiropraktik kronikere, kiropraktisk klinisk ydelse	Chiropractic, chronic patients, chiropractic clinical service	high
2899	Kiropraktik kronikere, supplerende røntgenundersøgelse	Chiropractic, chronic patients, supplementary radiographic examination	high
2904	Kiropraktik kronikere, diagnosticering og beskrivelse	Chiropractic, chronic patients, diagnosis and description	high
2905	Kiropraktik kronikere, introduktion til superviseret træning	Chiropractic, chronic patients, introduction to supervised training	high
2919	Vederlagsfri ridefysioterapi, fysioterapeuthonorar ½ time, 4 personer	Free-of-charge horseback-riding physiotherapy, physiotherapist fee, half hour, 4 persons	medium
2923	Vederlagsfri ridefysioterapi, fysioterapeuthonorar ½ time, 3 personer	Free-of-charge horseback-riding physiotherapy, physiotherapist fee, half hour, 3 persons	medium
2927	Vederlagsfri ridefysioterapi, rideskolehonorar 4 personer	Free-of-charge horseback-riding physiotherapy, riding-school fee, 4 persons	high
2929	Høreomsorg, uafsluttet forløb	Hearing care, uncompleted course of treatment	high
2930	Gynækologi/obstetrik, (vejledt) abrasio, cervix, følgende	Gynaecology/obstetrics, (guided) curettage, cervix, subsequent	medium
2931	Gynækologi/obstetrik, (vejledt) abrasio, cervix, 1.	Gynaecology/obstetrics, (guided) curettage, cervix, 1st	medium
2932	Gynækologi/obstetrik, (vejledt) abrasio, corpus, følgende	Gynaecology/obstetrics, (guided) curettage, corpus, subsequent	medium
2934	Gynækologi/obstetrik, (vejledt) abrasio, corpus, 1.	Gynaecology/obstetrics, (guided) curettage, corpus, 1st	medium
2935	Gynækologi/obstetrik, (vejledt) abrasio, cervix, følgende, i anæstesi	Gynaecology/obstetrics, (guided) curettage, cervix, subsequent, with anaesthesia	medium
2936	Gynækologi/obstetrik, (vejledt) abrasio, corpus, følgende, i anæstesi	Gynaecology/obstetrics, (guided) curettage, corpus, subsequent, with anaesthesia	medium
2942	Gynækologi/obstetrik, 2. konsultation, medicinsk abort	Gynaecology/obstetrics, 2nd consultation, medical abortion	high
2944	Gynækologi/obstetrik, 2. konsultation, kirurgisk abort	Gynaecology/obstetrics, 2nd consultation, surgical abortion	high
2946	Gynækologi/obstetrik, 3. konsultation, ukompliceret	Gynaecology/obstetrics, 3rd consultation, uncomplicated	high
2950	Gynækologi/obstetrik, blod-glukose (ej stix) 4	Gynaecology/obstetrics, blood glucose (not stix) 4	high
2951	Gynækologi/obstetrik, blod-glukose (stix) 1	Gynaecology/obstetrics, blood glucose (stix) 1	high
2957	Gynækologi/obstetrik, blodprøve, ekspedition 1	Gynaecology/obstetrics, blood sample, handling 1	high
2959	Gynækologi/obstetrik, blokadebehandling af bækken	Gynaecology/obstetrics, nerve block treatment of the pelvis	high
2961	Gynækologi/obstetrik, clamydia immunfluorescens 3	Gynaecology/obstetrics, chlamydia immunofluorescence 3	high
2962	Gynækologi/obstetrik, clamydiabestemmelse 10	Gynaecology/obstetrics, chlamydia determination 10	high
2967	Gynækologi/obstetrik, dilatation af cervix, følgende, i anæstesi	Gynaecology/obstetrics, dilatation of the cervix, subsequent, with anaesthesia	high
2968	Gynækologi/obstetrik, dilatation af cervix, 1.	Gynaecology/obstetrics, dilatation of the cervix, 1st	high
2969	Gynækologi/obstetrik, dilatation af cervix, følgende	Gynaecology/obstetrics, dilatation of the cervix, subsequent	high
2970	Gynækologi/obstetrik, dilatation af cervix, 1., i anæstesi	Gynaecology/obstetrics, dilatation of the cervix, 1st, with anaesthesia	high
2971	Gynækologi/obstetrik, dyrkning af gærsvamp (ekspedition) 1	Gynaecology/obstetrics, culture of yeast fungus (handling) 1	high
2972	Gynækologi/obstetrik, dyrkning af gærsvamp 10	Gynaecology/obstetrics, culture of yeast fungus 10	high
2975	Gynækologi/obstetrik, el-stimulation af bækkenbund	Gynaecology/obstetrics, electrical stimulation of the pelvic floor	high
2976	Gynækologi/obstetrik, el-stimulation af bækkenbund	Gynaecology/obstetrics, electrical stimulation of the pelvic floor	high
2977	Gynækologi/obstetrik, el-stimulation af bækkenbund	Gynaecology/obstetrics, electrical stimulation of the pelvic floor	high
2978	Gynækologi/obstetrik, endometriedestruktion	Gynaecology/obstetrics, endometrial destruction	high
2979	Gynækologi/obstetrik, evacuatio, opfølgende konsultation	Gynaecology/obstetrics, evacuation, follow-up consultation	high
2987	Gynækologi/obstetrik, genetisk rådgivning	Gynaecology/obstetrics, genetic counselling	high
2989	Gynækologi/obstetrik, hymenal- eller vulvaplastik	Gynaecology/obstetrics, hymenal or vulvar plasty	medium
2997	Gynækologi/obstetrik, intrauterin fjernelse af spiral, følgende, i anæstesi	Gynaecology/obstetrics, intrauterine removal of coil, subsequent, with anaesthesia	medium
2998	Gynækologi/obstetrik, intrauterin fjernelse af spiral, 1., i anæstesi	Gynaecology/obstetrics, intrauterine removal of coil, 1st, with anaesthesia	medium
2999	Gynækologi/obstetrik, intrauterin fjernelse af spiral, følgende	Gynaecology/obstetrics, intrauterine removal of coil, subsequent	medium
3000	Gynækologi/obstetrik, Intrauterin fjernelse af spiral 1.	Gynaecology/obstetrics, intrauterine removal of coil, 1st	high
3001	Gynækologi/obstetrik, Intracervikal insemination	Gynaecology/obstetrics, intracervical insemination	high
3002	Gynækologi/obstetrik, Intrauterin insemination	Gynaecology/obstetrics, intrauterine insemination	high
3007	Gynækologi/obstetrik, Kryobehandling cervix følgende i anæstesi	Gynaecology/obstetrics, cryotherapy of cervix, subsequent, with anaesthesia	high
3008	Gynækologi/obstetrik, Kryobehandling cervix 1.	Gynaecology/obstetrics, cryotherapy of cervix, 1st	high
3009	Gynækologi/obstetrik, Kryobehandling cervix 1. i anæstesi	Gynaecology/obstetrics, cryotherapy of cervix, 1st, with anaesthesia	high
3010	Gynækologi/obstetrik, Kryobehandling cervix følgende	Gynaecology/obstetrics, cryotherapy of cervix, subsequent	high
3013	Gynækologi/obstetrik, Mikroskopi farvet sekret 3	Gynaecology/obstetrics, microscopy of stained secretion 3	high
3014	Gynækologi/obstetrik, Mikroskopi ufarvet sekret 3	Gynaecology/obstetrics, microscopy of unstained secretion 3	high
3015	Gynækologi/obstetrik, Obstetrisk bistand	Gynaecology/obstetrics, obstetric assistance	high
3016	Gynækologi/obstetrik, Opsætning af spiral	Gynaecology/obstetrics, insertion of coil	high
3017	Gynækologi/obstetrik, Opsætning af spiral	Gynaecology/obstetrics, insertion of coil	high
3018	Gynækologi/obstetrik, Opsætning spiral følgende i anæstesi	Gynaecology/obstetrics, insertion of coil, subsequent, with anaesthesia	high
3019	Gynækologi/obstetrik, Opsætning spiral 1.	Gynaecology/obstetrics, insertion of coil, 1st	high
3020	Gynækologi/obstetrik, Opsætning spiral følgende	Gynaecology/obstetrics, insertion of coil, subsequent	high
3021	Gynækologi/obstetrik, Opsætning spiral 1. i anæstesi	Gynaecology/obstetrics, insertion of coil, 1st, with anaesthesia	high
3022	Gynækologi/obstetrik, Ovariecystepunktur 1. i anæstesi	Gynaecology/obstetrics, ovarian cyst puncture, 1st, with anaesthesia	high
3023	Gynækologi/obstetrik, Ovariecystepunktur følgende	Gynaecology/obstetrics, ovarian cyst puncture, subsequent	high
3024	Gynækologi/obstetrik, Ovariecystepunktur 1.	Gynaecology/obstetrics, ovarian cyst puncture, 1st	high
3026	Gynækologi/obstetrik, Paracervikal/intracervikal	Gynaecology/obstetrics, paracervical/intracervical	medium
3029	Gynækologi/obstetrik, Polypfjernelse cervix uteri	Gynaecology/obstetrics, polyp removal, cervix uteri	high
3030	Gynækologi/obstetrik, Polypfjernelse	Gynaecology/obstetrics, polyp removal	high
3033	Gynækologi/obstetrik, Sekret-Gonokok *exp* 1	Gynaecology/obstetrics, secretion gonococcus *exp* 1	low
3034	Gynækologi/obstetrik, Sekret-Gonokok *mikroskopi* 2	Gynaecology/obstetrics, secretion gonococcus *microscopy* 2	high
3036	Gynækologi/obstetrik, Senere konsultation fertilitet	Gynaecology/obstetrics, later consultation, fertility	high
3041	Gynækologi/obstetrik, Serum-østradiolbestemmelse 6	Gynaecology/obstetrics, serum oestradiol determination 6	high
3042	Gynækologi/obstetrik, Sexologisk samtale	Gynaecology/obstetrics, sexological consultation	high
3047	Gynækologi/obstetrik, Svangerskabsreaktion 5	Gynaecology/obstetrics, pregnancy test 5	high
3048	Gynækologi/obstetrik, Sædpræparation til insemination	Gynaecology/obstetrics, sperm preparation for insemination	high
3050	Gynækologi/obstetrik, Tillæg for tolk fertilitet	Gynaecology/obstetrics, interpreter surcharge, fertility	high
3053	Gynækologi/obstetrik, Telefonrådgivning praktiserende læge	Gynaecology/obstetrics, telephone advice from GP	high
3054	Gynækologi/obstetrik, Tumorfjernelse mamma 1. i anæstesi	Gynaecology/obstetrics, tumour removal, breast, 1st, with anaesthesia	high
3055	Gynækologi/obstetrik, Tumorfjernelse mamma følgende	Gynaecology/obstetrics, tumour removal, breast, subsequent	high
3056	Gynækologi/obstetrik, Tumorfjernelse mamma 1.	Gynaecology/obstetrics, tumour removal, breast, 1st	high
3057	Gynækologi/obstetrik, Urin-bakterier *dyrkning Park* 3	Gynaecology/obstetrics, urine bacteria *culture, Park* 3	medium
3058	Gynækologi/obstetrik, Urin-bakterier *dyrkning Rest* 12	Gynaecology/obstetrics, urine bacteria *culture, Rest* 12	medium
3062	Gynækologi/obstetrik, Urin-hormonanalyse *exp* 1	Gynaecology/obstetrics, urine hormone analysis *exp* 1	low
3067	Gynækologi/obstetrik, Ultralydsscanning	Gynaecology/obstetrics, ultrasound scan	high
3070	Gynækologi/obstetrik, Undersøgelse vaginalsekret 1	Gynaecology/obstetrics, examination of vaginal secretion 1	high
3079	Gynækologi/obstetrik, Vandscanning	Gynaecology/obstetrics, saline infusion sonography	medium
3090	Gynækologi/obstetrik, indsætning gestagenimplantat	Gynaecology/obstetrics, insertion of progestogen implant	high
3094	Intern medicin, *blod* erytrocytter-Mikroskopi 1	Internal medicine, *blood* erythrocytes microscopy 1	high
3095	Intern medicin, *blod* erytrocytter-Reticulocyt 2	Internal medicine, *blood* erythrocytes reticulocytes 2	high
3096	Intern medicin, *fastende patient* serum-Lipidfraktion 25	Internal medicine, *fasting patient* serum lipid fraction 25	high
3097	Intern medicin, *fastende patient* serum-Triglycerid 15	Internal medicine, *fasting patient* serum triglycerides 15	high
3102	Intern medicin, Allergenprovokation fødemidler oralt	Internal medicine, allergen provocation, foods, oral	high
3104	Intern medicin, Allergivaccination 1. allergen	Internal medicine, allergy vaccination, 1st allergen	high
3105	Intern medicin, Allergivaccination efterfølgende	Internal medicine, allergy vaccination, subsequent	high
3106	Intern medicin, Arbejds-EKG *master* 18	Internal medicine, exercise ECG *master* 18	high
3111	Intern medicin, Blod-Erytrocytter *volumenfraktion* 1	Internal medicine, blood erythrocytes *volume fraction* 1	high
3112	Intern medicin, Blod-Glukose *ej Stix* 4	Internal medicine, blood glucose *not stix* 4	high
3113	Intern medicin, Blod-Glukose *stix* 1	Internal medicine, blood glucose *stix* 1	high
3115	Intern medicin, Blod-Leukocytter *park* 1	Internal medicine, blood leukocytes *park* 1	medium
3117	Intern medicin, Blod-Trombocytter *park* 3	Internal medicine, blood platelets *park* 3	medium
3120	Intern medicin, Blodprøve EKG i hjem 6	Internal medicine, blood sample and ECG at home 6	high
3121	Intern medicin, Blodprøve *exp* 1	Internal medicine, blood sample *exp* 1	low
3126	Intern medicin, Cøliakipakken amt 15	Internal medicine, coeliac panel (county 15)	medium
3128	Intern medicin, Døgnpulsoxymetri	Internal medicine, 24-hour pulse oximetry	high
3130	Intern medicin, EKG 12 afledninger	Internal medicine, 12-lead ECG	high
3132	Intern medicin, EKG 3 ekstremitetsafledninger, 3 præcordiale afledninger, 9	Internal medicine, ECG 3 extremity leads, 3 precordial leads, 9	medium
3137	Intern medicin, Funktionsprøve - dioxygen-absorption 15	Internal medicine, function test - oxygen absorption 15	low
3142	Intern medicin, Knogletæthedsmåling, endokrinologisk	Internal medicine, bone density measurement, endocrinological	high
3145	Intern medicin, Kontrol oesophagus, gaster, duodenum	Internal medicine, follow-up oesophagus, stomach, duodenum	high
3146	Intern medicin, Kontrol sigmoideoskopi / koloskopi	Internal medicine, follow-up sigmoidoscopy / colonoscopy	high
3156	Intern medicin, Oesophagus, gaster, duodenum	Internal medicine, oesophagus, stomach, duodenum	high
3157	Intern medicin, Oscillometri 2 ekstremiteter 6	Internal medicine, oscillometry, 2 extremities 6	medium
3158	Intern medicin, Oscillometri 4 ekstremiteter 10	Internal medicine, oscillometry, 4 extremities 10	medium
3164	Intern medicin, Patient-EKG 3 ekstremitetsafledninger, 3 præcordiale afledninger, 9	Internal medicine, patient ECG 3 extremity leads, 3 precordial leads, 9	medium
3166	Intern medicin, Patient-EKG afledninger 6 1	Internal medicine, patient ECG leads 6 1	low
3176	Intern medicin, Sigmoideoskopi / koloskopi	Internal medicine, sigmoidoscopy / colonoscopy	high
3180	Intern medicin, Telefonisk rådgivning fra praktiserende læge	Internal medicine, telephone advice from general practitioner	high
3182	Intern medicin, Urin-bakterier, dyrkning, parkering 3	Internal medicine, urine bacteria, culture, parked 3	low
3183	Intern medicin, Urin-bakterier, dyrkning, rest 12	Internal medicine, urine bacteria, culture, remainder 12	low
3190	Intern medicin, Urin-sediment, parkering 6	Internal medicine, urine sediment, parked 6	low
3191	Intern medicin, Udvidet lungefunktionsprøve	Internal medicine, extended pulmonary function test	high
3192	Intern medicin, Ultralyd øvre abdomen	Internal medicine, ultrasound, upper abdomen	high
3205	Almen Lægehjælp 80, Afregning af sygebesøg og møder (regional §2-aftale, Region Hovedstaden)	General practitioner, settlement of home visits and meetings (regional §2 agreement, Capital Region)	high
3214	Almen Lægehjælp 80, Alvorligt syge og døende — i lægens konsultation (regional §2-aftale, Region Syddanmark)	General practitioner, seriously ill and dying — in the physician's consultation (regional §2 agreement, Region of Southern Denmark)	high
3215	Almen Lægehjælp 80, Alvorligt syge og døende — via telefon per 10 minutter (regional §2-aftale, Region Syddanmark)	General practitioner, seriously ill and dying — by telephone per 10 minutes (regional §2 agreement, Region of Southern Denmark)	high
3221	Almen Lægehjælp 80, EKG inklusive præcordiale afledninger (regional §2-aftale, Region Midtjylland)	General practitioner, ECG including precordial leads (regional §2 agreement, Central Denmark Region)	high
3223	Almen Lægehjælp 80, Fokuseret somatisk undersøgelse til borgere med psykisk sygdom	General practitioner, focused somatic examination for citizens with mental illness	high
3240	Almen Lægehjælp 80, Indkaldelse demensundersøgelse (regional §2-aftale, Region Hovedstaden)	General practitioner, summons for dementia examination (regional §2 agreement, Capital Region)	high
3246	Almen Lægehjælp 80, Kørselsgodtgørelse per kørt kilometer (regional §2-aftale, Region Hovedstaden)	General practitioner, mileage allowance per kilometre driven (regional §2 agreement, Capital Region)	high
3247	Almen Lægehjælp 80, Lægefaglig vurdering af patienter på kommunal akutfunktion/akutteam	General practitioner, medical assessment of patients at a municipal acute-care unit/acute team	high
3249	Almen Lægehjælp 80, Medgået tidsforbrug for kørsel per påbegyndt 10. minut udover 15 kilometer (regional §2-aftale, Region Sjælland)	General practitioner, time spent on driving per commenced 10th minute beyond 15 kilometres (regional §2 agreement, Region Zealand)	high
3257	Almen Lægehjælp 80, Opfølgning efter indlæggelse — i lægens konsultation (regional §2-aftale, Region Syddanmark)	General practitioner, follow-up after hospitalisation — in the physician's consultation (regional §2 agreement, Region of Southern Denmark)	high
3258	Almen Lægehjælp 80, Opsøgende hjemmebesøg (skrøbelige ældre, normalt over 75 år) + tidsforbrugstillæg og eventuelt	General practitioner, outreach home visit (frail elderly, normally over 75 years) + time-expenditure supplement and possibly	high
3259	Almen Lægehjælp 80, Planlægningsmøde (regional §2-aftale, Region Midtjylland)	General practitioner, planning meeting (regional §2 agreement, Central Denmark Region)	high
3271	Almen Lægehjælp 80, Sundhedstjek til borgere på botilbud + tidsforbrugstillæg og eventuelt	General practitioner, health check for residents in supported-housing facilities + time-expenditure supplement and possibly	high
3278	Almen Lægehjælp 80, Telefonisk henvendelse til/fra kommunernes Social- og Sundhedsforvaltninger til/fra lægen (regional §2-aftale, Region Sjælland)	General practitioner, telephone contact to/from the municipalities' Social and Health Administrations to/from the physician (regional §2 agreement, Region Zealand)	high
3281	Almen Lægehjælp 80, Tidsforbrugstillæg 15 minutter (regional §2-aftale, Region Syddanmark)	General practitioner, time-expenditure supplement 15 minutes (regional §2 agreement, Region of Southern Denmark)	high
3282	Almen Lægehjælp 80, Tidsforbrugstillæg 20 minutter (regional §2-aftale, Region Syddanmark)	General practitioner, time-expenditure supplement 20 minutes (regional §2 agreement, Region of Southern Denmark)	high
3283	Almen Lægehjælp 80, Tidsforbrugstillæg 25 minutter (regional §2-aftale, Region Syddanmark)	General practitioner, time-expenditure supplement 25 minutes (regional §2 agreement, Region of Southern Denmark)	high
3284	Almen Lægehjælp 80, Tidsforbrugstillæg 30 minutter (regional §2-aftale, Region Syddanmark)	General practitioner, time-expenditure supplement 30 minutes (regional §2 agreement, Region of Southern Denmark)	high
3285	Almen Lægehjælp 80, Tidstillægsmodul (regional §2-aftale, Region Midtjylland)	General practitioner, time-supplement module (regional §2 agreement, Central Denmark Region)	high
3286	Almen Lægehjælp 80, Tværsektoriel lægelig kommunikation (regional §2-aftale, Region Hovedstaden)	General practitioner, cross-sectoral medical communication (regional §2 agreement, Capital Region)	high
3292	Almen Lægehjælp 80, Vaccination mod hepatitis B efter konkret anbefaling fra Styrelsen for Patientsikkerhed	General practitioner, vaccination against hepatitis B following a specific recommendation from the Danish Patient Safety Authority	high
3294	Almen Lægehjælp 80, Video-/telekonference per påbegyndt 10 minutter (regional §2-aftale, Region Syddanmark)	General practitioner, video/teleconference per commenced 10 minutes (regional §2 agreement, Region of Southern Denmark)	high
3297	Almen Lægehjælp 80, Årlig helbredsundersøgelse (regional §2-aftale, Region Hovedstaden)	General practitioner, annual health examination (regional §2 agreement, Capital Region)	high
3299	Almen lægehjælp 80, §2-aftale Århus amtskommune	General practitioner, §2 agreement, Aarhus county municipality	medium
3310	Almen lægehjælp 80, 1. orale poliovaccination	General practitioner, 1st oral polio vaccination	high
3321	Almen lægehjælp 80, 2. orale poliovaccination	General practitioner, 2nd oral polio vaccination	high
3325	Almen lægehjælp 80, 3 undersøgelser for blod i fæces 5	General practitioner, 3 tests for blood in faeces 5	medium
3329	Almen lægehjælp 80, 3. orale poliovaccination	General practitioner, 3rd oral polio vaccination	high
3340	Almen lægehjælp 80, Addition, Risikoestimering	General practitioner, add-on, risk estimation	medium
3341	Almen lægehjælp 80, Afstandstakst over 10 kilometer	General practitioner, distance fee over 10 kilometres	high
3342	Almen lægehjælp 80, Afstandstillæg over 20 kilometer	General practitioner, distance supplement over 20 kilometres	high
3343	Almen lægehjælp 80, Afstandstillæg over 20 kilometer	General practitioner, distance supplement over 20 kilometres	high
3358	Almen lægehjælp 80, Aftalekonsultation B050	General practitioner, scheduled consultation B050	medium
3362	Almen lægehjælp 80, Alkoholsamtale §2/B080	General practitioner, alcohol counselling consultation (§2/B080)	medium
3363	Almen lægehjælp 80, Allergiudredning i forbindelse med priktest	General practitioner, allergy work-up in connection with prick test	high
3366	Almen lægehjælp 80, Anlæggelse af immobiliserende bandage	General practitioner, application of immobilising bandage	high
3374	Almen lægehjælp 80, Audiometriundersøgelse 10	General practitioner, audiometry examination 10	medium
3379	Almen lægehjælp 80, Blod-hæmoglobin (- fotometri)	General practitioner, blood haemoglobin (- photometry)	medium
3380	Almen lægehjælp 80, Blod-hæmoglobin (uden fotometri) 1	General practitioner, blood haemoglobin (without photometry) 1	high
3383	Almen lægehjælp 80, Basisk fosfatase	General practitioner, alkaline phosphatase	high
3384	Almen lægehjælp 80, Basisydelse, §2-aftale (county 65)	General practitioner, basic service, §2 agreement (county 65)	medium
3385	Almen lægehjælp 80, Basisydelse §2 (county 20)	General practitioner, basic service §2 (county 20)	medium
3387	Almen lægehjælp 80, Besøg 1 dags varighed	General practitioner, visit of 1 day's duration	high
3388	Almen lægehjælp 80, Besøg af uvis varighed	General practitioner, visit of unclear duration	low
3389	Almen lægehjælp 80, Sygebesøg op til 4 km, plus eventuelt tillæg	General practitioner, home visit up to 4 km, plus any supplement	high
3391	Almen lægehjælp 80, Sygebesøg fra 5 km til 8 km, plus eventuelt tillæg	General practitioner, home visit from 5 km to 8 km, plus any supplement	high
3393	Almen lægehjælp 80, Sygebesøg fra 9 km til 12 km, plus eventuelt tillæg	General practitioner, home visit from 9 km to 12 km, plus any supplement	high
3394	Almen lægehjælp 80, Sygebesøg fra 13 km til 16 km, plus eventuelt tillæg	General practitioner, home visit from 13 km to 16 km, plus any supplement	high
3396	Almen lægehjælp 80, Sygebesøg fra 17 km til 20 km, plus eventuelt tillæg	General practitioner, home visit from 17 km to 20 km, plus any supplement	high
3397	Almen lægehjælp 80, Sygebesøg fra 21 km, 5 km fra sygebesøgsstedet, plus eventuelt tillæg	General practitioner, home visit from 21 km, 5 km from the visit location, plus any supplement	medium
3405	Almen lægehjælp 80, Biopsi med efterfølgende mikroskopisk undersøgelse	General practitioner, biopsy with subsequent microscopic examination	high
3410	Almen lægehjælp 80, Blodprøve, central med videre	General practitioner, blood test, central etc.	medium
3411	Almen lægehjælp 80, Blodprøve, central med videre	General practitioner, blood test, central etc.	medium
3412	Almen lægehjælp 80, Blodprøvetagning (county 50)	General practitioner, blood sampling (county 50)	medium
3413	Almen lægehjælp 80, Blodprøvetagning fra åre inklusive præparation og centrifugering per forsendelse	General practitioner, blood sampling from a vein including preparation and centrifugation per shipment	high
3417	Almen lægehjælp 80, Børneundersøgelse, test	General practitioner, child examination, test	high
3421	Almen lægehjælp 80, Dagtid, egen læge, København	General practitioner, daytime, own doctor, Copenhagen	high
3422	Almen lægehjælp 80, Dagtid, anden læge, København	General practitioner, daytime, another doctor, Copenhagen	high
3423	Almen lægehjælp 80, Deltagelse i forsøg	General practitioner, participation in a study	high
3425	Almen lægehjælp 80, Demensudredning §2 (county 65)	General practitioner, dementia assessment, §2 (county 65)	medium
3426	Almen lægehjælp 80, Demensudredning B080	General practitioner, dementia assessment B080	high
3427	Almen lægehjælp 80, Demensundersøgelse, Københavns Kommune	General practitioner, dementia examination, Copenhagen Municipality	high
3428	Almen lægehjælp 80, Demensundersøgelse (county 20)	General practitioner, dementia examination (county 20)	medium
3434	Almen lægehjælp 80, Differential- og leukocyttælling	General practitioner, differential and leukocyte count	high
3435	Almen lægehjælp 80, Differentialtælling 6	General practitioner, differential count 6	high
3441	Almen lægehjælp 80, Elektrokardiografi eksklusive prækordialafledninger 6	General practitioner, electrocardiography excluding precordial leads 6	high
3442	Almen lægehjælp 80, Elektrokardiografi inklusive prækordialafledninger 9	General practitioner, electrocardiography including precordial leads 9	high
3444	Almen lægehjælp 80, Evaluering af graviditet (county 42)	General practitioner, pregnancy evaluation (county 42)	medium
3447	Almen lægehjælp 80, Fjernelse af subkutane eller dybereliggende svulster inklusive	General practitioner, removal of subcutaneous or deeper-lying tumours, including	high
3451	Almen lægehjælp 80, Folkeundersøgelse (county 60)	General practitioner, population screening (county 60)	medium
3452	Almen lægehjælp 80, Forebyggende helbredssamtale	General practitioner, preventive health consultation	high
3453	Almen lægehjælp 80, Forebyggende opfølgningsbesøg §2 (county 80)	General practitioner, preventive follow-up visit, §2 (county 80)	medium
3454	Almen lægehjælp 80, Forebyggende hjemmebesøg (county 65)	General practitioner, preventive home visit (county 65)	medium
3458	Almen lægehjælp 80, Forløbskontrol diabetes	General practitioner, diabetes course monitoring	high
3460	Almen lægehjælp 80, Fra 4 indtil 8 km	General practitioner, from 4 up to 8 km	high
3461	Almen lægehjælp 80, Fra 8 indtil 12 km	General practitioner, from 8 up to 12 km	high
3462	Almen lægehjælp 80, Fredericia-forsøg	General practitioner, Fredericia study	high
3464	Almen lægehjælp 80, Fjernelse af fremmedlegemer fra øje, øregang, næse og svælg med videre	General practitioner, removal of foreign bodies from the eye, ear canal, nose and throat, etc.	high
3466	Almen lægehjælp 80, Fremstilling af digitalt billede	General practitioner, production of a digital image	high
3468	Almen lægehjælp 80, Glukose-glukose addition (county 65)	General practitioner, glucose-glucose addition (county 65)	low
3473	Almen lægehjælp 80, Hamiltons depression	General practitioner, Hamilton depression rating	high
3474	Almen lægehjælp 80, Hepatitis B, stofmisbrugere, mænd der har sex med mænd	General practitioner, hepatitis B, drug users, men who have sex with men	high
3475	Almen lægehjælp 80, Vaccination mod hepatitis B til børn under 2 år, som er født af en mor med kronisk hepatitis B	General practitioner, hepatitis B vaccination for children under 2 years born to a mother with chronic hepatitis B	high
3478	Almen lægehjælp 80, Hepatitis B-vaccination eller A-B-vaccination til særlige risikogrupper (vaccine gives 3 gange)	General practitioner, hepatitis B vaccination or A-B vaccination for special risk groups (vaccine given 3 times)	medium
3479	Almen lægehjælp 80, Hepatitis B-vaccination, hepatitis C-infektion	General practitioner, hepatitis B vaccination, hepatitis C infection	medium
3480	Almen lægehjælp 80, Hepatitis B-vaccination, under 15 år	General practitioner, hepatitis B vaccination, under 15 years	high
3482	Almen lægehjælp 80, Hepatitis B / Downs syndrom	General practitioner, hepatitis B / Down syndrome	medium
3483	Almen lægehjælp 80, Hjemmeblodtryksmåling (county 35)	General practitioner, home blood pressure measurement (county 35)	medium
3486	Almen lægehjælp 80, Hjemmeblodtryksmåling	General practitioner, home blood pressure measurement	high
3488	Almen lægehjælp 80, Hormonundersøgelser 1	General practitioner, hormone tests 1	high
3489	Almen lægehjælp 80, Hyppige lægevagtsbesøg (county 80)	General practitioner, frequent out-of-hours doctor visits (county 80)	medium
3496	Almen lægehjælp 80, II. Mikroskopi, bakteriologisk og lignende	General practitioner, II. microscopy, bacteriological and similar	high
3497	Almen lægehjælp 80, II. Mikroskopi, bakteriologisk og lignende 3	General practitioner, II. microscopy, bacteriological and similar 3	high
3498	Almen lægehjælp 80, II. Mikroskopi, bakteriologisk og lignende	General practitioner, II. microscopy, bacteriological and similar	high
3499	Almen lægehjælp 80, II. Svampe	General practitioner, II. fungi	high
3500	Almen lægehjælp 80, II. Svampe (dyrkning) 3	General practitioner, II. Fungi (culture) 3	high
3501	Almen lægehjælp 80, III. Andet	General practitioner, III. Other	high
3502	Almen lægehjælp 80, III. Andet (dyrkning) 3	General practitioner, III. Other (culture) 3	high
3503	Almen lægehjælp 80, III. Andet (mikroskopi) 3	General practitioner, III. Other (microscopy) 3	high
3504	Almen lægehjælp 80, III. Mikroskopi af biopsi	General practitioner, III. Microscopy of biopsy	high
3505	Almen lægehjælp 80, III. Mikroskopi af biopsi	General practitioner, III. Microscopy of biopsy	high
3508	Almen lægehjælp 80, Indsamling af data, Fyns Amt	General practitioner, Data collection, Funen County	medium
3509	Almen lægehjælp 80, Indtil 4 km	General practitioner, Up to 4 km	high
3510	Almen lægehjælp 80, Influenzavaccination 65 år, hjemme	General practitioner, Influenza vaccination, age 65, at home	high
3511	Almen lægehjælp 80, Influenzavaccination over 65 år	General practitioner, Influenza vaccination, over age 65	high
3512	Almen lægehjælp 80, Indsættelse/udlevering væske/valiumadministration sygebesøg	General practitioner, Insertion/dispensing of fluid/valium administration, home visit	low
3514	Almen lægehjælp 80, Jordemoderkonsultation	General practitioner, Midwife consultation	high
3515	Almen lægehjælp 80, Kapillærresistensprøve 3	General practitioner, Capillary resistance test 3	high
3518	Almen lægehjælp 80, Konsultation med klinisk diætist	General practitioner, Consultation with clinical dietitian	high
3522	Almen lægehjælp 80, Konsultation 0-15 min	General practitioner, Consultation 0-15 min	high
3525	Almen lægehjælp 80, Kostvejledning	General practitioner, Dietary counselling	high
3526	Almen lægehjælp 80, Kroner per kilometer udover 21 km	General practitioner, Kroner per kilometre beyond 21 km	high
3529	Almen lægehjælp 80, Kørselsgodtgørelse I	General practitioner, Mileage allowance I	high
3540	Almen lægehjælp 80, Lungefunktion §2, amt 20	General practitioner, Lung function (§2, county 20)	medium
3543	Almen lægehjælp 80, Lægehjælp 2502	General practitioner, Medical aid 2502	low
3544	Almen lægehjælp 80, Lægehjælp 2201	General practitioner, Medical aid 2201	low
3545	Almen lægehjælp 80, Længere enkeltkonsultation	General practitioner, Longer single consultation	high
3546	Almen lægehjælp 80, Længerevarende sygebesøg, amt 60	General practitioner, Extended home visit (county 60)	medium
3547	Almen lægehjælp 80, MFR-vaccination 1 år	General practitioner, MMR vaccination, age 1	high
3564	Almen lægehjælp 80, MMSE-test, Frederiksberg Kommune	General practitioner, MMSE test, Frederiksberg Municipality	high
3579	Almen lægehjælp 80, Møde udover 3 moduler	General practitioner, Meeting beyond 3 modules	high
3580	Almen lægehjælp 80, Mødedeltagelse, amt 65	General practitioner, Meeting attendance (county 65)	medium
3581	Almen lægehjælp 80, Nervesanatorier med videre	General practitioner, Nerve sanatoriums etc.	high
3582	Almen lægehjælp 80, Næsetamponade med videre	General practitioner, Nasal tamponade etc.	high
3585	Almen lægehjælp 80, Opfølgende helbredsundersøgelse, amt 80	General practitioner, Follow-up health examination (county 80)	medium
3586	Almen lægehjælp 80, Opfølgende samtale i hjemmet	General practitioner, Follow-up consultation at home	high
3587	Almen lægehjælp 80, Opfølgende samtale i konsultationen	General practitioner, Follow-up consultation in the surgery	high
3588	Almen lægehjælp 80, Oplivningsforsøg	General practitioner, Resuscitation attempt	high
3589	Almen lægehjælp 80, Opsøgende hjemmebesøg	General practitioner, Outreach home visit	high
3591	Almen lægehjælp 80, Opsøgende virksomhed	General practitioner, Outreach activity	high
3593	Almen lægehjælp 80, Orm. Ormeled i fæces 1	General practitioner, Worm. Worm segments in faeces 1	high
3612	Almen lægehjælp 80, Polyfarmacipatient, amt 101	General practitioner, Polypharmacy patient (county 101)	medium
3618	Almen lægehjælp 80, Præventionsjournalskema §2/amt 70	General practitioner, Contraception record form (§2, county 70)	medium
3624	Almen lægehjælp 80, Reposition af paraphimosis	General practitioner, Reduction of paraphimosis	high
3625	Almen lægehjælp 80, Røntgenundersøgelse §2-aftale	General practitioner, X-ray examination (§2 agreement)	medium
3626	Almen lægehjælp 80, Samtalebehandling, 1 samtale	General practitioner, Talk therapy, 1 session	high
3627	Almen lægehjælp 80, Samtalebehandling, 2 samtaler	General practitioner, Talk therapy, 2 sessions	high
3628	Almen lægehjælp 80, Samtalebehandling, 3 samtaler	General practitioner, Talk therapy, 3 sessions	high
3629	Almen lægehjælp 80, Samtalebehandling, 4 samtaler	General practitioner, Talk therapy, 4 sessions	high
3630	Almen lægehjælp 80, Samtalebehandling, 40 min	General practitioner, Talk therapy, 40 min	high
3631	Almen lægehjælp 80, Samtalebehandling, 5 samtaler	General practitioner, Talk therapy, 5 sessions	high
3632	Almen lægehjælp 80, Samtalebehandling, 6 samtaler	General practitioner, Talk therapy, 6 sessions	high
3633	Almen lægehjælp 80, Samtalebehandling, 7 samtaler	General practitioner, Talk therapy, 7 sessions	high
3636	Almen lægehjælp 80, Samtaleterapiforløb	General practitioner, Talk therapy course	high
3644	Almen lægehjælp 80, Sindslidende, 1. indlæggelse	General practitioner, Mentally ill, 1st admission	high
3646	Almen lægehjælp 80, Sindslidende, tvangsindlæggelse	General practitioner, Mentally ill, involuntary admission	high
3647	Almen lægehjælp 80, Skemaudfyldelse, tillæg, amt 65	General practitioner, Form completion, supplement (county 65)	medium
3648	Almen lægehjælp 80, Skemaudfyldelse, diabetes	General practitioner, Form completion, diabetes	high
3649	Almen lægehjælp 80, Socialmedicinsk samarbejde	General practitioner, Social-medical collaboration	high
3650	Almen lægehjælp 80, Spermaundersøgelse, kontrol 5	General practitioner, Semen examination, control 5	high
3651	Almen lægehjælp 80, Store udbredte læsioner	General practitioner, Large extensive lesions	high
3652	Almen lægehjælp 80, Støtte til pårørende	General practitioner, Support for relatives	high
3657	Almen lægehjælp 80, Systematisk screening	General practitioner, systematic screening	high
3658	Almen lægehjælp 80, Sænkningsreaktion 2	General practitioner, erythrocyte sedimentation rate 2	high
3659	Almen lægehjælp 80, Særkonsultation svangerskabsforebyggelse	General practitioner, special consultation, contraception	high
3662	Almen lægehjælp 80, Tapning af væskesamling fra større led i terapeutisk øjemed – ikke i diagnostisk øjemed eller	General practitioner, aspiration of fluid collection from a larger joint for therapeutic purposes - not for diagnostic purposes, or	high
3663	Almen lægehjælp 80, Honorar for telefonisk henvendelse til forældrene forud for MFR-vaccination	General practitioner, fee for telephone contact with the parents prior to MMR vaccination	high
3664	Almen lægehjælp 80, Telefonkonsultation, amt 50	General practitioner, telephone consultation (county 50)	medium
3669	Almen lægehjælp 80, Thrombin-målinger, amt 42	General practitioner, thrombin measurements (county 42)	medium
3671	Almen lægehjælp 80, Tidstillæg	General practitioner, time supplement	high
3680	Almen lægehjælp 80, Tillæg for tolkehonorar	General practitioner, supplement for interpreter fee	high
3683	Almen lægehjælp 80, Tillæg ved kighostevaccination	General practitioner, supplement for whooping-cough vaccination	high
3690	Almen lægehjælp 80, Telefonkonsultation med henvisning	General practitioner, telephone consultation with referral	high
3692	Almen lægehjælp 80, Telefonkonsultation med besøg/konsultation	General practitioner, telephone consultation with visit/consultation	high
3693	Almen lægehjælp 80, Telefonkonsultation uden besøg/konsultation	General practitioner, telephone consultation without visit/consultation	high
3697	Almen lægehjælp 80, Tympanometri ved konsultation	General practitioner, tympanometry at consultation	high
3702	Almen lægehjælp 80, Udfyldelse af dødsattest side 2 inklusive	General practitioner, completion of death certificate page 2, including	high
3704	Almen lægehjælp 80, Udover 20 km	General practitioner, beyond 20 km	high
3705	Almen lægehjælp 80, Udskrivningskonference	General practitioner, discharge conference	high
3706	Almen lægehjælp 80, Udtagning af prøve af livmoder, -mund og -hals til cytologisk undersøgelse inklusive	General practitioner, taking of a sample from the uterus, cervix and cervical canal for cytological examination, including	high
3710	Almen lægehjælp 80, Urin, blod med videre ved stiks 1	General practitioner, urine, blood etc. by dipstick 1	high
3715	Almen lægehjælp 80, Urin til resistensbestemmelse 6	General practitioner, urine for resistance testing 6	high
3726	Almen lægehjælp 80, Vaccination 2-10 år	General practitioner, vaccination, ages 2-10 years	high
3727	Almen lægehjælp 80, Vaccination 11-12 år	General practitioner, vaccination, ages 11-12 years	high
3728	Almen lægehjælp 80, Vaccination inden 2 år	General practitioner, vaccination before age 2 years	high
3733	Almen lægehjælp 80, Vejledning og undersøgelse i forbindelse med anmodning om svangerskabsafbrydelse og/eller	General practitioner, counselling and examination in connection with a request for termination of pregnancy and/or	high
3736	Almen lægehjælp 80, Vejledning om svangerskabsforebyggende metoder ved indlæggelse af spiral	General practitioner, counselling on contraceptive methods at insertion of an intrauterine device	high
3737	Almen lægehjælp 80, Vejledning om svangerskabsforebyggende metoder herunder eventuelt p-piller	General practitioner, counselling on contraceptive methods including, where relevant, oral contraceptive pills	high
3738	Almen lægehjælp 80, Venesektio tilrådet af hospital eller speciallæge samt ved livstruende tilstande	General practitioner, phlebotomy advised by hospital or specialist as well as in life-threatening conditions	high
3741	Almen lægehjælp 80, aftalt diabeteskontrol	General practitioner, scheduled diabetes check-up	high
3748	Almen lægehjælp 80, diagnostisk hjælp, psykiatrisk diagnose	General practitioner, diagnostic assistance, psychiatric diagnosis	high
3750	Almen lægehjælp 80, fjernelse af ørevoks	General practitioner, removal of earwax	high
3753	Almen lægehjælp 80, fødselshjælp	General practitioner, obstetric assistance (delivery)	high
3754	Almen lægehjælp 80, hepatitisvaccination i daginstitution	General practitioner, hepatitis vaccination at day-care institution	high
3756	Almen lægehjælp 80, konference allergispecialist, amt 50	General practitioner, conference with allergy specialist (county 50)	medium
3764	Almen lægehjælp 80, nattevagtslæger afstand	General practitioner, night-shift doctors, distance	medium
3766	Almen lægehjælp 80, pneumokokvaccination 12 måneder	General practitioner, pneumococcal vaccination, 12 months	high
3768	Almen lægehjælp 80, pneumokokvaccination 5 måneder	General practitioner, pneumococcal vaccination, 5 months	high
3769	Almen lægehjælp 80, Diagnostik, udredning og opfølgning ved anvendelse af fagligt anerkendte psykometriske test 6	General practitioner, diagnosis, work-up and follow-up using professionally recognised psychometric tests 6	high
3770	Almen lægehjælp 80, psykometrisk test	General practitioner, psychometric test	high
3772	Almen lægehjælp 80, telefonisk drøftelse, amt 50	General practitioner, telephone discussion (county 50)	medium
3773	Almen lægehjælp 80, telefonkonsultation ved forløbsydelse diabetes	General practitioner, telephone consultation under the diabetes care-pathway service	high
3782	Almen lægehjælp 80, vagtbreve B-vagt, amt 42	General practitioner, on-call notes, B-shift (county 42)	medium
3786	Almen lægehjælp 80, §2-aftale akut 50	General practitioner, acute (§2 agreement, county 50)	medium
3787	Almen lægehjælp 80, §2, amt 35, afstandstillæg	General practitioner, distance supplement (§2, county 35)	medium
3789	Almen lægehjælp 80, ældreprojekt Skanderborg	General practitioner, elderly project, Skanderborg	high
3790	Almen lægehjælp 80, årskontrol diabetes	General practitioner, annual diabetes check-up	high
3792	Almen lægehjælp 80, årskontrol, diabetes, amt 20	General practitioner, annual diabetes check-up (county 20)	medium
3796	KFA-vagtordning 81, Akutte tilfælde efter	KFA on-call service 81, acute cases, after	medium
3797	KFA-vagtordning 81, Anlæggelse af immobiliserende bandage	KFA on-call service 81, application of an immobilising bandage	high
3802	KFA-vagtordning 81, Brud af skinneben med videre	KFA on-call service 81, fracture of the shinbone (tibia) etc.	high
3803	KFA-vagtordning 81, Elektrokardiografi eksklusive præcordiale 6	KFA on-call service 81, electrocardiography excluding precordial leads 6	high
3806	KFA-vagtordning 81, Flere ved institutionsbesøg	KFA on-call service 81, several patients at an institution visit	medium
3807	KFA-vagtordning 81, Fremmedlegeme i hud med videre	KFA on-call service 81, foreign body in the skin etc.	high
3808	KFA-vagtordning 81, Fremmedlegeme i øjet med videre	KFA on-call service 81, foreign body in the eye etc.	high
3810	KFA-vagtordning 81, Kørselsgodtgørelse i	KFA on-call service 81, mileage allowance, in	medium
3817	KFA-vagtordning 81, Sindslidende 1. indlæggelse	KFA on-call service 81, mentally ill, 1st admission	high
3818	KFA-vagtordning 81, Sindslidende genindlæggelse	KFA on-call service 81, mentally ill, re-admission	high
3823	KFA-vagtordning 81, Udstedelse af dødsattest side 2	KFA on-call service 81, issuance of death certificate page 2	high
3824	KFA-vagtordning 81, Urin Blod med videre ved Stix 1	KFA on-call service 81, urine, blood etc. by dipstick 1	high
3826	KFA-vagtordning 81, lægehjælp ingen praksis	KFA on-call service 81, medical assistance, no practice	medium
3830	KAK vagtlægehjælp 82, Afstandstakst over 10 km	KAK on-call GP 82, distance fee over 10 km	high
3831	KAK vagtlægehjælp 82, Akutte Tilfælde Efter	KAK on-call GP 82, acute cases, subsequent	medium
3832	KAK vagtlægehjælp 82, Andre Betydende Operationer	KAK on-call GP 82, other significant operations	high
3833	KAK vagtlægehjælp 82, Anlæggelse Af Immobiliserende Bandage	KAK on-call GP 82, application of immobilising bandage	high
3834	KAK vagtlægehjælp 82, Blod-glukose (fotometrisk) 4	KAK on-call GP 82, blood glucose (photometric) 4	high
3841	KAK vagtlægehjælp 82, Elektrokardiografi eksklusive prækordiale afledninger 6	KAK on-call GP 82, electrocardiography excluding precordial leads 6	high
3842	KAK vagtlægehjælp 82, Elektrokardiografi inklusive prækordiale afledninger 9	KAK on-call GP 82, electrocardiography including precordial leads 9	high
3847	KAK vagtlægehjælp 82, Fremmedlegeme Hud med videre	KAK on-call GP 82, foreign body, skin etc.	high
3848	KAK vagtlægehjælp 82, Fremmedlegeme øje med videre	KAK on-call GP 82, foreign body, eye etc.	high
3850	KAK vagtlægehjælp 82, gruppe I Bakterier (dyrkning) 3	KAK on-call GP 82, group I bacteria (culture) 3	high
3852	KAK vagtlægehjælp 82, Kørselsgodtgørelse I	KAK on-call GP 82, mileage allowance I	high
3855	KAK vagtlægehjælp 82, Lungefunktion ved spirometri 3	KAK on-call GP 82, lung function by spirometry 3	high
3861	KAK vagtlægehjælp 82, Reposition Store Led	KAK on-call GP 82, reduction of large joints	high
3863	KAK vagtlægehjælp 82, Sindslidende 1. Indlæggelse	KAK on-call GP 82, mentally ill, 1st admission	high
3864	KAK vagtlægehjælp 82, Sindslidende Genindlæggelse	KAK on-call GP 82, mentally ill, readmission	high
3865	KAK vagtlægehjælp 82, Sindslidende Tvangsindlæggelse	KAK on-call GP 82, mentally ill, involuntary admission	high
3866	KAK vagtlægehjælp 82, Svangerskabsreaktion, urinprøve 4	KAK on-call GP 82, pregnancy test, urine 4	medium
3869	KAK vagtlægehjælp 82, Tillæg ingen praksis	KAK on-call GP 82, supplement, no practice	high
3870	KAK vagtlægehjælp 82, Tillæg kvalificeret tolk	KAK on-call GP 82, supplement, qualified interpreter	high
3872	KAK vagtlægehjælp 82, Telefonkonsultation med besøg/konsultation	KAK on-call GP 82, telephone consultation with visit/consultation	high
3873	KAK vagtlægehjælp 82, Telefonkonsultation uden besøg/konsultation	KAK on-call GP 82, telephone consultation without visit/consultation	high
3874	KAK vagtlægehjælp 82, Telefonkonsultation Med Recept	KAK on-call GP 82, telephone consultation with prescription	high
3876	KAK vagtlægehjælp 82, Undersøgelse pacemaker	KAK on-call GP 82, pacemaker examination	high
3877	KAK vagtlægehjælp 82, Urin Blod med videre ved Stix 1	KAK on-call GP 82, urine, blood etc. by dipstick 1	high
3880	KAK vagtlægehjælp 82, fjernelse af svulster	KAK on-call GP 82, removal of tumours	high
3891	Vagtlægehjælp 83, Afstandstakst over 10 km	On-call GP service 83, distance fee over 10 km	high
3893	Vagtlægehjælp 83, Akutte Tilfælde Efter	On-call GP service 83, acute cases, subsequent	medium
3895	Vagtlægehjælp 83, Andre Betydende Operationer	On-call GP service 83, other significant operations	high
3896	Vagtlægehjælp 83, Anlæggelse Af Immobiliserende Bandage	On-call GP service 83, application of immobilising bandage	high
3898	Vagtlægehjælp 83, Blod-glukose (fotometrisk) 4	On-call GP service 83, blood glucose (photometric) 4	high
3906	Vagtlægehjælp 83, Besøg IV	On-call GP service 83, visit IV	high
3913	Vagtlægehjælp 83, Elektrokardiografi eksklusive prækordiale afledninger 6	On-call GP service 83, electrocardiography excluding precordial leads 6	high
3914	Vagtlægehjælp 83, Elektrokardiografi inklusive prækordiale afledninger 9	On-call GP service 83, electrocardiography including precordial leads 9	high
3915	Vagtlægehjælp 83, Fjernelse af svulster	On-call GP service 83, removal of tumours	high
3918	Vagtlægehjælp 83, Fremmedlegeme Hud/negl	On-call GP service 83, foreign body, skin/nail	high
3919	Vagtlægehjælp 83, Fremmedlegeme øje med videre	On-call GP service 83, foreign body, eye etc.	high
3922	Vagtlægehjælp 83, Honorar ved vagtordning på øer	On-call GP service 83, fee for on-call service on islands	high
3923	Vagtlægehjælp 83, gruppe I Bakterier (dyrkning) 3	On-call GP service 83, group I bacteria (culture) 3	high
3924	Vagtlægehjælp 83, gruppe I Urin (mikroskopi) 3	On-call GP service 83, group I urine (microscopy) 3	high
3925	Vagtlægehjælp 83, gruppe III Andet (dyrkning) 3	On-call GP service 83, group III other (culture) 3	high
3926	Vagtlægehjælp 83, Insufflation/udblæsning af væske/luft ad naturlig skanal	On-call GP service 83, insufflation/blowing-out of fluid/air via a natural channel	low
3928	Vagtlægehjælp 83, Kørselsgodtgørelse I	On-call GP service 83, mileage allowance I	high
3929	Vagtlægehjælp 83, Kørselsgodtgørelse II	On-call GP service 83, mileage allowance II	high
3934	Vagtlægehjælp 83, Nervesanatorier med videre	On-call GP service 83, nerve sanatoria etc.	medium
3935	Vagtlægehjælp 83, Næsetamponade med videre	On-call GP service 83, nasal packing etc.	high
3939	Vagtlægehjælp 83, Receptfornyelse	On-call GP service 83, prescription renewal	high
3940	Vagtlægehjælp 83, Reposition Store Led	On-call GP service 83, reduction of large joints	high
3942	Vagtlægehjælp 83, Sindslidende 1. Indlæggelse	On-call GP service 83, mentally ill, 1st admission	high
3943	Vagtlægehjælp 83, Sindslidende Genindlæggelse	On-call GP service 83, mentally ill, readmission	high
3944	Vagtlægehjælp 83, Sindslidende Tvangsindlæggelse	On-call GP service 83, mentally ill, involuntary admission	high
3945	Vagtlægehjælp 83, Store Udbredte Læsioner	On-call GP service 83, large extensive lesions	high
3953	Vagtlægehjælp 83, Tillæg kvalificeret tolk	On-call GP service 83, supplement, qualified interpreter	high
3955	Vagtlægehjælp 83, Telefonkonsultation Med Recept	On-call GP service 83, telephone consultation with prescription	high
3957	Vagtlægehjælp 83, Undersøgelse pacemaker	On-call GP service 83, pacemaker examination	high
3958	Vagtlægehjælp 83, Udfyldelse af dødsattest, side 2	On-call GP service 83, completion of death certificate, page 2	high
786	Kirurgi, Fjernelse Svulst Hud 1. anæstesi	Surgery, removal of tumour from skin, 1st, with anaesthesia	high
2598	Ortonyxi, i hjem over 10 km.	Orthonyxia, in the home over 10 km	high
3961	Vagtlægehjælp 83, urin, blod mv. ved stix 1	On-call GP service 83, urine, blood etc. by stix 1	high
3968	Vagtlægehjælp 83, fjernelse af ørevoks	On-call GP service 83, removal of earwax	high
3975	Vagtlægehjælp 83, §2.A35 afstandstillæg	On-call GP service 83, §2 distance supplement (county 35)	high
3981	Kak vagtlægehjælp 84, kørselsgodtgørelse I	KAK on-call GP service 84, mileage allowance I	high
3985	Kak vagtlægehjælp 84, telefonkonsultation med recept	KAK on-call GP service 84, telephone consultation with prescription	high
3986	Kak vagtlægehjælp 84, urin, blod mv. ved stix 1	KAK on-call GP service 84, urine, blood etc. by stix 1	high
3990	Præhospital, 1. behandling af brud	Pre-hospital, 1st treatment of fracture	high
3991	Præhospital, afstandstakst over 10 km	Pre-hospital, distance rate over 10 km	high
3993	Præhospital, anlæggelse af immobiliseringsbandage	Pre-hospital, application of immobilisation bandage	high
3999	Præhospital, besøg IV	Pre-hospital, visit IV	high
4006	Præhospital, kørselsgodtgørelse I	Pre-hospital, mileage allowance I	high
4007	Præhospital, ligsyn og dødsattest, amt 42	Pre-hospital, post-mortem examination and death certificate (county 42)	high
4011	Præhospital, psykisk førstehjælp	Pre-hospital, psychological first aid	high
4012	Præhospital, reposition af store led	Pre-hospital, reduction of large joints	high
4013	Præhospital, store udbredte læsioner	Pre-hospital, large widespread lesions	medium
4016	Præhospital, elektrokardiogram inklusive prækordialafledninger	Pre-hospital, electrocardiogram including precordial leads	high
4020	KFA-vagtordning 89, akutte tilfælde efter	KFA on-call service 89, acute cases following	medium
4021	KFA-vagtordning 89, anlæggelse af immobiliseringsbandage	KFA on-call service 89, application of immobilisation bandage	high
4028	KFA-vagtordning 89, fremmedlegeme hud mv.	KFA on-call service 89, foreign body skin etc.	high
4029	KFA-vagtordning 89, fremmedlegeme øjne mv.	KFA on-call service 89, foreign body eyes etc.	high
4036	KFA-vagtordning 89, sindslidende 1. indlæggelse	KFA on-call service 89, mentally ill 1st admission	high
4037	KFA-vagtordning 89, sindslidende genindlæggelse	KFA on-call service 89, mentally ill readmission	high
4038	KFA-vagtordning 89, svangerskabsreaktion, urinkoncentration 4	KFA on-call service 89, pregnancy test, urine concentration 4	medium
4042	KFA-vagtordning 89, urin, blod mv. ved stix 1	KFA on-call service 89, urine, blood etc. by stix 1	high
4045	Kirurgi, 1. konsultation med/operation mv.	Surgery, 1st consultation with/operation etc.	high
4050	Kirurgi, amputation finger 1.	Surgery, finger amputation 1st	high
4051	Kirurgi, amputation finger følgende	Surgery, finger amputation subsequent	high
4052	Kirurgi, analoperation, 1., med anæstesi	Surgery, anal operation, 1st, with anaesthesia	high
4053	Kirurgi, analoperation, følgende, med anæstesi	Surgery, anal operation, subsequent, with anaesthesia	high
4059	Kirurgi, behandling af brud, 1.	Surgery, fracture treatment, 1st	high
4062	Kirurgi, blodprøve, ekspres, 1	Surgery, blood sample, express, 1	low
4063	Kirurgi, bougiebehandling af urethra (urinrør), 1., med anæstesi	Surgery, bougie treatment of urethra, 1st, with anaesthesia	high
4064	Kirurgi, bougiebehandling af urethra (urinrør), 1.	Surgery, bougie treatment of urethra, 1st	high
4065	Kirurgi, bougiebehandling af urethra (urinrør), følgende	Surgery, bougie treatment of urethra, subsequent	high
4072	Kirurgi, dopplerundersøgelse	Surgery, Doppler examination	high
4073	Kirurgi, dopplerundersøgelse af vener	Surgery, Doppler examination of veins	high
4074	Kirurgi, duplexscanning af åreknudepatient (amt 25)	Surgery, duplex scan of varicose-vein patient (county 25)	medium
4076	Kirurgi, duplexscanning af vener	Surgery, duplex scan of veins	high
4077	Kirurgi, duplexscanning	Surgery, duplex scanning	high
4080	Kirurgi, fjernelse af svulst i bryst, 1., med anæstesi	Surgery, removal of breast tumour, 1st, with anaesthesia	high
4081	Kirurgi, fjernelse af svulst i bryst, 1.	Surgery, removal of breast tumour, 1st	high
4082	Kirurgi, fjernelse af svulst i bryst, følgende	Surgery, removal of breast tumour, subsequent	high
4083	Kirurgi, fjernelse af byld på haleben	Surgery, removal of abscess on coccyx	high
4084	Kirurgi, fjernelse af polyp, rectum (endetarm)	Surgery, removal of polyp, rectum	high
4085	Kirurgi, fjernelse af svulst i bryst, følgende, med anæstesi	Surgery, removal of breast tumour, subsequent, with anaesthesia	high
4089	Kirurgi, fjernelse af svulst i hud, 1., med anæstesi	Surgery, removal of skin tumour, 1st, with anaesthesia	medium
4090	Kirurgi, fjernelse af svulst i hud, følgende, med anæstesi	Surgery, removal of skin tumour, subsequent, with anaesthesia	medium
4100	Kirurgi, hæmorroide-ligatur, følgende, med anæstesi	Surgery, haemorrhoid ligation, subsequent, with anaesthesia	high
4101	Kirurgi, hæmorroide-ligatur, 1., med anæstesi	Surgery, haemorrhoid ligation, 1st, with anaesthesia	high
4102	Kirurgi, hæmorroide-ligaturbehandling, 1.	Surgery, haemorrhoid ligation treatment, 1st	high
4103	Kirurgi, hæmorroide-ligaturbehandling, følgende	Surgery, haemorrhoid ligation treatment, subsequent	high
4104	Kirurgi, incision af absces (byld), følgende, med anæstesi	Surgery, incision of abscess, subsequent, with anaesthesia	high
4105	Kirurgi, incision af cyste, følgende, med anæstesi	Surgery, incision of cyst, subsequent, with anaesthesia	high
4112	Kirurgi, indgreb i livmoder, 1.	Surgery, procedure on uterus, 1st	high
4113	Kirurgi, injektion af hæmorroider, følgende, med anæstesi	Surgery, injection of haemorrhoids, subsequent, with anaesthesia	high
4114	Kirurgi, injektion hæmorroider 1.	Surgery, haemorrhoid injection, 1st	high
4115	Kirurgi, injektion hæmorroider 1. med anæstesi	Surgery, haemorrhoid injection, 1st, with anaesthesia	high
4116	Kirurgi, injektion hæmorroider følgende	Surgery, haemorrhoid injection, subsequent	high
4117	Kirurgi, injektion åre 1. konsultation	Surgery, vein injection, 1st consultation	high
4118	Kirurgi, injektion åre senere konsultation	Surgery, vein injection, later consultation	high
4126	Kirurgi, kontrol sigmoideoskopi/koloskopi	Surgery, follow-up sigmoidoscopy/colonoscopy	high
4127	Kirurgi, oesofago-gastro-duodenoskopi	Surgery, oesophago-gastro-duodenoscopy	high
4128	Kirurgi, operation bullen finger følgende	Surgery, operation bullous finger, subsequent	low
4130	Kirurgi, operation kontraktur håndflade 1. med anæstesi	Surgery, operation palm contracture, 1st, with anaesthesia	medium
4131	Kirurgi, operation kontraktur håndflade 1.	Surgery, operation palm contracture, 1st	medium
4133	Kirurgi, operation lyskebrok følgende med anæstesi	Surgery, inguinal hernia operation, subsequent, with anaesthesia	high
4135	Kirurgi, operation lyskebrok med varicer følgende	Surgery, inguinal hernia operation with varicose veins, subsequent	medium
4137	Kirurgi, operation åreknuder excision lyske højre	Surgery, varicose vein operation, excision groin, right	medium
4139	Kirurgi, operation åreknuder i lyske højre bilateralt	Surgery, varicose vein operation in groin, right, bilateral	medium
4141	Kirurgi, operation forhudsforsnævring følgende	Surgery, operation for phimosis (foreskin narrowing), subsequent	high
4147	Kirurgi, operation seneknude følgende med anæstesi	Surgery, tendon nodule operation, subsequent, with anaesthesia	high
4148	Kirurgi, operation springfinger 1. med anæstesi	Surgery, trigger finger operation, 1st, with anaesthesia	high
4149	Kirurgi, operation springfinger 1.	Surgery, trigger finger operation, 1st	high
4150	Kirurgi, operation åre lyske 1. med anæstesi	Surgery, vein operation, groin, 1st, with anaesthesia	high
4151	Kirurgi, operation åreknuder lyske 1.	Surgery, varicose vein operation, groin, 1st	high
4152	Kirurgi, operation åreknuder lyske følgende	Surgery, varicose vein operation, groin, subsequent	high
4153	Kirurgi, operation bullen finger 1.	Surgery, operation bullous finger, 1st	low
4154	Kirurgi, operation forhudsforsnævring 1. med anæstesi	Surgery, operation for phimosis (foreskin narrowing), 1st, with anaesthesia	high
4155	Kirurgi, operation forhudsforsnævring 1.	Surgery, operation for phimosis (foreskin narrowing), 1st	high
4156	Kirurgi, operation seneknude 1.	Surgery, tendon nodule operation, 1st	high
4157	Kirurgi, operation springfinger følgende	Surgery, trigger finger operation, subsequent	high
4160	Kirurgi, operation åreknuder følgende	Surgery, varicose vein operation, subsequent	high
4162	Kirurgi, operation brystudvikling	Surgery, operation for breast development (gynaecomastia)	medium
4163	Kirurgi, operation lyskebrok, amt 35	Surgery, inguinal hernia operation (county 35)	high
4165	Kirurgi, oscillometri *2 Ex*6	Surgery, oscillometry *2 Ex*6	medium
4166	Kirurgi, plastikoperation, følgende, med anæstesi	Surgery, plastic surgery, subsequent, with anaesthesia	high
4167	Kirurgi, plastikoperation, 1.	Surgery, plastic surgery, 1st	high
4168	Kirurgi, plastikoperation, følgende	Surgery, plastic surgery, subsequent	high
4169	Kirurgi, plastikoperation, 1., med anæstesi	Surgery, plastic surgery, 1st, with anaesthesia	high
4174	Kirurgi, rensning af småsår, 1.	Surgery, cleaning of minor wounds, 1st	high
4175	Kirurgi, rensning af småsår, følgende	Surgery, cleaning of minor wounds, subsequent	high
4180	Kirurgi, revision af sår, følgende, med anæstesi	Surgery, wound revision, subsequent, with anaesthesia	high
4181	Kirurgi, rituel omskæring, 2, amt 13	Surgery, ritual circumcision, 2 (county 13)	medium
4182	Kirurgi, sekret-gonokok *exp*1	Surgery, secretion gonococcus *exp*1	medium
4186	Kirurgi, sigmoideoskopi / koloskopi	Surgery, sigmoidoscopy / colonoscopy	high
4189	Kirurgi, sterilisation af mand	Surgery, sterilisation of a man (vasectomy)	high
4190	Kirurgi, tapning af vandbrok, 1., med anæstesi	Surgery, drainage of hydrocele, 1st, with anaesthesia	high
4191	Kirurgi, tapning i led, følgende	Surgery, joint aspiration, subsequent	high
4192	Kirurgi, tapning i led, 1., med anæstesi	Surgery, joint aspiration, 1st, with anaesthesia	high
4193	Kirurgi, tapning af vandbrok, 1.	Surgery, drainage of hydrocele, 1st	high
4194	Kirurgi, tapning af vandbrok, følgende	Surgery, drainage of hydrocele, subsequent	high
4198	Kirurgi, telefonrådgivning, praktiserende læge	Surgery, telephone advice, general practitioner	high
4199	Kirurgi, tolk i forbindelse med konsultation, 3	Surgery, interpreter in connection with consultation, 3	high
4202	Kirurgi, tryk-flow-undersøgelse	Surgery, pressure-flow study	high
4203	Kirurgi, urin-bakteriologi *dyrkning, rest*12	Surgery, urine bacteriology *culture, remainder*12	medium
4208	Kirurgi, ultralydsscanning af øvre abdomen	Surgery, ultrasound scan of the upper abdomen	high
4217	Kirurgi, fjernelse af polyp, colon	Surgery, removal of polyp, colon	high
4224	Kirurgi, sigmoideoskopi, amt 35	Surgery, sigmoidoscopy (county 35)	high
743	Diagnostisk radiologi København, albue	Diagnostic radiology, Copenhagen, elbow	high
744	Diagnostisk radiologi København, belastningsundersøgelse af led	Diagnostic radiology, Copenhagen, loading examination of joint	high
745	Diagnostisk radiologi København, bihuler	Diagnostic radiology, Copenhagen, sinuses	high
746	Diagnostisk radiologi København, brysthvirvler	Diagnostic radiology, Copenhagen, thoracic vertebrae	high
747	Diagnostisk radiologi København, brystkasse med lunger/hjerte	Diagnostic radiology, Copenhagen, thorax with lungs/heart	high
748	Diagnostisk radiologi København, bækken	Diagnostic radiology, Copenhagen, pelvis	high
749	Diagnostisk radiologi København, dobbeltkontrastundersøgelse tyktarm	Diagnostic radiology, Copenhagen, double contrast examination of colon	high
750	Diagnostisk radiologi København, ekstremiteter	Diagnostic radiology, Copenhagen, extremities	high
751	Diagnostisk radiologi København, fod/fodled	Diagnostic radiology, Copenhagen, foot/ankle joint	high
752	Diagnostisk radiologi København, fuldstændig tandstatus	Diagnostic radiology, Copenhagen, full dental status	high
753	Diagnostisk radiologi København, funktionsundersøgelse rygsøjle røntgen	Diagnostic radiology, Copenhagen, functional examination of spine x-ray	high
754	Diagnostisk radiologi København, galdeblære	Diagnostic radiology, Copenhagen, gallbladder	high
755	Diagnostisk radiologi København, haleben	Diagnostic radiology, Copenhagen, coccyx	high
756	Diagnostisk radiologi København, hals	Diagnostic radiology, Copenhagen, neck	high
757	Diagnostisk radiologi København, halshvirvler	Diagnostic radiology, Copenhagen, cervical vertebrae	high
758	Diagnostisk radiologi København, hysterosalpingografi	Diagnostic radiology, Copenhagen, hysterosalpingography	high
759	Diagnostisk radiologi København, hånd/håndled	Diagnostic radiology, Copenhagen, hand/wrist	high
760	Diagnostisk radiologi København, knæ	Diagnostic radiology, Copenhagen, knee	high
761	Diagnostisk radiologi København, kranium	Diagnostic radiology, Copenhagen, skull	high
762	Diagnostisk radiologi København, kæbeled	Diagnostic radiology, Copenhagen, temporomandibular joint	high
763	Diagnostisk radiologi København, lår og hofteled	Diagnostic radiology, Copenhagen, thigh and hip joint	high
765	Diagnostisk radiologi København, mammae	Diagnostic radiology, Copenhagen, breast	high
766	Diagnostisk radiologi København, mammografi	Diagnostic radiology, Copenhagen, mammography	high
767	Diagnostisk radiologi København, mave med tolvfingertarm	Diagnostic radiology, Copenhagen, abdomen with duodenum	high
768	Diagnostisk radiologi København, nedre abdomen	Diagnostic radiology, Copenhagen, lower abdomen	high
769	Diagnostisk radiologi København, nedre abdomen, blære	Diagnostic radiology, Copenhagen, lower abdomen, bladder	high
770	Diagnostisk radiologi København, nyrer	Diagnostic radiology, Copenhagen, kidneys	high
771	Diagnostisk radiologi København, overkæbe	Diagnostic radiology, Copenhagen, upper jaw	high
772	Diagnostisk radiologi København, sialografi	Diagnostic radiology, Copenhagen, sialography	high
773	Diagnostisk radiologi København, skulderled og overarm	Diagnostic radiology, Copenhagen, shoulder joint and upper arm	high
774	Diagnostisk radiologi København, spiserør	Diagnostic radiology, Copenhagen, oesophagus	high
775	Diagnostisk radiologi København, testes	Diagnostic radiology, Copenhagen, testes	high
776	Diagnostisk radiologi København, trachea	Diagnostic radiology, Copenhagen, trachea	high
777	Diagnostisk radiologi København, udvidet urologi tømnings	Diagnostic radiology, Copenhagen, extended urology, voiding	medium
778	Diagnostisk radiologi København, udvidet mammografi	Diagnostic radiology, Copenhagen, extended mammography	high
779	Diagnostisk radiologi København, underarm	Diagnostic radiology, Copenhagen, forearm	high
781	Diagnostisk radiologi København, underkæbe	Diagnostic radiology, Copenhagen, lower jaw	high
782	Diagnostisk radiologi København, undersøgelse af tyndtarmspassage	Diagnostic radiology, Copenhagen, examination of small-bowel passage	high
783	Diagnostisk radiologi København, ydelse 2160	Diagnostic radiology, Copenhagen, service 2160	medium
784	Diagnostisk radiologi København, ydelse 2162	Diagnostic radiology, Copenhagen, service 2162	medium
785	Diagnostisk radiologi København, øvre abdomen	Diagnostic radiology, Copenhagen, upper abdomen	high
787	Dermato-venerologi, (procedure not documented)	Dermato-venereology, (procedure not documented)	low
788	Dermato-venerologi, 1. konsultation	Dermato-venereology, 1st consultation	high
790	Dermato-venerologi, 1. konsultation stk. 3 (amt 3, A35)	Dermato-venereology, 1st consultation subsection 3 (county 3, A35)	medium
791	Dermato-venerologi, 1. konsultation, stykke 3, digitalfoto	Dermato-venereology, 1st consultation, subsection 3, digital photo	medium
792	Dermato-venerologi, 1. konsultation	Dermato-venereology, 1st consultation	high
793	Dermato-venerologi, 1. konsultation, digitalfoto, aftale A35	Dermato-venereology, 1st consultation, digital photo (agreement A35)	medium
794	Dermato-venerologi, 2. konsultation	Dermato-venereology, 2nd consultation	high
795	Dermato-venerologi, 2. konsultation, stykke 3, digitalfoto	Dermato-venereology, 2nd consultation, subsection 3, digital photo	medium
796	Dermato-venerologi, 2. konsultation, stykke 3, aftale 3A35	Dermato-venereology, 2nd consultation, subsection 3 (agreement 3A35)	medium
798	Dermato-venerologi, 3. konsultation, stykke 3, aftale 3A35	Dermato-venereology, 3rd consultation, subsection 3 (agreement 3A35)	medium
799	Dermato-venerologi, 3. konsultation, psoriasis, aftale A65	Dermato-venereology, 3rd consultation, psoriasis (agreement A65)	medium
800	Dermato-venerologi, 4. konsultation, psoriasis, aftale A65	Dermato-venereology, 4th consultation, psoriasis (agreement A65)	medium
801	Dermato-venerologi, afstandstillæg	Dermato-venereology, distance supplement	high
808	Dermato-venerologi, allergi, aftale 3A65	Dermato-venereology, allergy (agreement 3A65)	medium
809	Dermato-venerologi, anoskopi	Dermato-venereology, anoscopy	high
810	Dermato-venerologi, ansigt og hals, per behandling	Dermato-venereology, face and neck, per treatment	high
811	Dermato-venerologi, ansigt/hals, per behandling	Dermato-venereology, face/neck, per treatment	high
812	Dermato-venerologi, argonlaser, gruppe 3, aftale A15	Dermato-venereology, argon laser, group 3 (agreement A15)	medium
813	Dermato-venerologi, behandling melanonpati, aftale A65	Dermato-venereology, treatment of melanonpati (agreement A65)	low
814	Dermato-venerologi, behandling venøst skinnebenssår	Dermato-venereology, treatment of venous shin ulcer	high
815	Dermato-venerologi, besøg	Dermato-venereology, visit	high
816	Dermato-venerologi, biopsi	Dermato-venereology, biopsy	high
818	Dermato-venerologi, blodprøvetagning, stykke 3	Dermato-venereology, blood sampling, subsection 3	medium
819	Dermato-venerologi, botox behandling, amt 65	Dermato-venereology, botox treatment (county 65)	medium
822	Dermato-venerologi, doppler	Dermato-venereology, doppler	high
823	Dermato-venerologi, dyrkning af gærsvamp (amt 12)	Dermato-venereology, culture of yeast fungus (county 12)	high
824	Dermato-venerologi, dyrkning af hudsvamp (amt 12)	Dermato-venereology, culture of skin fungus (county 12)	high
825	Dermato-venerologi, e-mail konsultation	Dermato-venereology, e-mail consultation	high
826	Dermato-venerologi, e-mail konsultation	Dermato-venereology, e-mail consultation	high
827	Dermato-venerologi, e-mail konsultation	Dermato-venereology, e-mail consultation	high
829	Dermato-venerologi, eksem 2. konsultation	Dermato-venereology, eczema 2nd consultation	high
831	Dermato-venerologi, eksem senere konsultation	Dermato-venereology, eczema later consultation	high
832	Dermato-venerologi, eksem telefonkonsultation	Dermato-venereology, eczema telephone consultation	high
833	Dermato-venerologi, episkopi	Dermato-venereology, episcopy	high
834	Dermato-venerologi, fjernelse af svulst, følgende	Dermato-venereology, removal of tumour, subsequent	high
835	Dermato-venerologi, fjernelse af svulst, hud, 1.	Dermato-venereology, removal of tumour, skin, 1st	high
836	Dermato-venerologi, fjernelse af svulst, excision, 1.	Dermato-venereology, removal of tumour, excision, 1st	high
837	Dermato-venerologi, fjernelse af svulst, excision, følgende	Dermato-venereology, removal of tumour, excision, subsequent	high
838	Dermato-venerologi, fjernelse af negl, 1.	Dermato-venereology, removal of nail, 1st	high
839	Dermato-venerologi, fjernelse af negl, følgende	Dermato-venereology, removal of nail, subsequent	high
841	Dermato-venerologi, hage/hals per behandling	Dermato-venereology, chin/neck per treatment	high
842	Dermato-venerologi, hage/hals per behandling	Dermato-venereology, chin/neck per treatment	high
843	Dermato-venerologi, hele ansigtet per behandling	Dermato-venereology, entire face per treatment	high
844	Dermato-venerologi, hele ansigtet per behandling	Dermato-venereology, entire face per treatment	high
845	Dermato-venerologi, hirsutisme (amt 81)	Dermato-venereology, hirsutism (county 81)	high
846	Dermato-venerologi, hæmangiomer (amt 81)	Dermato-venereology, haemangiomas (county 81)	high
847	Dermato-venerologi, incision af absces, 1.	Dermato-venereology, incision of abscess, 1st	high
3376	Almen lægehjælp 80, Blod-glukose, fotometer	General practitioner, blood glucose, photometer	high
1156	Københavns Praktiserende Lægers Laboratorium, Glucose, faste;S	Copenhagen GP Laboratory (KPLL), glucose, fasting;S (serum)	high
3676	Almen lægehjælp 80, Tillæg kvalificeret tolk	General practitioner, supplement for qualified interpreter	high
2256	Statens Seruminstitut, Toxoplasmose gondii	Statens Serum Institut, Toxoplasma gondii	high
2444	Tandlægehjælp, Plastfyld enfladet	Dental service, plastic (composite) filling, single-surface	high
496	Ørelægehjælp, Toneaudiometri	ENT service, tone audiometry	high
3381	Almen lægehjælp 80, Blod-hæmoglobin (fotometer) 4	General practitioner, blood haemoglobin (photometer) 4	high
3195	Intern medicin, ekkokardiografi	Internal medicine, echocardiography	high
3656	Almen lægehjælp 80, Svælg-streptokok-antigen 4	General practitioner, throat streptococcal antigen 4	high
2445	Tandlægehjælp, Plastfyld flerfladet	Dental service, plastic (composite) filling, multi-surface	high
2836	Vederlagsfri fysioterapi, Normal behandling	Free-of-charge physiotherapy, normal treatment	high
2507	Fysioterapi 51, Normal behandling	Physiotherapy, normal treatment	high
3643	Almen lægehjælp 80, Sikring uden adgang til lægepraksis	General practitioner, insured person without access to medical practice	medium
2847	Vederlagsfri fysioterapi, Tillæg særlig tidskrævende	Free-of-charge physiotherapy, supplement for particularly time-consuming treatment	medium
3666	Almen lægehjælp 80, Telefonkonsultation	General practitioner, telephone consultation	high
3420	Almen lægehjælp 80, Cholesterol	General practitioner, cholesterol	high
3418	Almen lægehjælp 80, C-reaktivt protein	General practitioner, C-reactive protein	high
1119	Københavns Praktiserende Lægers Laboratorium, Ferritin;P	Copenhagen GP Laboratory (KPLL), ferritin;P (plasma)	high
487	Ørelægehjælp, Taleaudiometri	ENT service, speech audiometry	high
2504	Fysioterapi 51, Manuel behandling	Physiotherapy, manual treatment	high
3467	Almen lægehjælp 80, Forsendelse af biologisk materiale til ekstern blodprøve	General practitioner, dispatch of biological material for external blood sample	low
2414	Tandlægehjælp, Bitewings i forbindelse med RDU	Dental service, bitewings in connection with RDU	medium
2835	Vederlagsfri fysioterapi, Neurofysioterapi	Free-of-charge physiotherapy, neurophysiotherapy	high
2753	Vederlagsfri fysioterapi, Apparaturbehandling	Free-of-charge physiotherapy, equipment-based treatment	high
1352	Københavns Praktiserende Lægers Laboratorium, Neutrofile segmentkernede;B	Copenhagen GP Laboratory (KPLL), neutrophil segmented cells;B (blood)	high
1104	Københavns Praktiserende Lægers Laboratorium, Erytrocyt volumen variation;B	Copenhagen GP Laboratory (KPLL), erythrocyte volume variation;B (blood)	high
3330	Almen lægehjælp 80, 3. Undersøgelse	General practitioner, 3rd examination	high
3783	Almen lægehjælp 80, vortebehandling	General practitioner, wart treatment	high
2494	Fysioterapi 51, Information og vejledning	Physiotherapy, information and guidance	high
2452	Tandlægehjælp, Plastfyld præmolar 2 flader	Dental service, plastic (composite) filling, premolar, 2 surfaces	high
3491	Almen lægehjælp 80, I. Bakterier (dyrkning) 3	General practitioner, I. Bacteria (culture) 3	medium
849	Dermato-venerologi, Incision cyste 1.	Dermato-venereology, incision of cyst, 1st	high
3608	Almen lægehjælp 80, PP-INR (koagulationsfaktor)	General practitioner, PP-INR (coagulation factor)	high
935	Københavns Praktiserende Lægers Laboratorium, ALAT;P	Copenhagen GP Laboratory (KPLL), ALAT;P (plasma)	high
3952	Vagtlægehjælp 83, Telefonkonsultation uden besøg	On-call GP service 83, telephone consultation without visit	high
1041	Københavns Praktiserende Lægers Laboratorium, Cholesterol;P	Copenhagen GP Laboratory (KPLL), cholesterol;P (plasma)	high
3492	Almen lægehjælp 80, I. Mikroskopi af urin	General practitioner, I. Microscopy of urine	high
1176	Københavns Praktiserende Lægers Laboratorium, HDL-Cholesterol	Copenhagen GP Laboratory (KPLL), HDL cholesterol	high
1583	Medicinsk Laboratorium, Diverse - EKSPEDITIONSGEBYR	Medical Laboratory, miscellaneous - dispatch fee	medium
2833	Vederlagsfri fysioterapi, Manuel behandling	Free-of-charge physiotherapy, manual treatment	high
2839	Vederlagsfri fysioterapi, Plejehjem 0 - 4 km	Free-of-charge physiotherapy, nursing home 0 - 4 km	high
1051	Københavns Praktiserende Lægers Laboratorium, Cobalamin;P	Copenhagen GP Laboratory (KPLL), cobalamin;P (plasma)	high
1259	Københavns Praktiserende Lægers Laboratorium, Kalium;S	Copenhagen GP Laboratory (KPLL), potassium;S (serum)	high
1062	Københavns Praktiserende Lægers Laboratorium, Creatinkinase;P	Copenhagen GP Laboratory (KPLL), creatine kinase;P (plasma)	high
3541	Almen lægehjælp 80, Lungefunktionsundersøgelse 3	General practitioner, lung function examination 3	high
1060	Københavns Praktiserende Lægers Laboratorium, Creatinin;P	Copenhagen GP Laboratory (KPLL), creatinine;P (plasma)	high
3495	Almen lægehjælp 80, ICD-10 kriterier	General practitioner, ICD-10 criteria	high
3655	Almen lægehjælp 80, Svangerskabsreaktion, urinchorion 4	General practitioner, pregnancy reaction, urine chorionic gonadotropin 4	medium
863	Dermato-venerologi, Laserbehandling	Dermato-venereology, laser treatment	high
2448	Tandlægehjælp, Plastfyld molar 3 flader	Dental service, plastic (composite) filling, molar, 3 surfaces	high
1309	Københavns Praktiserende Lægers Laboratorium, Lymfocytter;B	Copenhagen GP Laboratory (KPLL), lymphocytes;B (blood)	high
1338	Københavns Praktiserende Lægers Laboratorium, Mononucleose antistof 0-1;P	Copenhagen GP Laboratory (KPLL), mononucleosis antibody 0-1;P (plasma)	high
1101	Københavns Praktiserende Lægers Laboratorium, Eosinofilocyt;B	Copenhagen GP Laboratory (KPLL), eosinophil count;B (blood)	high
2496	Fysioterapi 51, Kort behandling	Physiotherapy, short treatment	high
1332	Københavns Praktiserende Lægers Laboratorium, Metylketoner;U	Copenhagen GP Laboratory (KPLL), methyl ketones;U (urine)	high
3335	Almen lægehjælp 80, 6. Undersøgelse	General practitioner, 6th examination	high
983	Københavns Praktiserende Lægers Laboratorium, Basisk fosfatase;P	Copenhagen GP Laboratory (KPLL), alkaline phosphatase;P (plasma)	high
2446	Tandlægehjælp, Plastfyld molar 1 flade	Dental service, plastic (composite) filling, molar, 1 surface	high
1335	Københavns Praktiserende Lægers Laboratorium, Monocyter;B	Copenhagen GP Laboratory (KPLL), monocytes;B (blood)	high
3781	Almen lægehjælp 80, ukendt	General practitioner, unknown	low
1484	Københavns Praktiserende Lægers Laboratorium, T4, frit;P	Copenhagen GP Laboratory (KPLL), T4, free;P (plasma)	high
1351	Københavns Praktiserende Lægers Laboratorium, Natrium;P	Copenhagen GP Laboratory (KPLL), sodium;P (plasma)	high
954	Københavns Praktiserende Lægers Laboratorium, Alfa-1-Globulin	Copenhagen GP Laboratory (KPLL), alpha-1 globulin	high
1509	Københavns Praktiserende Lægers Laboratorium, Triglycerid;P	Copenhagen GP Laboratory (KPLL), triglyceride;P (plasma)	high
2453	Tandlægehjælp, Plastfyld præmolar 3 flader	Dental service, plastic (composite) filling, premolar, 3 surfaces	high
985	Københavns Praktiserende Lægers Laboratorium, Basofilocytter;B	Copenhagen GP Laboratory (KPLL), basophils;B (blood)	high
538	Plastikkirurgi, Mindre operation 1.	Plastic surgery, minor operation, 1st	high
3584	Almen lægehjælp 80, Operation/betændelse	General practitioner, operation/inflammation	high
1506	Københavns Praktiserende Lægers Laboratorium, Transferrin;P	Copenhagen GP Laboratory (KPLL), transferrin;P (plasma)	high
3433	Almen lægehjælp 80, Di-te-ki-pol vaccination	General practitioner, diphtheria-tetanus-pertussis-polio vaccination	high
3731	Almen lægehjælp 80, Vejledning af svangre 2142	General practitioner, guidance of pregnant women 2142	medium
166	Øjenlægehjælp, Fundusfoto	Ophthalmology service, fundus photography	high
3611	Almen lægehjælp 80, Podning til dyrkning	General practitioner, swab for culture	high
3334	Almen lægehjælp 80, 5. Undersøgelse	General practitioner, 5th examination	high
2889	Psykologhjælp, Individuel konsultation 2. og efterfølgende	Psychology service, individual consultation, 2nd and subsequent	high
3951	Vagtlægehjælp 83, Telefonkonsultation med besøg	On-call GP service 83, telephone consultation with visit	high
3821	KFA-vagtordning 81, Telefonkonsultation med besøg	KFA on-call service 81, telephone consultation with visit	high
3751	Almen lægehjælp 80, forebyggende konsultation	General practitioner, preventive consultation	high
3431	Almen lægehjælp 80, Difteri-Tetanus-Kighoste-Polio-Hib vaccination 3 måneder	General practitioner, diphtheria-tetanus-pertussis-polio-Hib vaccination, 3 months	high
3052	Gynækologi/obstetrik, Telefonkonsultation, Fertilitet	Gynaecology/obstetrics, telephone consultation, fertility	high
3822	KFA-vagtordning 81, Telefonkonsultation uden besøg	KFA on-call service 81, telephone consultation without visit	high
2447	Tandlægehjælp, Plastfyldning Molar 2 flader	Dental service, plastic (composite) filling, molar, 2 surfaces	high
651	Pædiatri, lungefunktionsundersøgelse uden reversibilitetstest, amt 35	Paediatrics, lung function test without reversibility test, county 35	medium
3168	Intern medicin, Pulsoximetri	Internal medicine, pulse oximetry	high
4096	Kirurgi, Fjernelse Svulst Hud, 1.	Surgery, removal of skin tumour, 1st	high
3493	Almen lægehjælp 80, Indsendt. Mikroskopi af urin	General practitioner, sent in: microscopy of urine	medium
1155	Københavns Praktiserende Lægers Laboratorium, Glucose, faste;P	Copenhagen GP Laboratory (KPLL), glucose, fasting;P	high
3640	Almen lægehjælp 80, Serum-kreatinin 5	General practitioner, serum creatinine 5	high
258	Ortopædisk kirurgi, Artroskopi knæ/større indgreb	Orthopaedic surgery, arthroscopy knee/major procedure	medium
4041	KFA-vagtordning 89, Telefonkonsultation uden besøg	KFA on-call service 89, telephone consultation without visit	high
3395	Almen lægehjælp 80, Besøg På Ruten	General practitioner, visit on the route	medium
462	Ørelægehjælp, Oprensning radikalkavitet	ENT service, cleaning of radical cavity	medium
1527	Københavns Praktiserende Lægers Laboratorium, Uklassificeret;B	Copenhagen GP Laboratory (KPLL), unclassified;B	high
2413	Tandlægehjælp, Bitewing diagnostisk forebyggende undersøgelse	Dental service, bitewing diagnostic preventive examination	medium
3045	Gynækologi/obstetrik, Smear	Gynaecology/obstetrics, smear	high
1109	Københavns Praktiserende Lægers Laboratorium, Estradiol;P	Copenhagen GP Laboratory (KPLL), estradiol;P	high
3703	Almen lægehjælp 80, Udlån/instruktion blodtryk	General practitioner, loan/instruction blood pressure	high
3371	Almen lægehjælp 80, Attestarbejde i forbindelse med konsultation	General practitioner, certificate work in connection with consultation	high
1530	Københavns Praktiserende Lægers Laboratorium, Urat;P	Copenhagen GP Laboratory (KPLL), urate;P	high
160	Øjenlægehjælp, Fjernelse Xanthelasmata	Ophthalmology service, removal of xanthelasma	high
3046	Gynækologi/obstetrik, Sperma-Undersøgelse 15	Gynaecology/obstetrics, sperm examination 15	high
1999	Statens Seruminstitut, Cytomegalovirus (CMV)	Statens Serum Institut, cytomegalovirus (CMV)	high
3539	Almen lægehjælp 80, Lungefunktionsundersøgelse	General practitioner, lung function test	high
3838	KAK vagtlægehjælp 82, Besøg i vagttiden	KAK on-call GP 82, visit during on-call hours	high
3415	Almen lægehjælp 80, Blærekateterisation	General practitioner, bladder catheterisation	high
1050	Københavns Praktiserende Lægers Laboratorium, Clozapin;P	Copenhagen GP Laboratory (KPLL), clozapine;P	high
3311	Almen lægehjælp 80, 1. Undersøgelse	General practitioner, 1st examination	high
3538	Almen lægehjælp 80, Lungefunktion ved spirometri 3	General practitioner, lung function by spirometry 3	high
565	Psykiatri, Individuel Terapi	Psychiatry, individual therapy	high
1543	Københavns Praktiserende Lægers Laboratorium, Vitamin D;P	Copenhagen GP Laboratory (KPLL), vitamin D;P	high
4068	Kirurgi, CLO-test Københavns kommune	Surgery, CLO test Copenhagen municipality	high
344	Ortopædisk kirurgi, Pulsoximetri	Orthopaedic surgery, pulse oximetry	high
1952	Statens Seruminstitut, Androgenstatus	Statens Serum Institut, androgen status	high
3639	Almen lægehjælp 80, Serum-kalium	General practitioner, serum potassium	high
1092	Københavns Praktiserende Lægers Laboratorium, Ekkokardiografi	Copenhagen GP Laboratory (KPLL), echocardiography	high
2451	Tandlægehjælp, Plastfyldning Præmolar 1 flade	Dental service, plastic (composite) filling, premolar, 1 surface	high
2501	Fysioterapi 51, Lungefysioterapi	Physiotherapy, lung physiotherapy	high
2918	Vederlagsfri ridefysioterapi, Bagsidder per halv time	Free-of-charge horseback-riding physiotherapy, back-rider per half hour	medium
2088	Statens Seruminstitut, Hudsvampe, mikroskopi	Statens Serum Institut, skin fungi, microscopy	high
2011	Statens Seruminstitut, Doubletest	Statens Serum Institut, double test	high
1093	Københavns Praktiserende Lægers Laboratorium, Ekspeditionsgebyr	Copenhagen GP Laboratory (KPLL), dispatch fee	high
2013	Statens Seruminstitut, E.coli PCR, Akut	Statens Serum Institut, E. coli PCR, acute	high
135	Øjenlægehjælp, 2002 frit valg loft/B080	Ophthalmology service, 2002 free choice ceiling/B080	low
1075	Københavns Praktiserende Lægers Laboratorium, Distalt tryk underekstremitet	Copenhagen GP Laboratory (KPLL), distal pressure lower extremity	medium
466	Ørelægehjælp, Paracentese	ENT service, paracentesis	high
1215	Københavns Praktiserende Lægers Laboratorium, Hest IgE;P	Copenhagen GP Laboratory (KPLL), horse IgE;P	high
2408	Diagnostisk radiologi, Øvre abdomen	Diagnostic radiology, upper abdomen	high
2205	Statens Seruminstitut, Rubellavirus antistoffer	Statens Serum Institut, rubella virus antibodies	high
3536	Almen lægehjælp 80, Ligsyn udført dødsattest side 1	General practitioner, post-mortem examination, death certificate completed, page 1	medium
4210	Kirurgi, Urinprøvetagning Steril 4	Surgery, urine sampling, sterile 4	high
1969	Statens Seruminstitut, Borrelia burgdorferi	Statens Serum Institut, Borrelia burgdorferi	high
205	Øjenlægehjælp, Operation For Chalazion	Ophthalmology service, operation for chalazion	high
3367	Almen lægehjælp 80, Anoskopi	General practitioner, anoscopy	high
1398	Københavns Praktiserende Lægers Laboratorium, Plasmocytter;B	Copenhagen GP Laboratory (KPLL), plasma cells;B	high
4014	Præhospital, Tilkald	Pre-hospital, call-out	high
4040	KFA-vagtordning 89, Telefonkonsultation med besøg	KFA on-call service 89, telephone consultation with visit	high
3450	Almen lægehjælp 80, Flere Sikrede Ved Institutionsbesøg	General practitioner, multiple insured persons at institution visit	medium
2827	Vederlagsfri fysioterapi, Kort behandling	Free-of-charge physiotherapy, short treatment	high
2681	Reumatologi, Behandlingskontrol kronisk inflammation	Rheumatology, treatment monitoring chronic inflammation	medium
1137	Københavns Praktiserende Lægers Laboratorium, Gamma-GT;P	Copenhagen GP Laboratory (KPLL), gamma-GT;P	high
1122	Københavns Praktiserende Lægers Laboratorium, Fibrinogen;P	Copenhagen GP Laboratory (KPLL), fibrinogen;P	high
1091	Københavns Praktiserende Lægers Laboratorium, Ej prøvetagning	Copenhagen GP Laboratory (KPLL), no sampling	high
3682	Almen lægehjælp 80, Tillæg ved MFR-vaccination	General practitioner, supplement for MMR vaccination	high
1027	Københavns Praktiserende Lægers Laboratorium, Calcium;P	Copenhagen GP Laboratory (KPLL), calcium;P	high
1980	Statens Seruminstitut, Cancerantigen 125 (CA-125)	Statens Serum Institut, cancer antigen 125 (CA-125)	high
987	Københavns Praktiserende Lægers Laboratorium, Beta-Globulin;P	Copenhagen GP Laboratory (KPLL), beta-globulin;P	high
2165	Statens Seruminstitut, Parvovirus B-19 antistoffer	Statens Serum Institut, parvovirus B-19 antibodies	high
2455	Tandlægehjælp, Plastfyldning Præmolar 5 flader	Dental service, plastic (composite) filling, premolar, 5 surfaces	high
1436	Københavns Praktiserende Lægers Laboratorium, Retikulocytter;B	Copenhagen GP Laboratory (KPLL), Reticulocytes;B (blood)	high
1168	Københavns Praktiserende Lægers Laboratorium, Graviditetsuge	Copenhagen GP Laboratory (KPLL), Week of pregnancy	high
2555	Fodterapi, Afstandstillæg plejehjem/pension +10 km	Podiatry, Distance supplement nursing home/care home +10 km	medium
3463	Almen lægehjælp 80, Fremmedlegeme hud/negl	General practitioner, Foreign body skin/nail	high
3302	Almen lægehjælp 80, 1. behandling knoglebrud	General practitioner, 1st treatment bone fracture	high
2506	Fysioterapi 51, Neurofysioterapi	Physiotherapy, Neurophysiotherapy	high
4095	Kirurgi, Fjernelse svulst hud, følgende	Surgery, Removal of skin tumour, subsequent	high
2321	Diagnostisk radiologi, Brystkasse med lunger/hjerte	Diagnostic radiology, Chest with lungs/heart	high
3173	Intern medicin, S-Kreatinin 5	Internal medicine, S-Creatinine 5	high
2796	Vederlagsfri fysioterapi, Hold 4 personer egne 51 62	Free-of-charge physiotherapy, Group of 4 persons own 51 62	medium
3365	Almen lægehjælp 80, Andre betydelige operationer	General practitioner, Other significant operations	high
3338	Almen lægehjælp 80, ALAT	General practitioner, ALAT (alanine aminotransferase)	high
4140	Kirurgi, Operation åreknuder i lyske venstre ben	Surgery, Operation varicose veins in groin left leg	high
3571	Almen lægehjælp 80, Møde 2 moduler	General practitioner, Meeting 2 modules	high
2794	Vederlagsfri fysioterapi, Hold 3 personer egne 51 62	Free-of-charge physiotherapy, Group of 3 persons own 51 62	medium
2167	Statens Seruminstitut, Persisterende diarré	Statens Serum Institut, Persistent diarrhoea	high
1477	Københavns Praktiserende Lægers Laboratorium, Syfilisscreening	Copenhagen GP Laboratory (KPLL), Syphilis screening	high
1106	Københavns Praktiserende Lægers Laboratorium, Erythroblaster;B	Copenhagen GP Laboratory (KPLL), Erythroblasts;B (blood)	high
3312	Almen lægehjælp 80, 1. besøg/hospital A42	General practitioner, 1st visit/hospital (county 42)	medium
2065	Statens Seruminstitut, Helicobacter pylori	Statens Serum Institut, Helicobacter pylori	high
2454	Tandlægehjælp, Plastfyld præmolar 4 flader	Dental service, Plastic (composite) filling premolar 4 surfaces	high
3516	Almen lægehjælp 80, Klamydiapartner opsporing	General practitioner, Chlamydia partner tracing	high
1127	Københavns Praktiserende Lægers Laboratorium, Folater;B	Copenhagen GP Laboratory (KPLL), Folates;B (blood)	high
1355	Københavns Praktiserende Lægers Laboratorium, Nitrit;U	Copenhagen GP Laboratory (KPLL), Nitrite;U (urine)	high
572	Psykiatri, Pårørendekonsultation	Psychiatry, Relatives' consultation	high
289	Ortopædisk kirurgi, Fjernelse svulst hud 1.	Orthopaedic surgery, Removal of skin tumour 1st	high
624	Pædiatri, Lungefunktionsundersøgelse uden reversibilitetstest	Paediatrics, Lung function examination without reversibility test	high
2220	Statens Seruminstitut, Syfilis antistoffer	Statens Serum Institut, Syphilis antibodies	high
2824	Vederlagsfri fysioterapi, I hjem over 10 km	Free-of-charge physiotherapy, In home over 10 km	high
4200	Kirurgi, Total koloskopi	Surgery, Total colonoscopy	high
1252	Københavns Praktiserende Lægers Laboratorium, Jern;P	Copenhagen GP Laboratory (KPLL), Iron;P (plasma)	high
2195	Statens Seruminstitut, Reumafaktor (IgA)	Statens Serum Institut, Rheumatoid factor (IgA)	high
1986	Statens Seruminstitut, Chlamydia komplementbindingstest	Statens Serum Institut, Chlamydia complement fixation test	high
153	Øjenlægehjælp, Fjernelse pterygium	Ophthalmology service, Removal of pterygium	high
3535	Almen lægehjælp 80, Ligsyn med dødsattest	General practitioner, Post-mortem inspection with death certificate	high
3520	Almen lægehjælp 80, Konsultationsaddition amt 65	General practitioner, Consultation addition (county 65)	medium
2341	Diagnostisk radiologi, Halshvirvler	Diagnostic radiology, Cervical vertebrae	high
469	Ørelægehjælp, Pulsoxymetri	ENT service, Pulse oximetry	high
432	Ørelægehjælp, Incision byld i hals	ENT service, Incision abscess in throat	high
2830	Vederlagsfri fysioterapi, Lungefysioterapi	Free-of-charge physiotherapy, Lung physiotherapy	high
2449	Tandlægehjælp, Plastfyld molar 4 flader	Dental service, Plastic (composite) filling molar 4 surfaces	high
3534	Almen lægehjælp 80, Leukocytter 3	General practitioner, Leukocytes 3	high
2109	Statens Seruminstitut, Kighostebakterier	Statens Serum Institut, Whooping cough bacteria	high
3490	Almen lægehjælp 80, I. Bakterier	General practitioner, I. Bacteria	high
2240	Statens Seruminstitut, TPB standardanalyse	Statens Serum Institut, TPB standard analysis	medium
3003	Gynækologi/obstetrik, Kolposkopi	Gynaecology/obstetrics, Colposcopy	high
3108	Intern medicin, Arbejdstest	Internal medicine, Exercise test	high
3339	Almen lægehjælp 80, ASAT	General practitioner, ASAT (aspartate aminotransferase)	high
3074	Gynækologi/obstetrik, Vaginal/cervikal podning 1	Gynaecology/obstetrics, Vaginal/cervical swab 1	medium
4207	Kirurgi, Ultralydsscanning galdeveje	Surgery, Ultrasound scan bile ducts	high
4047	Kirurgi, 1. brokoperation netprotese	Surgery, 1st hernia operation mesh prosthesis	high
865	Dermato-venerologi, Lokale røde bade	Dermato-venereology, Local red baths	medium
2912	Kiropraktik kronikere, kombineret 1030/3003	Chiropractic, chronic patients, Combined 1030/3003	high
2086	Statens Seruminstitut, Hudsvampe, dyrkning	Statens Serum Institut, Skin fungi, culture	high
2939	Gynækologi/obstetrik, 1. Konsultation fertilitet	Gynaecology/obstetrics, 1st consultation fertility	high
2174	Statens Seruminstitut, Pneumokok antistof	Statens Serum Institut, Pneumococcus antibody	high
3572	Almen lægehjælp 80, Møde 3 moduler	General practitioner, Meeting 3 modules	high
4086	Kirurgi, Fjernelse polyp, colon	Surgery, Removal of polyp, colon	high
2926	Vederlagsfri ridefysioterapi, Rideklub med hal 4 personer	Free-of-charge horseback-riding physiotherapy, Riding club with hall 4 persons	high
967	Københavns Praktiserende Lægers Laboratorium, Androgenstatus	Copenhagen GP Laboratory (KPLL), Androgen status	high
1989	Statens Seruminstitut, Chlamydia species antistof	Statens Serum Institut, Chlamydia species antibody	high
3660	Almen lægehjælp 80, Særlig konsultation vagttid	General practitioner, Special consultation on-call hours	high
2204	Statens Seruminstitut, Rubella IgG infektion	Statens Serum Institut, Rubella IgG infection	high
3729	Almen lægehjælp 80, Vaccination hepatitis B ej undersøgelse/kontrol	General practitioner, Vaccination hepatitis B no examination/control	medium
1147	Københavns Praktiserende Lægers Laboratorium, Glukose diabetes faste;P	Copenhagen GP Laboratory (KPLL), Glucose diabetes fasting;P (plasma)	high
3573	Almen lægehjælp 80, Møde I 0-4 km	General practitioner, Meeting I 0-4 km	high
4172	Kirurgi, Rektoskopi	Surgery, Rectoscopy	high
2910	Kiropraktik kronikere, kombineret 1030/3001	Chiropractic, chronic patients, Combined 1030/3001	high
2087	Statens Seruminstitut, Hudsvampe, mikroskopi med dyrkning	Statens Serum Institut, Skin fungi, microscopy with culture	medium
1439	Københavns Praktiserende Lægers Laboratorium, Reumafaktor;P	Copenhagen GP Laboratory (KPLL), Rheumatoid factor;P (plasma)	high
1296	Københavns Praktiserende Lægers Laboratorium, Latex IgE;P	Copenhagen GP Laboratory (KPLL), Latex IgE;P (plasma)	high
2495	Fysioterapi 51, Kompenserende behandling	Physiotherapy, Compensatory treatment	high
3721	Almen lægehjælp 80, Usystematisk screening	General practitioner, Unsystematic screening	high
4171	Kirurgi, Pulsoxymetri	Surgery, Pulse oximetry	high
2273	Statens Seruminstitut, Varicella Zoster virus	Statens Serum Institut, Varicella Zoster virus	high
1316	Københavns Praktiserende Lægers Laboratorium, MCHC;B	Copenhagen GP Laboratory (KPLL), MCHC ;B (blood)	high
468	Ørelægehjælp, Projektregistrering	ENT service, project registration	high
3966	Vagtlægehjælp 83, afstandstakst over 10 km	On-call GP service 83, distance rate over 10 km	high
1992	Statens Seruminstitut, Chlamydophila pneumoniae	Statens Serum Institut, Chlamydophila pneumoniae	high
3149	Intern medicin, Lungefunktionsundersøgelse uden reversibilitet	Internal medicine, lung function test without reversibility	high
1005	Københavns Praktiserende Lægers Laboratorium, Blodtype + irregulære antistoffer	Copenhagen GP Laboratory (KPLL), blood type + irregular antibodies	high
3449	Almen lægehjælp 80, Fjernelse af negl	General practitioner, removal of nail	high
1382	Københavns Praktiserende Lægers Laboratorium, Parvovirus B19 antistof	Copenhagen GP Laboratory (KPLL), Parvovirus B19 antibody	high
1949	Statens Seruminstitut, Almindelig bakteriologisk undersøgelse, Gardnerella	Statens Serum Institut, general bacteriological examination, Gardnerella	high
1408	Københavns Praktiserende Lægers Laboratorium, Progesteron;P	Copenhagen GP Laboratory (KPLL), progesterone ;P (plasma)	high
4055	Kirurgi, Analoperationer, følgende	Surgery, anal operations, subsequent	high
3673	Almen lægehjælp 80, Tillæg ved difteri-tetanus-vaccination	General practitioner, supplement for diphtheria-tetanus vaccination	high
2911	Kiropraktik kronikere, kombineret 1030/3002	Chiropractic, chronic patients, combined 1030/3002	high
2145	Statens Seruminstitut, Mycoplasma pneumoniae	Statens Serum Institut, Mycoplasma pneumoniae	high
981	Københavns Praktiserende Lægers Laboratorium, Bakteriedyrkning, resistens A;U	Copenhagen GP Laboratory (KPLL), bacterial culture, resistance A ;U (urine)	high
2798	Vederlagsfri fysioterapi, Hold 5 personer, egne lokaler 51 62	Free-of-charge physiotherapy, group of 5 persons, own premises 51 62	medium
3044	Gynækologi/obstetrik, Skift af ringpessar	Gynaecology/obstetrics, change of ring pessary	high
460	Ørelægehjælp, Operation ydre næse	ENT service, operation, external nose	high
1015	Københavns Praktiserende Lægers Laboratorium, C-peptid;P	Copenhagen GP Laboratory (KPLL), C-peptide ;P (plasma)	high
2965	Gynækologi/obstetrik, Cystoskopi	Gynaecology/obstetrics, cystoscopy	high
1469	Københavns Praktiserende Lægers Laboratorium, Stamceller;B	Copenhagen GP Laboratory (KPLL), stem cells ;B (blood)	high
948	Københavns Praktiserende Lægers Laboratorium, Albumin/kreatinin;U	Copenhagen GP Laboratory (KPLL), albumin/creatinine ;U (urine)	high
3570	Almen lægehjælp 80, Møde 1 modul	General practitioner, meeting, 1 module	high
2149	Statens Seruminstitut, Neonatal screening	Statens Serum Institut, neonatal screening	high
2080	Statens Seruminstitut, Herpes Simplex virus	Statens Serum Institut, Herpes Simplex virus	high
3739	Almen lægehjælp 80, Zoneterapi	General practitioner, zone therapy (reflexology)	high
2012	Statens Seruminstitut, E. coli PCR	Statens Serum Institut, E. coli PCR	high
2059	Statens Seruminstitut, HIV-1/2 screening	Statens Serum Institut, HIV-1/2 screening	high
4054	Kirurgi, Analoperationer, 1.	Surgery, anal operations, 1st	high
413	Ørelægehjælp, Fjernelse af mandler	ENT service, removal of tonsils	high
1128	Københavns Praktiserende Lægers Laboratorium, Folater;P	Copenhagen GP Laboratory (KPLL), folate ;P (plasma)	high
1346	Københavns Praktiserende Lægers Laboratorium, Mycoplasma pneumoniae MPKAT	Copenhagen GP Laboratory (KPLL), Mycoplasma pneumoniae MPKAT	high
622	Pædiatri, Lunge-Peak Expiratory Flow 3	Paediatrics, lung peak expiratory flow 3	high
1399	Københavns Praktiserende Lægers Laboratorium, Pneumokok antistof	Copenhagen GP Laboratory (KPLL), pneumococcus antibody	high
879	Dermato-venerologi, PDT-vorter	Dermato-venereology, photodynamic therapy (PDT) of warts	high
623	Pædiatri, Lungefunktionsundersøgelse med reversibilitetstest	Paediatrics, lung function test with reversibility test	high
3091	Gynækologi/obstetrik, kolposkopi/biopsi/cervix	Gynaecology/obstetrics, colposcopy/biopsy/cervix	high
1258	Københavns Praktiserende Lægers Laboratorium, Kalium-Natrium	Copenhagen GP Laboratory (KPLL), potassium-sodium	high
3743	Almen lægehjælp 80, attestarbejde, konsultation, moms	General practitioner, certificate work, consultation, VAT	high
1326	Københavns Praktiserende Lægers Laboratorium, Marsvin IgE;P	Copenhagen GP Laboratory (KPLL), guinea pig IgE ;P (plasma)	high
1547	Københavns Praktiserende Lægers Laboratorium, Vævstransglutaminase IgA;P	Copenhagen GP Laboratory (KPLL), tissue transglutaminase IgA ;P (plasma)	high
3100	Intern medicin, 24-timers blodtryksmonitorering	Internal medicine, 24-hour blood pressure monitoring	high
1374	Københavns Praktiserende Lægers Laboratorium, PTH, Paratyrin;P	Copenhagen GP Laboratory (KPLL), PTH, parathyrin ;P (plasma)	high
2315	Diagnostisk radiologi, Bihuler	Diagnostic radiology, sinuses	high
1304	Københavns Praktiserende Lægers Laboratorium, Lithium;P	Copenhagen GP Laboratory (KPLL), lithium ;P (plasma)	high
2516	Fysioterapi 51, Psykosomatisk fysioterapi HHK	Physiotherapy, psychosomatic physiotherapy HHK	medium
939	Københavns Praktiserende Lægers Laboratorium, ASAT;P	Copenhagen GP Laboratory (KPLL), ASAT ;P (plasma)	high
4173	Kirurgi, Rensning af småsår, 2. konsultation	Surgery, cleaning of minor wounds, 2nd consultation	high
2218	Statens Seruminstitut, Streptokok DNAse B	Statens Serum Institut, Streptococcus DNAse B	high
1685	Medicinsk Laboratorium, S-Selen 2	Medical Laboratory, S-selenium 2	high
285	Ortopædisk kirurgi, Fjernelse af negleleje, følgende	Orthopaedic surgery, removal of nail bed, subsequent	high
4136	Kirurgi, Operation åreknuder, eksklusive lyske venstre	Surgery, operation, varicose veins, excluding left groin	medium
3370	Almen lægehjælp 80, Anvendelse af kvalificeret tolk	General practitioner, use of qualified interpreter	high
2450	Tandlægehjælp, Plastfyld molar 5 flader	Dental service, plastic (composite) filling, molar, 5 surfaces	high
164	Øjenlægehjælp, Fotokoagulation kammervinkel, følgende	Ophthalmology service, photocoagulation, chamber angle, subsequent	high
2925	Vederlagsfri ridefysioterapi, Rideklub med hal 3 personer	Free-of-charge horseback-riding physiotherapy, riding club with hall, 3 persons	high
2620	Ridefysioterapi, Rideklub med hal 4 personer	Horseback-riding physiotherapy, riding club with hall, 4 persons	high
3527	Almen lægehjælp 80, Kreatinkinase	General practitioner, creatine kinase	high
3372	Almen lægehjælp 80, Attestarbejde uden konsultation	General practitioner, certificate work without consultation	high
433	Ørelægehjælp, Indgreb på concha	ENT service, procedure on concha	high
1612	Medicinsk Laboratorium, P/S-Methylmalonat 3	Medical Laboratory, P/S-methylmalonate 3	high
3696	Almen lægehjælp 80, Triglycerid	General practitioner, triglyceride	high
2283	Statens Seruminstitut, dsDNA antistof (IgG)	Statens Serum Institut, dsDNA antibody (IgG)	high
3152	Intern medicin, Lungefunktionsundersøgelse med reversibilitet	Internal medicine, lung function test with reversibility	high
3160	Intern medicin, Peak expiratory flow, lunger	Internal medicine, peak expiratory flow, lungs	high
1331	Københavns Praktiserende Lægers Laboratorium, Methylmalonat;P	Copenhagen GP Laboratory (KPLL), methylmalonate ;P (plasma)	high
234	Øjenlægehjælp, indberetning, screening diabetes	Ophthalmology service, reporting, diabetes screening	high
951	Københavns Praktiserende Lægers Laboratorium, Aldolase;P	Copenhagen GP Laboratory (KPLL), aldolase ;P (plasma)	high
2850	Vederlagsfri fysioterapi, hold 7 personer, egne lokaler 51 62	Free-of-charge physiotherapy, group of 7 persons, own premises 51 62	medium
2991	Gynækologi/obstetrik, Hysteroskopi	Gynaecology/obstetrics, hysteroscopy	high
957	Københavns Praktiserende Lægers Laboratorium, Allergiscreen;P	Copenhagen GP Laboratory (KPLL), allergy screen ;P (plasma)	high
1987	Statens Seruminstitut, Chlamydia komplementbindingstest	Statens Serum Institut, Chlamydia complement binding test	high
1923	Statens Seruminstitut, ANCA i inflammatorisk tarmsygdom	Statens Serum Institut, ANCA in inflammatory bowel disease	high
1200	Københavns Praktiserende Lægers Laboratorium, Helicobacter pusteprøve	Copenhagen GP Laboratory (KPLL), Helicobacter breath test	high
2917	Vederlagsfri ridefysioterapi, Bagsidder pr. ½ time	Free-of-charge horseback-riding physiotherapy, back-rider per half hour	high
2964	Gynækologi/obstetrik, Conisation	Gynaecology/obstetrics, conisation	high
2328	Diagnostisk radiologi, Ekstremiteter	Diagnostic radiology, extremities	high
1047	Københavns Praktiserende Lægers Laboratorium, Cladosporium herbarum IgE;P	Copenhagen GP Laboratory (KPLL), Cladosporium herbarum IgE;P (plasma)	high
3006	Gynækologi/obstetrik, Kontrol Kolposcopi	Gynaecology/obstetrics, follow-up colposcopy	high
3675	Almen lægehjælp 80, Tillæg ingen praksis	General practitioner, supplement no practice	medium
479	Ørelægehjælp, Sinoscopi	ENT service, sinoscopy	high
2177	Statens Seruminstitut, Poliovirus neutralisation	Statens Serum Institut, poliovirus neutralisation	high
3306	Almen lægehjælp 80, 1. behandling Brud skinneben	General practitioner, 1st treatment fracture of shinbone	high
1412	Københavns Praktiserende Lægers Laboratorium, Promyelocytter;B	Copenhagen GP Laboratory (KPLL), promyelocytes;B (blood)	high
2277	Statens Seruminstitut, Yersinia enterocolitica	Statens Serum Institut, Yersinia enterocolitica	high
1224	Københavns Praktiserende Lægers Laboratorium, Husmide f. IgE;P	Copenhagen GP Laboratory (KPLL), house dust mite f. IgE;P (plasma)	medium
3040	Gynækologi/obstetrik, Serum-progesteronbestemmelse 6	Gynaecology/obstetrics, serum progesterone determination 6	high
980	Københavns Praktiserende Lægers Laboratorium, Bakteriedyrkning + resistens;U	Copenhagen GP Laboratory (KPLL), bacterial culture + resistance;U (urine)	high
281	Ortopædisk kirurgi, Fjernelse Negl 1.	Orthopaedic surgery, removal of nail 1st	high
3355	Almen lægehjælp 80, Afstandstakst 21 km	General practitioner, distance rate 21 km	high
2203	Statens Seruminstitut, Rotavirus i akut gastroenteritis	Statens Serum Institut, rotavirus in acute gastroenteritis	high
1553	Københavns Praktiserende Lægers Laboratorium, Østrogen-status;P	Copenhagen GP Laboratory (KPLL), oestrogen status;P (plasma)	high
1138	Københavns Praktiserende Lægers Laboratorium, Gamma-Globulin;P	Copenhagen GP Laboratory (KPLL), gamma globulin;P (plasma)	high
1125	Københavns Praktiserende Lægers Laboratorium, Fjerpanel IgE;P	Copenhagen GP Laboratory (KPLL), feather panel IgE;P (plasma)	high
2985	Gynækologi/obstetrik, Fjernelse Svulst Hud 1.	Gynaecology/obstetrics, removal of tumour skin 1st	high
4087	Kirurgi, Fjernelse polyp, rectum	Surgery, removal of polyp, rectum	high
1411	Københavns Praktiserende Lægers Laboratorium, Prolactin;P	Copenhagen GP Laboratory (KPLL), prolactin;P (plasma)	high
2081	Statens Seruminstitut, Histon antistof (IgG)	Statens Serum Institut, histone antibody (IgG)	high
1432	Københavns Praktiserende Lægers Laboratorium, Retikulocyt-MCH;B	Copenhagen GP Laboratory (KPLL), reticulocyte MCH;B (blood)	high
2849	Vederlagsfri fysioterapi, hold 1 person egne 51 62	Free-of-charge physiotherapy, group 1 person own 51 62	medium
3073	Gynækologi/obstetrik, Urinprøvetagning Steril 4	Gynaecology/obstetrics, urine sampling sterile 4	high
182	Øjenlægehjælp, Individuel Svagsynsoptik	Ophthalmology service, individual low-vision optics	high
3645	Almen lægehjælp 80, Sindslidende Genindlæggelse	General practitioner, mentally ill readmission	high
1347	Københavns Praktiserende Lægers Laboratorium, Myelocytter;B	Copenhagen GP Laboratory (KPLL), myelocytes;B (blood)	high
1467	Københavns Praktiserende Lægers Laboratorium, Spermaundersøgelse fertilitet	Copenhagen GP Laboratory (KPLL), semen examination fertility	high
2600	Ortonyxi, Kontrol/eftersyn	Orthonyxia, check-up/inspection	high
3139	Intern medicin, Holter-monitorering	Internal medicine, Holter monitoring	high
2800	Vederlagsfri fysioterapi, Hold 6 personer egne 51 62	Free-of-charge physiotherapy, group 6 persons own 51 62	medium
3172	Intern medicin, S-Cholesteroler 9	Internal medicine, S-cholesterols 9	high
1270	Københavns Praktiserende Lægers Laboratorium, Kornpanel IgE;P	Copenhagen GP Laboratory (KPLL), grain panel IgE;P (plasma)	high
2983	Gynækologi/obstetrik, Fjernelse Svulst Følgende	Gynaecology/obstetrics, removal of tumour subsequent	high
1988	Statens Seruminstitut, Chlamydia komplement	Statens Serum Institut, Chlamydia complement	medium
1678	Medicinsk Laboratorium, S-PEPTIDYL-DIPEPTIDASE	Medical Laboratory, S-peptidyl dipeptidase	medium
2014	Statens Seruminstitut, E.coli PCR, Persisterende	Statens Serum Institut, E. coli PCR, persistent	high
2400	Diagnostisk radiologi, lår og hofteled følgende	Diagnostic radiology, thigh and hip joint subsequent	high
991	Københavns Praktiserende Lægers Laboratorium, Bigift IgE;P	Copenhagen GP Laboratory (KPLL), bee venom IgE;P (plasma)	high
4071	Kirurgi, Cystoscopi	Surgery, cystoscopy	high
850	Dermato-venerologi, Incision Cyste Følgende	Dermato-venereology, incision cyst subsequent	high
537	Plastikkirurgi, Mindre Operation Følgende	Plastic surgery, minor operation subsequent	high
675	Børnepsykiatri, 2./Senere Konsultation Familieterapi	Child psychiatry, 2nd/subsequent consultation family therapy	high
1202	Københavns Praktiserende Lægers Laboratorium, Hæmoglobinfraktion	Copenhagen GP Laboratory (KPLL), haemoglobin fraction	high
881	Dermato-venerologi, Røde bade	Dermato-venereology, red baths	high
2189	Statens Seruminstitut, Rejsediarré	Statens Serum Institut, travellers' diarrhoea	high
1314	Københavns Praktiserende Lægers Laboratorium, M-komponent;P	Copenhagen GP Laboratory (KPLL), M-component;P (plasma)	high
2643	Genoptræning, Øfeldt, Vederlagsfri funktionsundersøgelse handicap	Rehabilitation, Øfeldt, free-of-charge functional examination disability	medium
3448	Almen lægehjælp 80, Fjernelse af implanon	General practitioner, removal of Implanon	high
955	Københavns Praktiserende Lægers Laboratorium, Alfa-2-Globulin;P	Copenhagen GP Laboratory (KPLL), alpha-2 globulin;P (plasma)	high
2270	Statens Seruminstitut, Urogenitale mycoplasma	Statens Serum Institut, urogenital mycoplasma	high
3171	Intern medicin, S-Carbamid 3	Internal medicine, S-carbamide 3	high
2792	Vederlagsfri fysioterapi, Hold 2 personer egne 51 62	Free-of-charge physiotherapy, group 2 persons own 51 62	medium
569	Psykiatri, Parterapi med 1 henvisning	Psychiatry, couples therapy with 1 referral	high
2841	Vederlagsfri fysioterapi, Plejehjem over 10 Km	Free-of-charge physiotherapy, nursing home over 10 km	high
451	Ørelægehjælp, Oesophagoskopi	ENT service, oesophagoscopy	high
1004	Københavns Praktiserende Lægers Laboratorium, Blodtype irregulær antistof	Copenhagen GP Laboratory (KPLL), blood type irregular antibody	high
212	Øjenlægehjælp, Pachymetri	Ophthalmology service, pachymetry	high
3784	Almen lægehjælp 80, §2-B035 Kilometer	General practitioner, (§2 agreement)-B035 kilometre	medium
2053	Statens Seruminstitut, Gær- og skimmelsvamp	Statens Serum Institut, yeast and mould fungus	high
2441	Tandlægehjælp, Koronal amputation	Dental service, coronal amputation	high
588	Psykiatri, telefon koordinering	Psychiatry, telephone coordination	high
1353	Københavns Praktiserende Lægers Laboratorium, Neutrofile stavkernede;B	Copenhagen GP Laboratory (KPLL), neutrophil band cells;B (blood)	high
3080	Gynækologi/obstetrik, Vulvabiopsi	Gynaecology/obstetrics, vulva biopsy	high
1938	Statens Seruminstitut, Akut gastroenteritis	Statens Serum Institut, acute gastroenteritis	high
938	Københavns Praktiserende Lægers Laboratorium, APTT;P	Copenhagen GP Laboratory (KPLL), APTT;P (plasma)	high
2840	Vederlagsfri fysioterapi, Plejehjem 5 - 10 Km	Free-of-charge physiotherapy, nursing home 5 - 10 km	high
3771	Almen lægehjælp 80, rectoscopi	General practitioner, rectoscopy	high
2051	Statens Seruminstitut, Gonokokker, dyrkning	Statens Serum Institut, gonococci, culture	high
650	Pædiatri, lungefunktion med reversibilitet era35	Paediatrics, lung function with reversibility era35	medium
70	Anæstesiologi, Muskelblokader	Anaesthesiology, Muscle blocks	high
1551	Københavns Praktiserende Lægers Laboratorium, Zink;P	Copenhagen GP Laboratory (KPLL), Zinc;P (plasma)	high
2594	Ortonyxi, Fremstilling/påsætning af bøjler, 1 stk.	Orthonyxia, Fabrication/fitting of braces, 1 piece	medium
510	Ørelægehjælp, ydelsestype 7	ENT service, service type 7	medium
295	Ortopædisk kirurgi, Intra-artikulær injektion	Orthopaedic surgery, Intra-articular injection	high
2159	Statens Serum Institut, Parasitter fra personer	Statens Serum Institut, Parasites from persons	high
3028	Gynækologi/obstetrik, Pertubation	Gynaecology/obstetrics, Pertubation	high
2241	Statens Serum Institut, TPO-antistof i pakke	Statens Serum Institut, TPO antibody in package	medium
3725	Almen lægehjælp 80, Vaccination mod røde hunde for kvinde	General practitioner, Vaccination of woman against rubella	high
2090	Statens Serum Institut, Human Papillomavirus	Statens Serum Institut, Human Papillomavirus	high
3761	Almen lægehjælp 80, ydelsestype 7	General practitioner, service type 7	medium
84	Anæstesiologi, Udvidet 1. konsultation smertebehandling	Anaesthesiology, Extended 1st consultation pain treatment	high
3469	Almen lægehjælp 80, GGT (Gamma-Glutamyltransferase)	General practitioner, GGT (Gamma-Glutamyltransferase)	high
573	Psykiatri, S-Creatinin	Psychiatry, S-Creatinine	high
3066	Gynækologi/obstetrik, Ultralydsscanning af testikler	Gynaecology/obstetrics, Ultrasound scan of testicles	high
2089	Statens Serum Institut, Human Herpesvirus-6	Statens Serum Institut, Human Herpesvirus-6	high
1363	Københavns Praktiserende Lægers Laboratorium, Orosomucoid;P	Copenhagen GP Laboratory (KPLL), Orosomucoid;P (plasma)	high
3948	Vagtlægehjælp 83, Særlig konsultation vagttid	On-call GP service 83, Special consultation during on-call hours	high
229	Øjenlægehjælp, Undersøgelse for diabeteskomplikationer, amt 60	Ophthalmology service, Examination for diabetes complications (county 60)	medium
4094	Kirurgi, Fjernelse af negleleje, subsequent	Surgery, Removal of nail bed, subsequent	high
482	Ørelægehjælp, Stemmeanalyse	ENT service, Voice analysis	high
889	Dermato-venerologi, Syringiomer	Dermato-venereology, Syringomas	high
274	Ortopædisk kirurgi, Dupuytren subsequent operation	Orthopaedic surgery, Dupuytren subsequent operation	high
3642	Almen lægehjælp 80, Serum-urat	General practitioner, Serum urate	high
3605	Almen lægehjælp 80, P-kalium	General practitioner, P-potassium	high
2183	Statens Serum Institut, Proteus antistof (Weil-Felix)	Statens Serum Institut, Proteus antibody (Weil-Felix)	medium
1225	Københavns Praktiserende Lægers Laboratorium, Husmide p. IgE;P	Copenhagen GP Laboratory (KPLL), House dust mite IgE;P (plasma)	medium
2909	Kiropraktik kronikere, kombineret 1020/3002	Chiropractic, chronic patients, combined 1020/3002	high
587	Psykiatri, parterapi med 2 henvisninger	Psychiatry, couples therapy with 2 referrals	high
2267	Statens Serum Institut, Tyreoidea peroxidase	Statens Serum Institut, Thyroid peroxidase	high
2943	Gynækologi/obstetrik, 2. intrauterin insemination, cyklus	Gynaecology/obstetrics, 2nd intrauterine insemination, cycle	high
364	Ortopædisk kirurgi, Zinklim- og plasterbind	Orthopaedic surgery, Zinc-glue and plaster bandage	medium
4093	Kirurgi, Fjernelse af negleleje, 1.	Surgery, Removal of nail bed, 1st	high
3011	Gynækologi/obstetrik, Labiumresektion	Gynaecology/obstetrics, Labial resection	high
1958	Statens Serum Institut, Anti-TSH-R i thyreoidea	Statens Serum Institut, Anti-TSH-R in thyroid	medium
1539	Københavns Praktiserende Lægers Laboratorium, Venlafaxin;P	Copenhagen GP Laboratory (KPLL), Venlafaxine;P (plasma)	high
1349	Københavns Praktiserende Lægers Laboratorium, Myoglobin;P	Copenhagen GP Laboratory (KPLL), Myoglobin;P (plasma)	high
958	Københavns Praktiserende Lægers Laboratorium, Alternaria tenuis IgE;P	Copenhagen GP Laboratory (KPLL), Alternaria tenuis IgE;P (plasma)	medium
1124	Københavns Praktiserende Lægers Laboratorium, Fisk + Skaldyr IgE;P	Copenhagen GP Laboratory (KPLL), Fish + Shellfish IgE;P (plasma)	medium
2708	Reumatologi, Ultralydsvejledt injektion	Rheumatology, Ultrasound-guided injection	high
3103	Intern medicin, Allergenprovokation	Internal medicine, Allergen provocation	high
3122	Intern medicin, Breathtest	Internal medicine, Breath test	high
1465	Københavns Praktiserende Lægers Laboratorium, Sperma-antistof;P	Copenhagen GP Laboratory (KPLL), Sperm antibody;P (plasma)	medium
484	Ørelægehjælp, Stroboskopi	ENT service, Stroboscopy	high
4003	Præhospital, Besøg i vagttiden	Pre-hospital, Visit during on-call hours	high
2246	Statens Serum Institut, Testosteron	Statens Serum Institut, Testosterone	high
2913	Kiropraktik kronikere, kombineret 1030/3004	Chiropractic, chronic patients, combined 1030/3004	high
1416	Københavns Praktiserende Lægers Laboratorium, Protein (fri elektroforese)	Copenhagen GP Laboratory (KPLL), Protein (free electrophoresis)	medium
1609	Medicinsk Laboratorium, P/S-Homocystein	Medical Laboratory, P/S-Homocysteine	high
1550	Københavns Praktiserende Lægers Laboratorium, Yersinia antistof	Copenhagen GP Laboratory (KPLL), Yersinia antibody	high
913	Dermato-venerologi, Zinklim- og plasterbind	Dermato-venereology, Zinc-glue and plaster bandage	medium
2028	Statens Serum Institut, Epstein-Barr virus	Statens Serum Institut, Epstein-Barr virus	high
973	Københavns Praktiserende Lægers Laboratorium, Arbejds-ekg	Copenhagen GP Laboratory (KPLL), Exercise ECG	high
3369	Almen lægehjælp 80, Ansøgning - terminal	General practitioner, Application - terminal	high
441	Ørelægehjælp, Meche-behandling, subsequent	ENT service, Nasal packing treatment, subsequent	medium
2630	Genoptræning, Øfeldt, Behandling muskellidelse pr. 1½ time	Rehabilitation, Øfeldt, Muscle disorder treatment per 1½ hour	medium
854	Dermato-venerologi, Iontoforese	Dermato-venereology, Iontophoresis	high
2162	Statens Serum Institut, Parietalcelle antistof	Statens Serum Institut, Parietal cell antibody	high
2860	Psykologhjælp, 2 personers konsultation, 1. konsultation	Psychology service, 2-person consultation, 1st consultation	high
1191	Københavns Praktiserende Lægers Laboratorium, Hamster IgE;P	Copenhagen GP Laboratory (KPLL), Hamster IgE;P (plasma)	high
2155	Statens Serum Institut, Parainfluenzavirus	Statens Serum Institut, Parainfluenza virus	high
3856	Kak vagtlægehjælp 82, Lungefunktionsundersøgelse 3	KAK on-call GP 82, Lung function examination 3	high
1059	Københavns Praktiserende Lægers Laboratorium, Cortisol;dU	Copenhagen GP Laboratory (KPLL), Cortisol;dU (24-hour urine)	medium
1991	Statens Serum Institut, Chlamydia trachomatis	Statens Serum Institut, Chlamydia trachomatis	high
3592	Almen lægehjælp 80, Oral Glucosebelastning	General practitioner, Oral glucose load test	high
2756	Vederlagsfri fysioterapi, Basis 7 personer, egne 51 62	Free-of-charge physiotherapy, Basic 7 persons, own 51 62	medium
1568	Medicinsk Laboratorium, 5-Hydroxyindolyleddikesyre	Medical Laboratory, 5-Hydroxyindoleacetic acid	medium
1984	Statens Serum Institut, Cardiolipin antistof	Statens Serum Institut, Cardiolipin antibody	high
2956	Gynækologi/obstetrik, Blevejningstest	Gynaecology/obstetrics, Diaper-weighing test	medium
643	Pædiatri, Urinprøvetagning Steril 4	Paediatrics, Sterile urine sampling 4	high
151	Øjenlægehjælp, Fjernelse af fremmedlegeme med anæstesi	Ophthalmology service, Removal of foreign body with anaesthesia	high
3194	Intern medicin, Urinprøvetagning Steril 4	Internal medicine, Sterile urine sampling 4	high
2359	Diagnost. radiologi, Lår og hofteled	Diagnostic radiology, Thigh and hip joint	high
2144	Statens Serum Institut, Mycoplasma hominis	Statens Serum Institut, Mycoplasma hominis	high
1389	Københavns Praktiserende Lægers Laboratorium, Penicillin V IgE;Plasma	Copenhagen GP Laboratory (KPLL), Penicillin V IgE;P	high
4216	Kirurgi, blokadebehandling	Surgery, nerve block treatment	high
3155	Intern medicin, Lunger-Vitalkapacitet 3	Internal medicine, lungs - vital capacity 3	high
2563	Fodterapi, Frem-/påsætning bøjler +1	Podiatry, removal/fitting of braces +1	high
3123	Intern medicin, Bronkialprovokation	Internal medicine, bronchial provocation	high
1108	Københavns Praktiserende Lægers Laboratorium, Erytrocytter;Blod	Copenhagen GP Laboratory (KPLL), erythrocytes;B	high
2803	Vederlagsfri fysioterapi, Hold 8 personer egne lokaler 51 62	Free-of-charge physiotherapy, group session 8 persons own premises 51 62	medium
3081	Gynækologi/obstetrik, Vulvoskopi	Gynaecology/obstetrics, vulvoscopy	high
2108	Statens Serum Institut, Keratin antistof Ig	Statens Serum Institut, keratin antibody Ig	low
1026	Københavns Praktiserende Lægers Laboratorium, Calcium-ion;Plasma	Copenhagen GP Laboratory (KPLL), calcium ion;P	high
3178	Intern medicin, Stereomikroskopi	Internal medicine, stereomicroscopy	high
1388	Københavns Praktiserende Lægers Laboratorium, Penicillin G IgE;Plasma	Copenhagen GP Laboratory (KPLL), penicillin G IgE;P	high
2529	Briller, Brillestel	Eyeglasses, eyeglass frame	high
930	Københavns Praktiserende Lægers Laboratorium, 17-Hydroxyprogesteron;Plasma	Copenhagen GP Laboratory (KPLL), 17-hydroxyprogesterone;P	high
2163	Statens Serum Institut, Parotitisvirus antistof	Statens Serum Institut, mumps virus antibody	high
1073	Københavns Praktiserende Lægers Laboratorium, Digoxin;Plasma	Copenhagen GP Laboratory (KPLL), digoxin;P	high
2160	Statens Serum Institut, Parasitter fra rejsende	Statens Serum Institut, parasites from travellers	medium
4211	Kirurgi, Uroflowmetri	Surgery, uroflowmetry	high
2907	Kiropraktik kronikere, kombineret 1010/3002	Chiropractic, chronic patients, combined 1010/3002	high
4223	Kirurgi, operation kort forhudsstreng	Surgery, operation for short foreskin frenulum	medium
4134	Kirurgi, Operation Lyskebrok med videre 1.	Surgery, inguinal hernia operation etc., 1st	high
1928	Statens Serum Institut, ASCA i inflammatorisk tarmsygdom	Statens Serum Institut, ASCA in inflammatory bowel disease	high
2188	Statens Serum Institut, Rejsediarré	Statens Serum Institut, travellers' diarrhoea	high
1614	Medicinsk Laboratorium, Plasma/Serum-Testosteron	Medical Laboratory, P/S testosterone	high
615	Pædiatri, E-mail konsultation	Paediatrics, e-mail consultation	high
2974	Gynækologi/obstetrik, E-mail konsultation	Gynaecology/obstetrics, e-mail consultation	high
3578	Almen lægehjælp 80, Møde VI over 20 Km	General practitioner, meeting VI over 20 km	high
3992	Præhospital, Afstandstakst 21 km	Pre-hospital, distance rate 21 km	high
2994	Gynækologi/obstetrik, Incision Cyste 1.	Gynaecology/obstetrics, incision of cyst, 1st	high
3765	Almen lægehjælp 80, opfølgning demens	General practitioner, dementia follow-up	high
3373	Almen lægehjælp 80, Attestarbejde uden konsultation, moms	General practitioner, certificate work without consultation, VAT	high
673	Børnepsykiatri, 1. Konsultation Voksen + Barn	Child psychiatry, 1st consultation, adult + child	high
2157	Statens Serum Institut, Parasitologisk undersøgelse	Statens Serum Institut, parasitological examination	high
3361	Almen lægehjælp 80, Alkoholklinik	General practitioner, alcohol clinic	high
3762	Almen lægehjælp 80, medicinforbrug (amt 76)	General practitioner, medication consumption (county 76)	medium
2611	Ridefysioterapi, Bagsidder pr. ½ time	Horseback-riding physiotherapy, rear-rider per half hour	medium
1076	Københavns Praktiserende Lægers Laboratorium, Diurese 24 timer	Copenhagen GP Laboratory (KPLL), 24-hour diuresis	high
3459	Almen lægehjælp 80, Fortsat kontrol	General practitioner, continued monitoring	high
4213	Kirurgi, Zinklim- og plasterbind	Surgery, zinc-glue and adhesive bandage	high
2392	Diagnostisk radiologi, fod/fodled følgende	Diagnostic radiology, foot/ankle, subsequent	high
389	Ørelægehjælp, Blokade af ansigtsnerve	ENT service, block of the facial nerve	high
2314	Diagnostisk radiologi, Belastningsundersøgelse af led	Diagnostic radiology, weight-bearing examination of joint	high
2133	Statens Serum Institut, Mitokondrie antistof	Statens Serum Institut, mitochondrial antibody	high
3455	Almen lægehjælp 80, Forebyggende helbredsundersøgelse (A60)	General practitioner, preventive health examination (county 60)	medium
3638	Almen lægehjælp 80, Serum-jern	General practitioner, serum iron	high
3406	Almen lægehjælp 80, Blodprøve 1. graviditetsundersøgelse	General practitioner, blood sample, 1st pregnancy examination	high
4106	Kirurgi, Incision Absces 1.	Surgery, incision of abscess, 1st	high
1461	Københavns Praktiserende Lægers Laboratorium, Somatomedin C, IGF1	Copenhagen GP Laboratory (KPLL), somatomedin C, IGF1	high
971	Københavns Praktiserende Lægers Laboratorium, Appelsin IgE;Plasma	Copenhagen GP Laboratory (KPLL), orange IgE;P	high
1341	Københavns Praktiserende Lægers Laboratorium, Mononucleose, EBV	Copenhagen GP Laboratory (KPLL), mononucleosis, EBV	high
672	Børnepsykiatri, 1. Konsultation Familie	Child psychiatry, 1st consultation, family	high
2924	Vederlagsfri ridefysioterapi, Rideklub med hal 1 person	Free-of-charge horseback-riding physiotherapy, riding club with arena, 1 person	high
3038	Gynækologi/obstetrik, Serum-østradiolbestemmelse 6	Gynaecology/obstetrics, serum oestradiol determination 6	high
162	Øjenlægehjælp, Fluorescensangiografi	Ophthalmology service, fluorescein angiography	high
1982	Statens Serum Institut, Carbohydrat-deficient (transferrin)	Statens Serum Institut, carbohydrate-deficient (transferrin)	medium
1431	Københavns Praktiserende Lægers Laboratorium, Renin;Plasma	Copenhagen GP Laboratory (KPLL), renin;P	high
2117	Statens Serum Institut, Leptospira antistof	Statens Serum Institut, Leptospira antibody	high
2741	Fysioterapi 61, Normal behandling	Physiotherapy 61, normal treatment	high
1218	Københavns Praktiserende Lægers Laboratorium, Hovedgruppe 3 KPLL	Copenhagen GP Laboratory (KPLL), main group 3 KPLL	high
1613	Medicinsk Laboratorium, Plasma/Serum-Renin	Medical Laboratory, P/S renin	high
560	Psykiatri, Blod-Sedimentationsreaktion 2	Psychiatry, blood sedimentation reaction 2	high
977	Københavns Praktiserende Lægers Laboratorium, Aspergillus v. IgE;Plasma	Copenhagen GP Laboratory (KPLL), Aspergillus IgE;P	medium
1192	Københavns Praktiserende Lægers Laboratorium, Haptoglobin;Plasma	Copenhagen GP Laboratory (KPLL), haptoglobin;P	high
2631	Genoptræning, Øfeldt, Behandling muskellidelse pr. 1 time	Rehabilitation, Øfeldt, treatment of muscle disorder per 1 hour	high
3946	Vagtlægehjælp 83, Svangerskabsreaktion, urinchorion 4	On-call GP service 83, pregnancy test, urine chorionic 4	medium
2249	Statens Serum Institut, Tetanustoksin antistof	Statens Serum Institut, tetanus toxin antibody	high
2015	Statens Serum Institut, E.coli PCR, Rejsediarré	Statens Serum Institut, E. coli PCR, travellers' diarrhoea	medium
1307	Københavns Praktiserende Lægers Laboratorium, Lungefunktion uden bronkodilatator	Copenhagen GP Laboratory (KPLL), lung function without bronchodilator	medium
1356	Københavns Praktiserende Lægers Laboratorium, Noradrenalin;døgnurin	Copenhagen GP Laboratory (KPLL), noradrenaline;24-hour urine	high
284	Ortopædisk kirurgi, Fjernelse Negleleje 1.	Orthopaedic surgery, removal of nail bed, 1st	high
2644	Genoptræning, Øfeldt, Vederlagsfri kontrolundersøgelse, handicap	Rehabilitation, Øfeldt, free-of-charge follow-up examination, disability	medium
2373	Diagnostisk radiologi, Skulderled og overarm	Diagnostic radiology, shoulder joint and upper arm	high
922	Dermato-venerologi, rhinophyma	Dermato-venereology, rhinophyma	high
3151	Intern medicin, Lunge - Peak Expiratory Flow 3	Internal medicine, Lung - Peak Expiratory Flow 3	high
1606	Medicinsk Laboratorium, Plasma/Serum-Aldosteron 3	Medical Laboratory, Plasma/Serum-Aldosterone 3	high
961	Københavns Praktiserende Lægers Laboratorium, Amoxicillin IgE;Plasma	Copenhagen GP Laboratory (KPLL), Amoxicillin IgE;P	high
2868	Psykologhjælp, Gruppekonsultation 3 personer efter konsultation	Psychology service, group consultation 3 persons after consultation	medium
1493	Københavns Praktiserende Lægers Laboratorium, Testosteron;Plasma	Copenhagen GP Laboratory (KPLL), Testosterone;P	high
2233	Statens Seruminstitut, TPB Standard	Statens Serum Institut, TPB Standard	low
3181	Intern medicin, Total lungekapacitet	Internal medicine, total lung capacity	high
3623	Almen lægehjælp 80, Reposition store led	General practitioner, reposition of large joint	high
3883	Vagtlægehjælp 83, 1. Behandling Knoglebrud	On-call GP service 83, 1st treatment of bone fracture	high
4109	Kirurgi, Incision Cyste 1.	Surgery, incision of cyst 1st	high
273	Ortopædisk kirurgi, Dupuytren	Orthopaedic surgery, Dupuytren	high
2388	Diagnostisk radiologi, brysthvirvler følgende	Diagnostic radiology, thoracic vertebrae subsequent	high
2590	Ortonyxi, Afstilling plade/pensel +10km	Orthonyxia, adjustment of plate/brace +10km	low
962	Københavns Praktiserende Lægers Laboratorium, Ampicillin IgE;Plasma	Copenhagen GP Laboratory (KPLL), Ampicillin IgE;P	high
2024	Statens Seruminstitut, Entamoeba antistof	Statens Serum Institut, Entamoeba antibody	high
1216	Københavns Praktiserende Lægers Laboratorium, Hjemme BT-måling	Copenhagen GP Laboratory (KPLL), home blood-pressure measurement	high
3150	Intern medicin, Laktoseintolerans	Internal medicine, lactose intolerance	high
155	Øjenlægehjælp, Fjernelse Pterygium med anæstesi	Ophthalmology service, removal of pterygium with anaesthesia	high
2262	Statens Seruminstitut, Triple-test SSI	Statens Serum Institut, triple test SSI	high
2791	Vederlagsfri fysioterapi, Hold 2 personer amt 51 62	Free-of-charge physiotherapy, group 2 persons county 51 62	medium
3976	Vagtlægehjælp 83, §2 A35 Konsultation hos/besøg	On-call GP service 83, §2 A35 consultation at/visit	medium
360	Ortopædisk kirurgi, Tenosynovektomi hånd	Orthopaedic surgery, tenosynovectomy hand	high
2136	Statens Seruminstitut, Morbillivirus antistof	Statens Serum Institut, measles virus antibody	high
1249	Københavns Praktiserende Lægers Laboratorium, Inhibin-B:Plasma	Copenhagen GP Laboratory (KPLL), Inhibin-B:P	high
3129	Intern medicin, E-mail konsultation	Internal medicine, e-mail consultation	high
1714	Medicinsk Laboratorium, Urin-Cannabinol ARBK	Medical Laboratory, Urine-Cannabinol ARBK	medium
257	Ortopædisk kirurgi, Artroskopi knæ mindre indgreb	Orthopaedic surgery, arthroscopy knee minor procedure	high
2906	Kiropraktik kronikere, kombineret 1010/3001	Chiropractic, chronic patients, combined 1010/3001	high
1993	Statens Seruminstitut, Chlamydophila psittaci	Statens Serum Institut, Chlamydophila psittaci	high
3368	Almen lægehjælp 80, Ansættelse terminal moms	General practitioner, terminal-care appointment, VAT	low
431	Ørelægehjælp, Incision af byld	ENT service, incision of abscess	high
478	Ørelægehjælp, Septumplastik	ENT service, septoplasty	high
1513	Københavns Praktiserende Lægers Laboratorium, Troponin I;Plasma	Copenhagen GP Laboratory (KPLL), Troponin I;P	high
1368	Københavns Praktiserende Lægers Laboratorium, Oxcarbazepin;Plasma	Copenhagen GP Laboratory (KPLL), Oxcarbazepine;P	high
2577	Fodterapi, Orteser	Podiatry, orthoses	high
1034	Københavns Praktiserende Lægers Laboratorium, Carbamid;Plasma	Copenhagen GP Laboratory (KPLL), Carbamide (urea);P	high
1536	Københavns Praktiserende Lægers Laboratorium, Valproat;Plasma	Copenhagen GP Laboratory (KPLL), Valproate;P	high
2169	Statens Seruminstitut, Persisterende diarré	Statens Serum Institut, persistent diarrhoea	high
1334	Københavns Praktiserende Lægers Laboratorium, Mitokondrie antistof	Copenhagen GP Laboratory (KPLL), mitochondrial antibody	high
2635	Genoptræning, Øfeldt, Klinisk undersøgelse muskellidelse	Rehabilitation, Øfeldt, clinical examination muscle disorder	medium
2033	Statens Seruminstitut, Follikelstimulerende	Statens Serum Institut, follicle-stimulating	high
1673	Medicinsk Laboratorium, Serum-MAST-CLA	Medical Laboratory, Serum-MAST-CLA	medium
2319	Diagnostisk radiologi, Brysthvirvler	Diagnostic radiology, thoracic vertebrae	high
1464	Københavns Praktiserende Lægers Laboratorium, Sperma antistof;Sædplasma	Copenhagen GP Laboratory (KPLL), sperm antibody;SemP	medium
921	Dermato-venerologi, laserbehandling vorter §3	Dermato-venereology, laser treatment of warts §3	high
1383	Københavns Praktiserende Lægers Laboratorium, Patogene bakterier	Copenhagen GP Laboratory (KPLL), pathogenic bacteria	high
2514	Fysioterapi 51, Plejehjem over 10 km	Physiotherapy, nursing home over 10 km	high
1308	Københavns Praktiserende Lægers Laboratorium, Lupus antikoagulant;Plasma	Copenhagen GP Laboratory (KPLL), Lupus anticoagulant;P	medium
3456	Almen lægehjælp 80, Forebyggende ydelser	General practitioner, preventive services	high
2209	Statens Seruminstitut, Salmonella antistof	Statens Serum Institut, Salmonella antibody	high
2621	Ridefysioterapi, Rideklub med hal 5 personer	Horseback-riding physiotherapy, riding club with hall 5 persons	high
2196	Statens Seruminstitut, Reumafaktor (IgM)	Statens Serum Institut, rheumatoid factor (IgM)	high
1160	Københavns Praktiserende Lægers Laboratorium, Gluten IgE;Plasma	Copenhagen GP Laboratory (KPLL), Gluten IgE;P	high
1409	Københavns Praktiserende Lægers Laboratorium, Proinsulin;Plasma	Copenhagen GP Laboratory (KPLL), Proinsulin;P	high
1979	Statens Seruminstitut, Campylobacter antistof	Statens Serum Institut, Campylobacter antibody	high
2029	Statens Seruminstitut, Faktor V Leiden mutation	Statens Serum Institut, Factor V Leiden mutation	high
204	Øjenlægehjælp, Operation for Chalazion med anæstesi	Ophthalmology service, operation for chalazion with anaesthesia	high
1112	Københavns Praktiserende Lægers Laboratorium, Event-recording	Copenhagen GP Laboratory (KPLL), event recording	high
2166	Statens Seruminstitut, Parvovirus B-19, DNA	Statens Serum Institut, Parvovirus B-19, DNA	high
292	Ortopædisk kirurgi, Gipsbandager	Orthopaedic surgery, plaster casts	high
1976	Statens Seruminstitut, Calicivirus PCR	Statens Serum Institut, Calicivirus PCR	high
1372	Københavns Praktiserende Lægers Laboratorium, PSA-Ratio;Plasma	Copenhagen GP Laboratory (KPLL), PSA-Ratio;P	high
1118	Københavns Praktiserende Lægers Laboratorium, Fenytoin;Plasma	Copenhagen GP Laboratory (KPLL), Phenytoin;P	high
3530	Almen lægehjælp 80, Kørselsgodtgørelse II	General practitioner, travel allowance II	high
2258	Statens Seruminstitut, Transglutaminase i	Statens Serum Institut, transglutaminase i	medium
1942	Statens Seruminstitut, Almindelig bakteriologisk undersøgelse, nedre	Statens Serum Institut, ordinary bacteriological examination, lower	medium
2187	Statens Seruminstitut, Reaktiv Artritis/Ta	Statens Serum Institut, reactive arthritis/Ta	low
1698	Medicinsk Laboratorium, Serum-TSH-Receptor-Antistof	Medical Laboratory, Serum-TSH-Receptor-Antibody	high
3537	Almen lægehjælp 80, Livsstilscentret	General practitioner, the lifestyle centre	high
1514	Københavns Praktiserende Lægers Laboratorium, Troponin T;Plasma (EK	Copenhagen GP Laboratory (KPLL), Troponin T;P (EK	medium
2668	Fodbehandling arvævspatienter, Kontrol/eftersyn	Foot treatment, scar-tissue patients, check-up/inspection	high
3085	Gynækologi/obstetrik, følgende conisation	Gynaecology/obstetrics, subsequent conisation	high
2181	Statens Seruminstitut, Prolaktin	Statens Serum Institut, prolactin	high
3301	Almen lægehjælp 80, 1 modul	General practitioner, 1 module	high
1350	Københavns Praktiserende Lægers Laboratorium, Narkotika-screening;Urin	Copenhagen GP Laboratory (KPLL), narcotics screening (urine)	high
3161	Intern medicin, Perifer trykmåling arm/ankel/tå	Internal medicine, peripheral pressure measurement arm/ankle/toe	medium
1680	Medicinsk Laboratorium, S-PIIINP	Medical Laboratory, S-PIIINP	high
1619	Medicinsk Laboratorium, RETINOLER	Medical Laboratory, retinols	medium
2980	Gynækologi/obstetrik, Evacuatio uteri	Gynaecology/obstetrics, evacuatio uteri	high
2573	Fodterapi, Kontrol/eftersyn	Podiatry, check-up/inspection	high
2755	Vederlagsfri fysioterapi, Basis 5 perioder egne 51 62	Free-of-charge physiotherapy, basic 5 periods own 51 62	medium
416	Ørelægehjælp, Fjernelse fremmedlegeme, følgende	ENT service, removal of foreign body, subsequent	high
318	Ortopædisk kirurgi, Operation åreknuder i lyske venstre ben	Orthopaedic surgery, operation for varicose veins in groin, left leg	medium
2512	Fysioterapi 51, Plejehjem 0 - 4 Km	Physiotherapy 51, nursing home 0 - 4 km	high
3127	Intern medicin, Diffusionskapacitet	Internal medicine, diffusion capacity	high
2908	Kiropraktik kronikere, kombineret 1020/3001	Chiropractic, chronic patients, combined 1020/3001	high
2799	Vederlagsfri fysioterapi, Hold 6 perioder amt 51 62	Free-of-charge physiotherapy, group 6 periods county 51 62	medium
3143	Intern medicin, Koloskopi	Internal medicine, colonoscopy	high
1603	Medicinsk Laboratorium, P/S(fPt)-INSULIN	Medical Laboratory, P/S(fPt)-insulin	high
1318	Københavns Praktiserende Lægers Laboratorium, Magnesium;Plasma	Copenhagen GP Laboratory (KPLL), magnesium (plasma)	high
321	Ortopædisk kirurgi, Operation knyst, følgende	Orthopaedic surgery, operation for bunion, subsequent	high
2278	Statens Seruminstitut, Yersinia pseudotuberculosis	Statens Serum Institut, Yersinia pseudotuberculosis	high
2505	Fysioterapi 51, Massage	Physiotherapy 51, massage	high
2219	Statens Seruminstitut, Strongyloides antistof	Statens Serum Institut, Strongyloides antibody	high
1966	Statens Seruminstitut, Bartonella antistof	Statens Serum Institut, Bartonella antibody	high
117	Neuromedicin, Email konsultation	Neurology, email consultation	high
3840	Kak vagtlægehjælp 82, C-Reaktivt Protein	KAK on-call GP 82, C-reactive protein	high
2343	Diagnostisk radiologi, Hystero-salpingografi	Diagnostic radiology, hysterosalpingography	high
1217	Københavns Praktiserende Lægers Laboratorium, Homocystein;Plasma	Copenhagen GP Laboratory (KPLL), homocysteine (plasma)	high
2006	Statens Seruminstitut, Denguevirus antistof	Statens Serum Institut, dengue virus antibody	high
2121	Statens Seruminstitut, Luftvejspanel (Influenza)	Statens Serum Institut, respiratory panel (influenza)	high
2578	Fodterapi, Ortheser silicone	Podiatry, orthoses silicone	high
1437	Københavns Praktiserende Lægers Laboratorium, Rhesus antistof uge 35	Copenhagen GP Laboratory (KPLL), Rhesus antibody week 35	high
4176	Kirurgi, Residualurin, ultralyd	Surgery, residual urine, ultrasound	high
1139	Københavns Praktiserende Lægers Laboratorium, Gastrin;Plasma	Copenhagen GP Laboratory (KPLL), gastrin (plasma)	high
1362	Københavns Praktiserende Lægers Laboratorium, Ornitose - antistof	Copenhagen GP Laboratory (KPLL), ornithosis - antibody	high
2154	Statens Seruminstitut, PR3-ANCA (IgG)	Statens Serum Institut, PR3-ANCA (IgG)	high
2513	Fysioterapi 51, Plejehjem 5 - 10 Km	Physiotherapy 51, nursing home 5 - 10 km	high
1581	Medicinsk Laboratorium, CATECHOLAMINER; egen	Medical Laboratory, catecholamines; own	medium
988	Københavns Praktiserende Lægers Laboratorium, Beta2-Microglobulin;Plasma	Copenhagen GP Laboratory (KPLL), beta2-microglobulin (plasma)	high
1955	Statens Seruminstitut, Anti-AChR	Statens Serum Institut, anti-AChR	high
1074	Københavns Praktiserende Lægers Laboratorium, Distalt tryk over ekstremitet	Copenhagen GP Laboratory (KPLL), distal pressure over extremity	medium
590	Psykiatri, ukendt	Psychiatry, unknown	high
3071	Gynækologi/obstetrik, Urethraldilatation	Gynaecology/obstetrics, urethral dilation	high
4132	Kirurgi, Operation lyskebrok 1. med anæstesi	Surgery, operation for inguinal hernia, 1st, with anaesthesia	high
3076	Gynækologi/obstetrik, Vaginalplastik	Gynaecology/obstetrics, vaginoplasty	high
1917	Statens Seruminstitut, ANA screening og titrering	Statens Serum Institut, ANA screening and titration	medium
278	Ortopædisk kirurgi, Fjernelse svulst muskel, følgende operation	Orthopaedic surgery, removal of tumour, muscle, subsequent operation	medium
2274	Statens Seruminstitut, Virus luftvejspakke	Statens Serum Institut, virus respiratory package	high
2020	Statens Seruminstitut, Echinococcus granulosus	Statens Serum Institut, Echinococcus granulosus	high
3700	Almen lægehjælp 80, Udskiftning pacemaker	General practitioner 80, replacement of pacemaker	medium
3165	Intern medicin, Patient-Ekg F E Belastning 9	Internal medicine, patient ECG, exercise stress 9	low
2982	Gynækologi/obstetrik, Fentonplastik	Gynaecology/obstetrics, Fenton plasty	high
3187	Intern medicin, U-Methylketon 1	Internal medicine, U-methylketone 1	medium
1248	Københavns Praktiserende Lægers Laboratorium, Inhibin-A;Plasma	Copenhagen GP Laboratory (KPLL), inhibin-A (plasma)	high
3193	Intern medicin, Ultralydsscanning periferarterie	Internal medicine, ultrasound scan peripheral artery	high
2147	Statens Seruminstitut, Mykobakterier, mikroskopi	Statens Serum Institut, mycobacteria, microscopy	high
1498	Københavns Praktiserende Lægers Laboratorium, Topiramat;Plasma	Copenhagen GP Laboratory (KPLL), topiramate (plasma)	high
2212	Statens Seruminstitut, Schistosoma antistof	Statens Serum Institut, Schistosoma antibody	high
970	Københavns Praktiserende Lægers Laboratorium, Antitrypsin;Plasma	Copenhagen GP Laboratory (KPLL), antitrypsin (plasma)	high
1584	Medicinsk Laboratorium, F-FEDT I FÆCES	Medical Laboratory, F-fat in faeces	high
1028	Københavns Praktiserende Lægers Laboratorium, Campylobacter antistof;Plasma	Copenhagen GP Laboratory (KPLL), Campylobacter antibody (plasma)	high
1077	Københavns Praktiserende Lægers Laboratorium, Diverse tests	Copenhagen GP Laboratory (KPLL), various tests	high
3519	Almen lægehjælp 80, Konference 4 moduler	General practitioner 80, conference 4 modules	high
3517	Almen lægehjælp 80, Klamydiaprojekt aftale 70	General practitioner 80, chlamydia project agreement 70	medium
2044	Statens Seruminstitut, Glat muskel antistof	Statens Serum Institut, smooth muscle antibody	high
4056	Kirurgi, Ano-rektal ultralyd	Surgery, anorectal ultrasound	high
1310	Københavns Praktiserende Lægers Laboratorium, Lymfogranuloma venereum antistof	Copenhagen GP Laboratory (KPLL), lymphogranuloma venereum antibody	medium
1983	Statens Seruminstitut, Carcinoembryonalt antigen	Statens Serum Institut, carcinoembryonic antigen	high
2130	Statens Seruminstitut, Mannan bindende protein	Statens Serum Institut, mannan-binding protein	high
1708	Medicinsk Laboratorium, TRIIODTHYRONIN (FRIT)	Medical Laboratory, triiodothyronine (free)	high
2070	Statens Seruminstitut, Hepatitis B vaccine	Statens Serum Institut, hepatitis B vaccine	high
1376	Københavns Praktiserende Lægers Laboratorium, Papirhveps IgE;Plasma	Copenhagen GP Laboratory (KPLL), paper wasp IgE (plasma)	high
3569	Almen lægehjælp 80, Motion/recept udredning	General practitioner 80, exercise/prescription assessment	medium
1121	Københavns Praktiserende Lægers Laboratorium, Fersken IgE;Plasma	Copenhagen GP Laboratory (KPLL), peach IgE (plasma)	high
1700	Medicinsk Laboratorium, S-VITAMIN E	Medical Laboratory, S-vitamin E	high
1049	Københavns Praktiserende Lægers Laboratorium, Clonazepam;Plasma	Copenhagen GP Laboratory (KPLL), clonazepam (plasma)	high
1706	Medicinsk Laboratorium, Thyreoidea antistoffer	Medical Laboratory, thyroid antibodies	high
3994	Præhospital, B-glukose (fotometer)	Pre-hospital, blood glucose (photometer)	high
944	Københavns Praktiserende Lægers Laboratorium, Adrenalin;døgnurin	Copenhagen GP Laboratory (KPLL), adrenaline;24-hour urine	high
1201	Københavns Praktiserende Lægers Laboratorium, Hemiglobin;Blod	Copenhagen GP Laboratory (KPLL), haemiglobin;(blood)	high
927	Dermato-venerologi, venerologi senere konsultation	Dermato-venereology, venereology later consultation	high
2043	Statens Seruminstitut, Germinalcelletumor	Statens Serum Institut, germ cell tumour	high
154	Øjenlægehjælp, Fjernelse pterygium med anæstesi	Ophthalmology service, removal of pterygium with anaesthesia	high
2201	Statens Seruminstitut, Rota-, adeno-, astro-	Statens Serum Institut, rota-, adeno-, astro-	medium
3135	Intern medicin, Fjernelse polyp, colon	Internal medicine, removal of polyp, colon	high
1471	Københavns Praktiserende Lægers Laboratorium, Strachybotrys atra IgE;Plasma	Copenhagen GP Laboratory (KPLL), Stachybotrys atra IgE;(plasma)	medium
1229	Københavns Praktiserende Lægers Laboratorium, Hvepsegift IgE;Plasma	Copenhagen GP Laboratory (KPLL), wasp venom IgE;(plasma)	high
2129	Statens Seruminstitut, Malariaparasitter	Statens Serum Institut, malaria parasites	high
3324	Almen lægehjælp 80, 3 moduler	General practitioner, 3 modules	high
3065	Gynækologi/obstetrik, Urin-svangerskabsreaktion 3	Gynaecology/obstetrics, urine pregnancy reaction 3	high
3138	Intern medicin, Gastroskopi, amt 20	Internal medicine, gastroscopy, (county 20)	high
2940	Gynækologi/obstetrik, 1. konsultation abort	Gynaecology/obstetrics, 1st consultation, abortion	high
2257	Statens Seruminstitut, Transglutaminase antistoffer	Statens Serum Institut, transglutaminase antibodies	high
3116	Intern medicin, Blod-sedimentationsreaktion 2	Internal medicine, blood sedimentation reaction 2	high
2738	Fysioterapi 61, Manuel behandling	Physiotherapy 61, manual treatment	high
3932	Vagtlægehjælp 83, Lungefunktionsundersøgelse 3	On-call GP service 83, lung function examination 3	high
461	Ørelægehjælp, Operation ydre næse med anæstesi	ENT service, operation on external nose with anaesthesia	high
1113	Københavns Praktiserende Lægers Laboratorium, Fæces-Helicobacter pylori (antigen)	Copenhagen GP Laboratory (KPLL), faeces-Helicobacter pylori (antigen)	high
4164	Kirurgi, Operation vandbrok, testes	Surgery, operation for hydrocele, testes	high
1322	Københavns Praktiserende Lægers Laboratorium, Malariaparasitter	Copenhagen GP Laboratory (KPLL), malaria parasites	high
901	Dermato-venerologi, Urin-svangerskabsundersøgelse 3	Dermato-venereology, urine pregnancy examination 3	high
1401	Københavns Praktiserende Lægers Laboratorium, Porphyriner, frie;Urin	Copenhagen GP Laboratory (KPLL), porphyrins, free;(urine)	high
2254	Statens Seruminstitut, Toxoplasma gondii antistoffer	Statens Serum Institut, Toxoplasma gondii antibodies	high
2754	Vederlagsfri fysioterapi, Basis 1 periode amt 51 62	Free-of-charge physiotherapy, basic 1 period (county) 51 62	medium
848	Dermato-venerologi, Incision absces subsequent	Dermato-venereology, incision of abscess, subsequent	high
3197	Intern medicin, total koloskopi amt 20	Internal medicine, total colonoscopy (county 20)	high
2973	Gynækologi/obstetrik, E-mail konsultation	Gynaecology/obstetrics, e-mail consultation	high
1325	Københavns Praktiserende Lægers Laboratorium, Mannan binding lektin antistoffer	Copenhagen GP Laboratory (KPLL), mannan-binding lectin antibodies	medium
682	Børnepsykiatri, E-mail konsultation	Child psychiatry, e-mail consultation	high
3617	Almen lægehjælp 80, Prothrombin 6	General practitioner, prothrombin 6	high
1663	Medicinsk Laboratorium, Serum-flecainid	Medical Laboratory, serum flecainide	high
1481	Københavns Praktiserende Lægers Laboratorium, T3 reaktion;Plasma	Copenhagen GP Laboratory (KPLL), T3 reaction;(plasma)	high
4179	Kirurgi, Revision sår 1. med anæstesi	Surgery, wound revision, 1st, with anaesthesia	high
434	Ørelægehjælp, Infundibulektomi	ENT service, infundibulectomy	medium
3679	Almen lægehjælp 80, Tillæg til vaccinationshonorar	General practitioner, supplement to vaccination fee	high
3169	Intern medicin, Rektoskopi	Internal medicine, rectoscopy	high
3350	Almen lægehjælp 80, Afstandstillæg 4-8 km	General practitioner, distance supplement 4-8 km	high
959	Københavns Praktiserende Lægers Laboratorium, Amiodaron;Plasma	Copenhagen GP Laboratory (KPLL), amiodarone;(plasma)	high
315	Ortopædisk kirurgi, Operation åreknuder ekstra lyske venstre	Orthopaedic surgery, operation for varicose veins, additional, groin, left	medium
1457	Københavns Praktiserende Lægers Laboratorium, Sjögrens syndrom antistoffer;Plasma	Copenhagen GP Laboratory (KPLL), Sjögren's syndrome antibodies;(plasma)	high
2312	Diagnostisk radiologi, Albue følgende	Diagnostic radiology, elbow, subsequent	high
972	Københavns Praktiserende Lægers Laboratorium, Arbejdstest ved astma	Copenhagen GP Laboratory (KPLL), exercise test for asthma	high
2568	Fodterapi, Indlæg type 2 enkelt	Podiatry, insole type 2, single	high
3167	Intern medicin, Patient-glukosebelastning 12	Internal medicine, patient glucose tolerance test 12	high
990	Københavns Praktiserende Lægers Laboratorium, Bicarbonat, standard;venøst blod	Copenhagen GP Laboratory (KPLL), bicarbonate, standard;venous blood	high
2858	Psykologhjælp, 2. og efterfølgende konsultation (county 65)	Psychology service, 2nd and subsequent consultation (county 65)	high
3723	Almen lægehjælp 80, Vaccination i forbindelse med udbrud af smitsom sygdom	General practitioner, vaccination in connection with an outbreak of infectious disease	medium
1247	Københavns Praktiserende Lægers Laboratorium, Inhibin-FSH-ratio	Copenhagen GP Laboratory (KPLL), inhibin-FSH ratio	high
1552	Københavns Praktiserende Lægers Laboratorium, Zuklopenthixol;Plasma	Copenhagen GP Laboratory (KPLL), zuclopenthixol;(plasma)	high
1030	Københavns Praktiserende Lægers Laboratorium, Cancerantigen 15-3	Copenhagen GP Laboratory (KPLL), cancer antigen 15-3	high
2867	Psykologhjælp, Gruppekonsultation 3 personer 1 konsultation	Psychology service, group consultation, 3 persons, 1 consultation	high
2266	Statens Seruminstitut, Tyreoglobulin antistoffer	Statens Serum Institut, thyroglobulin antibodies	high
2062	Statens Seruminstitut, Haemophilus influenzae	Statens Serum Institut, Haemophilus influenzae	high
3198	Intern medicin, ukendt	Internal medicine, unknown	low
2310	Diagnostisk radiologi, Albue	Diagnostic radiology, elbow	high
2757	Vederlagsfri fysioterapi, Basis 8 perioder egne 51 62	Free-of-charge physiotherapy, basic 8 periods, own 51 62	medium
2016	Statens Seruminstitut, E.coli PCR, immunsupprimeret	Statens Serum Institut, E. coli PCR, immunosuppressed	medium
1610	Medicinsk Laboratorium, Plasma/Serum-immunglobulin E	Medical Laboratory, plasma/serum immunoglobulin E	high
1012	Københavns Praktiserende Lægers Laboratorium, Bynkeambrosie IgE;Plasma	Copenhagen GP Laboratory (KPLL), ragweed (mugwort ambrosia) IgE;(plasma)	medium
4092	Kirurgi, Fjernelse negl, subsequent	Surgery, removal of nail, subsequent	high
1126	Københavns Praktiserende Lægers Laboratorium, Flecainid;Plasma	Copenhagen GP Laboratory (KPLL), flecainide;(plasma)	high
2005	Statens Seruminstitut, Dengue PCR	Statens Serum Institut, dengue PCR	high
1072	Københavns Praktiserende Lægers Laboratorium, Difteritoksin antistof;Plasma	Copenhagen GP Laboratory (KPLL), diphtheria toxin antibody;(plasma)	high
4098	Kirurgi, Gastroskopi, amt 20	Surgery, gastroscopy, (county 20)	high
926	Dermato-venerologi, venerologi 2. konsultation (county 80)	Dermato-venereology, venereology 2nd consultation (county 80)	high
381	Ørelægehjælp, Alaplastik	ENT service, alaplasty	medium
1116	Københavns Praktiserende Lægers Laboratorium, Faktor V Leiden	Copenhagen GP Laboratory (KPLL), factor V Leiden	high
1453	Københavns Praktiserende Lægers Laboratorium, Salmonella antistof;Plasma	Copenhagen GP Laboratory (KPLL), Salmonella antibody;(plasma)	high
1956	Statens Seruminstitut, Anti-Beta2 glykoprotein I (immunglobulin	Statens Serum Institut, anti-beta-2 glycoprotein I (immunoglobulin	medium
1941	Statens Serum Institut, Almindelig bakteriologisk undersøgelse (normal	Statens Serum Institut, ordinary bacteriological examination (normal	high
3177	Intern medicin, Sigmoideoskopi, amt 20	Internal medicine, sigmoidoscopy (county 20)	high
2604	Ortonyxi, Orthoser	Orthonyxia, orthoses	high
2404	Diagnostisk radiologi, skulderled og overarm følgende	Diagnostic radiology, shoulder joint and upper arm, subsequent	high
3012	Gynækologi/obstetrik, Marsupialisation	Gynaecology/obstetrics, marsupialisation	high
2363	Diagnostisk radiologi, Mammae	Diagnostic radiology, breasts	high
3775	Almen lægehjælp 80, test svangerskabsdiabetes, amt 35	General practitioner, gestational diabetes test (county 35)	high
2021	Statens Serum Institut, Ehrlichia antistof	Statens Serum Institut, Ehrlichia antibody	high
887	Dermato-venerologi, Smears	Dermato-venereology, smears	high
3701	Almen lægehjælp 80, Udekørende møde, telefonisk henvendelse § 2, amt 35	General practitioner, off-site meeting, telephone referral § 2 (county 35)	medium
1384	Københavns Praktiserende Lægers Laboratorium, Peak flow måling	Copenhagen GP Laboratory (KPLL), peak flow measurement	high
1537	Københavns Praktiserende Lægers Laboratorium, Varicella Zoster antistof	Copenhagen GP Laboratory (KPLL), varicella zoster antibody	high
323	Ortopædisk kirurgi, Operation Knyst, følgende, med anæstesi	Orthopaedic surgery, bunion operation, subsequent, with anaesthesia	high
3481	Almen lægehjælp 80, Hepatitis B-vaccination barn 12 måneder	General practitioner, hepatitis B vaccination, child 12 months	high
2007	Statens Serum Institut, Diarré hos immunkompromitteret	Statens Serum Institut, diarrhoea in immunocompromised	high
2101	Statens Serum Institut, Immunglobulin klasse	Statens Serum Institut, immunoglobulin class	high
952	Københavns Praktiserende Lægers Laboratorium, Aldosteron;P	Copenhagen GP Laboratory (KPLL), aldosterone;P	high
3352	Almen lægehjælp 80, Afstandstillæg 8-12 Km	General practitioner, distance supplement 8-12 km	high
3031	Gynækologi/obstetrik, Rektoskopi	Gynaecology/obstetrics, rectoscopy	high
2684	Reumatologi, E-mail konsultation	Rheumatology, e-mail consultation	high
3794	KFA-vagtordning 81, 1. Behandling Knoglebrud	KFA on-call service 81, 1st treatment of bone fracture	high
2743	Fysioterapi 61, Plejehjem 0 - 4 Km	Physiotherapy 61, nursing home 0 - 4 km	high
2105	Statens Serum Institut, Intrinsic faktor antistof	Statens Serum Institut, intrinsic factor antibody	high
1320	Københavns Praktiserende Lægers Laboratorium, Majs IgE;P	Copenhagen GP Laboratory (KPLL), maize IgE;P	high
2508	Fysioterapi 51, Normalbehandling lbp, amt 60	Physiotherapy, normal treatment lbp (county 60)	medium
4214	Kirurgi, arteria temporalis biopsi, 1., med anæstesi	Surgery, temporal artery biopsy, 1st, with anaesthesia	high
1716	Medicinsk Laboratorium, U-PORFYRIN TOTAL	Medical Laboratory, urine porphyrin total	high
3609	Almen lægehjælp 80, Paracentese - Trommehinde	General practitioner, paracentesis - eardrum	high
1719	Medicinsk Laboratorium, VANILLYLMANDELAT, urin/døgn	Medical Laboratory, vanillylmandelate, urine/24-hour	high
3476	Almen lægehjælp 80, Hepatitis B-vaccination barn 2 måneder	General practitioner, hepatitis B vaccination, child 2 months	high
1173	Københavns Praktiserende Lægers Laboratorium, HBsAg, konfirmation;P	Copenhagen GP Laboratory (KPLL), HBsAg, confirmation;P	high
563	Psykiatri, E-mail konsultation	Psychiatry, e-mail consultation	high
1591	Medicinsk Laboratorium, METHYLMALONAT OG HOMOCYSTEIN	Medical Laboratory, methylmalonate and homocysteine	high
2658	Fodbehandling arvævspatienter, Afstandstillæg pleje/pension +10km	Foot treatment, scar-tissue patients, distance supplement nursing home/pension +10km	medium
1443	Københavns Praktiserende Lægers Laboratorium, Rotte IgE;P	Copenhagen GP Laboratory (KPLL), rat IgE;P	high
1345	Københavns Praktiserende Lægers Laboratorium, Muskelantistof	Copenhagen GP Laboratory (KPLL), muscle antibody	high
2953	Gynækologi/obstetrik, B-Sedimentationsreaktion 2	Gynaecology/obstetrics, (blood) sedimentation reaction 2	high
3039	Gynækologi/obstetrik, Serum-progesteron 6	Gynaecology/obstetrics, serum progesterone 6	high
350	Ortopædisk kirurgi, Revision Sår 1., med anæstesi	Orthopaedic surgery, wound revision 1st, with anaesthesia	high
282	Ortopædisk kirurgi, Fjernelse Negl, følgende	Orthopaedic surgery, nail removal, subsequent	high
2268	Statens Serum Institut, Ureaplasma urealyticum	Statens Serum Institut, Ureaplasma urealyticum	high
1919	Statens Serum Institut, ANA titrering pakke	Statens Serum Institut, ANA titration package	high
1545	Københavns Praktiserende Lægers Laboratorium, Von Willebrand;P	Copenhagen GP Laboratory (KPLL), von Willebrand;P	high
3668	Almen lægehjælp 80, Terminalpleje, amt 35	General practitioner, terminal care (county 35)	high
1438	Københavns Praktiserende Lægers Laboratorium, Rhesus antistof uge 35	Copenhagen GP Laboratory (KPLL), rhesus antibody week 35	high
2164	Statens Serum Institut, Parietalcelle antistof	Statens Serum Institut, parietal cell antibody	high
514	Ørelægehjælp, Øreprop tilpasning, amt 50	ENT service, ear plug fitting (county 50)	high
2486	Fysioterapi 51, Holdbehandling, amt 65	Physiotherapy, group treatment (county 65)	high
2242	Statens Serum Institut, TSH-receptor antistof	Statens Serum Institut, TSH-receptor antibody	high
4091	Kirurgi, Fjernelse Negl 1.	Surgery, nail removal 1st	high
242	Øjenlægehjælp, ukendt	Ophthalmology service, unknown	high
2669	Fodbehandling arvævspatienter, Orthoser	Foot treatment, scar-tissue patients, orthoses	high
3742	Almen lægehjælp 80, assistance	General practitioner, assistance	high
2119	Statens Serum Institut, Lever-nyre mikrosom	Statens Serum Institut, liver-kidney microsome	high
2670	Fodbehandling arvævspatienter, Orthoser silicone	Foot treatment, scar-tissue patients, silicone orthoses	high
2198	Statens Serum Institut, Rhinovirus PCR	Statens Serum Institut, rhinovirus PCR	high
1972	Statens Serum Institut, C1-inhibitorfunktion	Statens Serum Institut, C1-inhibitor function	high
1358	Københavns Praktiserende Lægers Laboratorium, Nortriptylin;P	Copenhagen GP Laboratory (KPLL), nortriptyline;P	high
1962	Statens Serum Institut, Aspergillus antistof	Statens Serum Institut, Aspergillus antibody	high
2984	Gynækologi/obstetrik, Fjernelse Svulst 1., med anæstesi	Gynaecology/obstetrics, tumour removal 1st, with anaesthesia	high
3477	Almen lægehjælp 80, Hepatitis B-vaccination, bopæl og sekundær	General practitioner, hepatitis B vaccination, residence and secondary	low
1039	Københavns Praktiserende Lægers Laboratorium, Chlamydia pneumoniae antistof	Copenhagen GP Laboratory (KPLL), Chlamydia pneumoniae antibody	high
1386	Københavns Praktiserende Lægers Laboratorium, Peberfrugt IgE;P	Copenhagen GP Laboratory (KPLL), bell pepper IgE;P	high
1455	Københavns Praktiserende Lægers Laboratorium, Selen;P	Copenhagen GP Laboratory (KPLL), selenium;P	high
1709	Medicinsk Laboratorium, TSH-RECEPTOR-Ab/THYReoidea	Medical Laboratory, TSH-receptor antibody/thyroid	high
1933	Statens Serum Institut, Adenovirus, DNA (PCR	Statens Serum Institut, adenovirus, DNA (PCR	high
4177	Kirurgi, Revision Sår 1.	Surgery, wound revision 1st	high
2869	Psykologhjælp, Gruppekonsultation 4 personer 1. konsultation	Psychology service, group consultation 4 persons, 1st consultation	high
2801	Vederlagsfri fysioterapi, Hold 7 personer, amt 51 62	Free-of-charge physiotherapy, group 7 persons (county) 51 62	medium
3746	Almen lægehjælp 80, besøg i hjemmet	General practitioner, home visit	high
3653	Almen lægehjælp 80, Supervision	General practitioner, supervision	high
1930	Statens Serum Institut, Adenovirus DNA (PCR	Statens Serum Institut, adenovirus DNA (PCR	high
2172	Statens Serum Institut, Pneumokok antigen	Statens Serum Institut, pneumococcal antigen	high
934	Københavns Praktiserende Lægers Laboratorium, ACTH;P	Copenhagen GP Laboratory (KPLL), ACTH;P (plasma)	high
2178	Statens Seruminstitut, Polymyositis (USA prøve)	Statens Serum Institut, polymyositis (USA sample)	medium
3347	Almen lægehjælp 80, Afstandstillæg 12-16 km	General practitioner, distance supplement 12-16 km	high
348	Ortopædisk kirurgi, Revision af sår, 1. gang	Orthopaedic surgery, wound revision, 1st	high
989	Københavns Praktiserende Lægers Laboratorium, Bicarbonat, standard; kapillærblod	Copenhagen GP Laboratory (KPLL), bicarbonate, standard; capillary blood	high
1620	Medicinsk Laboratorium, S(fPt)-ZINK 4	Medical Laboratory, S(fPt)-zinc 4	medium
1190	Københavns Praktiserende Lægers Laboratorium, HR-test Inhalation; blod	Copenhagen GP Laboratory (KPLL), HR test, inhalation; (blood)	medium
1184	Københavns Praktiserende Lægers Laboratorium, HR-test, Urticaria; blod	Copenhagen GP Laboratory (KPLL), HR test, urticaria; (blood)	medium
1985	Statens Seruminstitut, Cardiolipin i pakke	Statens Serum Institut, cardiolipin in package	high
3667	Almen lægehjælp 80, Terminal første kontakt	General practitioner, terminal first contact	medium
501	Ørelægehjælp, Udredning CPAP, amt 65	ENT service, CPAP assessment, (county 65)	medium
1117	Københavns Praktiserende Lægers Laboratorium, Fenobarbital; Plasma	Copenhagen GP Laboratory (KPLL), phenobarbital; (plasma)	high
2000	Statens Seruminstitut, Cytomegalvirus (CMV)	Statens Serum Institut, cytomegalovirus (CMV)	high
393	Ørelægehjælp, CPAP, Vejle amt	ENT service, CPAP, Vejle county	high
1705	Medicinsk Laboratorium, THYREOGLOBULIN	Medical Laboratory, thyroglobulin	high
2182	Statens Seruminstitut, Prostataspecifikt antigen	Statens Serum Institut, prostate-specific antigen	high
4018	KFA-vagtordning 89, 1. Behandling, knoglebrud	KFA on-call service 89, 1st treatment, bone fracture	high
1693	Medicinsk Laboratorium, S-Thyreoglobulin antistof	Medical Laboratory, S-thyroglobulin antibody	high
3086	Gynækologi/obstetrik, følgende labiumresektion	Gynaecology/obstetrics, subsequent labium resection	high
2185	Statens Seruminstitut, Rabies antistoffer	Statens Serum Institut, rabies antibodies	high
2570	Fodterapi, Indlæg type 3, enkelt	Podiatry, insole type 3, single	high
3360	Almen lægehjælp 80, Akutte tilfælde, EF	General practitioner, acute cases, EF	medium
1996	Statens Seruminstitut, Coxiella burnetii antistof	Statens Serum Institut, Coxiella burnetii antibody	high
3087	Gynækologi/obstetrik, følgende fentonplastik	Gynaecology/obstetrics, subsequent Fenton plasty	high
1414	Københavns Praktiserende Lægers Laboratorium, Protein S, Antigen frit; Plasma	Copenhagen GP Laboratory (KPLL), protein S, antigen free; (plasma)	high
3730	Almen lægehjælp 80, Vandrejournal §2-aftale	General practitioner, antenatal record (pregnancy journal) (§2 agreement)	medium
1667	Medicinsk Laboratorium, S-Intrinsic factor antistof	Medical Laboratory, S-intrinsic factor antibody	high
2338	Diagnostisk radiologi, Hals	Diagnostic radiology, neck	high
928	Dermato-venerologi, venerologisk telefonkonsultation, a80	Dermato-venereology, venereological telephone consultation, a80	medium
4058	Kirurgi, Arteria temporalis biopsi	Surgery, temporal artery biopsy	high
1950	Statens Seruminstitut, Analysesvar fra Laboratorium	Statens Serum Institut, analysis result from laboratory	high
1016	Københavns Praktiserende Lægers Laboratorium, C1-esterase inhibitor; Plasma	Copenhagen GP Laboratory (KPLL), C1-esterase inhibitor; (plasma)	high
4107	Kirurgi, Incision af absces, 1., med anæstesi	Surgery, abscess incision, 1st, with anaesthesia	high
4000	Præhospital, Besøg på ruten	Pre-hospital, visit on the route	high
902	Dermato-venerologi, Urinprøvetagning, steril, 4	Dermato-venereology, urine sampling, sterile, 4	high
1529	Københavns Praktiserende Lægers Laboratorium, Undulat IgE; Plasma	Copenhagen GP Laboratory (KPLL), budgerigar IgE; (plasma)	high
3144	Intern medicin, Koloskopi, amt 20	Internal medicine, colonoscopy, (county 20)	high
3140	Intern medicin, Holter, manuel analyse	Internal medicine, Holter monitoring, manual analysis	medium
2797	Vederlagsfri fysioterapi, Hold 5 personer, amt 51 62	Free-of-charge physiotherapy, group of 5, (counties 51 62)	high
480	Ørelægehjælp, Sinoskopi, med anæstesi	ENT service, sinoscopy, with anaesthesia	high
3988	Præhospital, 1. Behandling, knoglebrud	Pre-hospital, 1st treatment, bone fracture	high
3938	Vagtlægehjælp 83, Paracentese - Trommehinde	On-call GP service 83, paracentesis - eardrum	high
1918	Statens Seruminstitut, ANA titrering i pakke	Statens Serum Institut, ANA titration in package	high
2334	Diagnostisk radiologi, Funktionsundersøgelse rygsøjle, if	Diagnostic radiology, functional examination of the spine, if	medium
1342	Københavns Praktiserende Lægers Laboratorium, Morbilli antistof	Copenhagen GP Laboratory (KPLL), measles (morbilli) antibody	high
3316	Almen lægehjælp 80, 2 moduler	General practitioner, 2 modules	high
3005	Gynækologi/obstetrik, Kontrol cystoskopi	Gynaecology/obstetrics, follow-up cystoscopy	high
960	Københavns Praktiserende Lægers Laboratorium, Amitriptylin; Plasma	Copenhagen GP Laboratory (KPLL), amitriptyline; (plasma)	high
1048	Københavns Praktiserende Lægers Laboratorium, Clomipramin; Plasma	Copenhagen GP Laboratory (KPLL), clomipramine; (plasma)	high
3170	Intern medicin, S-Bilirubiner 5	Internal medicine, S-bilirubins 5	high
1046	Københavns Praktiserende Lægers Laboratorium, Cladosporium cladosporioides IgE; Plasma	Copenhagen GP Laboratory (KPLL), Cladosporium cladosporioides IgE; (plasma)	high
3356	Almen lægehjælp 80, Afstandstakst pr. km	General practitioner, distance rate per km	high
1675	Medicinsk Laboratorium, S-MYOGLOBIN	Medical Laboratory, S-myoglobin	high
3568	Almen lægehjælp 80, Motion på recept, a20	General practitioner, exercise on prescription, a20	medium
2945	Gynækologi/obstetrik, 3. konsultation, udvidet	Gynaecology/obstetrics, 3rd consultation, extended	high
920	Dermato-venerologi, laserbehandling, røde modermærker	Dermato-venereology, laser treatment, red birthmarks	high
3722	Almen lægehjælp 80, Vaccination efter arbejdsuheld	General practitioner, vaccination after work accident	medium
2243	Statens Seruminstitut, Taenia antistof (Cysticercose)	Statens Serum Institut, Taenia antibody (cysticercosis)	high
3740	Almen lægehjælp 80, afstandstakst over 10 km	General practitioner, distance rate over 10 km	high
2003	Statens Seruminstitut, Dehydroepiandrosteron	Statens Serum Institut, dehydroepiandrosterone	high
2589	Ortonyxi, Afstandstillæg over 10 km	Orthonyxia, distance supplement over 10 km	high
2143	Statens Seruminstitut, Mycoplasma hominis	Statens Serum Institut, Mycoplasma hominis	high
3949	Vagtlægehjælp 83, Særlig konsultation, vagt, a42	On-call GP service 83, special on-call consultation, a42	medium
1037	Københavns Praktiserende Lægers Laboratorium, Chaetomium globosum IgE; Plasma	Copenhagen GP Laboratory (KPLL), Chaetomium globosum IgE; (plasma)	high
1541	Københavns Praktiserende Lægers Laboratorium, Vitamin A; Plasma	Copenhagen GP Laboratory (KPLL), vitamin A; (plasma)	high
2193	Statens Seruminstitut, Respirationsvejs PCR	Statens Serum Institut, respiratory tract PCR	medium
2605	Ortonyxi, Ortheser silicone	Orthonyxia, silicone orthoses	high
2158	Statens Seruminstitut, Parasitter fra immunsupprimeret	Statens Serum Institut, parasites from immunosuppressed	medium
4026	KFA-vagtordning 89, Fjernelse af svulster	KFA on-call service 89, removal of tumours	high
969	Københavns Praktiserende Lægers Laboratorium, Antitrombin; Plasma	Copenhagen GP Laboratory (KPLL), antithrombin; (plasma)	high
2802	Vederlagsfri fysioterapi, Hold 8 personer, amt 51 62	Free-of-charge physiotherapy, group of 8, (counties 51 62)	high
1024	Københavns Praktiserende Lægers Laboratorium, Cacao IgE; Plasma	Copenhagen GP Laboratory (KPLL), cocoa IgE; (plasma)	high
2966	Gynækologi/obstetrik, Deinfibulation	Gynaecology/obstetrics, deinfibulation	high
2234	Statens Seruminstitut, TPB standardanalyse plus 1 supplerende	Statens Serum Institut, TPB standard analysis plus 1 supplementary	medium
1571	Medicinsk Laboratorium, Amiodaron	Medical Laboratory, amiodarone	high
472	Ørelægehjælp, Rhinoplastik	ENT service, rhinoplasty	high
2146	Statens Seruminstitut, Mykobakterier, artsbestemmelse	Statens Serum Institut, mycobacteria, species identification	medium
2092	Statens Seruminstitut, Human immundefekt virus (HIV)	Statens Serum Institut, human immunodeficiency virus (HIV)	high
2050	Statens Seruminstitut, Gonokokker, dyrkning	Statens Serum Institut, gonococci, culture	high
3885	Vagtlægehjælp 83, 1. behandling brud skinneben	On-call GP service 83, 1st treatment of shin-bone fracture	high
159	Øjenlægehjælp, Fjernelse xanthelasmata med anæstesi	Ophthalmology service, removal of xanthelasmata with anaesthesia	high
4220	Kirurgi, fjernelse slimsæk albue 1. med anæstesi	Surgery, removal of bursa, elbow, 1st, with anaesthesia	high
1927	Statens Seruminstitut, ASCA (IgG, IgA, IgM)	Statens Serum Institut, ASCA (IgG, IgA, IgM)	high
3346	Almen lægehjælp 80, Afstandstillæg 0-4 km	General practitioner, distance supplement 0-4 km	high
508	Ørelægehjælp, e-mail konsultation	ENT service, e-mail consultation	high
2052	Statens Seruminstitut, Gonokokker, resistensbestemmelse	Statens Serum Institut, gonococci, resistance testing	medium
1655	Medicinsk Laboratorium, S-Komplement C3c	Medical Laboratory, S-complement C3c	high
2019	Statens Seruminstitut, Echinococcus Multilocularis	Statens Serum Institut, Echinococcus multilocularis	high
975	Københavns Praktiserende Lægers Laboratorium, Aspergillus fumigatus IgE;P (plasma)	Copenhagen GP Laboratory (KPLL), Aspergillus fumigatus IgE;P (plasma)	high
1099	Københavns Praktiserende Lægers Laboratorium, Entamoeba Histolytica antistof;P (plasma)	Copenhagen GP Laboratory (KPLL), Entamoeba histolytica antibody;P (plasma)	high
888	Dermato-venerologi, Smitteopsporing	Dermato-venereology, contact tracing	high
1323	Københavns Praktiserende Lægers Laboratorium, Malassezia IgE;P (plasma)	Copenhagen GP Laboratory (KPLL), Malassezia IgE;P (plasma)	high
1924	Statens Seruminstitut, ANCA panel	Statens Serum Institut, ANCA panel	high
150	Øjenlægehjælp, E-mail konsultation	Ophthalmology service, e-mail consultation	high
1079	Københavns Praktiserende Lægers Laboratorium, Doxepin;P (plasma)	Copenhagen GP Laboratory (KPLL), doxepin;P (plasma)	high
4110	Kirurgi, Incision cyste, følgende	Surgery, incision of cyst, subsequent	high
1110	Københavns Praktiserende Lægers Laboratorium, Etanol;P (plasma)	Copenhagen GP Laboratory (KPLL), ethanol;P (plasma)	high
1491	Københavns Praktiserende Lægers Laboratorium, Teofyllin;P (plasma)	Copenhagen GP Laboratory (KPLL), theophylline;P (plasma)	high
1454	Københavns Praktiserende Lægers Laboratorium, Schistosoma antistof	Copenhagen GP Laboratory (KPLL), Schistosoma antibody	high
4111	Kirurgi, Incision cyste 1. med anæstesi	Surgery, incision of cyst, 1st, with anaesthesia	high
2724	Fysioterapi 61, Apparaturbehandling	Physiotherapy 61, equipment treatment	high
1032	Københavns Praktiserende Lægers Laboratorium, Cannabinoler;U (urin)	Copenhagen GP Laboratory (KPLL), cannabinoids;U (urine)	high
2217	Statens Seruminstitut, Spermie antistof	Statens Serum Institut, sperm antibody	high
1656	Medicinsk Laboratorium, S-Komplement C4c	Medical Laboratory, S-complement C4c	high
2736	Fysioterapi 61, Kort behandling	Physiotherapy 61, short treatment	high
1540	Københavns Praktiserende Lægers Laboratorium, Vindrue IgE;P (plasma)	Copenhagen GP Laboratory (KPLL), grape IgE;P (plasma)	high
3827	Kak vagtlægehjælp 82, 1. Behandling knoglebrud	KAK on-call GP 82, 1st treatment of bone fracture	high
2093	Statens Seruminstitut, Humant choriongonadotropin (hCG)	Statens Serum Institut, human chorionic gonadotropin (hCG)	high
942	Københavns Praktiserende Lægers Laboratorium, Acetylcholin receptor antistof	Copenhagen GP Laboratory (KPLL), acetylcholine receptor antibody	high
3075	Gynækologi/obstetrik, Vaginalplastik, følgende operation	Gynaecology/obstetrics, vaginoplasty, subsequent operation	high
2252	Statens Seruminstitut, Tillæg udvidet positiv syfilis	Statens Serum Institut, supplement, extended positive syphilis	medium
4066	Kirurgi, Brokoperation protese	Surgery, hernia operation with prosthesis	high
2664	Fodbehandling arvævspatienter, Indlæg type 1 enkelt	Foot treatment, scar-tissue patients, insole type 1, single	high
1961	Statens Seruminstitut, Arbovirus (andre) antistof	Statens Serum Institut, arbovirus (other) antibody	medium
1061	Københavns Praktiserende Lægers Laboratorium, Creatinin;U (urin)	Copenhagen GP Laboratory (KPLL), creatinine;U (urine)	high
1479	Københavns Praktiserende Lægers Laboratorium, Syre-base (kapillær)	Copenhagen GP Laboratory (KPLL), acid-base (capillary)	high
2104	Statens Seruminstitut, Insulin i Diabetes	Statens Serum Institut, insulin in diabetes	medium
1010	Københavns Praktiserende Lægers Laboratorium, Burfugle IgE;P (plasma)	Copenhagen GP Laboratory (KPLL), cage birds IgE;P (plasma)	high
1371	Københavns Praktiserende Lægers Laboratorium, PKU test (baby)	Copenhagen GP Laboratory (KPLL), PKU test (baby)	high
2793	Vederlagsfri fysioterapi, Hold 3 personer amt 51 62	Free-of-charge physiotherapy, group of 3 persons, county 51 62	medium
2368	Diagnostisk radiologi, Nyrer	Diagnostic radiology, kidneys	high
2253	Statens Seruminstitut, Toxocara antistof	Statens Serum Institut, Toxocara antibody	high
2118	Statens Seruminstitut, Lever cytosol i Hepatitis	Statens Serum Institut, liver cytosol in hepatitis	medium
1995	Statens Seruminstitut, Cortisol	Statens Serum Institut, cortisol	high
2045	Statens Seruminstitut, Glat muskel i Hepatitis	Statens Serum Institut, smooth muscle in hepatitis	medium
1038	Københavns Praktiserende Lægers Laboratorium, Chilipeber IgE;P (plasma)	Copenhagen GP Laboratory (KPLL), chilli pepper IgE;P (plasma)	high
2132	Statens Seruminstitut, Microsporidium	Statens Serum Institut, Microsporidium	high
2855	Psykologhjælp, 1. konsultation incest, amt 65	Psychology service, 1st consultation, incest, county 65	medium
1970	Statens Seruminstitut, Brucella antistof	Statens Serum Institut, Brucella antibody	high
1407	Københavns Praktiserende Lægers Laboratorium, Pro-Collagen III-P;P (plasma)	Copenhagen GP Laboratory (KPLL), pro-collagen III-P;P (plasma)	high
1957	Statens Seruminstitut, Anti-MuSK	Statens Serum Institut, anti-MuSK	high
4187	Kirurgi, Sigmoideoskopi, amt 20	Surgery, sigmoidoscopy, county 20	high
3916	Vagtlægehjælp 83, Fjernelse af negl	On-call GP service 83, removal of nail	high
1365	Københavns Praktiserende Lægers Laboratorium, Osmolalitet;U (urin)	Copenhagen GP Laboratory (KPLL), osmolality;U (urine)	high
4201	Kirurgi, Trucut biopsi	Surgery, Trucut biopsy	high
304	Ortopædisk kirurgi, Operation bulla finger, 1. med anæstesi	Orthopaedic surgery, operation for bulla, finger, 1st, with anaesthesia	medium
1364	Københavns Praktiserende Lægers Laboratorium, Osmolalitet;P (plasma)	Copenhagen GP Laboratory (KPLL), osmolality;P (plasma)	high
1914	Statens Seruminstitut, 11-Deoxycortisol	Statens Serum Institut, 11-deoxycortisol	high
1940	Statens Seruminstitut, Almindelig bakteriologisk undersøgelse (normalflora)	Statens Serum Institut, ordinary bacteriological examination (normal flora)	medium
4108	Kirurgi, Incision absces, følgende	Surgery, incision of abscess, subsequent	high
2035	Statens Seruminstitut, Francisella tularensis	Statens Serum Institut, Francisella tularensis	high
2996	Gynækologi/obstetrik, Incision cyste, følgende	Gynaecology/obstetrics, incision of cyst, subsequent	high
1390	Københavns Praktiserende Lægers Laboratorium, Penicillin species IgE;P (plasma)	Copenhagen GP Laboratory (KPLL), penicillin species IgE;P (plasma)	high
3349	Almen lægehjælp 80, Afstandstillæg 16-20 km	General practitioner, distance supplement 16-20 km	high
1055	Københavns Praktiserende Lægers Laboratorium, Coombs' test	Copenhagen GP Laboratory (KPLL), Coombs' test	high
3513	Almen lægehjælp 80, Intervention amt 13	General practitioner, intervention, county 13	medium
2231	Statens Seruminstitut, TPB Standard + coli + 1 supplement	Statens Serum Institut, TPB standard + coli + 1 supplement	medium
1058	Københavns Praktiserende Lægers Laboratorium, Cortisol 30 min efter ACTH	Copenhagen GP Laboratory (KPLL), cortisol 30 min after ACTH	high
2878	Psykologhjælp, Gruppekonsultation 3 personer, efterfølgende	Psychology service, group consultation 3 persons, subsequent	high
974	Københavns Praktiserende Lægers Laboratorium, Ascorbat;Plasma	Copenhagen GP Laboratory (KPLL), ascorbate;P	high
2353	Diagnostisk radiologi, Kranium	Diagnostic radiology, cranium	high
1538	Københavns Praktiserende Lægers Laboratorium, Vasopressin;Plasma	Copenhagen GP Laboratory (KPLL), vasopressin;P	high
1071	Københavns Praktiserende Lægers Laboratorium, Denguevirus antistof;Plasma	Copenhagen GP Laboratory (KPLL), dengue virus antibody;P	high
3707	Almen lægehjælp 80, Ulykke - besøg	General practitioner, accident - visit	high
1396	Københavns Praktiserende Lægers Laboratorium, Pistacie IgE;Plasma	Copenhagen GP Laboratory (KPLL), pistachio IgE;P	high
1136	Københavns Praktiserende Lægers Laboratorium, Gabapentin;Plasma	Copenhagen GP Laboratory (KPLL), gabapentin;P	high
1220	Københavns Praktiserende Lægers Laboratorium, Hummer IgE;Plasma	Copenhagen GP Laboratory (KPLL), lobster IgE;P	high
2173	Statens Seruminstitut, Pneumokok antigen	Statens Serum Institut, pneumococcus antigen	high
492	Ørelægehjælp, Tilpasning CPAP, amt 65	ENT service, CPAP fitting (county 65)	high
2498	Fysioterapi 51, Ledmobilisering	Physiotherapy, joint mobilisation	high
914	Dermato-venerologi, Behandling af patient med svedtendens	Dermato-venereology, treatment of patient with tendency to sweating	high
2156	Statens Seruminstitut, Paraneoplastisk syndrom	Statens Serum Institut, paraneoplastic syndrome	high
3804	KFA-vagtordning 81, Fjernelse af svulster	KFA on-call service 81, removal of tumours	high
1682	Medicinsk Laboratorium, Serum-propafenon	Medical Laboratory, S-propafenone	high
1392	Københavns Praktiserende Lægers Laboratorium, Perphenazin;Plasma	Copenhagen GP Laboratory (KPLL), perphenazine;P	high
3960	Vagtlægehjælp 83, Udvidet lungefunktionsundersøgelse 9	On-call GP service 83, extended lung function examination 9	high
2200	Statens Seruminstitut, Rota-, adeno- & astrovirus	Statens Serum Institut, rota-, adeno- & astrovirus	high
1577	Medicinsk Laboratorium, Blod-mangan Mn 12	Medical Laboratory, B-manganese Mn 12	high
2223	Statens Seruminstitut, Syfilisbakterier, mikroskopi	Statens Serum Institut, syphilis bacteria, microscopy	high
3694	Almen lægehjælp 80, Transferrin	General practitioner, transferrin	high
1369	Københavns Praktiserende Lægers Laboratorium, Oxyuris-æg, anal;Fæces	Copenhagen GP Laboratory (KPLL), Oxyuris eggs, anal;faeces	high
1375	Københavns Praktiserende Lægers Laboratorium, Papegøjefjer IgE;Plasma	Copenhagen GP Laboratory (KPLL), parrot feather IgE;P	high
2843	Vederlagsfri fysioterapi, Psykosomatisk fysioterapi HHK	Free-of-charge physiotherapy, psychosomatic physiotherapy HHK	medium
925	Dermato-venerologi, Venerologi 1. konsultation, amt 80	Dermato-venereology, venereology 1st consultation (county 80)	high
2211	Statens Seruminstitut, Schistosoma	Statens Serum Institut, Schistosoma	high
3351	Almen lægehjælp 80, Afstandstillæg 4-8 km	General practitioner, distance supplement 4-8 km	high
2381	Diagnostisk radiologi, Underarm	Diagnostic radiology, forearm	high
3025	Gynækologi/obstetrik, Ovariecystepunktur 1.	Gynaecology/obstetrics, ovarian cyst puncture, 1st	high
1265	Københavns Praktiserende Lægers Laboratorium, Kiwifrugt IgE;Plasma	Copenhagen GP Laboratory (KPLL), kiwi fruit IgE;P	high
3487	Almen lægehjælp 80, Honorar ved vagtordning på øer	General practitioner, fee for on-call service on islands	high
1967	Statens Seruminstitut, Beta-2-glykoprotein	Statens Serum Institut, beta-2 glycoprotein	high
2152	Statens Seruminstitut, PCR for Haemophilus	Statens Serum Institut, PCR for Haemophilus	high
1260	Københavns Praktiserende Lægers Laboratorium, Kanel IgE;Plasma	Copenhagen GP Laboratory (KPLL), cinnamon IgE;P	high
2202	Statens Seruminstitut, Rotavirus antigen i fæces	Statens Serum Institut, rotavirus antigen in faeces	high
576	Psykiatri, Telefonisk koordinering	Psychiatry, telephone coordination	high
1120	Københavns Praktiserende Lægers Laboratorium, Ferroxidase;Plasma	Copenhagen GP Laboratory (KPLL), ferroxidase;P	high
1674	Medicinsk Laboratorium, Serum-mastcelle CLA:TOP	Medical Laboratory, S-mast cell CLA:TOP	low
1275	Københavns Praktiserende Lægers Laboratorium, Krydderi 1 IgE;Plasma	Copenhagen GP Laboratory (KPLL), spice 1 IgE;P	high
2947	Gynækologi/obstetrik, 4. konsultation, afsluttet	Gynaecology/obstetrics, 4th consultation, completed	high
390	Ørelægehjælp, Bronkoskopi	ENT service, bronchoscopy	high
322	Ortopædisk kirurgi, Operation knyst 1., med anæstesi	Orthopaedic surgery, bunion operation, 1st, with anaesthesia	high
2168	Statens Seruminstitut, Persisterende + 1	Statens Serum Institut, persistent + 1	low
856	Dermato-venerologi, Klidbade	Dermato-venereology, bran baths	high
2993	Gynækologi/obstetrik, Incision absces, efterfølgende	Gynaecology/obstetrics, incision of abscess, subsequent	high
1273	Københavns Praktiserende Lægers Laboratorium, Krebs IgE;Plasma	Copenhagen GP Laboratory (KPLL), crab IgE;P	high
1366	Københavns Praktiserende Lægers Laboratorium, Osteocalcin;Plasma	Copenhagen GP Laboratory (KPLL), osteocalcin;P	high
1397	Københavns Praktiserende Lægers Laboratorium, Pityrosporum orbiculare IgE;Plasma	Copenhagen GP Laboratory (KPLL), Pityrosporum orbiculare IgE;P	high
2795	Vederlagsfri fysioterapi, Hold 4 personer, amt 51 62	Free-of-charge physiotherapy, group of 4 persons (county 51 62)	medium
1929	Statens Seruminstitut, Actinomyces, dyrkning	Statens Serum Institut, Actinomyces, culture	high
1931	Statens Seruminstitut, Adenovirus antigen	Statens Serum Institut, adenovirus antigen	high
2500	Fysioterapi 51, Lokaleleje B050 i vederlagsfri behandling	Physiotherapy, premises rent B050 in free-of-charge treatment	medium
1159	Københavns Praktiserende Lægers Laboratorium, Glutamatdecarboxylase-65 antistof	Copenhagen GP Laboratory (KPLL), glutamate decarboxylase-65 antibody	high
1544	Københavns Praktiserende Lægers Laboratorium, Vitamin E;Plasma	Copenhagen GP Laboratory (KPLL), vitamin E;P	high
1081	Københavns Praktiserende Lægers Laboratorium, Erytrocyt-protoporphyrin	Copenhagen GP Laboratory (KPLL), erythrocyte protoporphyrin	high
2336	Diagnostisk radiologi, Haleben	Diagnostic radiology, coccyx	high
3407	Almen lægehjælp 80, Blodprøve 2. graviditetsundersøgelse	General practitioner, blood test, 2nd pregnancy examination	high
1677	Medicinsk Laboratorium, Serum-penicillin V 8	Medical Laboratory, S-penicillin V 8	high
2391	Diagnostisk radiologi, Ekstremiteter, følgende	Diagnostic radiology, extremities, subsequent	high
1430	Københavns Praktiserende Lægers Laboratorium, Reje IgE;Plasma	Copenhagen GP Laboratory (KPLL), shrimp IgE;P	high
1008	Københavns Praktiserende Lægers Laboratorium, Boghvede IgE;Plasma	Copenhagen GP Laboratory (KPLL), buckwheat IgE;P	high
1057	Københavns Praktiserende Lægers Laboratorium, Cortisol 0 min ACTH	Copenhagen GP Laboratory (KPLL), cortisol 0 min ACTH	high
1616	Medicinsk Laboratorium, Plasma/Serum-beta-2-mikroglobulin	Medical Laboratory, P/S-beta-2-microglobulin	high
1267	Københavns Praktiserende Lægers Laboratorium, Kobber;Plasma	Copenhagen GP Laboratory (KPLL), copper;P	high
3780	Almen lægehjælp 80, Udskrivningskonference, amt 60	General practitioner, discharge conference (county 60)	high
3974	Vagtlægehjælp 83, §2-B035 Kilometer	On-call GP service 83, §2-B035 kilometre	high
1045	Københavns Praktiserende Lægers Laboratorium, Citron IgE;Plasma	Copenhagen GP Laboratory (KPLL), lemon IgE;P	high
2264	Statens Seruminstitut, Trypanosoma antistof	Statens Serum Institut, Trypanosoma antibody	high
1593	Medicinsk Laboratorium, Narkotikum og benzodiazepiner	Medical Laboratory, narcotic and benzodiazepines	high
2176	Statens Seruminstitut, Pneumokok vaccine, pakke	Statens Serum Institut, pneumococcus vaccine, package	medium
3687	Almen lægehjælp 80, Telefonkonsultation, medicin	General practitioner, telephone consultation, medication	high
3082	Gynækologi/obstetrik, ambulant besøg amt35	Gynaecology/obstetrics, outpatient visit (county 35)	high
2395	Diagnostisk radiologi, hals følgende	Diagnostic radiology, neck, subsequent	high
3088	Gynækologi/obstetrik, følgende marsupialisation	Gynaecology/obstetrics, subsequent marsupialisation	high
1528	Københavns Praktiserende Lægers Laboratorium, Uklassificerbar karbohydrat IgE;P	Copenhagen GP Laboratory (KPLL), unclassifiable carbohydrate IgE (plasma)	medium
275	Ortopædisk kirurgi, E-mail konsultation	Orthopaedic surgery, e-mail consultation	high
966	Københavns Praktiserende Lægers Laboratorium, Ananas IgE;P	Copenhagen GP Laboratory (KPLL), pineapple IgE (plasma)	high
3962	Vagtlægehjælp 83, Urin Til Resistens 6	On-call GP service 83, urine for resistance 6	medium
1707	Medicinsk Laboratorium, THYROXIN (FRIT)	Medical Laboratory, thyroxine (free)	high
2128	Statens Seruminstitut, MPO-ANCA (IgG)	Statens Serum Institut, MPO-ANCA (IgG)	high
1044	Københavns Praktiserende Lægers Laboratorium, Citalopram;P	Copenhagen GP Laboratory (KPLL), citalopram (plasma)	high
1997	Statens Seruminstitut, Cryptosporidium	Statens Serum Institut, Cryptosporidium	high
1066	Københavns Praktiserende Lægers Laboratorium, Cystisk Fibrose (DNA)	Copenhagen GP Laboratory (KPLL), cystic fibrosis (DNA)	high
1305	Københavns Praktiserende Lægers Laboratorium, Lungefunktion efter steroid	Copenhagen GP Laboratory (KPLL), lung function after steroid	high
2383	Diagnostisk radiologi, Underarm følgende	Diagnostic radiology, forearm, subsequent	high
1523	Københavns Praktiserende Lægers Laboratorium, Urin-M-Komponent	Copenhagen GP Laboratory (KPLL), urine M-component	high
1370	Københavns Praktiserende Lægers Laboratorium, Plasma-Hæmoglobin frit;P	Copenhagen GP Laboratory (KPLL), plasma haemoglobin, free (plasma)	high
1276	Københavns Praktiserende Lægers Laboratorium, Krydderi 2 IgE;P	Copenhagen GP Laboratory (KPLL), spice 2 IgE (plasma)	high
1548	Københavns Praktiserende Lægers Laboratorium, Vævstransglutaminase glutamin IgG;P	Copenhagen GP Laboratory (KPLL), tissue transglutaminase glutamine IgG (plasma)	medium
2120	Statens Seruminstitut, Listeria antistoffer	Statens Serum Institut, Listeria antibodies	high
1301	Københavns Praktiserende Lægers Laboratorium, Levetiracetam;P	Copenhagen GP Laboratory (KPLL), levetiracetam (plasma)	high
1339	Københavns Praktiserende Lægers Laboratorium, Mononukleose test (Plasma-Blod)	Copenhagen GP Laboratory (KPLL), mononucleosis test (plasma-blood)	medium
1474	Københavns Praktiserende Lægers Laboratorium, Svampe (mx2) IgE;P	Copenhagen GP Laboratory (KPLL), moulds (mx2) IgE (plasma)	medium
2263	Statens Seruminstitut, Trofozoitter, mikroskopi for	Statens Serum Institut, trophozoites, microscopy for	medium
2261	Statens Seruminstitut, Trichomonas vaginalis	Statens Serum Institut, Trichomonas vaginalis	high
1662	Medicinsk Laboratorium, S-FERROXIDASE	Medical Laboratory, serum ferroxidase	high
3917	Vagtlægehjælp 83, Flere Sikrede Ved Institutionsbesøg	On-call GP service 83, multiple insured persons at institution visit	medium
1111	Københavns Praktiserende Lægers Laboratorium, Ethosuximid;P	Copenhagen GP Laboratory (KPLL), ethosuximide (plasma)	high
2107	Statens Seruminstitut, KULPODEPIND plast,	Statens Serum Institut, charcoal swab stick, plastic,	medium
2790	Vederlagsfri fysioterapi, Hold 1. periode amt 51 62	Free-of-charge physiotherapy, group session, 1st period (county 51 62)	medium
3846	Kak vagtlægehjælp 82, Fortsat Kontrol 2141	KAK on-call GP 82, continued follow-up 2141	medium
2626	Ridefysioterapi, Rideskole uden hal 4 pr.	Horseback-riding physiotherapy, riding school without indoor arena 4 per	medium
1019	Københavns Praktiserende Lægers Laboratorium, CD4/CD8 lymfocyt	Copenhagen GP Laboratory (KPLL), CD4/CD8 lymphocyte	high
2387	Diagnostisk radiologi, bihuler følgende	Diagnostic radiology, sinuses, subsequent	high
978	Københavns Praktiserende Lægers Laboratorium, Avocado IgE;P	Copenhagen GP Laboratory (KPLL), avocado IgE (plasma)	high
1492	Københavns Praktiserende Lægers Laboratorium, Testosteron frit;P	Copenhagen GP Laboratory (KPLL), testosterone, free (plasma)	high
992	Københavns Praktiserende Lægers Laboratorium, Bigift IgG;P	Copenhagen GP Laboratory (KPLL), bee venom IgG (plasma)	high
2179	Statens Seruminstitut, Poxvirus, Elektronmikroskopi	Statens Serum Institut, poxvirus, electron microscopy	medium
2175	Statens Seruminstitut, Pneumokok antistoffer	Statens Serum Institut, pneumococcal antibodies	high
1679	Medicinsk Laboratorium, S-PEPTIDYLDIPEPTIDASE 2	Medical Laboratory, serum peptidyl-dipeptidase 2	medium
1594	Medicinsk Laboratorium, NARKOTIKUM; ARBEJDSKONTROL (	Medical Laboratory, narcotic; workplace control (	medium
481	Ørelægehjælp, Sinoscopi an.	ENT service, sinoscopy with anaesthesia	high
2063	Statens Seruminstitut, Hantavirus PCR (RNA)	Statens Serum Institut, hantavirus PCR (RNA)	high
3314	Almen lægehjælp 80, 1. konsultation Demens §2 amt35	General practitioner, 1st consultation, dementia (§2 agreement, county 35)	medium
2210	Statens Seruminstitut, Sarcolemma antistoffer	Statens Serum Institut, sarcolemma antibodies	high
1100	Københavns Praktiserende Lægers Laboratorium, Eosinofil Cationisk Protein;P	Copenhagen GP Laboratory (KPLL), eosinophil cationic protein (plasma)	high
1277	Københavns Praktiserende Lægers Laboratorium, Krydderi 3 IgE;P	Copenhagen GP Laboratory (KPLL), spice 3 IgE (plasma)	high
2186	Statens Seruminstitut, Rabies vaccine 1 dosis	Statens Serum Institut, rabies vaccine, 1st dose	medium
1480	Københavns Praktiserende Lægers Laboratorium, T-3, reverse	Copenhagen GP Laboratory (KPLL), T3, reverse	high
884	Dermato-venerologi, Senere konsultation 3 digitalfoto	Dermato-venereology, later consultation, 3 digital photos	medium
4178	Kirurgi, Revision Sår Følgende	Surgery, wound revision, subsequent	high
2124	Statens Seruminstitut, M-Komponent	Statens Serum Institut, M-component	high
2995	Gynækologi/obstetrik, Incision Cyste 1. an.	Gynaecology/obstetrics, incision of cyst, 1st, with anaesthesia	high
1496	Københavns Praktiserende Lægers Laboratorium, Thyreoglobulin;P	Copenhagen GP Laboratory (KPLL), thyroglobulin (plasma)	high
3763	Almen lægehjælp 80, møde 1 modul §2 amt35	General practitioner, meeting, 1 module (§2 agreement, county 35)	medium
1042	Københavns Praktiserende Lægers Laboratorium, Cholinesterase;P	Copenhagen GP Laboratory (KPLL), cholinesterase (plasma)	high
3860	Kak vagtlægehjælp 82, Paracentese - Trommehinde	KAK on-call GP 82, paracentesis - eardrum	medium
3829	Kak vagtlægehjælp 82, 1. behandling brud	KAK on-call GP 82, 1st treatment, fracture	high
1303	Københavns Praktiserende Lægers Laboratorium, Lipoprotein(a);P	Copenhagen GP Laboratory (KPLL), lipoprotein(a) (plasma)	high
513	Ørelægehjælp, ukendt	ENT service, unknown	high
1330	Københavns Praktiserende Lægers Laboratorium, Methotrexat;P	Copenhagen GP Laboratory (KPLL), methotrexate (plasma)	high
190	Øjenlægehjælp, Nødvendig Assistance	Ophthalmology service, necessary assistance	high
1278	Københavns Praktiserende Lægers Laboratorium, Kvalitetssikring	Copenhagen GP Laboratory (KPLL), quality assurance	high
1213	Københavns Praktiserende Lægers Laboratorium, Herlev diverse	Copenhagen GP Laboratory (KPLL), Herlev miscellaneous	medium
2125	Statens Seruminstitut, MBL deficiens under	Statens Serum Institut, MBL deficiency under	medium
3583	Almen lægehjælp 80, Operation - Fissura Ani	General practitioner, operation - anal fissure	high
3348	Almen lægehjælp 80, Afstandstillæg 12-16 km	General practitioner, distance supplement 12-16 km	high
1515	Københavns Praktiserende Lægers Laboratorium, Tryptase;P	Copenhagen GP Laboratory (KPLL), tryptase (plasma)	high
1219	Københavns Praktiserende Lægers Laboratorium, Humle IgE;P	Copenhagen GP Laboratory (KPLL), hops IgE (plasma)	high
1926	Statens Seruminstitut, ANCA titrering IgG	Statens Serum Institut, ANCA titration IgG	high
3353	Almen lægehjælp 80, Afstandstillæg 8-12 km	General practitioner, distance supplement 8-12 km	high
2367	Diagnostisk radiologi, Nedre abdomen, blære	Diagnostic radiology, lower abdomen, bladder	high
2215	Statens Seruminstitut, Sensorisk neuropati	Statens Serum Institut, sensory neuropathy	high
1442	Københavns Praktiserende Lægers Laboratorium, Risperidon;P	Copenhagen GP Laboratory (KPLL), risperidone (plasma)	high
4078	Kirurgi, E-mail konsultation	Surgery, e-mail consultation	high
1070	Københavns Praktiserende Lægers Laboratorium, DNA-koagulation 2, nr. 20210	Copenhagen GP Laboratory (KPLL), DNA coagulation 2, no.20210	low
3724	Almen lægehjælp 80, Vaccination af syge, fjernelse af milt/knogle	General practitioner, vaccination of the ill, removal of spleen/bone	low
3174	Intern medicin, S-Rheumatoid Arthritis Test 3	Internal medicine, S-Rheumatoid Arthritis Test 3	medium
1622	Medicinsk Laboratorium, S-17-OH-Progesteron 2	Medical Laboratory, S-17-OH-Progesterone 2	high
2048	Statens Seruminstitut, Glomerulus basalmembran	Statens Serum Institut, glomerular basement membrane	high
4188	Kirurgi, Sperma-undersøgelse 15	Surgery, sperm examination 15	high
1385	Københavns Praktiserende Lægers Laboratorium, Peber, grøn IgE;P	Copenhagen GP Laboratory (KPLL), pepper, green IgE;P	high
2399	Diagnostisk radiologi, ltype 7	Diagnostic radiology, ltype 7	low
2122	Statens Seruminstitut, Luteiniserende hormon	Statens Serum Institut, luteinising hormone	high
1025	Københavns Praktiserende Lægers Laboratorium, Calcitonin;P	Copenhagen GP Laboratory (KPLL), calcitonin;P	high
2617	Ridefysioterapi, Rideklub med hal, 1 pr.	Horseback-riding physiotherapy, riding club with arena, 1 per	medium
3110	Intern medicin, B-Eosinofilocytter 1	Internal medicine, B-eosinophils 1	high
2834	Vederlagsfri fysioterapi, Massage	Free-of-charge physiotherapy, massage	high
2518	Fysioterapi 51, Termisk behandling	Physiotherapy, thermal treatment	high
1257	Københavns Praktiserende Lægers Laboratorium, Kaffe IgE;P	Copenhagen GP Laboratory (KPLL), coffee IgE;P	high
1327	Københavns Praktiserende Lægers Laboratorium, Melon IgE;P	Copenhagen GP Laboratory (KPLL), melon IgE;P	high
3894	Vagtlægehjælp 83, Alkoholklinik	On-call GP service 83, alcohol clinic	high
2365	Diagnostisk radiologi, Mave med tolvfingertarm, halv	Diagnostic radiology, stomach with duodenum, half	medium
1405	Københavns Praktiserende Lægers Laboratorium, Primidon;P	Copenhagen GP Laboratory (KPLL), primidone;P	high
1162	Københavns Praktiserende Lægers Laboratorium, Gnaver ex70 IgE;P	Copenhagen GP Laboratory (KPLL), rodent ex70 IgE;P	high
1486	Københavns Praktiserende Lægers Laboratorium, T4-bindende globulin;P	Copenhagen GP Laboratory (KPLL), T4-binding globulin;P	high
976	Københavns Praktiserende Lægers Laboratorium, Aspergillus niger IgE;P	Copenhagen GP Laboratory (KPLL), Aspergillus niger IgE;P	medium
946	Københavns Praktiserende Lægers Laboratorium, Agurk IgE;P	Copenhagen GP Laboratory (KPLL), cucumber IgE;P	high
2933	Gynækologi/obstetrik, (V)abrasio, Corporis 1. med anæstesi	Gynaecology/obstetrics, (V)curettage, corporis 1st with anaesthesia	medium
1040	Københavns Praktiserende Lægers Laboratorium, Chlorid;P	Copenhagen GP Laboratory (KPLL), chloride;P	high
3843	Kak vagtlægehjælp 82, Fjernelse af negl	KAK on-call GP 82, removal of nail	high
3672	Almen lægehjælp 80, Tillægsydelse/Demens § 2, A35 (amt 35)	General practitioner, supplementary service/dementia § 2, (county 35)	medium
4222	Kirurgi, operation brystudvikling 1. med anæstesi	Surgery, operation for breast development 1st with anaesthesia	medium
1459	Københavns Praktiserende Lægers Laboratorium, Skimmelost IgE;P	Copenhagen GP Laboratory (KPLL), mould cheese IgE;P	high
1658	Medicinsk Laboratorium, S-Eosinophil Cationisk Protein 2	Medical Laboratory, S-Eosinophil Cationic Protein 2	medium
3359	Almen lægehjælp 80, Aftalt forebyggelseskonsultation	General practitioner, agreed preventive consultation	high
3767	Almen lægehjælp 80, pneumokok vaccination 3 måneder	General practitioner, pneumococcal vaccination 3 months	high
2472	Tandlægehjælp, bitewings ved kontrol efter regelmæssig diagnostisk undersøgelse	Dental service, bitewings at check-up after regular diagnostic examination	medium
3776	Almen lægehjælp 80, tillæg til pneumokok vaccination	General practitioner, supplement to pneumococcal vaccination	high
869	Dermato-venerologi, Multiple aktiniske keratoser	Dermato-venereology, multiple actinic keratoses	high
3565	Almen lægehjælp 80, Maskinel leukocyt-differentialtælling	General practitioner, machine leukocyte differential count	high
3654	Almen lægehjælp 80, Suppleret forebyggende indsats	General practitioner, supplemented preventive effort	medium
3446	Almen lægehjælp 80, Fasekontrast-mikroskopi	General practitioner, phase-contrast microscopy	high
858	Dermato-venerologi, Kontrol af systemisk behandling	Dermato-venereology, monitoring of systemic treatment	high
2915	Kiropraktik kronikere, superviseret træning	Chiropractic, chronic patients, supervised training	high
72	Anæsthesiologi, Paravertebral blokade	Anaesthesiology, paravertebral block	high
668	Pædiatri, væske- og vandladningsskema	Paediatrics, fluid and urination chart	high
2083	Statens Seruminstitut, Hudsvamp i negl, PCR	Statens Serum Institut, skin fungus in nail, PCR	medium
2112	Statens Seruminstitut, Laktoseintolerans	Statens Serum Institut, lactose intolerance	high
2551	Kiropraktik, superviseret træning	Chiropractic, supervised training	high
2085	Statens Seruminstitut, Hudsvamp i negle, P	Statens Serum Institut, skin fungus in nails, P	medium
1977	Statens Seruminstitut, Calicivirus RNA (PCR)	Statens Serum Institut, calicivirus RNA (PCR)	high
3760	Almen lægehjælp 80, livmoderhalskræft screening 082	General practitioner, cervical cancer screening 082	high
520	Patologi, vævsmikroskopi med mindst 4 biopsier	Pathology, tissue microscopy with at least 4 biopsies	high
2549	Kiropraktik, rekvirering/tolkning af fremmede billeder	Chiropractic, requisition/interpretation of external images	high
1561	Københavns Praktiserende Lægers Laboratorium, ukendt	Copenhagen GP Laboratory (KPLL), unknown	low
3542	Almen lægehjælp 80, Lysfeltmikroskopi	General practitioner, bright-field microscopy	medium
62	Anæsthesiologi, Injektion i bursae	Anaesthesiology, injection into bursae	high
1721	Medicinsk Laboratorium, ukendt	Medical Laboratory, unknown	low
82	Anæsthesiologi, Triggerpunktblokade	Anaesthesiology, trigger-point block	high
2284	Statens Seruminstitut, ukendt	Statens Serum Institut, unknown	low
892	Dermato-venerologi, Teleangiektasier R81	Dermato-venereology, telangiectasias R81	high
4228	Kirurgi, ukendt	Surgery, unknown	low
2419	Tandlægehjælp, Fyldning Emaljecement D	Dental service, filling, enamel cement D	medium
2473	Tandlægehjælp, glasionomerfyldning, flerfladet, gradvis ekskavering	Dental service, glass-ionomer filling, multi-surface, gradual excavation	medium
851	Dermato-venerologi, Incisionsbiopsi	Dermato-venereology, incisional biopsy	high
3445	Almen lægehjælp 80, Fasekontrast-mikroskopi-undersøgelse af urin	General practitioner, phase-contrast microscopy examination of urine	medium
2525	Fysioterapi 51, ukendt	Physiotherapy, unknown	low
528	Plastikkirurgi, E-mail konsultation	Plastic surgery, e-mail consultation	high
2294	Tandplejere, bitewings ved regelmæssig undersøgelse	Dental hygienist service, bitewings at regular examination	high
3402	Almen lægehjælp 80, Besøg i vagttid R081	General practitioner, visit during on-call hours R081	high
2295	Tandplejere, individuel forebyggende behandling	Dental hygienist service, individual preventive treatment	high
2084	Statens Seruminstitut, Hudsvamp i negl, dyrkning	Statens Serum Institut, skin fungus in nail, culture	low
667	Pædiatri, ukendt	Paediatrics, unknown	low
2307	Tandplejere, udvidet tandrensning	Dental hygienist service, extended dental cleaning	high
2722	Fodbehandling, leddegigt, ukendt	Foot treatment, rheumatoid arthritis, unknown	high
862	Dermato-venerologi, Laserbehandling spider, amt 60	Dermato-venereology, laser treatment of spider, (county 60)	medium
2031	Statens Serum Institut, Flåtpakke - 4 analyser	Statens Serum Institut, tick package - 4 analyses	high
2474	Tandlægehjælp, ukendt	Dental service, unknown	high
893	Dermato-venerologi, Teledermatologi	Dermato-venereology, teledermatology	high
3973	Vagtlægehjælp 83, ukendt	On-call GP service 83, unknown	high
945	Københavns Praktiserende Lægers Laboratorium, Afhentede prøver	Copenhagen GP Laboratory (KPLL), collected samples	high
1244	Københavns Praktiserende Lægers Laboratorium, Indbragte prøver	Copenhagen GP Laboratory (KPLL), submitted samples	high
910	Dermato-venerologi, Vorter R81	Dermato-venereology, warts R81	high
666	Pædiatri, udlevering af ringeapparat	Paediatrics, issuing of a call alarm device	medium
1393	Københavns Praktiserende Lægers Laboratorium, Phadiatop screen	Copenhagen GP Laboratory (KPLL), Phadiatop screen	high
3032	Gynækologi/obstetrik, S-Creatinin 5	Gynaecology/obstetrics, creatinine (serum) 5	high
3287	Almen Lægehjælp 80, Type 2-diabetes DD2 model 1 (komplet indrullering) (regional §2-aftale, Region National)	General practitioner, type 2 diabetes DD2 model 1 (complete enrolment) (regional § 2 agreement, National Region)	high
3239	Almen Lægehjælp 80, Hjemmebesøg alvorligt syge op til 4 km (regional §2-aftale, Region Syddanmark)	General practitioner, home visit for the seriously ill up to 4 km (regional § 2 agreement, Region of Southern Denmark)	high
89	Anæstesiologi, ukendt	Anaesthesiology, unknown	high
3243	Almen Lægehjælp 80, Kontrol demens (årlig) (regional §2-aftale, Region Hovedstaden)	General practitioner, dementia check (annual) (regional § 2 agreement, Capital Region)	high
1394	Københavns Praktiserende Lægers Laboratorium, Phoma betae IgE;P	Copenhagen GP Laboratory (KPLL), Phoma betae IgE;P	high
3219	Almen Lægehjælp 80, C-reaktivt protein (regional §2-aftale, Region Midtjylland)	General practitioner, C-reactive protein (regional § 2 agreement, Central Denmark Region)	high
2716	Fodbehandling, leddegigt, almindelig fodbehandling	Foot treatment, rheumatoid arthritis, ordinary foot treatment	high
3291	Almen Lægehjælp 80, Vaccination med klausuleret tilskud	General practitioner, vaccination with restricted subsidy	high
3970	Vagtlægehjælp 83, psykologisk med test	On-call GP service 83, psychological with test	medium
2475	Tandlægehjælp, undersøgelse af patient henvist fra tandplejer	Dental service, examination of patient referred from a dental hygienist	high
2302	Tandplejere, tandrensning under 15 tænder	Dental hygienist service, dental cleaning of under 15 teeth	high
3749	Almen lægehjælp 80, elektronisk kommunikation ved forløbsydelse diabetes	General practitioner, electronic communication for the diabetes course-of-treatment service	high
852	Dermato-venerologi, Incisionsbiopsi, følgende	Dermato-venereology, incisional biopsy, subsequent	high
3200	Almen Lægehjælp 80, 1. kontakt opfølgende hjemmebesøg (regional §2-aftale, Region Sjælland)	General practitioner, 1st contact follow-up home visit (regional § 2 agreement, Region Zealand)	high
3083	Gynækologi/obstetrik, evacuatio medicinsk abort	Gynaecology/obstetrics, evacuation medical abortion	high
3910	Vagtlægehjælp 83, Besøg i vagttid R081	On-call GP service 83, visit during on-call hours R081	high
2032	Statens Serum Institut, Flåtpakke - Borrelia	Statens Serum Institut, tick package - Borrelia	high
3344	Almen lægehjælp 80, Afstandstillæg	General practitioner, distance supplement	high
3218	Almen Lægehjælp 80, B-glukose fotometer (regional §2-aftale, Region Midtjylland)	General practitioner, glucose (blood) photometer (regional § 2 agreement, Central Denmark Region)	high
1228	Københavns Praktiserende Lægers Laboratorium, Hvepsegift IgG;P	Copenhagen GP Laboratory (KPLL), wasp venom IgG;P	high
2293	Tandplejere, bitewings ved kontrol efter RDU	Dental hygienist service, bitewings at check-up after RDU	medium
3289	Almen Lægehjælp 80, Type 2-diabetes DD2 model 4 (delvis indrullering / blodprøve) (regional §2-aftale, Region National)	General practitioner, type 2 diabetes DD2 model 4 (partial enrolment / blood sample) (regional § 2 agreement, National Region)	high
2111	Statens Serum Institut, Komplementscreen in	Statens Serum Institut, complement screen in	medium
3250	Almen Lægehjælp 80, Medicinlister (regional §2-aftale, Region Hovedstaden)	General practitioner, medication lists (regional § 2 agreement, Capital Region)	high
3077	Gynækologi/obstetrik, Vaginalplastik 1. med anæstesi	Gynaecology/obstetrics, vaginal plasty 1st with anaesthesia	high
2091	Statens Serum Institut, Human herpes virus	Statens Serum Institut, human herpes virus	high
1611	Medicinsk Laboratorium, P/S-METHYLMALONAT 3	Medical Laboratory, methylmalonate (plasma/serum) 3	high
3231	Almen Lægehjælp 80, Foto og forsendelse (regional §2-aftale, Region Sjælland)	General practitioner, photo and dispatch (regional § 2 agreement, Region Zealand)	high
2714	Fodbehandling, leddegigt, afstandstillæg 0-10 km	Foot treatment, rheumatoid arthritis, distance supplement 0-10 km	high
1596	Medicinsk Laboratorium, P-C1-INA. FUNK. 1	Medical Laboratory, C1 inactivator (plasma) function 1	medium
2914	Kiropraktik kronikere, rekvirering/tolkning af fremmede billeder	Chiropractic, chronic patients, requesting/interpretation of external images	high
2680	Reumatologi, B-Sedimentationsreaktion 2	Rheumatology, sedimentation reaction (blood) 2	high
2715	Fodbehandling, leddegigt, afstandstillæg over 10 km	Foot treatment, rheumatoid arthritis, distance supplement over 10 km	high
3202	Almen Lægehjælp 80, 2. kontakt – sygebesøg ind til 4 km (regional §2-aftale, Region Sjælland)	General practitioner, 2nd contact – sick visit up to 4 km (regional § 2 agreement, Region Zealand)	high
2963	Gynækologi/obstetrik, Conisation, 1. operation med anæstesi	Gynaecology/obstetrics, conisation, 1st operation with anaesthesia	high
3248	Almen Lægehjælp 80, Mail kommune (regional §2-aftale, Region Hovedstaden)	General practitioner, email to municipality (regional § 2 agreement, Capital Region)	high
1517	Københavns Praktiserende Lægers Laboratorium, Tyrophagus putrescentiae IgE;P	Copenhagen GP Laboratory (KPLL), Tyrophagus putrescentiae IgE;P	high
1133	Københavns Praktiserende Lægers Laboratorium, Frugt fx16 IgE;P	Copenhagen GP Laboratory (KPLL), fruit fx16 IgE;P	high
2721	Fodbehandling, leddegigt, ortheser, silicone	Foot treatment, rheumatoid arthritis, orthoses, silicone	high
1134	Københavns Praktiserende Lægers Laboratorium, Frugt fx9 IgE;P	Copenhagen GP Laboratory (KPLL), fruit fx9 IgE;P	high
1096	Københavns Praktiserende Lægers Laboratorium, Eng-rapgræs IgE;P	Copenhagen GP Laboratory (KPLL), meadow grass IgE;P	medium
1035	Københavns Praktiserende Lægers Laboratorium, Carbonmonoxid Hb	Copenhagen GP Laboratory (KPLL), carbon monoxide Hb	high
1298	Københavns Praktiserende Lægers Laboratorium, Lepidoglyphus destructor IgE;P	Copenhagen GP Laboratory (KPLL), Lepidoglyphus destructor IgE;P	high
3238	Almen Lægehjælp 80, Hjemmebesøg alvorligt syge 9-12 km (regional §2-aftale, Region Syddanmark)	General practitioner, home visit for the seriously ill 9-12 km (regional § 2 agreement, Region of Southern Denmark)	high
1078	Københavns Praktiserende Lægers Laboratorium, Diverse tests 2	Copenhagen GP Laboratory (KPLL), various tests 2	high
3288	Almen Lægehjælp 80, Type 2-diabetes DD2 model 3 (henvisning) (regional §2-aftale, Region National)	General practitioner, type 2 diabetes DD2 model 3 (referral) (regional § 2 agreement, National Region)	high
1954	Statens Serum Institut, Androstendion (4-AD)	Statens Serum Institut, androstenedione (4-AD)	high
1357	Københavns Praktiserende Lægers Laboratorium, Normetanephrin;P	Copenhagen GP Laboratory (KPLL), normetanephrine;P	high
1312	Københavns Praktiserende Lægers Laboratorium, Mælk, kogt IgE;P	Copenhagen GP Laboratory (KPLL), milk, boiled IgE;P	high
911	Dermato-venerologi, Xanthelasmata R81	Dermato-venereology, xanthelasmata R81	high
2625	Ridefysioterapi, Rideskole uden hal 3 pr	Horseback-riding physiotherapy, riding school without indoor arena 3 per	medium
1171	Københavns Praktiserende Lægers Laboratorium, Gulaks IgE;P	Copenhagen GP Laboratory (KPLL), yellow bedstraw IgE;P	medium
1440	Københavns Praktiserende Lægers Laboratorium, Rhizopus nigricans IgE;P	Copenhagen GP Laboratory (KPLL), Rhizopus nigricans IgE;P	high
3262	Almen Lægehjælp 80, Registrering af patienter med diabetes type 2, pr	General practitioner, registration of patients with type 2 diabetes, per	high
3260	Almen Lægehjælp 80, Registrering af patienter med KOL og diabetes type 2, pr.	General practitioner, registration of patients with COPD and type 2 diabetes, per	high
3237	Almen Lægehjælp 80, Hjemmebesøg alvorligt syge 5-8 km (regional §2-aftale, Region Syddanmark)	General practitioner, home visit for seriously ill 5-8 km (regional § 2 agreement, Region of Southern Denmark)	high
232	Øjenlægehjælp, Ydelser Rammeaftaler	Ophthalmology service, services under framework agreements	high
2720	Fodbehandling, leddegigt, ortheser	Foot treatment, rheumatoid arthritis, orthoses	high
3276	Almen Lægehjælp 80, Sygebesøg ved egen læge — behandling af sikrede på aflastningsplads (regional §2-aftale, Region Hovedstaden)	General practitioner, sick visit by own physician — treatment of insured persons in a respite-care placement (regional § 2 agreement, Capital Region of Denmark)	high
2402	Diagnostisk radiologi, mammae følgende	Diagnostic radiology, breast subsequent	high
2639	Genoptræning, Øfeldt, Optræning handicap pr. 1½ time	Rehabilitation, Øfeldt, disability training per 1.5 hours	medium
1654	Medicinsk Laboratorium, S-COMPLEMENT C1q 2	Medical Laboratory, S-complement C1q 2	high
3293	Almen Lægehjælp 80, Vaccination til ikke-immune voksne mod mæslinger (vaccine gives 1 gang)	General practitioner, vaccination of non-immune adults against measles (vaccine given once)	high
3244	Almen Lægehjælp 80, Krisesamtale (regional §2-aftale, Region Syddanmark)	General practitioner, crisis counselling (regional § 2 agreement, Region of Southern Denmark)	high
3665	Almen lægehjælp 80, Teledermatologi a42	General practitioner, teledermatology (county 42)	high
873	Dermato-venerologi, Naevus flammeus R81	Dermato-venereology, naevus flammeus R81	high
3270	Almen Lægehjælp 80, Socialmedicinsk hjemmebesøg op til 4 km (regional §2-aftale, Region Syddanmark)	General practitioner, social-medical home visit up to 4 km (regional § 2 agreement, Region of Southern Denmark)	high
3685	Almen lægehjælp 80, Tillægsydelser	General practitioner, supplementary services	high
2308	Tandplejere, undersøgelse af henvist patient	Dental hygienist service, examination of referred patient	high
4229	Kirurgi, §3 aftale Viborg Amt	Surgery, § 3 agreement, Viborg County	high
1068	Københavns Praktiserende Lægers Laboratorium, D.microceras IgE;P	Copenhagen GP Laboratory (KPLL), D. microceras IgE (plasma)	medium
1087	Københavns Praktiserende Lægers Laboratorium, Ecstasy;U	Copenhagen GP Laboratory (KPLL), Ecstasy (urine)	high
3266	Almen Lægehjælp 80, Samtaleterapi — tillæg pr. ekstra person (regional §2-aftale, Region Syddanmark)	General practitioner, talk therapy — supplement per extra person (regional § 2 agreement, Region of Southern Denmark)	high
1132	Københavns Praktiserende Lægers Laboratorium, Frugt fx15 IgE;P	Copenhagen GP Laboratory (KPLL), fruit fx15 IgE (plasma)	high
3269	Almen Lægehjælp 80, Socialmedicinsk hjemmebesøg 5-8 km (regional §2-aftale, Region Syddanmark)	General practitioner, social-medical home visit 5-8 km (regional § 2 agreement, Region of Southern Denmark)	high
1098	Københavns Praktiserende Lægers Laboratorium, Engsvingel IgE;P	Copenhagen GP Laboratory (KPLL), meadow fescue IgE (plasma)	high
3438	Almen lægehjælp 80, E-mail konsultation besvarelse	General practitioner, e-mail consultation reply	high
3213	Almen Lægehjælp 80, Alvorligt syge og døende — fremmøde (regional §2-aftale, Region Syddanmark)	General practitioner, seriously ill and dying — attendance (regional § 2 agreement, Region of Southern Denmark)	high
2036	Statens Seruminstitut, Frit testosteron (F)	Statens Serum Institut, free testosterone (F)	high
3203	Almen Lægehjælp 80, 3. kontakt – sygebesøg 9-12 km (regional §2-aftale, Region Sjælland)	General practitioner, 3rd contact – sick visit 9-12 km (regional § 2 agreement, Region Zealand)	high
3089	Gynækologi/obstetrik, følgende paracervikal/intracervikal	Gynaecology/obstetrics, subsequent paracervical/intracervical	medium
1400	Københavns Praktiserende Lægers Laboratorium, Pollen+skimmel IgE;P	Copenhagen GP Laboratory (KPLL), pollen + mould IgE (plasma)	high
4219	Kirurgi, fjernelse af polyp, colon 1. med anæstesi	Surgery, removal of polyp, colon, 1st with anaesthesia	high
3212	Almen Lægehjælp 80, Aftalt telefonkonsultation	General practitioner, scheduled telephone consultation	high
3241	Almen Lægehjælp 80, Instruktion i brug af følgende	General practitioner, instruction in use of the following	high
3296	Almen Lægehjælp 80, Videokonsultation 2	General practitioner, video consultation 2	high
3280	Almen Lægehjælp 80, Telefonkonsultation C-vagt	General practitioner, telephone consultation, C on-call	high
3317	Almen lægehjælp 80, §2-aftaler	General practitioner, § 2 agreements	high
2986	Gynækologi/obstetrik, Forundersøgelse inden ambulant, county 15	Gynaecology/obstetrics, pre-examination before outpatient, county 15	medium
2637	Genoptræning, Øfeldt, Optræning handicap pr. 2 timer	Rehabilitation, Øfeldt, disability training per 2 hours	high
3236	Almen Lægehjælp 80, Hjemmebesøg alvorligt syge 21+ km (regional §2-aftale, Region Syddanmark)	General practitioner, home visit for seriously ill 21+ km (regional § 2 agreement, Region of Southern Denmark)	high
2403	Diagnostisk radiologi, nyrer følgende	Diagnostic radiology, kidneys subsequent	high
2888	Psykologhjælp, Indtil 4 km - Amt 42	Psychology service, up to 4 km - county 42	high
3222	Almen Lægehjælp 80, Ekstra psykometriske test (regional §2-aftale, Region Sjælland)	General practitioner, additional psychometric tests (regional § 2 agreement, Region Zealand)	high
1428	Københavns Praktiserende Lægers Laboratorium, Ragweed (f) IgE;P	Copenhagen GP Laboratory (KPLL), ragweed (f) IgE (plasma)	high
3959	Vagtlægehjælp 83, Udlån/instruktion blodtryk	On-call GP service 83, loan/instruction blood pressure	high
3295	Almen Lægehjælp 80, Videokonference pr.	General practitioner, video conference per	high
3234	Almen Lægehjælp 80, Hjemmebesøg alvorligt syge 13-16 km (regional §2-aftale, Region Syddanmark)	General practitioner, home visit for seriously ill 13-16 km (regional § 2 agreement, Region of Southern Denmark)	high
3268	Almen Lægehjælp 80, Skema sygebesøg palliativ aftale (regional §2-aftale, Region Midtjylland)	General practitioner, form sick visit palliative agreement (regional § 2 agreement, Central Denmark Region)	high
2271	Statens Seruminstitut, Vaccine BCG, 1-20 dage	Statens Serum Institut, BCG vaccine, 1-20 days	medium
857	Dermato-venerologi, Kondylomer R81	Dermato-venereology, condylomas R81	high
2640	Genoptræning, Øfeldt, Optræning handicap pr. 1 time	Rehabilitation, Øfeldt, disability training per 1 hour	high
2510	Fysioterapi 51, Palliativ normal behandling	Physiotherapy, palliative normal treatment	high
2638	Genoptræning, Øfeldt, Optræning handicap pr. ½ time	Rehabilitation, Øfeldt, disability training per 0.5 hours	medium
3242	Almen Lægehjælp 80, Konsulterende samtale til børn og familier 3	General practitioner, consultative talk for children and families 3	high
1161	Københavns Praktiserende Lægers Laboratorium, Glycyphagus domesticus IgE;P	Copenhagen GP Laboratory (KPLL), Glycyphagus domesticus IgE (plasma)	medium
3275	Almen Lægehjælp 80, Sygebesøg palliativ aftale op til 4 km (regional §2-aftale, Region Midtjylland)	General practitioner, sick visit palliative agreement up to 4 km (regional § 2 agreement, Central Denmark Region)	high
1608	Medicinsk Laboratorium, P/S-FLECAINID 3	Medical Laboratory, P/S-flecainide 3	high
2110	Statens Seruminstitut, Komplement C4	Statens Serum Institut, complement C4	high
1222	Københavns Praktiserende Lægers Laboratorium, Hundegræs IgE;P	Copenhagen GP Laboratory (KPLL), cocksfoot grass IgE (plasma)	medium
3232	Almen Lægehjælp 80, Gentaget kontakt inden for et år (regional §2-aftale, Region Sjælland)	General practitioner, repeated contact within one year (regional § 2 agreement, Region Zealand)	high
3272	Almen Lægehjælp 80, Sygebesøg palliativ aftale 13-16 km (regional §2-aftale, Region Midtjylland)	General practitioner, sick visit palliative agreement 13-16 km (regional § 2 agreement, Central Denmark Region)	high
1254	Københavns Praktiserende Lægers Laboratorium, Jordfrugtprodukt IgE;P	Copenhagen GP Laboratory (KPLL), Jordfrugt (peanut?) product IgE (plasma)	low
3267	Almen Lægehjælp 80, Skema SPICT (regional §2-aftale, Region Midtjylland)	General practitioner, SPICT form (regional § 2 agreement, Central Denmark Region)	high
3273	Almen Lægehjælp 80, Sygebesøg palliativ aftale 5-8 km (regional §2-aftale, Region Midtjylland)	General practitioner, sick visit palliative agreement 5-8 km (regional § 2 agreement, Central Denmark Region)	high
1319	Københavns Praktiserende Lægers Laboratorium, Magnesium;dU	Copenhagen GP Laboratory (KPLL), magnesium (24-hour urine)	high
1534	Københavns Praktiserende Lægers Laboratorium, Valnød IgE;P	Copenhagen GP Laboratory (KPLL), walnut IgE (plasma)	high
3201	Almen Lægehjælp 80, 2. kontakt – sygebesøg 5-8 km (regional §2-aftale, Region Sjælland)	General practitioner, 2nd contact – sick visit 5-8 km (regional § 2 agreement, Region Zealand)	high
2126	Statens Seruminstitut, MBL deficiens undersøgelse,	Statens Serum Institut, MBL deficiency examination,	medium
3274	Almen Lægehjælp 80, Sygebesøg palliativ aftale 9-12 km (regional §2-aftale, Region Midtjylland)	General practitioner, sick visit palliative agreement 9-12 km (regional § 2 agreement, Central Denmark Region)	high
2004	Statens Seruminstitut, Dehydroepiandrosteron	Statens Serum Institut, dehydroepiandrosterone	high
2216	Statens Seruminstitut, Sexualhormonbindende globulin	Statens Serum Institut, sex hormone-binding globulin	medium
1473	Københavns Praktiserende Lægers Laboratorium, Supplement - dU-5-HIAA	Copenhagen GP Laboratory (KPLL), supplement - dU-5-HIAA	high
2232	Statens Seruminstitut, TPB Standard + coli + 3 supplementer	Statens Serum Institut, TPB Standard + coli + 3 supplements	medium
1043	Københavns Praktiserende Lægers Laboratorium, Chromogranin A;P	Copenhagen GP Laboratory (KPLL), Chromogranin A;P	high
1427	Københavns Praktiserende Lægers Laboratorium, Quetiapin;P	Copenhagen GP Laboratory (KPLL), Quetiapine;P	high
1582	Medicinsk Laboratorium, DNA(F)-GENEFEC 35	Medical Laboratory, DNA(F)-GENEFEC 35	medium
2624	Ridefysioterapi, Rideskole uden hal, 2 personer	Horseback-riding physiotherapy, riding school without indoor arena, 2 persons	medium
568	Psykiatri, Møde 3 moduler	Psychiatry, meeting 3 modules	high
1329	Københavns Praktiserende Lægers Laboratorium, Metanefriner;P	Copenhagen GP Laboratory (KPLL), metanephrines;P	high
2008	Statens Seruminstitut, Difteri vaccine til	Statens Serum Institut, diphtheria vaccine for	medium
1434	Københavns Praktiserende Lægers Laboratorium, Retikulin	Copenhagen GP Laboratory (KPLL), reticulin	high
3437	Almen lægehjælp 80, E-mail konsultation sende svar	General practitioner, e-mail consultation sending reply	medium
4218	Kirurgi, fjernelse af polyp rectum, 1 med anæstesi	Surgery, removal of rectal polyp, 1st with anaesthesia	medium
3235	Almen Lægehjælp 80, Hjemmebesøg alvorligt syge 17-20 km (regional §2-aftale, Region Syddanmark)	General practitioner, home visit seriously ill 17-20 km (regional § 2 agreement, Region of Southern Denmark)	high
3897	Vagtlægehjælp 83, Anoskopi	On-call GP service 83, anoscopy	high
2094	Statens Seruminstitut, Humant normalt immunglobulin	Statens Serum Institut, human normal immunoglobulin	medium
890	Dermato-venerologi, Syringomer R81	Dermato-venereology, syringomas R81	high
2236	Statens Seruminstitut, TPB Standard + 3 supplementer	Statens Serum Institut, TPB Standard + 3 supplements	medium
2250	Statens Seruminstitut, Thyreoglobulin (serum)	Statens Serum Institut, thyroglobulin (serum)	medium
3357	Almen lægehjælp 80, Afstandstakst pr. km	General practitioner, distance supplement per km	high
1223	Københavns Praktiserende Lægers Laboratorium, Husdyr (ex1) IgE;P	Copenhagen GP Laboratory (KPLL), domestic animals (ex1) IgE;P	high
941	Københavns Praktiserende Lægers Laboratorium, Acarus siro IgE;P	Copenhagen GP Laboratory (KPLL), Acarus siro IgE;P	high
4129	Kirurgi, Operation Bulla Finger, 1 med anæstesi	Surgery, operation bulla finger, 1st with anaesthesia	medium
931	Københavns Praktiserende Lægers Laboratorium, 2 forsendelser	Copenhagen GP Laboratory (KPLL), 2 dispatches	high
3078	Gynækologi/obstetrik, Vaginalplastik følgende	Gynaecology/obstetrics, vaginal plasty subsequent	medium
3845	Kak vagtlægehjælp 82, Flere sikrede ved institutionsbesøg	KAK on-call GP 82, several insured persons at institution visit	medium
1964	Statens Seruminstitut, Astrovirus antigen	Statens Serum Institut, astrovirus antigen	high
1114	Københavns Praktiserende Lægers Laboratorium, F-Patogene bakterier U	Copenhagen GP Laboratory (KPLL), F-pathogenic bacteria U	medium
3133	Intern medicin, Ekkokardiografi	Internal medicine, echocardiography	high
3785	Almen lægehjælp 80, § 2-aftale 4405	General practitioner, § 2 agreement 4405	high
2846	Vederlagsfri fysioterapi, Termiske behandling	Free-of-charge physiotherapy, thermal treatment	high
4015	Præhospital, Tilkald A42	Pre-hospital, call-out A42	medium
4099	Kirurgi, Gipsbandager	Surgery, plaster casts	high
4005	Præhospital, Beredskabshonorar pr. time A42	Pre-hospital, standby fee per hour A42	low
2247	Statens Seruminstitut, Tetanus vaccine 1 dosis	Statens Serum Institut, tetanus vaccine 1 dose	medium
4119	Kirurgi, Kolposkopi	Surgery, colposcopy	high
2009	Statens Seruminstitut, Difteri-Tetanus vaccine	Statens Serum Institut, diphtheria-tetanus vaccine	medium
1601	Medicinsk Laboratorium, P-PTH INTAKT	Medical Laboratory, P-PTH intact	high
1666	Medicinsk Laboratorium, S-INSULIN	Medical Laboratory, S-insulin	high
2275	Statens Seruminstitut, Virus transportmedium	Statens Serum Institut, virus transport medium	medium
1602	Medicinsk Laboratorium, P-RENIN	Medical Laboratory, P-renin	high
2235	Statens Seruminstitut, TPB Standard + 2 supplementer	Statens Serum Institut, TPB Standard + 2 supplements	medium
1641	Medicinsk Laboratorium, S-ASAT	Medical Laboratory, S-ASAT	high
524	Plastikkirurgi, 1. Operationer	Plastic surgery, 1st operations	high
2248	Statens Seruminstitut, Tetanus vaccine 10	Statens Serum Institut, tetanus vaccine 10	medium
4143	Kirurgi, Operation knyst, følgende	Surgery, operation bunion, subsequent	high
430	Ørelægehjælp, Impedansaudiometri	ENT service, impedance audiometry	high
495	Ørelægehjælp, Tone-/taleaudiometri	ENT service, tone/speech audiometry	high
3436	Almen lægehjælp 80, Dyrkning af bakterier 3	General practitioner, culture of bacteria 3	high
3471	Almen lægehjælp 80, Gonokokker sekret 3	General practitioner, gonococci secretion 3	medium
2586	Ortonyxi, 1. Modul for bøjle	Orthonyxia, 1st module for brace	medium
2587	Ortonyxi, 2.-4. Modul for bøjle	Orthonyxia, 2nd-4th module for brace	medium
3907	Vagtlægehjælp 83, Besøg på ruten	On-call GP service 83, visit on the route	high
3892	Vagtlægehjælp 83, Afstandstakst 21 km	On-call GP service 83, distance supplement 21 km	high
3691	Almen lægehjælp 80, Telefonkonsultation med recept	General practitioner, telephone consultation with prescription	high
426	Ørelægehjælp, Gennemskylning af trommehinde med anæstesi	ENT service, flushing of eardrum with anaesthesia	medium
3695	Almen lægehjælp 80, Trichomonas vaginal 3	General practitioner, Trichomonas vaginal 3	high
2482	Fysioterapi 51, El-stimulation	Physiotherapy 51, electrical stimulation	high
2558	Fodterapi, Behandlingsmoduler	Podiatry, treatment modules	high
4212	Kirurgi, Zinklim- & Plastbind	Surgery, zinc paste and plastic bandage	medium
3712	Almen lægehjælp 80, Urin for glukose uden stix 1	General practitioner, urine for glucose without stix 1	high
2442	Tandlægehjælp, Maximum 1 Måned 1704	Dental service, maximum 1 month 1704	medium
3720	Almen lægehjælp 80, Urobilin i urin 3	General practitioner, urobilin in urine 3	high
3670	Almen lægehjælp 80, Thrombocytter 3	General practitioner, thrombocytes 3	high
2317	Diagnostisk radiologi, Bryst med lunger, halvt	Diagnostic radiology, chest with lungs, half	medium
2318	Diagnostisk radiologi, Bryst med lunger & hjerte	Diagnostic radiology, chest with lungs & heart	medium
2579	Fodterapi, Penselbehandling hjemme over 10	Podiatry, brush treatment at home over 10	low
2787	Vederlagsfri fysioterapi, El-stimulation	Free-of-charge physiotherapy, electrical stimulation	high
363	Ortopædisk kirurgi, Zinklim- & Plastbind	Orthopaedic surgery, zinc paste and plastic bandage	medium
3470	Almen lægehjælp 80, Galdefarvestoffer i urin 1	General practitioner, bile pigments in urine 1	medium
3596	Almen lægehjælp 80, Oscillometri 2 ekstremiteter 6	General practitioner, oscillometry 2 extremities 6	high
3713	Almen lægehjælp 80, Urin for keton uden stix 1	General practitioner, urine for ketone without stix 1	high
4142	Kirurgi, Operation knyst, 1.	Surgery, operation bunion, 1st	high
2829	Vederlagsfri fysioterapi, Ledmobilisering	Free-of-charge physiotherapy, joint mobilisation	high
3443	Almen lægehjælp 80, Erytrocytvolumen 1	General practitioner, erythrocyte volume 1	high
2582	Fodterapi, Plejehjem over 10 km	Podiatry, nursing home over 10 km	high
3714	Almen lægehjælp 80, Urin: F. protein uden stix, 1. prøve	General practitioner, urine: protein without stix, 1st sample	medium
912	Dermato-venerologi, Zinklimbind og plastbind	Dermato-venereology, zinc paste bandage and plastic bandage	medium
2358	Diagnostisk radiologi, Lår og hofteled	Diagnostic radiology, thigh and hip joint	high
3718	Almen lægehjælp 80, Urinstof i serum, 3	General practitioner, urea in serum, 3	medium
3594	Almen lægehjælp 80, Ormeæg i analafskrab, 2	General practitioner, worm eggs in anal scraping, 2	medium
2325	Diagnostisk radiologi, Dobbeltkontrastundersøgelse af tyktarm (colon)	Diagnostic radiology, double-contrast examination of the large intestine (colon)	medium
2327	Diagnostisk radiologi, E-mail konsultation	Diagnostic radiology, e-mail consultation	high
2362	Diagnostisk radiologi, Lænde- og korsbenshvirvler	Diagnostic radiology, lumbar and sacral vertebrae	high
2354	Diagnostisk radiologi, Kranium, halvt	Diagnostic radiology, cranium, half	high
2320	Diagnostisk radiologi, Brysthvirvler, halvt	Diagnostic radiology, thoracic vertebrae, half	high
2333	Diagnostisk radiologi, Fodled, halvt	Diagnostic radiology, ankle joint, half	high
4144	Kirurgi, Operation knyst, 1., med anæstesi	Surgery, bunion operation, 1st, with anaesthesia	high
269	Ortopædisk kirurgi, Diagnostisk artroskopi	Orthopaedic surgery, diagnostic arthroscopy	high
3147	Intern medicin, Kontrol rektoskopi	Internal medicine, follow-up rectoscopy	high
4125	Kirurgi, Kontrol rektoskopi	Surgery, follow-up rectoscopy	high
391	Ørelægehjælp, Concha	ENT service, concha	high
3708	Almen lægehjælp 80, Undersøgelse ved vejledning, 9 uger	General practitioner, examination at guidance, 9 weeks	medium
3309	Almen lægehjælp 80, 1. kighostevaccination	General practitioner, 1st whooping-cough vaccination	high
3328	Almen lægehjælp 80, 3. kighostevaccination	General practitioner, 3rd whooping-cough vaccination	high
3320	Almen lægehjælp 80, 2. kighostevaccination	General practitioner, 2nd whooping-cough vaccination	high
3333	Almen lægehjælp 80, 5. hjælp fødende, 9 uger	General practitioner, 5th aid to woman giving birth, 9 weeks	low
3641	Almen lægehjælp 80, Se-natrium	General practitioner, serum sodium	high
3597	Almen lægehjælp 80, Oscillometri, 4 ekstremiteter, 10	General practitioner, oscillometry, 4 extremities, 10	medium
2344	Diagnostisk radiologi, Hysterosalpingografi	Diagnostic radiology, hysterosalpingography	high
3131	Intern medicin, Ekkokardiografi	Internal medicine, echocardiography	high
2311	Diagnostisk radiologi, Albue, halvt	Diagnostic radiology, elbow, half	high
2316	Diagnostisk radiologi, Bihuler, halvt	Diagnostic radiology, sinuses, half	high
2709	Reumatologi, Zinklimbind	Rheumatology, zinc paste bandage	high
4183	Kirurgi, Sekret-Trichomonas vaginalis, 2	Surgery, secretion-Trichomonas vaginalis, 2	medium
216	Øjenlægehjælp, Retinal fotokoagulation	Ophthalmology service, retinal photocoagulation	high
2342	Diagnostisk radiologi, Halshvirvler, halvt	Diagnostic radiology, cervical vertebrae, half	high
2366	Diagnostisk radiologi, Mave med tolvfingertarm	Diagnostic radiology, stomach with duodenum	high
2332	Diagnostisk radiologi, Fodled	Diagnostic radiology, ankle joint	high
3983	Kak vagtlægehjælp 84, Paracentese-trommehinde	KAK on-call GP 84, paracentesis-eardrum	medium
701	Tropemedicin, Urinprøvetagning, steril, 4	Tropical medicine, urine sampling, sterile, 4	medium
4067	Kirurgi, Bronkoskopi	Surgery, bronchoscopy	high
4123	Kirurgi, Kontrol cystoskopi	Surgery, follow-up cystoscopy	high
392	Ørelægehjælp, Concha, med anæstesi	ENT service, concha, with anaesthesia	high
696	Tropemedicin, Rektoskopi	Tropical medicine, rectoscopy	high
2609	Ortonyxi, Plejehjem over 10 km	Orthonyxia, nursing home over 10 km	high
2337	Diagnostisk radiologi, Haleben, halvt	Diagnostic radiology, coccyx, half	high
2313	Diagnostisk radiologi, Almindelig urografi	Diagnostic radiology, ordinary urography	high
2382	Diagnostisk radiologi, Underarm, halvt	Diagnostic radiology, forearm, half	high
1848	Omegnslaboratorier, P-Thyroxin, total, 16	Regional laboratories, P-thyroxine, total, 16	high
1853	Omegnslaboratorier, P-Triiodthyronin (T3), 20	Regional laboratories, P-triiodothyronine (T3), 20	high
1759	Omegnslaboratorier, P-Basisk phosphatase, 12	Regional laboratories, P-alkaline phosphatase, 12	high
1748	Omegnslaboratorier, P-ASAT (GOT), 12	Regional laboratories, P-ASAT (GOT), 12	high
1754	Omegnslaboratorier, P-Amylase (alfa-amylase), 10	Regional laboratories, P-amylase (alpha-amylase), 10	high
1777	Omegnslaboratorier, P-Creatinin, 6	Regional laboratories, P-creatinine, 6	high
1866	Omegnslaboratorier, Pt-Byture, 50	Regional laboratories, Pt-byture, 50	low
1820	Omegnslaboratorier, P-Natrium, 10	Regional laboratories, P-sodium, 10	high
1806	Omegnslaboratorier, P-Jern, 12	Regional laboratories, P-iron, 12	high
1854	Omegnslaboratorier, P-Triiodthyronin-reaktion, 20	Regional laboratories, P-triiodothyronine reaction, 20	medium
1775	Omegnslaboratorier, P-Cobalamin, 20	Regional laboratories, P-cobalamin, 20	high
1807	Omegnslaboratorier, P-Kalium, 10	Regional laboratories, P-potassium, 10	high
1746	Omegnslaboratorier, P-ALAT, 12	Regional laboratories, P-ALAT, 12	high
1732	Omegnslaboratorier, B-Thrombocytter, 10	Regional laboratories, B-thrombocytes, 10	high
3567	Almen lægehjælp 80, Mononukleosefaktor, 4	General practitioner, mononucleosis factor, 4	high
1865	Omegnslaboratorier, Pt-Bytur, pleje, 2. prøve, 10	Regional laboratories, Pt-bytur, care, 2nd sample, 10	low
1725	Omegnslaboratorier, B-Erythrocytvolumenfraktion, 6	Regional laboratories, B-erythrocyte volume fraction, 6	high
1738	Omegnslaboratorier, Erc-Reticulocytter, 10	Regional laboratories, Erc-reticulocytes, 10	high
1735	Omegnslaboratorier, Erc-Erythrocyt MCV, 6	Regional laboratories, Erc-erythrocyte MCV, 6	high
1736	Omegnslaboratorier, Erc-Folat, 46	Regional laboratories, Erc-folate, 46	high
1851	Omegnslaboratorier, P-Transferrin, 20	Regional laboratories, P-transferrin, 20	high
1785	Omegnslaboratorier, P-Fibrinogen, 16	Regional laboratories, P-fibrinogen, 16	high
1779	Omegnslaboratorier, P-Digoxin, 28	Regional laboratories, P-digoxin, 28	high
1768	Omegnslaboratorier, P-Calcium, total, 10	Regional laboratories, P-calcium, total, 10	high
1836	Omegnslaboratorier, P-RAST, enkelt allergen, 36	Regional laboratories, P-RAST, single allergen, 36	high
1841	Omegnslaboratorier, P-Sur phosphatase, 10	Regional laboratories, P-acid phosphatase, 10	high
1900	Omegnslaboratorier, U-HIAA, 46	Regional laboratories, U-HIAA, 46	high
1911	Omegnslaboratorier, k-Glucose, faste, 6	Regional laboratories, k-glucose, fasting, 6	high
1776	Omegnslaboratorier, P-Cortisol, 52	Regional laboratories, P-cortisol, 52	high
1755	Omegnslaboratorier, P-Androgenstatus	Regional laboratories, P-androgen status	high
1832	Omegnslaboratorier, P-Prolactin, 28	Regional laboratories, P-prolactin, 28	high
1857	Omegnslaboratorier, P-Valproat, 52	Regional laboratories, P-valproate, 52	high
1802	Omegnslaboratorier, Plasma-Immunglobulin E (IgE) 32	Regional laboratories, Plasma immunoglobulin E (IgE) 32	high
1722	Omegnslaboratorier, Blod-Eosinofilocytter 10	Regional laboratories, Blood eosinophils 10	high
1830	Omegnslaboratorier, Plasma-Phosphat (P, non) 10	Regional laboratories, Plasma phosphate (P, non) 10	high
1817	Omegnslaboratorier, Plasma-Magnesium 32	Regional laboratories, Plasma magnesium 32	high
1835	Omegnslaboratorier, Plasma-RAST, Penicillin 52	Regional laboratories, Plasma RAST, penicillin 52	high
1856	Omegnslaboratorier, Plasma-Urat 10	Regional laboratories, Plasma urate 10	high
1867	Omegnslaboratorier, Patient-Byture, plejehjem 50	Regional laboratories, Patient town visits, nursing home 50	medium
1908	Omegnslaboratorier, faste Patient-Cholesterol-HDL 32	Regional laboratories, fasting patient cholesterol HDL 32	high
1723	Omegnslaboratorier, Blod-Erythrocytter, volumenfraktion 6	Regional laboratories, Blood erythrocytes, volume fraction 6	high
1852	Omegnslaboratorier, Plasma-Triiodthyronin (Frit T3) 64	Regional laboratories, Plasma triiodothyronine (free T3) 64	high
1847	Omegnslaboratorier, Plasma-Thyroxin (Frit T4) 64	Regional laboratories, Plasma thyroxine (free T4) 64	high
1788	Omegnslaboratorier, Plasma-Gamma-glutamyltransferase 32	Regional laboratories, Plasma gamma-glutamyltransferase 32	high
1799	Omegnslaboratorier, Plasma-Immunelektroforese	Regional laboratories, Plasma immunoelectrophoresis	high
1864	Omegnslaboratorier, Patient-Blodtryk 10	Regional laboratories, Patient blood pressure 10	high
1846	Omegnslaboratorier, Plasma-Thyreoidea-antistoffer	Regional laboratories, Plasma thyroid antibodies	high
1909	Omegnslaboratorier, faste Patient-Triglycerid 20	Regional laboratories, fasting patient triglyceride 20	high
1899	Omegnslaboratorier, Urin-Glucose, kvantitativt 10	Regional laboratories, Urine glucose, quantitative 10	high
1842	Omegnslaboratorier, Plasma-Syfilis screening STS	Regional laboratories, Plasma syphilis screening STS	high
1804	Omegnslaboratorier, Plasma-Immunglobulin M 32	Regional laboratories, Plasma immunoglobulin M 32	high
1801	Omegnslaboratorier, Plasma-Immunglobulin G 32	Regional laboratories, Plasma immunoglobulin G 32	high
1800	Omegnslaboratorier, Plasma-Immunglobulin A 32	Regional laboratories, Plasma immunoglobulin A 32	high
1823	Omegnslaboratorier, Plasma-Orosomucoid 42	Regional laboratories, Plasma orosomucoid 42	high
1778	Omegnslaboratorier, Plasma-Creatinkinase, total 52	Regional laboratories, Plasma creatine kinase, total 52	high
1808	Omegnslaboratorier, Plasma-Koagulationsfaktor 12	Regional laboratories, Plasma coagulation factor 12	high
1837	Omegnslaboratorier, Plasma-RAST, gruppe 42	Regional laboratories, Plasma RAST, group 42	high
1786	Omegnslaboratorier, Plasma-Folat 52	Regional laboratories, Plasma folate 52	high
1781	Omegnslaboratorier, Plasma-Estradiol	Regional laboratories, Plasma estradiol	high
1745	Omegnslaboratorier, Fæces-Tarmpatogene bakterier	Regional laboratories, Faeces intestinal pathogenic bacteria	high
1730	Omegnslaboratorier, Blod-Malaria-parasitter	Regional laboratories, Blood malaria parasites	high
1897	Omegnslaboratorier, Urin-Formelementer 10	Regional laboratories, Urine formed elements 10	high
1813	Omegnslaboratorier, Plasma-Lipoprotein (a)	Regional laboratories, Plasma lipoprotein (a)	high
1860	Omegnslaboratorier, Plasma-apo-Lipoprotein E	Regional laboratories, Plasma apolipoprotein E	high
1814	Omegnslaboratorier, Plasma-Lithium 14	Regional laboratories, Plasma lithium 14	high
1819	Omegnslaboratorier, Plasma-Mononukleose (EMNI) 10	Regional laboratories, Plasma mononucleosis (EMNI) 10	high
1784	Omegnslaboratorier, Plasma-Ferritin 78	Regional laboratories, Plasma ferritin 78	high
1727	Omegnslaboratorier, Blod-Koagulationstid 8	Regional laboratories, Blood coagulation time 8	high
1764	Omegnslaboratorier, Plasma-CKMB	Regional laboratories, Plasma CK-MB	high
1752	Omegnslaboratorier, Plasma-Alpha-1-foetoprotein 42	Regional laboratories, Plasma alpha-1-fetoprotein 42	high
1844	Omegnslaboratorier, Plasma-Testosteron	Regional laboratories, Plasma testosterone	high
1769	Omegnslaboratorier, Plasma-Carbamazepin 46	Regional laboratories, Plasma carbamazepine 46	high
1831	Omegnslaboratorier, Plasma-Progesteron 36	Regional laboratories, Plasma progesterone 36	high
1774	Omegnslaboratorier, Plasma-Choriongonadotropin	Regional laboratories, Plasma chorionic gonadotropin	high
1743	Omegnslaboratorier, Fæces-Ormeæg og cyster	Regional laboratories, Faeces worm eggs and cysts	high
1895	Omegnslaboratorier, Urin-Choriongonadotropin 10	Regional laboratories, Urine chorionic gonadotropin 10	high
1880	Omegnslaboratorier, Patient-Sperma-undersøgelse, fertilitet 52	Regional laboratories, Patient semen examination, fertility 52	high
1850	Omegnslaboratorier, Plasma-Toxoplasma m.v. test	Regional laboratories, Plasma toxoplasma etc. test	high
1794	Omegnslaboratorier, Plasma-Haptoglobin 52	Regional laboratories, Plasma haptoglobin 52	high
1890	Omegnslaboratorier, Urin-Amylase (alfa-amylase) 10	Regional laboratories, Urine amylase (alpha-amylase) 10	high
1782	Omegnslaboratorier, Plasma-Estrogenstatus	Regional laboratories, Plasma estrogen status	high
1874	Omegnslaboratorier, Patient-EKG-belastning, ergometri 80	Regional laboratories, Patient ECG stress test, ergometry 80	medium
1878	Omegnslaboratorier, Patient-Oscillometri, 2 ekstremiteter 20	Regional laboratories, Patient oscillometry, 2 extremities 20	high
1887	Omegnslaboratorier, Urin-Acetoacetat 2	Regional laboratories, Urine acetoacetate 2	high
1771	Omegnslaboratorier, Plasma-Carbonat + CO2 16	Regional laboratories, Plasma carbonate + CO2 16	high
1829	Omegnslaboratorier, Plasma-Phenytoin 42	Regional laboratories, Plasma phenytoin 42	high
1828	Omegnslaboratorier, Plasma-Phenobarbital 120	Regional laboratories, Plasma phenobarbital 120	high
1751	Omegnslaboratorier, Plasma-Alpha-1-antitrypsin 52	Regional laboratories, Plasma alpha-1-antitrypsin 52	high
1821	Omegnslaboratorier, Plasma-Nortriptylin 68	Regional laboratories, Plasma nortriptyline 68	high
1881	Omegnslaboratorier, Patient-Sperma-undersøgelse, sterilisation 20	Regional laboratories, Patient semen examination, sterilisation 20	high
1795	Omegnslaboratorier, Plasma-Hepatitis C virus-antistoffer	Regional laboratories, Plasma hepatitis C virus antibodies	high
1885	Omegnslaboratorier, Patient-Creatinin-clearance 48	Regional laboratories, Patient creatinine clearance 48	high
1838	Omegnslaboratorier, Plasma-Renin	Regional laboratories, Plasma renin	high
1803	Omegnslaboratorier, Plasma-Immunglobulin E, allergen 32	Regional laboratories, Plasma immunoglobulin E, allergen 32	high
1796	Omegnslaboratorier, Plasma-Herpes simplex virus-antistoffer	Regional laboratories, Plasma herpes simplex virus antibodies	high
1753	Omegnslaboratorier, Plasma-Amitriptylin 92	Regional laboratories, Plasma amitriptyline 92	high
1827	Omegnslaboratorier, Plasma-Parotitisvirus	Regional laboratories, Plasma mumps virus	high
1824	Omegnslaboratorier, Plasma-Oxcarbazepin	Regional laboratories, Plasma oxcarbazepine	high
2324	Diagnostisk radiologi, Cholecystografi	Diagnostic radiology, Cholecystography	high
1733	Omegnslaboratorier, Blod-Type-Rhesus 6	Regional laboratories, Blood type Rhesus 6	high
1845	Omegnslaboratorier, Plasma-Theophyllin 62	Regional laboratories, Plasma theophylline 62	high
97	Ørelægevagt KAK, Impedansaudiometri	ENT on-call, KAK, Impedance audiometry	high
1767	Omegnslaboratorier, Plasma-Calcium (ii)-ion	Regional laboratories, Plasma calcium (ii) ion	high
1741	Omegnslaboratorier, Fæces-Giardia lamblia	Regional laboratories, Faeces Giardia lamblia	high
1896	Omegnslaboratorier, Urin-Cortisol, frit	Regional laboratories, Urine cortisol, free	high
1826	Omegnslaboratorier, Plasma-Parathormon	Regional laboratories, Plasma parathyroid hormone	high
1859	Omegnslaboratorier, Plasma-Zink	Regional laboratories, P-Zinc	high
3699	Almen lægehjælp 80, Tympanometri/Registrering	General practitioner, tympanometry/registration	high
3622	Almen lægehjælp 80, Registrering	General practitioner, registration	high
3681	Almen lægehjælp 80, Tillæg ved Hib-vaccination	General practitioner, supplement for Hib vaccination	high
2737	Fysioterapi 61, Ledmobilisering	Physiotherapy 61, joint mobilisation	high
2744	Fysioterapi 61, Termisk behandling	Physiotherapy 61, thermal treatment	high
2739	Fysioterapi 61, Massage	Physiotherapy 61, massage	high
3485	Almen lægehjælp 80, Hjemmebesøg i Odder	General practitioner, home visit in Odder	high
1281	Københavns Praktiserende Lægers Laboratorium, LD-isoenzym 1	Copenhagen GP Laboratory (KPLL), LD isoenzyme 1	high
1433	Københavns Praktiserende Lægers Laboratorium, Reticulocytter	Copenhagen GP Laboratory (KPLL), reticulocytes	high
1413	Københavns Praktiserende Lægers Laboratorium, Prostata-specifikt antigen	Copenhagen GP Laboratory (KPLL), prostate-specific antigen	high
1478	Københavns Praktiserende Lægers Laboratorium, Syfilistest for gravide	Copenhagen GP Laboratory (KPLL), syphilis test for pregnant women	high
3604	Almen lægehjælp 80, Plasma-kreatinin	General practitioner, P-creatinine	high
1283	Københavns Praktiserende Lægers Laboratorium, LDL-cholesterol	Copenhagen GP Laboratory (KPLL), LDL cholesterol	high
1524	Københavns Praktiserende Lægers Laboratorium, Urin-partikler (Urin-mikroskopi)	Copenhagen GP Laboratory (KPLL), U-particles (U-microscopy)	high
1107	Københavns Praktiserende Lægers Laboratorium, Erythrocytter;Urin	Copenhagen GP Laboratory (KPLL), erythrocytes ;U	high
1102	Københavns Praktiserende Lægers Laboratorium, Epitelceller;Urin	Copenhagen GP Laboratory (KPLL), epithelial cells ;U	high
1508	Københavns Praktiserende Lægers Laboratorium, Trichomonas;Urin	Copenhagen GP Laboratory (KPLL), Trichomonas ;U	high
3601	Almen lægehjælp 80, Plasma-ASAT	General practitioner, P-ASAT	high
1266	Københavns Praktiserende Lægers Laboratorium, Koagulationstid	Copenhagen GP Laboratory (KPLL), coagulation time	high
1519	Københavns Praktiserende Lægers Laboratorium, Urin-Bence Jones-undersøgelse	Copenhagen GP Laboratory (KPLL), U-Bence Jones investigation	high
1560	Københavns Praktiserende Lægers Laboratorium, Urin-osteoporoseprofil	Copenhagen GP Laboratory (KPLL), u-osteoporosis profile	high
1367	Københavns Praktiserende Lægers Laboratorium, Osteoporoseprofil	Copenhagen GP Laboratory (KPLL), osteoporosis profile	high
1554	Københavns Praktiserende Lægers Laboratorium, døgnUrin-Katekolaminer	Copenhagen GP Laboratory (KPLL), dU-catecholamines	high
3603	Almen lægehjælp 80, Plasma-cholesterol	General practitioner, P-cholesterol	high
1063	Københavns Praktiserende Lægers Laboratorium, Cryoglobuliner	Copenhagen GP Laboratory (KPLL), cryoglobulins	high
3606	Almen lægehjælp 80, Plasma-triglycerid	General practitioner, P-triglyceride	high
1500	Københavns Praktiserende Lægers Laboratorium, Total hæmolyse	Copenhagen GP Laboratory (KPLL), total haemolysis	high
1470	Københavns Praktiserende Lægers Laboratorium, Start hæmolyse	Copenhagen GP Laboratory (KPLL), onset haemolysis	high
3607	Almen lægehjælp 80, Plasma-urat	General practitioner, P-urate	high
3598	Almen lægehjælp 80, Plasma-Kreatin-Kinase	General practitioner, P-creatine kinase	high
1920	Statens Seruminstitut, ANCA (IgG) screening	Statens Serum Institut, ANCA (IgG) screening	high
2161	Statens Seruminstitut, Parasitter mikroskopi	Statens Serum Institut, parasites microscopy	high
2221	Statens Seruminstitut, Syfilis og HIV antistof	Statens Serum Institut, syphilis and HIV antibody	high
2245	Statens Seruminstitut, Tarmpatogene bakterier	Statens Serum Institut, intestinal pathogenic bacteria	high
2892	Psykologhjælp, To-personers konsultation	Psychology service, two-person consultation	high
1333	Københavns Praktiserende Lægers Laboratorium, Mikroalbumin	Copenhagen GP Laboratory (KPLL), microalbumin	high
1526	Københavns Praktiserende Lægers Laboratorium, Urin-kreatinin	Copenhagen GP Laboratory (KPLL), U-creatinine	high
2026	Statens Seruminstitut, Enterovirus (EV), isolation	Statens Serum Institut, enterovirus (EV), isolation	medium
2170	Statens Seruminstitut, Pityrosporum/Malassezia	Statens Serum Institut, Pityrosporum/Malassezia	high
2040	Statens Seruminstitut, GS-ANA (IgG screening)	Statens Serum Institut, GS-ANA (IgG screening)	high
2135	Statens Seruminstitut, Mononukleose (Paul-Bunnell)	Statens Serum Institut, mononucleosis (Paul-Bunnell)	medium
2255	Statens Seruminstitut, Toxoplasma, Elisa G	Statens Serum Institut, Toxoplasma, Elisa G	high
2238	Statens Seruminstitut, TPB Standard + 5 supplerende	Statens Serum Institut, TPB standard + 5 supplementary	medium
2037	Statens Seruminstitut, Fund af middel til	Statens Serum Institut, finding of agent for	low
2123	Statens Seruminstitut, Lymfogranuloma-Venereum	Statens Serum Institut, lymphogranuloma venereum	high
2194	Statens Seruminstitut, Retikulin antistoffer	Statens Serum Institut, reticulin antibodies	high
2057	Statens Seruminstitut, HIV 1/2 konfirmatorisk	Statens Serum Institut, HIV 1/2 confirmatory	high
1951	Statens Seruminstitut, Andre bakterier	Statens Serum Institut, other bacteria	high
2237	Statens Seruminstitut, TPB Standard + 4 supplerende	Statens Serum Institut, TPB standard + 4 supplementary	medium
2041	Statens Seruminstitut, GS-ANA (IgG) screening	Statens Serum Institut, GS-ANA (IgG) screening	high
1932	Statens Seruminstitut, Adenovirus og Respiratorisk	Statens Serum Institut, adenovirus and respiratory	medium
2103	Statens Seruminstitut, Influenzavirus antistof	Statens Serum Institut, influenza virus antibody	high
2222	Statens Seruminstitut, Syfilis udvidet STS	Statens Serum Institut, syphilis extended STS	medium
1994	Statens Seruminstitut, Coeliaki mistanke	Statens Serum Institut, coeliac disease suspicion	high
1475	Københavns Praktiserende Lægers Laboratorium, Svedtest, ledningsevne	Copenhagen GP Laboratory (KPLL), sweat test, conductivity	high
1978	Statens Seruminstitut, Calicivirus (Norwalk)	Statens Serum Institut, calicivirus (Norwalk)	high
3616	Almen lægehjælp 80, Projekt Lildholt	General practitioner, Lildholt project	medium
3043	Gynækologi/obstetrik, Skift af ringpessar	Gynaecology/obstetrics, replacement of ring pessary	medium
1959	Statens Seruminstitut, Antibiotika koncentration	Statens Serum Institut, antibiotic concentration	high
3686	Almen lægehjælp 80, Timehonorar A60 (amt 60)	General practitioner, hourly fee (county 60)	high
2139	Statens Seruminstitut, Mycobacterium tuberculosis	Statens Serum Institut, Mycobacterium tuberculosis	high
1017	Københavns Praktiserende Lægers Laboratorium, Cøliaki-pakke;Plasma	Copenhagen GP Laboratory (KPLL), coeliac panel ;P	high
1569	Medicinsk Laboratorium, ADRENALIN + NORADRENALIN	Medical Laboratory, adrenaline + noradrenaline	high
1711	Medicinsk Laboratorium, Urin-5-HIAA 11	Medical Laboratory, U-5-HIAA 11	high
1635	Medicinsk Laboratorium, Serum-ALLERGENER, 3	Medical Laboratory, S-allergens, 3	high
1632	Medicinsk Laboratorium, Serum-ALLERGEN, 1	Medical Laboratory, S-allergen, 1	high
2042	Statens Seruminstitut, Gamle parasitundersøgelser	Statens Serum Institut, old parasite investigations	medium
1702	Medicinsk Laboratorium, Serum-ZINK URIN 11	Medical Laboratory, S-zinc urine 11	medium
1644	Medicinsk Laboratorium, Serum-C-peptid (pro-Insulin)	Medical Laboratory, S-C-peptide (pro-insulin)	high
1638	Medicinsk Laboratorium, Serum-ALLERGY SCREEN	Medical Laboratory, S-allergy screen	high
2660	Fodbehandling arvævspatienter, Behandling modul 15-20 minutter	Foot treatment, scar-tissue patients, treatment module 15-20 min	high
1590	Medicinsk Laboratorium, LIPIDSTATUS	Medical Laboratory, lipid status	high
3315	Almen lægehjælp 80, 1. opfølgende helbredsundersøgelse (2 måneder) A50 (amt 50)	General practitioner, 1st follow-up health examination (2 months) (county 50)	medium
1410	Københavns Praktiserende Lægers Laboratorium, Projekt Mor-Barn	Copenhagen GP Laboratory (KPLL), Mother-Child Project	high
1665	Medicinsk Laboratorium, Serum-immunglobulin E	Medical Laboratory, serum immunoglobulin E	high
1636	Medicinsk Laboratorium, Serum-allergener, 4	Medical Laboratory, serum allergens, 4	high
1586	Medicinsk Laboratorium, Hæmatologi 2	Medical Laboratory, haematology 2	high
1627	Medicinsk Laboratorium, Serum-ALAT	Medical Laboratory, serum ALT (alanine aminotransferase)	high
1652	Medicinsk Laboratorium, Serum-cholesterol total	Medical Laboratory, serum total cholesterol	high
1642	Medicinsk Laboratorium, Serum-basisk fosfatase	Medical Laboratory, serum alkaline phosphatase	high
1696	Medicinsk Laboratorium, Serum-triglycerid	Medical Laboratory, serum triglyceride	high
1643	Medicinsk Laboratorium, Serum-bilirubiner	Medical Laboratory, serum bilirubins	high
1699	Medicinsk Laboratorium, Serum-urat	Medical Laboratory, serum urate	high
1657	Medicinsk Laboratorium, Serum-kreatinin	Medical Laboratory, serum creatinine	high
1634	Medicinsk Laboratorium, Serum-allergener, 2	Medical Laboratory, serum allergens, 2	high
1633	Medicinsk Laboratorium, Serum-allergener, 10	Medical Laboratory, serum allergens, 10	high
3619	Almen lægehjælp 80, Psykiatri projekt A15	General practitioner, psychiatry project (county 15)	medium
3308	Almen lægehjælp 80, 1. helbredssamtale A80	General practitioner, 1st health consultation (county 80)	high
1628	Medicinsk Laboratorium, Serum-aldolase	Medical Laboratory, serum aldolase	high
1631	Medicinsk Laboratorium, Serum-allergener husstøv 1	Medical Laboratory, serum allergens, house dust 1	medium
1649	Medicinsk Laboratorium, Serum-calcium ioniseret	Medical Laboratory, serum ionised calcium	high
1587	Medicinsk Laboratorium, Hæmatologi 3	Medical Laboratory, haematology 3	high
2654	Fodbehandling arvævspatienter, Afstandstillæg pensionist 0-10 km	Foot treatment, scar-tissue patients, distance supplement pensioner 0-10 km	high
3323	Almen lægehjælp 80, 2. opfølgende helbredssamtale (2 måneder) A50	General practitioner, 2nd follow-up health consultation (2 months) (county 50)	medium
2656	Fodbehandling arvævspatienter, Afstandstillæg plejehjem 0-10 km	Foot treatment, scar-tissue patients, distance supplement nursing home 0-10 km	high
1588	Medicinsk Laboratorium, Hæmoglobinfraktioner	Medical Laboratory, haemoglobin fractions	high
1695	Medicinsk Laboratorium, Serum-transferrin	Medical Laboratory, serum transferrin	high
1668	Medicinsk Laboratorium, Serum-jern Fe 8	Medical Laboratory, serum iron (Fe) 8	high
1570	Medicinsk Laboratorium, Allergenspecifikt IgE	Medical Laboratory, allergen-specific IgE	high
1637	Medicinsk Laboratorium, Serum-allergener, 5	Medical Laboratory, serum allergens, 5	high
1585	Medicinsk Laboratorium, Hæmatologi 1	Medical Laboratory, haematology 1	high
1660	Medicinsk Laboratorium, Serum-estradiol kvinde 10	Medical Laboratory, serum estradiol, female 10	medium
1653	Medicinsk Laboratorium, Serum-cobalamin B12 8	Medical Laboratory, serum cobalamin (B12) 8	high
2655	Fodbehandling arvævspatienter, Afstandstillæg pensionist over 10 km	Foot treatment, scar-tissue patients, distance supplement pensioner over 10 km	high
1640	Medicinsk Laboratorium, Serum-angiotensin converting enzym	Medical Laboratory, serum angiotensin-converting enzyme	high
1661	Medicinsk Laboratorium, Serum-ferritin 10	Medical Laboratory, serum ferritin 10	high
1720	Medicinsk Laboratorium, alfa-amylasefraktioner	Medical Laboratory, alpha-amylase fractions	high
1600	Medicinsk Laboratorium, Plasma-methylmalonat U	Medical Laboratory, plasma methylmalonate, urine	medium
1645	Medicinsk Laboratorium, Serum-C-reaktivt protein	Medical Laboratory, serum C-reactive protein	high
1692	Medicinsk Laboratorium, Serum-testosteron	Medical Laboratory, serum testosterone	high
3424	Almen lægehjælp 80, Demens A50	General practitioner, dementia (county 50)	high
1435	Københavns Praktiserende Lægers Laboratorium, Retikulocytfraktion	Copenhagen GP Laboratory (KPLL), reticulocyte fraction	high
2197	Statens Seruminstitut, Reumatoid artrit (n	Statens Serum Institut, rheumatoid arthritis (n	medium
2244	Statens Seruminstitut, Tarmbakterier standardanalyse + 1	Statens Serum Institut, intestinal bacteria standard analysis + 1	medium
1704	Medicinsk Laboratorium, Sperma-spermaundersøgelse	Medical Laboratory, semen, semen analysis	high
1592	Medicinsk Laboratorium, Narkotikascreening	Medical Laboratory, drug screening	high
1599	Medicinsk Laboratorium, Plasma-homocystein total	Medical Laboratory, plasma total homocysteine	high
1549	Københavns Praktiserende Lægers Laboratorium, Yersinia-antistoffer udgår?	Copenhagen GP Laboratory (KPLL), Yersinia antibodies, discontinued?	low
1712	Medicinsk Laboratorium, Urin-acetoacetat	Medical Laboratory, urine acetoacetate	high
1578	Medicinsk Laboratorium, Blod-sænkning	Medical Laboratory, blood sedimentation rate	high
230	Øjenlægehjælp, Venteliste grå stær / B015	Ophthalmology service, waiting list cataract / B015	high
1589	Medicinsk Laboratorium, Koagulationsfaktorer	Medical Laboratory, coagulation factors	high
1495	Københavns Praktiserende Lægers Laboratorium, Thalassæmiindeks	Copenhagen GP Laboratory (KPLL), thalassaemia index	high
1965	Statens Seruminstitut, Autoimmun thyreoiditis	Statens Serum Institut, autoimmune thyroiditis	high
2259	Statens Seruminstitut, Transport af pakker	Statens Serum Institut, transport of packages	high
1067	Københavns Praktiserende Lægers Laboratorium, D-Dimer;Plasma	Copenhagen GP Laboratory (KPLL), D-dimer;P (plasma)	high
99	Ørelægevagt KAK, Paracentese	ENT on-call, KAK, paracentesis	high
1953	Statens Seruminstitut, Androgenstatus eksklusive	Statens Serum Institut, androgen status excluding	medium
2289	Statens Seruminstitut, Østrogenstatus eksklusive	Statens Serum Institut, oestrogen status excluding	medium
2229	Statens Seruminstitut, TPB + 1-4 coli	Statens Serum Institut, TPB + 1-4 coli	low
2153	Statens Seruminstitut, Positiv ANCA 488	Statens Serum Institut, positive ANCA 488	medium
2376	Diagnostisk radiologi, Tindingeben halvt	Diagnostic radiology, temporal bone, half	medium
864	Dermato-venerologi, Laserskud	Dermato-venereology, laser shot	high
2740	Fysioterapi 61, Neurofysioterapi	Physiotherapy 61, neurophysiotherapy	high
3153	Intern medicin, Lungefunktion spirometri med reversibilitet	Internal medicine, lung function spirometry with reversibility	high
4075	Kirurgi, Duplexscanner A15	Surgery, duplex scanner (county 15)	high
4069	Kirurgi, CW-doppler A15	Surgery, CW (continuous-wave) doppler (county 15)	high
3154	Intern medicin, Lungefunktion spirometri uden reversibilitet	Internal medicine, lung function spirometry without reversibility	high
136	Øjenlægehjælp, § 3-aftale grå stær	Ophthalmology service, § 3 agreement cataract	high
4225	Kirurgi, sigmoideoskopi eller koloskopi	Surgery, sigmoidoscopy or colonoscopy	high
236	Øjenlægehjælp, operation grå stær I / forundersøgelse	Ophthalmology service, cataract operation I / preliminary examination	high
3398	Almen lægehjælp 80, Besøg hjælpepersonale rute	General practitioner, visit by support staff, route	medium
4138	Kirurgi, Operation åreknuder eksklusive lyske venstre	Surgery, varicose vein operation excluding groin, left	medium
592	Pædiatri, 1. konsultation	Paediatrics, 1st consultation	high
594	Pædiatri, 1. konsultation (allergi) (amt 35)	Paediatrics, 1st consultation (allergology) (county 35)	high
595	Pædiatri, 1. konsultation adfærdsforstyrrelse	Paediatrics, 1st consultation, behavioural disorder	medium
596	Pædiatri, 2. konsultation	Paediatrics, 2nd consultation	high
598	Pædiatri, 2. konsultation (allergi) (amt 35)	Paediatrics, 2nd consultation (allergology) (county 35)	high
599	Pædiatri, afstandstillæg	Paediatrics, distance supplement	high
603	Pædiatri, B-differentialtælling 6	Paediatrics, blood differential count 6	high
604	Pædiatri, B-eosinofilocytter 1	Paediatrics, blood eosinophil count 1	high
607	Pædiatri, B-hæmoglobin 2	Paediatrics, blood haemoglobin 2	high
608	Pædiatri, B-koagulation 3	Paediatrics, blood coagulation 3	high
610	Pædiatri, B-sedimentationsreaktion 2	Paediatrics, blood sedimentation reaction (ESR) 2	high
612	Pædiatri, besøg	Paediatrics, visit	high
617	Pædiatri, F-orm, ormeled 1	Paediatrics, stool worm, worm segment (proglottid) 1	medium
618	Pædiatri, F-parasit-æg 6	Paediatrics, stool parasite eggs 6	high
619	Pædiatri, hæmatologisk undersøgelse II 6	Paediatrics, haematological examination II 6	high
620	Pædiatri, ingen tekst tilgængelig	Paediatrics, (procedure not documented)	low
621	Pædiatri, inhalationsbehandling (amt 15)	Paediatrics, inhalation treatment (county 15)	high
627	Pædiatri, lunger - vitalkapacitet 3	Paediatrics, lungs - vital capacity 3	high
628	Pædiatri, peak expiratory flow, lunger	Paediatrics, peak expiratory flow, lungs	high
630	Pædiatri, S-kreatinin 5	Paediatrics, serum creatinine 5	high
631	Pædiatri, senere konsultation	Paediatrics, later consultation	high
633	Pædiatri, telefonkonsultation	Paediatrics, telephone consultation	high
637	Pædiatri, U-glukose 1	Paediatrics, urine glucose 1	high
638	Pædiatri, U-Hb-Glukose-Methylketon-Protein stix (urin) 1	Paediatrics, urine Hb-glucose-methylketone-protein dipstick (stix) 1	medium
639	Pædiatri, U-Hæmoglobin 1	Paediatrics, urine haemoglobin 1	high
640	Pædiatri, U-Methylketon 1	Paediatrics, urine methylketone 1	high
641	Pædiatri, U-Mikroskopi 3	Paediatrics, urine microscopy 3	high
642	Pædiatri, U-Protein 1	Paediatrics, urine protein 1	high
644	Pædiatri, anstrengelsesprovokation på løbebånd	Paediatrics, exercise challenge on treadmill	high
645	Pædiatri, bronkialprovokation	Paediatrics, bronchial challenge test	high
646	Pædiatri, cutanprøver (amt 35)	Paediatrics, skin tests (county 35)	high
648	Pædiatri, fødevareprovokation	Paediatrics, food challenge	high
649	Pædiatri, kostregistrering	Paediatrics, dietary registration	high
652	Pædiatri, peak expiratory flow, lunger, hjemme	Paediatrics, peak expiratory flow, lungs, at home	high
653	Pædiatri, provokationsforsøg (amt 35)	Paediatrics, provocation/challenge test (county 35)	high
654	Pædiatri, registrering af hovedpine	Paediatrics, registration of headache	high
655	Pædiatri, registrering af mavesmerter og afføring	Paediatrics, registration of abdominal pain and stool	high
656	Pædiatri, registrering af symptomer, astma	Paediatrics, registration of symptoms, asthma	high
657	Pædiatri, registrering af symptomer, astma og høfeber	Paediatrics, registration of symptoms, asthma and hay fever	high
659	Pædiatri, senere konsultation	Paediatrics, later consultation	high
660	Pædiatri, senere konsultation (amt 35)	Paediatrics, later consultation (county 35)	high
661	Pædiatri, tillæg for tolk	Paediatrics, supplement for interpreter	high
662	Pædiatri, telefonkonsultation (amt 35)	Paediatrics, telephone consultation (county 35)	high
663	Pædiatri, tolkebistand	Paediatrics, interpreter assistance	high
665	Pædiatri, udlevering af inhalationsdevice	Paediatrics, dispensing of inhalation device	high
