# id	da_full	en	confidence	residual
0	Almen lægehjælp 80	General practitioner	high	
1	Anæsthesiologi	Anaesthesiology	high	
2	Briller	Eyeglasses	high	
3	Børnepsykiatri	Child psychiatry	high	
4	Dermato-venerologi	Dermato-venereology	high	
5	Diagnost. radiologi	Diagnostic radiology	high	
6	Fodbehandling arvævspat.	Foot treatment, scar-tissue patients	high	
7	Fodbehandling, leddegigt	Foot treatment, Rheumatoid arthritis	high	
8	Fodterapi	Podiatry	high	
9	Fysioterapi 51	Physiotherapy	high	
10	Fysioterapi 61	Physiotherapy 61	high	
11	Gynækologi/obstetrik	Gynaecology/obstetrics	high	
12	Intern medicin	Internal medicine	high	
13	Kak vagtlægehjælp 82	KAK on-call GP 82	high	
14	Kak vagtlægehjælp 84	KAK on-call GP 84	high	
15	Kiropraktik kronikere	Chiropractic, chronic patients	high	
16	Kirurgi	Surgery	high	
17	Københavns Praktiserende Lægers Laboratorium	Copenhagen GP Laboratory (KPLL)	high	
18	Medicinsk Laboratorium	Medical Laboratory	high	
19	Neuromedicin	Neurology	high	
20	Omegnslaboratorier	Regional laboratories	high	
21	Ortonyxi	Orthonyxia	high	
22	Ortopædisk kirurgi	Orthopaedic surgery	high	
23	Plastikkirurgi	Plastic surgery	high	
24	Præhospital	Pre-hospital	high	
25	Psykiatri	Psychiatry	high	
26	Psykologhjælp	Psychology service	high	
27	Pædiatri	Paediatrics	high	
28	Reumatologi	Rheumatology	high	
29	Statens Seruminstitut	Statens Serum Institut	high	
30	Tandlægehjælp	Dental service	high	
31	Tolkebistand	Interpreter service	high	
32	Tropemedicin	Tropical medicine	high	
33	Vagtlægehjælp 83	On-call GP service 83	high	
34	Vederlagsfri fysioterapi	Free-of-charge physiotherapy	high	
35	Øjenlægehjælp	Ophthalmology service	high	
36	Ørelægehjælp	ENT service	high	
37	Ørelægevagt KAK	ENT on-call, KAK	high	
38	Anæsthesiologi, (procedure not documented)	Anaesthesiology, (procedure not documented)	low	
39	Anæsthesiologi, 1 konsultation med Operation	Anaesthesiology, 1 consultation with operation	high	
40	Anæsthesiologi, 1 konsultation Smertetils.	Anaesthesiology, 1 consultation smertetils.	low	Y
41	Anæsthesiologi, 1 konsultation med/operation med V	Anaesthesiology, 1 consultation with/operation with v	high	
42	Anæsthesiologi, 2. konsultation Smertetils.	Anaesthesiology, 2. consultation smertetils.	low	Y
43	Anæsthesiologi, Afstandstillæg	Anaesthesiology, Distance supplement	high	
44	Anæsthesiologi, Akupunktur	Anaesthesiology, Acupuncture	high	
45	Anæsthesiologi, Anæstæsi med intubation 30-60 min	Anaesthesiology, Anaesthesia with intubation 30-60 min	high	
46	Anæsthesiologi, Anæstæsi med intubation 61-120 min	Anaesthesiology, Anaesthesia with intubation 61-120 min	high	
47	Anæsthesiologi, Anæstæsi med intubation over 120 min	Anaesthesiology, Anaesthesia with intubation over 120 min	high	
48	Anæsthesiologi, Bedøvelse GrI    *1*	Anaesthesiology, Anaesthesia gri *1*	low	Y
49	Anæsthesiologi, Bedøvelse GrI  *flg*	Anaesthesiology, Anaesthesia gri *flg*	low	Y
50	Anæsthesiologi, Bedøvelse GrII   *1*	Anaesthesiology, Anaesthesia grii *1*	low	Y
51	Anæsthesiologi, Bedøvelse GrII *flg*	Anaesthesiology, Anaesthesia grii *flg*	low	Y
52	Anæsthesiologi, Bedøvelse GrIII  *1*	Anaesthesiology, Anaesthesia griii *1*	low	Y
53	Anæsthesiologi, Bedøvelse GrIII*flg*	Anaesthesiology, Anaesthesia griii*flg*	low	Y
54	Anæsthesiologi, Bedøvelse GrIV   *1*	Anaesthesiology, Anaesthesia griv *1*	low	Y
55	Anæsthesiologi, Bedøvelse GrIV *flg*	Anaesthesiology, Anaesthesia griv *flg*	low	Y
56	Anæsthesiologi, Besøg	Anaesthesiology, Visit	high	
57	Anæsthesiologi, Bistand til øjen/øre	Anaesthesiology, Bistand to eye/ear	high	
58	Anæsthesiologi, E-mail konsultation	Anaesthesiology, E-mail consultation	high	
59	Anæsthesiologi, E-mail konsultation	Anaesthesiology, E-mail consultation	high	
60	Anæsthesiologi, i V regional sympaticus blokade	Anaesthesiology, In v regional sympathetic block	high	
61	Anæsthesiologi, Injekt. i epiduralr.	Anaesthesiology, Injection. in epiduralr.	low	Y
62	Anæsthesiologi, Injektion i bursae	Anaesthesiology, Injection in bursae	high	
63	Anæsthesiologi, Intraart. injektion.	Anaesthesiology, Intraart. injection.	low	Y
64	Anæsthesiologi, Kortvarig anæstæsi med intubation	Anaesthesiology, Short-term anaesthesia with intubation	high	
65	Anæsthesiologi, Kortvarig anæstæsi med maske	Anaesthesiology, Short-term anaesthesia with mask	high	
66	Anæsthesiologi, Kørselsgodtgør.  i	Anaesthesiology, Mileage allowance. in	low	Y
67	Anæsthesiologi, Ledningsbl./nervebl.	Anaesthesiology, Ledningsbl./nervebl.	low	Y
68	Anæsthesiologi, Længvar. anæstesi A	Anaesthesiology, Long-lasting. anaesthesia a	high	
69	Anæsthesiologi, Manipulationsbeh.	Anaesthesiology, Manipulationsbeh.	low	Y
70	Anæsthesiologi, Muskelblokader	Anaesthesiology, Muskelblokader	high	
71	Anæsthesiologi, Neurolytiske blokad.	Anaesthesiology, Neurolytiske blokad.	low	Y
72	Anæsthesiologi, Paravertebal blokade	Anaesthesiology, Paravertebal block	high	
73	Anæsthesiologi, Perivertebral. blok.	Anaesthesiology, Perivertebral. blok.	low	Y
74	Anæsthesiologi, Pt-Ekg  3 Ext.Afl. 6	Anaesthesiology, Pt-ECG 3 ext.afl. 6	high	
75	Anæsthesiologi, Senere konsultation Smerte.	Anaesthesiology, Later consultation smerte.	low	Y
76	Anæsthesiologi, Sympaticusblo.(cer.)	Anaesthesiology, Sympaticusblo.(cer.)	low	Y
77	Anæsthesiologi, Sympaticusblo.(lum.)	Anaesthesiology, Sympaticusblo.(lum.)	low	Y
78	Anæsthesiologi, telefon konsultation Smerte.	Anaesthesiology, Telephone consultation smerte.	low	Y
79	Anæsthesiologi, telefon rådg prakt læge	Anaesthesiology, Telephone rådg prakt doctor	low	Y
80	Anæsthesiologi, Tolk ifm. konsultation  3	Anaesthesiology, Interpreter in connection with. consultation 3	low	Y
81	Anæsthesiologi, Transcutan nervesti.	Anaesthesiology, Transcutan nervesti.	low	Y
82	Anæsthesiologi, Triggerpunktblokade	Anaesthesiology, Triggerpunktblokade	high	
83	Anæsthesiologi, Udvid. Lungefunktpr.	Anaesthesiology, Udvid. lungefunktpr.	low	Y
84	Anæsthesiologi, Udvidet 1. konsultation smertebehandling	Anaesthesiology, Udvidet 1. consultation smertebehandling	high	
85	Anæsthesiologi, Ukendt	Anaesthesiology, Ukendt	high	
86	Anæsthesiologi, læ anæ.ifm ørelægebi	Anaesthesiology, Læ anæ.in connection with ørelægebi	low	Y
87	Anæsthesiologi, tillæg for tolk	Anaesthesiology, Supplement for interpreter	high	
88	Anæsthesiologi, tolkebistand	Anaesthesiology, Interpreter assistance	high	
89	Anæsthesiologi, ukendt	Anaesthesiology, Ukendt	high	
90	Klinisk kemi, 1. konsultation	Clinical chemistry, 1. consultation	high	
91	Klinisk kemi, 2. konsultation	Clinical chemistry, 2. consultation	high	
92	Klinisk kemi, Senere konsultation	Clinical chemistry, Later consultation	high	
93	Klinisk kemi, telefon konsultation	Clinical chemistry, Telephone consultation	high	
94	Ørelægevagt Kbh., Besøg	ENT on-call, Copenhagen, Visit	high	
95	Ørelægevagt KAK, 1. Konsultation	ENT on-call, KAK, 1. consultation	high	
96	Ørelægevagt KAK, Gennem-Sk. Trommeh.	ENT on-call, KAK, Gennem-sk. trommeh.	low	Y
97	Ørelægevagt KAK, Impedansaudiometri	ENT on-call, KAK, Impedansaudiometri	high	
98	Ørelægevagt KAK, Kaust. behandling Næsen	ENT on-call, KAK, Caustic. treatment the nose	low	Y
99	Ørelægevagt KAK, Paracentese	ENT on-call, KAK, Paracentese	high	
100	Ørelægevagt KAK, punktur af Kæbehule	ENT on-call, KAK, Puncture of maxillary sinus	high	
101	Ørelægevagt KAK, Senere Konsultation	ENT on-call, KAK, Later consultation	high	
102	Ørelægevagt KAK, Streptokokantigent.	ENT on-call, KAK, Streptokokantigent.	low	Y
103	Ørelægevagt KAK, undersøgelse af hør. v. til/s	ENT on-call, KAK, Examination of hearing. v. to/s	low	Y
104	Neurokirurgi, 1. konsultation	Neurosurgery, 1. consultation	high	
105	Neurokirurgi, 2. konsultation	Neurosurgery, 2. consultation	high	
106	Neurokirurgi, Senere konsultation	Neurosurgery, Later consultation	high	
107	Neurokirurgi, telefon konsultation	Neurosurgery, Telephone consultation	high	
108	Neuromedicin, (procedure not documented)	Neurology, (procedure not documented)	low	
109	Neuromedicin, 1. konsultation	Neurology, 1. consultation	high	
110	Neuromedicin, 1. Konsult. Pg.3 A20	Neurology, 1. konsult. pg.3 a20	low	Y
111	Neuromedicin, 2. konsultation	Neurology, 2. consultation	high	
112	Neuromedicin, Afstandstillæg	Neurology, Distance supplement	high	
113	Neuromedicin, Besøg	Neurology, Visit	high	
114	Neuromedicin, E-mail konsultation	Neurology, E-mail consultation	high	
115	Neuromedicin, Elektroenc. med/søvnk.	Neurology, Elektroenc. with/sleep recording.	low	Y
116	Neuromedicin, Elektroencephalog.	Neurology, Elektroencephalog.	low	Y
117	Neuromedicin, Email konsultation	Neurology, Email consultation	high	
118	Neuromedicin, Ingen tekst tilgængelig	Neurology, No text available	high	
119	Neuromedicin, Kørselsgodtgør.  i	Neurology, Mileage allowance. in	low	Y
120	Neuromedicin, Neurokir. 1 konsultation	Neurology, Neurokir. 1 consultation	low	Y
121	Neuromedicin, Neurokir. 2 konsultation	Neurology, Neurokir. 2 consultation	low	Y
122	Neuromedicin, Neurokir. 3 konsultation	Neurology, Neurokir. 3 consultation	low	Y
123	Neuromedicin, Neurokir. telefon konsultation	Neurology, Neurokir. telephone consultation	low	Y
124	Neuromedicin, Sen. konsultation  Pg.3 A20	Neurology, Sen. consultation pg.3 a20	low	Y
125	Neuromedicin, Senere konsultation	Neurology, Later consultation	high	
126	Neuromedicin, telefon konsultation	Neurology, Telephone consultation	high	
127	Neuromedicin, telefon rådg prakt læge	Neurology, Telephone rådg prakt doctor	low	Y
128	Neuromedicin, Tolk ifm. konsultation  3	Neurology, Interpreter in connection with. consultation 3	low	Y
129	Neuromedicin, tillæg for tolk	Neurology, Supplement for interpreter	high	
130	Neuromedicin, tolkebistand	Neurology, Interpreter assistance	high	
131	Øjenlægehjælp, (ingen tekst tilgængelig)	Ophthalmology service, (no text available)	high	
132	Øjenlægehjælp, (procedure not documented)	Ophthalmology service, (procedure not documented)	low	
133	Øjenlægehjælp, 1.Konsultation	Ophthalmology service, 1.consultation	high	
134	Øjenlægehjælp, 1.kon gråstær operation A35	Ophthalmology service, 1.kon cataract operation a35	high	
135	Øjenlægehjælp, 2002 frit.loft/B080	Ophthalmology service, 2002 frit.loft/b080	high	
136	Øjenlægehjælp, 3-aftale grå stær	Ophthalmology service, 3-aftale cataract	high	
137	Øjenlægehjælp, Afstandstillæg	Ophthalmology service, Distance supplement	high	
138	Øjenlægehjælp, Automat. Perimetri	Ophthalmology service, Automat. perimetri	low	Y
139	Øjenlægehjælp, behandling Efterst. YAG Fg	Ophthalmology service, Treatment efterst. yag fg	low	Y
140	Øjenlægehjælp, behandling Efterstær YAG 1	Ophthalmology service, Treatment after-cataract yag 1	high	
141	Øjenlægehjælp, behandling Grøn St. Yag Fg	Ophthalmology service, Treatment green st. yag fg	low	Y
142	Øjenlægehjælp, behandling Grøn Stær YAG 1	Ophthalmology service, Treatment glaucoma yag 1	high	
143	Øjenlægehjælp, behandling Grøn Stær YAG Fg	Ophthalmology service, Treatment glaucoma yag fg	low	Y
144	Øjenlægehjælp, behandling ef stær YAGlaser	Ophthalmology service, Treatment ef cataract YAG laser	high	
145	Øjenlægehjælp, Besøg	Ophthalmology service, Visit	high	
146	Øjenlægehjælp, Biopsi	Ophthalmology service, Biopsy	high	
147	Øjenlægehjælp, CCT screening, amt65	Ophthalmology service, Cct screening, amt65	low	Y
148	Øjenlægehjælp, diagnostisk Nethindeløsn.	Ophthalmology service, Diagnostic retinal detachment.	low	Y
149	Øjenlægehjælp, diagnostisk kontrol P Van	Ophthalmology service, Diagnostic follow-up p van	high	
150	Øjenlægehjælp, Email konsultation	Ophthalmology service, Email consultation	high	
151	Øjenlægehjælp, fjernelse Fremmedleg anæstesi	Ophthalmology service, Removal fremmedleg anaesthesia	high	
152	Øjenlægehjælp, fjernelse Fremmedlegeme	Ophthalmology service, Removal fremmedlegeme	high	
153	Øjenlægehjælp, fjernelse Pterygium	Ophthalmology service, Removal pterygium	high	
154	Øjenlægehjælp, fjernelse Pterygium  anæstesi	Ophthalmology service, Removal pterygium anaesthesia	high	
155	Øjenlægehjælp, fjernelse Pterygium anæstesi	Ophthalmology service, Removal pterygium anaesthesia	high	
156	Øjenlægehjælp, fjernelse Sut. Hornh anæstesi	Ophthalmology service, Removal sut. hornh anaesthesia	low	Y
157	Øjenlægehjælp, fjernelse Sutur. Hornh.	Ophthalmology service, Removal sutur. hornh.	low	Y
158	Øjenlægehjælp, fjernelse Tåresækken	Ophthalmology service, Removal the lacrimal sac	high	
159	Øjenlægehjælp, fjernelse Xanthelasm anæstesi	Ophthalmology service, Removal xanthelasm anaesthesia	high	
160	Øjenlægehjælp, fjernelse Xanthelasmata	Ophthalmology service, Removal xanthelasmata	high	
161	Øjenlægehjælp, Fjernelse af øje anæstesi	Ophthalmology service, Removal of eye anaesthesia	high	
162	Øjenlægehjælp, Fluangiografi	Ophthalmology service, Fluangiografi	high	
163	Øjenlægehjælp, Fotokoa. Kammerv.A20	Ophthalmology service, Fotokoa. kammerv.a20	low	Y
164	Øjenlægehjælp, Fotokoa.kammervin.Fg	Ophthalmology service, Fotokoa.kammervin.fg	high	
165	Øjenlægehjælp, Fotokoag. Kammervin.	Ophthalmology service, Fotokoag. kammervin.	low	Y
166	Øjenlægehjælp, Fundusfoto	Ophthalmology service, Fundusfoto	high	
167	Øjenlægehjælp, Glaucomvurder. mv	Ophthalmology service, Glaucomvurder. etc.	low	Y
168	Øjenlægehjælp, Grå Stær 1. Ak. 20	Ophthalmology service, Cataract 1. ak. 20	low	Y
169	Øjenlægehjælp, Grå Stær 1. Ak. 25	Ophthalmology service, Cataract 1. ak. 25	low	Y
170	Øjenlægehjælp, Grå Stær 1. Ak. 30	Ophthalmology service, Cataract 1. ak. 30	low	Y
171	Øjenlægehjælp, Grå Stær 1. Ak. 42	Ophthalmology service, Cataract 1. ak. 42	low	Y
172	Øjenlægehjælp, Grå Stær 1. Ak. 50	Ophthalmology service, Cataract 1. ak. 50	low	Y
173	Øjenlægehjælp, Grå Stær 1. Ak. 80	Ophthalmology service, Cataract 1. ak. 80	low	Y
174	Øjenlægehjælp, Grå Stær Ak.15	Ophthalmology service, Cataract ak.15	high	
175	Øjenlægehjælp, Grå Stær Fg. Ak. 42	Ophthalmology service, Cataract fg. ak. 42	low	Y
176	Øjenlægehjælp, Grå stær	Ophthalmology service, Cataract	high	
177	Øjenlægehjælp, Grå stær opr. a65	Ophthalmology service, Cataract opr. a65	low	Y
178	Øjenlægehjælp, Grå stær, Viborg amt	Ophthalmology service, Cataract, viborg amt	high	
179	Øjenlægehjælp, Grøn Stær YAG 1. A20	Ophthalmology service, Glaucoma yag 1. a20	high	
180	Øjenlægehjælp, Grøn Stær YAG 1. A30	Ophthalmology service, Glaucoma yag 1. a30	high	
181	Øjenlægehjælp, HRT-II kontrol gr.st	Ophthalmology service, Hrt-ii follow-up gr.st	high	
182	Øjenlægehjælp, individuel Svagsynsoptik	Ophthalmology service, Individual svagsynsoptik	high	
183	Øjenlægehjælp, Indkaldelse af pt	Ophthalmology service, Indkaldelse of pt	low	Y
184	Øjenlægehjælp, Ingen tekst tilgængelig	Ophthalmology service, No text available	high	
185	Øjenlægehjælp, konsultation + tillæg med fon	Ophthalmology service, Consultation + supplement with fon	high	
186	Øjenlægehjælp, konsultation inkl fundus a60	Ophthalmology service, Consultation incl. fundus a60	low	Y
187	Øjenlægehjælp, Kørselsgodtgør.  i	Ophthalmology service, Mileage allowance. in	low	Y
188	Øjenlægehjælp, Laserbe. ret. rif.Fg	Ophthalmology service, Laserbe. ret. rif.fg	low	Y
189	Øjenlægehjælp, Laserbeh. ret. rift.	Ophthalmology service, Laserbeh. ret. rift.	low	Y
190	Øjenlægehjælp, Nødvendig Assistance	Ophthalmology service, Necessary assistance	high	
191	Øjenlægehjælp, operation Indad. øjenl anæstesi	Ophthalmology service, Operation indad. øjenl anaesthesia	low	Y
192	Øjenlægehjælp, operation Indadd. øjenlåg	Ophthalmology service, Operation indadd. eyelid	low	Y
193	Øjenlægehjælp, operation Udad. øjenl. anæstesi	Ophthalmology service, Operation udad. øjenl. anaesthesia	low	Y
194	Øjenlægehjælp, operation Udaddr. øjenlåg	Ophthalmology service, Operation udaddr. eyelid	low	Y
195	Øjenlægehjælp, operation grå stær med linse 2	Ophthalmology service, Operation cataract with lens 2	high	
196	Øjenlægehjælp, operation Grå Stær med linse 1	Ophthalmology service, Operation cataract with lens 1	high	
197	Øjenlægehjælp, operation Grå Stær uden linse 1	Ophthalmology service, Operation cataract without lens 1	high	
198	Øjenlægehjælp, operation grå stær med linse 1	Ophthalmology service, Operation cataract with lens 1	high	
199	Øjenlægehjælp, operation grå stær med linse 1	Ophthalmology service, Operation cataract with lens 1	high	
200	Øjenlægehjælp, operation grå stær med linse b	Ophthalmology service, Operation cataract with lens b	high	
201	Øjenlægehjælp, Oper. Blefarokal. anæstesi	Ophthalmology service, Operation. blefarokal. anaesthesia	low	Y
202	Øjenlægehjælp, Oper. Blefarokalasis	Ophthalmology service, Operation. blefarokalasis	low	Y
203	Øjenlægehjælp, Oper. grå stær/B042	Ophthalmology service, Operation. cataract/b042	low	Y
204	Øjenlægehjælp, operation F. Chalaz anæstesi	Ophthalmology service, Operation f. chalaz anaesthesia	high	
205	Øjenlægehjælp, operation F. Chalazion	Ophthalmology service, Operation f. chalazion	high	
206	Øjenlægehjælp, Opr. grå stær A30	Ophthalmology service, Opr. cataract a30	low	Y
207	Øjenlægehjælp, Opr. grå stær A76	Ophthalmology service, Opr. cataract a76	low	Y
208	Øjenlægehjælp, Opr. grå stær Amt76	Ophthalmology service, Opr. cataract amt76	low	Y
209	Øjenlægehjælp, Opr. gråstær A15	Ophthalmology service, Opr. cataract a15	low	Y
210	Øjenlægehjælp, Opr.for gråstær/B035	Ophthalmology service, Opr.for cataract/b035	high	
211	Øjenlægehjælp, Ortoptisk Vurd. mv	Ophthalmology service, Ortoptisk vurd. etc.	low	Y
212	Øjenlægehjælp, Pachymetri	Ophthalmology service, Pachymetri	high	
213	Øjenlægehjælp, Retin Fotokoagulat.	Ophthalmology service, Retin fotokoagulat.	low	Y
214	Øjenlægehjælp, Retin. Fotokoagulat.	Ophthalmology service, Retin. fotokoagulat.	low	Y
215	Øjenlægehjælp, Retin.fotokoagul. Fg	Ophthalmology service, Retin.fotokoagul. fg	low	Y
216	Øjenlægehjælp, Retinal fotokoagula	Ophthalmology service, Retinal fotokoagula	high	
217	Øjenlægehjælp, Senere Konsultation	Ophthalmology service, Later consultation	high	
218	Øjenlægehjælp, Skeleoperation	Ophthalmology service, Strabismus operation	high	
219	Øjenlægehjælp, Skeleoperation  anæstesi	Ophthalmology service, Strabismus operation anaesthesia	high	
220	Øjenlægehjælp, Skeleoperation anæstesi	Ophthalmology service, Strabismus operation anaesthesia	high	
221	Øjenlægehjælp, Sonder. Tåreveje	Ophthalmology service, Sonder. tear ducts	low	Y
222	Øjenlægehjælp, Sonder. Tåreveje anæstesi	Ophthalmology service, Sonder. tear ducts anaesthesia	low	Y
223	Øjenlægehjælp, Sonder. Tåreveje anæstesi	Ophthalmology service, Sonder. tear ducts anaesthesia	low	Y
224	Øjenlægehjælp, Sub. Injek. og blokade anæstesi	Ophthalmology service, Sub. injek. and block anaesthesia	low	Y
225	Øjenlægehjælp, Sub. Injek. og Blok.	Ophthalmology service, Sub. injek. and blok.	low	Y
226	Øjenlægehjælp, Særlig stæropr/B013	Ophthalmology service, Special cataract operation/b013	high	
227	Øjenlægehjælp, Telefonkonsultation	Ophthalmology service, Telephone consultation	high	
228	Øjenlægehjælp, Tolk ifm. konsultation  3	Ophthalmology service, Interpreter in connection with. consultation 3	low	Y
229	Øjenlægehjælp, undersøgelse diab.komp. amt60	Ophthalmology service, Examination diab.komp. amt60	high	
230	Øjenlægehjælp, Ventel.grå stær/B015	Ophthalmology service, Ventel.cataract/b015	high	
231	Øjenlægehjælp, YAGlaser følg.opera.	Ophthalmology service, YAG laser følg.opera.	low	Y
232	Øjenlægehjælp, Ydelser Rammeaftaler	Ophthalmology service, Ydelser rammeaftaler	high	
233	Øjenlægehjælp, grå stær opr. a76	Ophthalmology service, Cataract opr. a76	low	Y
234	Øjenlægehjælp, indber.screen.diab.	Ophthalmology service, Indber.screen.diab.	high	
235	Øjenlægehjælp, konsultation tillægsyd uden fon	Ophthalmology service, Consultation supplementary service without fon	high	
236	Øjenlægehjælp, opr gråstær i/forund	Ophthalmology service, Opr cataract in/forund	high	
237	Øjenlægehjælp, opr. blefarokalasis	Ophthalmology service, Opr. blefarokalasis	low	Y
238	Øjenlægehjælp, opr.grå st.indl.intr	Ophthalmology service, Opr.grå st.indl.intr	low	Y
239	Øjenlægehjælp, tillæg tolkebistand	Ophthalmology service, Supplement interpreter assistance	high	
240	Øjenlægehjælp, telefon rådg prakt læge	Ophthalmology service, Telephone rådg prakt doctor	low	Y
241	Øjenlægehjælp, tolkebistand	Ophthalmology service, Interpreter assistance	high	
242	Øjenlægehjælp, ukendt	Ophthalmology service, Ukendt	high	
243	Øjenlægehjælp, viktrektomi og neth.	Ophthalmology service, Viktrektomi and neth.	low	Y
244	Øjenlægehjælp, ¤ 3 grå stær SST A	Ophthalmology service, ¤ 3 cataract sst a	high	
245	Ortopædisk Kirurgi, Ingen tekst tilgængelig	Orthopaedic surgery, No text available	high	
246	Ortopædisk kirurgi, (procedure not documented)	Orthopaedic surgery, (procedure not documented)	low	
247	Ortopædisk kirurgi, 1. konsultation	Orthopaedic surgery, 1. consultation	high	
248	Ortopædisk kirurgi, 1. konsultation med/operation Mv	Orthopaedic surgery, 1. consultation with/operation etc.	low	Y
249	Ortopædisk kirurgi, 2. konsultation	Orthopaedic surgery, 2. consultation	high	
250	Ortopædisk kirurgi, Afstandstillæg	Orthopaedic surgery, Distance supplement	high	
251	Ortopædisk kirurgi, Amput. Finger 1. anæstesi	Orthopaedic surgery, Amput. finger 1. anaesthesia	low	Y
252	Ortopædisk kirurgi, Amputat. Finger   1.	Orthopaedic surgery, Amputat. finger 1.	low	Y
253	Ortopædisk kirurgi, Amputat. Finger følgende	Orthopaedic surgery, Amputat. finger subsequent	low	Y
254	Ortopædisk kirurgi, Art knæ min følgende operation	Orthopaedic surgery, Art knee min subsequent operation	high	
255	Ortopædisk kirurgi, Art knæ stør følgende operation	Orthopaedic surgery, Art knee stør subsequent operation	low	Y
256	Ortopædisk kirurgi, Artr. Fingerl. Fg anæstesi	Orthopaedic surgery, Artr. fingerl. fg anaesthesia	low	Y
257	Ortopædisk kirurgi, Artro knæ mindre ind	Orthopaedic surgery, Artro knee mindre ind	high	
258	Ortopædisk kirurgi, Artro knæ/st.indgreb	Orthopaedic surgery, Artro knee/st.indgreb	high	
259	Ortopædisk kirurgi, Artro. Fingerl. 1 anæstesi	Orthopaedic surgery, Artro. fingerl. 1 anaesthesia	low	Y
260	Ortopædisk kirurgi, Artrod. Fingerl.  1.	Orthopaedic surgery, Artrod. fingerl. 1.	low	Y
261	Ortopædisk kirurgi, Artrod. Fingerl. følgende	Orthopaedic surgery, Artrod. fingerl. subsequent	low	Y
262	Ortopædisk kirurgi, Behandl. Brud 1.	Orthopaedic surgery, Behandl. brud 1.	low	Y
263	Ortopædisk kirurgi, Behandl. Brud 1. anæstesi	Orthopaedic surgery, Behandl. brud 1. anaesthesia	low	Y
264	Ortopædisk kirurgi, Behandl. Brud Fg. anæstesi	Orthopaedic surgery, Behandl. brud fg. anaesthesia	low	Y
265	Ortopædisk kirurgi, Behandl. Brud følgende	Orthopaedic surgery, Behandl. brud subsequent	low	Y
266	Ortopædisk kirurgi, Besøg	Orthopaedic surgery, Visit	high	
267	Ortopædisk kirurgi, Biopsi	Orthopaedic surgery, Biopsy	high	
268	Ortopædisk kirurgi, Diag. Artro. med operation	Orthopaedic surgery, Diag. artro. with operation	low	Y
269	Ortopædisk kirurgi, diagnostisk Artroscopi	Orthopaedic surgery, Diagnostic artroscopi	high	
270	Ortopædisk kirurgi, Doppler	Orthopaedic surgery, Doppler	high	
271	Ortopædisk kirurgi, Dopplerus. af vener	Orthopaedic surgery, Dopplerus. of vener	low	Y
272	Ortopædisk kirurgi, Duplexscan. af vener	Orthopaedic surgery, Duplexscan. of vener	low	Y
273	Ortopædisk kirurgi, Dupuytren	Orthopaedic surgery, Dupuytren	high	
274	Ortopædisk kirurgi, Dupuytren følgende operation	Orthopaedic surgery, Dupuytren subsequent operation	high	
275	Ortopædisk kirurgi, E-mail konsultation	Orthopaedic surgery, E-mail consultation	high	
276	Ortopædisk kirurgi, Fj. Svulst H. Fg. anæstesi	Orthopaedic surgery, Removal. svulst h. fg. anaesthesia	low	Y
277	Ortopædisk kirurgi, Fj. af svulst i musk	Orthopaedic surgery, Removal. of svulst in musk	low	Y
278	Ortopædisk kirurgi, Fj.svusl musk følgende operation	Orthopaedic surgery, Removal.svusl musk subsequent operation	high	
279	Ortopædisk kirurgi, Fjer. Spoleb. Fg. anæstesi	Orthopaedic surgery, Fjer. spoleb. fg. anaesthesia	low	Y
280	Ortopædisk kirurgi, Fjer. Svulst H. 1 anæstesi	Orthopaedic surgery, Fjer. svulst h. 1 anaesthesia	low	Y
281	Ortopædisk kirurgi, fjernelse Negl       1.	Orthopaedic surgery, Removal negl 1.	high	
282	Ortopædisk kirurgi, fjernelse Negl     følgende	Orthopaedic surgery, Removal negl subsequent	high	
283	Ortopædisk kirurgi, fjernelse Neglel. 1. anæstesi	Orthopaedic surgery, Removal neglel. 1. anaesthesia	low	Y
284	Ortopædisk kirurgi, fjernelse Negleleje  1.	Orthopaedic surgery, Removal negleleje 1.	high	
285	Ortopædisk kirurgi, fjernelse Negleleje følgende	Orthopaedic surgery, Removal negleleje subsequent	high	
286	Ortopædisk kirurgi, fjernelse Spoleb. 1. anæstesi	Orthopaedic surgery, Removal spoleb. 1. anaesthesia	low	Y
287	Ortopædisk kirurgi, fjernelse Spoleben.  1.	Orthopaedic surgery, Removal spoleben. 1.	low	Y
288	Ortopædisk kirurgi, fjernelse Spoleben følgende	Orthopaedic surgery, Removal spoleben subsequent	high	
289	Ortopædisk kirurgi, fjernelse Svulst Hud 1.	Orthopaedic surgery, Removal svulst hud 1.	high	
290	Ortopædisk kirurgi, fjernelse Svulst Hud Fg	Orthopaedic surgery, Removal svulst hud fg	low	Y
291	Ortopædisk kirurgi, Gips ifm. operation	Orthopaedic surgery, Gips in connection with. operation	low	Y
292	Ortopædisk kirurgi, Gipsbandager	Orthopaedic surgery, Gipsbandager	high	
293	Ortopædisk kirurgi, Injekt. åre 1 konsultation	Orthopaedic surgery, Injection. vein 1 consultation	low	Y
294	Ortopædisk kirurgi, Injekt. åre Sen konsultation	Orthopaedic surgery, Injection. vein sen consultation	low	Y
295	Ortopædisk kirurgi, Intra-artikul.injek.	Orthopaedic surgery, Intra-artikul.injek.	high	
296	Ortopædisk kirurgi, Knogleforskyd følgende operation	Orthopaedic surgery, Knogleforskyd subsequent operation	high	
297	Ortopædisk kirurgi, Knogleforskyds. operation	Orthopaedic surgery, Knogleforskyds. operation	low	Y
298	Ortopædisk kirurgi, Knæoperation  3A15	Orthopaedic surgery, Knee operation 3a15	high	
299	Ortopædisk kirurgi, Ledbåndsrekon	Orthopaedic surgery, Ligament reconstruction	high	
300	Ortopædisk kirurgi, Ledbåndsrekon følgende operation	Orthopaedic surgery, Ligament reconstruction subsequent operation	high	
301	Ortopædisk kirurgi, Nerveafklem følgende operation	Orthopaedic surgery, Nerveafklem subsequent operation	high	
302	Ortopædisk kirurgi, Nerveafklemning	Orthopaedic surgery, Nerveafklemning	low	Y
303	Ortopædisk kirurgi, operation Bullen Fing. følgende	Orthopaedic surgery, Operation bullen fing. subsequent	low	Y
304	Ortopædisk kirurgi, operation Bullen Fing 1 anæstesi	Orthopaedic surgery, Operation bullen fing 1 anaesthesia	high	
305	Ortopædisk kirurgi, operation Kon. Håndf. 1 anæstesi	Orthopaedic surgery, Operation kon. håndf. 1 anaesthesia	low	Y
306	Ortopædisk kirurgi, operation Kon.Håndf. Fg anæstesi	Orthopaedic surgery, Operation kon.håndf. fg anaesthesia	low	Y
307	Ortopædisk kirurgi, operation kontrol Håndfl. 1.	Orthopaedic surgery, Operation follow-up palm. 1.	low	Y
308	Ortopædisk kirurgi, operation kontrol Håndfl følgende	Orthopaedic surgery, Operation follow-up palm subsequent	high	
309	Ortopædisk kirurgi, operation Slidg. St.Tå følgende	Orthopaedic surgery, Operation osteoarthritis. st.tå subsequent	low	Y
310	Ortopædisk kirurgi, operation Slidg.St.Tå 1 anæstesi	Orthopaedic surgery, Operation osteoarthritis.st.tå 1 anaesthesia	low	Y
311	Ortopædisk kirurgi, operation Slidgigt St.Tå 1	Orthopaedic surgery, Operation osteoarthritis st.tå 1	low	Y
312	Ortopædisk kirurgi, operation Springfing. 1 anæstesi	Orthopaedic surgery, Operation springfing. 1 anaesthesia	low	Y
313	Ortopædisk kirurgi, operation Springfing Fg anæstesi	Orthopaedic surgery, Operation springfing fg anaesthesia	low	Y
314	Ortopædisk kirurgi, operation Slidg St Tå Fg anæstesi	Orthopaedic surgery, Operation osteoarthritis st tå fg anaesthesia	low	Y
315	Ortopædisk kirurgi, operation årekn ex lysk.ve	Orthopaedic surgery, Operation varicose veins ex lysk.ve	high	
316	Ortopædisk kirurgi, operation årekn ex lysk hø	Orthopaedic surgery, Operation varicose veins ex lysk hø	low	Y
317	Ortopædisk kirurgi, operation årekn i lysk.hø.b	Orthopaedic surgery, Operation varicose veins in lysk.hø.b	low	Y
318	Ortopædisk kirurgi, operation årekn i lysk.ve.b	Orthopaedic surgery, Operation varicose veins in lysk.ve.b	high	
319	Ortopædisk kirurgi, operation Hammertå følgende anæstesi	Orthopaedic surgery, Operation hammer toe subsequent anaesthesia	high	
320	Ortopædisk kirurgi, operation Knyst        1.	Orthopaedic surgery, Operation knyst 1.	high	
321	Ortopædisk kirurgi, operation Knyst     følgende	Orthopaedic surgery, Operation knyst subsequent	high	
322	Ortopædisk kirurgi, operation Knyst 1. anæstesi	Orthopaedic surgery, Operation knyst 1. anaesthesia	high	
323	Ortopædisk kirurgi, operation Knyst følgende anæstesi	Orthopaedic surgery, Operation knyst subsequent anaesthesia	high	
324	Ortopædisk kirurgi, operation Senekn. følgende anæstesi	Orthopaedic surgery, Operation senekn. subsequent anaesthesia	low	Y
325	Ortopædisk kirurgi, operation Seneknude    1.	Orthopaedic surgery, Operation seneknude 1.	high	
326	Ortopædisk kirurgi, operation Seneknude  følgende	Orthopaedic surgery, Operation seneknude subsequent	high	
327	Ortopædisk kirurgi, operation Seneknude 1. anæstesi	Orthopaedic surgery, Operation seneknude 1. anaesthesia	high	
328	Ortopædisk kirurgi, operation Springfing. følgende	Orthopaedic surgery, Operation springfing. subsequent	low	Y
329	Ortopædisk kirurgi, operation Springfinger 1.	Orthopaedic surgery, Operation springfinger 1.	low	Y
330	Ortopædisk kirurgi, operation seneknude	Orthopaedic surgery, Operation seneknude	high	
331	Ortopædisk kirurgi, operation åre. Lyske 1 anæstesi	Orthopaedic surgery, Operation vein. groin 1 anaesthesia	low	Y
332	Ortopædisk kirurgi, operation årekn. Lyske 1.	Orthopaedic surgery, Operation varicose veins. groin 1.	low	Y
333	Ortopædisk kirurgi, operation årekn. Lyske Fg	Orthopaedic surgery, Operation varicose veins. groin fg	low	Y
334	Ortopædisk kirurgi, Oper. Bullen Fing.1.	Orthopaedic surgery, Operation. bullen fing.1.	low	Y
335	Ortopædisk kirurgi, operation Hammertå  1.	Orthopaedic surgery, Operation hammer toe 1.	high	
336	Ortopædisk kirurgi, operation Hammertå følgende	Orthopaedic surgery, Operation hammer toe subsequent	high	
337	Ortopædisk kirurgi, operation åreknud. følgende	Orthopaedic surgery, Operation varicose veins. subsequent	low	Y
338	Ortopædisk kirurgi, operation åreknuder 1.	Orthopaedic surgery, Operation varicose veins 1.	high	
339	Ortopædisk kirurgi, Oscillometri *2 Ex*6	Orthopaedic surgery, Oscillometri *2 ex*6	low	Y
340	Ortopædisk kirurgi, Plast. Oper. følgende anæstesi	Orthopaedic surgery, Plast. operation. subsequent anaesthesia	low	Y
341	Ortopædisk kirurgi, Plast. operation    1.	Orthopaedic surgery, Plast. operation 1.	low	Y
342	Ortopædisk kirurgi, Plast. operation  følgende	Orthopaedic surgery, Plast. operation subsequent	low	Y
343	Ortopædisk kirurgi, Plast. operation 1. anæstesi	Orthopaedic surgery, Plast. operation 1. anaesthesia	low	Y
344	Ortopædisk kirurgi, Pulsoxymetri	Orthopaedic surgery, Pulsoxymetri	high	
345	Ortopædisk kirurgi, Rensn. Småsår 1. anæstesi	Orthopaedic surgery, Rensn. minor wounds 1. anaesthesia	low	Y
346	Ortopædisk kirurgi, Rensning Småsår   1.	Orthopaedic surgery, Rensning minor wounds 1.	low	Y
347	Ortopædisk kirurgi, Rensning Småsår følgende	Orthopaedic surgery, Rensning minor wounds subsequent	low	Y
348	Ortopædisk kirurgi, Revision Sår      1.	Orthopaedic surgery, Revision wound 1.	high	
349	Ortopædisk kirurgi, Revision Sår   følgende	Orthopaedic surgery, Revision wound subsequent	high	
350	Ortopædisk kirurgi, Revision Sår 1.  anæstesi	Orthopaedic surgery, Revision wound 1. anaesthesia	high	
351	Ortopædisk kirurgi, Senere konsultation	Orthopaedic surgery, Later consultation	high	
352	Ortopædisk kirurgi, Synov. Hånd følgende anæstesi	Orthopaedic surgery, Synov. hand subsequent anaesthesia	low	Y
353	Ortopædisk kirurgi, Synovect. Hånd    1.	Orthopaedic surgery, Synovect. hand 1.	low	Y
354	Ortopædisk kirurgi, Synovect. Hånd 1. anæstesi	Orthopaedic surgery, Synovect. hand 1. anaesthesia	low	Y
355	Ortopædisk kirurgi, Synovect. Hånd følgende	Orthopaedic surgery, Synovect. hand subsequent	low	Y
356	Ortopædisk kirurgi, Tapn. i led       1.	Orthopaedic surgery, Tapn. in joint 1.	low	Y
357	Ortopædisk kirurgi, Tapn. i led     følgende	Orthopaedic surgery, Tapn. in joint subsequent	low	Y
358	Ortopædisk kirurgi, Tapn. i led 1. anæstesi	Orthopaedic surgery, Tapn. in joint 1. anaesthesia	low	Y
359	Ortopædisk kirurgi, Tapn. i led følgende anæstesi	Orthopaedic surgery, Tapn. in joint subsequent anaesthesia	low	Y
360	Ortopædisk kirurgi, Tenosynovectomi hånd	Orthopaedic surgery, Tenosynovectomi hand	high	
361	Ortopædisk kirurgi, telefon konsultation	Orthopaedic surgery, Telephone consultation	high	
362	Ortopædisk kirurgi, telefon rådg prakt læge	Orthopaedic surgery, Telephone rådg prakt doctor	low	Y
363	Ortopædisk kirurgi, Zinklim- & Plastbind	Orthopaedic surgery, Zinklim- & plastbind	high	
364	Ortopædisk kirurgi, Zinklim-og plas.bind	Orthopaedic surgery, Zinklim-and plas.bind	high	
365	Ortopædisk kirurgi, analog.fj.svulst mus	Orthopaedic surgery, Analog.removal.svulst mus	high	
366	Ortopædisk kirurgi, opr. årekn. i lysken	Orthopaedic surgery, Opr. varicose veins. in lysken	low	Y
367	Ortopædisk kirurgi, tillæg for tolk	Orthopaedic surgery, Supplement for interpreter	high	
368	Ortopædisk kirurgi, tolkebistand	Orthopaedic surgery, Interpreter assistance	high	
369	Ørelægehjælp, (procedure not documented)	ENT service, (procedure not documented)	low	
370	Ørelægehjælp, 1. Konsultation	ENT service, 1. consultation	high	
371	Ørelægehjælp, 1. Konsultation All.	ENT service, 1. consultation all.	low	Y
372	Ørelægehjælp, 1. konsultation all.  3A20	ENT service, 1. consultation all. 3a20	low	Y
373	Ørelægehjælp, 1.kon.  3-aft.  A.80	ENT service, 1.kon. 3-aft. a.80	high	
374	Ørelægehjælp, 1 konsultation    allergol.	ENT service, 1 consultation allergol.	low	Y
375	Ørelægehjælp, 2. Konsultation All.	ENT service, 2. consultation all.	low	Y
376	Ørelægehjælp, 2. konsultation all.  3A20	ENT service, 2. consultation all. 3a20	low	Y
377	Ørelægehjælp, 2.kon.  3-aft.  A.80	ENT service, 2.kon. 3-aft. a.80	high	
378	Ørelægehjælp, 2 konsultation    allergol.	ENT service, 2 consultation allergol.	low	Y
379	Ørelægehjælp, Afstandstillæg	ENT service, Distance supplement	high	
380	Ørelægehjælp, Akustisk rhinometri	ENT service, Akustisk rhinometri	low	Y
381	Ørelægehjælp, Alaplastik	ENT service, Alaplastik	high	
382	Ørelægehjælp, Basisyd.  3-aft.A65	ENT service, Basisyd. 3-aft.a65	low	Y
383	Ørelægehjælp, behandling af næsebl. med til	ENT service, Treatment of nosebleed. with to	low	Y
384	Ørelægehjælp, Besøg med Operation	ENT service, Visit with operation	high	
385	Ørelægehjælp, Besøg uden Operation	ENT service, Visit without operation	high	
386	Ørelægehjælp, Bihuleoperat.,Antro.	ENT service, Bihuleoperat.,antro.	low	Y
387	Ørelægehjælp, Bihuleoperat.,Luc C.	ENT service, Bihuleoperat.,luc c.	low	Y
388	Ørelægehjælp, Biopsi	ENT service, Biopsy	high	
389	Ørelægehjælp, Blokade af ansigtner	ENT service, Block of ansigtner	high	
390	Ørelægehjælp, Bronchoskopi	ENT service, Bronchoskopi	high	
391	Ørelægehjælp, Concha	ENT service, Concha	high	
392	Ørelægehjælp, Concha_         anæstesi	ENT service, Concha_ anaesthesia	high	
393	Ørelægehjælp, Cpap Vejle amt	ENT service, Cpap vejle amt	high	
394	Ørelægehjælp, Cutanprøv. 3-aft.A80	ENT service, Cutanprøv. 3-aft.a80	low	Y
395	Ørelægehjælp, Cutanprøve	ENT service, Skin test	high	
396	Ørelægehjælp, Cutanprøve allergol.	ENT service, Skin test allergol.	low	Y
397	Ørelægehjælp, Cutanprøver  3A20	ENT service, Skin tests 3a20	high	
398	Ørelægehjælp, Dob. endoskopisk rhi	ENT service, Dob. endoskopisk rhi	low	Y
399	Ørelægehjælp, ENG	ENT service, Eng	high	
400	Ørelægehjælp, ERA	ENT service, Era	high	
401	Ørelægehjælp, Finnålsdiagnostik	ENT service, Finnålsdiagnostik	low	Y
402	Ørelægehjælp, Fj. Slimpol. Næse anæstesi	ENT service, Removal. slimpol. nose anaesthesia	low	Y
403	Ørelægehjælp, Fj. drøbelen	ENT service, Removal. drøbelen	low	Y
404	Ørelægehjælp, Fjer. Slimpoly. Næse	ENT service, Fjer. slimpoly. nose	low	Y
405	Ørelægehjælp, Fjer. af god. svulst	ENT service, Fjer. of god. svulst	low	Y
406	Ørelægehjælp, Fjer. frem. i strube	ENT service, Fjer. frem. in strube	low	Y
407	Ørelægehjælp, Fjer. tumor i strub.	ENT service, Fjer. tumor in strub.	low	Y
408	Ørelægehjælp, Fjer. tumor med sutur	ENT service, Fjer. tumor with sutur	low	Y
409	Ørelægehjælp, Fjer. tumor uden sutur	ENT service, Fjer. tumor without sutur	low	Y
410	Ørelægehjælp, fjernelse Aden. Veg. anæstesi	ENT service, Removal aden. veg. anaesthesia	low	Y
411	Ørelægehjælp, fjernelse Adenoide Veg.	ENT service, Removal adenoide veg.	low	Y
412	Ørelægehjælp, fjernelse Fremmedlegeme	ENT service, Removal fremmedlegeme	high	
413	Ørelægehjælp, fjernelse Mandler	ENT service, Removal mandler	high	
414	Ørelægehjælp, fjernelse Spytkirt.Kæbe	ENT service, Removal spytkirt.jaw	high	
415	Ørelægehjælp, fjernelse Svulst Strub.	ENT service, Removal svulst strub.	low	Y
416	Ørelægehjælp, fjernelse frem.lgm. følgende	ENT service, Removal frem.lgm. subsequent	high	
417	Ørelægehjælp, fjernelse ørepolypp. anæstesi	ENT service, Removal ørepolypp. anaesthesia	low	Y
418	Ørelægehjælp, fjernelse ørepolypp anæstesi	ENT service, Removal ørepolypp anaesthesia	low	Y
419	Ørelægehjælp, fjernelse ørepolypper	ENT service, Removal ear polyps	high	
420	Ørelægehjælp, Fjr. tumor rek.kir.	ENT service, Fjr. tumor rek.kir.	low	Y
421	Ørelægehjælp, Forund.høreapp. A80	ENT service, Forund.høreapp. a80	low	Y
422	Ørelægehjælp, Forunds.  3 A20	ENT service, Forunds. 3 a20	low	Y
423	Ørelægehjælp, Forunds.  3 A65	ENT service, Forunds. 3 a65	low	Y
424	Ørelægehjælp, Forunds. mhp høreapp	ENT service, Forunds. mhp høreapp	low	Y
425	Ørelægehjælp, Gennem-Sk. Trommeh.	ENT service, Gennem-sk. trommeh.	low	Y
426	Ørelægehjælp, Gennem-Sk Trommeh anæstesi	ENT service, Gennem-sk trommeh anaesthesia	high	
427	Ørelægehjælp, Høreapparat A80	ENT service, Hearing aid a80	high	
428	Ørelægehjælp, Høreapparattilp. fl.	ENT service, Høreapparattilp. fl.	low	Y
429	Ørelægehjælp, Høreapparattilpasn.	ENT service, Høreapparattilpasn.	low	Y
430	Ørelægehjælp, Impedansaudiometri	ENT service, Impedansaudiometri	high	
431	Ørelægehjælp, Incision af byld	ENT service, Incision of byld	high	
432	Ørelægehjælp, Incision byld i hals	ENT service, Incision byld in hals	high	
433	Ørelægehjælp, Indgreb på concha	ENT service, Indgreb on concha	high	
434	Ørelægehjælp, Infudnibulektomi	ENT service, Infudnibulektomi	high	
435	Ørelægehjælp, Ingen tekst tilgængelig	ENT service, No text available	high	
436	Ørelægehjælp, Kaust. behandling Næsen	ENT service, Caustic. treatment the nose	low	Y
437	Ørelægehjælp, Kaust. behandling Næsen anæstesi	ENT service, Caustic. treatment the nose anaesthesia	low	Y
438	Ørelægehjælp, Korr. Næseskillevæg	ENT service, Correction. næseskillevæg	low	Y
439	Ørelægehjælp, Kørselsgodtgør.  i	ENT service, Mileage allowance. in	low	Y
440	Ørelægehjælp, Meche-beh. bet.øreg.	ENT service, Meche-beh. bet.øreg.	low	Y
441	Ørelægehjælp, Meche-beh. følgende	ENT service, Meche-beh. subsequent	high	
442	Ørelægehjælp, Mellemøreop. med t&m	ENT service, Middle-ear operation. with t&m	low	Y
443	Ørelægehjælp, Mellemøreop. med tympanometri	ENT service, Middle-ear operation. with tympanometry	low	Y
444	Ørelægehjælp, Mellemøreop.,Fremkl.	ENT service, Middle-ear operation.,fremkl.	low	Y
445	Ørelægehjælp, Mellemøreoperat. anæstesi	ENT service, Mellemøreoperat. anaesthesia	low	Y
446	Ørelægehjælp, Mellemøreoperation	ENT service, Middle-ear operation	high	
447	Ørelægehjælp, Monit. af søvnapnø	ENT service, Monit. of søvnapnø	low	Y
448	Ørelægehjælp, Myringoplast. med ris	ENT service, Myringoplast. with ris	low	Y
449	Ørelægehjælp, Myringoplast. med tra	ENT service, Myringoplast. with tra	low	Y
450	Ørelægehjælp, Måling af ota. emi.	ENT service, Measurement of ota. emi.	low	Y
451	Ørelægehjælp, Oesophagoskopi	ENT service, Oesophagoskopi	high	
452	Ørelægehjælp, Oper. Kæbe Tandl anæstesi	ENT service, Operation. jaw tandl anaesthesia	low	Y
453	Ørelægehjælp, Oper. Stritøre 1.A20	ENT service, Operation. protruding ears 1.a20	low	Y
454	Ørelægehjælp, Oper. af kort tung.	ENT service, Operation. of kort tung.	low	Y
455	Ørelægehjælp, operation Kæbe. Tandl.	ENT service, Operation jaw. tandl.	low	Y
456	Ørelægehjælp, operation Spytkirt. anæstesi	ENT service, Operation spytkirt. anaesthesia	low	Y
457	Ørelægehjælp, operation Spytkirtl.	ENT service, Operation spytkirtl.	low	Y
458	Ørelægehjælp, operation Stritøre	ENT service, Operation protruding ears	high	
459	Ørelægehjælp, operation Stritøre Fg	ENT service, Operation protruding ears fg	low	Y
460	Ørelægehjælp, operation Ydre Næse	ENT service, Operation ydre nose	high	
461	Ørelægehjælp, operation Ydre Næse anæstesi	ENT service, Operation ydre nose anaesthesia	high	
462	Ørelægehjælp, Oprens.radikalkavite	ENT service, Oprens.radikalkavite	high	
463	Ørelægehjælp, Oprensn. følgende	ENT service, Oprensn. subsequent	low	Y
464	Ørelægehjælp, Otolit repositionsm.	ENT service, Otolit repositionsm.	low	Y
465	Ørelægehjælp, Otoneurologisk undersøgelse	ENT service, Otoneurologisk examination	low	Y
466	Ørelægehjælp, Paracentese	ENT service, Paracentese	high	
467	Ørelægehjælp, Priktest  3-aft. A65	ENT service, Priktest 3-aft. a65	high	
468	Ørelægehjælp, Projektregistrering	ENT service, Projektregistrering	high	
469	Ørelægehjælp, Puls-oxymetri	ENT service, Puls-oxymetri	high	
470	Ørelægehjælp, punktur af Kæbehul anæstesi	ENT service, Puncture of kæbehul anaesthesia	low	Y
471	Ørelægehjælp, punktur af Kæbehule	ENT service, Puncture of maxillary sinus	high	
472	Ørelægehjælp, Rhinoplastik	ENT service, Rhinoplastik	high	
473	Ørelægehjælp, Sen. kon.  3-aft.A80	ENT service, Sen. kon. 3-aft.a80	low	Y
474	Ørelægehjælp, Sen konsultation  allergol.	ENT service, Sen consultation allergol.	low	Y
475	Ørelægehjælp, Senere konsultation All.	ENT service, Later consultation all.	low	Y
476	Ørelægehjælp, Senere Konsultation	ENT service, Later consultation	high	
477	Ørelægehjælp, Senere kon.all  3A20	ENT service, Later kon.all 3a20	high	
478	Ørelægehjælp, Septumplastik	ENT service, Septumplastik	high	
479	Ørelægehjælp, Sinoscopi	ENT service, Sinoscopi	high	
480	Ørelægehjælp, Sinoscopi      anæstesi	ENT service, Sinoscopi anaesthesia	high	
481	Ørelægehjælp, Sinoscopi      _ anæstesi	ENT service, Sinoscopi _ anaesthesia	high	
482	Ørelægehjælp, Stemmeanalyse	ENT service, Stemmeanalyse	high	
483	Ørelægehjælp, Streptokokantigent.	ENT service, Streptokokantigent.	low	Y
484	Ørelægehjælp, Stroposkopi	ENT service, Stroposkopi	high	
485	Ørelægehjælp, Suturfjernelse	ENT service, Suturfjernelse	low	Y
486	Ørelægehjælp, Suturfjernelse følgende	ENT service, Suturfjernelse subsequent	low	Y
487	Ørelægehjælp, Taleaudiometri	ENT service, Taleaudiometri	high	
488	Ørelægehjælp, Telef. kon.all  3A20	ENT service, Telef. kon.all 3a20	low	Y
489	Ørelægehjælp, Telefonkons. All.	ENT service, Telefonkons. all.	low	Y
490	Ørelægehjælp, Tillæg for tolk	ENT service, Supplement for interpreter	high	
491	Ørelægehjælp, Tillæg for tolk All.	ENT service, Supplement for interpreter all.	low	Y
492	Ørelægehjælp, Tilp.CPAP amt 65	ENT service, Tilp.cpap amt 65	high	
493	Ørelægehjælp, telefon Konsultation	ENT service, Telephone consultation	high	
494	Ørelægehjælp, telefon konsultation allergol.	ENT service, Telephone consultation allergol.	low	Y
495	Ørelægehjælp, Tone/taleaudiometri	ENT service, Tone/taleaudiometri	high	
496	Ørelægehjælp, Toneaudiometri	ENT service, Toneaudiometri	high	
497	Ørelægehjælp, Tubulat. Trommeh. anæstesi	ENT service, Tubulat. trommeh. anaesthesia	low	Y
498	Ørelægehjælp, Tubulat. Trommehinde	ENT service, Tubulat. eardrum	low	Y
499	Ørelægehjælp, Tubulation af kæbeh.	ENT service, Tubulation of kæbeh.	low	Y
500	Ørelægehjælp, Udlev. og instrukt.	ENT service, Udlev. and instrukt.	low	Y
501	Ørelægehjælp, Udr.CPAP amt65	ENT service, Udr.cpap amt65	high	
502	Ørelægehjælp, Ultralydsus. bihuler	ENT service, Ultralydsus. bihuler	low	Y
503	Ørelægehjælp, undersøgelse af hør. v. til/s	ENT service, Examination of hearing. v. to/s	low	Y
504	Ørelægehjælp, undersøgelse af ligev. ved k	ENT service, Examination of ligev. by k	low	Y
505	Ørelægehjælp, Unders. Spiserør Mv.	ENT service, Unders. oesophagus etc..	low	Y
506	Ørelægehjælp, Unds. af hyp&larynx	ENT service, Unds. of hyp&larynx	low	Y
507	Ørelægehjælp, undersøgelse hypoph. larynx	ENT service, Examination hypoph. larynx	low	Y
508	Ørelægehjælp, e-mail konsultation	ENT service, E-mail consultation	high	
509	Ørelægehjælp, fj. fremmedlegeme	ENT service, Removal. fremmedlegeme	low	Y
510	Ørelægehjælp, ltype 7	ENT service, Ltype 7	high	
511	Ørelægehjælp, telefon rådg prakt læge	ENT service, Telephone rådg prakt doctor	low	Y
512	Ørelægehjælp, tolkebistand	ENT service, Interpreter assistance	high	
513	Ørelægehjælp, ukendt	ENT service, Ukendt	high	
514	Ørelægehjælp, øreprop tilp.a50	ENT service, Earplug tilp.a50	high	
515	Ørelægehjælp, øreprop/skaltilp. ¤3	ENT service, Earplug/skaltilp. ¤3	low	Y
516	Patologi, Immunhistokemisk præ	Pathology, Immunhistokemisk præ	low	Y
517	Patologi, Konusundersøgelse	Pathology, Konusundersøgelse	low	Y
518	Patologi, Vaginalcytologisk uden	Pathology, Vaginalcytologisk without	low	Y
519	Patologi, Vævsmikroskopi Cyto.	Pathology, Tissue microscopy cyto.	low	Y
520	Patologi, vævsmikroskopi med mindst 4 biopsier	Pathology, Tissue microscopy with mindst 4 biopsier	high	
521	Plastikkirurgi, (procedure not documented)	Plastic surgery, (procedure not documented)	low	
522	Plastikkirurgi, 1. konsultation	Plastic surgery, 1. consultation	high	
523	Plastikkirurgi, 1. konsultation med operation	Plastic surgery, 1. consultation with operation	high	
524	Plastikkirurgi, 1. Operationer	Plastic surgery, 1. operationer	high	
525	Plastikkirurgi, 2. konsultation	Plastic surgery, 2. consultation	high	
526	Plastikkirurgi, Besøg	Plastic surgery, Visit	high	
527	Plastikkirurgi, Biopsi	Plastic surgery, Biopsy	high	
528	Plastikkirurgi, E-mail konsultation	Plastic surgery, E-mail consultation	high	
529	Plastikkirurgi, fjernelse Seneknude  1.	Plastic surgery, Removal seneknude 1.	high	
530	Plastikkirurgi, fjernelse Seneknude følgende	Plastic surgery, Removal seneknude subsequent	high	
531	Plastikkirurgi, Flytn. af Hud     1.	Plastic surgery, Flytn. of hud 1.	low	Y
532	Plastikkirurgi, Flytn. af Hud   følgende	Plastic surgery, Flytn. of hud subsequent	low	Y
533	Plastikkirurgi, Indsætt. Allopla. 1.	Plastic surgery, Indsætt. allopla. 1.	low	Y
534	Plastikkirurgi, Ingen tekst tilgængelig	Plastic surgery, No text available	high	
535	Plastikkirurgi, Korr. Næse- øre. følgende	Plastic surgery, Correction. nose- ear. subsequent	low	Y
536	Plastikkirurgi, Korr. Næse- øre.  1.	Plastic surgery, Correction. nose- ear. 1.	low	Y
537	Plastikkirurgi, Mindre Operation følgende	Plastic surgery, Mindre operation subsequent	high	
538	Plastikkirurgi, Mindre Operation_ 1.	Plastic surgery, Mindre operation_ 1.	high	
539	Plastikkirurgi, operation Forhudsfor. følgende	Plastic surgery, Operation forhudsfor. subsequent	low	Y
540	Plastikkirurgi, Oper. Forhudsfors.1.	Plastic surgery, Operation. forhudsfors.1.	low	Y
541	Plastikkirurgi, Oper. Hudkræft    1.	Plastic surgery, Operation. skin cancer 1.	low	Y
542	Plastikkirurgi, Oper. Hudkræft  følgende	Plastic surgery, Operation. skin cancer subsequent	low	Y
543	Plastikkirurgi, Senere konsultation	Plastic surgery, Later consultation	high	
544	Plastikkirurgi, Større Operation  1.	Plastic surgery, Larger operation 1.	high	
545	Plastikkirurgi, Større Operation følgende	Plastic surgery, Larger operation subsequent	high	
546	Plastikkirurgi, telefon konsultation	Plastic surgery, Telephone consultation	high	
547	Plastikkirurgi, telefon rådg prakt læge	Plastic surgery, Telephone rådg prakt doctor	low	Y
548	Plastikkirurgi, tolkebistand	Plastic surgery, Interpreter assistance	high	
549	Psykiatri, (procedure not documented)	Psychiatry, (procedure not documented)	low	
550	Psykiatri, 1. konsultation	Psychiatry, 1. consultation	high	
551	Psykiatri, 2. konsultation	Psychiatry, 2. consultation	high	
552	Psykiatri, Afstandstillæg	Psychiatry, Distance supplement	high	
553	Psykiatri, Akut indlæggelse	Psychiatry, Acute admission	high	
554	Psykiatri, B-Differentialtæll.6	Psychiatry, B-differential count6	high	
555	Psykiatri, B-Erytrocyt*volfrk.1	Psychiatry, B-erytrocyt*volfrk.1	low	Y
556	Psykiatri, B-Glukose *ej Stix*4	Psychiatry, B-glukose *ej stix*4	low	Y
557	Psykiatri, B-Glukose *stix*   1	Psychiatry, B-glukose *stix* 1	low	Y
558	Psykiatri, B-Hemoglobin       2	Psychiatry, B-hemoglobin 2	high	
559	Psykiatri, B-Leukocyt. *park* 1	Psychiatry, B-leukocyt. *park* 1	low	Y
560	Psykiatri, B-Sedimentat.Reakt.2	Psychiatry, B-sedimentat.reakt.2	high	
561	Psykiatri, B-Trombocyt. *park*3	Psychiatry, B-trombocyt. *park*3	low	Y
562	Psykiatri, Besøg	Psychiatry, Visit	high	
563	Psykiatri, E-mail konsultation	Psychiatry, E-mail consultation	high	
564	Psykiatri, Fam.-og Gruppeterap.	Psychiatry, Fam.-and gruppeterap.	low	Y
565	Psykiatri, individuel Terapi	Psychiatry, Individual terapi	high	
566	Psykiatri, Ingen tekst tilgængelig	Psychiatry, No text available	high	
567	Psykiatri, Kørselsgodtgør.  i	Psychiatry, Mileage allowance. in	low	Y
568	Psykiatri, Møde 3 moduler	Psychiatry, Meeting 3 moduler	high	
569	Psykiatri, Par Terapi_m. 1 henv	Psychiatry, Par terapi_m. 1 henv	high	
570	Psykiatri, Pt-Ekg  3ext.3præ. 9	Psychiatry, Pt-ECG 3ext.3præ. 9	low	Y
571	Psykiatri, Pårørende konsultation	Psychiatry, Relatives consultation	high	
572	Psykiatri, Pårørende konsultati	Psychiatry, Relatives konsultati	high	
573	Psykiatri, S-Creatinium       5	Psychiatry, S-creatinium 5	high	
574	Psykiatri, Senere konsultation	Psychiatry, Later consultation	high	
575	Psykiatri, Senere udv konsultation	Psychiatry, Later udv consultation	high	
576	Psykiatri, Telefonisk koordiner	Psychiatry, Telefonisk koordiner	low	Y
577	Psykiatri, Telefonkonsultation	Psychiatry, Telephone consultation	high	
578	Psykiatri, Tillæg for tolk	Psychiatry, Supplement for interpreter	high	
579	Psykiatri, telefon konsultation	Psychiatry, Telephone consultation	high	
580	Psykiatri, telefon rådg prakt læge	Psychiatry, Telephone rådg prakt doctor	low	Y
581	Psykiatri, Tolk ifm. konsultation  3	Psychiatry, Interpreter in connection with. consultation 3	low	Y
582	Psykiatri, gruppeterapi 2 pers.	Psychiatry, Gruppeterapi 2 pers.	low	Y
583	Psykiatri, gruppeterapi 3 pers.	Psychiatry, Gruppeterapi 3 pers.	low	Y
584	Psykiatri, gruppeterapi 4 pers.	Psychiatry, Gruppeterapi 4 pers.	low	Y
585	Psykiatri, gruppeterapi 5 pers.	Psychiatry, Gruppeterapi 5 pers.	low	Y
586	Psykiatri, gruppeterapi 6 pers.	Psychiatry, Gruppeterapi 6 pers.	low	Y
587	Psykiatri, parterapi med 2 henvis	Psychiatry, Parterapi with 2 henvis	high	
588	Psykiatri, telefon koordinering	Psychiatry, Telephone koordinering	high	
589	Psykiatri, tolkebistand	Psychiatry, Interpreter assistance	high	
590	Psykiatri, ukendt	Psychiatry, Ukendt	high	
591	Pædiatri, (procedure not documented)	Paediatrics, (procedure not documented)	low	
592	Pædiatri, 1. konsultation	Paediatrics, 1. consultation	high	
593	Pædiatri, 1. konsultation all.  3A35	Paediatrics, 1. consultation all. 3a35	low	Y
594	Pædiatri, 1 konsultation (allergi)a35	Paediatrics, 1 consultation (allergy)a35	high	
595	Pædiatri, 1 konsultation adfærd.forst.	Paediatrics, 1 consultation adfærd.forst.	low	Y
596	Pædiatri, 2. konsultation	Paediatrics, 2. consultation	high	
597	Pædiatri, 2. konsultation all.  3A35	Paediatrics, 2. consultation all. 3a35	low	Y
598	Pædiatri, 2 konsultation (allergi)a35	Paediatrics, 2 consultation (allergy)a35	high	
599	Pædiatri, Afstandstillæg	Paediatrics, Distance supplement	high	
600	Pædiatri, Allerg. Cutanprøve	Paediatrics, Allergy. skin test	low	Y
601	Pædiatri, Allerg. Prov.Forsøg	Paediatrics, Allergy. prov.forsøg	low	Y
602	Pædiatri, Analafskr-Oxyurisæg2	Paediatrics, Analafskr-oxyurisæg2	low	Y
603	Pædiatri, B-Differentialtæll.6	Paediatrics, B-differential count6	high	
604	Pædiatri, B-Eosinophilcyt.   1	Paediatrics, B-eosinophilcyt. 1	high	
605	Pædiatri, B-Glukose *ej Stix*4	Paediatrics, B-glukose *ej stix*4	low	Y
606	Pædiatri, B-Glukose *stix*   1	Paediatrics, B-glukose *stix* 1	low	Y
607	Pædiatri, B-Hemoglobin       2	Paediatrics, B-hemoglobin 2	high	
608	Pædiatri, B-Koagulation      3	Paediatrics, B-koagulation 3	high	
609	Pædiatri, B-Leukocyt. *park* 1	Paediatrics, B-leukocyt. *park* 1	low	Y
610	Pædiatri, B-Sedimentat.Reakt.2	Paediatrics, B-sedimentat.reakt.2	high	
611	Pædiatri, B-Trombocyt. *park*3	Paediatrics, B-trombocyt. *park*3	low	Y
612	Pædiatri, Besøg	Paediatrics, Visit	high	
613	Pædiatri, Blodpr. Exp        1	Paediatrics, Blodpr. exp 1	low	Y
614	Pædiatri, Cutanprøve all. 3A35	Paediatrics, Skin test all. 3a35	low	Y
615	Pædiatri, E-mail konsultation	Paediatrics, E-mail consultation	high	
616	Pædiatri, Ekg  3 Ext. 3 Præ. 9	Paediatrics, ECG 3 ext. 3 præ. 9	low	Y
617	Pædiatri, F-Orm  Ormled      1	Paediatrics, F-orm ormled 1	high	
618	Pædiatri, F-Parasit  -®g     6	Paediatrics, F-parasit -®g 6	high	
619	Pædiatri, Hæmatologisk undersøgelse Ii 6	Paediatrics, Haematological examination ii 6	high	
620	Pædiatri, Ingen tekst tilgængelig	Paediatrics, No text available	high	
621	Pædiatri, Inhalat behandling amt 15	Paediatrics, Inhalat treatment amt 15	high	
622	Pædiatri, Lunge-Peak Exp.Flow3	Paediatrics, Lunge-peak exp.flow3	high	
623	Pædiatri, Lungef undersøgelse med r.test	Paediatrics, Lungef examination with r.test	high	
624	Pædiatri, Lungef undersøgelse uden r.test	Paediatrics, Lungef examination without r.test	high	
625	Pædiatri, Lungefktus. med reversibilitet	Paediatrics, Lungefktus. with reversibility	low	Y
626	Pædiatri, Lungefktus. uden reversibilitet	Paediatrics, Lungefktus. without reversibility	low	Y
627	Pædiatri, Lunger-Vitalkap.   3	Paediatrics, Lunger-vitalkap. 3	high	
628	Pædiatri, Peak exp.flow lunger	Paediatrics, Peak exp.flow lunger	high	
629	Pædiatri, Pt-Ekg Afl.   6    1	Paediatrics, Pt-ECG afl. 6 1	low	Y
630	Pædiatri, S-Creatinium       5	Paediatrics, S-creatinium 5	high	
631	Pædiatri, Senere konsultation	Paediatrics, Later consultation	high	
632	Pædiatri, til konsultation all.  3A35	Paediatrics, To consultation all. 3a35	low	Y
633	Pædiatri, telefon konsultation	Paediatrics, Telephone consultation	high	
634	Pædiatri, telefon rådg prakt læge	Paediatrics, Telephone rådg prakt doctor	low	Y
635	Pædiatri, U-Bakt.*dyrk Park* 3	Paediatrics, U-bakt.*dyrk park* 3	low	Y
636	Pædiatri, U-Bakt.*dyrk Rest*12	Paediatrics, U-bakt.*dyrk rest*12	low	Y
637	Pædiatri, U-Glukose          1	Paediatrics, U-glukose 1	high	
638	Pædiatri, U-Hb-Glu-Me-Pr Stix1	Paediatrics, U-hb-glu-me-pr stix1	high	
639	Pædiatri, U-Hemoglobin       1	Paediatrics, U-hemoglobin 1	high	
640	Pædiatri, U-Methylketon      1	Paediatrics, U-methylketon 1	high	
641	Pædiatri, U-Mikroskopi       3	Paediatrics, U-microscopy 3	high	
642	Pædiatri, U-Protein          1	Paediatrics, U-protein 1	high	
643	Pædiatri, Urinprøvetag Steril4	Paediatrics, Urine sampling steril4	high	
644	Pædiatri, anstrengelsesprovokation løbebånd	Paediatrics, Anstrengelsesprovokation løbebånd	low	Y
645	Pædiatri, bronkialprovokation	Paediatrics, Bronkialprovokation	high	
646	Pædiatri, cutanprøver a35	Paediatrics, Skin tests a35	high	
647	Pædiatri, funktionsneurologisk undersøgelse	Paediatrics, Funktionsneurologisk examination	low	Y
648	Pædiatri, fødevareprovokation	Paediatrics, Fødevareprovokation	low	Y
649	Pædiatri, kostregistrering	Paediatrics, Kostregistrering	high	
650	Pædiatri, lungefunk med revera35	Paediatrics, Lungefunk with revera35	high	
651	Pædiatri, lungefunk uden revera35	Paediatrics, Lungefunk without revera35	high	
652	Pædiatri, peak expiratory flow lunger hjemme	Paediatrics, Peak expiratory flow lunger hjemme	high	
653	Pædiatri, provokationsfors.a35	Paediatrics, Provokationsfors.a35	high	
654	Pædiatri, regional af hovedpine	Paediatrics, Regional of hovedpine	high	
655	Pædiatri, regional af mavesmerter og afføring	Paediatrics, Regional of mavesmerter and afføring	low	Y
656	Pædiatri, regional af symptomer astma	Paediatrics, Regional of symptomer astma	high	
657	Pædiatri, regional af symptomer astma og høfeber	Paediatrics, Regional of symptomer astma and høfeber	low	Y
658	Pædiatri, sen konsultation all.  3A35	Paediatrics, Sen consultation all. 3a35	low	Y
659	Pædiatri, senere konsultation	Paediatrics, Later consultation	high	
660	Pædiatri, senere konsultation _a35	Paediatrics, Later consultation _a35	high	
661	Pædiatri, tillæg for tolk	Paediatrics, Supplement for interpreter	high	
662	Pædiatri, telefon konsultation a35	Paediatrics, Telephone consultation a35	high	
663	Pædiatri, tolkebistand	Paediatrics, Interpreter assistance	high	
664	Pædiatri, tværfaglig telefionkons.	Paediatrics, Tværfaglig telefionkons.	low	Y
665	Pædiatri, udlevering af inhalationsdevice	Paediatrics, Udlevering of inhalationsdevice	high	
666	Pædiatri, udlevering af ringeapparat	Paediatrics, Udlevering of ringeapparat	high	
667	Pædiatri, ukendt	Paediatrics, Ukendt	high	
668	Pædiatri, væske og vandladningsskema	Paediatrics, Fluid and vandladningsskema	high	
669	Pædiatri, øjenprovokation	Paediatrics, Øjenprovokation	low	Y
670	Børnepsykiatri, (procedure not documented)	Child psychiatry, (procedure not documented)	low	
671	Børnepsykiatri, 1. konsultation 1 patient	Child psychiatry, 1. consultation 1 patient	high	
672	Børnepsykiatri, 1. konsultation Familie	Child psychiatry, 1. consultation familie	high	
673	Børnepsykiatri, 1 konsultation Voks.+ Barn	Child psychiatry, 1 consultation voks.+ child	high	
674	Børnepsykiatri, 2. konsultation	Child psychiatry, 2. consultation	high	
675	Børnepsykiatri, 2/sene konsultation Famil.Te.	Child psychiatry, 2/tendon consultation famil.te.	high	
676	Børnepsykiatri, 2/sene konsultation Foræl.Te.	Child psychiatry, 2/tendon consultation foræl.te.	low	Y
677	Børnepsykiatri, 2/sene konsultation Legetera.	Child psychiatry, 2/tendon consultation legetera.	low	Y
678	Børnepsykiatri, 2/sene konsultation Samtalet.	Child psychiatry, 2/tendon consultation samtalet.	low	Y
679	Børnepsykiatri, Afstandstillæg	Child psychiatry, Distance supplement	high	
680	Børnepsykiatri, Besøg	Child psychiatry, Visit	high	
681	Børnepsykiatri, Børnepsykiatri_amt15	Child psychiatry, Børnepsykiatri_amt15	low	Y
682	Børnepsykiatri, E-mail konsultation	Child psychiatry, E-mail consultation	high	
683	Børnepsykiatri, Hon behandling mø i b.psy	Child psychiatry, Hon treatment mø in b.psy	low	Y
684	Børnepsykiatri, Ingen tekst tilgængelig	Child psychiatry, No text available	high	
685	Børnepsykiatri, Kørselsgodtgør.  i	Child psychiatry, Mileage allowance. in	low	Y
686	Børnepsykiatri, Senere konsultation	Child psychiatry, Later consultation	high	
687	Børnepsykiatri, telefon konsultation	Child psychiatry, Telephone consultation	high	
688	Børnepsykiatri, telefon rådg prakt læge	Child psychiatry, Telephone rådg prakt doctor	low	Y
689	Børnepsykiatri, koordineret behandling møde a101	Child psychiatry, Coordinated treatment meeting a101	high	
690	Børnepsykiatri, tillæg for tolk	Child psychiatry, Supplement for interpreter	high	
691	Tropemedicin, 1. konsultation	Tropical medicine, 1. consultation	high	
692	Tropemedicin, 2. konsultation	Tropical medicine, 2. consultation	high	
693	Tropemedicin, B-Differentialtæll.6	Tropical medicine, B-differential count6	high	
694	Tropemedicin, Blodpr. Exp        1	Tropical medicine, Blodpr. exp 1	low	Y
695	Tropemedicin, Parasitologisk uden	Tropical medicine, Parasitologisk without	low	Y
696	Tropemedicin, Rectoscopi	Tropical medicine, Rectoscopi	high	
697	Tropemedicin, Senere konsultation	Tropical medicine, Later consultation	high	
698	Tropemedicin, telefon konsultation	Tropical medicine, Telephone consultation	high	
699	Tropemedicin, U-Hb-Glu-Ne-Pr Stix1	Tropical medicine, U-hb-glu-ne-pr stix1	high	
700	Tropemedicin, U-Mikroskopi       3	Tropical medicine, U-microscopy 3	high	
701	Tropemedicin, Urinprøvetag Steril4	Tropical medicine, Urine sampling steril4	high	
702	Diagn. radiologi Kbh., (procedure not documented)	Diagnostic radiology, Copenhagen, (procedure not documented)	low	
703	Diagn. radiologi Kbh., ? ydelse 2110	Diagnostic radiology, Copenhagen, ? service 2110	high	
704	Diagn. radiologi Kbh., ? ydelse 2111	Diagnostic radiology, Copenhagen, ? service 2111	high	
705	Diagn. radiologi Kbh., ? ydelse 2112	Diagnostic radiology, Copenhagen, ? service 2112	high	
706	Diagn. radiologi Kbh., ? ydelse 2113	Diagnostic radiology, Copenhagen, ? service 2113	high	
707	Diagn. radiologi Kbh., ? ydelse 2114	Diagnostic radiology, Copenhagen, ? service 2114	high	
708	Diagn. radiologi Kbh., ? ydelse 2115	Diagnostic radiology, Copenhagen, ? service 2115	high	
709	Diagn. radiologi Kbh., ? ydelse 2120	Diagnostic radiology, Copenhagen, ? service 2120	high	
710	Diagn. radiologi Kbh., ? ydelse 2121	Diagnostic radiology, Copenhagen, ? service 2121	high	
711	Diagn. radiologi Kbh., ? ydelse 2122	Diagnostic radiology, Copenhagen, ? service 2122	high	
712	Diagn. radiologi Kbh., ? ydelse 2123	Diagnostic radiology, Copenhagen, ? service 2123	high	
713	Diagn. radiologi Kbh., ? ydelse 2124	Diagnostic radiology, Copenhagen, ? service 2124	high	
714	Diagn. radiologi Kbh., ? ydelse 2125	Diagnostic radiology, Copenhagen, ? service 2125	high	
715	Diagn. radiologi Kbh., ? ydelse 2126	Diagnostic radiology, Copenhagen, ? service 2126	high	
716	Diagn. radiologi Kbh., ? ydelse 2127	Diagnostic radiology, Copenhagen, ? service 2127	high	
717	Diagn. radiologi Kbh., ? ydelse 2128	Diagnostic radiology, Copenhagen, ? service 2128	high	
718	Diagn. radiologi Kbh., ? ydelse 2129	Diagnostic radiology, Copenhagen, ? service 2129	high	
719	Diagn. radiologi Kbh., ? ydelse 2131	Diagnostic radiology, Copenhagen, ? service 2131	high	
720	Diagn. radiologi Kbh., ? ydelse 2132	Diagnostic radiology, Copenhagen, ? service 2132	high	
721	Diagn. radiologi Kbh., ? ydelse 2133	Diagnostic radiology, Copenhagen, ? service 2133	high	
722	Diagn. radiologi Kbh., ? ydelse 2134	Diagnostic radiology, Copenhagen, ? service 2134	high	
723	Diagn. radiologi Kbh., ? ydelse 2140	Diagnostic radiology, Copenhagen, ? service 2140	high	
724	Diagn. radiologi Kbh., ? ydelse 2141	Diagnostic radiology, Copenhagen, ? service 2141	high	
725	Diagn. radiologi Kbh., ? ydelse 2144	Diagnostic radiology, Copenhagen, ? service 2144	high	
726	Diagn. radiologi Kbh., ? ydelse 2151	Diagnostic radiology, Copenhagen, ? service 2151	high	
727	Diagn. radiologi Kbh., ? ydelse 2152	Diagnostic radiology, Copenhagen, ? service 2152	high	
728	Diagn. radiologi Kbh., ? ydelse 2153	Diagnostic radiology, Copenhagen, ? service 2153	high	
729	Diagn. radiologi Kbh., ? ydelse 2154	Diagnostic radiology, Copenhagen, ? service 2154	high	
730	Diagn. radiologi Kbh., ? ydelse 2155	Diagnostic radiology, Copenhagen, ? service 2155	high	
731	Diagn. radiologi Kbh., Undersøg. Gr.1 Halvt	Diagnostic radiology, Copenhagen, Examination. gr.1 half	low	Y
732	Diagn. radiologi Kbh., Undersøg. Gr.2 Halvt	Diagnostic radiology, Copenhagen, Examination. gr.2 half	low	Y
733	Diagn. radiologi Kbh., Undersøg. Gr.3 Halvt	Diagnostic radiology, Copenhagen, Examination. gr.3 half	low	Y
734	Diagn. radiologi Kbh., Undersøg. Gr.4 Halvt	Diagnostic radiology, Copenhagen, Examination. gr.4 half	low	Y
735	Diagn. radiologi Kbh., Undersøg. Gr.5 Halvt	Diagnostic radiology, Copenhagen, Examination. gr.5 half	low	Y
736	Diagn. radiologi Kbh., Undersøgelse Gr. 1	Diagnostic radiology, Copenhagen, Examination gr. 1	low	Y
737	Diagn. radiologi Kbh., Undersøgelse Gr. 2	Diagnostic radiology, Copenhagen, Examination gr. 2	low	Y
738	Diagn. radiologi Kbh., Undersøgelse Gr. 3	Diagnostic radiology, Copenhagen, Examination gr. 3	low	Y
739	Diagn. radiologi Kbh., Undersøgelse Gr. 4	Diagnostic radiology, Copenhagen, Examination gr. 4	low	Y
740	Diagn. radiologi Kbh., Undersøgelse Gr. 5	Diagnostic radiology, Copenhagen, Examination gr. 5	low	Y
741	Diagn. radiologi Kbh., Undersøgelse Gr. 6	Diagnostic radiology, Copenhagen, Examination gr. 6	low	Y
742	Diagn. radiologi Kbh., Undersøgelse Gr. 7	Diagnostic radiology, Copenhagen, Examination gr. 7	low	Y
743	Diagn. radiologi Kbh., albue	Diagnostic radiology, Copenhagen, Albue	high	
744	Diagn. radiologi Kbh., belast undersøgelse af led	Diagnostic radiology, Copenhagen, Belast examination of joint	high	
745	Diagn. radiologi Kbh., bihuler	Diagnostic radiology, Copenhagen, Bihuler	high	
746	Diagn. radiologi Kbh., brysthvirvler	Diagnostic radiology, Copenhagen, Brysthvirvler	high	
747	Diagn. radiologi Kbh., brystk med lung/hjerte	Diagnostic radiology, Copenhagen, Brystk with lung/hjerte	high	
748	Diagn. radiologi Kbh., bækken	Diagnostic radiology, Copenhagen, Pelvis	high	
749	Diagn. radiologi Kbh., dobbelt kontr undersøgelse tyktarm	Diagnostic radiology, Copenhagen, Double kontr examination tyktarm	high	
750	Diagn. radiologi Kbh., ekstremiteter	Diagnostic radiology, Copenhagen, Ekstremiteter	high	
751	Diagn. radiologi Kbh., fod/fodled	Diagnostic radiology, Copenhagen, Fod/fodled	high	
752	Diagn. radiologi Kbh., fuldst.tandstatus	Diagnostic radiology, Copenhagen, Fuldst.tandstatus	high	
753	Diagn. radiologi Kbh., funkt undersøgelse rygsøjle rg	Diagnostic radiology, Copenhagen, Funkt examination spine rg	high	
754	Diagn. radiologi Kbh., galdeblære	Diagnostic radiology, Copenhagen, Galdeblære	low	Y
755	Diagn. radiologi Kbh., haleben	Diagnostic radiology, Copenhagen, Haleben	high	
756	Diagn. radiologi Kbh., hals	Diagnostic radiology, Copenhagen, Hals	high	
757	Diagn. radiologi Kbh., halshvirvler	Diagnostic radiology, Copenhagen, Halshvirvler	high	
758	Diagn. radiologi Kbh., hystero-slapingograf	Diagnostic radiology, Copenhagen, Hystero-slapingograf	high	
759	Diagn. radiologi Kbh., hånd/håndled	Diagnostic radiology, Copenhagen, Hand/wrist	high	
760	Diagn. radiologi Kbh., knæ	Diagnostic radiology, Copenhagen, Knee	high	
761	Diagn. radiologi Kbh., kranium	Diagnostic radiology, Copenhagen, Kranium	high	
762	Diagn. radiologi Kbh., kæbeled	Diagnostic radiology, Copenhagen, Temporomandibular joint	high	
763	Diagn. radiologi Kbh., lår og hofteled	Diagnostic radiology, Copenhagen, Thigh and hofteled	high	
764	Diagn. radiologi Kbh., lænde og korsbenshv.	Diagnostic radiology, Copenhagen, Lower back and korsbenshv.	low	Y
765	Diagn. radiologi Kbh., mammae	Diagnostic radiology, Copenhagen, Mammae	high	
766	Diagn. radiologi Kbh., mammografi	Diagnostic radiology, Copenhagen, Mammografi	high	
767	Diagn. radiologi Kbh., mave med tolvfingtarm	Diagnostic radiology, Copenhagen, Mave with tolvfingtarm	high	
768	Diagn. radiologi Kbh., nedre abdomen	Diagnostic radiology, Copenhagen, Nedre abdomen	high	
769	Diagn. radiologi Kbh., nedre abdomen, blære	Diagnostic radiology, Copenhagen, Nedre abdomen, bladder	high	
770	Diagn. radiologi Kbh., nyrer	Diagnostic radiology, Copenhagen, Nyrer	high	
771	Diagn. radiologi Kbh., overkæbe	Diagnostic radiology, Copenhagen, Upper jaw	high	
772	Diagn. radiologi Kbh., sialografi	Diagnostic radiology, Copenhagen, Sialografi	high	
773	Diagn. radiologi Kbh., skulderled og overar	Diagnostic radiology, Copenhagen, Skulderled and overar	high	
774	Diagn. radiologi Kbh., spiserør	Diagnostic radiology, Copenhagen, Oesophagus	high	
775	Diagn. radiologi Kbh., testes	Diagnostic radiology, Copenhagen, Testes	high	
776	Diagn. radiologi Kbh., trachea	Diagnostic radiology, Copenhagen, Trachea	high	
777	Diagn. radiologi Kbh., udv.urologi tømnings	Diagnostic radiology, Copenhagen, Udv.urologi tømnings	low	Y
778	Diagn. radiologi Kbh., udvidet mammografi	Diagnostic radiology, Copenhagen, Udvidet mammografi	high	
779	Diagn. radiologi Kbh., underarm	Diagnostic radiology, Copenhagen, Underarm	high	
780	Diagn. radiologi Kbh., underben	Diagnostic radiology, Copenhagen, Underben	low	Y
781	Diagn. radiologi Kbh., underkæbe	Diagnostic radiology, Copenhagen, Lower jaw	high	
782	Diagn. radiologi Kbh., undersøgelse tyndtarmspassage	Diagnostic radiology, Copenhagen, Examination tyndtarmspassage	high	
783	Diagn. radiologi Kbh., ydelse 2160	Diagnostic radiology, Copenhagen, Service 2160	high	
784	Diagn. radiologi Kbh., ydelse 2162	Diagnostic radiology, Copenhagen, Service 2162	high	
785	Diagn. radiologi Kbh., øvre abdomen	Diagnostic radiology, Copenhagen, Upper abdomen	high	
786			high	
787	Dermato-venerologi, (procedure not documented)	Dermato-venereology, (procedure not documented)	low	
788	Dermato-venerologi, 1. konsultation	Dermato-venereology, 1. consultation	high	
789	Dermato-venerologi, 1. konsultation incl. test	Dermato-venereology, 1. consultation incl. test	low	Y
790	Dermato-venerologi, 1. konsultation stk3 ¤3A35	Dermato-venereology, 1. consultation stk3 ¤3a35	high	
791	Dermato-venerologi, 1. konsultation ¤3 digi.foto	Dermato-venereology, 1. consultation ¤3 digi.foto	high	
792	Dermato-venerologi, 1. konsultation	Dermato-venereology, 1. consultation	high	
793	Dermato-venerologi, 1 konsultation digi.foto a35	Dermato-venereology, 1 consultation digi.foto a35	high	
794	Dermato-venerologi, 2. konsultation	Dermato-venereology, 2. consultation	high	
795	Dermato-venerologi, 2. konsultation 3 digi.foto	Dermato-venereology, 2. consultation 3 digi.foto	high	
796	Dermato-venerologi, 2. konsultation stk3 ¤3A35	Dermato-venereology, 2. consultation stk3 ¤3a35	high	
797	Dermato-venerologi, 2. og efterf. Viborg	Dermato-venereology, 2. and efterf. viborg	low	Y
798	Dermato-venerologi, 3. konsultation stk3 ¤3A35	Dermato-venereology, 3. consultation stk3 ¤3a35	high	
799	Dermato-venerologi, 3.kon psoriasis A65	Dermato-venereology, 3.kon psoriasis a65	high	
800	Dermato-venerologi, 4.kon psoriasis A65	Dermato-venereology, 4.kon psoriasis a65	high	
801	Dermato-venerologi, Afstandstillæg	Dermato-venereology, Distance supplement	high	
802	Dermato-venerologi, Allerg. 1. konsultation	Dermato-venereology, Allergy. 1. consultation	low	Y
803	Dermato-venerologi, Allerg. 2. konsultation	Dermato-venereology, Allergy. 2. consultation	low	Y
804	Dermato-venerologi, Allerg. Cutanprøve	Dermato-venereology, Allergy. skin test	low	Y
805	Dermato-venerologi, Allerg. Prov.Forsøg	Dermato-venereology, Allergy. prov.forsøg	low	Y
806	Dermato-venerologi, Allerg. Senere konsultation	Dermato-venereology, Allergy. later consultation	low	Y
807	Dermato-venerologi, Allerg. telefon konsultation	Dermato-venereology, Allergy. telephone consultation	low	Y
808	Dermato-venerologi, Allergi  3A65	Dermato-venereology, Allergy 3a65	high	
809	Dermato-venerologi, Anoscopi	Dermato-venereology, Anoscopi	high	
810	Dermato-venerologi, Ansigt+hals per behandling	Dermato-venereology, Ansigt+hals per treatment	high	
811	Dermato-venerologi, Ansigt/hals per behandling	Dermato-venereology, Ansigt/hals per treatment	high	
812	Dermato-venerologi, Argonlaser Pg.3  A15	Dermato-venereology, Argonlaser pg.3 a15	high	
813	Dermato-venerologi, behandling melanonpati.A65	Dermato-venereology, Treatment melanonpati.a65	high	
814	Dermato-venerologi, behandling ven.skinnebens.	Dermato-venereology, Treatment ven.skinnebens.	high	
815	Dermato-venerologi, Besøg	Dermato-venereology, Visit	high	
816	Dermato-venerologi, Biopsi	Dermato-venereology, Biopsy	high	
817	Dermato-venerologi, Blodpr. Exp        1	Dermato-venereology, Blodpr. exp 1	low	Y
818	Dermato-venerologi, Blodprøvetagning   3	Dermato-venereology, Blood sampling 3	high	
819	Dermato-venerologi, Botox behandling amt 65	Dermato-venereology, Botox treatment amt 65	high	
820	Dermato-venerologi, Clamydia forsende. 1	Dermato-venereology, Clamydia forsende. 1	low	Y
821	Dermato-venerologi, Dermatorisk behandling R81	Dermato-venereology, Dermatorisk treatment r81	low	Y
822	Dermato-venerologi, Doppler	Dermato-venereology, Doppler	high	
823	Dermato-venerologi, Dyrkning gærsvamp 12	Dermato-venereology, Dyrkning yeast infection 12	low	Y
824	Dermato-venerologi, Dyrkning hudsvamp 12	Dermato-venereology, Dyrkning hudsvamp 12	low	Y
825	Dermato-venerologi, E-mail konsultation	Dermato-venereology, E-mail consultation	high	
826	Dermato-venerologi, E-mail konsultation	Dermato-venereology, E-mail consultation	high	
827	Dermato-venerologi, E-mail konsultation	Dermato-venereology, E-mail consultation	high	
828	Dermato-venerologi, Eksem 1. konsult.	Dermato-venereology, Eksem 1. konsult.	low	Y
829	Dermato-venerologi, Eksem 2. konsult	Dermato-venereology, Eksem 2. konsult	high	
830	Dermato-venerologi, Eksem 2. konsult.	Dermato-venereology, Eksem 2. konsult.	low	Y
831	Dermato-venerologi, Eksem senere konsult	Dermato-venereology, Eksem later konsult	high	
832	Dermato-venerologi, Eksem telefonkunsult	Dermato-venereology, Eksem telefonkunsult	high	
833	Dermato-venerologi, Episkopi	Dermato-venereology, Episkopi	high	
834	Dermato-venerologi, fjernelse Svulst   følgende	Dermato-venereology, Removal svulst subsequent	high	
835	Dermato-venerologi, fjernelse Svulst Hud 1.	Dermato-venereology, Removal svulst hud 1.	high	
836	Dermato-venerologi, fjernelse Svulst exci.1.	Dermato-venereology, Removal svulst exci.1.	high	
837	Dermato-venerologi, fjernelse Svulst exci.Fg	Dermato-venereology, Removal svulst exci.fg	high	
838	Dermato-venerologi, Fjernelse Negl    1.	Dermato-venereology, Removal negl 1.	high	
839	Dermato-venerologi, Fjernelse Negl  følgende	Dermato-venereology, Removal negl subsequent	high	
840	Dermato-venerologi, Gonokok forsendel. 1	Dermato-venereology, Gonokok forsendel. 1	low	Y
841	Dermato-venerologi, Hage/Hals per behandling	Dermato-venereology, Hage/hals per treatment	high	
842	Dermato-venerologi, Hage/hals per behandling	Dermato-venereology, Hage/hals per treatment	high	
843	Dermato-venerologi, Hele ansigtet per be	Dermato-venereology, Hele ansigtet per be	high	
844	Dermato-venerologi, Hele ansigtet per behandling	Dermato-venereology, Hele ansigtet per treatment	high	
845	Dermato-venerologi, Hirsutisme R81	Dermato-venereology, Hirsutisme r81	high	
846	Dermato-venerologi, Hæmangioner R81	Dermato-venereology, Hæmangioner r81	low	Y
847	Dermato-venerologi, Incision Absces   1.	Dermato-venereology, Incision absces 1.	high	
848	Dermato-venerologi, Incision Absces følgende	Dermato-venereology, Incision absces subsequent	high	
849	Dermato-venerologi, Incision Cyste    1.	Dermato-venereology, Incision cyste 1.	high	
850	Dermato-venerologi, Incision Cyste  følgende	Dermato-venereology, Incision cyste subsequent	high	
851	Dermato-venerologi, Incisionsbiopsi	Dermato-venereology, Incisionsbiopsi	high	
852	Dermato-venerologi, Incisionsbiopsi, følgende	Dermato-venereology, Incisionsbiopsi, subsequent	high	
853	Dermato-venerologi, Intralæsion. injekt.	Dermato-venereology, Intralæsion. injection.	low	Y
854	Dermato-venerologi, Iontoforese	Dermato-venereology, Iontoforese	high	
855	Dermato-venerologi, Karmodermærker	Dermato-venereology, Karmodermærker	low	Y
856	Dermato-venerologi, Klidbade	Dermato-venereology, Klidbade	high	
857	Dermato-venerologi, Kondylomer R81	Dermato-venereology, Kondylomer r81	high	
858	Dermato-venerologi, Kontr system behandling	Dermato-venereology, Kontr system treatment	high	
859	Dermato-venerologi, Kontrol anoscopi	Dermato-venereology, Follow-up anoscopi	high	
860	Dermato-venerologi, Kørselsgodtgør.  i	Dermato-venereology, Mileage allowance. in	low	Y
861	Dermato-venerologi, Laserbeh. kelo. a60	Dermato-venereology, Laserbeh. kelo. a60	low	Y
862	Dermato-venerologi, Laserbeh.spider a60	Dermato-venereology, Laserbeh.spider a60	high	
863	Dermato-venerologi, Laserbehandling	Dermato-venereology, Laserbehandling	high	
864	Dermato-venerologi, Laserskud	Dermato-venereology, Laserskud	high	
865	Dermato-venerologi, Lokale røde bade	Dermato-venereology, Lokale red bade	high	
866	Dermato-venerologi, Mikrosk. farv. sek.3	Dermato-venereology, Mikrosk. farv. sek.3	low	Y
867	Dermato-venerologi, Mikrosk. hudsvamp  5	Dermato-venereology, Mikrosk. hudsvamp 5	low	Y
868	Dermato-venerologi, Mikrosk. ufar. sek.3	Dermato-venereology, Mikrosk. ufar. sek.3	low	Y
869	Dermato-venerologi, Mult.akt.keratoser	Dermato-venereology, Mult.akt.keratoser	high	
870	Dermato-venerologi, Multiple akt. følgende operation	Dermato-venereology, Multiple akt. subsequent operation	low	Y
871	Dermato-venerologi, Mål.peri.blodt. 3A15	Dermato-venereology, Mål.peri.blodt. 3a15	low	Y
872	Dermato-venerologi, Mørkefeltsmikros.  5	Dermato-venereology, Mørkefeltsmikros. 5	low	Y
873	Dermato-venerologi, Naevus flammeus R81	Dermato-venereology, Naevus flammeus r81	high	
874	Dermato-venerologi, Overlæbe per behandling	Dermato-venereology, Upper lip per treatment	high	
875	Dermato-venerologi, Overlæbe per behandl	Dermato-venereology, Upper lip per behandl	low	Y
876	Dermato-venerologi, PDT-beh. cancerpt.	Dermato-venereology, Pdt-beh. cancerpt.	low	Y
877	Dermato-venerologi, PDT-cancer	Dermato-venereology, Pdt-cancer	high	
878	Dermato-venerologi, PDT-cancer Kbh.k	Dermato-venereology, Pdt-cancer kbh.k	high	
879	Dermato-venerologi, PDT-vorter	Dermato-venereology, Pdt-vorter	high	
880	Dermato-venerologi, Rensn. og forb. sår	Dermato-venereology, Rensn. and forb. wound	low	Y
881	Dermato-venerologi, Røde bade	Dermato-venereology, Red bade	high	
882	Dermato-venerologi, Scleroser. injekt.	Dermato-venereology, Scleroser. injection.	low	Y
883	Dermato-venerologi, Sekret-Gonokok*exp*1	Dermato-venereology, Sekret-gonokok*exp*1	low	Y
884	Dermato-venerologi, Sen konsultation 3 dig.foto	Dermato-venereology, Sen consultation 3 dig.foto	high	
885	Dermato-venerologi, Senere konsultation	Dermato-venereology, Later consultation	high	
886	Dermato-venerologi, Senere konsultation	Dermato-venereology, Later consultation	high	
887	Dermato-venerologi, Smears	Dermato-venereology, Smears	high	
888	Dermato-venerologi, Smitteopsporing	Dermato-venereology, Smitteopsporing	high	
889	Dermato-venerologi, Syringiomer	Dermato-venereology, Syringiomer	high	
890	Dermato-venerologi, Syringomer R81	Dermato-venereology, Syringomer r81	high	
891	Dermato-venerologi, til konsultation stk3 ¤3A35	Dermato-venereology, To consultation stk3 ¤3a35	high	
892	Dermato-venerologi, Teleangiektasier R81	Dermato-venereology, Teleangiektasier r81	high	
893	Dermato-venerologi, Teledermatologi	Dermato-venereology, Teledermatologi	high	
894	Dermato-venerologi, Telefonkonsultation	Dermato-venereology, Telephone consultation	high	
895	Dermato-venerologi, Tjærebade          .	Dermato-venereology, Tjærebade .	low	Y
896	Dermato-venerologi, telefon konsultation	Dermato-venereology, Telephone consultation	high	
897	Dermato-venerologi, telefon rådgivning	Dermato-venereology, Telephone advice	high	
898	Dermato-venerologi, telefon rådg prakt læge	Dermato-venereology, Telephone rådg prakt doctor	low	Y
899	Dermato-venerologi, Tolk ifm. konsultation  3	Dermato-venereology, Interpreter in connection with. consultation 3	low	Y
900	Dermato-venerologi, Urin-dyrkning     12	Dermato-venereology, Urine-dyrkning 12	high	
901	Dermato-venerologi, Urin-svangersk undersøgelse 3	Dermato-venereology, Urine-svangersk examination 3	high	
902	Dermato-venerologi, Urinprøvetag.steril4	Dermato-venereology, Urine sampling.steril4	high	
903	Dermato-venerologi, Urinundersøg. stix 1	Dermato-venereology, Urinundersøg. stix 1	low	Y
904	Dermato-venerologi, Venero. 1. konsultation	Dermato-venereology, Venero. 1. consultation	low	Y
905	Dermato-venerologi, Venero. 2. konsultation	Dermato-venereology, Venero. 2. consultation	low	Y
906	Dermato-venerologi, Venero. Senere konsultation	Dermato-venereology, Venero. later consultation	low	Y
907	Dermato-venerologi, Venero. telefon konsultation	Dermato-venereology, Venero. telephone consultation	low	Y
908	Dermato-venerologi, Visit. indkald. patienter	Dermato-venereology, Visit. indkald. patients	low	Y
909	Dermato-venerologi, Visit. kautionsbeg.	Dermato-venereology, Visit. kautionsbeg.	low	Y
910	Dermato-venerologi, Vorter R81	Dermato-venereology, Vorter r81	high	
911	Dermato-venerologi, Xanthelasmata R81	Dermato-venereology, Xanthelasmata r81	high	
912	Dermato-venerologi, Zinklim- & Plastbind	Dermato-venereology, Zinklim- & plastbind	high	
913	Dermato-venerologi, Zinklim-og plas.bind	Dermato-venereology, Zinklim-and plas.bind	high	
914	Dermato-venerologi, behandling patienter svedtendens	Dermato-venereology, Treatment patients svedtendens	high	
915	Dermato-venerologi, fj. karforandringer	Dermato-venereology, Removal. karforandringer	low	Y
916	Dermato-venerologi, fj. pigmentforandr.	Dermato-venereology, Removal. pigmentforandr.	low	Y
917	Dermato-venerologi, fj. uønsk.hårvækst	Dermato-venereology, Removal. uønsk.hårvækst	low	Y
918	Dermato-venerologi, forus. ¤3 aft. Vejle	Dermato-venereology, Forus. ¤3 aft. vejle	low	Y
919	Dermato-venerologi, laserbeh.karsprængn.	Dermato-venereology, Laserbeh.karsprængn.	low	Y
920	Dermato-venerologi, laserbeh.røde moderm	Dermato-venereology, Laserbeh.red moderm	high	
921	Dermato-venerologi, laserbeh.vorter ¤3	Dermato-venereology, Laserbeh.vorter ¤3	high	
922	Dermato-venerologi, rhino Phyma	Dermato-venereology, Rhino phyma	high	
923	Dermato-venerologi, tillæg for tolk	Dermato-venereology, Supplement for interpreter	high	
924	Dermato-venerologi, tolkebistand	Dermato-venereology, Interpreter assistance	high	
925	Dermato-venerologi, venero 1 konsultation a80	Dermato-venereology, Venero 1 consultation a80	high	
926	Dermato-venerologi, venero 2 konsultation a80	Dermato-venereology, Venero 2 consultation a80	high	
927	Dermato-venerologi, venero senere konsultation	Dermato-venereology, Venero later consultation	high	
928	Dermato-venerologi, venero telefon konsultation a80	Dermato-venereology, Venero telephone consultation a80	high	
929	Københavns Praktiserende Lægers Laboratorium, (procedure not documented)	Copenhagen GP Laboratory (KPLL), (procedure not documented)	low	
930	Københavns Praktiserende Lægers Laboratorium, 17-Hy.progest.;P	Copenhagen GP Laboratory (KPLL), 17-hy.progest.;p	high	
931	Københavns Praktiserende Lægers Laboratorium, 2 forsendelser	Copenhagen GP Laboratory (KPLL), 2 forsendelser	high	
932	Københavns Praktiserende Lægers Laboratorium, 5HIA;U	Copenhagen GP Laboratory (KPLL), 5hia;u	high	
933	Københavns Praktiserende Lægers Laboratorium, ACE1;P	Copenhagen GP Laboratory (KPLL), Ace1;p	high	
934	Københavns Praktiserende Lægers Laboratorium, ACTH;P	Copenhagen GP Laboratory (KPLL), Acth;p	high	
935	Københavns Praktiserende Lægers Laboratorium, ALAT;P	Copenhagen GP Laboratory (KPLL), Alat;p	high	
936	Københavns Praktiserende Lægers Laboratorium, ANA;P	Copenhagen GP Laboratory (KPLL), Ana;p	high	
937	Københavns Praktiserende Lægers Laboratorium, ANCA;P	Copenhagen GP Laboratory (KPLL), Anca;p	high	
938	Københavns Praktiserende Lægers Laboratorium, APTT;P	Copenhagen GP Laboratory (KPLL), Aptt;p	high	
939	Københavns Praktiserende Lægers Laboratorium, ASAT;P	Copenhagen GP Laboratory (KPLL), Asat;p	high	
940	Københavns Praktiserende Lægers Laboratorium, Acajounød IgE;P	Copenhagen GP Laboratory (KPLL), Acajounød ige;p	low	Y
941	Københavns Praktiserende Lægers Laboratorium, Acarus s. IgE;P	Copenhagen GP Laboratory (KPLL), Acarus s. ige;p	high	
942	Københavns Praktiserende Lægers Laboratorium, Acetylcho.rec.Ab	Copenhagen GP Laboratory (KPLL), Acetylcho.rec.ab	high	
943	Københavns Praktiserende Lægers Laboratorium, Acetylsal. IgE;P	Copenhagen GP Laboratory (KPLL), Acetylsal. ige;p	low	Y
944	Københavns Praktiserende Lægers Laboratorium, Adrenalin;dU	Copenhagen GP Laboratory (KPLL), Adrenalin;du	high	
945	Københavns Praktiserende Lægers Laboratorium, Afhentede pr>ver	Copenhagen GP Laboratory (KPLL), Afhentede pr>ver	high	
946	Københavns Praktiserende Lægers Laboratorium, Agurk IgE;P	Copenhagen GP Laboratory (KPLL), Agurk ige;p	high	
947	Københavns Praktiserende Lægers Laboratorium, Albumin (el.);P	Copenhagen GP Laboratory (KPLL), Albumin (el.);p	low	Y
948	Københavns Praktiserende Lægers Laboratorium, Albumin/Crea;U	Copenhagen GP Laboratory (KPLL), Albumin/crea;u	high	
949	Københavns Praktiserende Lægers Laboratorium, Albumin;P	Copenhagen GP Laboratory (KPLL), Albumin;p	high	
950	Københavns Praktiserende Lægers Laboratorium, Albumin;dU	Copenhagen GP Laboratory (KPLL), Albumin;du	high	
951	Københavns Praktiserende Lægers Laboratorium, Aldolase;P	Copenhagen GP Laboratory (KPLL), Aldolase;p	high	
952	Københavns Praktiserende Lægers Laboratorium, Aldosteron;P	Copenhagen GP Laboratory (KPLL), Aldosteron;p	high	
953	Københavns Praktiserende Lægers Laboratorium, Alfa Føtoprot;P	Copenhagen GP Laboratory (KPLL), Alfa føtoprot;p	low	Y
954	Københavns Praktiserende Lægers Laboratorium, Alfa-1-Globulin,	Copenhagen GP Laboratory (KPLL), Alfa-1-globulin,	high	
955	Københavns Praktiserende Lægers Laboratorium, Alfa-2-Globulin;	Copenhagen GP Laboratory (KPLL), Alfa-2-globulin;	high	
956	Københavns Praktiserende Lægers Laboratorium, AllSpec.IgE ord.	Copenhagen GP Laboratory (KPLL), Allspec.ige ord.	low	Y
957	Københavns Praktiserende Lægers Laboratorium, Allergiscreen;P	Copenhagen GP Laboratory (KPLL), Allergiscreen;p	high	
958	Københavns Praktiserende Lægers Laboratorium, Altern.ten.IgE;P	Copenhagen GP Laboratory (KPLL), Altern.ten.ige;p	high	
959	Københavns Praktiserende Lægers Laboratorium, Amiodaron;P	Copenhagen GP Laboratory (KPLL), Amiodaron;p	high	
960	Københavns Praktiserende Lægers Laboratorium, Amitriptylin;P	Copenhagen GP Laboratory (KPLL), Amitriptylin;p	high	
961	Københavns Praktiserende Lægers Laboratorium, Amoxillin IgE;P	Copenhagen GP Laboratory (KPLL), Amoxillin ige;p	high	
962	Københavns Praktiserende Lægers Laboratorium, Ampicillin IgE;P	Copenhagen GP Laboratory (KPLL), Ampicillin ige;p	high	
963	Københavns Praktiserende Lægers Laboratorium, Amylase,panc.;P	Copenhagen GP Laboratory (KPLL), Amylase,panc.;p	low	Y
964	Københavns Praktiserende Lægers Laboratorium, Amylase;P	Copenhagen GP Laboratory (KPLL), Amylase;p	high	
965	Københavns Praktiserende Lægers Laboratorium, Amylase;U	Copenhagen GP Laboratory (KPLL), Amylase;u	high	
966	Københavns Praktiserende Lægers Laboratorium, Ananas IgE;P	Copenhagen GP Laboratory (KPLL), Ananas ige;p	high	
967	Københavns Praktiserende Lægers Laboratorium, Androgen-status	Copenhagen GP Laboratory (KPLL), Androgen-status	high	
968	Københavns Praktiserende Lægers Laboratorium, Ankeltr. Doppler	Copenhagen GP Laboratory (KPLL), Ankeltr. doppler	low	Y
969	Københavns Praktiserende Lægers Laboratorium, Antitrombin;P	Copenhagen GP Laboratory (KPLL), Antitrombin;p	high	
970	Københavns Praktiserende Lægers Laboratorium, Antitrypsin;P	Copenhagen GP Laboratory (KPLL), Antitrypsin;p	high	
971	Københavns Praktiserende Lægers Laboratorium, Appelsin IgE;P	Copenhagen GP Laboratory (KPLL), Appelsin ige;p	high	
972	Københavns Praktiserende Lægers Laboratorium, Arb.test v.astma	Copenhagen GP Laboratory (KPLL), Arb.test v.astma	high	
973	Københavns Praktiserende Lægers Laboratorium, Arbejds-ekg	Copenhagen GP Laboratory (KPLL), Arbejds-ECG	high	
974	Københavns Praktiserende Lægers Laboratorium, Ascorbat;P	Copenhagen GP Laboratory (KPLL), Ascorbat;p	high	
975	Københavns Praktiserende Lægers Laboratorium, Aspergil . f  IgE;P	Copenhagen GP Laboratory (KPLL), Aspergil . f ige;p	high	
976	Københavns Praktiserende Lægers Laboratorium, Aspergil.n IgE;P	Copenhagen GP Laboratory (KPLL), Aspergil.n ige;p	high	
977	Københavns Praktiserende Lægers Laboratorium, Aspergil.v IgE;P	Copenhagen GP Laboratory (KPLL), Aspergil.v ige;p	high	
978	Københavns Praktiserende Lægers Laboratorium, Avocado IgE;P	Copenhagen GP Laboratory (KPLL), Avocado ige;p	high	
979	Københavns Praktiserende Lægers Laboratorium, BNP;P	Copenhagen GP Laboratory (KPLL), Bnp;p	high	
980	Københavns Praktiserende Lægers Laboratorium, bakteriologisk dyrk+res ;U	Copenhagen GP Laboratory (KPLL), Bacteriological dyrk+res ;u	high	
981	Københavns Praktiserende Lægers Laboratorium, bakteriologisk dyrk resA;U	Copenhagen GP Laboratory (KPLL), Bacteriological dyrk resa;u	high	
982	Københavns Praktiserende Lægers Laboratorium, Banan IgE;P	Copenhagen GP Laboratory (KPLL), Banan ige;p	high	
983	Københavns Praktiserende Lægers Laboratorium, Bas.fosfatase;P	Copenhagen GP Laboratory (KPLL), Bas.fosfatase;p	high	
984	Københavns Praktiserende Lægers Laboratorium, Basisk Frakt.;P	Copenhagen GP Laboratory (KPLL), Basisk frakt.;p	low	Y
985	Københavns Praktiserende Lægers Laboratorium, Basofilocytter;B	Copenhagen GP Laboratory (KPLL), Basofilocytter;b	high	
986	Københavns Praktiserende Lægers Laboratorium, Benzodiazepin.;U	Copenhagen GP Laboratory (KPLL), Benzodiazepin.;u	low	Y
987	Københavns Praktiserende Lægers Laboratorium, Beta-Globulin;P	Copenhagen GP Laboratory (KPLL), Beta-globulin;p	high	
988	Københavns Praktiserende Lægers Laboratorium, Beta2-Microgl.;P	Copenhagen GP Laboratory (KPLL), Beta2-microgl.;p	high	
989	Københavns Praktiserende Lægers Laboratorium, Bicarbonat,st;kB	Copenhagen GP Laboratory (KPLL), Bicarbonat,st;kb	high	
990	Københavns Praktiserende Lægers Laboratorium, Bicarbonat,st;vB	Copenhagen GP Laboratory (KPLL), Bicarbonat,st;vb	high	
991	Københavns Praktiserende Lægers Laboratorium, Bigift IgE;P	Copenhagen GP Laboratory (KPLL), Bigift ige;p	high	
992	Københavns Praktiserende Lægers Laboratorium, Bigift IgG;P	Copenhagen GP Laboratory (KPLL), Bigift igg;p	high	
993	Københavns Praktiserende Lægers Laboratorium, Bilirubin,frakt.	Copenhagen GP Laboratory (KPLL), Bilirubin,frakt.	low	Y
994	Københavns Praktiserende Lægers Laboratorium, Bilirubin;P	Copenhagen GP Laboratory (KPLL), Bilirubin;p	high	
995	Københavns Praktiserende Lægers Laboratorium, Binyrebark Ab;P	Copenhagen GP Laboratory (KPLL), Binyrebark ab;p	low	Y
996	Københavns Praktiserende Lægers Laboratorium, Birk IgE;P	Copenhagen GP Laboratory (KPLL), Birk ige;p	high	
997	Københavns Praktiserende Lægers Laboratorium, Bladsel. IgE;P	Copenhagen GP Laboratory (KPLL), Bladsel. ige;p	low	Y
998	Københavns Praktiserende Lægers Laboratorium, Blod i fæces 1	Copenhagen GP Laboratory (KPLL), Blood in faeces 1	high	
999	Københavns Praktiserende Lægers Laboratorium, Blod i fæces 2	Copenhagen GP Laboratory (KPLL), Blood in faeces 2	high	
1000	Københavns Praktiserende Lægers Laboratorium, Blod i fæces 3	Copenhagen GP Laboratory (KPLL), Blood in faeces 3	high	
1001	Københavns Praktiserende Lægers Laboratorium, Blod i fæces x3	Copenhagen GP Laboratory (KPLL), Blood in faeces x3	high	
1002	Københavns Praktiserende Lægers Laboratorium, Bloddyrkn.(bakt)	Copenhagen GP Laboratory (KPLL), Bloddyrkn.(bakt)	low	Y
1003	Københavns Praktiserende Lægers Laboratorium, Blodtype AB0+RH	Copenhagen GP Laboratory (KPLL), Blodtype ab0+rh	high	
1004	Københavns Praktiserende Lægers Laboratorium, Blodtype irre.Ab	Copenhagen GP Laboratory (KPLL), Blodtype irre.ab	high	
1005	Københavns Praktiserende Lægers Laboratorium, Blodtype+irre.Ab	Copenhagen GP Laboratory (KPLL), Blodtype+irre.ab	high	
1006	Københavns Praktiserende Lægers Laboratorium, Bly;B	Copenhagen GP Laboratory (KPLL), Bly;b	high	
1007	Københavns Praktiserende Lægers Laboratorium, Blåmusling IgE;P	Copenhagen GP Laboratory (KPLL), Blåmusling ige;p	low	Y
1008	Københavns Praktiserende Lægers Laboratorium, Boghvede IgE;P	Copenhagen GP Laboratory (KPLL), Boghvede ige;p	high	
1009	Københavns Praktiserende Lægers Laboratorium, Borrelia Ab	Copenhagen GP Laboratory (KPLL), Borrelia ab	low	Y
1010	Københavns Praktiserende Lægers Laboratorium, Burfugle IgE;P	Copenhagen GP Laboratory (KPLL), Burfugle ige;p	high	
1011	Københavns Praktiserende Lægers Laboratorium, Byg IgE;P	Copenhagen GP Laboratory (KPLL), Byg ige;p	high	
1012	Københavns Praktiserende Lægers Laboratorium, Bynkeambro IgE;P	Copenhagen GP Laboratory (KPLL), Bynkeambro ige;p	high	
1013	Københavns Praktiserende Lægers Laboratorium, Bøg IgE;P	Copenhagen GP Laboratory (KPLL), Bøg ige;p	low	Y
1014	Københavns Praktiserende Lægers Laboratorium, Børnekost IgE;P	Copenhagen GP Laboratory (KPLL), Børnekost ige;p	low	Y
1015	Københavns Praktiserende Lægers Laboratorium, C Peptid;P	Copenhagen GP Laboratory (KPLL), C peptid;p	high	
1016	Københavns Praktiserende Lægers Laboratorium, C1-est.inhib.;P	Copenhagen GP Laboratory (KPLL), C1-est.inhib.;p	high	
1017	Københavns Praktiserende Lægers Laboratorium, C>liaki-pakke;P	Copenhagen GP Laboratory (KPLL), C>liaki-pakke;p	high	
1018	Københavns Praktiserende Lægers Laboratorium, CCP Ab;P	Copenhagen GP Laboratory (KPLL), Ccp ab;p	low	Y
1019	Københavns Praktiserende Lægers Laboratorium, CD4/CD8 lymfocyt	Copenhagen GP Laboratory (KPLL), Cd4/cd8 lymfocyt	high	
1020	Københavns Praktiserende Lægers Laboratorium, CDT;P	Copenhagen GP Laboratory (KPLL), Cdt;p	high	
1021	Københavns Praktiserende Lægers Laboratorium, CEA Ag;P	Copenhagen GP Laboratory (KPLL), Cea ag;p	high	
1022	Københavns Praktiserende Lægers Laboratorium, CMV Ab;P	Copenhagen GP Laboratory (KPLL), Cmv ab;p	low	Y
1023	Københavns Praktiserende Lægers Laboratorium, CRP;P	Copenhagen GP Laboratory (KPLL), Crp;p	high	
1024	Københavns Praktiserende Lægers Laboratorium, Cacao IgE;P	Copenhagen GP Laboratory (KPLL), Cacao ige;p	high	
1025	Københavns Praktiserende Lægers Laboratorium, Calcitonin;P	Copenhagen GP Laboratory (KPLL), Calcitonin;p	high	
1026	Københavns Praktiserende Lægers Laboratorium, Calcium-ion;P	Copenhagen GP Laboratory (KPLL), Calcium-ion;p	high	
1027	Københavns Praktiserende Lægers Laboratorium, Calcium;P	Copenhagen GP Laboratory (KPLL), Calcium;p	high	
1028	Københavns Praktiserende Lægers Laboratorium, Campylobact.Ab;P	Copenhagen GP Laboratory (KPLL), Campylobact.ab;p	high	
1029	Københavns Praktiserende Lægers Laboratorium, Cancer Ag 125;P	Copenhagen GP Laboratory (KPLL), Cancer ag 125;p	high	
1030	Københavns Praktiserende Lægers Laboratorium, Cancerantig.15-3	Copenhagen GP Laboratory (KPLL), Cancerantig.15-3	high	
1031	Københavns Praktiserende Lægers Laboratorium, Candida al IgE;P	Copenhagen GP Laboratory (KPLL), Candida al ige;p	high	
1032	Københavns Praktiserende Lægers Laboratorium, Cannabioler;U	Copenhagen GP Laboratory (KPLL), Cannabioler;u	high	
1033	Københavns Praktiserende Lægers Laboratorium, Carbamazepin;P	Copenhagen GP Laboratory (KPLL), Carbamazepin;p	high	
1034	Københavns Praktiserende Lægers Laboratorium, Carbamid;P	Copenhagen GP Laboratory (KPLL), Carbamid;p	high	
1035	Københavns Praktiserende Lægers Laboratorium, Carbonmonoxid Hb	Copenhagen GP Laboratory (KPLL), Carbonmonoxid hb	high	
1036	Københavns Praktiserende Lægers Laboratorium, Cardiolipin Ab	Copenhagen GP Laboratory (KPLL), Cardiolipin ab	low	Y
1037	Københavns Praktiserende Lægers Laboratorium, Chaetom.g. IgE;P	Copenhagen GP Laboratory (KPLL), Chaetom.g. ige;p	high	
1038	Københavns Praktiserende Lægers Laboratorium, Chilipeber IgE;P	Copenhagen GP Laboratory (KPLL), Chilipeber ige;p	high	
1039	Københavns Praktiserende Lægers Laboratorium, Chlamy.Pn Ab	Copenhagen GP Laboratory (KPLL), Chlamy.pn ab	low	Y
1040	Københavns Praktiserende Lægers Laboratorium, Chlorid;P	Copenhagen GP Laboratory (KPLL), Chlorid;p	high	
1041	Københavns Praktiserende Lægers Laboratorium, Cholesterol;P	Copenhagen GP Laboratory (KPLL), Cholesterol;p	high	
1042	Københavns Praktiserende Lægers Laboratorium, Cholinesterera;P	Copenhagen GP Laboratory (KPLL), Cholinesterera;p	high	
1043	Københavns Praktiserende Lægers Laboratorium, Chromogranin A;P	Copenhagen GP Laboratory (KPLL), Chromogranin a;p	high	
1044	Københavns Praktiserende Lægers Laboratorium, Citalopram;P	Copenhagen GP Laboratory (KPLL), Citalopram;p	high	
1045	Københavns Praktiserende Lægers Laboratorium, Citron IgE;P	Copenhagen GP Laboratory (KPLL), Citron ige;p	high	
1046	Københavns Praktiserende Lægers Laboratorium, Cladosp.Cl.IgE;P	Copenhagen GP Laboratory (KPLL), Cladosp.cl.ige;p	high	
1047	Københavns Praktiserende Lægers Laboratorium, Cladosp.h. IgE;P	Copenhagen GP Laboratory (KPLL), Cladosp.h. ige;p	high	
1048	Københavns Praktiserende Lægers Laboratorium, Clomipramin;P	Copenhagen GP Laboratory (KPLL), Clomipramin;p	high	
1049	Københavns Praktiserende Lægers Laboratorium, Clonazepam;P	Copenhagen GP Laboratory (KPLL), Clonazepam;p	high	
1050	Københavns Praktiserende Lægers Laboratorium, Clozapin;P	Copenhagen GP Laboratory (KPLL), Clozapin;p	high	
1051	Københavns Praktiserende Lægers Laboratorium, Cobalamin;P	Copenhagen GP Laboratory (KPLL), Cobalamin;p	high	
1052	Københavns Praktiserende Lægers Laboratorium, Complem. C1q;P	Copenhagen GP Laboratory (KPLL), Complem. c1q;p	low	Y
1053	Københavns Praktiserende Lægers Laboratorium, Complement C3;P	Copenhagen GP Laboratory (KPLL), Complement c3;p	high	
1054	Københavns Praktiserende Lægers Laboratorium, Complement C4;P	Copenhagen GP Laboratory (KPLL), Complement c4;p	high	
1055	Københavns Praktiserende Lægers Laboratorium, Coombs' test	Copenhagen GP Laboratory (KPLL), Coombs' test	high	
1056	Københavns Praktiserende Lægers Laboratorium, Cortisol (tot);P	Copenhagen GP Laboratory (KPLL), Cortisol (tot);p	high	
1057	Københavns Praktiserende Lægers Laboratorium, Cortisol 0 ACTH	Copenhagen GP Laboratory (KPLL), Cortisol 0 acth	high	
1058	Københavns Praktiserende Lægers Laboratorium, Cortisol 30 ACTH	Copenhagen GP Laboratory (KPLL), Cortisol 30 acth	high	
1059	Københavns Praktiserende Lægers Laboratorium, Cortisol;dU	Copenhagen GP Laboratory (KPLL), Cortisol;du	high	
1060	Københavns Praktiserende Lægers Laboratorium, Creatinin;P	Copenhagen GP Laboratory (KPLL), Creatinin;p	high	
1061	Københavns Praktiserende Lægers Laboratorium, Creatinin;U	Copenhagen GP Laboratory (KPLL), Creatinin;u	high	
1062	Københavns Praktiserende Lægers Laboratorium, Creatinkinase;P	Copenhagen GP Laboratory (KPLL), Creatinkinase;p	high	
1063	Københavns Praktiserende Lægers Laboratorium, Cryoglobuliner	Copenhagen GP Laboratory (KPLL), Cryoglobuliner	high	
1064	Københavns Praktiserende Lægers Laboratorium, Cylindre,ery.;U	Copenhagen GP Laboratory (KPLL), Cylindre,ery.;u	low	Y
1065	Københavns Praktiserende Lægers Laboratorium, Cylindre,korn.;U	Copenhagen GP Laboratory (KPLL), Cylindre,korn.;u	low	Y
1066	Københavns Praktiserende Lægers Laboratorium, Cys.Fibrose(DNA)	Copenhagen GP Laboratory (KPLL), Cys.fibrose(dna)	high	
1067	Københavns Praktiserende Lægers Laboratorium, D-Dimer;P	Copenhagen GP Laboratory (KPLL), D-dimer;p	high	
1068	Københavns Praktiserende Lægers Laboratorium, D.microcer IgE;P	Copenhagen GP Laboratory (KPLL), D.microcer ige;p	high	
1069	Københavns Praktiserende Lægers Laboratorium, DNA Ab;P	Copenhagen GP Laboratory (KPLL), Dna ab;p	low	Y
1070	Københavns Praktiserende Lægers Laboratorium, DNAkoag2,n.20210	Copenhagen GP Laboratory (KPLL), Dnakoag2,n.20210	high	
1071	Københavns Praktiserende Lægers Laboratorium, Deng.virus Ab;P	Copenhagen GP Laboratory (KPLL), Deng.virus ab;p	low	Y
1072	Københavns Praktiserende Lægers Laboratorium, Dift.toxin Ab;P	Copenhagen GP Laboratory (KPLL), Dift.toxin ab;p	low	Y
1073	Københavns Praktiserende Lægers Laboratorium, Digoxin;P	Copenhagen GP Laboratory (KPLL), Digoxin;p	high	
1074	Københavns Praktiserende Lægers Laboratorium, Dist.tryk.oextr.	Copenhagen GP Laboratory (KPLL), Dist.tryk.oextr.	high	
1075	Københavns Praktiserende Lægers Laboratorium, Dist.tryk.uextr.	Copenhagen GP Laboratory (KPLL), Dist.tryk.uextr.	high	
1076	Københavns Praktiserende Lægers Laboratorium, Diurese 24 timer	Copenhagen GP Laboratory (KPLL), Diurese 24 timer	high	
1077	Københavns Praktiserende Lægers Laboratorium, Diverse tests	Copenhagen GP Laboratory (KPLL), Various tests	high	
1078	Københavns Praktiserende Lægers Laboratorium, Diverse tests 2	Copenhagen GP Laboratory (KPLL), Various tests 2	high	
1079	Københavns Praktiserende Lægers Laboratorium, Doxepin;P	Copenhagen GP Laboratory (KPLL), Doxepin;p	high	
1080	Københavns Praktiserende Lægers Laboratorium, Døgn BT-måling	Copenhagen GP Laboratory (KPLL), Døgn bt-measurement	low	Y
1081	Københavns Praktiserende Lægers Laboratorium, E-Protoporphyrin	Copenhagen GP Laboratory (KPLL), E-protoporphyrin	high	
1082	Københavns Praktiserende Lægers Laboratorium, EBV Ab;P	Copenhagen GP Laboratory (KPLL), Ebv ab;p	low	Y
1083	Københavns Praktiserende Lægers Laboratorium, EBV-IgG(0-1-2);P	Copenhagen GP Laboratory (KPLL), Ebv-igg(0-1-2);p	high	
1084	Københavns Praktiserende Lægers Laboratorium, EBV-IgM(0-1-2);P	Copenhagen GP Laboratory (KPLL), Ebv-igm(0-1-2);p	high	
1085	Københavns Praktiserende Lægers Laboratorium, EKG12	Copenhagen GP Laboratory (KPLL), Ekg12	high	
1086	Københavns Praktiserende Lægers Laboratorium, ENA-antistof;P	Copenhagen GP Laboratory (KPLL), Ena-antibody;p	high	
1087	Københavns Praktiserende Lægers Laboratorium, Ecstasy;U	Copenhagen GP Laboratory (KPLL), Ecstasy;u	high	
1088	Københavns Praktiserende Lægers Laboratorium, Eeg	Copenhagen GP Laboratory (KPLL), Eeg	high	
1089	Københavns Praktiserende Lægers Laboratorium, Eeg med/søvnkurve	Copenhagen GP Laboratory (KPLL), Eeg with/sleep recording	high	
1090	Københavns Praktiserende Lægers Laboratorium, Eg IgE;P	Copenhagen GP Laboratory (KPLL), Eg ige;p	high	
1091	Københavns Praktiserende Lægers Laboratorium, Ej pr>vetagning	Copenhagen GP Laboratory (KPLL), Ej pr>vetagning	high	
1092	Københavns Praktiserende Lægers Laboratorium, Ekko-kardiografi	Copenhagen GP Laboratory (KPLL), Ekko-kardiografi	high	
1093	Københavns Praktiserende Lægers Laboratorium, Ekspeditionsgebyr	Copenhagen GP Laboratory (KPLL), Ekspeditionsgebyr	high	
1094	Københavns Praktiserende Lægers Laboratorium, Elm IgE;P	Copenhagen GP Laboratory (KPLL), Elm ige;p	low	Y
1095	Københavns Praktiserende Lægers Laboratorium, Endomysium Ab;P	Copenhagen GP Laboratory (KPLL), Endomysium ab;p	low	Y
1096	Københavns Praktiserende Lægers Laboratorium, Eng- rapgr'sIgE;P	Copenhagen GP Laboratory (KPLL), Eng- rapgr'sige;p	high	
1097	Københavns Praktiserende Lægers Laboratorium, Engrotteh. IgE;P	Copenhagen GP Laboratory (KPLL), Engrotteh. ige;p	low	Y
1098	Københavns Praktiserende Lægers Laboratorium, Engsvingel IgE;P	Copenhagen GP Laboratory (KPLL), Engsvingel ige;p	high	
1099	Københavns Praktiserende Lægers Laboratorium, Entam>ba Hi.Ab;P	Copenhagen GP Laboratory (KPLL), Entam>ba hi.ab;p	high	
1100	Københavns Praktiserende Lægers Laboratorium, Eos.Cat.Prot;P	Copenhagen GP Laboratory (KPLL), Eos.cat.prot;p	high	
1101	Københavns Praktiserende Lægers Laboratorium, Eosinofilocyt;B	Copenhagen GP Laboratory (KPLL), Eosinofilocyt;b	high	
1102	Københavns Praktiserende Lægers Laboratorium, Epitelceller;U	Copenhagen GP Laboratory (KPLL), Epitelceller;u	high	
1103	Københavns Praktiserende Lægers Laboratorium, Erhv.(pax4)IgE;P	Copenhagen GP Laboratory (KPLL), Erhv.(pax4)ige;p	low	Y
1104	Københavns Praktiserende Lægers Laboratorium, Ery Vol Varia;B	Copenhagen GP Laboratory (KPLL), Ery vol varia;b	high	
1105	Københavns Praktiserende Lægers Laboratorium, EryVolFrac.;B	Copenhagen GP Laboratory (KPLL), Eryvolfrac.;b	low	Y
1106	Københavns Praktiserende Lægers Laboratorium, Erythroblaster;B	Copenhagen GP Laboratory (KPLL), Erythroblaster;b	high	
1107	Københavns Praktiserende Lægers Laboratorium, Erythrocytter;U	Copenhagen GP Laboratory (KPLL), Erythrocytter;u	high	
1108	Københavns Praktiserende Lægers Laboratorium, Erytrocytter;B	Copenhagen GP Laboratory (KPLL), Erytrocytter;b	high	
1109	Københavns Praktiserende Lægers Laboratorium, Estradiol;P	Copenhagen GP Laboratory (KPLL), Estradiol;p	high	
1110	Københavns Praktiserende Lægers Laboratorium, Etanol;P	Copenhagen GP Laboratory (KPLL), Etanol;p	high	
1111	Københavns Praktiserende Lægers Laboratorium, Ethosuximid;P	Copenhagen GP Laboratory (KPLL), Ethosuximid;p	high	
1112	Københavns Praktiserende Lægers Laboratorium, Event-recording	Copenhagen GP Laboratory (KPLL), Event-recording	high	
1113	Københavns Praktiserende Lægers Laboratorium, F-H. pylori (Ag)	Copenhagen GP Laboratory (KPLL), F-h. pylori (ag)	high	
1114	Københavns Praktiserende Lægers Laboratorium, F-Patogene bakteriologisk  uden	Copenhagen GP Laboratory (KPLL), F-patogene bacteriological without	high	
1115	Københavns Praktiserende Lægers Laboratorium, FSH;P	Copenhagen GP Laboratory (KPLL), Fsh;p	high	
1116	Københavns Praktiserende Lægers Laboratorium, Faktor V Leiden	Copenhagen GP Laboratory (KPLL), Faktor v leiden	high	
1117	Københavns Praktiserende Lægers Laboratorium, Fenobarbital;P	Copenhagen GP Laboratory (KPLL), Fenobarbital;p	high	
1118	Københavns Praktiserende Lægers Laboratorium, Fenytoin;P	Copenhagen GP Laboratory (KPLL), Fenytoin;p	high	
1119	Københavns Praktiserende Lægers Laboratorium, Ferritin;P	Copenhagen GP Laboratory (KPLL), Ferritin;p	high	
1120	Københavns Praktiserende Lægers Laboratorium, Ferroxidase;P	Copenhagen GP Laboratory (KPLL), Ferroxidase;p	high	
1121	Københavns Praktiserende Lægers Laboratorium, Fersken IgE;P	Copenhagen GP Laboratory (KPLL), Fersken ige;p	high	
1122	Københavns Praktiserende Lægers Laboratorium, Fibrinogen;P	Copenhagen GP Laboratory (KPLL), Fibrinogen;p	high	
1123	Københavns Praktiserende Lægers Laboratorium, Fisk(fx74) IgE;P	Copenhagen GP Laboratory (KPLL), Fisk(fx74) ige;p	low	Y
1124	Københavns Praktiserende Lægers Laboratorium, Fisk+Skal. IgE;P	Copenhagen GP Laboratory (KPLL), Fisk+skal. ige;p	high	
1125	Københavns Praktiserende Lægers Laboratorium, Fjerpanel IgE;P P	Copenhagen GP Laboratory (KPLL), Fjerpanel ige;p p	high	
1126	Københavns Praktiserende Lægers Laboratorium, Flecainid;P	Copenhagen GP Laboratory (KPLL), Flecainid;p	high	
1127	Københavns Praktiserende Lægers Laboratorium, Folater;B	Copenhagen GP Laboratory (KPLL), Folater;b	high	
1128	Københavns Praktiserende Lægers Laboratorium, Folater;P	Copenhagen GP Laboratory (KPLL), Folater;p	high	
1129	Københavns Praktiserende Lægers Laboratorium, For fremmøde i lab.	Copenhagen GP Laboratory (KPLL), For attendance in lab.	low	Y
1130	Københavns Praktiserende Lægers Laboratorium, Formaldeh. IgE;P	Copenhagen GP Laboratory (KPLL), Formaldeh. ige;p	low	Y
1131	Københavns Praktiserende Lægers Laboratorium, Fosfat;P	Copenhagen GP Laboratory (KPLL), Fosfat;p	high	
1132	Københavns Praktiserende Lægers Laboratorium, Frugt fx15 IgE;P	Copenhagen GP Laboratory (KPLL), Frugt fx15 ige;p	high	
1133	Københavns Praktiserende Lægers Laboratorium, Frugt fx16 IgE;P	Copenhagen GP Laboratory (KPLL), Frugt fx16 ige;p	high	
1134	Københavns Praktiserende Lægers Laboratorium, Frugt fx9 IgE;P	Copenhagen GP Laboratory (KPLL), Frugt fx9 ige;p	high	
1135	Københavns Praktiserende Lægers Laboratorium, Fyr IgE;P	Copenhagen GP Laboratory (KPLL), Fyr ige;p	high	
1136	Københavns Praktiserende Lægers Laboratorium, Gabapentin;P	Copenhagen GP Laboratory (KPLL), Gabapentin;p	high	
1137	Københavns Praktiserende Lægers Laboratorium, Gamma-GT;P	Copenhagen GP Laboratory (KPLL), Gamma-gt;p	high	
1138	Københavns Praktiserende Lægers Laboratorium, Gamma-Globulin;P	Copenhagen GP Laboratory (KPLL), Gamma-globulin;p	high	
1139	Københavns Praktiserende Lægers Laboratorium, Gastrin;P	Copenhagen GP Laboratory (KPLL), Gastrin;p	high	
1140	Københavns Praktiserende Lægers Laboratorium, Gliadin Ab;P	Copenhagen GP Laboratory (KPLL), Gliadin ab;p	low	Y
1141	Københavns Praktiserende Lægers Laboratorium, Gliadin IgA;P	Copenhagen GP Laboratory (KPLL), Gliadin iga;p	high	
1142	Københavns Praktiserende Lægers Laboratorium, Gliadin IgG;P	Copenhagen GP Laboratory (KPLL), Gliadin igg;p	high	
1143	Københavns Praktiserende Lægers Laboratorium, Gliadin antistof	Copenhagen GP Laboratory (KPLL), Gliadin antibody	high	
1144	Københavns Praktiserende Lægers Laboratorium, Glu.6 fos.deh;B	Copenhagen GP Laboratory (KPLL), Glu.6 fos.deh;b	high	
1145	Københavns Praktiserende Lægers Laboratorium, Gluc.6 fos.deh;E	Copenhagen GP Laboratory (KPLL), Gluc.6 fos.deh;e	high	
1146	Københavns Praktiserende Lægers Laboratorium, Gluc.>gn.(max);B	Copenhagen GP Laboratory (KPLL), Gluc.>gn.(max);b	high	
1147	Københavns Praktiserende Lægers Laboratorium, Gluc.Dia.faste;P	Copenhagen GP Laboratory (KPLL), Gluc.dia.faste;p	high	
1148	Københavns Praktiserende Lægers Laboratorium, Gluc.tol 180;P	Copenhagen GP Laboratory (KPLL), Gluc.tol 180;p	high	
1149	Københavns Praktiserende Lægers Laboratorium, Gluc.tol 240;P	Copenhagen GP Laboratory (KPLL), Gluc.tol 240;p	high	
1150	Københavns Praktiserende Lægers Laboratorium, Gluc.tol 60;P	Copenhagen GP Laboratory (KPLL), Gluc.tol 60;p	high	
1151	Københavns Praktiserende Lægers Laboratorium, Gluc.tol.0 min;P	Copenhagen GP Laboratory (KPLL), Gluc.tol.0 min;p	high	
1152	Københavns Praktiserende Lægers Laboratorium, Gluc.tol.120;P	Copenhagen GP Laboratory (KPLL), Gluc.tol.120;p	high	
1153	Københavns Praktiserende Lægers Laboratorium, Glucose toleran.	Copenhagen GP Laboratory (KPLL), Glucose toleran.	low	Y
1154	Københavns Praktiserende Lægers Laboratorium, Glucose(stix);U	Copenhagen GP Laboratory (KPLL), Glucose(stix);u	high	
1155	Københavns Praktiserende Lægers Laboratorium, Glucose,faste;P	Copenhagen GP Laboratory (KPLL), Glucose,faste;p	high	
1156	Københavns Praktiserende Lægers Laboratorium, Glucose,faste;S	Copenhagen GP Laboratory (KPLL), Glucose,faste;s	high	
1157	Københavns Praktiserende Lægers Laboratorium, Glucose;P	Copenhagen GP Laboratory (KPLL), Glucose;p	high	
1158	Københavns Praktiserende Lægers Laboratorium, Glucose;S	Copenhagen GP Laboratory (KPLL), Glucose;s	high	
1159	Københavns Praktiserende Lægers Laboratorium, Glut.decar.65 Ab	Copenhagen GP Laboratory (KPLL), Glut.decar.65 ab	low	Y
1160	Københavns Praktiserende Lægers Laboratorium, Gluten IgE;P	Copenhagen GP Laboratory (KPLL), Gluten ige;p	high	
1161	Københavns Praktiserende Lægers Laboratorium, Glycyp.dom.IgE;P	Copenhagen GP Laboratory (KPLL), Glycyp.dom.ige;p	high	
1162	Københavns Praktiserende Lægers Laboratorium, Gnaver ex70IgE;P	Copenhagen GP Laboratory (KPLL), Gnaver ex70ige;p	high	
1163	Københavns Praktiserende Lægers Laboratorium, Gonokok Ab;P	Copenhagen GP Laboratory (KPLL), Gonokok ab;p	low	Y
1164	Københavns Praktiserende Lægers Laboratorium, Gr's(gx1) IgE;P	Copenhagen GP Laboratory (KPLL), Gr's(gx1) ige;p	high	
1165	Københavns Praktiserende Lægers Laboratorium, Gr's(gx3) IgE;P	Copenhagen GP Laboratory (KPLL), Gr's(gx3) ige;p	high	
1166	Københavns Praktiserende Lægers Laboratorium, Gr>ns . fx13  IgE;P	Copenhagen GP Laboratory (KPLL), Gr>ns . fx13 ige;p	high	
1167	Københavns Praktiserende Lægers Laboratorium, Gr>ns.p.11 IgE;P	Copenhagen GP Laboratory (KPLL), Gr>ns.p.11 ige;p	high	
1168	Københavns Praktiserende Lægers Laboratorium, Graviditetsuge	Copenhagen GP Laboratory (KPLL), Graviditetsuge	high	
1169	Københavns Praktiserende Lægers Laboratorium, Grå Bynke IgE;P	Copenhagen GP Laboratory (KPLL), Grå bynke ige;p	low	Y
1170	Københavns Praktiserende Lægers Laboratorium, Grå el IgE;P	Copenhagen GP Laboratory (KPLL), Grå el ige;p	low	Y
1171	Københavns Praktiserende Lægers Laboratorium, Gulaks IgE;P	Copenhagen GP Laboratory (KPLL), Gulaks ige;p	high	
1172	Københavns Praktiserende Lægers Laboratorium, Gulerod IgE;P	Copenhagen GP Laboratory (KPLL), Gulerod ige;p	high	
1173	Københavns Praktiserende Lægers Laboratorium, HBsAg,konf;P	Copenhagen GP Laboratory (KPLL), Hbsag,konf;p	high	
1174	Københavns Praktiserende Lægers Laboratorium, HCG;P	Copenhagen GP Laboratory (KPLL), Hcg;p	high	
1175	Københavns Praktiserende Lægers Laboratorium, HCG;U	Copenhagen GP Laboratory (KPLL), Hcg;u	high	
1176	Københavns Praktiserende Lægers Laboratorium, HDL-Cholesterol;	Copenhagen GP Laboratory (KPLL), Hdl-cholesterol;	high	
1177	Københavns Praktiserende Lægers Laboratorium, HEM i	Copenhagen GP Laboratory (KPLL), Hem in	high	
1178	Københavns Praktiserende Lægers Laboratorium, HEM II	Copenhagen GP Laboratory (KPLL), Hem ii	high	
1179	Københavns Praktiserende Lægers Laboratorium, HIV 1+2 Ab;P	Copenhagen GP Laboratory (KPLL), Hiv 1+2 ab;p	low	Y
1180	Københavns Praktiserende Lægers Laboratorium, HIV 1+2 Antistof	Copenhagen GP Laboratory (KPLL), Hiv 1+2 antibody	high	
1181	Københavns Praktiserende Lægers Laboratorium, HIV Ab,konf.;P	Copenhagen GP Laboratory (KPLL), Hiv ab,konf.;p	low	Y
1182	Københavns Praktiserende Lægers Laboratorium, HIV-antistof	Copenhagen GP Laboratory (KPLL), Hiv-antibody	high	
1183	Københavns Praktiserende Lægers Laboratorium, HR test,Derm.;B	Copenhagen GP Laboratory (KPLL), Hr test,derm.;b	low	Y
1184	Københavns Praktiserende Lægers Laboratorium, HR test,Urtic ;B	Copenhagen GP Laboratory (KPLL), Hr test,urtic ;b	high	
1185	Københavns Praktiserende Lægers Laboratorium, HR test,Urtic.;B	Copenhagen GP Laboratory (KPLL), Hr test,urtic.;b	low	Y
1186	Københavns Praktiserende Lægers Laboratorium, HR-test Dem;B	Copenhagen GP Laboratory (KPLL), Hr-test dem;b	high	
1187	Københavns Praktiserende Lægers Laboratorium, HR-test F>de;B	Copenhagen GP Laboratory (KPLL), Hr-test f>de;b	high	
1188	Københavns Praktiserende Lægers Laboratorium, HR-test Føde;B	Copenhagen GP Laboratory (KPLL), Hr-test føde;b	low	Y
1189	Københavns Praktiserende Lægers Laboratorium, HR-test Inhal.;B	Copenhagen GP Laboratory (KPLL), Hr-test inhal.;b	low	Y
1190	Københavns Praktiserende Lægers Laboratorium, HR-test Inhal;B	Copenhagen GP Laboratory (KPLL), Hr-test inhal;b	high	
1191	Københavns Praktiserende Lægers Laboratorium, Hamster IgE;P	Copenhagen GP Laboratory (KPLL), Hamster ige;p	high	
1192	Københavns Praktiserende Lægers Laboratorium, Haptoglobin;P	Copenhagen GP Laboratory (KPLL), Haptoglobin;p	high	
1193	Københavns Praktiserende Lægers Laboratorium, Hassel  IgE;P	Copenhagen GP Laboratory (KPLL), Hassel ige;p	high	
1194	Københavns Praktiserende Lægers Laboratorium, Hasselnød IgE;P	Copenhagen GP Laboratory (KPLL), Hasselnød ige;p	low	Y
1195	Københavns Praktiserende Lægers Laboratorium, Havre IgE;P	Copenhagen GP Laboratory (KPLL), Havre ige;p	high	
1196	Københavns Praktiserende Lægers Laboratorium, Havre,inh.IgE;P	Copenhagen GP Laboratory (KPLL), Havre,inh.ige;p	high	
1197	Københavns Praktiserende Lægers Laboratorium, HbA1c;B	Copenhagen GP Laboratory (KPLL), Hba1c;b	high	
1198	Københavns Praktiserende Lægers Laboratorium, Hel.sp.hal.IgE;P	Copenhagen GP Laboratory (KPLL), Hel.sp.hal.ige;p	high	
1199	Københavns Praktiserende Lægers Laboratorium, Helicob. Ab	Copenhagen GP Laboratory (KPLL), Helicob. ab	low	Y
1200	Københavns Praktiserende Lægers Laboratorium, Helicob.pustepr.	Copenhagen GP Laboratory (KPLL), Helicob.pustepr.	high	
1201	Københavns Praktiserende Lægers Laboratorium, Hemiglobin;B	Copenhagen GP Laboratory (KPLL), Hemiglobin;b	high	
1202	Københavns Praktiserende Lægers Laboratorium, Hemoglob.frak.	Copenhagen GP Laboratory (KPLL), Hemoglob.frak.	high	
1203	Københavns Praktiserende Lægers Laboratorium, Hep A Ab total;P	Copenhagen GP Laboratory (KPLL), Hep a ab total;p	low	Y
1204	Københavns Praktiserende Lægers Laboratorium, Hep A IgM;P	Copenhagen GP Laboratory (KPLL), Hep a igm;p	high	
1205	Københavns Praktiserende Lægers Laboratorium, Hep Bc IgM;P	Copenhagen GP Laboratory (KPLL), Hep bc igm;p	high	
1206	Københavns Praktiserende Lægers Laboratorium, Hep Be Ab;P	Copenhagen GP Laboratory (KPLL), Hep be ab;p	low	Y
1207	Københavns Praktiserende Lægers Laboratorium, Hep Be Ag;P	Copenhagen GP Laboratory (KPLL), Hep be ag;p	high	
1208	Københavns Praktiserende Lægers Laboratorium, Hep Bs Ab;P	Copenhagen GP Laboratory (KPLL), Hep bs ab;p	low	Y
1209	Københavns Praktiserende Lægers Laboratorium, Hep Bs Ag;P	Copenhagen GP Laboratory (KPLL), Hep bs ag;p	high	
1210	Københavns Praktiserende Lægers Laboratorium, Hep.C vir Ab	Copenhagen GP Laboratory (KPLL), Hep.c vir ab	low	Y
1211	Københavns Praktiserende Lægers Laboratorium, Hepatitis A	Copenhagen GP Laboratory (KPLL), Hepatitis a	high	
1212	Københavns Praktiserende Lægers Laboratorium, Hepatitis B	Copenhagen GP Laboratory (KPLL), Hepatitis b	high	
1213	Københavns Praktiserende Lægers Laboratorium, Herlev diverse	Copenhagen GP Laboratory (KPLL), Herlev various	high	
1214	Københavns Praktiserende Lægers Laboratorium, Herpes simp.Ab;P	Copenhagen GP Laboratory (KPLL), Herpes simp.ab;p	high	
1215	Københavns Praktiserende Lægers Laboratorium, Hest IgE;P	Copenhagen GP Laboratory (KPLL), Hest ige;p	high	
1216	Københavns Praktiserende Lægers Laboratorium, Hjemme BT-måling	Copenhagen GP Laboratory (KPLL), Hjemme bt-measurement	high	
1217	Københavns Praktiserende Lægers Laboratorium, Homocystein;P	Copenhagen GP Laboratory (KPLL), Homocystein;p	high	
1218	Københavns Praktiserende Lægers Laboratorium, Hovedgruppe 3   KPLL	Copenhagen GP Laboratory (KPLL), Hovedgruppe 3 kpll	high	
1219	Københavns Praktiserende Lægers Laboratorium, Humle IgE;P	Copenhagen GP Laboratory (KPLL), Humle ige;p	high	
1220	Københavns Praktiserende Lægers Laboratorium, Hummer IgE;P	Copenhagen GP Laboratory (KPLL), Hummer ige;p	high	
1221	Københavns Praktiserende Lægers Laboratorium, Hund IgE;P	Copenhagen GP Laboratory (KPLL), Hund ige;p	high	
1222	Københavns Praktiserende Lægers Laboratorium, Hundegr's IgE;P	Copenhagen GP Laboratory (KPLL), Hundegr's ige;p	high	
1223	Københavns Praktiserende Lægers Laboratorium, Husdyr(ex1)IgE;P	Copenhagen GP Laboratory (KPLL), Husdyr(ex1)ige;p	high	
1224	Københavns Praktiserende Lægers Laboratorium, Husmide f. IgE;P	Copenhagen GP Laboratory (KPLL), Husmide f. ige;p	high	
1225	Københavns Praktiserende Lægers Laboratorium, Husmide p. IgE;P	Copenhagen GP Laboratory (KPLL), Husmide p. ige;p	high	
1226	Københavns Praktiserende Lægers Laboratorium, Hvede IgE;P	Copenhagen GP Laboratory (KPLL), Hvede ige;p	high	
1227	Københavns Praktiserende Lægers Laboratorium, Hvede,inh.IgE;P	Copenhagen GP Laboratory (KPLL), Hvede,inh.ige;p	high	
1228	Københavns Praktiserende Lægers Laboratorium, Hvepsegidt IgG;P	Copenhagen GP Laboratory (KPLL), Hvepsegidt igg;p	high	
1229	Københavns Praktiserende Lægers Laboratorium, Hvepsegift IgE;P	Copenhagen GP Laboratory (KPLL), Hvepsegift ige;p	high	
1230	Københavns Praktiserende Lægers Laboratorium, Hvidløg IgE;P	Copenhagen GP Laboratory (KPLL), Hvidløg ige;p	low	Y
1231	Københavns Praktiserende Lægers Laboratorium, Hæmoglobin;B	Copenhagen GP Laboratory (KPLL), Haemoglobin;b	high	
1232	Københavns Praktiserende Lægers Laboratorium, Hæmoglobin;U	Copenhagen GP Laboratory (KPLL), Haemoglobin;u	high	
1233	Københavns Praktiserende Lægers Laboratorium, Hæmokromatosegen	Copenhagen GP Laboratory (KPLL), Hæmokromatosegen	low	Y
1234	Københavns Praktiserende Lægers Laboratorium, Hønsekød IgE;P	Copenhagen GP Laboratory (KPLL), Hønsekød ige;p	low	Y
1235	Københavns Praktiserende Lægers Laboratorium, INR, KF 2+7+10;P	Copenhagen GP Laboratory (KPLL), Inr, kf 2+7+10;p	high	
1236	Københavns Praktiserende Lægers Laboratorium, IgA  Ag + Ab;P	Copenhagen GP Laboratory (KPLL), Iga ag + ab;p	low	Y
1237	Københavns Praktiserende Lægers Laboratorium, IgA;P	Copenhagen GP Laboratory (KPLL), Iga;p	high	
1238	Københavns Praktiserende Lægers Laboratorium, IgE;P	Copenhagen GP Laboratory (KPLL), Ige;p	high	
1239	Københavns Praktiserende Lægers Laboratorium, IgG x 1;P	Copenhagen GP Laboratory (KPLL), Igg x 1;p	high	
1240	Københavns Praktiserende Lægers Laboratorium, IgG x 2;P	Copenhagen GP Laboratory (KPLL), Igg x 2;p	high	
1241	Københavns Praktiserende Lægers Laboratorium, IgG;P	Copenhagen GP Laboratory (KPLL), Igg;p	high	
1242	Københavns Praktiserende Lægers Laboratorium, IgM;P	Copenhagen GP Laboratory (KPLL), Igm;p	high	
1243	Københavns Praktiserende Lægers Laboratorium, Imipramin.;P	Copenhagen GP Laboratory (KPLL), Imipramin.;p	low	Y
1244	Københavns Praktiserende Lægers Laboratorium, Indbragte pr>ver	Copenhagen GP Laboratory (KPLL), Indbragte pr>ver	high	
1245	Københavns Praktiserende Lægers Laboratorium, Indsendte prøver	Copenhagen GP Laboratory (KPLL), Indsendte prøver	low	Y
1246	Københavns Praktiserende Lægers Laboratorium, Influenza Ab;P	Copenhagen GP Laboratory (KPLL), Influenza ab;p	low	Y
1247	Københavns Praktiserende Lægers Laboratorium, Inhib.-FSH-Ratio	Copenhagen GP Laboratory (KPLL), Inhib.-fsh-ratio	high	
1248	Københavns Praktiserende Lægers Laboratorium, Inhibin-A;P	Copenhagen GP Laboratory (KPLL), Inhibin-a;p	high	
1249	Københavns Praktiserende Lægers Laboratorium, Inhibin-B:P	Copenhagen GP Laboratory (KPLL), Inhibin-b:p	high	
1250	Københavns Praktiserende Lægers Laboratorium, Insulin, faste;P	Copenhagen GP Laboratory (KPLL), Insulin, faste;p	high	
1251	Københavns Praktiserende Lægers Laboratorium, Intrin. fak. Ab;	Copenhagen GP Laboratory (KPLL), Intrin. fak. ab;	low	Y
1252	Københavns Praktiserende Lægers Laboratorium, Jern;P	Copenhagen GP Laboratory (KPLL), Jern;p	high	
1253	Københavns Praktiserende Lægers Laboratorium, Jordbær IgE;P	Copenhagen GP Laboratory (KPLL), Jordbær ige;p	low	Y
1254	Københavns Praktiserende Lægers Laboratorium, Jordfrugtp.IgE;P	Copenhagen GP Laboratory (KPLL), Jordfrugtp.ige;p	high	
1255	Københavns Praktiserende Lægers Laboratorium, Jordnød IgE;P	Copenhagen GP Laboratory (KPLL), Jordnød ige;p	low	Y
1256	Københavns Praktiserende Lægers Laboratorium, KF 2+7+10;P	Copenhagen GP Laboratory (KPLL), Kf 2+7+10;p	high	
1257	Københavns Praktiserende Lægers Laboratorium, Kaffe IgE;P	Copenhagen GP Laboratory (KPLL), Kaffe ige;p	high	
1258	Københavns Praktiserende Lægers Laboratorium, Kalium-Natrium	Copenhagen GP Laboratory (KPLL), Kalium-natrium	high	
1259	Københavns Praktiserende Lægers Laboratorium, Kalium;S	Copenhagen GP Laboratory (KPLL), Kalium;s	high	
1260	Københavns Praktiserende Lægers Laboratorium, Kanel IgE;P	Copenhagen GP Laboratory (KPLL), Kanel ige;p	high	
1261	Københavns Praktiserende Lægers Laboratorium, Kanin IgE;P	Copenhagen GP Laboratory (KPLL), Kanin ige;p	high	
1262	Københavns Praktiserende Lægers Laboratorium, Kapil. bl>dn.tid	Copenhagen GP Laboratory (KPLL), Kapil. bl>dn.tid	low	Y
1263	Københavns Praktiserende Lægers Laboratorium, Kartoffel IgE;P	Copenhagen GP Laboratory (KPLL), Kartoffel ige;p	high	
1264	Københavns Praktiserende Lægers Laboratorium, Kat  IgE;P	Copenhagen GP Laboratory (KPLL), Kat ige;p	high	
1265	Københavns Praktiserende Lægers Laboratorium, Kiwifrugt IgE;P	Copenhagen GP Laboratory (KPLL), Kiwifrugt ige;p	high	
1266	Københavns Praktiserende Lægers Laboratorium, Koagulationstid	Copenhagen GP Laboratory (KPLL), Koagulationstid	high	
1267	Københavns Praktiserende Lægers Laboratorium, Kobber;P	Copenhagen GP Laboratory (KPLL), Kobber;p	high	
1268	Københavns Praktiserende Lægers Laboratorium, Kokosnød IgE;P	Copenhagen GP Laboratory (KPLL), Kokosnød ige;p	low	Y
1269	Københavns Praktiserende Lægers Laboratorium, Komælk IgE;P	Copenhagen GP Laboratory (KPLL), Komælk ige;p	low	Y
1270	Københavns Praktiserende Lægers Laboratorium, Kornpanel IgE;P	Copenhagen GP Laboratory (KPLL), Kornpanel ige;p	high	
1271	Københavns Praktiserende Lægers Laboratorium, Koskæl IgE;P	Copenhagen GP Laboratory (KPLL), Koskæl ige;p	low	Y
1272	Københavns Praktiserende Lægers Laboratorium, Krabbe IgE;P	Copenhagen GP Laboratory (KPLL), Krabbe ige;p	high	
1273	Københavns Praktiserende Lægers Laboratorium, Krebs IgE;P	Copenhagen GP Laboratory (KPLL), Krebs ige;p	high	
1274	Københavns Praktiserende Lægers Laboratorium, Kromosomunders.	Copenhagen GP Laboratory (KPLL), Kromosomunders.	low	Y
1275	Københavns Praktiserende Lægers Laboratorium, Krydderi 1 IgE;P	Copenhagen GP Laboratory (KPLL), Krydderi 1 ige;p	high	
1276	Københavns Praktiserende Lægers Laboratorium, Krydderi 2 IgE;P	Copenhagen GP Laboratory (KPLL), Krydderi 2 ige;p	high	
1277	Københavns Praktiserende Lægers Laboratorium, Krydderi 3 IgE;P	Copenhagen GP Laboratory (KPLL), Krydderi 3 ige;p	high	
1278	Københavns Praktiserende Lægers Laboratorium, Kvalitetssikring	Copenhagen GP Laboratory (KPLL), Kvalitetssikring	high	
1279	Københavns Praktiserende Lægers Laboratorium, Kviksølv;B	Copenhagen GP Laboratory (KPLL), Kviksølv;b	low	Y
1280	Københavns Praktiserende Lægers Laboratorium, Kødpanel IgE;P	Copenhagen GP Laboratory (KPLL), Kødpanel ige;p	low	Y
1281	Københavns Praktiserende Lægers Laboratorium, LD-isoenzym 1	Copenhagen GP Laboratory (KPLL), Ld-isoenzym 1	high	
1282	Københavns Praktiserende Lægers Laboratorium, LDH;P	Copenhagen GP Laboratory (KPLL), Ldh;p	high	
1283	Københavns Praktiserende Lægers Laboratorium, LDL-cholesteroler	Copenhagen GP Laboratory (KPLL), Ldl-cholesteroler	high	
1284	Københavns Praktiserende Lægers Laboratorium, LH;P	Copenhagen GP Laboratory (KPLL), Lh;p	high	
1285	Københavns Praktiserende Lægers Laboratorium, Lac.be.gluc 0;kB	Copenhagen GP Laboratory (KPLL), Lac.be.gluc 0;kb	high	
1286	Københavns Praktiserende Lægers Laboratorium, Lac.be.gluc15;kB	Copenhagen GP Laboratory (KPLL), Lac.be.gluc15;kb	high	
1287	Københavns Praktiserende Lægers Laboratorium, Lac.be.gluc30;kB	Copenhagen GP Laboratory (KPLL), Lac.be.gluc30;kb	high	
1288	Københavns Praktiserende Lægers Laboratorium, Lac.be.gluc60;kB	Copenhagen GP Laboratory (KPLL), Lac.be.gluc60;kb	high	
1289	Københavns Praktiserende Lægers Laboratorium, Lac.be.glucose 45 mi	Copenhagen GP Laboratory (KPLL), Lac.be.glucose 45 mi	high	
1290	Københavns Praktiserende Lægers Laboratorium, Lac.be.glucose 75 mi	Copenhagen GP Laboratory (KPLL), Lac.be.glucose 75 mi	high	
1291	Københavns Praktiserende Lægers Laboratorium, Lactalbum. IgE;P	Copenhagen GP Laboratory (KPLL), Lactalbum. ige;p	low	Y
1292	Københavns Praktiserende Lægers Laboratorium, Lactoglobu. IgE;P	Copenhagen GP Laboratory (KPLL), Lactoglobu. ige;p	low	Y
1293	Københavns Praktiserende Lægers Laboratorium, Lactosebelastn.	Copenhagen GP Laboratory (KPLL), Lactosebelastn.	low	Y
1294	Københavns Praktiserende Lægers Laboratorium, Laks IgE;P	Copenhagen GP Laboratory (KPLL), Laks ige;p	high	
1295	Københavns Praktiserende Lægers Laboratorium, Lamotrigin;P	Copenhagen GP Laboratory (KPLL), Lamotrigin;p	high	
1296	Københavns Praktiserende Lægers Laboratorium, Latex IgE;P	Copenhagen GP Laboratory (KPLL), Latex ige;p	high	
1297	Københavns Praktiserende Lægers Laboratorium, Legionella Ab	Copenhagen GP Laboratory (KPLL), Legionella ab	low	Y
1298	Københavns Praktiserende Lægers Laboratorium, Lep.destr. IgE;P	Copenhagen GP Laboratory (KPLL), Lep.destr. ige;p	high	
1299	Københavns Praktiserende Lægers Laboratorium, Leukocytter;B	Copenhagen GP Laboratory (KPLL), Leukocytter;b	high	
1300	Københavns Praktiserende Lægers Laboratorium, Leukocytter;U	Copenhagen GP Laboratory (KPLL), Leukocytter;u	high	
1301	Københavns Praktiserende Lægers Laboratorium, Levetiracetam;P	Copenhagen GP Laboratory (KPLL), Levetiracetam;p	high	
1302	Københavns Praktiserende Lægers Laboratorium, Lipider 3 dg;F	Copenhagen GP Laboratory (KPLL), Lipider 3 dg;f	high	
1303	Københavns Praktiserende Lægers Laboratorium, Lipoprotein(a);P	Copenhagen GP Laboratory (KPLL), Lipoprotein(a);p	high	
1304	Københavns Praktiserende Lægers Laboratorium, Lithium;P	Copenhagen GP Laboratory (KPLL), Lithium;p	high	
1305	Københavns Praktiserende Lægers Laboratorium, Lungef.e.steroid	Copenhagen GP Laboratory (KPLL), Lungef.e.steroid	high	
1306	Københavns Praktiserende Lægers Laboratorium, Lungef.f/e bron.	Copenhagen GP Laboratory (KPLL), Lungef.f/e bron.	low	Y
1307	Københavns Praktiserende Lægers Laboratorium, Lungef uden bron	Copenhagen GP Laboratory (KPLL), Lungef without bron	high	
1308	Københavns Praktiserende Lægers Laboratorium, Lupus AK;P	Copenhagen GP Laboratory (KPLL), Lupus ak;p	high	
1309	Københavns Praktiserende Lægers Laboratorium, Lymfocytter;B	Copenhagen GP Laboratory (KPLL), Lymfocytter;b	high	
1310	Københavns Praktiserende Lægers Laboratorium, Lymfogr.ven. Ab	Copenhagen GP Laboratory (KPLL), Lymfogr.ven. ab	low	Y
1311	Københavns Praktiserende Lægers Laboratorium, Løg IgE;P	Copenhagen GP Laboratory (KPLL), Løg ige;p	low	Y
1312	Københavns Praktiserende Lægers Laboratorium, M'lk, kogt IgE;P	Copenhagen GP Laboratory (KPLL), M'lk, kogt ige;p	high	
1313	Københavns Praktiserende Lægers Laboratorium, M-komp.type;P	Copenhagen GP Laboratory (KPLL), M-komp.type;p	high	
1314	Københavns Praktiserende Lægers Laboratorium, M-komponent;P	Copenhagen GP Laboratory (KPLL), M-komponent;p	high	
1315	Københavns Praktiserende Lægers Laboratorium, MCH;B	Copenhagen GP Laboratory (KPLL), Mch;b	high	
1316	Københavns Praktiserende Lægers Laboratorium, MCHC;B	Copenhagen GP Laboratory (KPLL), Mchc;b	high	
1317	Københavns Praktiserende Lægers Laboratorium, MCV;B	Copenhagen GP Laboratory (KPLL), Mcv;b	high	
1318	Københavns Praktiserende Lægers Laboratorium, Magnesium;P	Copenhagen GP Laboratory (KPLL), Magnesium;p	high	
1319	Københavns Praktiserende Lægers Laboratorium, Magnesium;dU	Copenhagen GP Laboratory (KPLL), Magnesium;du	high	
1320	Københavns Praktiserende Lægers Laboratorium, Majs IgE;P	Copenhagen GP Laboratory (KPLL), Majs ige;p	high	
1321	Københavns Praktiserende Lægers Laboratorium, Malaria antistof	Copenhagen GP Laboratory (KPLL), Malaria antibody	high	
1322	Københavns Praktiserende Lægers Laboratorium, Malariaparas	Copenhagen GP Laboratory (KPLL), Malariaparas	high	
1323	Københavns Praktiserende Lægers Laboratorium, Malassezia IgE;P	Copenhagen GP Laboratory (KPLL), Malassezia ige;p	high	
1324	Københavns Praktiserende Lægers Laboratorium, Mandel IgE;P	Copenhagen GP Laboratory (KPLL), Mandel ige;p	high	
1325	Københavns Praktiserende Lægers Laboratorium, Mannan.b.lek. Ab	Copenhagen GP Laboratory (KPLL), Mannan.b.lek. ab	low	Y
1326	Københavns Praktiserende Lægers Laboratorium, Marsvin IgE;P	Copenhagen GP Laboratory (KPLL), Marsvin ige;p	high	
1327	Københavns Praktiserende Lægers Laboratorium, Melon IgE;P	Copenhagen GP Laboratory (KPLL), Melon ige;p	high	
1328	Københavns Praktiserende Lægers Laboratorium, Metamyelocyt.;B	Copenhagen GP Laboratory (KPLL), Metamyelocyt.;b	low	Y
1329	Københavns Praktiserende Lægers Laboratorium, Metanephriner;P	Copenhagen GP Laboratory (KPLL), Metanephriner;p	high	
1330	Københavns Praktiserende Lægers Laboratorium, Methotrexat;P	Copenhagen GP Laboratory (KPLL), Methotrexat;p	high	
1331	Københavns Praktiserende Lægers Laboratorium, Methylmalonat;P	Copenhagen GP Laboratory (KPLL), Methylmalonat;p	high	
1332	Københavns Praktiserende Lægers Laboratorium, Metylketoner;U	Copenhagen GP Laboratory (KPLL), Metylketoner;u	high	
1333	Københavns Praktiserende Lægers Laboratorium, Mikroalbumin	Copenhagen GP Laboratory (KPLL), Mikroalbumin	high	
1334	Københavns Praktiserende Lægers Laboratorium, Mitokondrie Ab	Copenhagen GP Laboratory (KPLL), Mitokondrie ab	low	Y
1335	Københavns Praktiserende Lægers Laboratorium, Monocyter;B	Copenhagen GP Laboratory (KPLL), Monocyter;b	high	
1336	Københavns Praktiserende Lægers Laboratorium, Mononu. IgM:akut	Copenhagen GP Laboratory (KPLL), Mononu. igm:acute	low	Y
1337	Københavns Praktiserende Lægers Laboratorium, Mononu.test IgG	Copenhagen GP Laboratory (KPLL), Mononu.test igg	high	
1338	Københavns Praktiserende Lægers Laboratorium, Mononuc Ab 0-1;P	Copenhagen GP Laboratory (KPLL), Mononuc ab 0-1;p	low	Y
1339	Københavns Praktiserende Lægers Laboratorium, Mononucl til (P-B)	Copenhagen GP Laboratory (KPLL), Mononucl to (p-b)	high	
1340	Københavns Praktiserende Lægers Laboratorium, Mononucleo. test	Copenhagen GP Laboratory (KPLL), Mononucleo. test	low	Y
1341	Københavns Praktiserende Lægers Laboratorium, Mononucleose,EBV	Copenhagen GP Laboratory (KPLL), Mononucleose,ebv	high	
1342	Københavns Praktiserende Lægers Laboratorium, Morbilli Ab	Copenhagen GP Laboratory (KPLL), Morbilli ab	low	Y
1343	Københavns Praktiserende Lægers Laboratorium, Mucor rac. IgE;P	Copenhagen GP Laboratory (KPLL), Mucor rac. ige;p	low	Y
1344	Københavns Praktiserende Lægers Laboratorium, Mus IgE;P	Copenhagen GP Laboratory (KPLL), Mus ige;p	high	
1345	Københavns Praktiserende Lægers Laboratorium, Muskelantistof	Copenhagen GP Laboratory (KPLL), Muskelantistof	high	
1346	Københavns Praktiserende Lægers Laboratorium, Mycop.pneu.MPKAT	Copenhagen GP Laboratory (KPLL), Mycop.pneu.mpkat	high	
1347	Københavns Praktiserende Lægers Laboratorium, Myelocytter;B	Copenhagen GP Laboratory (KPLL), Myelocytter;b	high	
1348	Københavns Praktiserende Lægers Laboratorium, Myg IgE;P	Copenhagen GP Laboratory (KPLL), Myg ige;p	high	
1349	Københavns Praktiserende Lægers Laboratorium, Myoglobin;P	Copenhagen GP Laboratory (KPLL), Myoglobin;p	high	
1350	Københavns Praktiserende Lægers Laboratorium, Narkot.-screen;U	Copenhagen GP Laboratory (KPLL), Narkot.-screen;u	high	
1351	Københavns Praktiserende Lægers Laboratorium, Natrium;P	Copenhagen GP Laboratory (KPLL), Natrium;p	high	
1352	Københavns Praktiserende Lægers Laboratorium, Neut.segmentk.;B	Copenhagen GP Laboratory (KPLL), Neut.segmentk.;b	high	
1353	Københavns Praktiserende Lægers Laboratorium, Neut.stavkern.;B	Copenhagen GP Laboratory (KPLL), Neut.stavkern.;b	high	
1354	Københavns Praktiserende Lægers Laboratorium, Neutrofilocyt.;B	Copenhagen GP Laboratory (KPLL), Neutrofilocyt.;b	low	Y
1355	Københavns Praktiserende Lægers Laboratorium, Nitrit;U	Copenhagen GP Laboratory (KPLL), Nitrit;u	high	
1356	Københavns Praktiserende Lægers Laboratorium, Noradrenalin;dU	Copenhagen GP Laboratory (KPLL), Noradrenalin;du	high	
1357	Københavns Praktiserende Lægers Laboratorium, Normetanephrin;P	Copenhagen GP Laboratory (KPLL), Normetanephrin;p	high	
1358	Københavns Praktiserende Lægers Laboratorium, Nortriptylin;P	Copenhagen GP Laboratory (KPLL), Nortriptylin;p	high	
1359	Københavns Praktiserende Lægers Laboratorium, Nøddepanel IgE;P	Copenhagen GP Laboratory (KPLL), Nøddepanel ige;p	low	Y
1360	Københavns Praktiserende Lægers Laboratorium, O2 sat.;B	Copenhagen GP Laboratory (KPLL), O2 sat.;b	low	Y
1361	Københavns Praktiserende Lægers Laboratorium, Oksekød IgE;P	Copenhagen GP Laboratory (KPLL), Oksekød ige;p	low	Y
1362	Københavns Praktiserende Lægers Laboratorium, Ornitose - Ab	Copenhagen GP Laboratory (KPLL), Ornitose - ab	low	Y
1363	Københavns Praktiserende Lægers Laboratorium, Orosomucoid;P	Copenhagen GP Laboratory (KPLL), Orosomucoid;p	high	
1364	Københavns Praktiserende Lægers Laboratorium, Osmolalitet;P	Copenhagen GP Laboratory (KPLL), Osmolalitet;p	high	
1365	Københavns Praktiserende Lægers Laboratorium, Osmolalitet;U	Copenhagen GP Laboratory (KPLL), Osmolalitet;u	high	
1366	Københavns Praktiserende Lægers Laboratorium, Osteocalcin;P	Copenhagen GP Laboratory (KPLL), Osteocalcin;p	high	
1367	Københavns Praktiserende Lægers Laboratorium, Osteoporoseprofil,	Copenhagen GP Laboratory (KPLL), Osteoporoseprofil,	high	
1368	Københavns Praktiserende Lægers Laboratorium, Oxcarbazepin;P	Copenhagen GP Laboratory (KPLL), Oxcarbazepin;p	high	
1369	Københavns Praktiserende Lægers Laboratorium, Oxyuris'g,anal;F	Copenhagen GP Laboratory (KPLL), Oxyuris'g,anal;f	high	
1370	Københavns Praktiserende Lægers Laboratorium, P-Hemoglo.frit;P	Copenhagen GP Laboratory (KPLL), P-hemoglo.frit;p	high	
1371	Københavns Praktiserende Lægers Laboratorium, PKU test (baby)	Copenhagen GP Laboratory (KPLL), Pku test (baby)	high	
1372	Københavns Praktiserende Lægers Laboratorium, PSA-Ratio;P	Copenhagen GP Laboratory (KPLL), Psa-ratio;p	high	
1373	Københavns Praktiserende Lægers Laboratorium, PSA;P	Copenhagen GP Laboratory (KPLL), Psa;p	high	
1374	Københavns Praktiserende Lægers Laboratorium, PTH,Paratyrin;P	Copenhagen GP Laboratory (KPLL), Pth,paratyrin;p	high	
1375	Københavns Praktiserende Lægers Laboratorium, Papeg.fjer IgE;P	Copenhagen GP Laboratory (KPLL), Papeg.fjer ige;p	high	
1376	Københavns Praktiserende Lægers Laboratorium, Papirhveps IgE;P	Copenhagen GP Laboratory (KPLL), Papirhveps ige;p	high	
1377	Københavns Praktiserende Lægers Laboratorium, Paranød IgE;P	Copenhagen GP Laboratory (KPLL), Paranød ige;p	low	Y
1378	Københavns Praktiserende Lægers Laboratorium, Parasit-antistof	Copenhagen GP Laboratory (KPLL), Parasit-antibody	high	
1379	Københavns Praktiserende Lægers Laboratorium, Parasitmik.	Copenhagen GP Laboratory (KPLL), Parasitmik.	low	Y
1380	Københavns Praktiserende Lægers Laboratorium, Parietalcel. Ab	Copenhagen GP Laboratory (KPLL), Parietalcel. ab	low	Y
1381	Københavns Praktiserende Lægers Laboratorium, Parotit. Ab	Copenhagen GP Laboratory (KPLL), Parotit. ab	low	Y
1382	Københavns Praktiserende Lægers Laboratorium, Parvo.B19 Ab	Copenhagen GP Laboratory (KPLL), Parvo.b19 ab	low	Y
1383	Københavns Praktiserende Lægers Laboratorium, Patog bakteriologisk	Copenhagen GP Laboratory (KPLL), Patog bacteriological	high	
1384	Københavns Praktiserende Lægers Laboratorium, Peak flow måling	Copenhagen GP Laboratory (KPLL), Peak flow measurement	high	
1385	Københavns Praktiserende Lægers Laboratorium, Peber ,grøn  IgE;P	Copenhagen GP Laboratory (KPLL), Peber ,green ige;p	high	
1386	Københavns Praktiserende Lægers Laboratorium, Peberfrugt IgE;P	Copenhagen GP Laboratory (KPLL), Peberfrugt ige;p	high	
1387	Københavns Praktiserende Lægers Laboratorium, Pecannød IgE;P	Copenhagen GP Laboratory (KPLL), Pecannød ige;p	low	Y
1388	Københavns Praktiserende Lægers Laboratorium, Penicil G IgE;P	Copenhagen GP Laboratory (KPLL), Penicil g ige;p	high	
1389	Københavns Praktiserende Lægers Laboratorium, Penicil V IgE;P	Copenhagen GP Laboratory (KPLL), Penicil v ige;p	high	
1390	Københavns Praktiserende Lægers Laboratorium, Penicil sp IgE;P	Copenhagen GP Laboratory (KPLL), Penicil sp ige;p	high	
1391	Københavns Praktiserende Lægers Laboratorium, Penicill n.IgE;P	Copenhagen GP Laboratory (KPLL), Penicill n.ige;p	high	
1392	Københavns Praktiserende Lægers Laboratorium, Perphenazin;P	Copenhagen GP Laboratory (KPLL), Perphenazin;p	high	
1393	Københavns Praktiserende Lægers Laboratorium, Phadiatopscreen	Copenhagen GP Laboratory (KPLL), Phadiatopscreen	high	
1394	Københavns Praktiserende Lægers Laboratorium, Phoma bet.IgE;P	Copenhagen GP Laboratory (KPLL), Phoma bet.ige;p	high	
1395	Københavns Praktiserende Lægers Laboratorium, Pil IgE;P	Copenhagen GP Laboratory (KPLL), Pil ige;p	high	
1396	Københavns Praktiserende Lægers Laboratorium, Pistacie IgE;P	Copenhagen GP Laboratory (KPLL), Pistacie ige;p	high	
1397	Københavns Praktiserende Lægers Laboratorium, Pityrosp og IgE;P	Copenhagen GP Laboratory (KPLL), Pityrosp and ige;p	high	
1398	Københavns Praktiserende Lægers Laboratorium, Plasmocytter;B	Copenhagen GP Laboratory (KPLL), Plasmocytter;b	high	
1399	Københavns Praktiserende Lægers Laboratorium, Pneumokok Ab	Copenhagen GP Laboratory (KPLL), Pneumokok ab	low	Y
1400	Københavns Praktiserende Lægers Laboratorium, Pol+skim IgE;P	Copenhagen GP Laboratory (KPLL), Pol+skim ige;p	high	
1401	Københavns Praktiserende Lægers Laboratorium, Porphyriner,fr;U	Copenhagen GP Laboratory (KPLL), Porphyriner,fr;u	high	
1402	Københavns Praktiserende Lægers Laboratorium, Porphyriner;U	Copenhagen GP Laboratory (KPLL), Porphyriner;u	high	
1403	Københavns Praktiserende Lægers Laboratorium, Priktest, spec.	Copenhagen GP Laboratory (KPLL), Priktest, specialty.	low	Y
1404	Københavns Praktiserende Lægers Laboratorium, Priktest, stand.	Copenhagen GP Laboratory (KPLL), Priktest, stand.	low	Y
1405	Københavns Praktiserende Lægers Laboratorium, Primidon;P	Copenhagen GP Laboratory (KPLL), Primidon;p	high	
1406	Københavns Praktiserende Lægers Laboratorium, Pro-BNP;P	Copenhagen GP Laboratory (KPLL), Pro-bnp;p	high	
1407	Københavns Praktiserende Lægers Laboratorium, Pro-Coll.III-P;P	Copenhagen GP Laboratory (KPLL), Pro-coll.iii-p;p	high	
1408	Københavns Praktiserende Lægers Laboratorium, Progesteron;P	Copenhagen GP Laboratory (KPLL), Progesteron;p	high	
1409	Københavns Praktiserende Lægers Laboratorium, Proinsulin;P	Copenhagen GP Laboratory (KPLL), Proinsulin;p	high	
1410	Københavns Praktiserende Lægers Laboratorium, Projekt Mor-Barn	Copenhagen GP Laboratory (KPLL), Projekt mor-child	high	
1411	Københavns Praktiserende Lægers Laboratorium, Prolactin;P	Copenhagen GP Laboratory (KPLL), Prolactin;p	high	
1412	Københavns Praktiserende Lægers Laboratorium, Promyelocytter;B	Copenhagen GP Laboratory (KPLL), Promyelocytter;b	high	
1413	Københavns Praktiserende Lægers Laboratorium, Prostata specifik anæstesi	Copenhagen GP Laboratory (KPLL), Prostata specifik anaesthesia	high	
1414	Københavns Praktiserende Lægers Laboratorium, ProtS,Ag frit;P	Copenhagen GP Laboratory (KPLL), Prots,ag frit;p	high	
1415	Københavns Praktiserende Lægers Laboratorium, Protein C antig.	Copenhagen GP Laboratory (KPLL), Protein c antig.	low	Y
1416	Københavns Praktiserende Lægers Laboratorium, Protein(fr.elfo)	Copenhagen GP Laboratory (KPLL), Protein(fr.elfo)	high	
1417	Københavns Praktiserende Lægers Laboratorium, Protein(stix);U	Copenhagen GP Laboratory (KPLL), Protein(stix);u	high	
1418	Københavns Praktiserende Lægers Laboratorium, Protein-C,akt;P	Copenhagen GP Laboratory (KPLL), Protein-c,akt;p	high	
1419	Københavns Praktiserende Lægers Laboratorium, Protein:P	Copenhagen GP Laboratory (KPLL), Protein:p	high	
1420	Københavns Praktiserende Lægers Laboratorium, Præc.Ab x 1;P	Copenhagen GP Laboratory (KPLL), Præc.ab x 1;p	low	Y
1421	Københavns Praktiserende Lægers Laboratorium, Præc.Ab x 2;P	Copenhagen GP Laboratory (KPLL), Præc.ab x 2;p	low	Y
1422	Københavns Praktiserende Lægers Laboratorium, Præc.Ab x 3;P	Copenhagen GP Laboratory (KPLL), Præc.ab x 3;p	low	Y
1423	Københavns Praktiserende Lægers Laboratorium, Præc.Ab x 4;P	Copenhagen GP Laboratory (KPLL), Præc.ab x 4;p	low	Y
1424	Københavns Praktiserende Lægers Laboratorium, Prøvetagn. eget hjem	Copenhagen GP Laboratory (KPLL), Prøvetagn. eget home	low	Y
1425	Københavns Praktiserende Lægers Laboratorium, Prøvetagn. plejehjem	Copenhagen GP Laboratory (KPLL), Prøvetagn. plejehjem	low	Y
1426	Københavns Praktiserende Lægers Laboratorium, Pære IgE;P	Copenhagen GP Laboratory (KPLL), Pære ige;p	low	Y
1427	Københavns Praktiserende Lægers Laboratorium, Quetiapin;P	Copenhagen GP Laboratory (KPLL), Quetiapin;p	high	
1428	Københavns Praktiserende Lægers Laboratorium, Ragweed,(f)IgE;P	Copenhagen GP Laboratory (KPLL), Ragweed,(f)ige;p	high	
1429	Københavns Praktiserende Lægers Laboratorium, Rajgræs IgE;P	Copenhagen GP Laboratory (KPLL), Rajgræs ige;p	low	Y
1430	Københavns Praktiserende Lægers Laboratorium, Reje IgE;P	Copenhagen GP Laboratory (KPLL), Reje ige;p	high	
1431	Københavns Praktiserende Lægers Laboratorium, Renin;P	Copenhagen GP Laboratory (KPLL), Renin;p	high	
1432	Københavns Praktiserende Lægers Laboratorium, Retic-MCH;B	Copenhagen GP Laboratory (KPLL), Retic-mch;b	high	
1433	Københavns Praktiserende Lægers Laboratorium, Reticulocytter	Copenhagen GP Laboratory (KPLL), Reticulocytter	high	
1434	Københavns Praktiserende Lægers Laboratorium, Retikulin	Copenhagen GP Laboratory (KPLL), Retikulin	high	
1435	Københavns Praktiserende Lægers Laboratorium, Retikulocyt.fr.;	Copenhagen GP Laboratory (KPLL), Retikulocyt.fr.;	high	
1436	Københavns Praktiserende Lægers Laboratorium, Retikulocytter;B	Copenhagen GP Laboratory (KPLL), Retikulocytter;b	high	
1437	Københavns Praktiserende Lægers Laboratorium, Rhesu Ab uge 35	Copenhagen GP Laboratory (KPLL), Rhesu ab uge 35	low	Y
1438	Københavns Praktiserende Lægers Laboratorium, Rhesus Ab uge 35	Copenhagen GP Laboratory (KPLL), Rhesus ab uge 35	low	Y
1439	Københavns Praktiserende Lægers Laboratorium, Rheumafaktor;P	Copenhagen GP Laboratory (KPLL), Rheumafaktor;p	high	
1440	Københavns Praktiserende Lægers Laboratorium, Rhizopus n.IgE;P	Copenhagen GP Laboratory (KPLL), Rhizopus n.ige;p	high	
1441	Københavns Praktiserende Lægers Laboratorium, Ris IgE;P	Copenhagen GP Laboratory (KPLL), Ris ige;p	high	
1442	Københavns Praktiserende Lægers Laboratorium, Risperidon;P	Copenhagen GP Laboratory (KPLL), Risperidon;p	high	
1443	Københavns Praktiserende Lægers Laboratorium, Rotte IgE;P	Copenhagen GP Laboratory (KPLL), Rotte ige;p	high	
1444	Københavns Praktiserende Lægers Laboratorium, Rubel. IgG+IgM;P	Copenhagen GP Laboratory (KPLL), Rubel. igg+igm;p	low	Y
1445	Københavns Praktiserende Lægers Laboratorium, Rubella IgG;P	Copenhagen GP Laboratory (KPLL), Rubella igg;p	high	
1446	Københavns Praktiserende Lægers Laboratorium, Rubella-Ab SSI;P	Copenhagen GP Laboratory (KPLL), Rubella-ab ssi;p	high	
1447	Københavns Praktiserende Lægers Laboratorium, Rug IgE;P	Copenhagen GP Laboratory (KPLL), Rug ige;p	high	
1448	Københavns Praktiserende Lægers Laboratorium, Rug,inh.IgE;P	Copenhagen GP Laboratory (KPLL), Rug,inh.ige;p	high	
1449	Københavns Praktiserende Lægers Laboratorium, Rødgran IgE;P	Copenhagen GP Laboratory (KPLL), Rødgran ige;p	low	Y
1450	Københavns Praktiserende Lægers Laboratorium, SR;B	Copenhagen GP Laboratory (KPLL), Sr;b	high	
1451	Københavns Praktiserende Lægers Laboratorium, SSI div undersøgelse	Copenhagen GP Laboratory (KPLL), Ssi div examination	low	Y
1452	Københavns Praktiserende Lægers Laboratorium, SSI diverse undersøgelse 1	Copenhagen GP Laboratory (KPLL), Ssi various examination 1	high	
1453	Københavns Praktiserende Lægers Laboratorium, Salmonella Ab;P	Copenhagen GP Laboratory (KPLL), Salmonella ab;p	low	Y
1454	Københavns Praktiserende Lægers Laboratorium, Schistosoma Ab	Copenhagen GP Laboratory (KPLL), Schistosoma ab	low	Y
1455	Københavns Praktiserende Lægers Laboratorium, Selen;P	Copenhagen GP Laboratory (KPLL), Selen;p	high	
1456	Københavns Praktiserende Lægers Laboratorium, Sesamfrø IgE;P	Copenhagen GP Laboratory (KPLL), Sesamfrø ige;p	low	Y
1457	Københavns Praktiserende Lægers Laboratorium, Sj>grensynd.Ab;P	Copenhagen GP Laboratory (KPLL), Sj>grensynd.ab;p	high	
1458	Københavns Praktiserende Lægers Laboratorium, Skim.Svamp IgE;P	Copenhagen GP Laboratory (KPLL), Skim.svamp ige;p	high	
1459	Københavns Praktiserende Lægers Laboratorium, Skimmelost IgE;P	Copenhagen GP Laboratory (KPLL), Skimmelost ige;p	high	
1460	Københavns Praktiserende Lægers Laboratorium, Somatom. IGFBP3	Copenhagen GP Laboratory (KPLL), Somatom. igfbp3	low	Y
1461	Københavns Praktiserende Lægers Laboratorium, Somatomed.C,IGF1	Copenhagen GP Laboratory (KPLL), Somatomed.c,igf1	high	
1462	Københavns Praktiserende Lægers Laboratorium, Soyabønne IgE;P	Copenhagen GP Laboratory (KPLL), Soyabønne ige;p	low	Y
1463	Københavns Praktiserende Lægers Laboratorium, Spec.hæmatologi	Copenhagen GP Laboratory (KPLL), Specialty.hæmatologi	low	Y
1464	Københavns Praktiserende Lægers Laboratorium, Sperma Ab;SemP	Copenhagen GP Laboratory (KPLL), Sperma ab;semp	low	Y
1465	Københavns Praktiserende Lægers Laboratorium, Sperma-Ab;P	Copenhagen GP Laboratory (KPLL), Sperma-ab;p	high	
1466	Københavns Praktiserende Lægers Laboratorium, Spermaus.e.ster.	Copenhagen GP Laboratory (KPLL), Spermaus.e.ster.	high	
1467	Københavns Praktiserende Lægers Laboratorium, Spermaus.fertil.	Copenhagen GP Laboratory (KPLL), Spermaus.fertil.	high	
1468	Københavns Praktiserende Lægers Laboratorium, Spytkirtel-as	Copenhagen GP Laboratory (KPLL), Spytkirtel-as	high	
1469	Københavns Praktiserende Lægers Laboratorium, Stamceller;B	Copenhagen GP Laboratory (KPLL), Stamceller;b	high	
1470	Københavns Praktiserende Lægers Laboratorium, Start h'molyse	Copenhagen GP Laboratory (KPLL), Start h'molyse	high	
1471	Københavns Praktiserende Lægers Laboratorium, Strachyb.a IgE;P	Copenhagen GP Laboratory (KPLL), Strachyb.a ige;p	high	
1472	Københavns Praktiserende Lægers Laboratorium, Streptoc. Ab	Copenhagen GP Laboratory (KPLL), Streptoc. ab	low	Y
1473	Københavns Praktiserende Lægers Laboratorium, Suppl.-dU-5-HIAA	Copenhagen GP Laboratory (KPLL), Suppl.-du-5-hiaa	high	
1474	Københavns Praktiserende Lægers Laboratorium, Svam(mx2) IgE;P	Copenhagen GP Laboratory (KPLL), Svam(mx2) ige;p	high	
1475	Københavns Praktiserende Lægers Laboratorium, Svedtest,ledningsevn	Copenhagen GP Laboratory (KPLL), Svedtest,ledningsevn	high	
1476	Københavns Praktiserende Lægers Laboratorium, Svinekød IgE;P	Copenhagen GP Laboratory (KPLL), Svinekød ige;p	low	Y
1477	Københavns Praktiserende Lægers Laboratorium, Syfil.screen	Copenhagen GP Laboratory (KPLL), Syfil.screen	high	
1478	Københavns Praktiserende Lægers Laboratorium, Syfilistest for grav	Copenhagen GP Laboratory (KPLL), Syfilistest for grav	high	
1479	Københavns Praktiserende Lægers Laboratorium, Syre-base(Kapil)	Copenhagen GP Laboratory (KPLL), Syre-base(kapil)	high	
1480	Københavns Praktiserende Lægers Laboratorium, T-3, reverse	Copenhagen GP Laboratory (KPLL), T-3, reverse	high	
1481	Københavns Praktiserende Lægers Laboratorium, T3 reaktion;P	Copenhagen GP Laboratory (KPLL), T3 reaktion;p	high	
1482	Københavns Praktiserende Lægers Laboratorium, T3,frit;P	Copenhagen GP Laboratory (KPLL), T3,frit;p	high	
1483	Københavns Praktiserende Lægers Laboratorium, T3,total;P	Copenhagen GP Laboratory (KPLL), T3,total;p	high	
1484	Københavns Praktiserende Lægers Laboratorium, T4,frit;P	Copenhagen GP Laboratory (KPLL), T4,frit;p	high	
1485	Københavns Praktiserende Lægers Laboratorium, T4,total;P	Copenhagen GP Laboratory (KPLL), T4,total;p	high	
1486	Københavns Praktiserende Lægers Laboratorium, T4-bind.glob.;P	Copenhagen GP Laboratory (KPLL), T4-bind.glob.;p	high	
1487	Københavns Praktiserende Lægers Laboratorium, TBE virus Ab	Copenhagen GP Laboratory (KPLL), Tbe virus ab	low	Y
1488	Københavns Praktiserende Lægers Laboratorium, TPO-Ab;P	Copenhagen GP Laboratory (KPLL), Tpo-ab;p	high	
1489	Københavns Praktiserende Lægers Laboratorium, TSH recept. Ab;P	Copenhagen GP Laboratory (KPLL), Tsh recept. ab;p	low	Y
1490	Københavns Praktiserende Lægers Laboratorium, TSH; P	Copenhagen GP Laboratory (KPLL), Tsh; p	high	
1491	Københavns Praktiserende Lægers Laboratorium, Teofyllin;P	Copenhagen GP Laboratory (KPLL), Teofyllin;p	high	
1492	Københavns Praktiserende Lægers Laboratorium, Testoster.frit;P	Copenhagen GP Laboratory (KPLL), Testoster.frit;p	high	
1493	Københavns Praktiserende Lægers Laboratorium, Testosteron;P	Copenhagen GP Laboratory (KPLL), Testosteron;p	high	
1494	Københavns Praktiserende Lægers Laboratorium, Tetanustox. Ab;P	Copenhagen GP Laboratory (KPLL), Tetanustox. ab;p	low	Y
1495	Københavns Praktiserende Lægers Laboratorium, Thalass'miindeks	Copenhagen GP Laboratory (KPLL), Thalass'miindeks	high	
1496	Københavns Praktiserende Lægers Laboratorium, Thyreoglobulin;P	Copenhagen GP Laboratory (KPLL), Thyreoglobulin;p	high	
1497	Københavns Praktiserende Lægers Laboratorium, Tomat IgE;P	Copenhagen GP Laboratory (KPLL), Tomat ige;p	high	
1498	Københavns Praktiserende Lægers Laboratorium, Topiramat;P	Copenhagen GP Laboratory (KPLL), Topiramat;p	high	
1499	Københavns Praktiserende Lægers Laboratorium, Torsk IgE;P	Copenhagen GP Laboratory (KPLL), Torsk ige;p	high	
1500	Københavns Praktiserende Lægers Laboratorium, Total h'molyse	Copenhagen GP Laboratory (KPLL), Total h'molyse	high	
1501	Københavns Praktiserende Lægers Laboratorium, Toxoplas. Ab	Copenhagen GP Laboratory (KPLL), Toxoplas. ab	low	Y
1502	Københavns Praktiserende Lægers Laboratorium, Tr'er  tx9  IgE;P	Copenhagen GP Laboratory (KPLL), Tr'er tx9 ige;p	high	
1503	Københavns Praktiserende Lægers Laboratorium, Tr'er tx1 IgE;P	Copenhagen GP Laboratory (KPLL), Tr'er tx1 ige;p	high	
1504	Københavns Praktiserende Lægers Laboratorium, Tr'er tx5 IgE;P	Copenhagen GP Laboratory (KPLL), Tr'er tx5 ige;p	high	
1505	Københavns Praktiserende Lægers Laboratorium, Tr'er tx6 IgE;P	Copenhagen GP Laboratory (KPLL), Tr'er tx6 ige;p	high	
1506	Københavns Praktiserende Lægers Laboratorium, Transferrin;P	Copenhagen GP Laboratory (KPLL), Transferrin;p	high	
1507	Københavns Praktiserende Lægers Laboratorium, Trich.viri.IgE;P	Copenhagen GP Laboratory (KPLL), Trich.viri.ige;p	high	
1508	Københavns Praktiserende Lægers Laboratorium, Trichomonas;U	Copenhagen GP Laboratory (KPLL), Trichomonas;u	high	
1509	Københavns Praktiserende Lægers Laboratorium, Triglycerid;P	Copenhagen GP Laboratory (KPLL), Triglycerid;p	high	
1510	Københavns Praktiserende Lægers Laboratorium, Tripletest,grav.	Copenhagen GP Laboratory (KPLL), Tripletest,grav.	low	Y
1511	Københavns Praktiserende Lægers Laboratorium, Trombocytter;B	Copenhagen GP Laboratory (KPLL), Trombocytter;b	high	
1512	Københavns Praktiserende Lægers Laboratorium, Trombofiliudred.	Copenhagen GP Laboratory (KPLL), Trombofiliudred.	low	Y
1513	Københavns Praktiserende Lægers Laboratorium, Troponin I;P	Copenhagen GP Laboratory (KPLL), Troponin in;p	high	
1514	Københavns Praktiserende Lægers Laboratorium, Troponin T;P     (EK	Copenhagen GP Laboratory (KPLL), Troponin t;p (ek	high	
1515	Københavns Praktiserende Lægers Laboratorium, Tryptase;P	Copenhagen GP Laboratory (KPLL), Tryptase;p	high	
1516	Københavns Praktiserende Lægers Laboratorium, Tunfisk IgE;P	Copenhagen GP Laboratory (KPLL), Tunfisk ige;p	low	Y
1517	Københavns Praktiserende Lægers Laboratorium, Tyroph.put.IgE;P	Copenhagen GP Laboratory (KPLL), Tyroph.put.ige;p	high	
1518	Københavns Praktiserende Lægers Laboratorium, U-Albumin	Copenhagen GP Laboratory (KPLL), U-albumin	high	
1519	Københavns Praktiserende Lægers Laboratorium, U-Bence Jones undersøgelse	Copenhagen GP Laboratory (KPLL), U-bence jones examination	high	
1520	Københavns Praktiserende Lægers Laboratorium, U-Glucose	Copenhagen GP Laboratory (KPLL), U-glucose	high	
1521	Københavns Praktiserende Lægers Laboratorium, U-Glucose (tol.  0 med	Copenhagen GP Laboratory (KPLL), U-glucose (tol. 0 with	low	Y
1522	Københavns Praktiserende Lægers Laboratorium, U-Glucose (tol.120 med	Copenhagen GP Laboratory (KPLL), U-glucose (tol.120 with	high	
1523	Københavns Praktiserende Lægers Laboratorium, U-M-Komponent	Copenhagen GP Laboratory (KPLL), U-m-komponent	high	
1524	Københavns Praktiserende Lægers Laboratorium, U-Partik.(U-mik)	Copenhagen GP Laboratory (KPLL), U-partik.(u-mik)	high	
1525	Københavns Praktiserende Lægers Laboratorium, U-Protein	Copenhagen GP Laboratory (KPLL), U-protein	high	
1526	Københavns Praktiserende Lægers Laboratorium, U-creatininium	Copenhagen GP Laboratory (KPLL), U-creatininium	high	
1527	Københavns Praktiserende Lægers Laboratorium, Uklassificeret;B	Copenhagen GP Laboratory (KPLL), Uklassificeret;b	high	
1528	Københavns Praktiserende Lægers Laboratorium, Ulocl.char.IgE;P	Copenhagen GP Laboratory (KPLL), Ulocl.char.ige;p	high	
1529	Københavns Praktiserende Lægers Laboratorium, Undulat IgE;P	Copenhagen GP Laboratory (KPLL), Undulat ige;p	high	
1530	Københavns Praktiserende Lægers Laboratorium, Urat;P	Copenhagen GP Laboratory (KPLL), Urat;p	high	
1531	Københavns Praktiserende Lægers Laboratorium, Urin stix	Copenhagen GP Laboratory (KPLL), Urine stix	high	
1532	Københavns Praktiserende Lægers Laboratorium, Urinvejskonkrem.	Copenhagen GP Laboratory (KPLL), Urinvejskonkrem.	low	Y
1533	Københavns Praktiserende Lægers Laboratorium, VMA;dU	Copenhagen GP Laboratory (KPLL), Vma;du	high	
1534	Københavns Praktiserende Lægers Laboratorium, Valn>d IgE;P	Copenhagen GP Laboratory (KPLL), Valn>d ige;p	high	
1535	Københavns Praktiserende Lægers Laboratorium, Valnød IgE;P	Copenhagen GP Laboratory (KPLL), Valnød ige;p	low	Y
1536	Københavns Praktiserende Lægers Laboratorium, Valproat;P	Copenhagen GP Laboratory (KPLL), Valproat;p	high	
1537	Københavns Praktiserende Lægers Laboratorium, Varic.Zos Ab	Copenhagen GP Laboratory (KPLL), Varic.zos ab	low	Y
1538	Københavns Praktiserende Lægers Laboratorium, Vasopressin;P	Copenhagen GP Laboratory (KPLL), Vasopressin;p	high	
1539	Københavns Praktiserende Lægers Laboratorium, Venlapaxin;P	Copenhagen GP Laboratory (KPLL), Venlapaxin;p	high	
1540	Københavns Praktiserende Lægers Laboratorium, Vindrue IgE;P	Copenhagen GP Laboratory (KPLL), Vindrue ige;p	high	
1541	Københavns Praktiserende Lægers Laboratorium, Vitamin A;P	Copenhagen GP Laboratory (KPLL), Vitamin a;p	high	
1542	Københavns Praktiserende Lægers Laboratorium, Vitamin D 1,25;P	Copenhagen GP Laboratory (KPLL), Vitamin d 1,25;p	high	
1543	Københavns Praktiserende Lægers Laboratorium, Vitamin D;P	Copenhagen GP Laboratory (KPLL), Vitamin d;p	high	
1544	Københavns Praktiserende Lægers Laboratorium, Vitamin E;P	Copenhagen GP Laboratory (KPLL), Vitamin e;p	high	
1545	Københavns Praktiserende Lægers Laboratorium, Von Willebrand;P	Copenhagen GP Laboratory (KPLL), Von willebrand;p	high	
1546	Københavns Praktiserende Lægers Laboratorium, Væksthormon;P	Copenhagen GP Laboratory (KPLL), Væksthormon;p	low	Y
1547	Københavns Praktiserende Lægers Laboratorium, VævTr.Glut.IgA;P	Copenhagen GP Laboratory (KPLL), Vævtr.glut.iga;p	low	Y
1548	Københavns Praktiserende Lægers Laboratorium, VævTr.glut.IgG;P	Copenhagen GP Laboratory (KPLL), Vævtr.glut.igg;p	low	Y
1549	Københavns Praktiserende Lægers Laboratorium, Yersenia-as uden D G ?	Copenhagen GP Laboratory (KPLL), Yersenia-as without d g ?	high	
1550	Københavns Praktiserende Lægers Laboratorium, Yersinia Ab	Copenhagen GP Laboratory (KPLL), Yersinia ab	low	Y
1551	Københavns Praktiserende Lægers Laboratorium, Zink;P	Copenhagen GP Laboratory (KPLL), Zink;p	high	
1552	Københavns Praktiserende Lægers Laboratorium, Zuklopenthixol;P	Copenhagen GP Laboratory (KPLL), Zuklopenthixol;p	high	
1553	Københavns Praktiserende Lægers Laboratorium, _strogen-stat.;P	Copenhagen GP Laboratory (KPLL), _strogen-stat.;p	high	
1554	Københavns Praktiserende Lægers Laboratorium, dU-Katekolaminer	Copenhagen GP Laboratory (KPLL), Du-katekolaminer	high	
1555	Københavns Praktiserende Lægers Laboratorium, dU-Protein	Copenhagen GP Laboratory (KPLL), Du-protein	high	
1556	Københavns Praktiserende Lægers Laboratorium, e-hemoglobin, frakt.	Copenhagen GP Laboratory (KPLL), E-hemoglobin, frakt.	low	Y
1557	Københavns Praktiserende Lægers Laboratorium, pCO2;B	Copenhagen GP Laboratory (KPLL), Pco2;b	high	
1558	Københavns Praktiserende Lægers Laboratorium, pH;kB	Copenhagen GP Laboratory (KPLL), Ph;kb	high	
1559	Københavns Praktiserende Lægers Laboratorium, pO2;B	Copenhagen GP Laboratory (KPLL), Po2;b	high	
1560	Københavns Praktiserende Lægers Laboratorium, u-Osteoporoseprofil	Copenhagen GP Laboratory (KPLL), U-osteoporoseprofil	high	
1561	Københavns Praktiserende Lægers Laboratorium, ukendt	Copenhagen GP Laboratory (KPLL), Ukendt	high	
1562	Københavns Praktiserende Lægers Laboratorium, Æble IgE;P	Copenhagen GP Laboratory (KPLL), Æble ige;p	low	Y
1563	Københavns Praktiserende Lægers Laboratorium, Æggeblomme IgE;P	Copenhagen GP Laboratory (KPLL), Æggeblomme ige;p	low	Y
1564	Københavns Praktiserende Lægers Laboratorium, Æggehvide IgE;P	Copenhagen GP Laboratory (KPLL), Æggehvide ige;p	low	Y
1565	Københavns Praktiserende Lægers Laboratorium, Ært IgE;P	Copenhagen GP Laboratory (KPLL), Ært ige;p	low	Y
1566	Københavns Praktiserende Lægers Laboratorium, Ølgær IgE;P	Copenhagen GP Laboratory (KPLL), Ølgær ige;p	low	Y
1567	Medicinsk Laborator., Ingen tekst tilgængelig	Medical Laboratory, No text available	high	
1568	Medicinsk Laboratorium, 5-HYDROXYINDOLYLACET	Medical Laboratory, 5-hydroxyindolylacet	high	
1569	Medicinsk Laboratorium, ADRENALIN + NORADREN	Medical Laboratory, Adrenalin + noradren	high	
1570	Medicinsk Laboratorium, ALLERGENSPECIFIKT Ig	Medical Laboratory, Allergenspecifikt ig	high	
1571	Medicinsk Laboratorium, AMIODARON	Medical Laboratory, Amiodaron	high	
1572	Medicinsk Laboratorium, B-BLY	Medical Laboratory, B-bly	high	
1573	Medicinsk Laboratorium, B-HEMOGLOBIN (Fe)	Medical Laboratory, B-hemoglobin (fe)	high	
1574	Medicinsk Laboratorium, B-HEMOGLOBIN A1c	Medical Laboratory, B-hemoglobin a1c	high	
1575	Medicinsk Laboratorium, B-KVIKSØLV 12	Medical Laboratory, B-kviksølv 12	low	Y
1576	Medicinsk Laboratorium, B-KVIKSØLV 21	Medical Laboratory, B-kviksølv 21	low	Y
1577	Medicinsk Laboratorium, B-MANGAN  Mn  12	Medical Laboratory, B-mangan mn 12	high	
1578	Medicinsk Laboratorium, B-S'NKNING	Medical Laboratory, B-s'nkning	high	
1579	Medicinsk Laboratorium, BASISK PHOSPHATASE F	Medical Laboratory, Basisk phosphatase f	low	Y
1580	Medicinsk Laboratorium, BASISK PHOSPHATASETY	Medical Laboratory, Basisk phosphatasety	low	Y
1581	Medicinsk Laboratorium, CATECHOLAMINER; egen	Medical Laboratory, Catecholaminer; egen	high	
1582	Medicinsk Laboratorium, DNA(F)-GENEFEC  35	Medical Laboratory, Dna(f)-genefec 35	high	
1583	Medicinsk Laboratorium, Diverse-EKSP. GEBYR	Medical Laboratory, Various-eksp. gebyr	high	
1584	Medicinsk Laboratorium, F-FEDT i FÆCES	Medical Laboratory, F-fedt in faeces	high	
1585	Medicinsk Laboratorium, HEMATOLOGI 1	Medical Laboratory, Hematologi 1	high	
1586	Medicinsk Laboratorium, HEMATOLOGI 2	Medical Laboratory, Hematologi 2	high	
1587	Medicinsk Laboratorium, HEMATOLOGI 3	Medical Laboratory, Hematologi 3	high	
1588	Medicinsk Laboratorium, HEMOGLOBIN FRAKTIONE	Medical Laboratory, Hemoglobin fraktione	high	
1589	Medicinsk Laboratorium, KOAGULATIONSFAKTORER	Medical Laboratory, Koagulationsfaktorer	high	
1590	Medicinsk Laboratorium, LIPIDSTATUS	Medical Laboratory, Lipidstatus	high	
1591	Medicinsk Laboratorium, METHYLMALONAT OG HOM	Medical Laboratory, Methylmalonat and hom	high	
1592	Medicinsk Laboratorium, NARKOTIKA SCREENING,	Medical Laboratory, Narkotika screening,	low	Y
1593	Medicinsk Laboratorium, NARKOTIKUM OG BENZOD	Medical Laboratory, Narkotikum and benzod	high	
1594	Medicinsk Laboratorium, NARKOTIKUM; ARB.K. (	Medical Laboratory, Narkotikum; arb.k. (	high	
1595	Medicinsk Laboratorium, P-25-OH-D    3	Medical Laboratory, P-25-oh-d 3	high	
1596	Medicinsk Laboratorium, P-C1-INA.FUNK. 1	Medical Laboratory, P-c1-ina.funk. 1	high	
1597	Medicinsk Laboratorium, P-C1-INA.FUNK.P	Medical Laboratory, P-c1-ina.funk.p	high	
1598	Medicinsk Laboratorium, P-CEA    1/2	Medical Laboratory, P-cea 1/2	high	
1599	Medicinsk Laboratorium, P-HOMOCYSTEIN TOT	Medical Laboratory, P-homocystein tot	high	
1600	Medicinsk Laboratorium, P-METHYLMALONAT uden	Medical Laboratory, P-methylmalonat without	high	
1601	Medicinsk Laboratorium, P-PTH INTAKT	Medical Laboratory, P-pth intakt	high	
1602	Medicinsk Laboratorium, P-RENIN	Medical Laboratory, P-renin	high	
1603	Medicinsk Laboratorium, P/S(fPt)-INSULIN	Medical Laboratory, P/s(fpt)-insulin	high	
1604	Medicinsk Laboratorium, P/S-1,25-D2+D3  3	Medical Laboratory, P/s-1,25-d2+d3 3	high	
1605	Medicinsk Laboratorium, P/S-25-OH-D    3	Medical Laboratory, P/s-25-oh-d 3	high	
1606	Medicinsk Laboratorium, P/S-ALDOSTERON 3	Medical Laboratory, P/s-aldosteron 3	high	
1607	Medicinsk Laboratorium, P/S-CRP;MASSEK.	Medical Laboratory, P/s-crp;massek.	low	Y
1608	Medicinsk Laboratorium, P/S-FLECAINID 3	Medical Laboratory, P/s-flecainid 3	high	
1609	Medicinsk Laboratorium, P/S-HOMOCYSTEIN	Medical Laboratory, P/s-homocystein	high	
1610	Medicinsk Laboratorium, P/S-IMMUNGLOB.E	Medical Laboratory, P/s-immunglob.e	high	
1611	Medicinsk Laboratorium, P/S-METHYLMALO  3	Medical Laboratory, P/s-methylmalo 3	high	
1612	Medicinsk Laboratorium, P/S-METHYLMALO 3	Medical Laboratory, P/s-methylmalo 3	high	
1613	Medicinsk Laboratorium, P/S-RENIN	Medical Laboratory, P/s-renin	high	
1614	Medicinsk Laboratorium, P/S-TESTO	Medical Laboratory, P/s-testo	high	
1615	Medicinsk Laboratorium, P/S-TSH	Medical Laboratory, P/s-tsh	high	
1616	Medicinsk Laboratorium, P/S-b-2-MICROGLOB	Medical Laboratory, P/s-b-2-microglob	high	
1617	Medicinsk Laboratorium, Prøvetagning, 1 prøv	Medical Laboratory, Sample collection, 1 prøv	low	Y
1618	Medicinsk Laboratorium, Pt-EKG/12AFL	Medical Laboratory, Pt-ECG/12afl	high	
1619	Medicinsk Laboratorium, RETINOLER	Medical Laboratory, Retinoler	high	
1620	Medicinsk Laboratorium, S(fPt)-ZINK  4	Medical Laboratory, S(fpt)-zink 4	high	
1621	Medicinsk Laboratorium, S-1,25-D2+D3	Medical Laboratory, S-1,25-d2+d3	high	
1622	Medicinsk Laboratorium, S-17-OH-PROGES 2	Medical Laboratory, S-17-oh-proges 2	high	
1623	Medicinsk Laboratorium, S-24,25-D3   8	Medical Laboratory, S-24,25-d3 8	high	
1624	Medicinsk Laboratorium, S-25-OH-D    3	Medical Laboratory, S-25-oh-d 3	high	
1625	Medicinsk Laboratorium, S-25-OH-D TOT. uden	Medical Laboratory, S-25-oh-d tot. without	low	Y
1626	Medicinsk Laboratorium, S-25-OH-D-TOTAL	Medical Laboratory, S-25-oh-d-total	high	
1627	Medicinsk Laboratorium, S-ALAT	Medical Laboratory, S-alat	high	
1628	Medicinsk Laboratorium, S-ALDOLASE	Medical Laboratory, S-aldolase	high	
1629	Medicinsk Laboratorium, S-ALLERG.DYR 1	Medical Laboratory, S-allergy.dyr 1	high	
1630	Medicinsk Laboratorium, S-ALLERG.F_DEV 1	Medical Laboratory, S-allergy.f_dev 1	high	
1631	Medicinsk Laboratorium, S-ALLERG.HUSST 1	Medical Laboratory, S-allergy.husst 1	high	
1632	Medicinsk Laboratorium, S-ALLERGEN, 1	Medical Laboratory, S-allergen, 1	high	
1633	Medicinsk Laboratorium, S-ALLERGENER, 10	Medical Laboratory, S-allergener, 10	high	
1634	Medicinsk Laboratorium, S-ALLERGENER, 2	Medical Laboratory, S-allergener, 2	high	
1635	Medicinsk Laboratorium, S-ALLERGENER, 3	Medical Laboratory, S-allergener, 3	high	
1636	Medicinsk Laboratorium, S-ALLERGENER, 4	Medical Laboratory, S-allergener, 4	high	
1637	Medicinsk Laboratorium, S-ALLERGENER, 5	Medical Laboratory, S-allergener, 5	high	
1638	Medicinsk Laboratorium, S-ALLERGY SCREEN	Medical Laboratory, S-allergy screen	high	
1639	Medicinsk Laboratorium, S-AMYLASE	Medical Laboratory, S-amylase	high	
1640	Medicinsk Laboratorium, S-ANGIOT.CONV.ENZ	Medical Laboratory, S-angiot.conv.enz	high	
1641	Medicinsk Laboratorium, S-ASAT	Medical Laboratory, S-asat	high	
1642	Medicinsk Laboratorium, S-BASISK FOSFATAS	Medical Laboratory, S-basisk fosfatas	high	
1643	Medicinsk Laboratorium, S-BILIRUBINER	Medical Laboratory, S-bilirubiner	high	
1644	Medicinsk Laboratorium, S-C-PEPT.(pro-Ins	Medical Laboratory, S-c-pept.(pro-ins	high	
1645	Medicinsk Laboratorium, S-C-REAKTIVT PROT	Medical Laboratory, S-c-reaktivt prot	high	
1646	Medicinsk Laboratorium, S-C1-INA-ANTIGEN	Medical Laboratory, S-c1-ina-antigen	high	
1647	Medicinsk Laboratorium, S-CA 50	Medical Laboratory, S-ca 50	high	
1648	Medicinsk Laboratorium, S-CA TOTAL	Medical Laboratory, S-ca total	high	
1649	Medicinsk Laboratorium, S-CALCIUM IONISER	Medical Laboratory, S-calcium ioniser	high	
1650	Medicinsk Laboratorium, S-CDT  8	Medical Laboratory, S-cdt 8	high	
1651	Medicinsk Laboratorium, S-CEA    1/2	Medical Laboratory, S-cea 1/2	high	
1652	Medicinsk Laboratorium, S-CHOLESTEROL TOT	Medical Laboratory, S-cholesterol tot	high	
1653	Medicinsk Laboratorium, S-COBALAMIN B12 8	Medical Laboratory, S-cobalamin b12 8	high	
1654	Medicinsk Laboratorium, S-COMPL. C1q  2	Medical Laboratory, S-compl. c1q 2	high	
1655	Medicinsk Laboratorium, S-COMPL. C3c	Medical Laboratory, S-compl. c3c	high	
1656	Medicinsk Laboratorium, S-COMPL. C4c	Medical Laboratory, S-compl. c4c	high	
1657	Medicinsk Laboratorium, S-CREA	Medical Laboratory, S-crea	high	
1658	Medicinsk Laboratorium, S-EOS.CAT.PROT 2	Medical Laboratory, S-eos.cat.prot 2	high	
1659	Medicinsk Laboratorium, S-EOS.CAT.PROTEIN	Medical Laboratory, S-eos.cat.protein	high	
1660	Medicinsk Laboratorium, S-ESTRADI/kvind10	Medical Laboratory, S-estradi/kvind10	high	
1661	Medicinsk Laboratorium, S-FERRITIN  10	Medical Laboratory, S-ferritin 10	high	
1662	Medicinsk Laboratorium, S-FERROXIDASE	Medical Laboratory, S-ferroxidase	high	
1663	Medicinsk Laboratorium, S-FLECAINID	Medical Laboratory, S-flecainid	high	
1664	Medicinsk Laboratorium, S-GLUCOSE	Medical Laboratory, S-glucose	high	
1665	Medicinsk Laboratorium, S-IMMUNGLOB.E	Medical Laboratory, S-immunglob.e	high	
1666	Medicinsk Laboratorium, S-INSULIN	Medical Laboratory, S-insulin	high	
1667	Medicinsk Laboratorium, S-INTR FAC.ANTIST	Medical Laboratory, S-intr fac.antist	high	
1668	Medicinsk Laboratorium, S-JERN  Fe   8	Medical Laboratory, S-jern fe 8	high	
1669	Medicinsk Laboratorium, S-K	Medical Laboratory, S-k	high	
1670	Medicinsk Laboratorium, S-KOBBER Cu 8/36	Medical Laboratory, S-kobber cu 8/36	high	
1671	Medicinsk Laboratorium, S-LDH	Medical Laboratory, S-ldh	high	
1672	Medicinsk Laboratorium, S-Lp(a)	Medical Laboratory, S-lp(a)	high	
1673	Medicinsk Laboratorium, S-MAST-CLA	Medical Laboratory, S-mast-cla	high	
1674	Medicinsk Laboratorium, S-MAST-CLA:TOP	Medical Laboratory, S-mast-cla:top	high	
1675	Medicinsk Laboratorium, S-MYOGLOBIN	Medical Laboratory, S-myoglobin	high	
1676	Medicinsk Laboratorium, S-Na	Medical Laboratory, S-na	high	
1677	Medicinsk Laboratorium, S-PENICILLIN V 8	Medical Laboratory, S-penicillin v 8	high	
1678	Medicinsk Laboratorium, S-PEPTIDYL.DIPEPT	Medical Laboratory, S-peptidyl.dipept	high	
1679	Medicinsk Laboratorium, S-PEPTIDYLDIPEP 2	Medical Laboratory, S-peptidyldipep 2	high	
1680	Medicinsk Laboratorium, S-PIIINP	Medical Laboratory, S-piiinp	high	
1681	Medicinsk Laboratorium, S-PRO-BNP 2	Medical Laboratory, S-pro-bnp 2	high	
1682	Medicinsk Laboratorium, S-PROPAFENON	Medical Laboratory, S-propafenon	high	
1683	Medicinsk Laboratorium, S-PSA	Medical Laboratory, S-psa	high	
1684	Medicinsk Laboratorium, S-PTH  2	Medical Laboratory, S-pth 2	high	
1685	Medicinsk Laboratorium, S-SELEN    2	Medical Laboratory, S-selen 2	high	
1686	Medicinsk Laboratorium, S-T3	Medical Laboratory, S-t3	high	
1687	Medicinsk Laboratorium, S-T3,FRIT IMMULI.	Medical Laboratory, S-t3,frit immuli.	low	Y
1688	Medicinsk Laboratorium, S-T4	Medical Laboratory, S-t4	high	
1689	Medicinsk Laboratorium, S-T4 Hund/Kat	Medical Laboratory, S-t4 hund/kat	high	
1690	Medicinsk Laboratorium, S-T4,FRIT IMMULI.	Medical Laboratory, S-t4,frit immuli.	low	Y
1691	Medicinsk Laboratorium, S-TBG	Medical Laboratory, S-tbg	high	
1692	Medicinsk Laboratorium, S-TESTO	Medical Laboratory, S-testo	high	
1693	Medicinsk Laboratorium, S-THYR.GLOB.ANTI	Medical Laboratory, S-thyr.glob.anti	high	
1694	Medicinsk Laboratorium, S-TPO anti-   1/2	Medical Laboratory, S-tpo anti- 1/2	high	
1695	Medicinsk Laboratorium, S-TRANSFERRIN	Medical Laboratory, S-transferrin	high	
1696	Medicinsk Laboratorium, S-TRIGLYCERID	Medical Laboratory, S-triglycerid	high	
1697	Medicinsk Laboratorium, S-TSH	Medical Laboratory, S-tsh	high	
1698	Medicinsk Laboratorium, S-TSH-RECPTOR-AB	Medical Laboratory, S-tsh-recptor-ab	high	
1699	Medicinsk Laboratorium, S-URAT	Medical Laboratory, S-urat	high	
1700	Medicinsk Laboratorium, S-VITAMIN E	Medical Laboratory, S-vitamin e	high	
1701	Medicinsk Laboratorium, S-VÆKSTHORMON	Medical Laboratory, S-væksthormon	low	Y
1702	Medicinsk Laboratorium, S-ZINK  URIN 11	Medical Laboratory, S-zink urine 11	high	
1703	Medicinsk Laboratorium, S-g-GT	Medical Laboratory, S-g-gt	high	
1704	Medicinsk Laboratorium, Sperma-SPERMA UNDERS	Medical Laboratory, Sperma-sperma unders	high	
1705	Medicinsk Laboratorium, THYREOGLOBULIN	Medical Laboratory, Thyreoglobulin	high	
1706	Medicinsk Laboratorium, THYREOIDEA ANTISTOFF	Medical Laboratory, Thyreoidea antistoff	high	
1707	Medicinsk Laboratorium, THYROXIN (FRIT)	Medical Laboratory, Thyroxin (frit)	high	
1708	Medicinsk Laboratorium, TRIIODTHYRONIN (FRIT	Medical Laboratory, Triiodthyronin (frit	high	
1709	Medicinsk Laboratorium, TSH-RECEPTOR-Ab/THYR	Medical Laboratory, Tsh-receptor-ab/thyr	high	
1710	Medicinsk Laboratorium, Transf.(S)-CDT    18	Medical Laboratory, Transf.(s)-cdt 18	low	Y
1711	Medicinsk Laboratorium, U-5-HIAA  11	Medical Laboratory, U-5-hiaa 11	high	
1712	Medicinsk Laboratorium, U-ACETOACETAT	Medical Laboratory, U-acetoacetat	high	
1713	Medicinsk Laboratorium, U-BLOD KVAL.	Medical Laboratory, U-blood kval.	low	Y
1714	Medicinsk Laboratorium, U-CANNABINOL ARBK	Medical Laboratory, U-cannabinol arbk	high	
1715	Medicinsk Laboratorium, U-GLUCOSE (STIX)	Medical Laboratory, U-glucose (stix)	high	
1716	Medicinsk Laboratorium, U-PORFYRIN TOT	Medical Laboratory, U-porfyrin tot	high	
1717	Medicinsk Laboratorium, U-PROTEIN (STIX)	Medical Laboratory, U-protein (stix)	high	
1718	Medicinsk Laboratorium, U-VMA   11	Medical Laboratory, U-vma 11	high	
1719	Medicinsk Laboratorium, VANILLYLMANDELAT, UD	Medical Laboratory, Vanillylmandelat, ud	high	
1720	Medicinsk Laboratorium, alfa-AMYLASE FRAKTIO	Medical Laboratory, Alfa-amylase fraktio	high	
1721	Medicinsk Laboratorium, ukendt	Medical Laboratory, Ukendt	high	
1722	Omegnslaboratorier, B-Eosinophilocytt.10	Regional laboratories, B-eosinophilocytt.10	high	
1723	Omegnslaboratorier, B-Erythroc,vol.fr. 6	Regional laboratories, B-erythroc,vol.fr. 6	high	
1724	Omegnslaboratorier, B-Erythroc. antal. 6	Regional laboratories, B-erythroc. antal. 6	low	Y
1725	Omegnslaboratorier, B-Erythroc.vol.fr. 6	Regional laboratories, B-erythroc.vol.fr. 6	high	
1726	Omegnslaboratorier, B-Hemoglobin (Fe)  6	Regional laboratories, B-hemoglobin (fe) 6	high	
1727	Omegnslaboratorier, B-Koagulationstid  8	Regional laboratories, B-koagulationstid 8	high	
1728	Omegnslaboratorier, B-Leukoc., frakt. 16	Regional laboratories, B-leukoc., frakt. 16	low	Y
1729	Omegnslaboratorier, B-Leukocytter      6	Regional laboratories, B-leukocytter 6	high	
1730	Omegnslaboratorier, B-Malaria-parasitter	Regional laboratories, B-malaria-parasitter	high	
1731	Omegnslaboratorier, B-Sænkningsreakt. 10	Regional laboratories, B-sænkningsreakt. 10	low	Y
1732	Omegnslaboratorier, B-Thrombocytter   10	Regional laboratories, B-thrombocytter 10	high	
1733	Omegnslaboratorier, B-Type-Rhesus      6	Regional laboratories, B-type-rhesus 6	high	
1734	Omegnslaboratorier, Diverse dyrkn og mik	Regional laboratories, Various dyrkn and mik	high	
1735	Omegnslaboratorier, Erc-Erythroc. MCV  6	Regional laboratories, Erc-erythroc. mcv 6	high	
1736	Omegnslaboratorier, Erc-Folat         46	Regional laboratories, Erc-folat 46	high	
1737	Omegnslaboratorier, Erc-Hemoglobin A1c66	Regional laboratories, Erc-hemoglobin a1c66	high	
1738	Omegnslaboratorier, Erc-Reticulocytter10	Regional laboratories, Erc-reticulocytter10	high	
1739	Omegnslaboratorier, F-Blod             6	Regional laboratories, F-blood 6	high	
1740	Omegnslaboratorier, F-Fedt (Alif. carb.)	Regional laboratories, F-fedt (alif. carb.)	low	Y
1741	Omegnslaboratorier, F-Gliardia lamblia	Regional laboratories, F-gliardia lamblia	high	
1742	Omegnslaboratorier, F-Helmintes-æg    16	Regional laboratories, F-helmintes-æg 16	low	Y
1743	Omegnslaboratorier, F-Ormeæg og cyster	Regional laboratories, F-ormeæg and cyster	low	Y
1744	Omegnslaboratorier, F-Slim, kvalitat.  4	Regional laboratories, F-slim, kvalitat. 4	low	Y
1745	Omegnslaboratorier, F-Tarmpatogene bakteriologisk	Regional laboratories, F-tarmpatogene bacteriological	high	
1746	Omegnslaboratorier, P-ALAT_           12	Regional laboratories, P-alat_ 12	high	
1747	Omegnslaboratorier, P-ANA	Regional laboratories, P-ana	high	
1748	Omegnslaboratorier, P-ASAT(GOT)       12	Regional laboratories, P-asat(got) 12	high	
1749	Omegnslaboratorier, P-Albumin         20	Regional laboratories, P-albumin 20	high	
1750	Omegnslaboratorier, P-Allerg.sp.IgE MA-C	Regional laboratories, P-allergy.sp.ige ma-c	high	
1751	Omegnslaboratorier, P-Alpha-1-antitr. 52	Regional laboratories, P-alpha-1-antitr. 52	high	
1752	Omegnslaboratorier, P-Alpha-1-foetopr.42	Regional laboratories, P-alpha-1-foetopr.42	high	
1753	Omegnslaboratorier, P-Amitryplin      92	Regional laboratories, P-amitryplin 92	high	
1754	Omegnslaboratorier, P-Amylase(alfa-am)10	Regional laboratories, P-amylase(alfa-am)10	high	
1755	Omegnslaboratorier, P-Androgenstatus	Regional laboratories, P-androgenstatus	high	
1756	Omegnslaboratorier, P-Anti-ENA	Regional laboratories, P-anti-ena	high	
1757	Omegnslaboratorier, P-Anti-ds DNA	Regional laboratories, P-anti-ds dna	high	
1758	Omegnslaboratorier, P-Anti-nukleæ. anti.	Regional laboratories, P-anti-nukleæ. anti.	low	Y
1759	Omegnslaboratorier, P-Basisk phosphat.12	Regional laboratories, P-basisk phosphat.12	high	
1760	Omegnslaboratorier, P-Bilirubin       12	Regional laboratories, P-bilirubin 12	high	
1761	Omegnslaboratorier, P-Borreliose antist.	Regional laboratories, P-borreliose antist.	low	Y
1762	Omegnslaboratorier, P-CA_125	Regional laboratories, P-ca_125	high	
1763	Omegnslaboratorier, P-CEA             62	Regional laboratories, P-cea 62	high	
1764	Omegnslaboratorier, P-CKMB	Regional laboratories, P-ckmb	high	
1765	Omegnslaboratorier, P-CMV antistof,total	Regional laboratories, P-cmv antibody,total	high	
1766	Omegnslaboratorier, P-CRP             44	Regional laboratories, P-crp 44	high	
1767	Omegnslaboratorier, P-Calcium(ii)-ion	Regional laboratories, P-calcium(ii)-ion	high	
1768	Omegnslaboratorier, P-Calcium,total   10	Regional laboratories, P-calcium,total 10	high	
1769	Omegnslaboratorier, P-Carbamazepin    46	Regional laboratories, P-carbamazepin 46	high	
1770	Omegnslaboratorier, P-Carbamid(urins.)10	Regional laboratories, P-carbamid(urins.)10	low	Y
1771	Omegnslaboratorier, P-Carbonat+CO2    16	Regional laboratories, P-carbonat+co2 16	high	
1772	Omegnslaboratorier, P-Chlamyd. antistof.	Regional laboratories, P-chlamyd. antibody.	low	Y
1773	Omegnslaboratorier, P-Cholester.(tot.)16	Regional laboratories, P-cholester.(tot.)16	low	Y
1774	Omegnslaboratorier, P-Choriongonadotrop.	Regional laboratories, P-choriongonadotrop.	high	
1775	Omegnslaboratorier, P-Cobalamin       20	Regional laboratories, P-cobalamin 20	high	
1776	Omegnslaboratorier, P-Cortisol        52	Regional laboratories, P-cortisol 52	high	
1777	Omegnslaboratorier, P-Creatinin        6	Regional laboratories, P-creatinin 6	high	
1778	Omegnslaboratorier, P-Creatinkinase,til 52	Regional laboratories, P-creatinkinase,to 52	high	
1779	Omegnslaboratorier, P-Digoxin         28	Regional laboratories, P-digoxin 28	high	
1780	Omegnslaboratorier, P-EBV antistof	Regional laboratories, P-ebv antibody	high	
1781	Omegnslaboratorier, P-Estradiol	Regional laboratories, P-estradiol	high	
1782	Omegnslaboratorier, P-Estrogenstatus	Regional laboratories, P-estrogenstatus	high	
1783	Omegnslaboratorier, P-FSH             32	Regional laboratories, P-fsh 32	high	
1784	Omegnslaboratorier, P-Ferritin_       78	Regional laboratories, P-ferritin_ 78	high	
1785	Omegnslaboratorier, P-Fibrinogen      16	Regional laboratories, P-fibrinogen 16	high	
1786	Omegnslaboratorier, P-Folat           52	Regional laboratories, P-folat 52	high	
1787	Omegnslaboratorier, P-GAT	Regional laboratories, P-gat	high	
1788	Omegnslaboratorier, P-Gamma-glutam.   32	Regional laboratories, P-gamma-glutam. 32	high	
1789	Omegnslaboratorier, P-Gliadin antistof	Regional laboratories, P-gliadin antibody	high	
1790	Omegnslaboratorier, P-HAV antistof	Regional laboratories, P-hav antibody	high	
1791	Omegnslaboratorier, P-HBs antigen	Regional laboratories, P-hbs antigen	high	
1792	Omegnslaboratorier, P-HBs antistof	Regional laboratories, P-hbs antibody	high	
1793	Omegnslaboratorier, P-HIV antistof	Regional laboratories, P-hiv antibody	high	
1794	Omegnslaboratorier, P-Haptoglobin     52	Regional laboratories, P-haptoglobin 52	high	
1795	Omegnslaboratorier, P-Hepat.C vi.antist.	Regional laboratories, P-hepat.c vi.antist.	high	
1796	Omegnslaboratorier, P-Herp.si.vi.antist.	Regional laboratories, P-herp.si.vi.antist.	high	
1797	Omegnslaboratorier, P-IgM RF	Regional laboratories, P-igm rf	high	
1798	Omegnslaboratorier, P-Imipramin       92	Regional laboratories, P-imipramin 92	high	
1799	Omegnslaboratorier, P-Immunelektroforese	Regional laboratories, P-immunelektroforese	high	
1800	Omegnslaboratorier, P-Immunglob. A    32	Regional laboratories, P-immunglob. a 32	high	
1801	Omegnslaboratorier, P-Immunglob. G    32	Regional laboratories, P-immunglob. g 32	high	
1802	Omegnslaboratorier, P-Immunglob.E(lgE)32	Regional laboratories, P-immunglob.e(lge)32	high	
1803	Omegnslaboratorier, P-Immunglob.E,all.32	Regional laboratories, P-immunglob.e,all.32	high	
1804	Omegnslaboratorier, P-Immunglobulin med 32	Regional laboratories, P-immunglobulin with 32	high	
1805	Omegnslaboratorier, P-Influ. mv. antist.	Regional laboratories, P-influ. etc.. antist.	low	Y
1806	Omegnslaboratorier, P-Jern            12	Regional laboratories, P-jern 12	high	
1807	Omegnslaboratorier, P-Kalium          10	Regional laboratories, P-kalium 10	high	
1808	Omegnslaboratorier, P-Koagulationsfak.12	Regional laboratories, P-koagulationsfak.12	high	
1809	Omegnslaboratorier, P-LAT	Regional laboratories, P-lat	high	
1810	Omegnslaboratorier, P-LDH, total      16	Regional laboratories, P-ldh, total 16	high	
1811	Omegnslaboratorier, P-LDH,fraktion.   92	Regional laboratories, P-ldh,fraktion. 92	low	Y
1812	Omegnslaboratorier, P-LH              36	Regional laboratories, P-lh 36	high	
1813	Omegnslaboratorier, P-Lipoprotein (a)	Regional laboratories, P-lipoprotein (a)	high	
1814	Omegnslaboratorier, P-Lithium         14	Regional laboratories, P-lithium 14	high	
1815	Omegnslaboratorier, P-M-kompon.,klassif.	Regional laboratories, P-m-kompon.,klassif.	low	Y
1816	Omegnslaboratorier, P-MPT/KAT	Regional laboratories, P-mpt/kat	high	
1817	Omegnslaboratorier, P-Magnesium       32	Regional laboratories, P-magnesium 32	high	
1818	Omegnslaboratorier, P-Mononucl.(Mono.)16	Regional laboratories, P-mononucl.(mono.)16	low	Y
1819	Omegnslaboratorier, P-Mononucle.(EMNI)10	Regional laboratories, P-mononucle.(emni)10	high	
1820	Omegnslaboratorier, P-Natrium         10	Regional laboratories, P-natrium 10	high	
1821	Omegnslaboratorier, P-Nortriptylin    68	Regional laboratories, P-nortriptylin 68	high	
1822	Omegnslaboratorier, P-Ornithose antist.	Regional laboratories, P-ornithose antist.	low	Y
1823	Omegnslaboratorier, P-Orosomucoid     42	Regional laboratories, P-orosomucoid 42	high	
1824	Omegnslaboratorier, P-Oxacarbazepin	Regional laboratories, P-oxacarbazepin	high	
1825	Omegnslaboratorier, P-PSA	Regional laboratories, P-psa	high	
1826	Omegnslaboratorier, P-Parathormon	Regional laboratories, P-parathormon	high	
1827	Omegnslaboratorier, P-Parotitisvirus	Regional laboratories, P-parotitisvirus	high	
1828	Omegnslaboratorier, P-Phenobarbital  120	Regional laboratories, P-phenobarbital 120	high	
1829	Omegnslaboratorier, P-Phenytoin       42	Regional laboratories, P-phenytoin 42	high	
1830	Omegnslaboratorier, P-Phosphat(P,non) 10	Regional laboratories, P-phosphat(p,non) 10	high	
1831	Omegnslaboratorier, P-Progesteron     36	Regional laboratories, P-progesteron 36	high	
1832	Omegnslaboratorier, P-Prolactin       28	Regional laboratories, P-prolactin 28	high	
1833	Omegnslaboratorier, P-Protein(total)   6	Regional laboratories, P-protein(total) 6	high	
1834	Omegnslaboratorier, P-Protein, frakt. 44	Regional laboratories, P-protein, frakt. 44	low	Y
1835	Omegnslaboratorier, P-RAST,Penicillin 52	Regional laboratories, P-rast,penicillin 52	high	
1836	Omegnslaboratorier, P-RAST,enk.allaer.36	Regional laboratories, P-rast,enk.allaer.36	high	
1837	Omegnslaboratorier, P-RAST,gruppe     42	Regional laboratories, P-rast,group 42	high	
1838	Omegnslaboratorier, P-Renin	Regional laboratories, P-renin	high	
1839	Omegnslaboratorier, P-Rubellavi. antist.	Regional laboratories, P-rubellavi. antist.	low	Y
1840	Omegnslaboratorier, P-Streptokok antist.	Regional laboratories, P-streptokok antist.	low	Y
1841	Omegnslaboratorier, P-Sur phosphatase 10	Regional laboratories, P-sur phosphatase 10	high	
1842	Omegnslaboratorier, P-Syfilis screen.STS	Regional laboratories, P-syfilis screen.sts	high	
1843	Omegnslaboratorier, P-TSH             24	Regional laboratories, P-tsh 24	high	
1844	Omegnslaboratorier, P-Testosteron	Regional laboratories, P-testosteron	high	
1845	Omegnslaboratorier, P-Theophyllin     62	Regional laboratories, P-theophyllin 62	high	
1846	Omegnslaboratorier, P-Thyreoidea-antist.	Regional laboratories, P-thyreoidea-antist.	high	
1847	Omegnslaboratorier, P-Thyroxin(FritT4)64	Regional laboratories, P-thyroxin(fritt4)64	high	
1848	Omegnslaboratorier, P-Thyroxin, total 16	Regional laboratories, P-thyroxin, total 16	high	
1849	Omegnslaboratorier, P-Toxoplasm.IFAT mv.	Regional laboratories, P-toxoplasm.ifat etc..	low	Y
1850	Omegnslaboratorier, P-Toxoplasmamv. test	Regional laboratories, P-toxoplasmamv. test	high	
1851	Omegnslaboratorier, P-Transferrin     20	Regional laboratories, P-transferrin 20	high	
1852	Omegnslaboratorier, P-Triiodt.(FritT3)64	Regional laboratories, P-triiodt.(fritt3)64	high	
1853	Omegnslaboratorier, P-Triiodt.,(T3)   20	Regional laboratories, P-triiodt.,(t3) 20	high	
1854	Omegnslaboratorier, P-Triiodt.-reakt. 20	Regional laboratories, P-triiodt.-reakt. 20	high	
1855	Omegnslaboratorier, P-Tyfus mv antist.	Regional laboratories, P-tyfus etc. antist.	low	Y
1856	Omegnslaboratorier, P-Urat            10	Regional laboratories, P-urat 10	high	
1857	Omegnslaboratorier, P-Valproat        52	Regional laboratories, P-valproat 52	high	
1858	Omegnslaboratorier, P-Yers. ent. antist.	Regional laboratories, P-yers. ent. antist.	low	Y
1859	Omegnslaboratorier, P-Zink	Regional laboratories, P-zink	high	
1860	Omegnslaboratorier, P-apo-Lipoprotein E	Regional laboratories, P-apo-lipoprotein e	high	
1861	Omegnslaboratorier, Pt- Gluc.-to.2,5t.36	Regional laboratories, Pt- gluc.-to.2,5t.36	high	
1862	Omegnslaboratorier, Pt-Adm.,svar,etc. 14	Regional laboratories, Pt-adm.,svar,etc. 14	low	Y
1863	Omegnslaboratorier, Pt-Blodprøvetagn.  6	Regional laboratories, Pt-blodprøvetagn. 6	low	Y
1864	Omegnslaboratorier, Pt-Blodtryk       10	Regional laboratories, Pt-blodtryk 10	high	
1865	Omegnslaboratorier, Pt-Bytur,ple.2.pa.10	Regional laboratories, Pt-bytur,ple.2.pa.10	high	
1866	Omegnslaboratorier, Pt-Byture         50	Regional laboratories, Pt-byture 50	high	
1867	Omegnslaboratorier, Pt-Byture, plejeh.50	Regional laboratories, Pt-byture, plejeh.50	high	
1868	Omegnslaboratorier, Pt-EEG(søvnrytme)240	Regional laboratories, Pt-eeg(søvnrytme)240	low	Y
1869	Omegnslaboratorier, Pt-EEG_          184	Regional laboratories, Pt-eeg_ 184	high	
1870	Omegnslaboratorier, Pt-EKG - 3 afld.  32	Regional laboratories, Pt-ECG - 3 afld. 32	low	Y
1871	Omegnslaboratorier, Pt-EKG - 6 afld.  42	Regional laboratories, Pt-ECG - 6 afld. 42	low	Y
1872	Omegnslaboratorier, Pt-EKG - 9 afld.  52	Regional laboratories, Pt-ECG - 9 afld. 52	low	Y
1873	Omegnslaboratorier, Pt-EKG-12 afld.   62	Regional laboratories, Pt-ECG-12 afld. 62	low	Y
1874	Omegnslaboratorier, Pt-EKG-be. Egomet.80	Regional laboratories, Pt-ECG-be. egomet.80	high	
1875	Omegnslaboratorier, Pt-Hasteprøve     70	Regional laboratories, Pt-hasteprøve 70	low	Y
1876	Omegnslaboratorier, Pt-Kapillærblødn. 10	Regional laboratories, Pt-kapillærblødn. 10	low	Y
1877	Omegnslaboratorier, Pt-Laktose toler. 36	Regional laboratories, Pt-laktose toler. 36	low	Y
1878	Omegnslaboratorier, Pt-Oscill.,2 extr.20	Regional laboratories, Pt-oscill.,2 extr.20	high	
1879	Omegnslaboratorier, Pt-Regist.,gl.,per 14	Regional laboratories, Pt-regist.,gl.,per 14	low	Y
1880	Omegnslaboratorier, Pt-Sperma-unde.fe.52	Regional laboratories, Pt-sperma-unde.fe.52	high	
1881	Omegnslaboratorier, Pt-Spermaund.ster.20	Regional laboratories, Pt-spermaund.ster.20	high	
1882	Omegnslaboratorier, Pt-Urin i labora. 10	Regional laboratories, Pt-urine in labora. 10	low	Y
1883	Omegnslaboratorier, Pt-Videresend.prøv.4	Regional laboratories, Pt-videresend.prøv.4	low	Y
1884	Omegnslaboratorier, Pt-kapillærresist.10	Regional laboratories, Pt-kapillærresist.10	low	Y
1885	Omegnslaboratorier, Pt.Creatinin-clea.48	Regional laboratories, Pt.creatinin-clea.48	high	
1886	Omegnslaboratorier, S+U-Osteoporo. prof.	Regional laboratories, S+u-osteoporo. prof.	low	Y
1887	Omegnslaboratorier, U-Acetoacetat      2	Regional laboratories, U-acetoacetat 2	high	
1888	Omegnslaboratorier, U-Adrenalin+ Noradr.	Regional laboratories, U-adrenalin+ noradr.	low	Y
1889	Omegnslaboratorier, U-Albumin	Regional laboratories, U-albumin	high	
1890	Omegnslaboratorier, U-Amylase(alfa-a.)10	Regional laboratories, U-amylase(alfa-a.)10	high	
1891	Omegnslaboratorier, U-Bakt.(nit.)(stix)2	Regional laboratories, U-bakt.(nit.)(stix)2	low	Y
1892	Omegnslaboratorier, U-Bakterier(Dyrk.)10	Regional laboratories, U-bakterier(dyrk.)10	low	Y
1893	Omegnslaboratorier, U-Bakterier(Resi.)20	Regional laboratories, U-bakterier(resi.)20	low	Y
1894	Omegnslaboratorier, U-Bilirubin        6	Regional laboratories, U-bilirubin 6	high	
1895	Omegnslaboratorier, U-Choriongonadotr.10	Regional laboratories, U-choriongonadotr.10	high	
1896	Omegnslaboratorier, U-Cortisol, frit	Regional laboratories, U-cortisol, frit	high	
1897	Omegnslaboratorier, U-Formelementer   10	Regional laboratories, U-formelementer 10	high	
1898	Omegnslaboratorier, U-Glucose, kvalit. 2	Regional laboratories, U-glucose, kvalit. 2	low	Y
1899	Omegnslaboratorier, U-Glucose,kvantit.10	Regional laboratories, U-glucose,kvantit.10	high	
1900	Omegnslaboratorier, U-HIAA            46	Regional laboratories, U-hiaa 46	high	
1901	Omegnslaboratorier, U-Hemoglobin       2	Regional laboratories, U-hemoglobin 2	high	
1902	Omegnslaboratorier, U-Leukocyt.(stix)  2	Regional laboratories, U-leukocyt.(stix) 2	high	
1903	Omegnslaboratorier, U-Narkot., urinscr.	Regional laboratories, U-narkot., urinscr.	low	Y
1904	Omegnslaboratorier, U-Protein, kvalit. 2	Regional laboratories, U-protein, kvalit. 2	low	Y
1905	Omegnslaboratorier, U-Protein, kvant. 10	Regional laboratories, U-protein, kvant. 10	low	Y
1906	Omegnslaboratorier, U-VMA	Regional laboratories, U-vma	high	
1907	Omegnslaboratorier, U-pH               2	Regional laboratories, U-ph 2	high	
1908	Omegnslaboratorier, fPt Cholester.-HDL32	Regional laboratories, Fpt cholester.-hdl32	high	
1909	Omegnslaboratorier, fPt Triglycerid   20	Regional laboratories, Fpt triglycerid 20	high	
1910	Omegnslaboratorier, k-Glucose          6	Regional laboratories, K-glucose 6	high	
1911	Omegnslaboratorier, k-Glucose,faste    6	Regional laboratories, K-glucose,faste 6	high	
1912	Statens Seruminstit., Ingen tekst tilgængelig	Statens Serum Institut, No text available	high	
1913	Statens Seruminstitut, (procedure not documented)	Statens Serum Institut, (procedure not documented)	low	
1914	Statens Seruminstitut, 11-Deoxycortisol	Statens Serum Institut, 11-deoxycortisol	high	
1915	Statens Seruminstitut, 17-Hydroxyprogester	Statens Serum Institut, 17-hydroxyprogester	high	
1916	Statens Seruminstitut, AKA i Symmetrisk po	Statens Serum Institut, Aka in symmetrisk po	low	Y
1917	Statens Seruminstitut, ANA screening og ti	Statens Serum Institut, Ana screening and ti	low	Y
1918	Statens Seruminstitut, ANA tirering i pakk	Statens Serum Institut, Ana tirering in pakk	high	
1919	Statens Seruminstitut, ANA titrering pakke	Statens Serum Institut, Ana titrering pakke	high	
1920	Statens Seruminstitut, ANCA (IgG) screenin	Statens Serum Institut, Anca (igg) screenin	high	
1921	Statens Seruminstitut, ANCA Screening POS	Statens Serum Institut, Anca screening pos	low	Y
1922	Statens Seruminstitut, ANCA i Symmetrisk p	Statens Serum Institut, Anca in symmetrisk p	low	Y
1923	Statens Seruminstitut, ANCA i imflam.tarms	Statens Serum Institut, Anca in imflam.tarms	high	
1924	Statens Seruminstitut, ANCA panel	Statens Serum Institut, Anca panel	high	
1925	Statens Seruminstitut, ANCA screen. (IgG)	Statens Serum Institut, Anca screen. (igg)	low	Y
1926	Statens Seruminstitut, ANCA titrering IgG	Statens Serum Institut, Anca titrering igg	high	
1927	Statens Seruminstitut, ASCA (IgG,IgA,IgM)	Statens Serum Institut, Asca (igg,iga,igm)	high	
1928	Statens Seruminstitut, ASCA i inflam.tarms	Statens Serum Institut, Asca in inflam.tarms	high	
1929	Statens Seruminstitut, Actinomyces, dyrkni	Statens Serum Institut, Actinomyces, dyrkni	high	
1930	Statens Seruminstitut, Adenovirus DNA (PCR	Statens Serum Institut, Adenovirus dna (pcr	high	
1931	Statens Seruminstitut, Adenovirus antigen	Statens Serum Institut, Adenovirus antigen	high	
1932	Statens Seruminstitut, Adenovirus og Respi	Statens Serum Institut, Adenovirus and respi	high	
1933	Statens Seruminstitut, Adenovirus, DNA (PC	Statens Serum Institut, Adenovirus, dna (pc	high	
1934	Statens Seruminstitut, Akut gast.	Statens Serum Institut, Acute gast.	low	Y
1935	Statens Seruminstitut, Akut gast. + coli	Statens Serum Institut, Acute gast. + coli	low	Y
1936	Statens Seruminstitut, Akut gast. + coli p	Statens Serum Institut, Acute gast. + coli p	low	Y
1937	Statens Seruminstitut, Akut gast. pos.	Statens Serum Institut, Acute gast. pos.	low	Y
1938	Statens Seruminstitut, Akut gastroenteriti	Statens Serum Institut, Acute gastroenteriti	high	
1939	Statens Seruminstitut, Alfaføtoprotein (AF	Statens Serum Institut, Alpha-fetoprotein (of	high	
1940	Statens Seruminstitut, almindelig bakteriologisk undersøgelse (norma	Statens Serum Institut, Ordinary bacteriological examination (norma	high	
1941	Statens Seruminstitut, almindelig bakteriologisk undersøgelse (normal	Statens Serum Institut, Ordinary bacteriological examination (normal	high	
1942	Statens Seruminstitut, almindelig bakteriologisk undersøgelse, nedre	Statens Serum Institut, Ordinary bacteriological examination, nedre	high	
1943	Statens Seruminstitut, almindelig bakteriologisk undersøgelse, sårse	Statens Serum Institut, Ordinary bacteriological examination, sårse	low	Y
1944	Statens Seruminstitut, almindelig bakteriologisk undersøgelse, urin	Statens Serum Institut, Ordinary bacteriological examination, urine	high	
1945	Statens Seruminstitut, almindelig bakteriologisk undersøgelse, urin,	Statens Serum Institut, Ordinary bacteriological examination, urine,	high	
1946	Statens Seruminstitut, almindelig bakteriologisk undersøgelse, øvre	Statens Serum Institut, Ordinary bacteriological examination, upper	high	
1947	Statens Seruminstitut, almindelig bakteriologisk undersøgelse,Blod	Statens Serum Institut, Ordinary bacteriological examination,blood	high	
1948	Statens Seruminstitut, almindelig bakteriologisk undersøgelse,Blod (	Statens Serum Institut, Ordinary bacteriological examination,blood (	high	
1949	Statens Seruminstitut, almindelig bakteriologisk undersøgelse,Gardne	Statens Serum Institut, Ordinary bacteriological examination,gardne	high	
1950	Statens Seruminstitut, Analysesvar fra Lab	Statens Serum Institut, Analysesvar from lab	high	
1951	Statens Seruminstitut, Andre bakterier	Statens Serum Institut, Andre bakterier	high	
1952	Statens Seruminstitut, Androgenstatus	Statens Serum Institut, Androgenstatus	high	
1953	Statens Seruminstitut, Androgenstatus excl	Statens Serum Institut, Androgenstatus excl	high	
1954	Statens Seruminstitut, Androstendion (4-AD	Statens Serum Institut, Androstendion (4-ad	high	
1955	Statens Seruminstitut, Anti-AChR	Statens Serum Institut, Anti-achr	high	
1956	Statens Seruminstitut, Anti-Beta2 GP i (Ig	Statens Serum Institut, Anti-beta2 gp in (ig	high	
1957	Statens Seruminstitut, Anti-MuSK	Statens Serum Institut, Anti-musk	high	
1958	Statens Seruminstitut, Anti-TSH-R i thyreo	Statens Serum Institut, Anti-tsh-r in thyreo	high	
1959	Statens Seruminstitut, Antibiotika koncent	Statens Serum Institut, Antibiotika koncent	high	
1960	Statens Seruminstitut, Antinucleære antist	Statens Serum Institut, Antinuclear antist	high	
1961	Statens Seruminstitut, Arbovirus (andre) a	Statens Serum Institut, Arbovirus (andre) a	high	
1962	Statens Seruminstitut, Aspergillus antisto	Statens Serum Institut, Aspergillus antisto	high	
1963	Statens Seruminstitut, Aspergillus galact.	Statens Serum Institut, Aspergillus galact.	low	Y
1964	Statens Seruminstitut, Astrovirus antigen	Statens Serum Institut, Astrovirus antigen	high	
1965	Statens Seruminstitut, Autoimmun thyreoidi	Statens Serum Institut, Autoimmun thyreoidi	high	
1966	Statens Seruminstitut, Bartonella antistof	Statens Serum Institut, Bartonella antibody	high	
1967	Statens Seruminstitut, Beta-2 Glykoprotein	Statens Serum Institut, Beta-2 glykoprotein	high	
1968	Statens Seruminstitut, Binyrebark antistof	Statens Serum Institut, Binyrebark antibody	high	
1969	Statens Seruminstitut, Borrelia burgdorfer	Statens Serum Institut, Borrelia burgdorfer	high	
1970	Statens Seruminstitut, Brucella antistof	Statens Serum Institut, Brucella antibody	high	
1971	Statens Seruminstitut, Børneorm	Statens Serum Institut, Pinworm	high	
1972	Statens Seruminstitut, C1-inhibitorfunktio	Statens Serum Institut, C1-inhibitorfunktio	high	
1973	Statens Seruminstitut, C3, C4 konc. ved ko	Statens Serum Institut, C3, c4 konc. by ko	low	Y
1974	Statens Seruminstitut, CA 15-3	Statens Serum Institut, Ca 15-3	high	
1975	Statens Seruminstitut, CA 19-9	Statens Serum Institut, Ca 19-9	high	
1976	Statens Seruminstitut, Calicivirus PCR	Statens Serum Institut, Calicivirus pcr	high	
1977	Statens Seruminstitut, Calicivirus RNA (PC	Statens Serum Institut, Calicivirus rna (pc	high	
1978	Statens Seruminstitut, Calicivirus(Norwalk	Statens Serum Institut, Calicivirus(norwalk	high	
1979	Statens Seruminstitut, Campylobacter antis	Statens Serum Institut, Campylobacter antis	high	
1980	Statens Seruminstitut, Cancerantigen 125 (	Statens Serum Institut, Cancerantigen 125 (	high	
1981	Statens Seruminstitut, Candida antistof	Statens Serum Institut, Candida antibody	high	
1982	Statens Seruminstitut, Carbohydrat-deficie	Statens Serum Institut, Carbohydrat-deficie	high	
1983	Statens Seruminstitut, Carcinoembryonalt a	Statens Serum Institut, Carcinoembryonalt a	high	
1984	Statens Seruminstitut, Cardiolipin antisto	Statens Serum Institut, Cardiolipin antisto	high	
1985	Statens Seruminstitut, Cardiolipin i pakke	Statens Serum Institut, Cardiolipin in pakke	high	
1986	Statens Seruminstitut, Chlam.komp.bind.tes	Statens Serum Institut, Chlam.komp.bind.tes	high	
1987	Statens Seruminstitut, Chlam.kompl.bind.te	Statens Serum Institut, Chlam.kompl.bind.te	high	
1988	Statens Seruminstitut, Chlamydia komplemen	Statens Serum Institut, Chlamydia komplemen	high	
1989	Statens Seruminstitut, Chlamydia species a	Statens Serum Institut, Chlamydia species a	high	
1990	Statens Seruminstitut, Chlamydia trach. PC	Statens Serum Institut, Chlamydia trach. pc	low	Y
1991	Statens Seruminstitut, Chlamydia trachomat	Statens Serum Institut, Chlamydia trachomat	high	
1992	Statens Seruminstitut, Chlamydophila pneum	Statens Serum Institut, Chlamydophila pneum	high	
1993	Statens Seruminstitut, Chlamydophila psitt	Statens Serum Institut, Chlamydophila psitt	high	
1994	Statens Seruminstitut, Coeliaki mistanke	Statens Serum Institut, Coeliaki mistanke	high	
1995	Statens Seruminstitut, Cortisol	Statens Serum Institut, Cortisol	high	
1996	Statens Seruminstitut, Coxiella burnetii a	Statens Serum Institut, Coxiella burnetii a	high	
1997	Statens Seruminstitut, Cryptosporidium	Statens Serum Institut, Cryptosporidium	high	
1998	Statens Seruminstitut, Cystisk fibrose anl	Statens Serum Institut, Cystisk fibrose anl	low	Y
1999	Statens Seruminstitut, Cytomegalovirus (CM	Statens Serum Institut, Cytomegalovirus (cm	high	
2000	Statens Seruminstitut, Cytomegalvirus (CMV	Statens Serum Institut, Cytomegalvirus (cmv	high	
2001	Statens Seruminstitut, Cøliaki	Statens Serum Institut, Cøliaki	low	Y
2002	Statens Seruminstitut, Cøliaki-vævstypeund	Statens Serum Institut, Cøliaki-vævstypeund	low	Y
2003	Statens Seruminstitut, Dehydroepiandoroste	Statens Serum Institut, Dehydroepiandoroste	high	
2004	Statens Seruminstitut, Dehydroepiandroster	Statens Serum Institut, Dehydroepiandroster	high	
2005	Statens Seruminstitut, Dengue PCR	Statens Serum Institut, Dengue pcr	high	
2006	Statens Seruminstitut, Denguevirus antisto	Statens Serum Institut, Denguevirus antisto	high	
2007	Statens Seruminstitut, Diarré hos immunkom	Statens Serum Institut, Diarré to immunkom	high	
2008	Statens Seruminstitut, Difteri vaccine til	Statens Serum Institut, Difteri vaccine to	high	
2009	Statens Seruminstitut, Difteri-Tetanus vac	Statens Serum Institut, Difteri-tetanus vac	high	
2010	Statens Seruminstitut, Difteritoksin antis	Statens Serum Institut, Difteritoksin antis	high	
2011	Statens Seruminstitut, Doubletest	Statens Serum Institut, Doubletest	high	
2012	Statens Seruminstitut, E. coli PCR	Statens Serum Institut, E. coli pcr	high	
2013	Statens Seruminstitut, E.coli PCR, Akut	Statens Serum Institut, E.coli pcr, acute	high	
2014	Statens Seruminstitut, E.coli PCR, Persist	Statens Serum Institut, E.coli pcr, persist	high	
2015	Statens Seruminstitut, E.coli PCR, Rejesed	Statens Serum Institut, E.coli pcr, rejesed	high	
2016	Statens Seruminstitut, E.coli PCR, immunsu	Statens Serum Institut, E.coli pcr, immunsu	high	
2017	Statens Seruminstitut, ENA (U1RNP/Sm) anti	Statens Serum Institut, Ena (u1rnp/sm) anti	high	
2018	Statens Seruminstitut, ENA i pakke (møn.8)	Statens Serum Institut, Ena in pakke (møn.8)	low	Y
2019	Statens Seruminstitut, Echinococcus Multil	Statens Serum Institut, Echinococcus multil	high	
2020	Statens Seruminstitut, Echinococcus granul	Statens Serum Institut, Echinococcus granul	high	
2021	Statens Seruminstitut, Ehrlichia antistof	Statens Serum Institut, Ehrlichia antibody	high	
2022	Statens Seruminstitut, Endomysium antistof	Statens Serum Institut, Endomysium antibody	high	
2023	Statens Seruminstitut, Endomysium i Cøliak	Statens Serum Institut, Endomysium in cøliak	low	Y
2024	Statens Seruminstitut, Entamoeba antistof	Statens Serum Institut, Entamoeba antibody	high	
2025	Statens Seruminstitut, Enterovirus (EV) anæstesi	Statens Serum Institut, Enterovirus (ev) anaesthesia	high	
2026	Statens Seruminstitut, Enterovirus (EV), i	Statens Serum Institut, Enterovirus (ev), in	high	
2027	Statens Seruminstitut, Enterovirus RNA (RT	Statens Serum Institut, Enterovirus rna (rt	high	
2028	Statens Seruminstitut, Epstein-Barr virus	Statens Serum Institut, Epstein-barr virus	high	
2029	Statens Seruminstitut, Faktor V Leiden mut	Statens Serum Institut, Faktor v leiden mut	high	
2030	Statens Seruminstitut, Filarier antistof (	Statens Serum Institut, Filarier antibody (	high	
2031	Statens Seruminstitut, Flåtpakke - 4 analy	Statens Serum Institut, Flåtpakke - 4 analy	low	Y
2032	Statens Seruminstitut, Flåtpakke - Borreli	Statens Serum Institut, Flåtpakke - borreli	low	Y
2033	Statens Seruminstitut, Follikelstimulerend	Statens Serum Institut, Follikelstimulerend	high	
2034	Statens Seruminstitut, Fostervandsundersøg	Statens Serum Institut, Fostervandsundersøg	low	Y
2035	Statens Seruminstitut, Franciscella tulare	Statens Serum Institut, Franciscella tulare	high	
2036	Statens Seruminstitut, Frit testosteron (F	Statens Serum Institut, Frit testosteron (f	high	
2037	Statens Seruminstitut, Fund af middel til	Statens Serum Institut, Fund of middel to	high	
2038	Statens Seruminstitut, GAD-65 antistof (Ig	Statens Serum Institut, Gad-65 antibody (ig	high	
2039	Statens Seruminstitut, GAD-65 i Diabetes med	Statens Serum Institut, Gad-65 in diabetes with	high	
2040	Statens Seruminstitut, GS-ANA (IgG screeni	Statens Serum Institut, Gs-ana (igg screeni	high	
2041	Statens Seruminstitut, GS-ANA (IgG) screen	Statens Serum Institut, Gs-ana (igg) screen	high	
2042	Statens Seruminstitut, Gamle parasitunders	Statens Serum Institut, Gamle parasitunders	high	
2043	Statens Seruminstitut, Germinalcelletumor-	Statens Serum Institut, Germinalcelletumor-	high	
2044	Statens Seruminstitut, Glat muskel antisto	Statens Serum Institut, Glat muskel antisto	high	
2045	Statens Seruminstitut, Glat muskel i Hepat	Statens Serum Institut, Glat muskel in hepat	high	
2046	Statens Seruminstitut, Gliadin antistoffer	Statens Serum Institut, Gliadin antibodies	high	
2047	Statens Seruminstitut, Gliadin i Cøliaki p	Statens Serum Institut, Gliadin in cøliaki p	low	Y
2048	Statens Seruminstitut, Glomerulus basalmem	Statens Serum Institut, Glomerulus basalmem	high	
2049	Statens Seruminstitut, Gonokok antistof (G	Statens Serum Institut, Gonokok antibody (g	high	
2050	Statens Seruminstitut, Gonokokker dyrkning	Statens Serum Institut, Gonokokker dyrkning	low	Y
2051	Statens Seruminstitut, Gonokokker, dyrknin	Statens Serum Institut, Gonokokker, dyrknin	high	
2052	Statens Seruminstitut, Gonokokker, resiste	Statens Serum Institut, Gonokokker, resiste	high	
2053	Statens Seruminstitut, Gær- og skimmelsvam	Statens Serum Institut, Gær- and skimmelsvam	low	Y
2054	Statens Seruminstitut, Gærsvampe	Statens Serum Institut, Gærsvampe	low	Y
2055	Statens Seruminstitut, HBc (HB core) antis	Statens Serum Institut, Hbc (hb core) antis	high	
2056	Statens Seruminstitut, HISTON i pakke (møn	Statens Serum Institut, Histon in pakke (møn	low	Y
2057	Statens Seruminstitut, HIV 1/2 konfirmator	Statens Serum Institut, Hiv 1/2 konfirmator	high	
2058	Statens Seruminstitut, HIV antigen	Statens Serum Institut, Hiv antigen	high	
2059	Statens Seruminstitut, HIV-1/2 screening	Statens Serum Institut, Hiv-1/2 screening	low	Y
2060	Statens Seruminstitut, HIV-1/2 screening og	Statens Serum Institut, Hiv-1/2 screening and	low	Y
2061	Statens Seruminstitut, HLA-B27 Genotypning	Statens Serum Institut, Hla-b27 genotypning	low	Y
2062	Statens Seruminstitut, Haemophilus influen	Statens Serum Institut, Haemophilus influen	high	
2063	Statens Seruminstitut, Hantavirus PCR (RNA	Statens Serum Institut, Hantavirus pcr (rna	high	
2064	Statens Seruminstitut, Heb.b.virus (HBsAG)	Statens Serum Institut, Heb.b.virus (hbsag)	high	
2065	Statens Seruminstitut, Helicobacter pylori	Statens Serum Institut, Helicobacter pylori	high	
2066	Statens Seruminstitut, Hepatitis A & B kom	Statens Serum Institut, Hepatitis a & b kom	high	
2067	Statens Seruminstitut, Hepatitis A og B ko	Statens Serum Institut, Hepatitis a and b ko	high	
2068	Statens Seruminstitut, Hepatitis A virus (	Statens Serum Institut, Hepatitis a virus (	high	
2069	Statens Seruminstitut, Hepatitis A virus(H	Statens Serum Institut, Hepatitis a virus(h	high	
2070	Statens Seruminstitut, Hepatitis B vaccine	Statens Serum Institut, Hepatitis b vaccine	high	
2071	Statens Seruminstitut, Hepatitis B virus (	Statens Serum Institut, Hepatitis b virus (	high	
2072	Statens Seruminstitut, Hepatitis B virus c	Statens Serum Institut, Hepatitis b virus c	high	
2073	Statens Seruminstitut, Hepatitis B virus e	Statens Serum Institut, Hepatitis b virus e	high	
2074	Statens Seruminstitut, Hepatitis B virus s	Statens Serum Institut, Hepatitis b virus s	high	
2075	Statens Seruminstitut, Hepatitis C virus a	Statens Serum Institut, Hepatitis c virus a	high	
2076	Statens Seruminstitut, Hepatitis C virus g	Statens Serum Institut, Hepatitis c virus g	high	
2077	Statens Seruminstitut, Hepatitis C virus,	Statens Serum Institut, Hepatitis c virus,	high	
2078	Statens Seruminstitut, Hepatitis D virus a	Statens Serum Institut, Hepatitis d virus a	high	
2079	Statens Seruminstitut, Hepatitis E virus (	Statens Serum Institut, Hepatitis e virus (	high	
2080	Statens Seruminstitut, Herpes Simplex viru	Statens Serum Institut, Herpes simplex viru	high	
2081	Statens Seruminstitut, Histon antistof (Ig	Statens Serum Institut, Histon antibody (ig	high	
2082	Statens Seruminstitut, Hudantistoffer (IgG	Statens Serum Institut, Hudantistoffer (igg	high	
2083	Statens Seruminstitut, Hudsvamp i negl, PC	Statens Serum Institut, Hudsvamp in negl, pc	high	
2084	Statens Seruminstitut, Hudsvamp i negl, dy	Statens Serum Institut, Hudsvamp in negl, dy	high	
2085	Statens Seruminstitut, Hudsvamp i negle, P	Statens Serum Institut, Hudsvamp in negle, p	high	
2086	Statens Seruminstitut, Hudsvampe, dyrkning	Statens Serum Institut, Hudsvampe, dyrkning	low	Y
2087	Statens Seruminstitut, Hudsvampe, mikroskopi med	Statens Serum Institut, Hudsvampe, microscopy with	high	
2088	Statens Seruminstitut, Hudsvampe, mikrosko	Statens Serum Institut, Hudsvampe, mikrosko	high	
2089	Statens Seruminstitut, Human Herpesvirus-6	Statens Serum Institut, Human herpesvirus-6	high	
2090	Statens Seruminstitut, Human Papillomaviru	Statens Serum Institut, Human papillomaviru	high	
2091	Statens Seruminstitut, Human herpes virus	Statens Serum Institut, Human herpes virus	high	
2092	Statens Seruminstitut, Human immundefekt v	Statens Serum Institut, Human immundefekt v	high	
2093	Statens Seruminstitut, Humant choriongonad	Statens Serum Institut, Humant choriongonad	high	
2094	Statens Seruminstitut, Humant normalt immu	Statens Serum Institut, Humant normalt immu	high	
2095	Statens Seruminstitut, Hæmokromatose (HFE)	Statens Serum Institut, Hæmokromatose (hfe)	low	Y
2096	Statens Seruminstitut, IA-2 i Diabetes mel	Statens Serum Institut, Ia-2 in diabetes mel	high	
2097	Statens Seruminstitut, INF-g påvisning TB	Statens Serum Institut, Inf-g påvisning tb	low	Y
2098	Statens Seruminstitut, Ident. af rendyrket	Statens Serum Institut, Ident. of rendyrket	low	Y
2099	Statens Seruminstitut, IgA-RF i Symmetrisk	Statens Serum Institut, Iga-rf in symmetrisk	low	Y
2100	Statens Seruminstitut, IgM RF i Symmetrisk	Statens Serum Institut, Igm rf in symmetrisk	low	Y
2101	Statens Seruminstitut, Immunglobulin klass	Statens Serum Institut, Immunglobulin klass	high	
2102	Statens Seruminstitut, Immunsuppr.	Statens Serum Institut, Immunsuppr.	low	Y
2103	Statens Seruminstitut, Influenzavirus anti	Statens Serum Institut, Influenzavirus anti	high	
2104	Statens Seruminstitut, Insulin i Diabetes	Statens Serum Institut, Insulin in diabetes	high	
2105	Statens Seruminstitut, Intrinsic faktor anæstesi	Statens Serum Institut, Intrinsic faktor anaesthesia	high	
2106	Statens Seruminstitut, Jo-1 antistof (IgG)	Statens Serum Institut, Jo-1 antibody (igg)	high	
2107	Statens Seruminstitut, KULPODEPIND plast,	Statens Serum Institut, Kulpodepind plast,	high	
2108	Statens Seruminstitut, Keratin antistof Ig	Statens Serum Institut, Keratin antibody ig	high	
2109	Statens Seruminstitut, Kighostebakterier,	Statens Serum Institut, Kighostebakterier,	high	
2110	Statens Seruminstitut, Komplement C4	Statens Serum Institut, Komplement c4	high	
2111	Statens Seruminstitut, Komplementscreen in	Statens Serum Institut, Komplementscreen in	high	
2112	Statens Seruminstitut, Laktose intolerans	Statens Serum Institut, Laktose intolerans	high	
2113	Statens Seruminstitut, Legionella antigen	Statens Serum Institut, Legionella antigen	high	
2114	Statens Seruminstitut, Legionella antistof	Statens Serum Institut, Legionella antibody	high	
2115	Statens Seruminstitut, Legionella, PCR	Statens Serum Institut, Legionella, pcr	high	
2116	Statens Seruminstitut, Leishmania spp. ant	Statens Serum Institut, Leishmania spp. ant	low	Y
2117	Statens Seruminstitut, Leptospira antistof	Statens Serum Institut, Leptospira antibody	high	
2118	Statens Seruminstitut, Lever cytosol i Hep	Statens Serum Institut, Lever cytosol in hep	high	
2119	Statens Seruminstitut, Lever-nyre mikrosom	Statens Serum Institut, Lever-nyre mikrosom	high	
2120	Statens Seruminstitut, Listeria antistoffe	Statens Serum Institut, Listeria antistoffe	high	
2121	Statens Seruminstitut, Luftvejspanel (Infl	Statens Serum Institut, Luftvejspanel (infl	high	
2122	Statens Seruminstitut, Luteiniserende horm	Statens Serum Institut, Luteiniserende horm	high	
2123	Statens Seruminstitut, Lymfogranuloma-Vene	Statens Serum Institut, Lymfogranuloma-vene	high	
2124	Statens Seruminstitut, M-Komponent	Statens Serum Institut, M-komponent	high	
2125	Statens Seruminstitut, MBL deficiens under	Statens Serum Institut, Mbl deficiens under	high	
2126	Statens Seruminstitut, MBL deficiens undersøgelse,	Statens Serum Institut, Mbl deficiens examination,	high	
2127	Statens Seruminstitut, MBL genotypning	Statens Serum Institut, Mbl genotypning	low	Y
2128	Statens Seruminstitut, MPO-ANCA (IgG)	Statens Serum Institut, Mpo-anca (igg)	high	
2129	Statens Seruminstitut, Malariaparasitter,	Statens Serum Institut, Malariaparasitter,	high	
2130	Statens Seruminstitut, Mannan bindende pro	Statens Serum Institut, Mannan bindende pro	high	
2131	Statens Seruminstitut, Meningokok antistof	Statens Serum Institut, Meningokok antibody	high	
2132	Statens Seruminstitut, Microsporidium	Statens Serum Institut, Microsporidium	high	
2133	Statens Seruminstitut, Mitokondrie antisto	Statens Serum Institut, Mitokondrie antisto	high	
2134	Statens Seruminstitut, Mkrsp./indsendt materiale	Statens Serum Institut, Mkrsp./indsendt material	low	Y
2135	Statens Seruminstitut, Mononukleose (Paul	Statens Serum Institut, Mononukleose (paul	high	
2136	Statens Seruminstitut, Morbillivirus antis	Statens Serum Institut, Morbillivirus antis	high	
2137	Statens Seruminstitut, Motorisk/sensorisk	Statens Serum Institut, Motorisk/sensorisk	low	Y
2138	Statens Seruminstitut, Mycobacterium tub.	Statens Serum Institut, Mycobacterium tub.	low	Y
2139	Statens Seruminstitut, Mycobacterium tuber	Statens Serum Institut, Mycobacterium tuber	high	
2140	Statens Seruminstitut, Mycopl. pneum. anti	Statens Serum Institut, Mycopl. pneum. anti	low	Y
2141	Statens Seruminstitut, Mycoplasma gen. PCR	Statens Serum Institut, Mycoplasma gen. pcr	low	Y
2142	Statens Seruminstitut, Mycoplasma genitali	Statens Serum Institut, Mycoplasma genitali	high	
2143	Statens Seruminstitut, Mycoplasma hominis	Statens Serum Institut, Mycoplasma hominis	high	
2144	Statens Seruminstitut, Mycoplasma hominis,	Statens Serum Institut, Mycoplasma hominis,	high	
2145	Statens Seruminstitut, Mycoplasma pneumoni	Statens Serum Institut, Mycoplasma pneumoni	high	
2146	Statens Seruminstitut, Mykobakterier, arts	Statens Serum Institut, Mykobakterier, arts	high	
2147	Statens Seruminstitut, Mykobakterier, mikroskopi	Statens Serum Institut, Mykobakterier, microscopy	high	
2148	Statens Seruminstitut, Mæslinge vaccine 1	Statens Serum Institut, Mæslinge vaccine 1	low	Y
2149	Statens Seruminstitut, Neonatal screening,	Statens Serum Institut, Neonatal screening,	low	Y
2150	Statens Seruminstitut, PCR (RNA) RSV	Statens Serum Institut, Pcr (rna) rsv	high	
2151	Statens Seruminstitut, PCR (RNA) influenza	Statens Serum Institut, Pcr (rna) influenza	high	
2152	Statens Seruminstitut, PCR for Haemophilus	Statens Serum Institut, Pcr for haemophilus	high	
2153	Statens Seruminstitut, POS ANCA488	Statens Serum Institut, Pos anca488	high	
2154	Statens Seruminstitut, PR3-ANCA (IgG)	Statens Serum Institut, Pr3-anca (igg)	high	
2155	Statens Seruminstitut, Parainfluenzavirus	Statens Serum Institut, Parainfluenzavirus	high	
2156	Statens Seruminstitut, Paraneoplastik synd	Statens Serum Institut, Paraneoplastik synd	high	
2157	Statens Seruminstitut, Parasitologisk unde	Statens Serum Institut, Parasitologisk unde	low	Y
2158	Statens Seruminstitut, Parasitter fra immu	Statens Serum Institut, Parasitter from immu	high	
2159	Statens Seruminstitut, Parasitter fra pers	Statens Serum Institut, Parasitter from pers	high	
2160	Statens Seruminstitut, Parasitter fra rejs	Statens Serum Institut, Parasitter from rejs	high	
2161	Statens Seruminstitut, Parasitter mikrosko	Statens Serum Institut, Parasitter mikrosko	high	
2162	Statens Seruminstitut, Parietalcelle antis	Statens Serum Institut, Parietalcelle antis	high	
2163	Statens Seruminstitut, Parotitisvirus anti	Statens Serum Institut, Parotitisvirus anti	high	
2164	Statens Seruminstitut, Parrietalcelle anti	Statens Serum Institut, Parrietalcelle anti	high	
2165	Statens Seruminstitut, Parvovirus B-19 ant	Statens Serum Institut, Parvovirus b-19 ant	high	
2166	Statens Seruminstitut, Parvovirus B-19, DN	Statens Serum Institut, Parvovirus b-19, dn	high	
2167	Statens Seruminstitut, Persisterend diarré	Statens Serum Institut, Persisterend diarré	high	
2168	Statens Seruminstitut, Persisterende  + 1	Statens Serum Institut, Persisterende + 1	high	
2169	Statens Seruminstitut, Persisterende diarr	Statens Serum Institut, Persisterende diarr	high	
2170	Statens Seruminstitut, Pityrosporum/Malass	Statens Serum Institut, Pityrosporum/malass	high	
2171	Statens Seruminstitut, Plasmodium spp. ant	Statens Serum Institut, Plasmodium spp. ant	low	Y
2172	Statens Seruminstitut, Pneumokok antigen	Statens Serum Institut, Pneumokok antigen	high	
2173	Statens Seruminstitut, Pneumokok antigen (	Statens Serum Institut, Pneumokok antigen (	high	
2174	Statens Seruminstitut, Pneumokok antistof	Statens Serum Institut, Pneumokok antibody	high	
2175	Statens Seruminstitut, Pneumokok antistoff	Statens Serum Institut, Pneumokok antistoff	high	
2176	Statens Seruminstitut, Pneumokok vaccine p	Statens Serum Institut, Pneumokok vaccine p	high	
2177	Statens Seruminstitut, Poliovirus neutrali	Statens Serum Institut, Poliovirus neutrali	high	
2178	Statens Seruminstitut, Polymyositis (USA p	Statens Serum Institut, Polymyositis (usa p	high	
2179	Statens Seruminstitut, Poxvirus, Elektronm	Statens Serum Institut, Poxvirus, elektronm	high	
2180	Statens Seruminstitut, Progesteron	Statens Serum Institut, Progesteron	high	
2181	Statens Seruminstitut, Prolactin	Statens Serum Institut, Prolactin	high	
2182	Statens Seruminstitut, Prostataspecifikt a	Statens Serum Institut, Prostataspecifikt a	high	
2183	Statens Seruminstitut, Proteus antistof (W	Statens Serum Institut, Proteus antibody (w	high	
2184	Statens Seruminstitut, Prøveforb. til viru	Statens Serum Institut, Test preparation. to viru	low	Y
2185	Statens Seruminstitut, Rabies antistoffer	Statens Serum Institut, Rabies antibodies	high	
2186	Statens Seruminstitut, Rabies vaccine 1 do	Statens Serum Institut, Rabies vaccine 1 do	high	
2187	Statens Seruminstitut, Reaktiv Artritis/Ta	Statens Serum Institut, Reaktiv artritis/ta	high	
2188	Statens Seruminstitut, Rejsediarre	Statens Serum Institut, Rejsediarre	high	
2189	Statens Seruminstitut, Rejsediarré	Statens Serum Institut, Rejsediarré	high	
2190	Statens Seruminstitut, Res. (1) midler til	Statens Serum Institut, Res. (1) midler to	low	Y
2191	Statens Seruminstitut, Res. (2) midler til	Statens Serum Institut, Res. (2) midler to	low	Y
2192	Statens Seruminstitut, Resistensbestem. fo	Statens Serum Institut, Resistensbestem. fo	low	Y
2193	Statens Seruminstitut, Respirationsvejs PC	Statens Serum Institut, Respirationsvejs pc	high	
2194	Statens Seruminstitut, Retikulin antistoff	Statens Serum Institut, Retikulin antistoff	high	
2195	Statens Seruminstitut, Reumafaktor (IgA)	Statens Serum Institut, Reumafaktor (iga)	high	
2196	Statens Seruminstitut, Reumafaktor (IgM)	Statens Serum Institut, Reumafaktor (igm)	high	
2197	Statens Seruminstitut, Reumatoid artrit (n	Statens Serum Institut, Reumatoid artrit (n	high	
2198	Statens Seruminstitut, Rhinovirus PCR	Statens Serum Institut, Rhinovirus pcr	high	
2199	Statens Seruminstitut, Ribosomalt RNP anti	Statens Serum Institut, Ribosomalt rnp anti	high	
2200	Statens Seruminstitut, Rota-,adeno-& astro	Statens Serum Institut, Rota-,adeno-& astro	high	
2201	Statens Seruminstitut, Rota-,adeno-astro-,	Statens Serum Institut, Rota-,adeno-astro-,	high	
2202	Statens Seruminstitut, Rotavirus antigen i	Statens Serum Institut, Rotavirus antigen in	high	
2203	Statens Seruminstitut, Rotavirus i akut ga	Statens Serum Institut, Rotavirus in acute ga	high	
2204	Statens Seruminstitut, Rubella IgG infekti	Statens Serum Institut, Rubella igg infekti	high	
2205	Statens Seruminstitut, Rubellavirus antist	Statens Serum Institut, Rubellavirus antist	high	
2206	Statens Seruminstitut, S 100 b	Statens Serum Institut, S 100 b	high	
2207	Statens Seruminstitut, SSA (Ro)/SSB (La) a	Statens Serum Institut, Ssa (ro)/ssb (la) a	high	
2208	Statens Seruminstitut, SSA/SSB i pakke (mø	Statens Serum Institut, Ssa/ssb in pakke (mø	low	Y
2209	Statens Seruminstitut, Salmonella antistof	Statens Serum Institut, Salmonella antibody	high	
2210	Statens Seruminstitut, Sarcolemma antistof	Statens Serum Institut, Sarcolemma antibody	high	
2211	Statens Seruminstitut, Schistosoma	Statens Serum Institut, Schistosoma	high	
2212	Statens Seruminstitut, Schistosoma antisto	Statens Serum Institut, Schistosoma antisto	high	
2213	Statens Seruminstitut, Scl-70 antistof (Ig	Statens Serum Institut, Scl-70 antibody (ig	high	
2214	Statens Seruminstitut, Scl-70 antistof i p	Statens Serum Institut, Scl-70 antibody in p	high	
2215	Statens Seruminstitut, Sensorisk neuropati	Statens Serum Institut, Sensorisk neuropati	low	Y
2216	Statens Seruminstitut, Sexsualhormon binde	Statens Serum Institut, Sexsualhormon binde	high	
2217	Statens Seruminstitut, Spermie antistof	Statens Serum Institut, Spermie antibody	high	
2218	Statens Seruminstitut, Streptokok DNAse B	Statens Serum Institut, Streptokok dnase b	high	
2219	Statens Seruminstitut, Strongyloides antis	Statens Serum Institut, Strongyloides antis	high	
2220	Statens Seruminstitut, Syfilis antistoffer	Statens Serum Institut, Syfilis antibodies	high	
2221	Statens Seruminstitut, Syfilis og HIV anti	Statens Serum Institut, Syfilis and hiv anti	high	
2222	Statens Seruminstitut, Syfilis udvidet STS	Statens Serum Institut, Syfilis udvidet sts	high	
2223	Statens Seruminstitut, Syfilisbakterier, med	Statens Serum Institut, Syfilisbakterier, with	high	
2224	Statens Seruminstitut, Syfilisscreen af gr	Statens Serum Institut, Syfilisscreen of gr	high	
2225	Statens Seruminstitut, Syfilisscreening af	Statens Serum Institut, Syfilisscreening of	low	Y
2226	Statens Seruminstitut, til p b st. analyse	Statens Serum Institut, To p b st. analyse	low	Y
2227	Statens Seruminstitut, TBE antistof (IgG og	Statens Serum Institut, Tbe antibody (igg and	high	
2228	Statens Seruminstitut, TG-antistof i pakke	Statens Serum Institut, Tg-antibody in pakke	high	
2229	Statens Seruminstitut, TPB + 1-4 coli	Statens Serum Institut, Tpb + 1-4 coli	high	
2230	Statens Seruminstitut, TPB St. + coli + 1	Statens Serum Institut, Tpb st. + coli + 1	low	Y
2231	Statens Seruminstitut, TPB St.+coli + 1 su	Statens Serum Institut, Tpb st.+coli + 1 su	high	
2232	Statens Seruminstitut, TPB St.+coli + 3 su	Statens Serum Institut, Tpb st.+coli + 3 su	high	
2233	Statens Seruminstitut, TPB Standard	Statens Serum Institut, Tpb standard	high	
2234	Statens Seruminstitut, TPB Standard + 1 su	Statens Serum Institut, Tpb standard + 1 su	high	
2235	Statens Seruminstitut, TPB Standard + 2 su	Statens Serum Institut, Tpb standard + 2 su	high	
2236	Statens Seruminstitut, TPB Standard + 3 su	Statens Serum Institut, Tpb standard + 3 su	high	
2237	Statens Seruminstitut, TPB Standard + 4 su	Statens Serum Institut, Tpb standard + 4 su	high	
2238	Statens Seruminstitut, TPB Standard + 5 su	Statens Serum Institut, Tpb standard + 5 su	high	
2239	Statens Seruminstitut, TPB Standard + Cl.	Statens Serum Institut, Tpb standard + cl.	low	Y
2240	Statens Seruminstitut, TPB standardanalyse	Statens Serum Institut, Tpb standardanalyse	high	
2241	Statens Seruminstitut, TPO-antistof i pakk	Statens Serum Institut, Tpo-antibody in pakk	high	
2242	Statens Seruminstitut, TSH-receptor antist	Statens Serum Institut, Tsh-receptor antist	high	
2243	Statens Seruminstitut, Taenia antistof (Cy	Statens Serum Institut, Taenia antibody (cy	high	
2244	Statens Seruminstitut, Tarmbakt.st.ana.+ 1	Statens Serum Institut, Tarmbakt.st.ana.+ 1	high	
2245	Statens Seruminstitut, Tarmpatogene bakter	Statens Serum Institut, Tarmpatogene bakter	high	
2246	Statens Seruminstitut, Testosteron	Statens Serum Institut, Testosteron	high	
2247	Statens Seruminstitut, Tetanus vaccine 1 d	Statens Serum Institut, Tetanus vaccine 1 d	high	
2248	Statens Seruminstitut, Tetanus vaccine 10	Statens Serum Institut, Tetanus vaccine 10	high	
2249	Statens Seruminstitut, Tetanustoksin antis	Statens Serum Institut, Tetanustoksin antis	high	
2250	Statens Seruminstitut, Thyreoglobulin (ser	Statens Serum Institut, Thyreoglobulin (ser	high	
2251	Statens Seruminstitut, Tillæg pos. syfilis	Statens Serum Institut, Supplement pos. syfilis	low	Y
2252	Statens Seruminstitut, Tillæg udv.pos.syfi	Statens Serum Institut, Supplement udv.pos.syfi	high	
2253	Statens Seruminstitut, Toxocara antistof	Statens Serum Institut, Toxocara antibody	high	
2254	Statens Seruminstitut, Toxoplasma gondii a	Statens Serum Institut, Toxoplasma gondii a	high	
2255	Statens Seruminstitut, Toxoplasma, Elisa G	Statens Serum Institut, Toxoplasma, elisa g	high	
2256	Statens Seruminstitut, Toxoplasmose gondii	Statens Serum Institut, Toxoplasmose gondii	high	
2257	Statens Seruminstitut, Transglutaminase anæstesi	Statens Serum Institut, Transglutaminase anaesthesia	high	
2258	Statens Seruminstitut, Transglutamunase i	Statens Serum Institut, Transglutamunase in	high	
2259	Statens Seruminstitut, Transport af pakker	Statens Serum Institut, Transport of pakker	high	
2260	Statens Seruminstitut, Trichinella spp. anæstesi	Statens Serum Institut, Trichinella spp. anaesthesia	low	Y
2261	Statens Seruminstitut, Trichomonas vaginal	Statens Serum Institut, Trichomonas vaginal	high	
2262	Statens Seruminstitut, Triple-test SSI	Statens Serum Institut, Triple-test ssi	high	
2263	Statens Seruminstitut, Trofozoitter, mik f	Statens Serum Institut, Trofozoitter, mik f	high	
2264	Statens Seruminstitut, Trypanosoma antisto	Statens Serum Institut, Trypanosoma antisto	high	
2265	Statens Seruminstitut, Tværstribet muskel	Statens Serum Institut, Tværstribet muskel	low	Y
2266	Statens Seruminstitut, Tyreoglobulin antis	Statens Serum Institut, Tyreoglobulin antis	high	
2267	Statens Seruminstitut, Tyreoidea peroxidas	Statens Serum Institut, Tyreoidea peroxidas	high	
2268	Statens Seruminstitut, Ureaplasma urealyti	Statens Serum Institut, Ureaplasma urealyti	high	
2269	Statens Seruminstitut, Urinprøvesæt, 10 st	Statens Serum Institut, Urinprøvesæt, 10 st	low	Y
2270	Statens Seruminstitut, Urogenitale mycopla	Statens Serum Institut, Urogenitale mycopla	high	
2271	Statens Seruminstitut, Vacuna BCG,  1?20 d	Statens Serum Institut, Vacuna bcg, 1?20 d	high	
2272	Statens Seruminstitut, Vaginalpodning	Statens Serum Institut, Vaginalpodning	low	Y
2273	Statens Seruminstitut, Varicella Zoster vi	Statens Serum Institut, Varicella zoster vi	high	
2274	Statens Seruminstitut, Virus luftvejspakke	Statens Serum Institut, Virus luftvejspakke	high	
2275	Statens Seruminstitut, Virus transportmedi	Statens Serum Institut, Virus transportmedi	high	
2276	Statens Seruminstitut, Vivaglobin,2x10 ml.	Statens Serum Institut, Vivaglobin,2x10 ml.	low	Y
2277	Statens Seruminstitut, Yersinia enterocoli	Statens Serum Institut, Yersinia enterocoli	high	
2278	Statens Seruminstitut, Yersinia pseudotube	Statens Serum Institut, Yersinia pseudotube	high	
2279	Statens Seruminstitut, anti-CCP	Statens Serum Institut, Anti-ccp	high	
2280	Statens Seruminstitut, anti-CCP (R488)	Statens Serum Institut, Anti-ccp (r488)	high	
2281	Statens Seruminstitut, diTeBooster 5?1 ds.	Statens Serum Institut, Ditebooster 5?1 ds.	low	Y
2282	Statens Seruminstitut, ds-DNA i pakke (møn	Statens Serum Institut, Ds-dna in pakke (møn	low	Y
2283	Statens Seruminstitut, dsDNA antistof (IgG	Statens Serum Institut, Dsdna antibody (igg	high	
2284	Statens Seruminstitut, ukendt	Statens Serum Institut, Ukendt	high	
2285	Statens Seruminstitut, ø-celle antistof (I	Statens Serum Institut, Ø-celle antibody (in	low	Y
2286	Statens Seruminstitut, ø-celle i Diabetes	Statens Serum Institut, Ø-celle in diabetes	low	Y
2287	Statens Seruminstitut, østradiol	Statens Serum Institut, Østradiol	low	Y
2288	Statens Seruminstitut, østrogenstatus	Statens Serum Institut, Østrogenstatus	low	Y
2289	Statens Seruminstitut, østrogenstatus excl	Statens Serum Institut, Østrogenstatus excl	low	Y
2290	Tandplejere, Regelmæssig undersøgelse fra 26 år	Dental hygienist service, Regular examination from 26 years	high	
2291	Tandplejere, Undersøgelse	Dental hygienist service, Examination	high	
2292	Tandplejere, almindelig paradontalbeh.	Dental hygienist service, Ordinary paradontalbeh.	low	Y
2293	Tandplejere, bitewings ved kontrol efter RDU	Dental hygienist service, Bitewings by follow-up after rdu	high	
2294	Tandplejere, bitewings ved regelmæssig undersøgelse	Dental hygienist service, Bitewings by regular examination	high	
2295	Tandplejere, individuel forebyggende behandling	Dental hygienist service, Individual forebyggende treatment	high	
2296	Tandplejere, konsultation uden behandling	Dental hygienist service, Consultation without treatment	high	
2297	Tandplejere, kontrol af almindelig paradontalbeh.	Dental hygienist service, Follow-up of ordinary paradontalbeh.	low	Y
2298	Tandplejere, kontrol efter undersøgelse 18-25 år	Dental hygienist service, Follow-up after examination 18-25 years	high	
2299	Tandplejere, kontrol efter undersøgelse fra 26 år	Dental hygienist service, Follow-up after examination from 26 years	high	
2300	Tandplejere, kontrold af udvidet paradontalbeh.	Dental hygienist service, Kontrold of udvidet paradontalbeh.	low	Y
2301	Tandplejere, regelmæssig undersøgelse 18-25 år	Dental hygienist service, Regular examination 18-25 years	high	
2302	Tandplejere, tandrensningunder 15 tænder	Dental hygienist service, Tandrensningunder 15 tænder	low	Y
2303	Tandplejere, tansrensning mindst 15 tænder	Dental hygienist service, Tansrensning mindst 15 tænder	low	Y
2304	Tandplejere, udv. paradontalbeh.	Dental hygienist service, Udv. paradontalbeh.	low	Y
2305	Tandplejere, udvidet forebygg. behandling	Dental hygienist service, Udvidet forebygg. treatment	low	Y
2306	Tandplejere, udvidet paradontalbeh.	Dental hygienist service, Udvidet paradontalbeh.	low	Y
2307	Tandplejere, udvidet tandrensning	Dental hygienist service, Udvidet tandrensning	low	Y
2308	Tandplejere, undersøgelse af henvist patient	Dental hygienist service, Examination of henvist patient	high	
2309	Diagnost. radiologi, (procedure not documented)	Diagnostic radiology, (procedure not documented)	low	
2310	Diagnost. radiologi, Albue	Diagnostic radiology, Albue	high	
2311	Diagnost. radiologi, Albue Halvt	Diagnostic radiology, Albue half	high	
2312	Diagnost. radiologi, Albue følgende	Diagnostic radiology, Albue subsequent	high	
2313	Diagnost. radiologi, almindelig Urografi	Diagnostic radiology, Ordinary urografi	high	
2314	Diagnost. radiologi, Belast undersøgelse af led	Diagnostic radiology, Belast examination of joint	high	
2315	Diagnost. radiologi, Bihuler	Diagnostic radiology, Bihuler	high	
2316	Diagnost. radiologi, Bihuler Halvt	Diagnostic radiology, Bihuler half	high	
2317	Diagnost. radiologi, Bry med Lunger   Halvt	Diagnostic radiology, Bry with lunger half	high	
2318	Diagnost. radiologi, Bry med Lunger & Hjert	Diagnostic radiology, Bry with lunger & hjert	high	
2319	Diagnost. radiologi, Brysthvirvler	Diagnostic radiology, Brysthvirvler	high	
2320	Diagnost. radiologi, Brysthvirvler Halvt	Diagnostic radiology, Brysthvirvler half	high	
2321	Diagnost. radiologi, Brystk med lung/hjert	Diagnostic radiology, Brystk with lung/hjert	high	
2322	Diagnost. radiologi, Bækken	Diagnostic radiology, Pelvis	high	
2323	Diagnost. radiologi, Bækken Halvt	Diagnostic radiology, Pelvis half	high	
2324	Diagnost. radiologi, Cholecystografi	Diagnostic radiology, Cholecystografi	high	
2325	Diagnost. radiologi, dobbelt kontrol undersøgelse Tykt Col	Diagnostic radiology, Double follow-up examination tykt col	high	
2326	Diagnost. radiologi, dobbelt kontrol undersøgelse Tyk Halv	Diagnostic radiology, Double follow-up examination tyk half	high	
2327	Diagnost. radiologi, E-mail konsultation	Diagnostic radiology, E-mail consultation	high	
2328	Diagnost. radiologi, Ekstremiteter	Diagnostic radiology, Ekstremiteter	high	
2329	Diagnost. radiologi, Fod	Diagnostic radiology, Fod	high	
2330	Diagnost. radiologi, Fod Halvt	Diagnostic radiology, Fod half	high	
2331	Diagnost. radiologi, Fod/fodled	Diagnostic radiology, Fod/fodled	high	
2332	Diagnost. radiologi, Fodled	Diagnostic radiology, Fodled	high	
2333	Diagnost. radiologi, Fodled Halvt	Diagnostic radiology, Fodled half	high	
2334	Diagnost. radiologi, Funkt undersøgelse rygsøjle if	Diagnostic radiology, Funkt examination spine if	high	
2335	Diagnost. radiologi, funktionsundersøgelse rygsøjle i F Rtg uden	Diagnostic radiology, Function test spine in f rtg without	high	
2336	Diagnost. radiologi, Haleben	Diagnostic radiology, Haleben	high	
2337	Diagnost. radiologi, Haleben Halvt	Diagnostic radiology, Haleben half	high	
2338	Diagnost. radiologi, Hals	Diagnostic radiology, Hals	high	
2339	Diagnost. radiologi, Hals- og Luft. Halvt	Diagnostic radiology, Hals- and luft. half	low	Y
2340	Diagnost. radiologi, Hals- og Luftrør	Diagnostic radiology, Hals- and luftrør	low	Y
2341	Diagnost. radiologi, Halshvirvler	Diagnostic radiology, Halshvirvler	high	
2342	Diagnost. radiologi, Halshvirvler Halvt	Diagnostic radiology, Halshvirvler half	high	
2343	Diagnost. radiologi, Hystero-salpingograf	Diagnostic radiology, Hystero-salpingograf	high	
2344	Diagnost. radiologi, Hysterosalpino	Diagnostic radiology, Hysterosalpino	high	
2345	Diagnost. radiologi, Hånd	Diagnostic radiology, Hand	high	
2346	Diagnost. radiologi, Hånd Halvt	Diagnostic radiology, Hand half	high	
2347	Diagnost. radiologi, Hånd/håndled	Diagnostic radiology, Hand/wrist	high	
2348	Diagnost. radiologi, Hånd/håndled følgende	Diagnostic radiology, Hand/wrist subsequent	high	
2349	Diagnost. radiologi, Håndled Halvt	Diagnostic radiology, Wrist half	high	
2350	Diagnost. radiologi, Intravenøs Cholangio	Diagnostic radiology, Intravenøs cholangio	low	Y
2351	Diagnost. radiologi, Knæ	Diagnostic radiology, Knee	high	
2352	Diagnost. radiologi, Knæ   Halvt	Diagnostic radiology, Knee half	high	
2353	Diagnost. radiologi, Kranium	Diagnostic radiology, Kranium	high	
2354	Diagnost. radiologi, Kranium Halvt	Diagnostic radiology, Kranium half	high	
2355	Diagnost. radiologi, Kæbeled	Diagnostic radiology, Temporomandibular joint	high	
2356	Diagnost. radiologi, Kæbeled Halvt	Diagnostic radiology, Temporomandibular joint half	high	
2357	Diagnost. radiologi, Lår og Hoftel. Halvt	Diagnostic radiology, Thigh and hoftel. half	low	Y
2358	Diagnost. radiologi, Lår og Hofteled	Diagnostic radiology, Thigh and hofteled	high	
2359	Diagnost. radiologi, Lår og hofteled	Diagnostic radiology, Thigh and hofteled	high	
2360	Diagnost. radiologi, Lænde og korsbenshv.	Diagnostic radiology, Lower back and korsbenshv.	low	Y
2361	Diagnost. radiologi, Lænde-& Korsb. Halvt	Diagnostic radiology, Lower back-& korsb. half	low	Y
2362	Diagnost. radiologi, Lænde-& Korsbenshv	Diagnostic radiology, Lower back-& korsbenshv	high	
2363	Diagnost. radiologi, Mammae	Diagnostic radiology, Mammae	high	
2364	Diagnost. radiologi, Mammografi	Diagnostic radiology, Mammografi	high	
2365	Diagnost. radiologi, Mave med Tolv til Halv	Diagnostic radiology, Mave with tolv to half	high	
2366	Diagnost. radiologi, Mave med Tolvf.Tarm	Diagnostic radiology, Mave with tolvf.tarm	high	
2367	Diagnost. radiologi, Nedre abdomen, blære	Diagnostic radiology, Nedre abdomen, bladder	high	
2368	Diagnost. radiologi, Nyrer	Diagnostic radiology, Nyrer	high	
2369	Diagnost. radiologi, Overkæbe	Diagnostic radiology, Upper jaw	high	
2370	Diagnost. radiologi, Overkæbe Halvt	Diagnostic radiology, Upper jaw half	high	
2371	Diagnost. radiologi, Skulderl. mv Halvt	Diagnostic radiology, Skulderl. etc. half	low	Y
2372	Diagnost. radiologi, Skulderl. og Overarm	Diagnostic radiology, Skulderl. and overarm	low	Y
2373	Diagnost. radiologi, Skulderled og overar	Diagnostic radiology, Skulderled and overar	high	
2374	Diagnost. radiologi, Spiserør	Diagnostic radiology, Oesophagus	high	
2375	Diagnost. radiologi, Testes	Diagnostic radiology, Testes	high	
2376	Diagnost. radiologi, Tindingeben Halvt	Diagnostic radiology, Tindingeben half	high	
2377	Diagnost. radiologi, Tom.A. Rygsøjle	Diagnostic radiology, Tom.a. spine	high	
2378	Diagnost. radiologi, Trachea	Diagnostic radiology, Trachea	high	
2379	Diagnost. radiologi, Udvidet mammografi	Diagnostic radiology, Udvidet mammografi	high	
2380	Diagnost. radiologi, Ukendt	Diagnostic radiology, Ukendt	high	
2381	Diagnost. radiologi, Underarm	Diagnostic radiology, Underarm	high	
2382	Diagnost. radiologi, Underarm Halvt	Diagnostic radiology, Underarm half	high	
2383	Diagnost. radiologi, Underarm følgende	Diagnostic radiology, Underarm subsequent	high	
2384	Diagnost. radiologi, Underben	Diagnostic radiology, Underben	low	Y
2385	Diagnost. radiologi, Underben Halvt	Diagnostic radiology, Underben half	low	Y
2386	Diagnost. radiologi, belastningsund. af led følgende	Diagnostic radiology, Belastningsund. of joint subsequent	low	Y
2387	Diagnost. radiologi, bihuller følgende	Diagnostic radiology, Bihuller subsequent	high	
2388	Diagnost. radiologi, brysthvirvler følgende	Diagnostic radiology, Brysthvirvler subsequent	high	
2389	Diagnost. radiologi, brystkasse med lunger og hjerte følgende	Diagnostic radiology, Brystkasse with lunger and hjerte subsequent	high	
2390	Diagnost. radiologi, bækken følgende	Diagnostic radiology, Pelvis subsequent	high	
2391	Diagnost. radiologi, ekstremiteter følgende	Diagnostic radiology, Ekstremiteter subsequent	high	
2392	Diagnost. radiologi, fod/fodled følgende	Diagnostic radiology, Fod/fodled subsequent	high	
2393	Diagnost. radiologi, funktionsu. af rygsøjle følgende	Diagnostic radiology, Funktionsu. of spine subsequent	low	Y
2394	Diagnost. radiologi, haleben følgende	Diagnostic radiology, Haleben subsequent	high	
2395	Diagnost. radiologi, hals følgende	Diagnostic radiology, Hals subsequent	high	
2396	Diagnost. radiologi, halshvivler følgende	Diagnostic radiology, Halshvivler subsequent	high	
2397	Diagnost. radiologi, knæ følgende	Diagnostic radiology, Knee subsequent	high	
2398	Diagnost. radiologi, kæbeled følgende	Diagnostic radiology, Temporomandibular joint subsequent	high	
2399	Diagnost. radiologi, ltype 7	Diagnostic radiology, Ltype 7	high	
2400	Diagnost. radiologi, lår og hofteled følgende	Diagnostic radiology, Thigh and hofteled subsequent	high	
2401	Diagnost. radiologi, lænde og korsbenshvirvler følgende	Diagnostic radiology, Lower back and korsbenshvirvler subsequent	high	
2402	Diagnost. radiologi, mammae følgende	Diagnostic radiology, Mammae subsequent	high	
2403	Diagnost. radiologi, nyrer følgende	Diagnostic radiology, Nyrer subsequent	high	
2404	Diagnost. radiologi, skulderled og overarm følgende	Diagnostic radiology, Skulderled and overarm subsequent	high	
2405	Diagnost. radiologi, testes følgende	Diagnostic radiology, Testes subsequent	high	
2406	Diagnost. radiologi, telefon rådgivning	Diagnostic radiology, Telephone advice	high	
2407	Diagnost. radiologi, underben følgende	Diagnostic radiology, Underben subsequent	low	Y
2408	Diagnost. radiologi, øvre abdomen	Diagnostic radiology, Upper abdomen	high	
2409	Tandlægehjælp, (procedure not documented)	Dental service, (procedure not documented)	low	
2410	Tandlægehjælp, Akut oplukning	Dental service, Acute oplukning	low	Y
2411	Tandlægehjælp, almindelig Paradontalbeh.	Dental service, Ordinary paradontalbeh.	low	Y
2412	Tandlægehjælp, Apikal amp. og rodf.	Dental service, Apikal amp. and rodf.	low	Y
2413	Tandlægehjælp, Bitew dia foreb undersøgelse	Dental service, Bitew dia foreb examination	high	
2414	Tandlægehjælp, Bitewings i f med RDU	Dental service, Bitewings in f with rdu	high	
2415	Tandlægehjælp, Diag. og forebyg.yd	Dental service, Diag. and forebyg.yd	low	Y
2416	Tandlægehjælp, Fyldning Amalgam. A	Dental service, Fyldning amalgam. a	low	Y
2417	Tandlægehjælp, Fyldning Amalgam. B	Dental service, Fyldning amalgam. b	low	Y
2418	Tandlægehjælp, Fyldning Amalgam. C	Dental service, Fyldning amalgam. c	low	Y
2419	Tandlægehjælp, Fyldning Emaliecem.D	Dental service, Fyldning emaliecem.d	low	Y
2420	Tandlægehjælp, Glasionomerfyldning	Dental service, Glasionomerfyldning	low	Y
2421	Tandlægehjælp, Gradv eksklusive Amalgam. A	Dental service, Gradv excluding amalgam. a	low	Y
2422	Tandlægehjælp, Gradv eksklusive Amalgam. B	Dental service, Gradv excluding amalgam. b	low	Y
2423	Tandlægehjælp, Gradv eksklusive Amalgam. C	Dental service, Gradv excluding amalgam. c	low	Y
2424	Tandlægehjælp, Hygiejnetillæg	Dental service, Hygiejnetillæg	low	Y
2425	Tandlægehjælp, Indv. forebyg. behandling	Dental service, Indv. forebyg. treatment	low	Y
2426	Tandlægehjælp, Ingen tekst tilgængelig	Dental service, No text available	high	
2427	Tandlægehjælp, Kirurgisk Paro. behandling	Dental service, Kirurgisk paro. treatment	low	Y
2428	Tandlægehjælp, klinisk undersøgelse og tandbehandling a 18-25	Dental service, Clinical examination and dental treatment a 18-25	high	
2429	Tandlægehjælp, klinisk undersøgelse og tandbehandling a og 25	Dental service, Clinical examination and dental treatment a and 25	high	
2430	Tandlægehjælp, klinisk undersøgelse og tandbehandling b og 25	Dental service, Clinical examination and dental treatment b and 25	high	
2431	Tandlægehjælp, Kli. undersø,over 25	Dental service, Kli. undersø,over 25	low	Y
2432	Tandlægehjælp, Klin.undersøge.18-25	Dental service, Klin.undersøge.18-25	low	Y
2433	Tandlægehjælp, konsultation uden behand.	Dental service, Consultation without behand.	low	Y
2434	Tandlægehjælp, Kontr. eft. forebyg	Dental service, Kontr. eft. forebyg	low	Y
2435	Tandlægehjælp, Kontrol almindelig Paro.	Dental service, Follow-up ordinary paro.	low	Y
2436	Tandlægehjælp, Kontrol Kir. Paro.	Dental service, Follow-up kir. paro.	low	Y
2437	Tandlægehjælp, Kontrol RDU (26år- )	Dental service, Follow-up rdu (26år- )	low	Y
2438	Tandlægehjælp, Kontrol RDU(18-25år)	Dental service, Follow-up rdu(18-25år)	low	Y
2439	Tandlægehjælp, Kontrol Udv. Paro.	Dental service, Follow-up udv. paro.	low	Y
2440	Tandlægehjælp, Kontrol efter RDU	Dental service, Follow-up after rdu	high	
2441	Tandlægehjælp, Koronal amputation	Dental service, Koronal amputation	high	
2442	Tandlægehjælp, Maximum 1 Måned 1704	Dental service, Maximum 1 month 1704	high	
2443	Tandlægehjælp, operation tandbehandling Mv.	Dental service, Operation dental treatment etc..	low	Y
2444	Tandlægehjælp, Plastfyld Enfladet	Dental service, Plastfyld enfladet	high	
2445	Tandlægehjælp, Plastfyld Flerfladet	Dental service, Plastfyld flerfladet	high	
2446	Tandlægehjælp, Plastfyld Molar 1 fl	Dental service, Plastfyld molar 1 fl	high	
2447	Tandlægehjælp, Plastfyld Molar 2 fl	Dental service, Plastfyld molar 2 fl	high	
2448	Tandlægehjælp, Plastfyld Molar 3 fl	Dental service, Plastfyld molar 3 fl	high	
2449	Tandlægehjælp, Plastfyld Molar 4 fl	Dental service, Plastfyld molar 4 fl	high	
2450	Tandlægehjælp, Plastfyld Molar 5 fl	Dental service, Plastfyld molar 5 fl	high	
2451	Tandlægehjælp, Plastfyld Præmo 1 fl	Dental service, Plastfyld premolar 1 fl	high	
2452	Tandlægehjælp, Plastfyld Præmo 2 fl	Dental service, Plastfyld premolar 2 fl	high	
2453	Tandlægehjælp, Plastfyld Præmo 3 fl	Dental service, Plastfyld premolar 3 fl	high	
2454	Tandlægehjælp, Plastfyld Præmo 4 fl	Dental service, Plastfyld premolar 4 fl	high	
2455	Tandlægehjælp, Plastfyld Præmo 5 fl	Dental service, Plastfyld premolar 5 fl	high	
2456	Tandlægehjælp, Pulpaoverkapning	Dental service, Pulpaoverkapning	low	Y
2457	Tandlægehjælp, RDU 18-25 år	Dental service, Rdu 18-25 years	high	
2458	Tandlægehjælp, RDU 26 år	Dental service, Rdu 26 years	high	
2459	Tandlægehjælp, Rodbeh. og Rodfyld.C	Dental service, Rodbeh. and rodfyld.c	low	Y
2460	Tandlægehjælp, Rodbeh. og Rodfyld.D	Dental service, Rodbeh. and rodfyld.d	low	Y
2461	Tandlægehjælp, Rodbeh. og Rodfyld.E	Dental service, Rodbeh. and rodfyld.e	low	Y
2462	Tandlægehjælp, Røntgenoptagelse	Dental service, X-ray image	high	
2463	Tandlægehjælp, Tandrensning	Dental service, Tandrensning	low	Y
2464	Tandlægehjælp, Tandrensning a	Dental service, Tandrensning a	low	Y
2465	Tandlægehjælp, Tandrensning b	Dental service, Tandrensning b	low	Y
2466	Tandlægehjælp, Tandrodsrensning	Dental service, Tandrodsrensning	low	Y
2467	Tandlægehjælp, Udtrækn. Anden tandbehandling	Dental service, Udtrækn. second dental treatment	low	Y
2468	Tandlægehjælp, Udtrækn. følgende tandbehandling	Dental service, Udtrækn. subsequent dental treatment	low	Y
2469	Tandlægehjælp, Udtrækning per tandbehandling	Dental service, Udtrækning per dental treatment	low	Y
2470	Tandlægehjælp, Udv. Paradontalbeh.	Dental service, Udv. paradontalbeh.	low	Y
2471	Tandlægehjælp, Udv. tandrensning	Dental service, Udv. tandrensning	low	Y
2472	Tandlægehjælp, bitewings ved kontrol efter RDU	Dental service, Bitewings by follow-up after rdu	high	
2473	Tandlægehjælp, glasionomerfyldning, fkerflaet, gradvis ekskaverin	Dental service, Glasionomerfyldning, fkerflaet, gradvis ekskaverin	low	Y
2474	Tandlægehjælp, ukendt	Dental service, Ukendt	high	
2475	Tandlægehjælp, undersøgelse af patient henvist fra tandplejer	Dental service, Examination of patient henvist from tandplejer	high	
2476	Fysioterapi  51, Ingen tekst tilgængelig	Physiotherapy, No text available	high	
2477	Fysioterapi 51, (procedure not documented)	Physiotherapy, (procedure not documented)	low	
2478	Fysioterapi 51, ADL-funktionstræning	Physiotherapy, Adl-funktionstræning	low	Y
2479	Fysioterapi 51, Afspænding *hold*	Physiotherapy, Relaxation therapy *hold*	low	Y
2480	Fysioterapi 51, Afspænding *indv*	Physiotherapy, Relaxation therapy *indv*	low	Y
2481	Fysioterapi 51, Biomek. bev. terapi	Physiotherapy, Biomek. bev. terapi	low	Y
2482	Fysioterapi 51, El-stimulation	Physiotherapy, El-stimulation	high	
2483	Fysioterapi 51, Forundersøgelse A65	Physiotherapy, Forundersøgelse a65	low	Y
2484	Fysioterapi 51, Fysioterapeutisk undersøgelse	Physiotherapy, Fysioterapeutisk examination	low	Y
2485	Fysioterapi 51, Første konsultation	Physiotherapy, First consultation	high	
2486	Fysioterapi 51, Holdbehandling A65	Physiotherapy, Holdbehandling a65	high	
2487	Fysioterapi 51, Holdtræning(spec.51)	Physiotherapy, Group training(specialty.51)	low	Y
2488	Fysioterapi 51, Holdundervisning	Physiotherapy, Holdundervisning	low	Y
2489	Fysioterapi 51, Holdundervisning s51	Physiotherapy, Holdundervisning s51	low	Y
2490	Fysioterapi 51, i Hjem *u. klinik*	Physiotherapy, In home *u. klinik*	low	Y
2491	Fysioterapi 51, i hjem 0 - 4 Km	Physiotherapy, In home 0 - 4 km	high	
2492	Fysioterapi 51, i hjem 5 - 10 Km	Physiotherapy, In home 5 - 10 km	high	
2493	Fysioterapi 51, i hjem over 10 Km	Physiotherapy, In home over 10 km	high	
2494	Fysioterapi 51, Information og vejledning	Physiotherapy, Information and guidance	high	
2495	Fysioterapi 51, Kompenserende behandling	Physiotherapy, Kompenserende treatment	high	
2496	Fysioterapi 51, Kort behandling	Physiotherapy, Kort treatment	high	
2497	Fysioterapi 51, Kørselsgodtgør. i	Physiotherapy, Mileage allowance. in	low	Y
2498	Fysioterapi 51, Ledmobilisering	Physiotherapy, Ledmobilisering	high	
2499	Fysioterapi 51, Lokalegodtgørelse	Physiotherapy, Lokalegodtgørelse	low	Y
2500	Fysioterapi 51, Lokaleleje B050 i vb	Physiotherapy, Lokaleleje b050 in vb	high	
2501	Fysioterapi 51, Lungefysioterapi	Physiotherapy, Lungefysioterapi	high	
2502	Fysioterapi 51, Ma-fr 16-20,lø 08-20	Physiotherapy, Ma-fr 16-20,lø 08-20	low	Y
2503	Fysioterapi 51, Ma-fr 20-08,søn/hel	Physiotherapy, Ma-fr 20-08,søn/hel	low	Y
2504	Fysioterapi 51, Manuel behandling	Physiotherapy, Manuel treatment	high	
2505	Fysioterapi 51, Massage	Physiotherapy, Massage	high	
2506	Fysioterapi 51, Neurofysioterapi	Physiotherapy, Neurofysioterapi	high	
2507	Fysioterapi 51, Normal behandling	Physiotherapy, Normal treatment	high	
2508	Fysioterapi 51, Normalbeh lbp amt60	Physiotherapy, Normalbeh lbp amt60	high	
2509	Fysioterapi 51, Opflg. træningstera.	Physiotherapy, Opflg. træningstera.	low	Y
2510	Fysioterapi 51, Palliativ norm behandling	Physiotherapy, Palliativ norm treatment	high	
2511	Fysioterapi 51, Plejehjem *u.klinik*	Physiotherapy, Plejehjem *u.klinik*	low	Y
2512	Fysioterapi 51, Plejehjem 0 - 4 Km	Physiotherapy, Plejehjem 0 - 4 km	high	
2513	Fysioterapi 51, Plejehjem 5 - 10 Km	Physiotherapy, Plejehjem 5 - 10 km	high	
2514	Fysioterapi 51, Plejehjem over 10 Km	Physiotherapy, Plejehjem over 10 km	high	
2515	Fysioterapi 51, Psykomotor. bev.tera	Physiotherapy, Psykomotor. bev.tera	low	Y
2516	Fysioterapi 51, Psykosomat.fys HHK	Physiotherapy, Psykosomat.fys hhk	high	
2517	Fysioterapi 51, Strækbehandling	Physiotherapy, Strækbehandling	low	Y
2518	Fysioterapi 51, Termiske behandling	Physiotherapy, Termiske treatment	high	
2519	Fysioterapi 51, Tillæg særl.tidskr.	Physiotherapy, Supplement særl.tidskr.	low	Y
2520	Fysioterapi 51, telefon rådgiv og vejled	Physiotherapy, Telephone rådgiv and vejled	low	Y
2521	Fysioterapi 51, Udvidet rygus. amt60	Physiotherapy, Udvidet rygus. amt60	low	Y
2522	Fysioterapi 51, Ultralyd	Physiotherapy, Ultralyd	high	
2523	Fysioterapi 51, forsøgsord. amt 65	Physiotherapy, Forsøgsord. amt 65	low	Y
2524	Fysioterapi 51, udeblivelse	Physiotherapy, Udeblivelse	low	Y
2525	Fysioterapi 51, ukendt	Physiotherapy, Ukendt	high	
2526	Fysioterapi 51, ødembehandling	Physiotherapy, Oedema treatment	high	
2527	Fysioterapi 51, øvelsesterapi *hold*	Physiotherapy, Exercise therapy *hold*	low	Y
2528	Fysioterapi 51, øvelsesterapi *indv*	Physiotherapy, Exercise therapy *indv*	low	Y
2529	Briller, Brillestel	Eyeglasses, Brillestel	high	
2530	Briller, Sfæ. 4.25 - 6.75	Eyeglasses, Sfæ. 4.25 - 6.75	low	Y
2531	Briller, Sfæ. Plan Til 4.00	Eyeglasses, Sfæ. plan to 4.00	low	Y
2532	Briller, Sfæ. Plan-4 Afstand	Eyeglasses, Sfæ. plan-4 afstand	low	Y
2533	Briller, T4.25-6.75=0.12-2.75	Eyeglasses, T4.25-6.75=0.12-2.75	high	
2534	Briller, Tor. Pl.-4 Sph. 2.75	Eyeglasses, Tor. pl.-4 sph. 2.75	low	Y
2535	Briller, Tor.Pl.-4= 0.12-2.75	Eyeglasses, Tor.pl.-4= 0.12-2.75	high	
2536	Kiropraktik, Behandling	Chiropractic, Treatment	high	
2537	Kiropraktik, Kir. kli. grundyd. a	Chiropractic, Kir. kli. grundyd. a	low	Y
2538	Kiropraktik, Kir. kli. grundyd. b	Chiropractic, Kir. kli. grundyd. b	low	Y
2539	Kiropraktik, Kir. klinisk ydelse	Chiropractic, Kir. clinical service	low	Y
2540	Kiropraktik, Opfølg.træningsyd.	Chiropractic, Opfølg.træningsyd.	low	Y
2541	Kiropraktik, Røntgen	Chiropractic, X-ray	high	
2542	Kiropraktik, Røntgenundersøgelse	Chiropractic, X-ray examination	high	
2543	Kiropraktik, Suppl. røntgenunder.	Chiropractic, Suppl. røntgenunder.	low	Y
2544	Kiropraktik, Tillæg a	Chiropractic, Supplement a	high	
2545	Kiropraktik, Tillæg aa	Chiropractic, Supplement aa	high	
2546	Kiropraktik, Tillæg b	Chiropractic, Supplement b	high	
2547	Kiropraktik, Tillæg bb	Chiropractic, Supplement bb	high	
2548	Kiropraktik, intr. til superviseret træning	Chiropractic, Intr. to superviseret training	low	Y
2549	Kiropraktik, rekvirering/tolkning af fremmede billeder	Chiropractic, Rekvirering/tolkning of fremmede billeder	low	Y
2550	Kiropraktik, røntgenteknisk undersøgelse	Chiropractic, Røntgenteknisk examination	low	Y
2551	Kiropraktik, superviseret træning	Chiropractic, Superviseret training	low	Y
2552	Fodterapi, (procedure not documented)	Podiatry, (procedure not documented)	low	
2553	Fodterapi, Afs.tillæg 0-10 km	Podiatry, Afs.supplement 0-10 km	high	
2554	Fodterapi, Afs.tillæg over 10km	Podiatry, Afs.supplement over 10km	high	
2555	Fodterapi, Afstill pl/pen +10km	Podiatry, Afstill pl/pen +10km	high	
2556	Fodterapi, Afstill. pl/pen 0-10	Podiatry, Afstill. pl/pen 0-10	low	Y
2557	Fodterapi, behandling før 1 ny bøjle	Podiatry, Treatment before 1 ny brace	high	
2558	Fodterapi, Behandlingsmoduler	Podiatry, Behandlingsmoduler	high	
2559	Fodterapi, Fodbeh. almindelig	Podiatry, Fodbeh. ordinary	low	Y
2560	Fodterapi, Fodbeh. kompliceret	Podiatry, Fodbeh. kompliceret	low	Y
2561	Fodterapi, Fodbeh. partiel	Podiatry, Fodbeh. partiel	low	Y
2562	Fodterapi, Frem/påsæt 1 ny bøjl	Podiatry, Frem/attach 1 ny bøjl	low	Y
2563	Fodterapi, Frem/påsæt bøjler +1	Podiatry, Frem/attach braces +1	high	
2564	Fodterapi, i Hjem 0 - 10 Km.	Podiatry, In home 0 - 10 km.	low	Y
2565	Fodterapi, i Hjem Over 10 Km.	Podiatry, In home over 10 km.	low	Y
2566	Fodterapi, Indlæg type 1 enkelt	Podiatry, Orthotic insole type 1 enkelt	high	
2567	Fodterapi, Indlæg type 1 par	Podiatry, Orthotic insole type 1 par	high	
2568	Fodterapi, Indlæg type 2 enkelt	Podiatry, Orthotic insole type 2 enkelt	high	
2569	Fodterapi, Indlæg type 2 par	Podiatry, Orthotic insole type 2 par	high	
2570	Fodterapi, Indlæg type 3 enkelt	Podiatry, Orthotic insole type 3 enkelt	high	
2571	Fodterapi, Indlæg type 3 par	Podiatry, Orthotic insole type 3 par	high	
2572	Fodterapi, Journaloptagelse	Podiatry, Journaloptagelse	low	Y
2573	Fodterapi, Kontrol/eftersyn	Podiatry, Follow-up/eftersyn	high	
2574	Fodterapi, Kor operation til 10 bøjler	Podiatry, Kor operation to 10 braces	high	
2575	Fodterapi, Korrektion af 1bøjle	Podiatry, Correction of 1bøjle	low	Y
2576	Fodterapi, Korrektion af 2bøjle	Podiatry, Correction of 2bøjle	low	Y
2577	Fodterapi, Ortheser	Podiatry, Ortheser	high	
2578	Fodterapi, Ortheser silicone	Podiatry, Ortheser silicone	high	
2579	Fodterapi, Pens Hjemme Over 10	Podiatry, Pens hjemme over 10	high	
2580	Fodterapi, Pens. Hjemme  0 - 10	Podiatry, Pens. hjemme 0 - 10	low	Y
2581	Fodterapi, Plejehjem 0 - 10 Km.	Podiatry, Plejehjem 0 - 10 km.	low	Y
2582	Fodterapi, Plejehjem Over 10 Km	Podiatry, Plejehjem over 10 km	high	
2583	Fodterapi, Værkstedsmoduler	Podiatry, Værkstedsmoduler	low	Y
2584	Fodterapi, årsstatus	Podiatry, Annual status	high	
2585	Ortonyxi, (procedure not documented)	Orthonyxia, (procedure not documented)	low	
2586	Ortonyxi, 1. Modul f. bøjle	Orthonyxia, 1. modul f. brace	high	
2587	Ortonyxi, 2.-4. Modul f. bøjle	Orthonyxia, 2.-4. modul f. brace	high	
2588	Ortonyxi, Afs.tillæg 0-10 km	Orthonyxia, Afs.supplement 0-10 km	high	
2589	Ortonyxi, Afs.tillæg over 10km	Orthonyxia, Afs.supplement over 10km	high	
2590	Ortonyxi, Afstill pl/pen +10km	Orthonyxia, Afstill pl/pen +10km	high	
2591	Ortonyxi, Afstill. pl/pen 0-10	Orthonyxia, Afstill. pl/pen 0-10	low	Y
2592	Ortonyxi, behandling før 1 ny bøjle	Orthonyxia, Treatment before 1 ny brace	high	
2593	Ortonyxi, Frem/påsæt 1 ny bøjl	Orthonyxia, Frem/attach 1 ny bøjl	low	Y
2594	Ortonyxi, Frem/påsæt bøjler +1	Orthonyxia, Frem/attach braces +1	high	
2595	Ortonyxi, Følg. modul (m.til.)	Orthonyxia, Følg. modul (m.to.)	low	Y
2596	Ortonyxi, Følg. modul.(u.til.)	Orthonyxia, Følg. modul.(u.to.)	low	Y
2597	Ortonyxi, i Hjem 0 - 10 Km.	Orthonyxia, In home 0 - 10 km.	low	Y
2598	Ortonyxi, i Hjem Over 10 Km.	Orthonyxia, In home over 10 km.	low	Y
2599	Ortonyxi, Journaloptagelse	Orthonyxia, Journaloptagelse	low	Y
2600	Ortonyxi, Kontrol/eftersyn	Orthonyxia, Follow-up/eftersyn	high	
2601	Ortonyxi, Kor operation til 10 bøjler	Orthonyxia, Kor operation to 10 braces	high	
2602	Ortonyxi, Korrektion af 1bøjle	Orthonyxia, Correction of 1bøjle	low	Y
2603	Ortonyxi, Korrektion af 2bøjle	Orthonyxia, Correction of 2bøjle	low	Y
2604	Ortonyxi, Ortheser	Orthonyxia, Ortheser	high	
2605	Ortonyxi, Ortheser silicone	Orthonyxia, Ortheser silicone	high	
2606	Ortonyxi, Pens. Hjemme  0-10	Orthonyxia, Pens. hjemme 0-10	low	Y
2607	Ortonyxi, Pens. Hjemme Over 10	Orthonyxia, Pens. hjemme over 10	low	Y
2608	Ortonyxi, Plejehjem 0 - 10 Km.	Orthonyxia, Plejehjem 0 - 10 km.	low	Y
2609	Ortonyxi, Plejehjem Over 10 Km	Orthonyxia, Plejehjem over 10 km	high	
2610	Ridefysioterapi, 1. konsultation	Horseback-riding physiotherapy, 1. consultation	high	
2611	Ridefysioterapi, Bagsidder per ? time	Horseback-riding physiotherapy, Bagsidder per ? time	high	
2612	Ridefysioterapi, Bagsidder per ? time	Horseback-riding physiotherapy, Bagsidder per ? time	high	
2613	Ridefysioterapi, Fys.hon. ? tim. 4prs	Horseback-riding physiotherapy, Fys.hon. ? tim. 4prs	low	Y
2614	Ridefysioterapi, Fys.hon. ? tim. 5 per	Horseback-riding physiotherapy, Fys.hon. ? tim. 5 per	low	Y
2615	Ridefysioterapi, Fys.hon.? tim. 1.prs	Horseback-riding physiotherapy, Fys.hon.? tim. 1.prs	low	Y
2616	Ridefysioterapi, Fys.hon.? tim.2prs.	Horseback-riding physiotherapy, Fys.hon.? tim.2prs.	high	
2617	Ridefysioterapi, Rideklub med hal 1 per	Horseback-riding physiotherapy, Rideklub with hal 1 per	high	
2618	Ridefysioterapi, Rideklub med hal 2 prs	Horseback-riding physiotherapy, Rideklub with hal 2 prs	high	
2619	Ridefysioterapi, Rideklub med hal 3 prs	Horseback-riding physiotherapy, Rideklub with hal 3 prs	high	
2620	Ridefysioterapi, Rideklub med hal 4 prs	Horseback-riding physiotherapy, Rideklub with hal 4 prs	high	
2621	Ridefysioterapi, Rideklub med hal 5 prs	Horseback-riding physiotherapy, Rideklub with hal 5 prs	high	
2622	Ridefysioterapi, Rideskole hon. 2 prs	Horseback-riding physiotherapy, Rideskole hon. 2 prs	low	Y
2623	Ridefysioterapi, Rideskole hon. 4.prs	Horseback-riding physiotherapy, Rideskole hon. 4.prs	low	Y
2624	Ridefysioterapi, Rideskole uden hal 2 per	Horseback-riding physiotherapy, Rideskole without hal 2 per	high	
2625	Ridefysioterapi, Rideskole uden hal 3 per	Horseback-riding physiotherapy, Rideskole without hal 3 per	high	
2626	Ridefysioterapi, Rideskole uden hal 4 per	Horseback-riding physiotherapy, Rideskole without hal 4 per	high	
2627	Ridefysioterapi, fys.hon.? tim. 3 prs	Horseback-riding physiotherapy, Fys.hon.? tim. 3 prs	low	Y
2628	Ridefysioterapi, rideskole hon. 1 prs	Horseback-riding physiotherapy, Rideskole hon. 1 prs	low	Y
2629	Ridefysioterapi, rideskole hon. 3 prs	Horseback-riding physiotherapy, Rideskole hon. 3 prs	low	Y
2630	Genoptræning, Øfeldt, behandling muskellid per 1?t	Rehabilitation, Øfeldt, treatment muskellid per 1?t	high	
2631	Genoptræning, Øfeldt, behandling muskellid per 1t	Rehabilitation, Øfeldt, treatment muskellid per 1t	high	
2632	Genoptræning, Øfeldt, behandling muskellid per ?t	Rehabilitation, Øfeldt, treatment muskellid per ?t	high	
2633	Genoptræning, Øfeldt, Funk undersøgelse muskellid	Rehabilitation, Øfeldt, funk examination muskellid	high	
2634	Genoptræning, Øfeldt, Funkt.unders. handi.	Rehabilitation, Øfeldt, funkt.unders. handi.	low	Y
2635	Genoptræning, Øfeldt, K.undersøg muskellid	Rehabilitation, Øfeldt, k.examination muskellid	high	
2636	Genoptræning, Øfeldt, Kontrolund. af handi	Rehabilitation, Øfeldt, kontrolund. of handi	low	Y
2637	Genoptræning, Øfeldt, Optræn handi per 2t	Rehabilitation, Øfeldt, rehabilitation training handi per 2t	low	Y
2638	Genoptræning, Øfeldt, Optræn handi per ?t	Rehabilitation, Øfeldt, rehabilitation training handi per ?t	low	Y
2639	Genoptræning, Øfeldt, Optræn handi per 1?t	Rehabilitation, Øfeldt, rehabilitation training handi per 1?t	low	Y
2640	Genoptræning, Øfeldt, Optræn handi per 1t	Rehabilitation, Øfeldt, rehabilitation training handi per 1t	low	Y
2641	Genoptræning, Øfeldt, Optræn./behandling 1 time	Rehabilitation, Øfeldt, rehabilitation training./treatment 1 time	low	Y
2642	Genoptræning, Øfeldt, Optræn./behandling ? time	Rehabilitation, Øfeldt, rehabilitation training./treatment ? time	low	Y
2643	Genoptræning, Øfeldt, V.fri funk undersøgelse handi	Rehabilitation, Øfeldt, v.fri funk examination handi	high	
2644	Genoptræning, Øfeldt, V.fri k undersøgelse handicap	Rehabilitation, Øfeldt, v.fri k examination handicap	high	
2645	Genoptræning, Øfeldt, V.fri optræn per ?t	Rehabilitation, Øfeldt, v.fri rehabilitation training per ?t	low	Y
2646	Genoptræning, Øfeldt, V.fri optræn per 1?t	Rehabilitation, Øfeldt, v.fri rehabilitation training per 1?t	low	Y
2647	Genoptræning, Øfeldt, V.fri optræn per 1t	Rehabilitation, Øfeldt, v.fri rehabilitation training per 1t	low	Y
2648	Genoptræning, Øfeldt, V.fri optræn per 2?t	Rehabilitation, Øfeldt, v.fri rehabilitation training per 2?t	low	Y
2649	Genoptræning, Øfeldt, V.fri optræn per 2t	Rehabilitation, Øfeldt, v.fri rehabilitation training per 2t	low	Y
2650	Genoptræning, Øfeldt, Ved.fri optræ.1 time	Rehabilitation, Øfeldt, by.fri optræ.1 time	low	Y
2651	Genoptræning, Øfeldt, Ved.fri optræ.? time	Rehabilitation, Øfeldt, by.fri optræ.? time	low	Y
2652	Fodbehandling arvævspat., (procedure not documented)	Foot treatment, scar-tissue patients, (procedure not documented)	low	
2653	Fodbehandling arvævspat., Afs.tillæg 0-10 km	Foot treatment, scar-tissue patients, Afs.supplement 0-10 km	high	
2654	Fodbehandling arvævspat., Afst pensionist 0-10	Foot treatment, scar-tissue patients, Afst pensionist 0-10	high	
2655	Fodbehandling arvævspat., Afst pensionist og 10	Foot treatment, scar-tissue patients, Afst pensionist and 10	high	
2656	Fodbehandling arvævspat., Afst plejehj 0-10 km	Foot treatment, scar-tissue patients, Afst plejehj 0-10 km	high	
2657	Fodbehandling arvævspat., Afstandstillæg 0-10	Foot treatment, scar-tissue patients, Distance supplement 0-10	high	
2658	Fodbehandling arvævspat., Afstill pl/pen +10km	Foot treatment, scar-tissue patients, Afstill pl/pen +10km	high	
2659	Fodbehandling arvævspat., Afstill. pl/pen 0-10	Foot treatment, scar-tissue patients, Afstill. pl/pen 0-10	low	Y
2660	Fodbehandling arvævspat., Behand modul 15-20mi	Foot treatment, scar-tissue patients, Behand modul 15-20mi	high	
2661	Fodbehandling arvævspat., Fodbeh. - Almindelig	Foot treatment, scar-tissue patients, Fodbeh. - ordinary	low	Y
2662	Fodbehandling arvævspat., Fodbeh. Partiel	Foot treatment, scar-tissue patients, Fodbeh. partiel	low	Y
2663	Fodbehandling arvævspat., Indlæg - Type 1 par	Foot treatment, scar-tissue patients, Orthotic insole - type 1 par	high	
2664	Fodbehandling arvævspat., Indlæg type 1 enkelt	Foot treatment, scar-tissue patients, Orthotic insole type 1 enkelt	high	
2665	Fodbehandling arvævspat., Indlæg type 2 par	Foot treatment, scar-tissue patients, Orthotic insole type 2 par	high	
2666	Fodbehandling arvævspat., Indlæg type 3 par	Foot treatment, scar-tissue patients, Orthotic insole type 3 par	high	
2667	Fodbehandling arvævspat., Journaloptagelse	Foot treatment, scar-tissue patients, Journaloptagelse	low	Y
2668	Fodbehandling arvævspat., Kontrol/eftersyn	Foot treatment, scar-tissue patients, Follow-up/eftersyn	high	
2669	Fodbehandling arvævspat., Ortheser	Foot treatment, scar-tissue patients, Ortheser	high	
2670	Fodbehandling arvævspat., Ortheser silicone	Foot treatment, scar-tissue patients, Ortheser silicone	high	
2671	Fodbehandling arvævspat., Værkstedstid v indlæ	Foot treatment, scar-tissue patients, Værkstedstid v indlæ	low	Y
2672	Reumatologi, (procedure not documented)	Rheumatology, (procedure not documented)	low	
2673	Reumatologi, 1. konsultation	Rheumatology, 1. consultation	high	
2674	Reumatologi, 2. konsultation	Rheumatology, 2. consultation	high	
2675	Reumatologi, 3 bhl. vv. bassin	Rheumatology, 3 bhl. vv. bassin	low	Y
2676	Reumatologi, Afslut. samtale	Rheumatology, Afslut. conversation	low	Y
2677	Reumatologi, Afstandstillæg	Rheumatology, Distance supplement	high	
2678	Reumatologi, Akupunktur	Rheumatology, Acupuncture	high	
2679	Reumatologi, B-Hemoglobin       2	Rheumatology, B-hemoglobin 2	high	
2680	Reumatologi, B-Sedimentat.Reakt.2	Rheumatology, B-sedimentat.reakt.2	high	
2681	Reumatologi, behandling kontr kro inflam	Rheumatology, Treatment kontr kro inflam	high	
2682	Reumatologi, Besøg	Rheumatology, Visit	high	
2683	Reumatologi, Blodpr. Exp        1	Rheumatology, Blodpr. exp 1	low	Y
2684	Reumatologi, E-mail konsultation	Rheumatology, E-mail consultation	high	
2685	Reumatologi, Gipsband. uden operation	Rheumatology, Gipsband. without operation	low	Y
2686	Reumatologi, Injekt. i bursae mv	Rheumatology, Injection. in bursae etc.	low	Y
2687	Reumatologi, Instr. øvelsesterapi	Rheumatology, Instr. exercise therapy	low	Y
2688	Reumatologi, Intraart. injektion.	Rheumatology, Intraart. injection.	low	Y
2689	Reumatologi, Kørselsgodtgør.  i	Rheumatology, Mileage allowance. in	low	Y
2690	Reumatologi, Ledningsbl./nervebl.	Rheumatology, Ledningsbl./nervebl.	low	Y
2691	Reumatologi, Manipulationsbeh.	Rheumatology, Manipulationsbeh.	low	Y
2692	Reumatologi, Mikroskopi ledvæske	Rheumatology, Microscopy ledvæske	low	Y
2693	Reumatologi, Pt-Ekg  3ext.3præ. 9	Rheumatology, Pt-ECG 3ext.3præ. 9	low	Y
2694	Reumatologi, punktur led 2./sene Kon	Rheumatology, Puncture joint 2./tendon kon	high	
2695	Reumatologi, Punktur af led	Rheumatology, Puncture of joint	high	
2696	Reumatologi, Sekret-Gonokok*exp*1	Rheumatology, Sekret-gonokok*exp*1	low	Y
2697	Reumatologi, Senere konsultation Smerte.	Rheumatology, Later consultation smerte.	low	Y
2698	Reumatologi, Tapening,bandagering	Rheumatology, Tapening,bandagering	low	Y
2699	Reumatologi, telefon konsultation	Rheumatology, Telephone consultation	high	
2700	Reumatologi, telefon rådg prakt læge	Rheumatology, Telephone rådg prakt doctor	low	Y
2701	Reumatologi, Tolk ifm. konsultation  3	Rheumatology, Interpreter in connection with. consultation 3	low	Y
2702	Reumatologi, Transcut. nervestim.	Rheumatology, Transcut. nervestim.	low	Y
2703	Reumatologi, U-Hb-Glu-Me-Pr Stix1	Rheumatology, U-hb-glu-me-pr stix1	high	
2704	Reumatologi, U-Mikroskopi       3	Rheumatology, U-microscopy 3	high	
2705	Reumatologi, U-Protein          1	Rheumatology, U-protein 1	high	
2706	Reumatologi, Ultralydsundersøgels	Rheumatology, Ultralydsundersøgels	low	Y
2707	Reumatologi, Ultralydsus følgende yd.	Rheumatology, Ultralydsus subsequent yd.	low	Y
2708	Reumatologi, Ultralydsvejl.injekt	Rheumatology, Ultralydsvejl.injection	high	
2709	Reumatologi, Zinklimbind	Rheumatology, Zinklimbind	high	
2710	Reumatologi, tillæg for tolk	Rheumatology, Supplement for interpreter	high	
2711	Reumatologi, tolkebistand	Rheumatology, Interpreter assistance	high	
2712	Fodbehandl. Pat. m. Leddegigt, Ingen tekst tilgængelig	Foot treatment, No text available	high	
2713	Fodbehandling, leddegigt, (procedure not documented)	Foot treatment, Rheumatoid arthritis, (procedure not documented)	low	
2714	Fodbehandling, leddegigt, afstandstill 0-10 km	Foot treatment, Rheumatoid arthritis, afstandstill 0-10 km	high	
2715	Fodbehandling, leddegigt, afstandstillæg over 10 km	Foot treatment, Rheumatoid arthritis, distance supplement over 10 km	high	
2716	Fodbehandling, leddegigt, almindelig fodbehandling	Foot treatment, Rheumatoid arthritis, ordinary fodbehandling	high	
2717	Fodbehandling, leddegigt, behandling før påsætning af 1 bøjle	Foot treatment, Rheumatoid arthritis, treatment before attachment of 1 brace	high	
2718	Fodbehandling, leddegigt, journaloptagning	Foot treatment, Rheumatoid arthritis, journaloptagning	low	Y
2719	Fodbehandling, leddegigt, korr. af 1 bøjle	Foot treatment, Rheumatoid arthritis, correction. of 1 brace	low	Y
2720	Fodbehandling, leddegigt, ortheser	Foot treatment, Rheumatoid arthritis, ortheser	high	
2721	Fodbehandling, leddegigt, ortheser, silicone	Foot treatment, Rheumatoid arthritis, ortheser, silicone	high	
2722	Fodbehandling, leddegigt, ukendt	Foot treatment, Rheumatoid arthritis, ukendt	high	
2723	Fysioterapi 61, Afspænding *indv*	Physiotherapy 61, Relaxation therapy *indv*	low	Y
2724	Fysioterapi 61, Apparaturbehandling	Physiotherapy 61, Apparaturbehandling	high	
2725	Fysioterapi 61, Biomeka. bev. terapi	Physiotherapy 61, Biomeka. bev. terapi	low	Y
2726	Fysioterapi 61, Fysiotera. unders.	Physiotherapy 61, Fysiotera. unders.	low	Y
2727	Fysioterapi 61, Første konsultation	Physiotherapy 61, First consultation	high	
2728	Fysioterapi 61, Holdtr. 2 periode egne	Physiotherapy 61, Holdtr. 2 periode egne	low	Y
2729	Fysioterapi 61, Holdtr. 3 periode egne	Physiotherapy 61, Holdtr. 3 periode egne	low	Y
2730	Fysioterapi 61, Holdtr. 4 periode egne	Physiotherapy 61, Holdtr. 4 periode egne	low	Y
2731	Fysioterapi 61, Holdtr. 5 periode egne	Physiotherapy 61, Holdtr. 5 periode egne	low	Y
2732	Fysioterapi 61, Holdtr. 6 periode egne	Physiotherapy 61, Holdtr. 6 periode egne	low	Y
2733	Fysioterapi 61, Holdtr. 7 periode egne	Physiotherapy 61, Holdtr. 7 periode egne	low	Y
2734	Fysioterapi 61, Holdtr. 8 periode egne	Physiotherapy 61, Holdtr. 8 periode egne	low	Y
2735	Fysioterapi 61, i hjem 0 - 4 Km	Physiotherapy 61, In home 0 - 4 km	high	
2736	Fysioterapi 61, Kort behandling	Physiotherapy 61, Kort treatment	high	
2737	Fysioterapi 61, Ledmobilisering	Physiotherapy 61, Ledmobilisering	high	
2738	Fysioterapi 61, Manuel behandling	Physiotherapy 61, Manuel treatment	high	
2739	Fysioterapi 61, Massage	Physiotherapy 61, Massage	high	
2740	Fysioterapi 61, Neurofysioterapi	Physiotherapy 61, Neurofysioterapi	high	
2741	Fysioterapi 61, Normal behandling	Physiotherapy 61, Normal treatment	high	
2742	Fysioterapi 61, Opflg. træn.terapi.	Physiotherapy 61, Opflg. træn.terapi.	low	Y
2743	Fysioterapi 61, Plejehjem 0 - 4 Km	Physiotherapy 61, Plejehjem 0 - 4 km	high	
2744	Fysioterapi 61, Termiske behandling	Physiotherapy 61, Termiske treatment	high	
2745	Fysioterapi 61, Tillæg særl.tidskr.	Physiotherapy 61, Supplement særl.tidskr.	low	Y
2746	Fysioterapi 61, Ultralyd	Physiotherapy 61, Ultralyd	high	
2747	Fysioterapi 61, øvelsesterapi *indv*	Physiotherapy 61, Exercise therapy *indv*	low	Y
2748	Vederlagsfri Fysioterapi 62, Ingen tekst tilgængelig	Free-of-charge physiotherapy, No text available	high	
2749	Vederlagsfri fysioterapi, (procedure not documented)	Free-of-charge physiotherapy, (procedure not documented)	low	
2750	Vederlagsfri fysioterapi, ADL-funktionstræn.	Free-of-charge physiotherapy, Adl-funktionstræn.	low	Y
2751	Vederlagsfri fysioterapi, Afspænding *hold*	Free-of-charge physiotherapy, Relaxation therapy *hold*	low	Y
2752	Vederlagsfri fysioterapi, Afspænding *indv*	Free-of-charge physiotherapy, Relaxation therapy *indv*	low	Y
2753	Vederlagsfri fysioterapi, Apparaturbehandling	Free-of-charge physiotherapy, Apparaturbehandling	high	
2754	Vederlagsfri fysioterapi, Bas 1 periode amt 51 62	Free-of-charge physiotherapy, Bas 1 periode amt 51 62	high	
2755	Vederlagsfri fysioterapi, Bas 5per.egne 51 62	Free-of-charge physiotherapy, Bas 5per.egne 51 62	high	
2756	Vederlagsfri fysioterapi, Bas 7per.egne 51 62	Free-of-charge physiotherapy, Bas 7per.egne 51 62	high	
2757	Vederlagsfri fysioterapi, Bas 8per.egne 51 62	Free-of-charge physiotherapy, Bas 8per.egne 51 62	high	
2758	Vederlagsfri fysioterapi, Bas. 1per.egne 51 62	Free-of-charge physiotherapy, Bas. 1per.egne 51 62	low	Y
2759	Vederlagsfri fysioterapi, Bas. 2per.amt 51 62	Free-of-charge physiotherapy, Bas. 2per.amt 51 62	low	Y
2760	Vederlagsfri fysioterapi, Bas. 2per.egne 51 62	Free-of-charge physiotherapy, Bas. 2per.egne 51 62	low	Y
2761	Vederlagsfri fysioterapi, Bas. 3per.amt 51 62	Free-of-charge physiotherapy, Bas. 3per.amt 51 62	low	Y
2762	Vederlagsfri fysioterapi, Bas. 3per.egne 51 62	Free-of-charge physiotherapy, Bas. 3per.egne 51 62	low	Y
2763	Vederlagsfri fysioterapi, Bas. 4per.amt 51 62	Free-of-charge physiotherapy, Bas. 4per.amt 51 62	low	Y
2764	Vederlagsfri fysioterapi, Bas. 4per.egne 51 62	Free-of-charge physiotherapy, Bas. 4per.egne 51 62	low	Y
2765	Vederlagsfri fysioterapi, Bas. 5per.amt 51 62	Free-of-charge physiotherapy, Bas. 5per.amt 51 62	low	Y
2766	Vederlagsfri fysioterapi, Bas. 6per.amt 51 62	Free-of-charge physiotherapy, Bas. 6per.amt 51 62	low	Y
2767	Vederlagsfri fysioterapi, Bas. 6per.egne 51 62	Free-of-charge physiotherapy, Bas. 6per.egne 51 62	low	Y
2768	Vederlagsfri fysioterapi, Bas. 7per.amt 51 62	Free-of-charge physiotherapy, Bas. 7per.amt 51 62	low	Y
2769	Vederlagsfri fysioterapi, Bas. 8per.amt 51 62	Free-of-charge physiotherapy, Bas. 8per.amt 51 62	low	Y
2770	Vederlagsfri fysioterapi, Bassint. 1 periode egne	Free-of-charge physiotherapy, Bassint. 1 periode egne	low	Y
2771	Vederlagsfri fysioterapi, Bassint. 2 periode egne	Free-of-charge physiotherapy, Bassint. 2 periode egne	low	Y
2772	Vederlagsfri fysioterapi, Bassint. 3 periode egne	Free-of-charge physiotherapy, Bassint. 3 periode egne	low	Y
2773	Vederlagsfri fysioterapi, Bassint. 4 periode egne	Free-of-charge physiotherapy, Bassint. 4 periode egne	low	Y
2774	Vederlagsfri fysioterapi, Bassint. 5 periode egne	Free-of-charge physiotherapy, Bassint. 5 periode egne	low	Y
2775	Vederlagsfri fysioterapi, Bassint. 6 periode egne	Free-of-charge physiotherapy, Bassint. 6 periode egne	low	Y
2776	Vederlagsfri fysioterapi, Bassint. 7 periode egne	Free-of-charge physiotherapy, Bassint. 7 periode egne	low	Y
2777	Vederlagsfri fysioterapi, Bassint. 8 periode egne	Free-of-charge physiotherapy, Bassint. 8 periode egne	low	Y
2778	Vederlagsfri fysioterapi, Bassintr. 1 person	Free-of-charge physiotherapy, Bassintr. 1 person	low	Y
2779	Vederlagsfri fysioterapi, Bassintr. 2 personer	Free-of-charge physiotherapy, Bassintr. 2 persons	low	Y
2780	Vederlagsfri fysioterapi, Bassintr. 3 personer	Free-of-charge physiotherapy, Bassintr. 3 persons	low	Y
2781	Vederlagsfri fysioterapi, Bassintr. 4 personer	Free-of-charge physiotherapy, Bassintr. 4 persons	low	Y
2782	Vederlagsfri fysioterapi, Bassintr. 5 personer	Free-of-charge physiotherapy, Bassintr. 5 persons	low	Y
2783	Vederlagsfri fysioterapi, Bassintr. 6 personer	Free-of-charge physiotherapy, Bassintr. 6 persons	low	Y
2784	Vederlagsfri fysioterapi, Bassintr. 7 personer	Free-of-charge physiotherapy, Bassintr. 7 persons	low	Y
2785	Vederlagsfri fysioterapi, Bassintr. 8 personer	Free-of-charge physiotherapy, Bassintr. 8 persons	low	Y
2786	Vederlagsfri fysioterapi, Biomeka. bev. terapi	Free-of-charge physiotherapy, Biomeka. bev. terapi	low	Y
2787	Vederlagsfri fysioterapi, El-stimulation	Free-of-charge physiotherapy, El-stimulation	high	
2788	Vederlagsfri fysioterapi, Fysiotera. unders.	Free-of-charge physiotherapy, Fysiotera. unders.	low	Y
2789	Vederlagsfri fysioterapi, Første konsultation	Free-of-charge physiotherapy, First consultation	high	
2790	Vederlagsfri fysioterapi, Hold 1 periode amt 51 62	Free-of-charge physiotherapy, Hold 1 periode amt 51 62	high	
2791	Vederlagsfri fysioterapi, Hold 2per.amt 51 62	Free-of-charge physiotherapy, Hold 2per.amt 51 62	high	
2792	Vederlagsfri fysioterapi, Hold 2per.egne 51 62	Free-of-charge physiotherapy, Hold 2per.egne 51 62	high	
2793	Vederlagsfri fysioterapi, Hold 3per.amt 51 62	Free-of-charge physiotherapy, Hold 3per.amt 51 62	high	
2794	Vederlagsfri fysioterapi, Hold 3per.egne 51 62	Free-of-charge physiotherapy, Hold 3per.egne 51 62	high	
2795	Vederlagsfri fysioterapi, Hold 4per.amt 51 62	Free-of-charge physiotherapy, Hold 4per.amt 51 62	high	
2796	Vederlagsfri fysioterapi, Hold 4per.egne 51 62	Free-of-charge physiotherapy, Hold 4per.egne 51 62	high	
2797	Vederlagsfri fysioterapi, Hold 5per.amt 51 62	Free-of-charge physiotherapy, Hold 5per.amt 51 62	high	
2798	Vederlagsfri fysioterapi, Hold 5per.egne 51 62	Free-of-charge physiotherapy, Hold 5per.egne 51 62	high	
2799	Vederlagsfri fysioterapi, Hold 6 periode amt 51 62	Free-of-charge physiotherapy, Hold 6 periode amt 51 62	high	
2800	Vederlagsfri fysioterapi, Hold 6per.egne 51 62	Free-of-charge physiotherapy, Hold 6per.egne 51 62	high	
2801	Vederlagsfri fysioterapi, Hold 7per.amt 51 62	Free-of-charge physiotherapy, Hold 7per.amt 51 62	high	
2802	Vederlagsfri fysioterapi, Hold 8per.amt 51 62	Free-of-charge physiotherapy, Hold 8per.amt 51 62	high	
2803	Vederlagsfri fysioterapi, Hold 8per.egne 51 62	Free-of-charge physiotherapy, Hold 8per.egne 51 62	high	
2804	Vederlagsfri fysioterapi, Holdtr. 1 periode egne	Free-of-charge physiotherapy, Holdtr. 1 periode egne	low	Y
2805	Vederlagsfri fysioterapi, Holdtr. 2 periode egne	Free-of-charge physiotherapy, Holdtr. 2 periode egne	low	Y
2806	Vederlagsfri fysioterapi, Holdtr. 3 periode egne	Free-of-charge physiotherapy, Holdtr. 3 periode egne	low	Y
2807	Vederlagsfri fysioterapi, Holdtr. 4 periode egne	Free-of-charge physiotherapy, Holdtr. 4 periode egne	low	Y
2808	Vederlagsfri fysioterapi, Holdtr. 5 periode egne	Free-of-charge physiotherapy, Holdtr. 5 periode egne	low	Y
2809	Vederlagsfri fysioterapi, Holdtr. 6 periode egne	Free-of-charge physiotherapy, Holdtr. 6 periode egne	low	Y
2810	Vederlagsfri fysioterapi, Holdtr. 7 periode egne	Free-of-charge physiotherapy, Holdtr. 7 periode egne	low	Y
2811	Vederlagsfri fysioterapi, Holdtr. 8 periode egne	Free-of-charge physiotherapy, Holdtr. 8 periode egne	low	Y
2812	Vederlagsfri fysioterapi, Holdtr. 9 periode egne	Free-of-charge physiotherapy, Holdtr. 9 periode egne	low	Y
2813	Vederlagsfri fysioterapi, Holdtræn. 1 person	Free-of-charge physiotherapy, Group training. 1 person	low	Y
2814	Vederlagsfri fysioterapi, Holdtræn. 2 personer	Free-of-charge physiotherapy, Group training. 2 persons	low	Y
2815	Vederlagsfri fysioterapi, Holdtræn. 3 personer	Free-of-charge physiotherapy, Group training. 3 persons	low	Y
2816	Vederlagsfri fysioterapi, Holdtræn. 4 personer	Free-of-charge physiotherapy, Group training. 4 persons	low	Y
2817	Vederlagsfri fysioterapi, Holdtræn. 5 personer	Free-of-charge physiotherapy, Group training. 5 persons	low	Y
2818	Vederlagsfri fysioterapi, Holdtræn. 6 personer	Free-of-charge physiotherapy, Group training. 6 persons	low	Y
2819	Vederlagsfri fysioterapi, Holdtræn. 7 personer	Free-of-charge physiotherapy, Group training. 7 persons	low	Y
2820	Vederlagsfri fysioterapi, Holdtræn. 8 personer	Free-of-charge physiotherapy, Group training. 8 persons	low	Y
2821	Vederlagsfri fysioterapi, i hjem  0 - 4 Km	Free-of-charge physiotherapy, In home 0 - 4 km	high	
2822	Vederlagsfri fysioterapi, i hjem *u. klinik*	Free-of-charge physiotherapy, In home *u. klinik*	low	Y
2823	Vederlagsfri fysioterapi, i hjem 5 - 10 Km	Free-of-charge physiotherapy, In home 5 - 10 km	high	
2824	Vederlagsfri fysioterapi, i hjem over 10 Km	Free-of-charge physiotherapy, In home over 10 km	high	
2825	Vederlagsfri fysioterapi, Infor. og vejledning	Free-of-charge physiotherapy, Infor. and guidance	low	Y
2826	Vederlagsfri fysioterapi, Kompen. behandling	Free-of-charge physiotherapy, Kompen. treatment	low	Y
2827	Vederlagsfri fysioterapi, Kort behandling	Free-of-charge physiotherapy, Kort treatment	high	
2828	Vederlagsfri fysioterapi, Kørselsgodtgør. i	Free-of-charge physiotherapy, Mileage allowance. in	low	Y
2829	Vederlagsfri fysioterapi, Ledmobilisering	Free-of-charge physiotherapy, Ledmobilisering	high	
2830	Vederlagsfri fysioterapi, Lungefysioterapi	Free-of-charge physiotherapy, Lungefysioterapi	high	
2831	Vederlagsfri fysioterapi, Ma-fr 16-20,lø 08-20	Free-of-charge physiotherapy, Ma-fr 16-20,lø 08-20	low	Y
2832	Vederlagsfri fysioterapi, Ma-fr 20-08,søn/hel	Free-of-charge physiotherapy, Ma-fr 20-08,søn/hel	low	Y
2833	Vederlagsfri fysioterapi, Manuel behandling	Free-of-charge physiotherapy, Manuel treatment	high	
2834	Vederlagsfri fysioterapi, Massage	Free-of-charge physiotherapy, Massage	high	
2835	Vederlagsfri fysioterapi, Neurofysioterapi	Free-of-charge physiotherapy, Neurofysioterapi	high	
2836	Vederlagsfri fysioterapi, Normal behandling	Free-of-charge physiotherapy, Normal treatment	high	
2837	Vederlagsfri fysioterapi, Opflg. træn.terapi.	Free-of-charge physiotherapy, Opflg. træn.terapi.	low	Y
2838	Vederlagsfri fysioterapi, Plejehjem *u.klinik*	Free-of-charge physiotherapy, Plejehjem *u.klinik*	low	Y
2839	Vederlagsfri fysioterapi, Plejehjem 0 - 4 Km	Free-of-charge physiotherapy, Plejehjem 0 - 4 km	high	
2840	Vederlagsfri fysioterapi, Plejehjem 5 - 10 Km	Free-of-charge physiotherapy, Plejehjem 5 - 10 km	high	
2841	Vederlagsfri fysioterapi, Plejehjem over 10 Km	Free-of-charge physiotherapy, Plejehjem over 10 km	high	
2842	Vederlagsfri fysioterapi, Psykomoto. bev. tera	Free-of-charge physiotherapy, Psykomoto. bev. tera	low	Y
2843	Vederlagsfri fysioterapi, Psykosomat.fys HHK	Free-of-charge physiotherapy, Psykosomat.fys hhk	high	
2844	Vederlagsfri fysioterapi, Strækbehandling	Free-of-charge physiotherapy, Strækbehandling	low	Y
2845	Vederlagsfri fysioterapi, Styrketræning A30	Free-of-charge physiotherapy, Styrketræning a30	low	Y
2846	Vederlagsfri fysioterapi, Termiske behandling	Free-of-charge physiotherapy, Termiske treatment	high	
2847	Vederlagsfri fysioterapi, Tillæg særlig tidskr	Free-of-charge physiotherapy, Supplement special tidskr	high	
2848	Vederlagsfri fysioterapi, Ultralyd	Free-of-charge physiotherapy, Ultralyd	high	
2849	Vederlagsfri fysioterapi, hold 1per.egne 51 62	Free-of-charge physiotherapy, Hold 1per.egne 51 62	high	
2850	Vederlagsfri fysioterapi, hold 7per.egne 51 62	Free-of-charge physiotherapy, Hold 7per.egne 51 62	high	
2851	Vederlagsfri fysioterapi, ødembehandling	Free-of-charge physiotherapy, Oedema treatment	high	
2852	Vederlagsfri fysioterapi, øvelsesterapi *hold*	Free-of-charge physiotherapy, Exercise therapy *hold*	low	Y
2853	Vederlagsfri fysioterapi, øvelsesterapi*indv*	Free-of-charge physiotherapy, Exercise therapy*indv*	low	Y
2854	Psykologhjælp, (procedure not documented)	Psychology service, (procedure not documented)	low	
2855	Psykologhjælp, 1 konsultation incest a65	Psychology service, 1 consultation incest a65	high	
2856	Psykologhjælp, 2-pers konsultation, 1 konsultation	Psychology service, 2-pers consultation, 1 consultation	high	
2857	Psykologhjælp, 2-prs konsultation, 2. konsultation	Psychology service, 2-prs consultation, 2. consultation	high	
2858	Psykologhjælp, 2.og efterf konsultation a65	Psychology service, 2.and efterf consultation a65	high	
2859	Psykologhjælp, 2pers kon følgende kon.	Psychology service, 2pers kon subsequent kon.	low	Y
2860	Psykologhjælp, 2pers. kon 1. kon	Psychology service, 2pers. kon 1. kon	high	
2861	Psykologhjælp, Afstandst. 0-4 km	Psychology service, Afstandst. 0-4 km	low	Y
2862	Psykologhjælp, Barn med pår eft.kon	Psychology service, Child with pår eft.kon	low	Y
2863	Psykologhjælp, Barn med pår 1 kon	Psychology service, Child with pår 1 kon	low	Y
2864	Psykologhjælp, Barn uden 16 1. konsultation	Psychology service, Child without 16 1. consultation	high	
2865	Psykologhjælp, Barn uden 16, 2 og eft	Psychology service, Child without 16, 2 and eft	high	
2866	Psykologhjælp, Fra 4 km til 8 km	Psychology service, From 4 km to 8 km	high	
2867	Psykologhjælp, Gr.kon 3pers 1 kon	Psychology service, Gr.kon 3pers 1 kon	high	
2868	Psykologhjælp, Gr.kon 3pers eft.kon	Psychology service, Gr.kon 3pers eft.kon	high	
2869	Psykologhjælp, Gr.kon 4pers 1. kon	Psychology service, Gr.kon 4pers 1. kon	high	
2870	Psykologhjælp, gruppe konsultation 3-8prs. eft	Psychology service, Group consultation 3-8prs. eft	high	
2871	Psykologhjælp, gruppe konsultation 5prs. efter	Psychology service, Group consultation 5prs. after	high	
2872	Psykologhjælp, gruppe konsultation 5prs 1 konsultation	Psychology service, Group consultation 5prs 1 consultation	high	
2873	Psykologhjælp, gruppe konsultation 6prs. efter	Psychology service, Group consultation 6prs. after	high	
2874	Psykologhjælp, gruppe konsultation 7prs. efter	Psychology service, Group consultation 7prs. after	high	
2875	Psykologhjælp, gruppe konsultation 8prs. efter	Psychology service, Group consultation 8prs. after	high	
2876	Psykologhjælp, gruppe konsultation 9prs.efter	Psychology service, Group consultation 9prs.after	high	
2877	Psykologhjælp, gruppe konsultation 3 prs. 1.	Psychology service, Group consultation 3 prs. 1.	low	Y
2878	Psykologhjælp, gruppe konsultation 3ps efterf	Psychology service, Group consultation 3ps efterf	high	
2879	Psykologhjælp, gruppe konsultation 4prs efter	Psychology service, Group consultation 4prs after	high	
2880	Psykologhjælp, Gruppekons. 3 pers.	Psychology service, Gruppekons. 3 pers.	low	Y
2881	Psykologhjælp, Gruppekons. 4 pers.	Psychology service, Gruppekons. 4 pers.	low	Y
2882	Psykologhjælp, Gruppekons. 5 pers.	Psychology service, Gruppekons. 5 pers.	low	Y
2883	Psykologhjælp, Gruppekons. 6 pers.	Psychology service, Gruppekons. 6 pers.	low	Y
2884	Psykologhjælp, individuel kon. eft.kon.	Psychology service, Individual kon. eft.kon.	low	Y
2885	Psykologhjælp, individuel konsultation 1 konsultation	Psychology service, Individual consultation 1 consultation	high	
2886	Psykologhjælp, individuel konsultation	Psychology service, Individual consultation	high	
2887	Psykologhjælp, Individuel 1. konsultation	Psychology service, Individual 1. consultation	high	
2888	Psykologhjælp, Indtil 4 km - Amt 42	Psychology service, Indtil 4 km - amt 42	high	
2889	Psykologhjælp, Indv konsultation 2. og eft	Psychology service, Indv consultation 2. and eft	high	
2890	Psykologhjælp, Ingen tekst tilgængelig	Psychology service, No text available	high	
2891	Psykologhjælp, tillæg v/kon med/tolk	Psychology service, Supplement v/kon with/interpreter	high	
2892	Psykologhjælp, To-personers konsultation	Psychology service, To-personers consultation	high	
2893	Psykologhjælp, gruppe konsultation 4 personer 1 konsultation	Psychology service, Group consultation 4 persons 1 consultation	high	
2894	Kiropraktik kronikere, (procedure not documented)	Chiropractic, chronic patients, (procedure not documented)	low	
2895	Kiropraktik kronikere, Kir. kli. grundyd. a	Chiropractic, chronic patients, Kir. kli. grundyd. a	low	Y
2896	Kiropraktik kronikere, Kir. kli. grundyd. b	Chiropractic, chronic patients, Kir. kli. grundyd. b	low	Y
2897	Kiropraktik kronikere, Kir. klinisk ydelse	Chiropractic, chronic patients, Kir. clinical service	low	Y
2898	Kiropraktik kronikere, Røntgenundersøgelse	Chiropractic, chronic patients, X-ray examination	high	
2899	Kiropraktik kronikere, Suppl. røntgenunder.	Chiropractic, chronic patients, Suppl. røntgenunder.	low	Y
2900	Kiropraktik kronikere, Tillæg a	Chiropractic, chronic patients, Supplement a	high	
2901	Kiropraktik kronikere, Tillæg aa	Chiropractic, chronic patients, Supplement aa	high	
2902	Kiropraktik kronikere, Tillæg b	Chiropractic, chronic patients, Supplement b	high	
2903	Kiropraktik kronikere, Tillæg bb	Chiropractic, chronic patients, Supplement bb	high	
2904	Kiropraktik kronikere, diagnosticering og beskrivelse	Chiropractic, chronic patients, Diagnosticering and beskrivelse	low	Y
2905	Kiropraktik kronikere, intr. til superviseret træning	Chiropractic, chronic patients, Intr. to superviseret training	low	Y
2906	Kiropraktik kronikere, kombi 1010/3001	Chiropractic, chronic patients, Kombi 1010/3001	high	
2907	Kiropraktik kronikere, kombi 1010/3002	Chiropractic, chronic patients, Kombi 1010/3002	high	
2908	Kiropraktik kronikere, kombi 1020/3001	Chiropractic, chronic patients, Kombi 1020/3001	high	
2909	Kiropraktik kronikere, kombi 1020/3002	Chiropractic, chronic patients, Kombi 1020/3002	high	
2910	Kiropraktik kronikere, kombi 1030/3001	Chiropractic, chronic patients, Kombi 1030/3001	high	
2911	Kiropraktik kronikere, kombi 1030/3002	Chiropractic, chronic patients, Kombi 1030/3002	high	
2912	Kiropraktik kronikere, kombi 1030/3003	Chiropractic, chronic patients, Kombi 1030/3003	high	
2913	Kiropraktik kronikere, kombi 1030/3004	Chiropractic, chronic patients, Kombi 1030/3004	high	
2914	Kiropraktik kronikere, rekvirering/tolkning af fremmede billeder	Chiropractic, chronic patients, Rekvirering/tolkning of fremmede billeder	low	Y
2915	Kiropraktik kronikere, superviseret træning	Chiropractic, chronic patients, Superviseret training	low	Y
2916	Vederlagsfri ridefysioterapi, 1. konsultation	Free-of-charge horseback-riding physiotherapy, 1. consultation	high	
2917	Vederlagsfri ridefysioterapi, Bagsidder per ? time	Free-of-charge horseback-riding physiotherapy, Bagsidder per ? time	high	
2918	Vederlagsfri ridefysioterapi, Bagsidder per ? time	Free-of-charge horseback-riding physiotherapy, Bagsidder per ? time	high	
2919	Vederlagsfri ridefysioterapi, Fys. non ? tim. 4 per	Free-of-charge horseback-riding physiotherapy, Fys. non ? tim. 4 per	low	Y
2920	Vederlagsfri ridefysioterapi, Fys.hon. ? tim 5 prs	Free-of-charge horseback-riding physiotherapy, Fys.hon. ? tim 5 prs	high	
2921	Vederlagsfri ridefysioterapi, Fys.hon. ? tim.1 prs	Free-of-charge horseback-riding physiotherapy, Fys.hon. ? tim.1 prs	high	
2922	Vederlagsfri ridefysioterapi, Fys.hon. ? tim.2 prs	Free-of-charge horseback-riding physiotherapy, Fys.hon. ? tim.2 prs	high	
2923	Vederlagsfri ridefysioterapi, Fys.hon.? tim. 3 prs	Free-of-charge horseback-riding physiotherapy, Fys.hon.? tim. 3 prs	low	Y
2924	Vederlagsfri ridefysioterapi, Rideklub med hal 1 prs	Free-of-charge horseback-riding physiotherapy, Rideklub with hal 1 prs	high	
2925	Vederlagsfri ridefysioterapi, Rideklub med hal 3 prs	Free-of-charge horseback-riding physiotherapy, Rideklub with hal 3 prs	high	
2926	Vederlagsfri ridefysioterapi, Rideklub med hal 4 prs	Free-of-charge horseback-riding physiotherapy, Rideklub with hal 4 prs	high	
2927	Vederlagsfri ridefysioterapi, Rideskole hon. 4 prs	Free-of-charge horseback-riding physiotherapy, Rideskole hon. 4 prs	low	Y
2928	Høreomsorg, Høreapparat	Hearing care, Hearing aid	high	
2929	Høreomsorg, Uafsluttet forløb	Hearing care, Uafsluttet forløb	low	Y
2930	Gynækologi/obstetrik, (V)abrasio, Cer. følgende	Gynaecology/obstetrics, (v)abrasio, cer. subsequent	low	Y
2931	Gynækologi/obstetrik, (V)abrasio, Cerv. 1.	Gynaecology/obstetrics, (v)abrasio, cerv. 1.	low	Y
2932	Gynækologi/obstetrik, (V)abrasio, Cor. følgende	Gynaecology/obstetrics, (v)abrasio, cor. subsequent	low	Y
2933	Gynækologi/obstetrik, (V)abrasio, Cor 1 anæstesi	Gynaecology/obstetrics, (v)abrasio, cor 1 anaesthesia	high	
2934	Gynækologi/obstetrik, (V)abrasio, Corp. 1.	Gynaecology/obstetrics, (v)abrasio, corp. 1.	low	Y
2935	Gynækologi/obstetrik, (V)abrasio,Ce. Fg anæstesi	Gynaecology/obstetrics, (v)abrasio,ce. fg anaesthesia	low	Y
2936	Gynækologi/obstetrik, (V)abrasio,Co. Fg anæstesi	Gynaecology/obstetrics, (v)abrasio,co. fg anaesthesia	low	Y
2937	Gynækologi/obstetrik, (procedure not documented)	Gynaecology/obstetrics, (procedure not documented)	low	
2938	Gynækologi/obstetrik, 1. konsultation	Gynaecology/obstetrics, 1. consultation	high	
2939	Gynækologi/obstetrik, 1. konsultation Fertilitet	Gynaecology/obstetrics, 1. consultation fertilitet	high	
2940	Gynækologi/obstetrik, 1. konsultation abort	Gynaecology/obstetrics, 1. consultation abort	high	
2941	Gynækologi/obstetrik, 2	Gynaecology/obstetrics, 2	high	
2942	Gynækologi/obstetrik, 2. konsultation med. abort	Gynaecology/obstetrics, 2. consultation with. abort	low	Y
2943	Gynækologi/obstetrik, 2.intraut.ins.cyklus	Gynaecology/obstetrics, 2.intraut.ins.cyklus	high	
2944	Gynækologi/obstetrik, 2 konsultation kir. abort	Gynaecology/obstetrics, 2 consultation kir. abort	low	Y
2945	Gynækologi/obstetrik, 3. konsultation udvidet	Gynaecology/obstetrics, 3. consultation udvidet	high	
2946	Gynækologi/obstetrik, 3. konsultation ukompl.	Gynaecology/obstetrics, 3. consultation ukompl.	low	Y
2947	Gynækologi/obstetrik, 4. konsultation afsluttet	Gynaecology/obstetrics, 4. consultation afsluttet	high	
2948	Gynækologi/obstetrik, Afstandstillæg	Gynaecology/obstetrics, Distance supplement	high	
2949	Gynækologi/obstetrik, Anoscopi	Gynaecology/obstetrics, Anoscopi	high	
2950	Gynækologi/obstetrik, B-Glukose *ej Stix*4	Gynaecology/obstetrics, B-glukose *ej stix*4	low	Y
2951	Gynækologi/obstetrik, B-Glukose *stix*   1	Gynaecology/obstetrics, B-glukose *stix* 1	low	Y
2952	Gynækologi/obstetrik, B-Hemoglobin       2	Gynaecology/obstetrics, B-hemoglobin 2	high	
2953	Gynækologi/obstetrik, B-Sedimentat.Reakt.2	Gynaecology/obstetrics, B-sedimentat.reakt.2	high	
2954	Gynækologi/obstetrik, Besøg	Gynaecology/obstetrics, Visit	high	
2955	Gynækologi/obstetrik, Biopsi	Gynaecology/obstetrics, Biopsy	high	
2956	Gynækologi/obstetrik, Blevejningstest	Gynaecology/obstetrics, Blevejningstest	high	
2957	Gynækologi/obstetrik, Blodpr. Exp        1	Gynaecology/obstetrics, Blodpr. exp 1	low	Y
2958	Gynækologi/obstetrik, Blodprøvetagning   4	Gynaecology/obstetrics, Blood sampling 4	high	
2959	Gynækologi/obstetrik, Blokadebeh. af bækk.	Gynaecology/obstetrics, Blokadebeh. of bækk.	low	Y
2960	Gynækologi/obstetrik, Clamydia (exp)     1	Gynaecology/obstetrics, Clamydia (exp) 1	high	
2961	Gynækologi/obstetrik, Clamydia Immuonfl. 3	Gynaecology/obstetrics, Clamydia immuonfl. 3	low	Y
2962	Gynækologi/obstetrik, Clamydiabestemme. 10	Gynaecology/obstetrics, Clamydiabestemme. 10	low	Y
2963	Gynækologi/obstetrik, Conisat,1.opera.  anæstesi	Gynaecology/obstetrics, Conisat,1.opera. anaesthesia	high	
2964	Gynækologi/obstetrik, Conisation	Gynaecology/obstetrics, Conisation	high	
2965	Gynækologi/obstetrik, Cystoscopi	Gynaecology/obstetrics, Cystoscopi	high	
2966	Gynækologi/obstetrik, De-infibulatio	Gynaecology/obstetrics, De-infibulatio	high	
2967	Gynækologi/obstetrik, Dilat. Cervi Fg. anæstesi	Gynaecology/obstetrics, Dilat. cervi fg. anaesthesia	low	Y
2968	Gynækologi/obstetrik, Dilat. Cervic.    1.	Gynaecology/obstetrics, Dilat. cervic. 1.	low	Y
2969	Gynækologi/obstetrik, Dilat. Cervic.   følgende	Gynaecology/obstetrics, Dilat. cervic. subsequent	low	Y
2970	Gynækologi/obstetrik, Dilat. Cervic. 1. anæstesi	Gynaecology/obstetrics, Dilat. cervic. 1. anaesthesia	low	Y
2971	Gynækologi/obstetrik, Dyrk. af gærs.(ex).1	Gynaecology/obstetrics, Dyrk. of gærs.(ex).1	low	Y
2972	Gynækologi/obstetrik, Dyrk. af gærsvamp 10	Gynaecology/obstetrics, Dyrk. of yeast infection 10	low	Y
2973	Gynækologi/obstetrik, E-mail konsultation	Gynaecology/obstetrics, E-mail consultation	high	
2974	Gynækologi/obstetrik, E-mail konsultation	Gynaecology/obstetrics, E-mail consultation	high	
2975	Gynækologi/obstetrik, El-stim. af bækkenb.	Gynaecology/obstetrics, El-stim. of bækkenb.	low	Y
2976	Gynækologi/obstetrik, El-stimu af bækkenb.	Gynaecology/obstetrics, El-stimu of bækkenb.	low	Y
2977	Gynækologi/obstetrik, Elstimul. bækkenbund	Gynaecology/obstetrics, Elstimul. bækkenbund	low	Y
2978	Gynækologi/obstetrik, Endometriedestrukt.	Gynaecology/obstetrics, Endometriedestrukt.	low	Y
2979	Gynækologi/obstetrik, Evacuatio opf. konsultation	Gynaecology/obstetrics, Evacuatio opf. consultation	low	Y
2980	Gynækologi/obstetrik, Evacuatio uteri	Gynaecology/obstetrics, Evacuatio uteri	high	
2981	Gynækologi/obstetrik, F-blod	Gynaecology/obstetrics, F-blood	high	
2982	Gynækologi/obstetrik, Fentonplastik	Gynaecology/obstetrics, Fentonplastik	high	
2983	Gynækologi/obstetrik, fjernelse Svulst   følgende	Gynaecology/obstetrics, Removal svulst subsequent	high	
2984	Gynækologi/obstetrik, fjernelse Svulst 1. anæstesi	Gynaecology/obstetrics, Removal svulst 1. anaesthesia	high	
2985	Gynækologi/obstetrik, fjernelse Svulst Hud 1.	Gynaecology/obstetrics, Removal svulst hud 1.	high	
2986	Gynækologi/obstetrik, Forus.inde ambu.a15	Gynaecology/obstetrics, Forus.inde ambu.a15	high	
2987	Gynækologi/obstetrik, Genetisk rådgivning	Gynaecology/obstetrics, Genetisk advice	low	Y
2988	Gynækologi/obstetrik, HSU	Gynaecology/obstetrics, Hsu	high	
2989	Gynækologi/obstetrik, Hymenal- el. vulvapl	Gynaecology/obstetrics, Hymenal- el. vulvapl	low	Y
2990	Gynækologi/obstetrik, Hys-sal-ul., HSU	Gynaecology/obstetrics, Hys-sal-ul., hsu	high	
2991	Gynækologi/obstetrik, Hysteroskopi	Gynaecology/obstetrics, Hysteroskopi	high	
2992	Gynækologi/obstetrik, Incision Absces   1.	Gynaecology/obstetrics, Incision absces 1.	high	
2993	Gynækologi/obstetrik, Incision Absces følgende	Gynaecology/obstetrics, Incision absces subsequent	high	
2994	Gynækologi/obstetrik, Incision Cyste    1.	Gynaecology/obstetrics, Incision cyste 1.	high	
2995	Gynækologi/obstetrik, Incision Cyste 1. anæstesi	Gynaecology/obstetrics, Incision cyste 1. anaesthesia	high	
2996	Gynækologi/obstetrik, Incision Cyste følgende	Gynaecology/obstetrics, Incision cyste subsequent	high	
2997	Gynækologi/obstetrik, Int. Fjer. Sp. Fg anæstesi	Gynaecology/obstetrics, Int. fjer. sp. fg anaesthesia	low	Y
2998	Gynækologi/obstetrik, Int. Fjer. Spi. 1 anæstesi	Gynaecology/obstetrics, Int. fjer. spi. 1 anaesthesia	low	Y
2999	Gynækologi/obstetrik, Int. fjernelse Spi. følgende	Gynaecology/obstetrics, Int. removal spi. subsequent	low	Y
3000	Gynækologi/obstetrik, Int. fjernelse Spir. 1.	Gynaecology/obstetrics, Int. removal spir. 1.	low	Y
3001	Gynækologi/obstetrik, Intracerv. Insemin.	Gynaecology/obstetrics, Intracerv. insemin.	low	Y
3002	Gynækologi/obstetrik, Intrauter. Insemin.	Gynaecology/obstetrics, Intrauter. insemin.	low	Y
3003	Gynækologi/obstetrik, Kolposcopi	Gynaecology/obstetrics, Kolposcopi	high	
3004	Gynækologi/obstetrik, Kontrol Anoscopi	Gynaecology/obstetrics, Follow-up anoscopi	high	
3005	Gynækologi/obstetrik, Kontrol Cystoscopi	Gynaecology/obstetrics, Follow-up cystoscopi	high	
3006	Gynækologi/obstetrik, Kontrol Kolposcopi	Gynaecology/obstetrics, Follow-up kolposcopi	high	
3007	Gynækologi/obstetrik, Kryobeh. cer. Fg. anæstesi	Gynaecology/obstetrics, Kryobeh. cer. fg. anaesthesia	low	Y
3008	Gynækologi/obstetrik, Kryobeh. cervix   1.	Gynaecology/obstetrics, Kryobeh. cervix 1.	low	Y
3009	Gynækologi/obstetrik, Kryobeh. cervix 1 anæstesi	Gynaecology/obstetrics, Kryobeh. cervix 1 anaesthesia	low	Y
3010	Gynækologi/obstetrik, Kryobeh. cervix følgende	Gynaecology/obstetrics, Kryobeh. cervix subsequent	low	Y
3011	Gynækologi/obstetrik, Labiumresection	Gynaecology/obstetrics, Labiumresection	high	
3012	Gynækologi/obstetrik, Masupialisation	Gynaecology/obstetrics, Masupialisation	high	
3013	Gynækologi/obstetrik, Mikrosk. Farv. Sek.3	Gynaecology/obstetrics, Mikrosk. farv. sek.3	low	Y
3014	Gynækologi/obstetrik, Mikrosk. Ufar. Sek.3	Gynaecology/obstetrics, Mikrosk. ufar. sek.3	low	Y
3015	Gynækologi/obstetrik, Obstetrisk Bistand	Gynaecology/obstetrics, Obstetrisk bistand	low	Y
3016	Gynækologi/obstetrik, Opsæt. af spiral	Gynaecology/obstetrics, Opsæt. of coil (IUD)	low	Y
3017	Gynækologi/obstetrik, Opsætn. af Spiral	Gynaecology/obstetrics, Fitting. of coil (IUD)	low	Y
3018	Gynækologi/obstetrik, Opsætn. Spir. Fg. anæstesi	Gynaecology/obstetrics, Fitting. spir. fg. anaesthesia	low	Y
3019	Gynækologi/obstetrik, Opsætn. Spiral    1.	Gynaecology/obstetrics, Fitting. coil (IUD) 1.	low	Y
3020	Gynækologi/obstetrik, Opsætn. Spiral  følgende	Gynaecology/obstetrics, Fitting. coil (IUD) subsequent	low	Y
3021	Gynækologi/obstetrik, Opsætn. Spiral 1. anæstesi	Gynaecology/obstetrics, Fitting. coil (IUD) 1. anaesthesia	low	Y
3022	Gynækologi/obstetrik, Ovariecystepu. 1. anæstesi	Gynaecology/obstetrics, Ovariecystepu. 1. anaesthesia	low	Y
3023	Gynækologi/obstetrik, Ovariecystepunk. følgende	Gynaecology/obstetrics, Ovariecystepunk. subsequent	low	Y
3024	Gynækologi/obstetrik, Ovariecystepunkt. 1.	Gynaecology/obstetrics, Ovariecystepunkt. 1.	low	Y
3025	Gynækologi/obstetrik, Ovariecystepunktur 1	Gynaecology/obstetrics, Ovariecystepunktur 1	high	
3026	Gynækologi/obstetrik, Paracervik./intracer	Gynaecology/obstetrics, Paracervik./intracer	low	Y
3027	Gynækologi/obstetrik, Penatrationstest	Gynaecology/obstetrics, Penatrationstest	high	
3028	Gynækologi/obstetrik, Pertubation	Gynaecology/obstetrics, Pertubation	high	
3029	Gynækologi/obstetrik, Polypfjern. Cer. Ut.	Gynaecology/obstetrics, Polypfjern. cer. ut.	low	Y
3030	Gynækologi/obstetrik, Polypfjernelse	Gynaecology/obstetrics, Polypfjernelse	low	Y
3031	Gynækologi/obstetrik, Rectoscopi	Gynaecology/obstetrics, Rectoscopi	high	
3032	Gynækologi/obstetrik, S-Creatinium       5	Gynaecology/obstetrics, S-creatinium 5	high	
3033	Gynækologi/obstetrik, Sekret-Gonokok*exp*1	Gynaecology/obstetrics, Sekret-gonokok*exp*1	low	Y
3034	Gynækologi/obstetrik, Sekret-Gonokok*mik*2	Gynaecology/obstetrics, Sekret-gonokok*mik*2	low	Y
3035	Gynækologi/obstetrik, Senere konsultation	Gynaecology/obstetrics, Later consultation	high	
3036	Gynækologi/obstetrik, Senere konsultation Fertil.	Gynaecology/obstetrics, Later consultation fertil.	low	Y
3037	Gynækologi/obstetrik, Serum-HCG        12	Gynaecology/obstetrics, Serum-hcg 12	high	
3038	Gynækologi/obstetrik, Serum-ostradiolb.  6	Gynaecology/obstetrics, Serum-ostradiolb. 6	high	
3039	Gynækologi/obstetrik, Serum-progestero.  6	Gynaecology/obstetrics, Serum-progestero. 6	high	
3040	Gynækologi/obstetrik, Serum-progesteronb.6	Gynaecology/obstetrics, Serum-progesteronb.6	high	
3041	Gynækologi/obstetrik, Serum-østradiolb.  6	Gynaecology/obstetrics, Serum-østradiolb. 6	low	Y
3042	Gynækologi/obstetrik, Sexolog. Samtale	Gynaecology/obstetrics, Sexolog. conversation	low	Y
3043	Gynækologi/obstetrik, Skift af r.pessar	Gynaecology/obstetrics, Skift of r.pessar	high	
3044	Gynækologi/obstetrik, Skift af ringpessar	Gynaecology/obstetrics, Skift of ringpessar	high	
3045	Gynækologi/obstetrik, Smear	Gynaecology/obstetrics, Smear	high	
3046	Gynækologi/obstetrik, Sperma-Us         15	Gynaecology/obstetrics, Sperma-us 15	high	
3047	Gynækologi/obstetrik, Svangerskabsreakt. 5	Gynaecology/obstetrics, Svangerskabsreakt. 5	low	Y
3048	Gynækologi/obstetrik, Sædpræp. til insemin	Gynaecology/obstetrics, Sædpræp. to insemin	low	Y
3049	Gynækologi/obstetrik, Tillæg for tolk	Gynaecology/obstetrics, Supplement for interpreter	high	
3050	Gynækologi/obstetrik, Tillæg for tolk Fer.	Gynaecology/obstetrics, Supplement for interpreter fer.	low	Y
3051	Gynækologi/obstetrik, telefon konsultation	Gynaecology/obstetrics, Telephone consultation	high	
3052	Gynækologi/obstetrik, telefon konsultation Fetilitet	Gynaecology/obstetrics, Telephone consultation fetilitet	high	
3053	Gynækologi/obstetrik, telefon rådg prakt læge	Gynaecology/obstetrics, Telephone rådg prakt doctor	low	Y
3054	Gynækologi/obstetrik, Tumorfjern. Ma. 1 anæstesi	Gynaecology/obstetrics, Tumorfjern. ma. 1 anaesthesia	low	Y
3055	Gynækologi/obstetrik, Tumorfjern. Mam. følgende	Gynaecology/obstetrics, Tumorfjern. mam. subsequent	low	Y
3056	Gynækologi/obstetrik, Tumorfjern. Mamma 1.	Gynaecology/obstetrics, Tumorfjern. mamma 1.	low	Y
3057	Gynækologi/obstetrik, U-Bakt.*dyrk Park* 3	Gynaecology/obstetrics, U-bakt.*dyrk park* 3	low	Y
3058	Gynækologi/obstetrik, U-Bakt.*dyrk Rest*12	Gynaecology/obstetrics, U-bakt.*dyrk rest*12	low	Y
3059	Gynækologi/obstetrik, U-Glukose          1	Gynaecology/obstetrics, U-glukose 1	high	
3060	Gynækologi/obstetrik, U-Hb-Glu-Me-Pr Stix1	Gynaecology/obstetrics, U-hb-glu-me-pr stix1	high	
3061	Gynækologi/obstetrik, U-Hemoglobin       1	Gynaecology/obstetrics, U-hemoglobin 1	high	
3062	Gynækologi/obstetrik, U-Hormonanal*exp*  1	Gynaecology/obstetrics, U-hormonanal*exp* 1	low	Y
3063	Gynækologi/obstetrik, U-Mikroskopi       3	Gynaecology/obstetrics, U-microscopy 3	high	
3064	Gynækologi/obstetrik, U-Protein          1	Gynaecology/obstetrics, U-protein 1	high	
3065	Gynækologi/obstetrik, U-Svangersk. Reakt.3	Gynaecology/obstetrics, U-svangersk. reakt.3	high	
3066	Gynækologi/obstetrik, Ultralydsc.testikler	Gynaecology/obstetrics, Ultralydsc.testikler	high	
3067	Gynækologi/obstetrik, Ultralydscanning	Gynaecology/obstetrics, Ultralydscanning	low	Y
3068	Gynækologi/obstetrik, Ultralydsscanning	Gynaecology/obstetrics, Ultralydsscanning	low	Y
3069	Gynækologi/obstetrik, Ultralydsscanning 35	Gynaecology/obstetrics, Ultralydsscanning 35	low	Y
3070	Gynækologi/obstetrik, Unders. Vaginalsek.1	Gynaecology/obstetrics, Unders. vaginalsek.1	low	Y
3071	Gynækologi/obstetrik, Urethraldilatation	Gynaecology/obstetrics, Urethraldilatation	high	
3072	Gynækologi/obstetrik, Urin LH            8	Gynaecology/obstetrics, Urine lh 8	high	
3073	Gynækologi/obstetrik, Urinprøvetag Steril4	Gynaecology/obstetrics, Urine sampling steril4	high	
3074	Gynækologi/obstetrik, Vaginal/cervical p.1	Gynaecology/obstetrics, Vaginal/cervical p.1	high	
3075	Gynækologi/obstetrik, Vaginalplas følgende oper	Gynaecology/obstetrics, Vaginalplas subsequent operation	high	
3076	Gynækologi/obstetrik, Vaginalplastik	Gynaecology/obstetrics, Vaginalplastik	high	
3077	Gynækologi/obstetrik, Vaginalplastik 1 anæstesi	Gynaecology/obstetrics, Vaginalplastik 1 anaesthesia	high	
3078	Gynækologi/obstetrik, Vaginalplastik følgende	Gynaecology/obstetrics, Vaginalplastik subsequent	high	
3079	Gynækologi/obstetrik, Vandscanning	Gynaecology/obstetrics, Vandscanning	low	Y
3080	Gynækologi/obstetrik, Vulvabiopsi	Gynaecology/obstetrics, Vulvabiopsi	high	
3081	Gynækologi/obstetrik, Vulvoskopi	Gynaecology/obstetrics, Vulvoskopi	high	
3082	Gynækologi/obstetrik, ambulant besøg amt35	Gynaecology/obstetrics, Ambulant visit amt35	high	
3083	Gynækologi/obstetrik, evacuatio med.abort	Gynaecology/obstetrics, Evacuatio with.abort	high	
3084	Gynækologi/obstetrik, fj.gestagenimplantat	Gynaecology/obstetrics, Removal.gestagenimplantat	high	
3085	Gynækologi/obstetrik, følgende conisation	Gynaecology/obstetrics, Subsequent conisation	high	
3086	Gynækologi/obstetrik, følgende labiumresection	Gynaecology/obstetrics, Subsequent labiumresection	high	
3087	Gynækologi/obstetrik, følgende fentonplastik	Gynaecology/obstetrics, Subsequent fentonplastik	high	
3088	Gynækologi/obstetrik, følgende masupialisation	Gynaecology/obstetrics, Subsequent masupialisation	high	
3089	Gynækologi/obstetrik, følgende pacervik/intrace	Gynaecology/obstetrics, Subsequent pacervik/intrace	high	
3090	Gynækologi/obstetrik, indsæt.gestagenimpl	Gynaecology/obstetrics, Indsæt.gestagenimpl	low	Y
3091	Gynækologi/obstetrik, kolposk/biopsi/cervi	Gynaecology/obstetrics, Kolposk/biopsy/cervi	high	
3092	Gynækologi/obstetrik, tolkebistand	Gynaecology/obstetrics, Interpreter assistance	high	
3093	Intern medicin, (procedure not documented)	Internal medicine, (procedure not documented)	low	
3094	Intern medicin, *b*ercs-Mikroskopi 1	Internal medicine, *b*ercs-microscopy 1	low	Y
3095	Intern medicin, *b*ercs-Reticulocyt2	Internal medicine, *b*ercs-reticulocyt2	low	Y
3096	Intern medicin, *fpt*s-Lipid Frkt.25	Internal medicine, *fpt*s-lipid frkt.25	low	Y
3097	Intern medicin, *fpt*s-Triglycerid15	Internal medicine, *fpt*s-triglycerid15	low	Y
3098	Intern medicin, 1. konsultation	Internal medicine, 1. consultation	high	
3099	Intern medicin, 2. konsultation	Internal medicine, 2. consultation	high	
3100	Intern medicin, 24-tim. blodtryksmon	Internal medicine, 24-tim. blodtryksmon	high	
3101	Intern medicin, Afstandstillæg	Internal medicine, Distance supplement	high	
3102	Intern medicin, Allergenpro.fødem.os	Internal medicine, Allergenpro.fødem.os	low	Y
3103	Intern medicin, Allergenprovokation	Internal medicine, Allergenprovokation	high	
3104	Intern medicin, Allergivacc. 1.aller	Internal medicine, Allergivacc. 1.aller	low	Y
3105	Intern medicin, Allergivacc. eft.føl	Internal medicine, Allergivacc. eft.føl	low	Y
3106	Intern medicin, Arbejdsekg*master*18	Internal medicine, Arbejdsekg*master*18	low	Y
3107	Intern medicin, Arbejdslungefkt undersøgelse	Internal medicine, Arbejdslungefkt examination	high	
3108	Intern medicin, Arbejdstest	Internal medicine, Arbejdstest	high	
3109	Intern medicin, B-Differentialtæll.6	Internal medicine, B-differential count6	high	
3110	Intern medicin, B-Eosinophilcyt.   1	Internal medicine, B-eosinophilcyt. 1	high	
3111	Intern medicin, B-Erytrocyt*volfrk.1	Internal medicine, B-erytrocyt*volfrk.1	low	Y
3112	Intern medicin, B-Glukose *ej Stix*4	Internal medicine, B-glukose *ej stix*4	low	Y
3113	Intern medicin, B-Glukose *stix*   1	Internal medicine, B-glukose *stix* 1	low	Y
3114	Intern medicin, B-Hemoglobin       2	Internal medicine, B-hemoglobin 2	high	
3115	Intern medicin, B-Leukocyt. *park* 1	Internal medicine, B-leukocyt. *park* 1	low	Y
3116	Intern medicin, B-Sedimentat.Reakt.2	Internal medicine, B-sedimentat.reakt.2	high	
3117	Intern medicin, B-Trombocyt. *park*3	Internal medicine, B-trombocyt. *park*3	low	Y
3118	Intern medicin, Besøg	Internal medicine, Visit	high	
3119	Intern medicin, Biopsi	Internal medicine, Biopsy	high	
3120	Intern medicin, Blodpr. Ekg i Hjem 6	Internal medicine, Blodpr. ECG in home 6	low	Y
3121	Intern medicin, Blodpr. Exp        1	Internal medicine, Blodpr. exp 1	low	Y
3122	Intern medicin, Breathtest	Internal medicine, Breathtest	high	
3123	Intern medicin, Bronkialprovokation	Internal medicine, Bronkialprovokation	high	
3124	Intern medicin, CLO-test	Internal medicine, Clo-test	high	
3125	Intern medicin, Cutanprøver	Internal medicine, Skin tests	high	
3126	Intern medicin, Cøliakipakken_amt 15	Internal medicine, Cøliakipakken_amt 15	low	Y
3127	Intern medicin, Diffusionskapacitet	Internal medicine, Diffusionskapacitet	high	
3128	Intern medicin, Døgnpulsoxymetri	Internal medicine, Døgnpulsoxymetri	low	Y
3129	Intern medicin, E-mail konsultation	Internal medicine, E-mail consultation	high	
3130	Intern medicin, EKG 12 afledninger	Internal medicine, ECG 12 afledninger	low	Y
3131	Intern medicin, EKKO-cardiografi	Internal medicine, Ekko-cardiografi	high	
3132	Intern medicin, Ekg  3 Ext. 3 Præ. 9	Internal medicine, ECG 3 ext. 3 præ. 9	low	Y
3133	Intern medicin, Ekkocardiografi	Internal medicine, Ekkocardiografi	high	
3134	Intern medicin, F-blod	Internal medicine, F-blood	high	
3135	Intern medicin, Fj.polyp, colon	Internal medicine, Removal.polyp, colon	high	
3136	Intern medicin, Fj.polyp, rectum	Internal medicine, Removal.polyp, rectum	high	
3137	Intern medicin, Fpt-Dioxygen*absb*15	Internal medicine, Fpt-dioxygen*absb*15	low	Y
3138	Intern medicin, Gastroscopi, amt 20	Internal medicine, Gastroscopi, amt 20	high	
3139	Intern medicin, Holter-monitorering	Internal medicine, Holter-monitorering	high	
3140	Intern medicin, Holterminit.manu.ana	Internal medicine, Holterminit.manu.ana	high	
3141	Intern medicin, Hæmatologisk undersøgelse Ii 6	Internal medicine, Haematological examination ii 6	high	
3142	Intern medicin, Knogletæthedsm.endok	Internal medicine, Knogletæthedsm.endok	low	Y
3143	Intern medicin, Koloskopi	Internal medicine, Koloskopi	high	
3144	Intern medicin, Koloskopi, amt 20	Internal medicine, Koloskopi, amt 20	high	
3145	Intern medicin, Kontr. Oeso Gast Duo	Internal medicine, Kontr. oeso gast duo	low	Y
3146	Intern medicin, Kontr. Sigmoi./Colo.	Internal medicine, Kontr. sigmoi./colo.	low	Y
3147	Intern medicin, Kontrol Rectoscopi	Internal medicine, Follow-up rectoscopi	high	
3148	Intern medicin, Kontrol af AK-beh.	Internal medicine, Follow-up of ak-beh.	high	
3149	Intern medicin, lungefunktion undersøgelse uden rever	Internal medicine, Lung function examination without rever	high	
3150	Intern medicin, Laktoseintrolerans	Internal medicine, Laktoseintrolerans	high	
3151	Intern medicin, Lunge-Peak Exp.Flow3	Internal medicine, Lunge-peak exp.flow3	high	
3152	Intern medicin, lungefunktion undersøgelse med rever	Internal medicine, Lung function examination with rever	high	
3153	Intern medicin, Lungefunk spir med reversibilitet	Internal medicine, Lungefunk spir with reversibility	high	
3154	Intern medicin, Lungefunk spir uden reversibilitet	Internal medicine, Lungefunk spir without reversibility	high	
3155	Intern medicin, Lunger-Vitalkap.   3	Internal medicine, Lunger-vitalkap. 3	high	
3156	Intern medicin, Oeso. Gast.     Duo.	Internal medicine, Oeso. gast. duo.	low	Y
3157	Intern medicin, Oscillometri *2 Ex*6	Internal medicine, Oscillometri *2 ex*6	low	Y
3158	Intern medicin, Oscillometri *4ex*10	Internal medicine, Oscillometri *4ex*10	low	Y
3159	Intern medicin, P-Glukose          4	Internal medicine, P-glukose 4	high	
3160	Intern medicin, Peak exp.flow lunger	Internal medicine, Peak exp.flow lunger	high	
3161	Intern medicin, Perifer trykm a a til	Internal medicine, Perifer trykm a a to	high	
3162	Intern medicin, Provokationsforsøg	Internal medicine, Provokationsforsøg	low	Y
3163	Intern medicin, Pt-Ekg  3 Ext.Afl. 6	Internal medicine, Pt-ECG 3 ext.afl. 6	high	
3164	Intern medicin, Pt-Ekg  3ext.3præ. 9	Internal medicine, Pt-ECG 3ext.3præ. 9	low	Y
3165	Intern medicin, Pt-Ekg  F E Belast 9	Internal medicine, Pt-ECG f e belast 9	high	
3166	Intern medicin, Pt-Ekg Afl.   6    1	Internal medicine, Pt-ECG afl. 6 1	low	Y
3167	Intern medicin, Pt-Glukosebelast. 12	Internal medicine, Pt-glukosebelast. 12	high	
3168	Intern medicin, Pulsoxymetri	Internal medicine, Pulsoxymetri	high	
3169	Intern medicin, Rectoscopi	Internal medicine, Rectoscopi	high	
3170	Intern medicin, S-Bilirubiner      5	Internal medicine, S-bilirubiner 5	high	
3171	Intern medicin, S-Carbamid         3	Internal medicine, S-carbamid 3	high	
3172	Intern medicin, S-Cholesteroler    9	Internal medicine, S-cholesteroler 9	high	
3173	Intern medicin, S-Creatinium       5	Internal medicine, S-creatinium 5	high	
3174	Intern medicin, S-Rheumat.Art.Test 3	Internal medicine, S-rheumat.art.test 3	high	
3175	Intern medicin, Senere konsultation	Internal medicine, Later consultation	high	
3176	Intern medicin, Sigmoideo./ Colosco.	Internal medicine, Sigmoideo./ colosco.	low	Y
3177	Intern medicin, Sigmoscopi, amt 20	Internal medicine, Sigmoscopi, amt 20	high	
3178	Intern medicin, Stereomikroskopi	Internal medicine, Stereomikroskopi	high	
3179	Intern medicin, telefon konsultation	Internal medicine, Telephone consultation	high	
3180	Intern medicin, telefon rådg prakt læge	Internal medicine, Telephone rådg prakt doctor	low	Y
3181	Intern medicin, Total lungekapacitet	Internal medicine, Total lungekapacitet	high	
3182	Intern medicin, U-Bakt.*dyrk Park* 3	Internal medicine, U-bakt.*dyrk park* 3	low	Y
3183	Intern medicin, U-Bakt.*dyrk Rest*12	Internal medicine, U-bakt.*dyrk rest*12	low	Y
3184	Intern medicin, U-Glukose          1	Internal medicine, U-glukose 1	high	
3185	Intern medicin, U-Hb-Glu-Me-Pr Stix1	Internal medicine, U-hb-glu-me-pr stix1	high	
3186	Intern medicin, U-Hemoglobin       1	Internal medicine, U-hemoglobin 1	high	
3187	Intern medicin, U-Methylketon      1	Internal medicine, U-methylketon 1	high	
3188	Intern medicin, U-Mikroskopi       3	Internal medicine, U-microscopy 3	high	
3189	Intern medicin, U-Protein          1	Internal medicine, U-protein 1	high	
3190	Intern medicin, U-Sediment *park*  6	Internal medicine, U-sediment *park* 6	low	Y
3191	Intern medicin, Udvid. Lungefunktpr.	Internal medicine, Udvid. lungefunktpr.	low	Y
3192	Intern medicin, Ultralyd øv. abdomen	Internal medicine, Ultralyd øv. abdomen	low	Y
3193	Intern medicin, Ultralydssc.peri.art	Internal medicine, Ultralydssc.peri.art	high	
3194	Intern medicin, Urinprøvetag Steril4	Internal medicine, Urine sampling steril4	high	
3195	Intern medicin, eccokardiografi	Internal medicine, Eccokardiografi	high	
3196	Intern medicin, tolkebistand	Internal medicine, Interpreter assistance	high	
3197	Intern medicin, total coloskopi a20	Internal medicine, Total coloskopi a20	high	
3198	Intern medicin, ukendt	Internal medicine, Ukendt	high	
3199	Almen Lægehjælp   80, Ingen tekst tilgængelig	General practitioner, No text available	high	
3200	Almen Lægehjælp 80, 1. kontakt opfølgende hjemmebesøg (regional §2-aftale, Region Sjælland)	General practitioner, 1. kontakt follow-up home visit (regional §2 agreement, region Sjælland)	high	
3201	Almen Lægehjælp 80, 2. kontakt – sygebesøg 5-8 km (regional §2-aftale, Region Sjælland)	General practitioner, 2. kontakt – sick-home visit 5-8 km (regional §2 agreement, region Sjælland)	high	
3202	Almen Lægehjælp 80, 2. kontakt – sygebesøg ind til 4 km (regional §2-aftale, Region Sjælland)	General practitioner, 2. kontakt – sick-home visit ind to 4 km (regional §2 agreement, region Sjælland)	high	
3203	Almen Lægehjælp 80, 3. kontakt – sygebesøg 9-12 km (regional §2-aftale, Region Sjælland)	General practitioner, 3. kontakt – sick-home visit 9-12 km (regional §2 agreement, region Sjælland)	high	
3204	Almen Lægehjælp 80, Abortstøttesamtale	General practitioner, Abortion counselling	high	
3205	Almen Lægehjælp 80, Afregning af sygebesøg og møder (regional §2-aftale, Region Hovedstaden)	General practitioner, Afregning of sick-home visit and møder (regional §2 agreement, region Hovedstaden)	low	Y
3206	Almen Lægehjælp 80, Afslutning, kronikerhonorar	General practitioner, Conclusion, chronic-care fee	high	
3207	Almen Lægehjælp 80, Afstandstillæg 12-16 km (regional §2-aftale, Region Sjælland)	General practitioner, Distance supplement 12-16 km (regional §2 agreement, region Sjælland)	high	
3208	Almen Lægehjælp 80, Afstandstillæg 16-20 km (regional §2-aftale, Region Sjælland)	General practitioner, Distance supplement 16-20 km (regional §2 agreement, region Sjælland)	high	
3209	Almen Lægehjælp 80, Afstandstillæg 4-8 km (regional §2-aftale, Region Sjælland)	General practitioner, Distance supplement 4-8 km (regional §2 agreement, region Sjælland)	high	
3210	Almen Lægehjælp 80, Afstandstillæg 8-12 km (regional §2-aftale, Region Sjælland)	General practitioner, Distance supplement 8-12 km (regional §2 agreement, region Sjælland)	high	
3211	Almen Lægehjælp 80, Afstandstillæg ind til 4 km (regional §2-aftale, Region Sjælland)	General practitioner, Distance supplement ind to 4 km (regional §2 agreement, region Sjælland)	high	
3212	Almen Lægehjælp 80, Aftalt telefonkonsultation	General practitioner, Aftalt telephone consultation	high	
3213	Almen Lægehjælp 80, Alvorligt syge og døende — fremmøde (regional §2-aftale, Region Syddanmark)	General practitioner, Alvorligt syge and dying — attendance (regional §2 agreement, region Syddanmark)	high	
3214	Almen Lægehjælp 80, Alvorligt syge og døende — i lægens konsultation (regional §2-aftale, Region Syddanmark)	General practitioner, Alvorligt syge and dying — in lægens consultation (regional §2 agreement, region Syddanmark)	low	Y
3215	Almen Lægehjælp 80, Alvorligt syge og døende — via telefon per 10 min. (regional §2-aftale, Region Syddanmark)	General practitioner, Alvorligt syge and dying — via telephone per 10 min. (regional §2 agreement, region Syddanmark)	low	Y
3216	Almen Lægehjælp 80, Audiometri/tympanometri	General practitioner, Audiometry/tympanometry	high	
3217	Almen Lægehjælp 80, B-Hæmoglobin (regional §2-aftale, Region Midtjylland)	General practitioner, B-haemoglobin (regional §2 agreement, region Midtjylland)	high	
3218	Almen Lægehjælp 80, B-glukose fotometer (regional §2-aftale, Region Midtjylland)	General practitioner, B-glukose fotometer (regional §2 agreement, region Midtjylland)	high	
3219	Almen Lægehjælp 80, C-reaktiv protein (regional §2-aftale, Region Midtjylland)	General practitioner, C-reaktiv protein (regional §2 agreement, region Midtjylland)	high	
3220	Almen Lægehjælp 80, E-konsultation med kommunen	General practitioner, E-consultation with the municipality	high	
3221	Almen Lægehjælp 80, EKG inkl. præcordiale aflødninger (regional §2-aftale, Region Midtjylland)	General practitioner, ECG incl.. præcordiale aflødninger (regional §2 agreement, region Midtjylland)	low	Y
3222	Almen Lægehjælp 80, Ekstra psykometriske test (regional §2-aftale, Region Sjælland)	General practitioner, Extra psykometriske test (regional §2 agreement, region Sjælland)	high	
3223	Almen Lægehjælp 80, Fokuseret somatisk undersøgelse til borgere med psykisk sygdom	General practitioner, Fokuseret somatisk examination to borgere with psykisk sygdom	low	Y
3224	Almen Lægehjælp 80, Forebyggelse af indlæggelse — hjemmebesøg 13-16 km (regional §2-aftale, Region Syddanmark)	General practitioner, Forebyggelse of admission — home visit 13-16 km (regional §2 agreement, region Syddanmark)	low	Y
3225	Almen Lægehjælp 80, Forebyggelse af indlæggelse — hjemmebesøg 17-20 km (regional §2-aftale, Region Syddanmark)	General practitioner, Forebyggelse of admission — home visit 17-20 km (regional §2 agreement, region Syddanmark)	low	Y
3226	Almen Lægehjælp 80, Forebyggelse af indlæggelse — hjemmebesøg 5-8 km (regional §2-aftale, Region Syddanmark)	General practitioner, Forebyggelse of admission — home visit 5-8 km (regional §2 agreement, region Syddanmark)	low	Y
3227	Almen Lægehjælp 80, Forebyggelse af indlæggelse — hjemmebesøg 9-12 km (regional §2-aftale, Region Syddanmark)	General practitioner, Forebyggelse of admission — home visit 9-12 km (regional §2 agreement, region Syddanmark)	low	Y
3228	Almen Lægehjælp 80, Forebyggelse af indlæggelse — hjemmebesøg operation til 4 km (regional §2-aftale, Region Syddanmark)	General practitioner, Forebyggelse of admission — home visit operation to 4 km (regional §2 agreement, region Syddanmark)	low	Y
3229	Almen Lægehjælp 80, Forsendelse (regional §2-aftale, Region Syddanmark)	General practitioner, Shipment (regional §2 agreement, region Syddanmark)	high	
3230	Almen Lægehjælp 80, Forsøgsordning vedrørende opfølgende hjemmebesøg (regional §2-aftale, Region Midtjylland)	General practitioner, Trial scheme regarding follow-up home visit (regional §2 agreement, region Midtjylland)	high	
3231	Almen Lægehjælp 80, Foto og forsendelse (regional §2-aftale, Region Sjælland)	General practitioner, Foto and shipment (regional §2 agreement, region Sjælland)	high	
3232	Almen Lægehjælp 80, Gentaget kontakt inden for et år (regional §2-aftale, Region Sjælland)	General practitioner, Gentaget kontakt inden for et years (regional §2 agreement, region Sjælland)	high	
3233	Almen Lægehjælp 80, Hjemmebesøg (regional §2-aftale, Region Hovedstaden)	General practitioner, Home visit (regional §2 agreement, region Hovedstaden)	high	
3234	Almen Lægehjælp 80, Hjemmebesøg alvorligt syge 13-16 km (regional §2-aftale, Region Syddanmark)	General practitioner, Home visit alvorligt syge 13-16 km (regional §2 agreement, region Syddanmark)	high	
3235	Almen Lægehjælp 80, Hjemmebesøg alvorligt syge 17-20 km (regional §2-aftale, Region Syddanmark)	General practitioner, Home visit alvorligt syge 17-20 km (regional §2 agreement, region Syddanmark)	high	
3236	Almen Lægehjælp 80, Hjemmebesøg alvorligt syge 21+ km (regional §2-aftale, Region Syddanmark)	General practitioner, Home visit alvorligt syge 21+ km (regional §2 agreement, region Syddanmark)	high	
3237	Almen Lægehjælp 80, Hjemmebesøg alvorligt syge 5-8 km (regional §2-aftale, Region Syddanmark)	General practitioner, Home visit alvorligt syge 5-8 km (regional §2 agreement, region Syddanmark)	high	
3238	Almen Lægehjælp 80, Hjemmebesøg alvorligt syge 9-12 km (regional §2-aftale, Region Syddanmark)	General practitioner, Home visit alvorligt syge 9-12 km (regional §2 agreement, region Syddanmark)	high	
3239	Almen Lægehjælp 80, Hjemmebesøg alvorligt syge operation til 4 km (regional §2-aftale, Region Syddanmark)	General practitioner, Home visit alvorligt syge operation to 4 km (regional §2 agreement, region Syddanmark)	high	
3240	Almen Lægehjælp 80, Indkaldelse demensundersøgelse (regional §2-aftale, Region Hovedstaden)	General practitioner, Indkaldelse demensundersøgelse (regional §2 agreement, region Hovedstaden)	low	Y
3241	Almen Lægehjælp 80, Instruktion i brug af flg	General practitioner, Instruktion in brug of flg	high	
3242	Almen Lægehjælp 80, Konsulterende samtale til børn og familier3	General practitioner, Konsulterende conversation to children and familier3	high	
3243	Almen Lægehjælp 80, Kontrol demens (årlig) (regional §2-aftale, Region Hovedstaden)	General practitioner, Follow-up demens (årlig) (regional §2 agreement, region Hovedstaden)	low	Y
3244	Almen Lægehjælp 80, Krisesamtale (regional §2-aftale, Region Syddanmark)	General practitioner, Krisesamtale (regional §2 agreement, region Syddanmark)	high	
3245	Almen Lægehjælp 80, Kørselsgodtgørelse ind til 20.000 km (regional §2-aftale, Region Sjælland)	General practitioner, Mileage allowance ind to 20.000 km (regional §2 agreement, region Sjælland)	high	
3246	Almen Lægehjælp 80, Kørselsgodtgørelse per kørt km (regional §2-aftale, Region Hovedstaden)	General practitioner, Mileage allowance per kørt km (regional §2 agreement, region Hovedstaden)	low	Y
3247	Almen Lægehjælp 80, Lægefaglig vurdering af patienter på kommunal akutfunktion/akutteam	General practitioner, Lægefaglig vurdering of patients on kommunal akutfunktion/akutteam	low	Y
3248	Almen Lægehjælp 80, Mail kommune (regional §2-aftale, Region Hovedstaden)	General practitioner, Mail kommune (regional §2 agreement, region Hovedstaden)	high	
3249	Almen Lægehjælp 80, Medgået tidsforbrug for kørsel per påbegyndt 10. minut udover 15 km (regional §2-aftale, Region Sjælland)	General practitioner, Medgået tidsforbrug for kørsel per commenced 10. minut udover 15 km (regional §2 agreement, region Sjælland)	low	Y
3250	Almen Lægehjælp 80, Medicinlister (regional §2-aftale, Region Hovedstaden)	General practitioner, Medicinlister (regional §2 agreement, region Hovedstaden)	high	
3251	Almen Lægehjælp 80, Opfølgning efter indlæggelse — besøg 13-16 km (regional §2-aftale, Region Syddanmark)	General practitioner, Follow-up after admission — visit 13-16 km (regional §2 agreement, region Syddanmark)	high	
3252	Almen Lægehjælp 80, Opfølgning efter indlæggelse — besøg 17-20 km (regional §2-aftale, Region Syddanmark)	General practitioner, Follow-up after admission — visit 17-20 km (regional §2 agreement, region Syddanmark)	high	
3253	Almen Lægehjælp 80, Opfølgning efter indlæggelse — besøg 21+ km (regional §2-aftale, Region Syddanmark)	General practitioner, Follow-up after admission — visit 21+ km (regional §2 agreement, region Syddanmark)	high	
3254	Almen Lægehjælp 80, Opfølgning efter indlæggelse — besøg 5-8 km (regional §2-aftale, Region Syddanmark)	General practitioner, Follow-up after admission — visit 5-8 km (regional §2 agreement, region Syddanmark)	high	
3255	Almen Lægehjælp 80, Opfølgning efter indlæggelse — besøg 9-12 km (regional §2-aftale, Region Syddanmark)	General practitioner, Follow-up after admission — visit 9-12 km (regional §2 agreement, region Syddanmark)	high	
3256	Almen Lægehjælp 80, Opfølgning efter indlæggelse — besøg operation til 4 km (regional §2-aftale, Region Syddanmark)	General practitioner, Follow-up after admission — visit operation to 4 km (regional §2 agreement, region Syddanmark)	high	
3257	Almen Lægehjælp 80, Opfølgning efter indlæggelse — i lægens konsultation (regional §2-aftale, Region Syddanmark)	General practitioner, Follow-up after admission — in lægens consultation (regional §2 agreement, region Syddanmark)	low	Y
3258	Almen Lægehjælp 80, Opsøgende hjemmebesøg (skrøbelige ældre, normalt over 75 år) + tidsforbrugstillæg og evt	General practitioner, Outreach home visit (skrøbelige elderly, normalt over 75 years) + time-spent supplement and evt	low	Y
3259	Almen Lægehjælp 80, Planlægningsmøde (regional §2-aftale, Region Midtjylland)	General practitioner, Planlægningsmøde (regional §2 agreement, region Midtjylland)	low	Y
3260	Almen Lægehjælp 80, Registrering af patienter med KOL og diabetes type 2, pr	General practitioner, Registrering of patients with kol and diabetes type 2, pr	high	
3261	Almen Lægehjælp 80, Registrering af patienter med KOL, pr	General practitioner, Registrering of patients with kol, pr	high	
3262	Almen Lægehjælp 80, Registrering af patienter med diabetes type 2, pr	General practitioner, Registrering of patients with diabetes type 2, pr	high	
3263	Almen Lægehjælp 80, Samtale med pårørende (regional §2-aftale, Region Midtjylland)	General practitioner, Conversation with relatives (regional §2 agreement, region Midtjylland)	high	
3264	Almen Lægehjælp 80, Samtaleterapi (regional §2-aftale, Region Sjælland)	General practitioner, Talk therapy (regional §2 agreement, region Sjælland)	high	
3265	Almen Lægehjælp 80, Samtaleterapi (regional §2-aftale, Region Syddanmark)	General practitioner, Talk therapy (regional §2 agreement, region Syddanmark)	high	
3266	Almen Lægehjælp 80, Samtaleterapi — tillæg per ekstra person (regional §2-aftale, Region Syddanmark)	General practitioner, Talk therapy — supplement per extra person (regional §2 agreement, region Syddanmark)	high	
3267	Almen Lægehjælp 80, Skema SPICT (regional §2-aftale, Region Midtjylland)	General practitioner, Skema spict (regional §2 agreement, region Midtjylland)	high	
3268	Almen Lægehjælp 80, Skema sygebesøg palliativ aftale (regional §2-aftale, Region Midtjylland)	General practitioner, Skema sick-home visit palliativ aftale (regional §2 agreement, region Midtjylland)	high	
3269	Almen Lægehjælp 80, Socialmedicinsk hjemmebesøg 5-8 km (regional §2-aftale, Region Syddanmark)	General practitioner, Socialmedicinsk home visit 5-8 km (regional §2 agreement, region Syddanmark)	high	
3270	Almen Lægehjælp 80, Socialmedicinsk hjemmebesøg operation til 4 km (regional §2-aftale, Region Syddanmark)	General practitioner, Socialmedicinsk home visit operation to 4 km (regional §2 agreement, region Syddanmark)	high	
3271	Almen Lægehjælp 80, Sundhedstjek til borgere på botilbud + tidsforbrugstillæg og evt	General practitioner, Sundhedstjek to borgere on botilbud + time-spent supplement and evt	low	Y
3272	Almen Lægehjælp 80, Sygebesøg palliativ aftale 13-16 km (regional §2-aftale, Region Midtjylland)	General practitioner, Sick-home visit palliativ aftale 13-16 km (regional §2 agreement, region Midtjylland)	high	
3273	Almen Lægehjælp 80, Sygebesøg palliativ aftale 5-8 km (regional §2-aftale, Region Midtjylland)	General practitioner, Sick-home visit palliativ aftale 5-8 km (regional §2 agreement, region Midtjylland)	high	
3274	Almen Lægehjælp 80, Sygebesøg palliativ aftale 9-12 km (regional §2-aftale, Region Midtjylland)	General practitioner, Sick-home visit palliativ aftale 9-12 km (regional §2 agreement, region Midtjylland)	high	
3275	Almen Lægehjælp 80, Sygebesøg palliativ aftale operation til 4 km (regional §2-aftale, Region Midtjylland)	General practitioner, Sick-home visit palliativ aftale operation to 4 km (regional §2 agreement, region Midtjylland)	high	
3276	Almen Lægehjælp 80, Sygebesøg ved egen læge — behandling af sikrede på aflastningsplads (regional §2-aftale, Region Hovedstaden)	General practitioner, Sick-home visit by egen doctor — treatment of sikrede on aflastningsplads (regional §2 agreement, region Hovedstaden)	high	
3277	Almen Lægehjælp 80, Sygebesøg/Konsultation forebyggelse (regional §2-aftale, Region Hovedstaden)	General practitioner, Sick-home visit/consultation forebyggelse (regional §2 agreement, region Hovedstaden)	low	Y
3278	Almen Lægehjælp 80, Telefonisk henvendelse til/fra kommunernes Social- og Sundhedsforvaltninger til/fra lægen (regional §2-aftale, Region Sjælland)	General practitioner, Telefonisk henvendelse to/from kommunernes social- and sundhedsforvaltninger to/from lægen (regional §2 agreement, region Sjælland)	low	Y
3279	Almen Lægehjælp 80, Telefonkonsultation (regional §2-aftale, Region Hovedstaden)	General practitioner, Telephone consultation (regional §2 agreement, region Hovedstaden)	high	
3280	Almen Lægehjælp 80, Telefonkonsultation C-vagt	General practitioner, Telephone consultation c-vagt	high	
3281	Almen Lægehjælp 80, Tidsforbrugstillæg 15 min. (regional §2-aftale, Region Syddanmark)	General practitioner, Time-spent supplement 15 min. (regional §2 agreement, region Syddanmark)	low	Y
3282	Almen Lægehjælp 80, Tidsforbrugstillæg 20 min. (regional §2-aftale, Region Syddanmark)	General practitioner, Time-spent supplement 20 min. (regional §2 agreement, region Syddanmark)	low	Y
3283	Almen Lægehjælp 80, Tidsforbrugstillæg 25 min. (regional §2-aftale, Region Syddanmark)	General practitioner, Time-spent supplement 25 min. (regional §2 agreement, region Syddanmark)	low	Y
3284	Almen Lægehjælp 80, Tidsforbrugstillæg 30 min. (regional §2-aftale, Region Syddanmark)	General practitioner, Time-spent supplement 30 min. (regional §2 agreement, region Syddanmark)	low	Y
3285	Almen Lægehjælp 80, Tidstillægsmodul (regional §2-aftale, Region Midtjylland)	General practitioner, Tidstillægsmodul (regional §2 agreement, region Midtjylland)	low	Y
3286	Almen Lægehjælp 80, Tværsektoriel lægelig kommunikation (regional §2-aftale, Region Hovedstaden)	General practitioner, Tværsektoriel lægelig kommunikation (regional §2 agreement, region Hovedstaden)	low	Y
3287	Almen Lægehjælp 80, Type 2-diabetes DD2 model 1 (komplet indrullering) (regional §2-aftale, Region National)	General practitioner, Type 2-diabetes dd2 model 1 (komplet enrolment) (regional §2 agreement, region national)	high	
3288	Almen Lægehjælp 80, Type 2-diabetes DD2 model 3 (henvisning) (regional §2-aftale, Region National)	General practitioner, Type 2-diabetes dd2 model 3 (referral) (regional §2 agreement, region national)	high	
3289	Almen Lægehjælp 80, Type 2-diabetes DD2 model 4 (delvis indrullering / blodprøve) (regional §2-aftale, Region National)	General practitioner, Type 2-diabetes dd2 model 4 (delvis enrolment / blood test) (regional §2 agreement, region national)	high	
3290	Almen Lægehjælp 80, Urinundersøgelse stix (regional §2-aftale, Region Midtjylland)	General practitioner, Urine examination stix (regional §2 agreement, region Midtjylland)	high	
3291	Almen Lægehjælp 80, Vaccination med klausuleret tilskud	General practitioner, Vaccination with klausuleret tilskud	high	
3292	Almen Lægehjælp 80, Vaccination mod hepatitis B efter konkret anbefaling fra Styrelsen for Patientsikkerhed	General practitioner, Vaccination mod hepatitis b after konkret anbefaling from styrelsen for patientsikkerhed	low	Y
3293	Almen Lægehjælp 80, Vaccination til ikke-immune voksne mod mæslinger (vaccine gives 1 gang)	General practitioner, Vaccination to ikke-immune voksne mod measles (vaccine gives 1 gang)	high	
3294	Almen Lægehjælp 80, Video-/telekonference per påbegyndt 10 min. (regional §2-aftale, Region Syddanmark)	General practitioner, Video-/telekonference per commenced 10 min. (regional §2 agreement, region Syddanmark)	low	Y
3295	Almen Lægehjælp 80, Videokonference pr	General practitioner, Videokonference pr	high	
3296	Almen Lægehjælp 80, Videokonsultation2	General practitioner, Videokonsultation2	high	
3297	Almen Lægehjælp 80, Årlig helbredsundersøgelse (regional §2-aftale, Region Hovedstaden)	General practitioner, Årlig helbredsundersøgelse (regional §2 agreement, region Hovedstaden)	low	Y
3298	Almen Lægehjælp 80, Årsstatus (aftalt specifik forebyggelsesindsats)1	General practitioner, Annual status (agreed specific preventive effort)1	high	
3299	Almen lægehjælp 80, #2-aftale århus ak.	General practitioner, #2-aftale århus ak.	low	Y
3300	Almen lægehjælp 80, (procedure not documented)	General practitioner, (procedure not documented)	low	
3301	Almen lægehjælp 80, 1 modul	General practitioner, 1 modul	high	
3302	Almen lægehjælp 80, Første behandling af mindre knoglebrud og reposition af skred i mindre led	General practitioner, First treatment of mindre knoglebrud and reposition of skred in mindre joint	high	
3303	Almen lægehjælp 80, Første behandling af større sår	General practitioner, First treatment of larger wound	high	
3304	Almen lægehjælp 80, 1. Hib-vaccination	General practitioner, 1. hib-vaccination	high	
3305	Almen lægehjælp 80, 1. tandbehandling	General practitioner, 1. dental treatment	high	
3306	Almen lægehjælp 80, Første behandling af brud på skinneben, lår, over-eller underarm	General practitioner, First treatment of brud on skinneben, thigh, over-or underarm	high	
3307	Almen lægehjælp 80, 1.Di-Te-Pol-Vaccinat	General practitioner, 1.di-te-pol-vaccinat	high	
3308	Almen lægehjælp 80, 1.HelbredssamtaleA80	General practitioner, 1.helbredssamtalea80	high	
3309	Almen lægehjælp 80, 1.Kighostevaccinat.	General practitioner, 1.kighostevaccinat.	high	
3310	Almen lægehjælp 80, 1.Orale Poliovaccin.	General practitioner, 1.orale poliovaccin.	low	Y
3311	Almen lægehjælp 80, Almen praksis, Sikringsgruppe 1	General practitioner, Almen praksis, sikringsgruppe 1	high	
3312	Almen lægehjælp 80, 1.besøg/hospitel A42	General practitioner, 1.visit/hospitel a42	high	
3313	Almen lægehjælp 80, 1.kon klinisk 00-08 A65	General practitioner, 1.kon clinical 00-08 a65	high	
3314	Almen lægehjælp 80, 1 konsultation Demens ¤2 A35	General practitioner, 1 consultation demens ¤2 a35	high	
3315	Almen lægehjælp 80, 1.opf.helbs.(2M) A50	General practitioner, 1.opf.helbs.(2m) a50	high	
3316	Almen lægehjælp 80, 2 moduler	General practitioner, 2 moduler	high	
3317	Almen lægehjælp 80, 2-aftaler	General practitioner, 2-aftaler	high	
3318	Almen lægehjælp 80, 2. Hib-vaccination	General practitioner, 2. hib-vaccination	high	
3319	Almen lægehjælp 80, 2.Di-Te-Pol-Vaccinat	General practitioner, 2.di-te-pol-vaccinat	high	
3320	Almen lægehjælp 80, 2.Kighostevaccinat.	General practitioner, 2.kighostevaccinat.	high	
3321	Almen lægehjælp 80, 2.Orale Poliovaccin.	General practitioner, 2.orale poliovaccin.	low	Y
3322	Almen lægehjælp 80, 526,26	General practitioner, 526,26	high	
3323	Almen lægehjælp 80, 2.opf.helbs.(2M) A50	General practitioner, 2.opf.helbs.(2m) a50	high	
3324	Almen lægehjælp 80, 3 moduler	General practitioner, 3 moduler	high	
3325	Almen lægehjælp 80, 3 uden f blod i fæces5	General practitioner, 3 without f blood in fæces5	low	Y
3326	Almen lægehjælp 80, 3. Hib-vaccination	General practitioner, 3. hib-vaccination	high	
3327	Almen lægehjælp 80, 3.Di-Te-Pol-Vaccinat	General practitioner, 3.di-te-pol-vaccinat	high	
3328	Almen lægehjælp 80, 3.Kighostevaccinat.	General practitioner, 3.kighostevaccinat.	high	
3329	Almen lægehjælp 80, 3.Orale Poliovaccin.	General practitioner, 3.orale poliovaccin.	low	Y
3330	Almen lægehjælp 80, 3. Børneundersøgelse, når barnet er 12 måneder	General practitioner, 3. child examination, when barnet er 12 months	high	
3331	Almen lægehjælp 80, 4 hjem Fødende 1.Uge	General practitioner, 4 home fødende 1.uge	low	Y
3332	Almen lægehjælp 80, 189,71	General practitioner, 189,71	high	
3333	Almen lægehjælp 80, 5. hjem Fødende 9uger	General practitioner, 5. home fødende 9uger	low	Y
3334	Almen lægehjælp 80, 5. Børneundersøgelse, når barnet er 3 år	General practitioner, 5. child examination, when barnet er 3 years	high	
3335	Almen lægehjælp 80, 6. Børneundersøgelse, når barnet er 4 år	General practitioner, 6. child examination, when barnet er 4 years	high	
3336	Almen lægehjælp 80, § 7. Børneundersøgelser	General practitioner, § 7. child examinations	high	
3337	Almen lægehjælp 80, 8.Undersøgelse	General practitioner, 8.examination	high	
3338	Almen lægehjælp 80, ALAT	General practitioner, Alat	high	
3339	Almen lægehjælp 80, ASAT	General practitioner, Asat	high	
3340	Almen lægehjælp 80, Addition, Risikoest.	General practitioner, Addition, risikoest.	low	Y
3341	Almen lægehjælp 80, Tillægstakst ved besøg ud over 10 km, pr	General practitioner, Tillægstakst by visit ud over 10 km, pr	low	Y
3342	Almen lægehjælp 80, Afst tillæg ov. 20 Km	General practitioner, Afst supplement ov. 20 km	low	Y
3343	Almen lægehjælp 80, Afst tillæg ov. 20 km	General practitioner, Afst supplement ov. 20 km	low	Y
3344	Almen lægehjælp 80, Afst.tillæg	General practitioner, Afst.supplement	high	
3345	Almen lægehjælp 80, Afst.tillæg 0-4 Km	General practitioner, Afst.supplement 0-4 km	high	
3346	Almen lægehjælp 80, Afst.tillæg 0-4 km	General practitioner, Afst.supplement 0-4 km	high	
3347	Almen lægehjælp 80, Afst.tillæg 12-16 Km	General practitioner, Afst.supplement 12-16 km	high	
3348	Almen lægehjælp 80, Afst.tillæg 12-16 km	General practitioner, Afst.supplement 12-16 km	high	
3349	Almen lægehjælp 80, Afst.tillæg 16-20 Km	General practitioner, Afst.supplement 16-20 km	high	
3350	Almen lægehjælp 80, Afst.tillæg 4-8 Km	General practitioner, Afst.supplement 4-8 km	high	
3351	Almen lægehjælp 80, Afst.tillæg 4-8 km	General practitioner, Afst.supplement 4-8 km	high	
3352	Almen lægehjælp 80, Afst.tillæg 8-12 Km	General practitioner, Afst.supplement 8-12 km	high	
3353	Almen lægehjælp 80, Afst.tillæg 8-12 km	General practitioner, Afst.supplement 8-12 km	high	
3354	Almen lægehjælp 80, + pr	General practitioner, + pr	high	
3355	Almen lægehjælp 80, For hver påbegyndt km ud over 21 til sygebesøgsstedet	General practitioner, For hver commenced km ud over 21 to sygebesøgsstedet	low	Y
3356	Almen lægehjælp 80, Afstandstakst per Km	General practitioner, Afstandstakst per km	high	
3357	Almen lægehjælp 80, Afstandstakst per km	General practitioner, Afstandstakst per km	high	
3358	Almen lægehjælp 80, Aftalekons. B050	General practitioner, Aftalekons. b050	low	Y
3359	Almen lægehjælp 80, Aftalt forebygg konsultation	General practitioner, Aftalt forebygg consultation	high	
3360	Almen lægehjælp 80, Anvendes når en person:	General practitioner, Anvendes when en person:	high	
3361	Almen lægehjælp 80, Alkoholklinik	General practitioner, Alkoholklinik	high	
3362	Almen lægehjælp 80, Alkoholsamt. ¤2/B080	General practitioner, Alkoholsamt. ¤2/b080	low	Y
3363	Almen lægehjælp 80, Allergiudredning i forbindelse med priktest	General practitioner, Allergiudredning in forbindelse with priktest	low	Y
3364	Almen lægehjælp 80, Amylase	General practitioner, Amylase	high	
3365	Almen lægehjælp 80, Andre betydelige operationer	General practitioner, Andre betydelige operationer	high	
3366	Almen lægehjælp 80, Anlæggelse af immobiliserende bandager	General practitioner, Anlæggelse of immobiliserende bandager	low	Y
3367	Almen lægehjælp 80, Anoskopi	General practitioner, Anoskopi	high	
3368	Almen lægehjælp 80, Momspligtigt attestarbejde7 ved ansøgning om tilskud til terminalpatienter	General practitioner, Momspligtigt attestarbejde7 by ansøgning om tilskud to terminalpatienter	low	Y
3369	Almen lægehjælp 80, Attestarbejde7 ved ansøgning om tilskud til terminalpatienter	General practitioner, Attestarbejde7 by ansøgning om tilskud to terminalpatienter	low	Y
3370	Almen lægehjælp 80, Tillæg ved anvendelse af kvalificeret tolk	General practitioner, Supplement by anvendelse of kvalificeret interpreter	low	Y
3371	Almen lægehjælp 80, Attestarb ifbm konsultation	General practitioner, Attestarb ifbm consultation	high	
3372	Almen lægehjælp 80, Attestarb uden konsultation	General practitioner, Attestarb without consultation	high	
3373	Almen lægehjælp 80, Attestarb uden kon moms	General practitioner, Attestarb without kon moms	high	
3374	Almen lægehjælp 80, Audiometriunders. 10	General practitioner, Audiometriunders. 10	low	Y
3375	Almen lægehjælp 80, B-glukose (stix)   1	General practitioner, B-glukose (stix) 1	high	
3376	Almen lægehjælp 80, B-glukose (fotometer)	General practitioner, B-glukose (fotometer)	high	
3377	Almen lægehjælp 80, B-glukose, stix	General practitioner, B-glukose, stix	high	
3378	Almen lægehjælp 80, B-glukose	General practitioner, B-glukose	high	
3379	Almen lægehjælp 80, B-hæmogl. (- fotom.)	General practitioner, B-hæmogl. (- fotom.)	low	Y
3380	Almen lægehjælp 80, B-hæmogl.(U/fotom.)1	General practitioner, B-hæmogl.(u/fotom.)1	low	Y
3381	Almen lægehjælp 80, B-hæmoglobin (fotometer)	General practitioner, B-haemoglobin (fotometer)	high	
3382	Almen lægehjælp 80, B-hæmoglobin	General practitioner, B-haemoglobin	high	
3383	Almen lægehjælp 80, Basisk Fosfatase	General practitioner, Basisk fosfatase	low	Y
3384	Almen lægehjælp 80, Basisyd. ¤2-aft. A65	General practitioner, Basisyd. ¤2-aft. a65	low	Y
3385	Almen lægehjælp 80, Basisydelse ¤2A20	General practitioner, Basisydelse ¤2a20	low	Y
3386	Almen lægehjælp 80, Behandling af 2	General practitioner, Treatment of 2	high	
3387	Almen lægehjælp 80, Besøg 1 dags varigh.	General practitioner, Visit 1 dags varigh.	low	Y
3388	Almen lægehjælp 80, Besøg ? ags varigh.	General practitioner, Visit ? ags varigh.	low	Y
3389	Almen lægehjælp 80, Sygebesøg op til 4 km4 + evt	General practitioner, Sick-home visit op to 4 km4 + evt	low	Y
3390	Almen lægehjælp 80, Besøg i 0-4 Km	General practitioner, Visit in 0-4 km	high	
3391	Almen lægehjælp 80, Sygebesøg fra 5 km til 8 km4 + evt	General practitioner, Sick-home visit from 5 km to 8 km4 + evt	low	Y
3392	Almen lægehjælp 80, Besøg II  4-8 Km	General practitioner, Visit ii 4-8 km	high	
3393	Almen lægehjælp 80, Sygebesøg fra 9 km til 12 km4 + evt	General practitioner, Sick-home visit from 9 km to 12 km4 + evt	low	Y
3394	Almen lægehjælp 80, Sygebesøg fra 13 km til 16 km4 + evt	General practitioner, Sick-home visit from 13 km to 16 km4 + evt	low	Y
3395	Almen lægehjælp 80, Sygebesøg på ruten (uanset afvigelser fra ruten)	General practitioner, Sick-home visit on ruten (uanset afvigelser from ruten)	high	
3396	Almen lægehjælp 80, Sygebesøg fra 17 km til 20 km4 + evt	General practitioner, Sick-home visit from 17 km to 20 km4 + evt	low	Y
3397	Almen lægehjælp 80, Sygebesøg fra 21 km4,5 fra sygebesøgsstedet + evt	General practitioner, Sick-home visit from 21 km4,5 from sygebesøgsstedet + evt	low	Y
3398	Almen lægehjælp 80, Besøg hjælpeper rute	General practitioner, Visit hjælpeper rute	low	Y
3399	Almen lægehjælp 80, Besøg hjælpepers i	General practitioner, Visit hjælpepers in	low	Y
3400	Almen lægehjælp 80, Besøg hjælpepers II	General practitioner, Visit hjælpepers ii	low	Y
3401	Almen lægehjælp 80, Besøg hos ældre  A25	General practitioner, Visit to elderly a25	high	
3402	Almen lægehjælp 80, Besøg i vagttid R081	General practitioner, Visit in vagttid r081	high	
3403	Almen lægehjælp 80, Besøg	General practitioner, Visit	high	
3404	Almen lægehjælp 80, Bilirubin	General practitioner, Bilirubin	high	
3405	Almen lægehjælp 80, Biopsi med efterfølgende mikroskopisk us	General practitioner, Biopsy with subsequent mikroskopisk us	low	Y
3406	Almen lægehjælp 80, Blodpr.1.graviditets	General practitioner, Blodpr.1.graviditets	high	
3407	Almen lægehjælp 80, Blodpr.2.graviditets	General practitioner, Blodpr.2.graviditets	high	
3408	Almen lægehjælp 80, Blodpr.glucoseb.a.65	General practitioner, Blodpr.glucoseb.a.65	high	
3409	Almen lægehjælp 80, Blodprøve ¤2A20	General practitioner, Blood test ¤2a20	high	
3410	Almen lægehjælp 80, Blodprøve, cen. mv	General practitioner, Blood test, cen. etc.	low	Y
3411	Almen lægehjælp 80, Blodprøve, cen. mv	General practitioner, Blood test, cen. etc.	low	Y
3412	Almen lægehjælp 80, Blodprøvetagn. amt50	General practitioner, Blodprøvetagn. amt50	low	Y
3413	Almen lægehjælp 80, Blodprøvetagning fra åre inkl. præp. og centrifugering pr. forsendelse	General practitioner, Blood sampling from vein incl.. preparation. and centrifugering pr. shipment	low	Y
3414	Almen lægehjælp 80, Blodtagning fra blodåre pr	General practitioner, Blodtagning from blood vessel pr	low	Y
3415	Almen lægehjælp 80, Blærekaterisation (ekskl	General practitioner, Bladder catheterisation (ekskl	high	
3416	Almen lægehjælp 80, Blødningstid       1	General practitioner, Blødningstid 1	low	Y
3417	Almen lægehjælp 80, Børneunders. Test	General practitioner, Børneunders. test	low	Y
3418	Almen lægehjælp 80, C-reaktivt protein (CRP)	General practitioner, C-reaktivt protein (crp)	high	
3419	Almen lægehjælp 80, CRP ¤2 Amt14	General practitioner, Crp ¤2 amt14	high	
3420	Almen lægehjælp 80, Cholesterol	General practitioner, Cholesterol	high	
3421	Almen lægehjælp 80, Dagt. egen læge KBH.	General practitioner, Dagt. egen doctor kbh.	low	Y
3422	Almen lægehjælp 80, Dagt.anden læge KBH.	General practitioner, Dagt.second doctor kbh.	low	Y
3423	Almen lægehjælp 80, Deltagelse i forsøg	General practitioner, Deltagelse in forsøg	low	Y
3424	Almen lægehjælp 80, Demens A50	General practitioner, Demens a50	high	
3425	Almen lægehjælp 80, Demensudred. ¤2 A65	General practitioner, Demensudred. ¤2 a65	low	Y
3426	Almen lægehjælp 80, Demensudredning B080	General practitioner, Demensudredning b080	low	Y
3427	Almen lægehjælp 80, Demensunder. Kbh Kom	General practitioner, Demensunder. kbh kom	low	Y
3428	Almen lægehjælp 80, Demensundersøge. A20	General practitioner, Demensundersøge. a20	low	Y
3429	Almen lægehjælp 80, Di-Te-Ki-Pol-Hib.12m	General practitioner, Di-te-ki-pol-hib.12m	high	
3430	Almen lægehjælp 80, Di-Te-Ki-Pol-Hib.5md	General practitioner, Di-te-ki-pol-hib.5md	high	
3431	Almen lægehjælp 80, Di-Te-Ki-Pol-Hib-vaccination (vaccination gives 3 gange, som udg	General practitioner, Di-te-ki-pol-hib-vaccination (vaccination gives 3 gange, som udg	high	
3432	Almen lægehjælp 80, Di-Te-ki.vaccination	General practitioner, Di-te-ki.vaccination	high	
3433	Almen lægehjælp 80, Di-Te-Ki-Pol-revaccination (vaccination gives 1 gange, som udg	General practitioner, Di-te-ki-pol-revaccination (vaccination gives 1 gange, som udg	high	
3434	Almen lægehjælp 80, Differ.- og leu. tæl	General practitioner, Differ.- and leu. tæl	low	Y
3435	Almen lægehjælp 80, Differentialtælling6	General practitioner, Differentialtælling6	low	Y
3436	Almen lægehjælp 80, Dyrk af Bakterier  3	General practitioner, Dyrk of bakterier 3	high	
3437	Almen lægehjælp 80, E-mail konsultation sende sv	General practitioner, E-mail consultation sende sv	high	
3438	Almen lægehjælp 80, E-mail konsultation besvar	General practitioner, E-mail consultation besvar	high	
3439	Almen lægehjælp 80, E-konsultation	General practitioner, E-consultation	high	
3440	Almen lægehjælp 80, Efterfølgende Sag	General practitioner, Subsequent sag	high	
3441	Almen lægehjælp 80, Elkard. exc. præc. 6	General practitioner, Elkard. excision. præc. 6	low	Y
3442	Almen lægehjælp 80, Elektrokardiografi, inkl	General practitioner, Electrocardiography, incl.	low	Y
3443	Almen lægehjælp 80, Erytrocytvolumen   1	General practitioner, Erytrocytvolumen 1	high	
3444	Almen lægehjælp 80, Eval. graviditet A42	General practitioner, Eval. pregnancy a42	low	Y
3445	Almen lægehjælp 80, Fasekontrastmikroskopi af biologisk materiale, eksklusiv urin	General practitioner, Fasekontrastmikroskopi of biologisk material, eksklusiv urine	low	Y
3446	Almen lægehjælp 80, Fasekontrastmikroskopi af biologisk materiale, eksklusiv urin	General practitioner, Fasekontrastmikroskopi of biologisk material, eksklusiv urine	low	Y
3447	Almen lægehjælp 80, Fjernelse af subkutane eller dybereliggende svulster inkl	General practitioner, Removal of subkutane or dybereliggende svulster incl.	low	Y
3448	Almen lægehjælp 80, Fjernelse af implanen	General practitioner, Removal of implanen	high	
3449	Almen lægehjælp 80, Fjernelse af negl	General practitioner, Removal of negl	high	
3450	Almen lægehjælp 80, Tillæg til konsultationshonorar til 2	General practitioner, Supplement to konsultationshonorar to 2	high	
3451	Almen lægehjælp 80, Folkeundersøg.   A60	General practitioner, Folkeundersøg. a60	low	Y
3452	Almen lægehjælp 80, Forb. helbredsssamt	General practitioner, Forb. helbredsssamt	low	Y
3453	Almen lægehjælp 80, Forbe.opføl.bes¤2A80	General practitioner, Forbe.opføl.bes¤2a80	low	Y
3454	Almen lægehjælp 80, Foreb. hjemmebes.A65	General practitioner, Foreb. hjemmebes.a65	low	Y
3455	Almen lægehjælp 80, Forebyg.helbreds.A60	General practitioner, Forebyg.helbreds.a60	high	
3456	Almen lægehjælp 80, Forebyggende ydelser	General practitioner, Forebyggende ydelser	high	
3457	Almen lægehjælp 80, Forebygkons diabetes	General practitioner, Forebygkons diabetes	high	
3458	Almen lægehjælp 80, Forløbs.diabetes	General practitioner, Forløbs.diabetes	low	Y
3459	Almen lægehjælp 80, Fortsat kontrol af benyttelse af svangerskabsforebyggende metoder	General practitioner, Fortsat follow-up of use of contraceptive methods	high	
3460	Almen lægehjælp 80, Fra 4 indtil 8 km.	General practitioner, From 4 indtil 8 km.	low	Y
3461	Almen lægehjælp 80, Fra 8 indtil 12 km.	General practitioner, From 8 indtil 12 km.	low	Y
3462	Almen lægehjælp 80, Fredericia-forsøg	General practitioner, Fredericia-forsøg	low	Y
3463	Almen lægehjælp 80, Fjernelse af fremmedlegemer under hud eller negl	General practitioner, Removal of fremmedlegemer under hud or negl	high	
3464	Almen lægehjælp 80, Fjernelse af fremmedlegemer fra øje, øregang, næse og svælg	General practitioner, Removal of fremmedlegemer from eye, øregang, nose and pharynx	low	Y
3465	Almen lægehjælp 80, Fremmødehonorar B080	General practitioner, Fremmødehonorar b080	low	Y
3466	Almen lægehjælp 80, Frems. digit billed	General practitioner, Frems. digit billed	low	Y
3467	Almen lægehjælp 80, Forsendelse af biologisk materiale ekskl	General practitioner, Shipment of biologisk material ekskl	low	Y
3468	Almen lægehjælp 80, G-gluk. add. a65	General practitioner, G-gluk. add. a65	low	Y
3469	Almen lægehjælp 80, GGT (Gamma-Glut.)	General practitioner, Ggt (gamma-glut.)	high	
3470	Almen lægehjælp 80, Galdefarvest i Urin1	General practitioner, Galdefarvest in urin1	high	
3471	Almen lægehjælp 80, Gonococcer  Sekret.3	General practitioner, Gonococcer sekret.3	high	
3472	Almen lægehjælp 80, HDL	General practitioner, Hdl	high	
3473	Almen lægehjælp 80, Hamiltons depr.	General practitioner, Hamiltons depr.	low	Y
3474	Almen lægehjælp 80, HebB stofmis mæn sex	General practitioner, Hebb stofmis mæn sex	low	Y
3475	Almen lægehjælp 80, Vaccination mod hepatitis B til børn under 2 år, som er født af en mor med kronisk hepatitis B	General practitioner, Vaccination mod hepatitis b to children under 2 years, som er født of en mor with chronic hepatitis b	low	Y
3476	Almen lægehjælp 80, HepaB vac barn 2mdr	General practitioner, Hepab vac child 2mdr	high	
3477	Almen lægehjælp 80, HepaB vac bof og sek	General practitioner, Hepab vac bof and sek	high	
3478	Almen lægehjælp 80, Hepatitis B-vaccination eller A-B-vaccination til særlige risikogrupper (vaccine gives 3 gange)	General practitioner, Hepatitis b-vaccination or a-b-vaccination to særlige risikogrupper (vaccine gives 3 gange)	low	Y
3479	Almen lægehjælp 80, HepaB vac.  C infekt	General practitioner, Hepab vac. c infekt	low	Y
3480	Almen lægehjælp 80, HepaB vac. uden 15år	General practitioner, Hepab vac. without 15år	low	Y
3481	Almen lægehjælp 80, HepaBvac barn 12 mdr	General practitioner, Hepabvac child 12 mdr	high	
3482	Almen lægehjælp 80, Hepatet.B/Downs Syn.	General practitioner, Hepatet.b/downs syn.	low	Y
3483	Almen lægehjælp 80, Hjem.blodtryk.målA35	General practitioner, Home.blodtryk.måla35	low	Y
3484	Almen lægehjælp 80, Hjemmebesøg	General practitioner, Home visit	high	
3485	Almen lægehjælp 80, Hjemmebesøg i Odder	General practitioner, Home visit in odder	high	
3486	Almen lægehjælp 80, Hjemmeblodtrykmåling	General practitioner, Hjemmeblodtrykmåling	low	Y
3487	Almen lægehjælp 80, Vagtberedskabshonorar pr	General practitioner, Vagtberedskabshonorar pr	high	
3488	Almen lægehjælp 80, Hormonundersøgelser1	General practitioner, Hormonundersøgelser1	low	Y
3489	Almen lægehjælp 80, Hypp lægevagtsb. A80	General practitioner, Hypp lægevagtsb. a80	low	Y
3490	Almen lægehjælp 80, Bakterier	General practitioner, Bakterier	high	
3491	Almen lægehjælp 80, Bakterier	General practitioner, Bakterier	high	
3492	Almen lægehjælp 80, Fasekontrastmikroskopi af urin	General practitioner, Fasekontrastmikroskopi of urine	high	
3493	Almen lægehjælp 80, Fasekontrastmikroskopi af urin	General practitioner, Fasekontrastmikroskopi of urine	high	
3494	Almen lægehjælp 80, i Mikroskopi urin 3	General practitioner, In microscopy urine 3	high	
3495	Almen lægehjælp 80, ICD-10 kriterier	General practitioner, Icd-10 kriterier	high	
3496	Almen lægehjælp 80, II. mikroskopi bakteriologisk og l	General practitioner, Ii. microscopy bacteriological and l	low	Y
3497	Almen lægehjælp 80, II. Mikros. bakteriologisk ol3	General practitioner, Ii. mikros. bacteriological ol3	low	Y
3498	Almen lægehjælp 80, II. Mirko. bakteriologisk ol.	General practitioner, Ii. mirko. bacteriological ol.	low	Y
3499	Almen lægehjælp 80, II. Svampe	General practitioner, Ii. svampe	low	Y
3500	Almen lægehjælp 80, II. Svampe (dyrk.) 3	General practitioner, Ii. svampe (dyrk.) 3	low	Y
3501	Almen lægehjælp 80, III. Andet	General practitioner, Iii. andet	low	Y
3502	Almen lægehjælp 80, III. Andet (dyrk.) 3	General practitioner, Iii. andet (dyrk.) 3	low	Y
3503	Almen lægehjælp 80, III. Andet(mikros.)3	General practitioner, Iii. andet(mikros.)3	low	Y
3504	Almen lægehjælp 80, III. Mikros. a biopsi	General practitioner, Iii. mikros. a biopsy	low	Y
3505	Almen lægehjælp 80, III. Mirkos. a. biopsi	General practitioner, Iii. mirkos. a. biopsy	low	Y
3506	Almen lægehjælp 80, IT-soc.TK A80	General practitioner, It-soc.tk a80	high	
3507	Almen lægehjælp 80, IT-tlf konsultation A80	General practitioner, It-tlf consultation a80	high	
3508	Almen lægehjælp 80, Inds. data Fyns Amt	General practitioner, Inds. data fyns amt	low	Y
3509	Almen lægehjælp 80, Indtil 4 km.	General practitioner, Indtil 4 km.	low	Y
3510	Almen lægehjælp 80, Infl.vacc. 65år hjem	General practitioner, Infl.vacc. 65år home	low	Y
3511	Almen lægehjælp 80, Infl.vacc. over 65år	General practitioner, Infl.vacc. over 65år	low	Y
3512	Almen lægehjælp 80, Ins/udl væ/valadn sk	General practitioner, Ins/udl væ/valadn sk	low	Y
3513	Almen lægehjælp 80, Intervention Amt13	General practitioner, Intervention amt13	high	
3514	Almen lægehjælp 80, Jordemoderkonsultat.	General practitioner, Jordemoderkonsultat.	low	Y
3515	Almen lægehjælp 80, Kapillærresistenspr3	General practitioner, Kapillærresistenspr3	low	Y
3516	Almen lægehjælp 80, Klamydiapartner opsp	General practitioner, Klamydiapartner opsp	high	
3517	Almen lægehjælp 80, Klamydiaprojekt a.70	General practitioner, Klamydiaprojekt a.70	high	
3518	Almen lægehjælp 80, Kon med klinisk diæti.	General practitioner, Kon with clinical diæti.	low	Y
3519	Almen lægehjælp 80, Konference 4 moduler	General practitioner, Konference 4 moduler	high	
3520	Almen lægehjælp 80, konsultation addition a65	General practitioner, Consultation addition a65	high	
3521	Almen lægehjælp 80, konsultation V/hjælpeper	General practitioner, Consultation v/hjælpeper	low	Y
3522	Almen lægehjælp 80, Konsult. 0-15 min	General practitioner, Konsult. 0-15 min	low	Y
3523	Almen lægehjælp 80, Konsultation	General practitioner, Consultation	high	
3524	Almen lægehjælp 80, Konsultation A50	General practitioner, Consultation a50	high	
3525	Almen lægehjælp 80, Kostvejledning	General practitioner, Kostvejledning	low	Y
3526	Almen lægehjælp 80, Kr/km. udover 21 km.	General practitioner, Kr/km. udover 21 km.	low	Y
3527	Almen lægehjælp 80, Kreatin-kinase	General practitioner, Kreatin-kinase	high	
3528	Almen lægehjælp 80, For de første 20	General practitioner, For de first 20	high	
3529	Almen lægehjælp 80, 4. Undersøgelse (ca. 8 uger efter fødslen)	General practitioner, 4. examination (ca. 8 uger after fødslen)	low	Y
3530	Almen lægehjælp 80, For hver efterfølgende km	General practitioner, For hver subsequent km	high	
3531	Almen lægehjælp 80, LDH	General practitioner, Ldh	high	
3532	Almen lægehjælp 80, LDL	General practitioner, Ldl	high	
3533	Almen lægehjælp 80, Lab.best.monukleose	General practitioner, Lab.best.monukleose	high	
3534	Almen lægehjælp 80, Leucocytter        3	General practitioner, Leucocytter 3	high	
3535	Almen lægehjælp 80, Ligsyn med udstedelse af dødsattest (side 1 og 2)	General practitioner, Death inspection with udstedelse of death certificate (side 1 and 2)	low	Y
3536	Almen lægehjælp 80, Ligsyn kun med udstedelse af dødsattest side 1	General practitioner, Death inspection kun with udstedelse of death certificate side 1	low	Y
3537	Almen lægehjælp 80, Livsstilscentret	General practitioner, Livsstilscentret	high	
3538	Almen lægehjælp 80, Udvidet lungefunktionsundersøgelse ved spirometri	General practitioner, Udvidet lung function test by spirometri	high	
3539	Almen lægehjælp 80, Dobbelt lungefunktionsundersøgelse for anstrengelsesprovokeret astma eller reversibilitetstest	General practitioner, Double lung function test for anstrengelsesprovokeret astma or reversibilitetstest	high	
3540	Almen lægehjælp 80, Lungefunkt. ¤2A20	General practitioner, Lungefunkt. ¤2a20	low	Y
3541	Almen lægehjælp 80, Lungefunktionsundersøgelse (peak flow)	General practitioner, Lung function test (peak flow)	high	
3542	Almen lægehjælp 80, Lysf mikroskopi skopi	General practitioner, Lysf microscopy skopi	high	
3543	Almen lægehjælp 80, Patientledsagelse i ambulance og rejsetillæg til øer, hvor der ikke er bosat læge pr	General practitioner, Patientledsagelse in ambulance and rejsetillæg to øer, hvor der ikke er bosat doctor pr	low	Y
3544	Almen lægehjælp 80, Patientledsagelse i ambulance og rejsetillæg til øer, hvor der ikke er bosat læge pr	General practitioner, Patientledsagelse in ambulance and rejsetillæg to øer, hvor der ikke er bosat doctor pr	low	Y
3545	Almen lægehjælp 80, Længere enkeltkons.	General practitioner, Længere enkeltkons.	low	Y
3546	Almen lægehjælp 80, Længerevar.sygeb.A60	General practitioner, Længerevar.sygeb.a60	low	Y
3547	Almen lægehjælp 80, Vaccination mod mæslinger, fåresyge og røde hunde (MFR-vaccination) (vaccination gives 2	General practitioner, Vaccination mod measles, fåresyge and red hunde (mfr-vaccination) (vaccination gives 2	low	Y
3548	Almen lægehjælp 80, MFR-vaccinat. 10 år	General practitioner, Mfr-vaccinat. 10 years	high	
3549	Almen lægehjælp 80, MFR-vaccinat. 11 år	General practitioner, Mfr-vaccinat. 11 years	high	
3550	Almen lægehjælp 80, MFR-vaccinat. 12 år	General practitioner, Mfr-vaccinat. 12 years	high	
3551	Almen lægehjælp 80, MFR-vaccinat. 13 år	General practitioner, Mfr-vaccinat. 13 years	high	
3552	Almen lægehjælp 80, MFR-vaccinat. 14 år	General practitioner, Mfr-vaccinat. 14 years	high	
3553	Almen lægehjælp 80, MFR-vaccinat. 15 år	General practitioner, Mfr-vaccinat. 15 years	high	
3554	Almen lægehjælp 80, MFR-vaccinat. 16 år	General practitioner, Mfr-vaccinat. 16 years	high	
3555	Almen lægehjælp 80, MFR-vaccinat. 17 år	General practitioner, Mfr-vaccinat. 17 years	high	
3556	Almen lægehjælp 80, MFR-vaccinat. 2 år	General practitioner, Mfr-vaccinat. 2 years	high	
3557	Almen lægehjælp 80, MFR-vaccinat. 3 år	General practitioner, Mfr-vaccinat. 3 years	high	
3558	Almen lægehjælp 80, MFR-vaccinat. 4 år	General practitioner, Mfr-vaccinat. 4 years	high	
3559	Almen lægehjælp 80, MFR-vaccinat. 5 år	General practitioner, Mfr-vaccinat. 5 years	high	
3560	Almen lægehjælp 80, MFR-vaccinat. 6 år	General practitioner, Mfr-vaccinat. 6 years	high	
3561	Almen lægehjælp 80, MFR-vaccinat. 7 år	General practitioner, Mfr-vaccinat. 7 years	high	
3562	Almen lægehjælp 80, MFR-vaccinat. 8 år	General practitioner, Mfr-vaccinat. 8 years	high	
3563	Almen lægehjælp 80, MFR-vaccinat. 9 år	General practitioner, Mfr-vaccinat. 9 years	high	
3564	Almen lægehjælp 80, MMSE-test Frb. Kom.	General practitioner, Mmse-test frb. kom.	low	Y
3565	Almen lægehjælp 80, Maskinel leukocyt- og differentialtælling	General practitioner, Maskinel leukocyt- and differential count	high	
3566	Almen lægehjælp 80, Mikroskopi af Urin 3	General practitioner, Microscopy of urine 3	high	
3567	Almen lægehjælp 80, Mononucleosefaktor 4	General practitioner, Mononucleosefaktor 4	high	
3568	Almen lægehjælp 80, Motion på recept a20	General practitioner, Motion on recept a20	high	
3569	Almen lægehjælp 80, Motion/recept udredn	General practitioner, Motion/recept udredn	high	
3570	Almen lægehjælp 80, Møde 1 modul	General practitioner, Meeting 1 modul	high	
3571	Almen lægehjælp 80, Møde 2 moduler	General practitioner, Meeting 2 moduler	high	
3572	Almen lægehjælp 80, Møde 3 moduler	General practitioner, Meeting 3 moduler	high	
3573	Almen lægehjælp 80, Indtil 4 km	General practitioner, Indtil 4 km	high	
3574	Almen lægehjælp 80, Fra 4 km til 8 km	General practitioner, From 4 km to 8 km	high	
3575	Almen lægehjælp 80, Fra 8 km til 12 km	General practitioner, From 8 km to 12 km	high	
3576	Almen lægehjælp 80, Fra 12 km til 16 km	General practitioner, From 12 km to 16 km	high	
3577	Almen lægehjælp 80, Fra 16 km til 20 km	General practitioner, From 16 km to 20 km	high	
3578	Almen lægehjælp 80, Udover 20 km	General practitioner, Udover 20 km	high	
3579	Almen lægehjælp 80, Møder med social- og sundhedsforvaltninger pr	General practitioner, Møder with social- and sundhedsforvaltninger pr	low	Y
3580	Almen lægehjælp 80, Mødedeltagelse   A65	General practitioner, Mødedeltagelse a65	low	Y
3581	Almen lægehjælp 80, Nervesanatorier mv	General practitioner, Nervesanatorier etc.	low	Y
3582	Almen lægehjælp 80, Næsetamponade, standsning af blødning efter tandudtrækning	General practitioner, Nasal packing, standsning of blødning after tandudtrækning	low	Y
3583	Almen lægehjælp 80, operation -Fissura Ani	General practitioner, Operation -fissura ani	high	
3584	Almen lægehjælp 80, Operation for dybereliggende betændelse	General practitioner, Operation for dybereliggende inflammation	high	
3585	Almen lægehjælp 80, Opfølg.helbreds. A80	General practitioner, Opfølg.helbreds. a80	low	Y
3586	Almen lægehjælp 80, Opfølg.samt. i hjem	General practitioner, Opfølg.and. in home	low	Y
3587	Almen lægehjælp 80, Opfølg.samt. i konsultation	General practitioner, Opfølg.and. in consultation	low	Y
3588	Almen lægehjælp 80, Genoplivning, herunder iltbehandling ved livstruende tilstande	General practitioner, Genoplivning, herunder iltbehandling by livstruende tilstande	low	Y
3589	Almen lægehjælp 80, Ops. hjemmebesøg	General practitioner, Ops. home visit	low	Y
3590	Almen lægehjælp 80, Opsøgende besøg	General practitioner, Outreach visit	high	
3591	Almen lægehjælp 80, Opsøgende virksomhed	General practitioner, Outreach virksomhed	low	Y
3592	Almen lægehjælp 80, Oral Glucose Belastn	General practitioner, Oral glucose belastn	high	
3593	Almen lægehjælp 80, Orm. Ormeled i Fæc 1	General practitioner, Orm. ormeled in fæc 1	low	Y
3594	Almen lægehjælp 80, Ormeæg i Analafskr 2	General practitioner, Ormeæg in analafskr 2	low	Y
3595	Almen lægehjælp 80, Ormeæg i Fæces     6	General practitioner, Ormeæg in faeces 6	low	Y
3596	Almen lægehjælp 80, Oscillometri 2 Extr6	General practitioner, Oscillometri 2 extr6	high	
3597	Almen lægehjælp 80, Oscillometri 4extr10	General practitioner, Oscillometri 4extr10	high	
3598	Almen lægehjælp 80, P-Creatin-Kinase	General practitioner, P-creatin-kinase	high	
3599	Almen lægehjælp 80, P-HDL	General practitioner, P-hdl	high	
3600	Almen lægehjælp 80, P-amylase	General practitioner, P-amylase	high	
3601	Almen lægehjælp 80, P-asat	General practitioner, P-asat	high	
3602	Almen lægehjælp 80, P-bilirubin	General practitioner, P-bilirubin	high	
3603	Almen lægehjælp 80, P-cholesterol	General practitioner, P-cholesterol	high	
3604	Almen lægehjælp 80, P-creatinen	General practitioner, P-creatinen	high	
3605	Almen lægehjælp 80, P-kalium	General practitioner, P-kalium	high	
3606	Almen lægehjælp 80, P-triglycerid	General practitioner, P-triglycerid	high	
3607	Almen lægehjælp 80, P-urat	General practitioner, P-urat	high	
3608	Almen lægehjælp 80, PP-INR (koagulationsfaktorer)	General practitioner, Pp-inr (koagulationsfaktorer)	high	
3609	Almen lægehjælp 80, Paracent.-Trommehnd	General practitioner, Paracent.-trommehnd	high	
3610	Almen lægehjælp 80, Patientsamtaler	General practitioner, Patientsamtaler	high	
3611	Almen lægehjælp 80, Forsendelse af biologisk materiale ekskl	General practitioner, Shipment of biologisk material ekskl	low	Y
3612	Almen lægehjælp 80, Polyfarmaci pt. a101	General practitioner, Polyfarmaci pt. a101	low	Y
3613	Almen lægehjælp 80, per påbegyndt over 3	General practitioner, Per commenced over 3	high	
3614	Almen lægehjælp 80, per tandbehandling	General practitioner, Per dental treatment	high	
3615	Almen lægehjælp 80, Priktest ¤2A20	General practitioner, Priktest ¤2a20	high	
3616	Almen lægehjælp 80, Projekt Lildholt	General practitioner, Projekt lildholt	high	
3617	Almen lægehjælp 80, Prothrombin        6	General practitioner, Prothrombin 6	high	
3618	Almen lægehjælp 80, Præ.jour.sk. ¤2/A70	General practitioner, Præ.jour.sk. ¤2/a70	low	Y
3619	Almen lægehjælp 80, Psykiatri projektA15	General practitioner, Psykiatri projekta15	high	
3620	Almen lægehjælp 80, Rat                3	General practitioner, Rat 3	high	
3621	Almen lægehjælp 80, Telefonkonsultation	General practitioner, Telephone consultation	high	
3622	Almen lægehjælp 80, Registrering	General practitioner, Registrering	high	
3623	Almen lægehjælp 80, Reposition af store ledskred: fod, knæ, hofte, albue eller skulder	General practitioner, Reposition of store ledskred: fod, knee, hofte, albue or skulder	high	
3624	Almen lægehjælp 80, Repos./ Paraphimosis	General practitioner, Repos./ paraphimosis	low	Y
3625	Almen lægehjælp 80, Røntgenund.¤2-aftale	General practitioner, Røntgenund.¤2-aftale	low	Y
3626	Almen lægehjælp 80, samtalebehandling 1 samt.	General practitioner, Talk therapy 1 and.	low	Y
3627	Almen lægehjælp 80, samtalebehandling 2 samt.	General practitioner, Talk therapy 2 and.	low	Y
3628	Almen lægehjælp 80, samtalebehandling 3 samt.	General practitioner, Talk therapy 3 and.	low	Y
3629	Almen lægehjælp 80, samtalebehandling 4 samt.	General practitioner, Talk therapy 4 and.	low	Y
3630	Almen lægehjælp 80, samtalebehandling 40 min.	General practitioner, Talk therapy 40 min.	low	Y
3631	Almen lægehjælp 80, samtalebehandling 5 samt.	General practitioner, Talk therapy 5 and.	low	Y
3632	Almen lægehjælp 80, samtalebehandling 6 samt.	General practitioner, Talk therapy 6 and.	low	Y
3633	Almen lægehjælp 80, samtalebehandling 7 samt.	General practitioner, Talk therapy 7 and.	low	Y
3634	Almen lægehjælp 80, Samtaleterapi	General practitioner, Talk therapy	high	
3635	Almen lægehjælp 80, Samtaleterapi B080	General practitioner, Talk therapy b080	high	
3636	Almen lægehjælp 80, Samtaleterapiforløb	General practitioner, Samtaleterapiforløb	low	Y
3637	Almen lægehjælp 80, Se-albumin	General practitioner, Se-albumin	high	
3638	Almen lægehjælp 80, Se-jern	General practitioner, Se-jern	high	
3639	Almen lægehjælp 80, Se-kalium	General practitioner, Se-kalium	high	
3640	Almen lægehjælp 80, Se-kreatinin       5	General practitioner, Se-kreatinin 5	high	
3641	Almen lægehjælp 80, Se-natrium	General practitioner, Se-natrium	high	
3642	Almen lægehjælp 80, Se-urat	General practitioner, Se-urat	high	
3643	Almen lægehjælp 80, Anvendes når en person:	General practitioner, Anvendes when en person:	high	
3644	Almen lægehjælp 80, 1. tvangsindlæggelse (røde eller gule papirer)	General practitioner, 1. tvangsindlæggelse (red or gule papirer)	low	Y
3645	Almen lægehjælp 80, Genindlæggelse ved tvang på samme institution (på røde eller gule papirer)	General practitioner, Readmission by tvang on same institution (on red or gule papirer)	high	
3646	Almen lægehjælp 80, Sindslid. Tvangsindl	General practitioner, Sindslid. tvangsindl	low	Y
3647	Almen lægehjælp 80, Skemaudf. add. a65	General practitioner, Skemaudf. add. a65	low	Y
3648	Almen lægehjælp 80, Skemaudf. diabetes	General practitioner, Skemaudf. diabetes	low	Y
3649	Almen lægehjælp 80, Socialmed. samarb.	General practitioner, Socialmed. samarb.	low	Y
3650	Almen lægehjælp 80, Spermaund. kontrol 5	General practitioner, Spermaund. follow-up 5	low	Y
3651	Almen lægehjælp 80, Behandling af store udbredte læsioner og forbrændinger	General practitioner, Treatment of store udbredte lesions and forbrændinger	low	Y
3652	Almen lægehjælp 80, Støtte pårørende	General practitioner, Støtte relatives	low	Y
3653	Almen lægehjælp 80, Supervision	General practitioner, Supervision	high	
3654	Almen lægehjælp 80, Supp.forb.indsats	General practitioner, Supp.forb.indsats	high	
3655	Almen lægehjælp 80, Svangerskabsreaktion, urin choriongonadotropin	General practitioner, Svangerskabsreaktion, urine choriongonadotropin	high	
3656	Almen lægehjælp 80, Svælg-streptokok antigen	General practitioner, Pharynx-streptokok antigen	high	
3657	Almen lægehjælp 80, Systemat. screening	General practitioner, Systemat. screening	low	Y
3658	Almen lægehjælp 80, Sænkningsreaktion	General practitioner, Sænkningsreaktion	low	Y
3659	Almen lægehjælp 80, Særkons. Sv.Forebyg.	General practitioner, Særkons. sv.forebyg.	low	Y
3660	Almen lægehjælp 80, Særlig konsultation vagttid	General practitioner, Special consultation vagttid	high	
3661	Almen lægehjælp 80, Særlig konsultation vagt a42	General practitioner, Special consultation vagt a42	high	
3662	Almen lægehjælp 80, Tapning af væskesamling fra større led i terapeutisk øjemed – ikke i diagnostisk øjemed eller	General practitioner, Tapning of væskesamling from larger joint in terapeutisk øjemed – ikke in diagnostic øjemed or	low	Y
3663	Almen lægehjælp 80, Honorar for telefonisk henvendelse til forældrene forud for MFR-vaccination	General practitioner, Honorar for telefonisk henvendelse to forældrene forud for mfr-vaccination	low	Y
3664	Almen lægehjælp 80, Tel. konsultation A50	General practitioner, Tel. consultation a50	low	Y
3665	Almen lægehjælp 80, Teledermatologi a42	General practitioner, Teledermatologi a42	high	
3666	Almen lægehjælp 80, Socialmedicinsk telefonkonsultation	General practitioner, Socialmedicinsk telephone consultation	high	
3667	Almen lægehjælp 80, Terminal første kontrol	General practitioner, Terminal first follow-up	high	
3668	Almen lægehjælp 80, Terminalpleje amt35	General practitioner, Terminalpleje amt35	high	
3669	Almen lægehjælp 80, Thrombin-målingerA42	General practitioner, Thrombin-målingera42	low	Y
3670	Almen lægehjælp 80, Thrombocytter      3	General practitioner, Thrombocytter 3	high	
3671	Almen lægehjælp 80, Tidstillæg	General practitioner, Tidstillæg	low	Y
3672	Almen lægehjælp 80, Til.yd/Demens ¤2 A35	General practitioner, To.yd/demens ¤2 a35	high	
3673	Almen lægehjælp 80, tillæg v. Di-Te-vacc.	General practitioner, Supplement v. di-te-vacc.	high	
3674	Almen lægehjælp 80, tillæg v Di-Te-Pol-v.	General practitioner, Supplement v di-te-pol-v.	high	
3675	Almen lægehjælp 80, Anvendes når en person	General practitioner, Anvendes when en person	high	
3676	Almen lægehjælp 80, Tillæg ved ydelse af lægehjælp, hvor der anvendes kvalificeret tolk6	General practitioner, Supplement by service of medical care, hvor der anvendes kvalificeret tolk6	high	
3677	Almen lægehjælp 80, Samtaleterapi, tillæg pr	General practitioner, Talk therapy, supplement pr	high	
3678	Almen lægehjælp 80, Tillæg til sygebesøg	General practitioner, Supplement to sick-home visit	high	
3679	Almen lægehjælp 80, Tillæg til vaccinationshonorar (ydelse 8801 og 8802), når der ikke samtidig er konsultation i	General practitioner, Supplement to vaccinationshonorar (service 8801 and 8802), when der ikke samtidig er consultation in	high	
3680	Almen lægehjælp 80, Tillæg tolkehonor.	General practitioner, Supplement tolkehonor.	low	Y
3681	Almen lægehjælp 80, Tillæg v. Hib-vacc.	General practitioner, Supplement v. hib-vacc.	high	
3682	Almen lægehjælp 80, Tillæg v. MFR-vacc.	General practitioner, Supplement v. mfr-vacc.	high	
3683	Almen lægehjælp 80, Tillæg v. kighostev.	General practitioner, Supplement v. kighostev.	low	Y
3684	Almen lægehjælp 80, Tillæg.vac.Di-Te-Ki	General practitioner, Supplement.vac.di-te-ki	high	
3685	Almen lægehjælp 80, Tillæg til stedlig læge ved sygebesøg	General practitioner, Supplement to stedlig doctor by sick-home visit	high	
3686	Almen lægehjælp 80, Timehonorar      A60	General practitioner, Timehonorar a60	high	
3687	Almen lægehjælp 80, telefon konsultation medicin	General practitioner, Telephone consultation medicin	high	
3688	Almen lægehjælp 80, telefon konsultation ¤2 / B035	General practitioner, Telephone consultation ¤2 / b035	high	
3689	Almen lægehjælp 80, Telefonkonsultation	General practitioner, Telephone consultation	high	
3690	Almen lægehjælp 80, telefon konsultation med Henv.	General practitioner, Telephone consultation with henv.	low	Y
3691	Almen lægehjælp 80, telefon konsultation med Recept	General practitioner, Telephone consultation with recept	high	
3692	Almen lægehjælp 80, telefon konsultation med besøg/kon.	General practitioner, Telephone consultation with visit/kon.	low	Y
3693	Almen lægehjælp 80, telefon konsultation uden besøg/kon.	General practitioner, Telephone consultation without visit/kon.	low	Y
3694	Almen lægehjælp 80, Transferrin	General practitioner, Transferrin	high	
3695	Almen lægehjælp 80, Trichomonas Vaginal3	General practitioner, Trichomonas vaginal3	high	
3696	Almen lægehjælp 80, Triglycerid	General practitioner, Triglycerid	high	
3697	Almen lægehjælp 80, Tympanomet. v. konsultation	General practitioner, Tympanomet. v. consultation	low	Y
3698	Almen lægehjælp 80, Tympanometri	General practitioner, Tympanometry	high	
3699	Almen lægehjælp 80, Tympanometri/Regist	General practitioner, Tympanometry/regist	high	
3700	Almen lægehjælp 80, Udtagning og forsendelse af implanterede stimulatorer og pumper	General practitioner, Udtagning and shipment of implanterede stimulatorer and pumper	low	Y
3701	Almen lægehjælp 80, Ud.møde telhen ¤2A35	General practitioner, Ud.meeting telhen ¤2a35	high	
3702	Almen lægehjælp 80, Udfyldelse af dødsattest side 2 inkl	General practitioner, Udfyldelse of death certificate side 2 incl.	low	Y
3703	Almen lægehjælp 80, Udlån/instr.blodtryk	General practitioner, Loan/instr.blodtryk	high	
3704	Almen lægehjælp 80, Udover 20 km.	General practitioner, Udover 20 km.	low	Y
3705	Almen lægehjælp 80, Udskrivningskonfer.	General practitioner, Udskrivningskonfer.	low	Y
3706	Almen lægehjælp 80, Udtagning af prøve af livmoder,-mund og -hals til cytologisk undersøgelse inkl	General practitioner, Udtagning of test of livmoder,-mund and -hals to cytologisk examination incl.	low	Y
3707	Almen lægehjælp 80, Ulykke - besøg	General practitioner, Ulykke - visit	high	
3708	Almen lægehjælp 80, Unders v vejledning 9 Uger	General practitioner, Unders v guidance 9 uger	high	
3709	Almen lægehjælp 80, Undersøgelse	General practitioner, Examination	high	
3710	Almen lægehjælp 80, Urin Blod Mv V.Stix1	General practitioner, Urine blood etc. v.stix1	low	Y
3711	Almen lægehjælp 80, Urin F. Blod uden/stix1	General practitioner, Urine f. blood without/stix1	high	
3712	Almen lægehjælp 80, Urin F. Gluk uden/stix1	General practitioner, Urine f. gluk without/stix1	high	
3713	Almen lægehjælp 80, Urin F.Keton uden/stix1	General practitioner, Urine f.keton without/stix1	high	
3714	Almen lægehjælp 80, Urin F.Prot. uden/stix1	General practitioner, Urine f.prot. without/stix1	high	
3715	Almen lægehjælp 80, Urin til resistensbestemmelse	General practitioner, Urine to resistensbestemmelse	low	Y
3716	Almen lægehjælp 80, Urinundersøgelse ved stix	General practitioner, Urine examination by stix	high	
3717	Almen lægehjælp 80, Urinprøvetagning	General practitioner, Urine sampling	high	
3718	Almen lægehjælp 80, Urinstof i Serum   3	General practitioner, Urinstof in serum 3	high	
3719	Almen lægehjælp 80, Urinundersøgelse ved stix	General practitioner, Urine examination by stix	high	
3720	Almen lægehjælp 80, Urobilin i Urin    3	General practitioner, Urobilin in urine 3	high	
3721	Almen lægehjælp 80, Usystemat.screening	General practitioner, Usystemat.screening	high	
3722	Almen lægehjælp 80, Vac efter arb.udheld	General practitioner, Vac after arb.udheld	high	
3723	Almen lægehjælp 80, Vac ifm udbru a/ssyg	General practitioner, Vac in connection with udbru a/ssyg	high	
3724	Almen lægehjælp 80, Vac syg fj milt/knog	General practitioner, Vac syg removal milt/knog	high	
3725	Almen lægehjælp 80, Vaccination til kvinder mod røde hunde (vaccine gives 1 gang)	General practitioner, Vaccination to kvinder mod red hunde (vaccine gives 1 gang)	high	
3726	Almen lægehjælp 80, Vaccinat.  2-10 år	General practitioner, Vaccinat. 2-10 years	low	Y
3727	Almen lægehjælp 80, Vaccinat. 11-12 år	General practitioner, Vaccinat. 11-12 years	low	Y
3728	Almen lægehjælp 80, Vaccinat. Inden 2 år	General practitioner, Vaccinat. inden 2 years	low	Y
3729	Almen lægehjælp 80, Vachon hepB ej undersøgelse/ko	General practitioner, Vachon hepb ej examination/ko	high	
3730	Almen lægehjælp 80, Vandrejournal ¤2-af.	General practitioner, Vandrejournal ¤2-of.	high	
3731	Almen lægehjælp 80, Vejledning i svangerskabsforebyggende metoder ved første henvendelse fra patienten eller ved	General practitioner, Guidance in contraceptive methods by first henvendelse from patienten or by	low	Y
3732	Almen lægehjælp 80, vejledning af svangre 2141	General practitioner, Guidance of pregnant women 2141	high	
3733	Almen lægehjælp 80, Vejledning og undersøgelse i forbindelse med anmodning om svangerskabsafbrydelse og/eller	General practitioner, Guidance and examination in forbindelse with anmodning om svangerskabsafbrydelse and/or	low	Y
3734	Almen lægehjælp 80, Vejledning i benyttelse af svangerskabsforebyggende metoder ved indlæggelse af spiral eller	General practitioner, Guidance in use of contraceptive methods by admission of coil (IUD) or	high	
3735	Almen lægehjælp 80, vejledning af svangre 2140	General practitioner, Guidance of pregnant women 2140	high	
3736	Almen lægehjælp 80, Vejledning om svangerskabsforebyggende metoder ved indlæggelse af spiral*	General practitioner, Guidance om contraceptive methods by admission of coil (IUD)*	low	Y
3737	Almen lægehjælp 80, Vejledning om svangerskabsforebyggende metoder herunder evt	General practitioner, Guidance om contraceptive methods herunder evt	low	Y
3738	Almen lægehjælp 80, Venesektio tilrådet af hospital eller speciallæge samt ved livstruende tilstande	General practitioner, Venesektio tilrådet of hospital or speciallæge and by livstruende tilstande	low	Y
3739	Almen lægehjælp 80, Zoneterapi	General practitioner, Zoneterapi	high	
3740	Almen lægehjælp 80, afstandstakst og 10km	General practitioner, Afstandstakst and 10km	high	
3741	Almen lægehjælp 80, aft. diab.kontrol	General practitioner, Aft. diab.follow-up	low	Y
3742	Almen lægehjælp 80, assistance	General practitioner, Assistance	high	
3743	Almen lægehjælp 80, attestarb konsultation moms	General practitioner, Attestarb consultation moms	high	
3744	Almen lægehjælp 80, b-hæmoglobin	General practitioner, B-haemoglobin	high	
3745	Almen lægehjælp 80, besøg a42	General practitioner, Visit a42	high	
3746	Almen lægehjælp 80, besøg i hjemmet	General practitioner, Visit in hjemmet	high	
3747	Almen lægehjælp 80, blodpr med cent ad a65	General practitioner, Blodpr with cent ad a65	high	
3748	Almen lægehjælp 80, diagnostisk hjælp psyk.dia	General practitioner, Diagnostic hjælp psyk.dia	low	Y
3749	Almen lægehjælp 80, e-komm. ved forløbsydelse diabetes	General practitioner, E-komm. by forløbsydelse diabetes	low	Y
3750	Almen lægehjælp 80, fj. ørevoks	General practitioner, Removal. earwax	low	Y
3751	Almen lægehjælp 80, forebygg konsultation	General practitioner, Forebygg consultation	high	
3752	Almen lægehjælp 80, frems.digitale foto	General practitioner, Frems.digitale foto	high	
3753	Almen lægehjælp 80, fødselshjælp	General practitioner, Fødselshjælp	low	Y
3754	Almen lægehjælp 80, hapatitis vacc i daginst.	General practitioner, Hapatitis vacc in daginst.	low	Y
3755	Almen lægehjælp 80, kB-glucose	General practitioner, Kb-glucose	high	
3756	Almen lægehjælp 80, konf. allegispl. A50	General practitioner, Konf. allegispl. a50	low	Y
3757	Almen lægehjælp 80, konsultation ¤2A20	General practitioner, Consultation ¤2a20	high	
3758	Almen lægehjælp 80, konsultation a42	General practitioner, Consultation a42	high	
3759	Almen lægehjælp 80, lg konsultation add a65	General practitioner, Lg consultation add a65	high	
3760	Almen lægehjælp 80, livm.h.kræft skr 082	General practitioner, Livm.h.cancer skr 082	high	
3761	Almen lægehjælp 80, ltype 7	General practitioner, Ltype 7	high	
3762	Almen lægehjælp 80, medicinforbrug_amt76	General practitioner, Medicinforbrug_amt76	high	
3763	Almen lægehjælp 80, møde 1 modul ¤2A35	General practitioner, Meeting 1 modul ¤2a35	high	
3764	Almen lægehjælp 80, nattevagtslæger afst	General practitioner, Nattevagtslæger afst	low	Y
3765	Almen lægehjælp 80, opf.demens	General practitioner, Opf.demens	high	
3766	Almen lægehjælp 80, pnoumokok vacc. 12 mdr	General practitioner, Pnoumokok vacc. 12 mdr	low	Y
3767	Almen lægehjælp 80, Pneumokokvaccination (vaccination gives 3 gange, som udg	General practitioner, Pneumokokvaccination (vaccination gives 3 gange, som udg	high	
3768	Almen lægehjælp 80, pnoumokok vacc. 5 mdr	General practitioner, Pnoumokok vacc. 5 mdr	low	Y
3769	Almen lægehjælp 80, Diagnostik, udredning og opfølgning ved anvendelse af fagligt anerkendte psykometriske test6	General practitioner, Diagnostik, udredning and follow-up by anvendelse of fagligt anerkendte psykometriske test6	low	Y
3770	Almen lægehjælp 80, psykometrisk test	General practitioner, Psykometrisk test	low	Y
3771	Almen lægehjælp 80, rectoscopi	General practitioner, Rectoscopi	high	
3772	Almen lægehjælp 80, tel. drøftelse A50	General practitioner, Tel. drøftelse a50	low	Y
3773	Almen lægehjælp 80, telefonkons. ved forløbsydelse diabetes	General practitioner, Telefonkons. by forløbsydelse diabetes	low	Y
3774	Almen lægehjælp 80, test II-diabetes a35	General practitioner, Test ii-diabetes a35	high	
3775	Almen lægehjælp 80, test svangerdiab.a35	General practitioner, Test svangerdiab.a35	high	
3776	Almen lægehjælp 80, tillæg til pnoumokok vacc	General practitioner, Supplement to pnoumokok vacc	high	
3777	Almen lægehjælp 80, tillæg yd 1 konsultation a50	General practitioner, Supplement yd 1 consultation a50	high	
3778	Almen lægehjælp 80, telefon konsultation med besøg a42	General practitioner, Telephone consultation with visit a42	high	
3779	Almen lægehjælp 80, telefon konsultation uden besøg a42	General practitioner, Telephone consultation without visit a42	high	
3780	Almen lægehjælp 80, udskrivningskonf.a60	General practitioner, Udskrivningskonf.a60	high	
3781	Almen lægehjælp 80, ukendt	General practitioner, Ukendt	high	
3782	Almen lægehjælp 80, vagtbr. B-vagt a42	General practitioner, Vagtbr. b-vagt a42	low	Y
3783	Almen lægehjælp 80, vortebeh	General practitioner, Vortebeh	high	
3784	Almen lægehjælp 80, ¤2-B035 Kilometer	General practitioner, ¤2-b035 kilometer	high	
3785	Almen lægehjælp 80, ¤2-aftale 4405	General practitioner, ¤2-aftale 4405	high	
3786	Almen lægehjælp 80, ¤2-aftale ak. 50	General practitioner, ¤2-aftale ak. 50	low	Y
3787	Almen lægehjælp 80, ¤2.A35Afstandstillæg	General practitioner, ¤2.a35afstandstillæg	low	Y
3788	Almen lægehjælp 80, ¤2A35Kons.h./besøg	General practitioner, ¤2a35kons.h./visit	high	
3789	Almen lægehjælp 80, ®ldreproj. Skanderb.	General practitioner, ®ldreproj. skanderb.	low	Y
3790	Almen lægehjælp 80, årskontr.diabetes	General practitioner, Årskontr.diabetes	low	Y
3791	Almen lægehjælp 80, årskontrol amt 50	General practitioner, Årskontrol amt 50	low	Y
3792	Almen lægehjælp 80, årskontrol,diab. a20	General practitioner, Årskontrol,diab. a20	low	Y
3793	KFA-vagtordning 81, (ingen tekst tilgængelig)	KFA on-call service 81, (no text available)	high	
3794	KFA-vagtordning 81, 1. behandling Knoglebrud	KFA on-call service 81, 1. treatment knoglebrud	high	
3795	KFA-vagtordning 81, 1. behandling Større Sår	KFA on-call service 81, 1. treatment larger wound	high	
3796	KFA-vagtordning 81, Akutte Tilfælde Ef	KFA on-call service 81, Akutte case ef	low	Y
3797	KFA-vagtordning 81, Anlæg. af Im.Bandage	KFA on-call service 81, Placement. of im.bandage	low	Y
3798	KFA-vagtordning 81, B-hæmoglob.(fotom.)4	KFA on-call service 81, B-haemoglobin (photometric)4	high	
3799	KFA-vagtordning 81, behandling 2 sikring i samme hjem	KFA on-call service 81, Treatment 2 assurance in same home	high	
3800	KFA-vagtordning 81, Besøg	KFA on-call service 81, Visit	high	
3801	KFA-vagtordning 81, Blærekaterisation	KFA on-call service 81, Bladder catheterisation	high	
3802	KFA-vagtordning 81, Brud af Skinneben Mv	KFA on-call service 81, Brud of skinneben etc.	low	Y
3803	KFA-vagtordning 81, Elkard. exc. præc. 6	KFA on-call service 81, Elkard. excision. præc. 6	low	Y
3804	KFA-vagtordning 81, fjernelse af Svulster	KFA on-call service 81, Removal of svulster	high	
3805	KFA-vagtordning 81, Fjernelse af ørevoks	KFA on-call service 81, Removal of earwax	high	
3806	KFA-vagtordning 81, Flere v. inst. besøg	KFA on-call service 81, Flere v. inst. visit	low	Y
3807	KFA-vagtordning 81, Fremmedlegeme Hud Mv	KFA on-call service 81, Fremmedlegeme hud etc.	low	Y
3808	KFA-vagtordning 81, Fremmedlegeme øj. Mv	KFA on-call service 81, Fremmedlegeme øj. etc.	low	Y
3809	KFA-vagtordning 81, Konsultation	KFA on-call service 81, Consultation	high	
3810	KFA-vagtordning 81, Kørselsgodtgør.    i	KFA on-call service 81, Mileage allowance. in	low	Y
3811	KFA-vagtordning 81, Ligsyn med Dødsattest	KFA on-call service 81, Death inspection with death certificate	high	
3812	KFA-vagtordning 81, Ligsyn udf.dødsa.s.1	KFA on-call service 81, Death inspection issuing death certificate	high	
3813	KFA-vagtordning 81, Lægehjælp      2502	KFA on-call service 81, Medical care 2502	high	
3814	KFA-vagtordning 81, Operation/betændelse	KFA on-call service 81, Operation/inflammation	high	
3815	KFA-vagtordning 81, Oplivningsforsøg	KFA on-call service 81, Resuscitation attempt	high	
3816	KFA-vagtordning 81, sikring uden adgang til lægepraksis	KFA on-call service 81, Assurance without access to medical practice	high	
3817	KFA-vagtordning 81, Sindslid. 1. Indlæg	KFA on-call service 81, Sindslid. 1. orthotic insole	low	Y
3818	KFA-vagtordning 81, Sindslid. Genindlæg	KFA on-call service 81, Sindslid. readmission	low	Y
3819	KFA-vagtordning 81, Svælg-strept.antig.4	KFA on-call service 81, Throat streptococcus antigen4	high	
3820	KFA-vagtordning 81, Tapning af Væske	KFA on-call service 81, Tapning of fluid	low	Y
3821	KFA-vagtordning 81, Telf konsultation med  besøg	KFA on-call service 81, Telf consultation with visit	high	
3822	KFA-vagtordning 81, Telf konsultation uden besøg	KFA on-call service 81, Telf consultation without visit	high	
3823	KFA-vagtordning 81, Udstedelse dødsa.s.2	KFA on-call service 81, Udstedelse dødsa.s.2	low	Y
3824	KFA-vagtordning 81, Urin Blod Mv V.Stix1	KFA on-call service 81, Urine blood etc. v.stix1	low	Y
3825	KFA-vagtordning 81, vejledning af svangre 2142	KFA on-call service 81, Guidance of pregnant women 2142	high	
3826	KFA-vagtordning 81, lægehj. ingen praks.	KFA on-call service 81, Lægehj. ingen praks.	low	Y
3827	Kak vagtlægehjælp 82, 1. behandling Knoglebrud	KAK on-call GP 82, 1. treatment knoglebrud	high	
3828	Kak vagtlægehjælp 82, 1. behandling Større Sår	KAK on-call GP 82, 1. treatment larger wound	high	
3829	Kak vagtlægehjælp 82, 1. behandling brud	KAK on-call GP 82, 1. treatment brud	high	
3830	Kak vagtlægehjælp 82, Afst.takst ov. 10 km	KAK on-call GP 82, Afst.takst ov. 10 km	low	Y
3831	Kak vagtlægehjælp 82, Akutte Tilfælde Ef	KAK on-call GP 82, Akutte case ef	low	Y
3832	Kak vagtlægehjælp 82, Andre Bety. operation	KAK on-call GP 82, Andre bety. operation	low	Y
3833	Kak vagtlægehjælp 82, Anlæg. af Im.Bandage	KAK on-call GP 82, Placement. of im.bandage	low	Y
3834	Kak vagtlægehjælp 82, B-glukose (fotom.) 4	KAK on-call GP 82, B-glukose (fotom.) 4	low	Y
3835	Kak vagtlægehjælp 82, B-hæmoglob.(fotom.)4	KAK on-call GP 82, B-haemoglobin (photometric)4	high	
3836	Kak vagtlægehjælp 82, behandling 2 sikring i samme hjem	KAK on-call GP 82, Treatment 2 assurance in same home	high	
3837	Kak vagtlægehjælp 82, Besøg   0481	KAK on-call GP 82, Visit 0481	high	
3838	Kak vagtlægehjælp 82, Besøg i vagttiden	KAK on-call GP 82, Visit in vagttiden	high	
3839	Kak vagtlægehjælp 82, Blærekaterisation	KAK on-call GP 82, Bladder catheterisation	high	
3840	Kak vagtlægehjælp 82, C-Reaktivt Protein	KAK on-call GP 82, C-reaktivt protein	high	
3841	Kak vagtlægehjælp 82, Elkard. exc. præc. 6	KAK on-call GP 82, Elkard. excision. præc. 6	low	Y
3842	Kak vagtlægehjælp 82, Elkard. inkl. præc.9	KAK on-call GP 82, Elkard. incl.. præc.9	low	Y
3843	Kak vagtlægehjælp 82, Fjernelse af Negl	KAK on-call GP 82, Removal of negl	high	
3844	Kak vagtlægehjælp 82, Fjernelse af ørevoks	KAK on-call GP 82, Removal of earwax	high	
3845	Kak vagtlægehjælp 82, Fl sikring V Inst Besøg	KAK on-call GP 82, Fl assurance v inst visit	high	
3846	Kak vagtlægehjælp 82, Fortsat Kontrol 2141	KAK on-call GP 82, Fortsat follow-up 2141	high	
3847	Kak vagtlægehjælp 82, Fremmedlegeme Hud Mv	KAK on-call GP 82, Fremmedlegeme hud etc.	low	Y
3848	Kak vagtlægehjælp 82, Fremmedlegeme øj. Mv	KAK on-call GP 82, Fremmedlegeme øj. etc.	low	Y
3849	Kak vagtlægehjælp 82, forsendelse biopsi materiale eksklusive blod	KAK on-call GP 82, Shipment biopsy material excluding blood	high	
3850	Kak vagtlægehjælp 82, i Bakterier(dyrk.)3	KAK on-call GP 82, In bakterier(dyrk.)3	low	Y
3851	Kak vagtlægehjælp 82, Konsultation	KAK on-call GP 82, Consultation	high	
3852	Kak vagtlægehjælp 82, Kørselsgodtgør.  i	KAK on-call GP 82, Mileage allowance. in	low	Y
3853	Kak vagtlægehjælp 82, Ligsyn med Dødsattest	KAK on-call GP 82, Death inspection with death certificate	high	
3854	Kak vagtlægehjælp 82, Ligsyn udf.dødsa.s.1	KAK on-call GP 82, Death inspection issuing death certificate	high	
3855	Kak vagtlægehjælp 82, Lungef. v. spirom. 3	KAK on-call GP 82, Lungef. v. spirom. 3	low	Y
3856	Kak vagtlægehjælp 82, Lungefunkt.unders. 3	KAK on-call GP 82, Lungefunkt.unders. 3	high	
3857	Kak vagtlægehjælp 82, Lægehjælp       2502	KAK on-call GP 82, Medical care 2502	high	
3858	Kak vagtlægehjælp 82, Operation/betændelse	KAK on-call GP 82, Operation/inflammation	high	
3859	Kak vagtlægehjælp 82, Oplivningsforsøg	KAK on-call GP 82, Resuscitation attempt	high	
3860	Kak vagtlægehjælp 82, Paracent.- Trommehnd	KAK on-call GP 82, Paracent.- trommehnd	high	
3861	Kak vagtlægehjælp 82, Repos. Store led	KAK on-call GP 82, Repos. store joint	low	Y
3862	Kak vagtlægehjælp 82, sikring uden adgang til lægepraksis	KAK on-call GP 82, Assurance without access to medical practice	high	
3863	Kak vagtlægehjælp 82, Sindslid. 1. Indlæg.	KAK on-call GP 82, Sindslid. 1. orthotic insole.	low	Y
3864	Kak vagtlægehjælp 82, Sindslid. Genindlæg.	KAK on-call GP 82, Sindslid. readmission.	low	Y
3865	Kak vagtlægehjælp 82, Sindslid. Tvangsindl	KAK on-call GP 82, Sindslid. tvangsindl	low	Y
3866	Kak vagtlægehjælp 82, svangre reak,urinc. 4	KAK on-call GP 82, Pregnant women reak,urinc. 4	low	Y
3867	Kak vagtlægehjælp 82, Svælg-strept.antig.4	KAK on-call GP 82, Throat streptococcus antigen4	high	
3868	Kak vagtlægehjælp 82, Tapning af Væske	KAK on-call GP 82, Tapning of fluid	low	Y
3869	Kak vagtlægehjælp 82, Tillæg ingen praksis	KAK on-call GP 82, Supplement ingen praksis	low	Y
3870	Kak vagtlægehjælp 82, Tillæg kval. tolk	KAK on-call GP 82, Supplement kval. interpreter	low	Y
3871	Kak vagtlægehjælp 82, telefon konsultation	KAK on-call GP 82, Telephone consultation	high	
3872	Kak vagtlægehjælp 82, telefon konsultation med besøg/kon.	KAK on-call GP 82, Telephone consultation with visit/kon.	low	Y
3873	Kak vagtlægehjælp 82, telefon konsultation uden besøg/kon.	KAK on-call GP 82, Telephone consultation without visit/kon.	low	Y
3874	Kak vagtlægehjælp 82, Tlfkons. med Recept	KAK on-call GP 82, Tlfkons. with recept	low	Y
3875	Kak vagtlægehjælp 82, Tympanometri	KAK on-call GP 82, Tympanometry	high	
3876	Kak vagtlægehjælp 82, Ud. pacemaker	KAK on-call GP 82, Ud. pacemaker	low	Y
3877	Kak vagtlægehjælp 82, Urin Blod Mv V.Stix1	KAK on-call GP 82, Urine blood etc. v.stix1	low	Y
3878	Kak vagtlægehjælp 82, Urin v. stix       1	KAK on-call GP 82, Urine v. stix 1	high	
3879	Kak vagtlægehjælp 82, vejledning af svangre 2142	KAK on-call GP 82, Guidance of pregnant women 2142	high	
3880	Kak vagtlægehjælp 82, fj. af svulster	KAK on-call GP 82, Removal. of svulster	low	Y
3881	Vagtlægehjælp 83, (ingen tekst tilgængelig)	On-call GP service 83, (no text available)	high	
3882	Vagtlægehjælp 83, (procedure not documented)	On-call GP service 83, (procedure not documented)	low	
3883	Vagtlægehjælp 83, 1. behandling Knoglebrud	On-call GP service 83, 1. treatment knoglebrud	high	
3884	Vagtlægehjælp 83, 1. behandling Større Sår	On-call GP service 83, 1. treatment larger wound	high	
3885	Vagtlægehjælp 83, 1. behandling Brud sk.ben	On-call GP service 83, 1. treatment brud sk.ben	high	
3886	Vagtlægehjælp 83, 2.Undersøgelse	On-call GP service 83, 2.examination	high	
3887	Vagtlægehjælp 83, 3.Undersøgelse	On-call GP service 83, 3.examination	high	
3888	Vagtlægehjælp 83, 4.Undersøgelse	On-call GP service 83, 4.examination	high	
3889	Vagtlægehjælp 83, 5.Undersøgelse	On-call GP service 83, 5.examination	high	
3890	Vagtlægehjælp 83, 7.Undersøgelse	On-call GP service 83, 7.examination	high	
3891	Vagtlægehjælp 83, Afst.takst ov. 10 km	On-call GP service 83, Afst.takst ov. 10 km	low	Y
3892	Vagtlægehjælp 83, Afstandstakst  21 km	On-call GP service 83, Afstandstakst 21 km	high	
3893	Vagtlægehjælp 83, Akutte Tilfælde EF	On-call GP service 83, Akutte case ef	low	Y
3894	Vagtlægehjælp 83, Alkoholklinik	On-call GP service 83, Alkoholklinik	high	
3895	Vagtlægehjælp 83, Andre Bety. operation	On-call GP service 83, Andre bety. operation	low	Y
3896	Vagtlægehjælp 83, Anlæg. af Im.Bandage	On-call GP service 83, Placement. of im.bandage	low	Y
3897	Vagtlægehjælp 83, Anoskopi	On-call GP service 83, Anoskopi	high	
3898	Vagtlægehjælp 83, B-glukose (fotom.) 4	On-call GP service 83, B-glukose (fotom.) 4	low	Y
3899	Vagtlægehjælp 83, B-glukose (stix)   1	On-call GP service 83, B-glukose (stix) 1	high	
3900	Vagtlægehjælp 83, B-hæmoglob.(fotom.)4	On-call GP service 83, B-haemoglobin (photometric)4	high	
3901	Vagtlægehjælp 83, behandling 2 sikring i samme hjem	On-call GP service 83, Treatment 2 assurance in same home	high	
3902	Vagtlægehjælp 83, Besøg	On-call GP service 83, Visit	high	
3903	Vagtlægehjælp 83, Besøg i	On-call GP service 83, Visit in	high	
3904	Vagtlægehjælp 83, Besøg II	On-call GP service 83, Visit ii	high	
3905	Vagtlægehjælp 83, Besøg III	On-call GP service 83, Visit iii	high	
3906	Vagtlægehjælp 83, Besøg IV	On-call GP service 83, Visit iv	low	Y
3907	Vagtlægehjælp 83, Besøg På Ruten	On-call GP service 83, Visit on ruten	high	
3908	Vagtlægehjælp 83, Besøg V	On-call GP service 83, Visit v	high	
3909	Vagtlægehjælp 83, Besøg VI	On-call GP service 83, Visit vi	high	
3910	Vagtlægehjælp 83, Besøg i vagttid R081	On-call GP service 83, Visit in vagttid r081	high	
3911	Vagtlægehjælp 83, Blodtagning blodåre	On-call GP service 83, Blodtagning blood vessel	low	Y
3912	Vagtlægehjælp 83, Blærekaterisation	On-call GP service 83, Bladder catheterisation	high	
3913	Vagtlægehjælp 83, Elkard. exc. præc. 6	On-call GP service 83, Elkard. excision. præc. 6	low	Y
3914	Vagtlægehjælp 83, Elkard. inkl. præc.9	On-call GP service 83, Elkard. incl.. præc.9	low	Y
3915	Vagtlægehjælp 83, Fj. af svulster	On-call GP service 83, Removal. of svulster	low	Y
3916	Vagtlægehjælp 83, Fjernelse af Negl	On-call GP service 83, Removal of negl	high	
3917	Vagtlægehjælp 83, Fl sikring V Inst Besøg	On-call GP service 83, Fl assurance v inst visit	high	
3918	Vagtlægehjælp 83, Fremmedleg. Hud/negl	On-call GP service 83, Fremmedleg. hud/negl	low	Y
3919	Vagtlægehjælp 83, Fremmedlegeme øj. Mv	On-call GP service 83, Fremmedlegeme øj. etc.	low	Y
3920	Vagtlægehjælp 83, Fremmødehonorar B080	On-call GP service 83, Fremmødehonorar b080	low	Y
3921	Vagtlægehjælp 83, forsendelse biopsi materiale eksklusive blokade	On-call GP service 83, Shipment biopsy material excluding block	high	
3922	Vagtlægehjælp 83, Hon.v.vagtord.på øer	On-call GP service 83, Hon.v.vagtord.on øer	low	Y
3923	Vagtlægehjælp 83, i Bakterier(dyrk.)3	On-call GP service 83, In bakterier(dyrk.)3	low	Y
3924	Vagtlægehjælp 83, i Urin (mikros.)  3	On-call GP service 83, In urine (mikros.) 3	low	Y
3925	Vagtlægehjælp 83, III. Andet (dyrk.) 3	On-call GP service 83, Iii. andet (dyrk.) 3	low	Y
3926	Vagtlægehjælp 83, Ins/udl væ/valadn sk	On-call GP service 83, Ins/udl væ/valadn sk	low	Y
3927	Vagtlægehjælp 83, Konsultation	On-call GP service 83, Consultation	high	
3928	Vagtlægehjælp 83, Kørselsgodtgør.  i	On-call GP service 83, Mileage allowance. in	low	Y
3929	Vagtlægehjælp 83, Kørselsgodtgør. II	On-call GP service 83, Mileage allowance. ii	low	Y
3930	Vagtlægehjælp 83, Ligsyn med Dødsattest	On-call GP service 83, Death inspection with death certificate	high	
3931	Vagtlægehjælp 83, Ligsyn udf.dødsa.s.1	On-call GP service 83, Death inspection issuing death certificate	high	
3932	Vagtlægehjælp 83, Lungefunkt.unders. 3	On-call GP service 83, Lungefunkt.unders. 3	high	
3933	Vagtlægehjælp 83, Lægehjælp      2502	On-call GP service 83, Medical care 2502	high	
3934	Vagtlægehjælp 83, Nervesanatorier mv	On-call GP service 83, Nervesanatorier etc.	low	Y
3935	Vagtlægehjælp 83, Næsetamponade mv	On-call GP service 83, Nasal packing etc.	low	Y
3936	Vagtlægehjælp 83, Operation/betændelse	On-call GP service 83, Operation/inflammation	high	
3937	Vagtlægehjælp 83, Oplivningsforsøg	On-call GP service 83, Resuscitation attempt	high	
3938	Vagtlægehjælp 83, Paracent.-Trommehnd	On-call GP service 83, Paracent.-trommehnd	high	
3939	Vagtlægehjælp 83, Receptfornyelse	On-call GP service 83, Receptfornyelse	low	Y
3940	Vagtlægehjælp 83, Repos. Store led	On-call GP service 83, Repos. store joint	low	Y
3941	Vagtlægehjælp 83, sikring uden adgang til lægepraksis	On-call GP service 83, Assurance without access to medical practice	high	
3942	Vagtlægehjælp 83, Sindslid. 1. Indlæg.	On-call GP service 83, Sindslid. 1. orthotic insole.	low	Y
3943	Vagtlægehjælp 83, Sindslid. Genindlæg.	On-call GP service 83, Sindslid. readmission.	low	Y
3944	Vagtlægehjælp 83, Sindslid. Tvangsindl	On-call GP service 83, Sindslid. tvangsindl	low	Y
3945	Vagtlægehjælp 83, St. Udbr. Læsioner	On-call GP service 83, St. udbr. lesions	low	Y
3946	Vagtlægehjælp 83, svangre reak, urinc.4	On-call GP service 83, Pregnant women reak, urinc.4	high	
3947	Vagtlægehjælp 83, Svælg-strept.antig.4	On-call GP service 83, Throat streptococcus antigen4	high	
3948	Vagtlægehjælp 83, Særlig konsultation vagttid	On-call GP service 83, Special consultation vagttid	high	
3949	Vagtlægehjælp 83, Særlig konsultation vagt a42	On-call GP service 83, Special consultation vagt a42	high	
3950	Vagtlægehjælp 83, Tapning af væske	On-call GP service 83, Tapning of fluid	low	Y
3951	Vagtlægehjælp 83, Telf konsultation med  besøg	On-call GP service 83, Telf consultation with visit	high	
3952	Vagtlægehjælp 83, Telf konsultation uden besøg	On-call GP service 83, Telf consultation without visit	high	
3953	Vagtlægehjælp 83, Tillæg kval. tolk	On-call GP service 83, Supplement kval. interpreter	low	Y
3954	Vagtlægehjælp 83, telefon konsultation	On-call GP service 83, Telephone consultation	high	
3955	Vagtlægehjælp 83, Tlfkons. med Recept	On-call GP service 83, Tlfkons. with recept	low	Y
3956	Vagtlægehjælp 83, Tympanometri	On-call GP service 83, Tympanometry	high	
3957	Vagtlægehjælp 83, Ud. pacemaker	On-call GP service 83, Ud. pacemaker	low	Y
3958	Vagtlægehjælp 83, Udfyld. af dødsa.s.2	On-call GP service 83, Udfyld. of dødsa.s.2	low	Y
3959	Vagtlægehjælp 83, Udlån/instr.blodtryk	On-call GP service 83, Loan/instr.blodtryk	high	
3960	Vagtlægehjælp 83, Udv lungefunkt undersøgelse 9	On-call GP service 83, Udv lungefunkt examination 9	high	
3961	Vagtlægehjælp 83, Urin Blod Mv V.Stix1	On-call GP service 83, Urine blood etc. v.stix1	low	Y
3962	Vagtlægehjælp 83, Urin Til Resistens 6	On-call GP service 83, Urine to resistens 6	high	
3963	Vagtlægehjælp 83, Urin v. stix       1	On-call GP service 83, Urine v. stix 1	high	
3964	Vagtlægehjælp 83, vejledning af svangre 2142	On-call GP service 83, Guidance of pregnant women 2142	high	
3965	Vagtlægehjælp 83, vejledning af svangre 2141	On-call GP service 83, Guidance of pregnant women 2141	high	
3966	Vagtlægehjælp 83, afstandstakst og 10km	On-call GP service 83, Afstandstakst and 10km	high	
3967	Vagtlægehjælp 83, besøg a42	On-call GP service 83, Visit a42	high	
3968	Vagtlægehjælp 83, fj. ørevoks	On-call GP service 83, Removal. earwax	low	Y
3969	Vagtlægehjælp 83, konsultation a42	On-call GP service 83, Consultation a42	high	
3970	Vagtlægehjælp 83, psyk med test	On-call GP service 83, Psyk with test	high	
3971	Vagtlægehjælp 83, telefon konsultation med besøg a42	On-call GP service 83, Telephone consultation with visit a42	high	
3972	Vagtlægehjælp 83, telefon konsultation uden besøg a42	On-call GP service 83, Telephone consultation without visit a42	high	
3973	Vagtlægehjælp 83, ukendt	On-call GP service 83, Ukendt	high	
3974	Vagtlægehjælp 83, ¤2-B035 Kilometer	On-call GP service 83, ¤2-b035 kilometer	high	
3975	Vagtlægehjælp 83, ¤2.A35Afstandstillæg	On-call GP service 83, ¤2.a35afstandstillæg	low	Y
3976	Vagtlægehjælp 83, ¤2A35Kons.h./besøg	On-call GP service 83, ¤2a35kons.h./visit	high	
3977	Kak vagtlægehjælp 84, Besøg   0481	KAK on-call GP 84, Visit 0481	high	
3978	Kak vagtlægehjælp 84, Blærekaterisation	KAK on-call GP 84, Bladder catheterisation	high	
3979	Kak vagtlægehjælp 84, Fjernelse af ørevoks	KAK on-call GP 84, Removal of earwax	high	
3980	Kak vagtlægehjælp 84, Konsultation	KAK on-call GP 84, Consultation	high	
3981	Kak vagtlægehjælp 84, Kørselsgodtgør.  i	KAK on-call GP 84, Mileage allowance. in	low	Y
3982	Kak vagtlægehjælp 84, Ligsyn med Dødsattest	KAK on-call GP 84, Death inspection with death certificate	high	
3983	Kak vagtlægehjælp 84, Paracent.-Trommehnd	KAK on-call GP 84, Paracent.-trommehnd	high	
3984	Kak vagtlægehjælp 84, telefon konsultation	KAK on-call GP 84, Telephone consultation	high	
3985	Kak vagtlægehjælp 84, Tlfkons. med Recept	KAK on-call GP 84, Tlfkons. with recept	low	Y
3986	Kak vagtlægehjælp 84, Urin Blod Mv V.Stix1	KAK on-call GP 84, Urine blood etc. v.stix1	low	Y
3987	Præhospital, (procedure not documented)	Pre-hospital, (procedure not documented)	low	
3988	Præhospital, 1. behandling Knoglebrud	Pre-hospital, 1. treatment knoglebrud	high	
3989	Præhospital, 1. behandling Større Sår	Pre-hospital, 1. treatment larger wound	high	
3990	Præhospital, 1. behan. brud	Pre-hospital, 1. behan. brud	low	Y
3991	Præhospital, Afst.takst ov. 10 km	Pre-hospital, Afst.takst ov. 10 km	low	Y
3992	Præhospital, Afstandstakst 21 km	Pre-hospital, Afstandstakst 21 km	high	
3993	Præhospital, Anlæg. af im.bandage	Pre-hospital, Placement. of im.bandage	low	Y
3994	Præhospital, B-glukose(fotometer)	Pre-hospital, B-glukose(fotometer)	high	
3995	Præhospital, behandling 2 sikring i samme hjem	Pre-hospital, Treatment 2 assurance in same home	high	
3996	Præhospital, Besøg i	Pre-hospital, Visit in	high	
3997	Præhospital, Besøg II	Pre-hospital, Visit ii	high	
3998	Præhospital, Besøg III	Pre-hospital, Visit iii	high	
3999	Præhospital, Besøg IV	Pre-hospital, Visit iv	low	Y
4000	Præhospital, Besøg På Ruten	Pre-hospital, Visit on ruten	high	
4001	Præhospital, Besøg V	Pre-hospital, Visit v	high	
4002	Præhospital, Besøg VI	Pre-hospital, Visit vi	high	
4003	Præhospital, Besøg i vagttiden	Pre-hospital, Visit in vagttiden	high	
4004	Præhospital, Blodtagning fra åre	Pre-hospital, Blodtagning from vein	low	Y
4005	Præhospital, Breds hon per tim A42	Pre-hospital, Breds hon per tim a42	high	
4006	Præhospital, Kørselsgodtgør. i	Pre-hospital, Mileage allowance. in	low	Y
4007	Præhospital, Ligsyn og dødsat.A42	Pre-hospital, Death inspection and dødsat.a42	low	Y
4008	Præhospital, Lægehjælp      2502	Pre-hospital, Medical care 2502	high	
4009	Præhospital, Lægehjælp 2201	Pre-hospital, Medical care 2201	high	
4010	Præhospital, Oplivningsforsøg	Pre-hospital, Resuscitation attempt	high	
4011	Præhospital, Psykisk førstehjælp	Pre-hospital, Psykisk førstehjælp	low	Y
4012	Præhospital, Repos. store led	Pre-hospital, Repos. store joint	low	Y
4013	Præhospital, St. udbr. læsioner	Pre-hospital, St. udbr. lesions	low	Y
4014	Præhospital, Tilkald	Pre-hospital, Tilkald	high	
4015	Præhospital, Tilkald A42	Pre-hospital, Tilkald a42	high	
4016	Præhospital, el.kardiogr. inkl. præcordialafl.	Pre-hospital, El.kardiogr. incl.. præcordialafl.	low	Y
4017	KFA-vagtordning 89, (ingen tekst tilgængelig)	KFA on-call service 89, (no text available)	high	
4018	KFA-vagtordning 89, 1. behandling Knoglebrud	KFA on-call service 89, 1. treatment knoglebrud	high	
4019	KFA-vagtordning 89, 1. behandling Større Sår	KFA on-call service 89, 1. treatment larger wound	high	
4020	KFA-vagtordning 89, Akutte Tilfælde Ef	KFA on-call service 89, Akutte case ef	low	Y
4021	KFA-vagtordning 89, Anlæg. af Im.Bandage	KFA on-call service 89, Placement. of im.bandage	low	Y
4022	KFA-vagtordning 89, B-hæmoglob.(fotom.)4	KFA on-call service 89, B-haemoglobin (photometric)4	high	
4023	KFA-vagtordning 89, behandling 2 sikring i samme hjem	KFA on-call service 89, Treatment 2 assurance in same home	high	
4024	KFA-vagtordning 89, Besøg	KFA on-call service 89, Visit	high	
4025	KFA-vagtordning 89, Blærekaterisation	KFA on-call service 89, Bladder catheterisation	high	
4026	KFA-vagtordning 89, fjernelse af Svulster	KFA on-call service 89, Removal of svulster	high	
4027	KFA-vagtordning 89, Fjernelse af ørevoks	KFA on-call service 89, Removal of earwax	high	
4028	KFA-vagtordning 89, Fremmedlegeme Hud Mv	KFA on-call service 89, Fremmedlegeme hud etc.	low	Y
4029	KFA-vagtordning 89, Fremmedlegeme øj. Mv	KFA on-call service 89, Fremmedlegeme øj. etc.	low	Y
4030	KFA-vagtordning 89, Konsultation	KFA on-call service 89, Consultation	high	
4031	KFA-vagtordning 89, Ligsyn med Dødsattest	KFA on-call service 89, Death inspection with death certificate	high	
4032	KFA-vagtordning 89, Lægehjælp      2502	KFA on-call service 89, Medical care 2502	high	
4033	KFA-vagtordning 89, Operation/betændelse	KFA on-call service 89, Operation/inflammation	high	
4034	KFA-vagtordning 89, Oplivningsforsøg	KFA on-call service 89, Resuscitation attempt	high	
4035	KFA-vagtordning 89, sikring uden adgang til lægepraksis	KFA on-call service 89, Assurance without access to medical practice	high	
4036	KFA-vagtordning 89, Sindslid. 1. Indlæg	KFA on-call service 89, Sindslid. 1. orthotic insole	low	Y
4037	KFA-vagtordning 89, Sindslid. Genindlæg	KFA on-call service 89, Sindslid. readmission	low	Y
4038	KFA-vagtordning 89, svangre reak,urinc. 4	KFA on-call service 89, Pregnant women reak,urinc. 4	low	Y
4039	KFA-vagtordning 89, Svælg-strept.antig.4	KFA on-call service 89, Throat streptococcus antigen4	high	
4040	KFA-vagtordning 89, Telf konsultation med  besøg	KFA on-call service 89, Telf consultation with visit	high	
4041	KFA-vagtordning 89, Telf konsultation uden besøg	KFA on-call service 89, Telf consultation without visit	high	
4042	KFA-vagtordning 89, Urin Blod Mv V.stix1	KFA on-call service 89, Urine blood etc. v.stix1	low	Y
4043	Kirurgi, (procedure not documented)	Surgery, (procedure not documented)	low	
4044	Kirurgi, 1. konsultation	Surgery, 1. consultation	high	
4045	Kirurgi, 1. konsultation med/operation Mv	Surgery, 1. consultation with/operation etc.	low	Y
4046	Kirurgi, 1. konsultation	Surgery, 1. consultation	high	
4047	Kirurgi, 1.Brokop.netprotese	Surgery, 1.brokop.netprotese	high	
4048	Kirurgi, 2. konsultation	Surgery, 2. consultation	high	
4049	Kirurgi, Afstandstillæg	Surgery, Distance supplement	high	
4050	Kirurgi, Amputat. Finger   1.	Surgery, Amputat. finger 1.	low	Y
4051	Kirurgi, Amputat. Finger følgende	Surgery, Amputat. finger subsequent	low	Y
4052	Kirurgi, Analoperat. 1. anæstesi	Surgery, Analoperat. 1. anaesthesia	low	Y
4053	Kirurgi, Analoperation. Fg anæstesi	Surgery, Analoperation. fg anaesthesia	low	Y
4054	Kirurgi, Analoperationer   1.	Surgery, Analoperationer 1.	high	
4055	Kirurgi, Analoperationer følgende	Surgery, Analoperationer subsequent	high	
4056	Kirurgi, Ano-rektal ultralyd	Surgery, Ano-rektal ultralyd	high	
4057	Kirurgi, Anoscopi	Surgery, Anoscopi	high	
4058	Kirurgi, Atemporalis biopsi	Surgery, Atemporalis biopsy	high	
4059	Kirurgi, Behandl. Brud 1.	Surgery, Behandl. brud 1.	low	Y
4060	Kirurgi, Besøg	Surgery, Visit	high	
4061	Kirurgi, Biopsi	Surgery, Biopsy	high	
4062	Kirurgi, Blodpr. Exp        1	Surgery, Blodpr. exp 1	low	Y
4063	Kirurgi, Bougiebeh. Uret 1 anæstesi	Surgery, Bougiebeh. uret 1 anaesthesia	low	Y
4064	Kirurgi, Bougiebeh. Ureth. 1.	Surgery, Bougiebeh. ureth. 1.	low	Y
4065	Kirurgi, Bougiebeh. Ureth følgende	Surgery, Bougiebeh. ureth subsequent	low	Y
4066	Kirurgi, Brokoperaton protese	Surgery, Brokoperaton protese	high	
4067	Kirurgi, Bronchoscopi	Surgery, Bronchoscopi	high	
4068	Kirurgi, CLO-test kbh.kommune	Surgery, Clo-test kbh.kommune	high	
4069	Kirurgi, CW-dopler A15	Surgery, Cw-dopler a15	high	
4070	Kirurgi, Cystometri	Surgery, Cystometri	high	
4071	Kirurgi, Cystoscopi	Surgery, Cystoscopi	high	
4072	Kirurgi, Dopplerundersøgelse	Surgery, Dopplerundersøgelse	low	Y
4073	Kirurgi, Dopplerus. af vener	Surgery, Dopplerus. of vener	low	Y
4074	Kirurgi, Du-Sc af årekpat.A25	Surgery, Du-sc of årekpat.a25	low	Y
4075	Kirurgi, Duplex-Scanner A15	Surgery, Duplex-scanner a15	high	
4076	Kirurgi, Duplexscan. af vener	Surgery, Duplexscan. of vener	low	Y
4077	Kirurgi, Duplexscanning	Surgery, Duplexscanning	low	Y
4078	Kirurgi, E-mail konsultation	Surgery, E-mail consultation	high	
4079	Kirurgi, F-blod	Surgery, F-blood	high	
4080	Kirurgi, Fj. Svulst Bry. 1 anæstesi	Surgery, Removal. svulst bry. 1 anaesthesia	low	Y
4081	Kirurgi, Fj. Svulst Bryst  1.	Surgery, Removal. svulst bryst 1.	low	Y
4082	Kirurgi, Fj. Svulst Bryst følgende	Surgery, Removal. svulst bryst subsequent	low	Y
4083	Kirurgi, Fj. byld på haleben	Surgery, Removal. byld on haleben	low	Y
4084	Kirurgi, Fj. polyp, rectum	Surgery, Removal. polyp, rectum	low	Y
4085	Kirurgi, Fj.Svulst Bry. Fg anæstesi	Surgery, Removal.svulst bry. fg anaesthesia	low	Y
4086	Kirurgi, Fj.polyp, colon	Surgery, Removal.polyp, colon	high	
4087	Kirurgi, Fj.polyp, rectum	Surgery, Removal.polyp, rectum	high	
4088	Kirurgi, Fj.slimsæk på albue	Surgery, Removal.slimsæk on albue	low	Y
4089	Kirurgi, Fjer. Svulst H. 1 anæstesi	Surgery, Fjer. svulst h. 1 anaesthesia	low	Y
4090	Kirurgi, Fjer.Svulst H. Fg anæstesi	Surgery, Fjer.svulst h. fg anaesthesia	low	Y
4091	Kirurgi, fjernelse Negl       1.	Surgery, Removal negl 1.	high	
4092	Kirurgi, fjernelse Negl     følgende	Surgery, Removal negl subsequent	high	
4093	Kirurgi, fjernelse Negleleje  1.	Surgery, Removal negleleje 1.	high	
4094	Kirurgi, fjernelse Negleleje følgende	Surgery, Removal negleleje subsequent	high	
4095	Kirurgi, fjernelse Svulst H. følgende	Surgery, Removal svulst h. subsequent	high	
4096	Kirurgi, fjernelse Svulst Hud 1.	Surgery, Removal svulst hud 1.	high	
4097	Kirurgi, fleksibel cystoskopi til med	Surgery, Flexible cystoscopy to with	high	
4098	Kirurgi, Gastroscopi, amt 20	Surgery, Gastroscopi, amt 20	high	
4099	Kirurgi, Gipsbandager	Surgery, Gipsbandager	high	
4100	Kirurgi, Hæmor. Ligatur Fg anæstesi	Surgery, Hæmor. ligatur fg anaesthesia	low	Y
4101	Kirurgi, Hæmorr. Ligatur 1 anæstesi	Surgery, Haemorrhoids. ligatur 1 anaesthesia	low	Y
4102	Kirurgi, Hæmorr. Ligaturb. 1.	Surgery, Haemorrhoids. ligaturb. 1.	low	Y
4103	Kirurgi, Hæmorr. Ligaturb følgende	Surgery, Haemorrhoids. ligaturb subsequent	low	Y
4104	Kirurgi, Incis. Absces Fg. anæstesi	Surgery, Incis. absces fg. anaesthesia	low	Y
4105	Kirurgi, Incis. Cyste følgende anæstesi	Surgery, Incis. cyste subsequent anaesthesia	low	Y
4106	Kirurgi, Incision Absces   1.	Surgery, Incision absces 1.	high	
4107	Kirurgi, Incision Absces 1 anæstesi	Surgery, Incision absces 1 anaesthesia	high	
4108	Kirurgi, Incision Absces følgende	Surgery, Incision absces subsequent	high	
4109	Kirurgi, Incision Cyste    1.	Surgery, Incision cyste 1.	high	
4110	Kirurgi, Incision Cyste  følgende	Surgery, Incision cyste subsequent	high	
4111	Kirurgi, Incision Cyste 1. anæstesi	Surgery, Incision cyste 1. anaesthesia	high	
4112	Kirurgi, Indgreb Livmoder. 1.	Surgery, Indgreb livmoder. 1.	low	Y
4113	Kirurgi, Injekt. Hæmor. Fg anæstesi	Surgery, Injection. hæmor. fg anaesthesia	low	Y
4114	Kirurgi, Injekt. Hæmorr.   1.	Surgery, Injection. haemorrhoids. 1.	low	Y
4115	Kirurgi, Injekt. Hæmorr. 1 anæstesi	Surgery, Injection. haemorrhoids. 1 anaesthesia	low	Y
4116	Kirurgi, Injekt. Hæmorr. følgende	Surgery, Injection. haemorrhoids. subsequent	low	Y
4117	Kirurgi, Injekt. åre 1 konsultation	Surgery, Injection. vein 1 consultation	low	Y
4118	Kirurgi, Injekt. åre Sen konsultation	Surgery, Injection. vein sen consultation	low	Y
4119	Kirurgi, Kolposcopi	Surgery, Kolposcopi	high	
4120	Kirurgi, Komplicerede varicer	Surgery, Komplicerede varicer	high	
4121	Kirurgi, kontrol fleksibel cystoskopi til med	Surgery, Follow-up flexible cystoscopy to with	high	
4122	Kirurgi, Kontrol Anoscopi	Surgery, Follow-up anoscopi	high	
4123	Kirurgi, Kontrol Cystoscopi	Surgery, Follow-up cystoscopi	high	
4124	Kirurgi, Kontrol Oes Gas Duo	Surgery, Follow-up oes gas duo	high	
4125	Kirurgi, Kontrol Rectoscopi	Surgery, Follow-up rectoscopi	high	
4126	Kirurgi, Kontrol Sigmoi/ Col.	Surgery, Follow-up sigmoi/ col.	low	Y
4127	Kirurgi, Oeso. Gast.     Duo.	Surgery, Oeso. gast. duo.	low	Y
4128	Kirurgi, operation Bullen Fing. følgende	Surgery, Operation bullen fing. subsequent	low	Y
4129	Kirurgi, operation Bullen Fing 1 anæstesi	Surgery, Operation bullen fing 1 anaesthesia	high	
4130	Kirurgi, operation Kon. Håndf. 1 anæstesi	Surgery, Operation kon. håndf. 1 anaesthesia	low	Y
4131	Kirurgi, operation kontrol Håndfl. 1.	Surgery, Operation follow-up palm. 1.	low	Y
4132	Kirurgi, operation Lyskebrok 1. anæstesi	Surgery, Operation lyskebrok 1. anaesthesia	high	
4133	Kirurgi, operation Lyskebrok Fg. anæstesi	Surgery, Operation lyskebrok fg. anaesthesia	low	Y
4134	Kirurgi, operation Lyskebrok med V 1	Surgery, Operation lyskebrok with v 1	high	
4135	Kirurgi, operation Lyskebrok med V Fg	Surgery, Operation lyskebrok with v fg	low	Y
4136	Kirurgi, operation årekn ex lysk.ve	Surgery, Operation varicose veins ex lysk.ve	high	
4137	Kirurgi, operation årekn ex lysk hø	Surgery, Operation varicose veins ex lysk hø	low	Y
4138	Kirurgi, operation årekn ex lysk ve	Surgery, Operation varicose veins ex lysk ve	high	
4139	Kirurgi, operation årekn i lysk.hø.b	Surgery, Operation varicose veins in lysk.hø.b	low	Y
4140	Kirurgi, operation årekn i lysk.ve.b	Surgery, Operation varicose veins in lysk.ve.b	high	
4141	Kirurgi, operation Forhudsfor. følgende	Surgery, Operation forhudsfor. subsequent	low	Y
4142	Kirurgi, operation Knyst        1.	Surgery, Operation knyst 1.	high	
4143	Kirurgi, operation Knyst     følgende	Surgery, Operation knyst subsequent	high	
4144	Kirurgi, operation Knyst 1. anæstesi	Surgery, Operation knyst 1. anaesthesia	high	
4145	Kirurgi, operation Seneknude  følgende	Surgery, Operation seneknude subsequent	high	
4146	Kirurgi, operation Seneknude 1. anæstesi	Surgery, Operation seneknude 1. anaesthesia	high	
4147	Kirurgi, operation Seneknude Fg anæstesi	Surgery, Operation seneknude fg anaesthesia	low	Y
4148	Kirurgi, operation Springf. 1. anæstesi	Surgery, Operation springf. 1. anaesthesia	low	Y
4149	Kirurgi, operation Springfinger 1.	Surgery, Operation springfinger 1.	low	Y
4150	Kirurgi, operation åre. Lyske 1 anæstesi	Surgery, Operation vein. groin 1 anaesthesia	low	Y
4151	Kirurgi, operation årekn. Lyske 1.	Surgery, Operation varicose veins. groin 1.	low	Y
4152	Kirurgi, operation årekn. Lyske Fg	Surgery, Operation varicose veins. groin fg	low	Y
4153	Kirurgi, Oper. Bullen Fing.1.	Surgery, Operation. bullen fing.1.	low	Y
4154	Kirurgi, Oper. Forhudsf. 1 anæstesi	Surgery, Operation. forhudsf. 1 anaesthesia	low	Y
4155	Kirurgi, Oper. Forhudsfors.1.	Surgery, Operation. forhudsfors.1.	low	Y
4156	Kirurgi, Oper. Seneknude   1.	Surgery, Operation. seneknude 1.	low	Y
4157	Kirurgi, Oper. Springf. følgende	Surgery, Operation. springf. subsequent	low	Y
4158	Kirurgi, operation Hammertå  1.	Surgery, Operation hammer toe 1.	high	
4159	Kirurgi, operation Hammertå følgende	Surgery, Operation hammer toe subsequent	high	
4160	Kirurgi, operation åreknud. følgende	Surgery, Operation varicose veins. subsequent	low	Y
4161	Kirurgi, operation åreknuder 1.	Surgery, Operation varicose veins 1.	high	
4162	Kirurgi, Opr. brystudvikling	Surgery, Opr. brystudvikling	low	Y
4163	Kirurgi, Opr. lyskebrok amt35	Surgery, Opr. lyskebrok amt35	low	Y
4164	Kirurgi, Opr.vandbrok, testes	Surgery, Opr.vandbrok, testes	high	
4165	Kirurgi, Oscillometri *2 Ex*6	Surgery, Oscillometri *2 ex*6	low	Y
4166	Kirurgi, Plast. Oper. følgende anæstesi	Surgery, Plast. operation. subsequent anaesthesia	low	Y
4167	Kirurgi, Plast. operation    1.	Surgery, Plast. operation 1.	low	Y
4168	Kirurgi, Plast. operation  følgende	Surgery, Plast. operation subsequent	low	Y
4169	Kirurgi, Plast. operation 1. anæstesi	Surgery, Plast. operation 1. anaesthesia	low	Y
4170	Kirurgi, Pt-Ekg  3 Ext.Afl. 6	Surgery, Pt-ECG 3 ext.afl. 6	high	
4171	Kirurgi, Pulsoxymetri	Surgery, Pulsoxymetri	high	
4172	Kirurgi, Rectoscopi	Surgery, Rectoscopi	high	
4173	Kirurgi, Rens.småsår.2konsul.	Surgery, Rens.minor wounds.2konsul.	high	
4174	Kirurgi, Rensning Småsår   1.	Surgery, Rensning minor wounds 1.	low	Y
4175	Kirurgi, Rensning Småsår følgende	Surgery, Rensning minor wounds subsequent	low	Y
4176	Kirurgi, Residualurin,ultraly	Surgery, Residualurin,ultraly	high	
4177	Kirurgi, Revision Sår      1.	Surgery, Revision wound 1.	high	
4178	Kirurgi, Revision Sår   følgende	Surgery, Revision wound subsequent	high	
4179	Kirurgi, Revision Sår 1.  anæstesi	Surgery, Revision wound 1. anaesthesia	high	
4180	Kirurgi, Revision Sår Fg. anæstesi	Surgery, Revision wound fg. anaesthesia	low	Y
4181	Kirurgi, Ritu. omskær.  2 A13	Surgery, Ritu. omskær. 2 a13	low	Y
4182	Kirurgi, Sekret-Gonokok*exp*1	Surgery, Sekret-gonokok*exp*1	low	Y
4183	Kirurgi, Sekt-Trichomon.Vag.2	Surgery, Sekt-trichomon.vag.2	high	
4184	Kirurgi, Senere konsultation	Surgery, Later consultation	high	
4185	Kirurgi, Senere konsultation	Surgery, Later consultation	high	
4186	Kirurgi, Sigmoideo./ Colosco.	Surgery, Sigmoideo./ colosco.	low	Y
4187	Kirurgi, Sigmoscopi, amt 20	Surgery, Sigmoscopi, amt 20	high	
4188	Kirurgi, Sperma-Us         15	Surgery, Sperma-us 15	high	
4189	Kirurgi, Sterilisat. af mand	Surgery, Sterilisat. of mand	low	Y
4190	Kirurgi, Tapn. Vandbrok 1. anæstesi	Surgery, Tapn. vandbrok 1. anaesthesia	low	Y
4191	Kirurgi, Tapn. i led     følgende	Surgery, Tapn. in joint subsequent	low	Y
4192	Kirurgi, Tapn. i led 1. anæstesi	Surgery, Tapn. in joint 1. anaesthesia	low	Y
4193	Kirurgi, Tapning Vandbrok  1.	Surgery, Tapning vandbrok 1.	low	Y
4194	Kirurgi, Tapning Vandbrok følgende	Surgery, Tapning vandbrok subsequent	low	Y
4195	Kirurgi, Tapning i led     1.	Surgery, Tapning in joint 1.	low	Y
4196	Kirurgi, Tapning i led følgende anæstesi	Surgery, Tapning in joint subsequent anaesthesia	low	Y
4197	Kirurgi, telefon konsultation	Surgery, Telephone consultation	high	
4198	Kirurgi, telefon rådg prakt læge	Surgery, Telephone rådg prakt doctor	low	Y
4199	Kirurgi, Tolk ifm. konsultation  3	Surgery, Interpreter in connection with. consultation 3	low	Y
4200	Kirurgi, Total koloskopi	Surgery, Total koloskopi	high	
4201	Kirurgi, Trucut biopsi	Surgery, Trucut biopsy	high	
4202	Kirurgi, Tryk-flow undersøg.	Surgery, Tryk-flow examination.	low	Y
4203	Kirurgi, U-Bakt.*dyrk Rest*12	Surgery, U-bakt.*dyrk rest*12	low	Y
4204	Kirurgi, U-Hb-Glu-Me-Pr Stix1	Surgery, U-hb-glu-me-pr stix1	high	
4205	Kirurgi, U-Hemoglobin       1	Surgery, U-hemoglobin 1	high	
4206	Kirurgi, U-Mikroskopi       3	Surgery, U-microscopy 3	high	
4207	Kirurgi, Ultra.scan.galdeveje	Surgery, Ultra.scan.galdeveje	high	
4208	Kirurgi, Ultralyd.sc.øv.abdom	Surgery, Ultralyd.sc.øv.abdom	low	Y
4209	Kirurgi, Ultralydsscanning	Surgery, Ultralydsscanning	low	Y
4210	Kirurgi, Urinprøvetag Steril4	Surgery, Urine sampling steril4	high	
4211	Kirurgi, Uroflowmetri	Surgery, Uroflowmetri	high	
4212	Kirurgi, Zinklim- & Plastbind	Surgery, Zinklim- & plastbind	high	
4213	Kirurgi, Zinklim-og plas.bind	Surgery, Zinklim-and plas.bind	high	
4214	Kirurgi, a.temp.biopsi 1 anæstesi	Surgery, A.temp.biopsy 1 anaesthesia	high	
4215	Kirurgi, aspirationscytologi	Surgery, Aspirationscytologi	high	
4216	Kirurgi, blokadebehandling	Surgery, Blokadebehandling	high	
4217	Kirurgi, fj. polyp. colon	Surgery, Removal. polyp. colon	low	Y
4218	Kirurgi, fj af polyp rect.1an	Surgery, Removal of polyp rect.1an	high	
4219	Kirurgi, fj.polyp,colon 1 anæstesi	Surgery, Removal.polyp,colon 1 anaesthesia	high	
4220	Kirurgi, fj.slimsæk albue1 anæstesi	Surgery, Removal.slimsæk albue1 anaesthesia	low	Y
4221	Kirurgi, konsultation amt 35	Surgery, Consultation amt 35	high	
4222	Kirurgi, opr brystudvikl 1 anæstesi	Surgery, Opr brystudvikl 1 anaesthesia	high	
4223	Kirurgi, opr.kort forh.streng	Surgery, Opr.kort forh.streng	high	
4224	Kirurgi, sigmo. a35	Surgery, Sigmo. a35	low	Y
4225	Kirurgi, sigmoideosk.ell.colo	Surgery, Sigmoideosk.ell.colo	high	
4226	Kirurgi, tillæg for tolk	Surgery, Supplement for interpreter	high	
4227	Kirurgi, tolkebistand	Surgery, Interpreter assistance	high	
4228	Kirurgi, ukendt	Surgery, Ukendt	high	
4229	Kirurgi, ¤3 aftale Viborg Amt	Surgery, ¤3 aftale viborg amt	high	
4230	Tolkebistand, (procedure not documented)	Interpreter service, (procedure not documented)	low	
4231	Tolkebistand, Ingen tekst tilgængelig	Interpreter service, No text available	high	
4232	Tolkebistand, Tolkebistand	Interpreter service, Interpreter assistance	high	
