code,title,level
0000,Afbrudt,3
0001,Ingen uddannelse ivu,3
0002,Ikke igang,3
0141,Formidl.-erhvervsspr. una - udvekslingstud. (kort vidg.),3
0144,Samfundsfaglig una - udvekslingstud. (kort vidg.),3
0145,Teknisk una - udvekslingstud. (kort vidg.),3
0146,Levnedsm./husholdn. una - udvekslingstud. (kort vidg.),3
0148,Transport mv.una - udvekslingstud. (kort vidg.),3
0150,Pædagogisk una - udvekslingstud. (ml.lang vidg.),3
0151,Formidl.-erhvervsspr. una- udvekslingstud. (ml.lang vidg.),3
0152,Kunstnerisk una - udvekslingstud. (ml.lang vidg.),3
0153,Naturvidenskabuna - udvekslingstud. (ml.lang vidg.),3
0154,Samfundsvidensk.una - udvekslingstud. (ml.lang vidg.),3
0155,Teknisk una - udvekslingstud. (ml.lang vidg.),3
0156,Levnedsm./ernæring una - udvekslingstud. (ml.lang vidg.),3
0159,Sundhed una - udvekslingstud. (ml.lang vidg.),3
0161,Humanistisk una - udvekslingstud. (bachelor),3
0162,Kunstnerisk una - udvekslingstud. (bachelor),3
0163,Naturvidenskab una - udvekslingstud. (bachelor),3
0164,Samfundsvidenskab una - udvekslingstud. (bachelor),3
0165,Teknisk una- udvekslingstud. (bachelor),3
0167,Jordbrugsvidenskab una - udvekslingstud. (bachelor),3
0170,Pædagogisk una - udvekslingstud.(lang vidg.),3
0171,Humanistisk-teologisk una - udvekslingstud. (lang vidg.),3
0172,Kunstnerisk una - udvekslingstud. (lang vidg.),3
0173,Naturvidenskab una- udvekslingstud. (lang vidg.),3
0174,Samfundsvidenskab una - udvekslingstud. (lang vidg.),3
0175,Teknisk una - udvekslingstud. (lang vidg.),3
0176,Levnedsm./ernæring una - udvekslingstud. (lang vidg.),3
0177,Jordbrugsvidenskab una - udvekslingstud. (lang vidg.),3
0179,Sundhed una - udvekslingstud. (lang vidg.),3
0200,1-6 år ivu,3
0205,7-8 år ivu,3
0210,9-10 år ivu,3
0215,"Studentereksamen mv., ivu",3
0220,"Pædagogik, ivu (amu)",3
0239,"Handel/kontor, ivu (amu)",3
0253,"Bygge/anlæg, ivu (amu)",3
0254,"Jern/metal, ivu (amu)",3
0255,"Grafisk, ivu (amu)",3
0258,"Teknik/industri i øvrigt, ivu (amu)",3
0260,"Service, ivu (amu)",3
0275,"Levnedsmiddel/husholdning, ivu (amu)",3
0280,"Jordbrug/fiskeri, ivu (amu)",3
0285,"Transport mv., ivu (amu)",3
0290,"Social/sundhed, ivu (amu)",3
0299,AMU una,3
0300,"Erhvervsfaglige uddannelse una, ivu",3
0320,"Pædagogik, ivu (eud)",3
0339,"Handel/kontor, ivu (eud)",3
0353,"Bygge/anlæg, ivu (eud)",3
0354,"Jern/metal, ivu (eud)",3
0355,"Grafisk, ivu (eud)",3
0358,"Teknik/industri i øvrigt, ivu (eud)",3
0360,"Service, ivu (eud)",3
0375,"Levnedsmiddel/husholdning, ivu (eud)",3
0380,"Jordbrug/fiskeri, ivu (eud)",3
0385,"Transport mv., ivu (eud)",3
0390,"Social/sundhed, ivu (eud)",3
0400,"Kort videregående uddannelse una, ivu (KVU)",3
0425,"Formidling/erhvervssprog, ivu (kvu)",3
0430,"Kunstnerisk, ivu (kvu)",3
0439,"Samfundsfaglig, ivu (kvu)",3
0459,"Teknisk, ivu (kvu)",3
0475,"Levnedsmiddel/husholdning, ivu (kvu)",3
0480,"Jordbrug/fiskeri, ivu (kvu)",3
0485,"Transport mv., ivu (kvu)",3
0490,"Social/sundhed, ivu (kvu)",3
0495,"Forsvar/politi, ivu (kvu)",3
0500,"Mellemlang videregående uddannelse una, ivu(MVU)",3
0520,"Pædagogik, ivu (mvu)",3
0525,"Formidling/erhvervssprog, ivu (mvu)",3
0530,"Kunstnerisk, ivu (mvu)",3
0539,Samfundsvidenskab ivu (mvu),3
0545,"Naturvidenskab, ivu (mvu)",3
0559,"Teknisk, ivu (mvu)",3
0575,"Levnedsmiddel/husholdning, ivu (mvu)",3
0580,"Jordbrug/fiskeri, ivu (mvu)",3
0585,"Transport mv., ivu (mvu)",3
0590,"Social/sundhed, ivu (mvu)",3
0595,"Forsvar, ivu (mvu)",3
0600,"Kandidat una, ivu (lvu)",3
0620,"Pædagogik, ivu (lvu)",3
0625,"Humanistisk/teologisk, ivu (lvu)",3
0630,"Kunstnerisk, ivu (lvu)",3
0639,"Samfundsvidenskab, ivu (lvu)",3
0645,"Naturvidenskab, ivu (lvu)",3
0659,"Teknisk, ivu (lvu)",3
0675,"Levnedsmiddel/husholdning, ivu (lvu)",3
0680,"Jordbrugsvidenskab, ivu (lvu)",3
0690,"Social/sundhed, ivu (lvu)",3
0695,"Forsvar, ivu (lvu)",3
0700,"Bachelor una, ivu (bachelor)",3
0702,"Humanistisk/teologisk, ivu (bachelor)",3
0703,"Kunstnerisk, ivu (bachelor)",3
0704,"Naturvidenskab, ivu (bachelor)",3
0705,"Samfundsvidenskab, ivu (bachelor)",3
0706,"Teknisk, ivu (bachelor)",3
0707,"Levnedsmiddel/ernærring, ivu (bachelor)",3
0708,"Jordbrugsvidenskab, ivu (bachelor)",3
0709,"Sundhed, ivu (bachelor)",3
0720,"Ph.d. una, ivu (ph.d.)",3
0721,"Pædagogisk, ivu (ph.d.)",3
0722,"Humanistisk/teologisk, ivu (ph.d.)",3
0723,"Kunstnerisk, ivu (ph.d.)",3
0724,"Naturvidenskab, ivu (ph.d.)",3
0725,"Samfundsvidenskab, ivu (ph.d.)",3
0726,"Teknisk, ivu (ph.d.)",3
0728,"Jordbrugsvidenskab, ivu (ph.d.)",3
0729,"Sundhed, ivu (ph.d.)",3
0800,Forfatteruddannelsen (privat udd.),3
0802,Musicalperformer (privat udd.),3
0803,Billedkunst (privat udd.),3
0805,Kirkesanger (privat udd.),3
0806,Præliminær organistuddannelse 2 år (privat udd.),3
0807,Præliminær organistuddannelse 1 år (privat udd.),3
0810,Holistisk afspændingspædagog (privat udd.),3
0811,Bevægelsespædagog (privat udd.),3
0812,Faglærer i idræt (privat udd.),3
0815,Pædagog (Rudolf Steiner) (privat udd.),3
0816,Børnehave- fritidspædagog (Rudolf Steiner) (privat udd.),3
0820,Trafikflyver (privat udd.),3
0825,Beklædningsdesigner-modelkonstruktør (privat udd.),3
0835,Danish addiction counselor (privat udd.),3
0840,Kaospilot Education,3
0845,3D Digital Artist (privat udd.),3
0850,Kosmetolog (privat udd.),3
0990,"Pædagogik, supplement efter kandidatuddannelse",3
1006,6. klasse,3
1007,7. klasse,3
1008,8. klasse,3
1009,9. klasse,3
1010,10. klasse,3
1011,11. klasse,3
1021,1. real,3
1022,2. real,3
1023,3. real,3
1031,1. hf,3
1032,2. hf,3
1040,"1.g, matematisk-sproglig fælleslinie",3
1041,"1.g, matematisk linie",3
1042,"1.g, sproglig linie",3
1049,"2.g, matematisk-sproglig fælleslinie",3
1051,"2.g, matematisk-fysisk linie",3
1052,"2.g, matematisk-naturfaglig linie",3
1061,"2.g, nysproglig linie",3
1062,"2.g, klassisksproglig linie",3
1064,"2.g, musiksproglig linie",3
1069,"3.g, matematisk-sproglig fælleslinie",3
1070,"3.g, matematisk linie una",3
1071,"3.g, matematisk-fysisk linie",3
1072,"3.g, matematisk-naturfaglig linie",3
1073,"3.g, matematisk-samfundsfaglig linie",3
1080,"3.g, sproglig linie una",3
1081,"3.g, nysproglig linie",3
1082,"3.g, klassisksproglig linie",3
1083,"3.g, musiksproglig linie",3
1084,"3.g, musiksproglig linie",3
1090,Uoplyst (kendt i elevregistret),3
1095,Uoplyst (indvandrernes uddannelse),3
1097,Anden dansk studentereksamen,3
1098,Udenlandsk studentereksamen,3
1099,Uoplyst (ukendt i elevregistret),3
1100,Børnehaveklasse,3
1101,1. klasse,3
1102,2. klasse,3
1103,3. klasse,3
1104,4. klasse,3
1105,5. klasse,3
1106,6. klasse,3
1107,7. klasse,3
1108,8. klasse,3
1109,9. klasse,3
1110,10. klasse,3
1111,11. klasse,3
1120,Børnehaveklasse,3
1121,1. real,3
1122,2. real,3
1123,3. real,3
1140,"1.g, matematisk-sproglig fælleslinie",3
1141,"1.g, matematisk linie",3
1142,"1.g, sproglig linie",3
1143,"2.g, matematisk linie",3
1144,"2.g, sproglig linie",3
1145,"3.g, matematisk linie",3
1146,"3.g, sproglig linie",3
1149,"2.g, matematisk-sproglig fælleslinie",3
1151,"2.g, matematisk-fysisk linie",3
1152,"2.g, matematisk-naturfaglig linie",3
1153,"2.g, matematisk-samfundsfaglig linie",3
1154,"2.g, matematisk-musisk linie",3
1155,"2.g, matematisk forsøgslinie",3
1161,"2.g, nysproglig linie",3
1162,"2.g, klassisksproglig linie",3
1163,"2.g, samfundssproglig linie",3
1164,"2.g, musiksproglig linie",3
1165,"2.g, sproglig forsøgslinie",3
1169,"3.g, matematisk-sproglig fælleslinie",3
1171,"3.g, matematisk-fysisk linie",3
1172,"3.g, matematisk-naturfaglig linie",3
1173,"3.g, matematisk-samfundsfaglig linie",3
1174,"3.g, matematisk-musisk linie",3
1175,"3.g, matematisk forsøgslinie",3
1179,Matematisk gymnasium,3
1181,"3.g, nysproglig linie",3
1182,"3.g, klassisksproglig linie",3
1183,"3.g, samfundssproglig linie",3
1184,"3.g, musiksproglig linie",3
1185,"3.g, sproglig forsøgslinie",3
1189,Sproglig gymnasium,3
1190,Gymnasial indslusning for flygtninge GIF,3
1195,Gymnasial suppleringskursus GSK,3
1196,1.g,3
1197,2.g,3
1198,3.g,3
1199,Stx,3
1206,6. klasse,3
1207,7. klasse,3
1208,8. klasse,3
1209,9. klasse,3
1210,10. klasse,3
1301,Dansk 1,3
1302,Dansk 2,3
1303,"Dansk 3, almenprøve 2",3
1304,"Dansk 3, studieprøven",3
1305,Dansk uoplyst,3
1351,"Erhvervsintroduktion, kurser for unge",3
1352,"Erhvervsintroduktion, langtidsledige",3
1353,"Erhvervsintroduktion, kurser for kvinder",3
1354,"Erhvervsintroduktion, eifu/eifl-kurser",3
1355,"Erhvervsintroduktion, erhv.dk indvandrere",3
1356,"Erhvervsintroduktion, kurser for 10.kl.",3
1357,"Erhvervsintroduktion, specialklasser",3
1359,"Erhvervsintroduktion, inspirationskurser",3
1365,"Kreativ basis, grafisk åben uddannelse (GÅU)",3
1410,1-årigt grundskolekursus,3
1423,1-årigt realkursus,3
1509,"1. år, grundsskolekursus 2-årigt",3
1510,"2. år, grundsskolekursus 2-årigt",3
1511,Supplerende overbygningsforløb (SOF),3
1522,"1. år, realkursus 2-årigt",3
1523,"2. år, realkursus 2-årigt",3
1531,1. hf,3
1532,2. hf,3
1533,3. hf.,3
1535,1. hf (3-årig),3
1536,2. hf (3-årig),3
1537,3. hf,3
1539,Hf,3
1540,3-årig hf,3
1541,1. hf,3
1542,2. hf,3
1543,2-årig hf,3
1549,HF-enkeltfag,3
1551,"1. år, studenterkursus matematik-fysik",3
1552,"1. år, studenterkursus matematik-naturfag",3
1553,"1. år, studenterkursus matematik-samfundsfag",3
1555,"1. år, studenterkursus matematik-forsøg",3
1559,"1. år, studenterkursus matematik",3
1561,"1. år, studenterkursus nysproglig",3
1562,"1. år, studenterkursus klassisksproglig",3
1563,"1. år, studenterkursus samfundsfag-sproglig",3
1565,"1. år, studenterkursus sproglig-forsøg",3
1569,"1. år, studenterkursus sproglig",3
1650,"1. år, studenterkursus",3
1651,"2. år, studenterkursus",3
1652,Studenterkursus,3
1671,"2. år, studenterkursus matematik-fysik",3
1672,"2. år, studenterkursus matematik-naturfag",3
1673,"2. år, studenterkursus matematik-samfundsfag",3
1679,"2. år, studenterkursus matematik",3
1681,"2. år, studenterkursus nysproglig",3
1682,"2. år, studenterkursus klassisksproglig",3
1683,"2. år, studenterkursus samfundsfag-sproglig",3
1689,"2. år, studenterkursus sproglig",3
1721,"1. år, realkursus 3-årigt",3
1722,"2. år, realkursus 3-årigt",3
1723,"3. år, realkursus 3-årigt",3
1879,Matematisk studenterkursus,3
1881,"1. år, EB",3
1882,"2. år, EB",3
1883,"3. år, EB",3
1889,Sproglig studenterkursus,3
1891,"1.g, pre-IB",3
1892,"2.g, IB år 1",3
1893,"3.g, IB år 2",3
1896,"1. år, anden international studentereksamen",3
1897,"2. år, anden international studentereksamen",3
1898,"3. år, anden international studentereksamen",3
1899,International studentereksamen,3
1901,Produktionsskole,3
1983,"Dagpleje mv., førskoleuddannelse",3
1984,"Vuggestue mv., førskoleuddannelse",3
1985,"Børnehave mv., førskoleuddannelse",3
2003,"Skibskok, grundkursus",3
2005,Ubefaren skibsassistent,3
2007,"Befaren matros, afslutningskursus",3
2008,Befaren skibsassistent,3
2009,"Befaren motormand, afslutningskursus",3
2010,"Skibskok, afslutningskursus",3
2015,Kystskipper,3
2016,Kystskipper og fiskeskipper af 3.grad,3
2017,Sætteskipper og fiskeskipper af 1.grad,3
2018,Erhvervsfisker,3
2019,Færgenavigatør,3
2021,Sætteskipper,3
2022,Fiskeskipper af 3.grad,3
2027,Fiskeskipper af 1.grad,3
2028,Maritimt forberedelseskursus,3
2029,"Juniorofficer, 1.teoridel",3
2401,Efterskole una,3
2411,"Husholdningskursus, alment",3
2413,Køkkenleder 1,3
2414,Husholdningstekniker,3
2415,"Husholdningsskole, efteruddannelseskursus",3
2417,"Husholdningsskole, andre kurser",3
2419,Køkkenleder 2,3
2421,Håndarbejdskursus,3
2425,Særlig tilrettelagt ungdomsuddannelse (STU),3
2428,Daghøjskoler,3
2431,"Ungdomshøjskolekursus, alment",3
2432,"Ungdomshøjskolekursus, andre",3
2441,"Folkehøjskolekursus, alment",3
2442,"Folkehøjskolekursus, særlig gymnastik-/idrætskursus",3
2443,"Folkehøjskolekursus, håndarbejde og sløjd",3
2444,"Folkehøjskolekursus, forkursus sygepleje",3
2445,"Folkehøjskolekursus, særlig tilrettelagt for handicappede",3
2446,"Folkehøjskolekursus, pensionister",3
2447,"Folkehøjskolekursus, andre",3
2459,Landmand faglært modul 1a,3
2460,Landmand faglært modul 1b,3
2461,"Driftlederkursus, udvidet 5 mdr.",3
2462,"Landmand, efteruddannelse",3
2463,"Landbrugstekniker, regnskab",3
2464,"Landbrugstekniker, biologi",3
2465,"Landbrugstekniker, husdyrbrug",3
2466,"Landbrugstekniker, maskiner",3
2467,"Landbrugstekniker, planteavl",3
2468,"Landbrugstekniker, landbrug diplomuddannelse",3
2469,"Inseminør, kvæg",3
2470,Produktionsassistent landbrug,3
2471,"Landbrugslærer, efteruddannelse",3
2472,Tf-landbrugsteknik,3
2473,"Landbrugskurser, andre",3
2475,Mejeriteknolog,3
2476,"Mejeriskolekurser, andre",3
2477,"Gartnerskole, væksthus kursus",3
2478,"Gartnerskole, planteskole kursus",3
2479,"Gartnerskole, anlæg kursus",3
2480,"Gartnerskole, frugtavl kursus",3
2481,Blomsterdekoratørkursus,3
2483,"Gartnerskole, andre kurser",3
2484,Skovbrugskursus,3
2485,Landmand faglært modul 2,3
2486,Driftsleder grønt bevis,3
2487,"Landbrugsskole, grundskole afkortet",3
2488,"Gartner, driftslederkursus",3
2489,Landbrugets driftlederkursus,3
2490,Agrarøkonom,3
2491,Grønt diplom modul 4,3
2492,Kombineret ungdomsuddannelse,3
2493,"Produktionsleder, landbrug",3
2494,"Virksomhedsleder, landbrug",3
2495,Landbrugets lederuddannelse una,3
2508,"8. klasse, efterskole",3
2509,"9. klasse, efterskole",3
2510,"10. klasse, efterskole",3
2511,"11. klasse, efterskole",3
2530,Den fri ungdomsuddannelse (FUU),3
2887,"Amu.bai, Beton- og montagebyggeri",3
2888,"Amu.bai, industriel fremstilling af betonvarer/ -elementer",3
2891,"Amu.trp, personbefordring med bybane",3
2893,"Amu.bai, anlægsarbejder",3
2894,RKV før EUD,3
2895,"Amu.bai, bygge- og anlægsopgaver i tungere materialer",3
2900,"Amu.ind., beklædnings- og tekstilindustri",3
2901,"Amu.ind., lederuddannelse udvidet",3
2902,"Amu.ind., teknik-fremstilling-elektronik",3
2903,"Amu.ind., bryggeri-brænd.",3
2904,"Amu.ind., sala-kødindustri-mejeri",3
2905,"Amu.ind., metalindustri",3
2906,"Amu.ind., fisk og fjerkræ",3
2907,"Amu.ind., procesindustri - levnedsmiddel",3
2908,"Amu.ind., snedker og tømrer",3
2909,"Amu.ind., fotograffaget",3
2910,"Amu.ind., el-faget",3
2911,"Amu.ind., træindustrien",3
2912,"Amu.ind., grafisk euu",3
2913,"Amu.ind., teknikere mv.",3
2914,"Amu.ind., metalindustrien specialarb.",3
2915,"Amu.ind., kartonnage og papir",3
2916,"Amu.ind., fyringsteknik",3
2917,"Amu.ind., laborantuddannelse",3
2918,"Amu.ind., kødbranchen",3
2919,"Amu.ind., mejeriindustrien",3
2920,"Amu.ind., plastindustrien",3
2921,"Amu.ind., polstermøbler og sko",3
2922,"Amu.ind., tobaksindustrien",3
2923,"Amu.ind., vodbinderierhverv",3
2924,"Amu.ind., procesindustri",3
2925,"Amu.ind., fællesplan metalindustrien",3
2926,"Amu lab./tekn., laboratorieteknik",3
2950,"Amu.baj., malerfaget",3
2951,"Amu.baj., murer og stenhugger",3
2952,"Amu.baj., snedker og tømrer",3
2953,"Amu.baj., tekniske installationer",3
2954,"Amu.baj., teknikere sala-jordbrug",3
2955,"Amu.baj., isoleringsfaget",3
2956,"Amu.baj., asfaltbranchen",3
2957,"Amu.baj., entreprenører",3
2958,"Amu.baj., byggeri og energi",3
2959,"Amu.baj., skorstensfejer",3
2960,"Amu.baj., vvs-branchen",3
2961,"Amu.baj., jordbrugets euu",3
2962,"Amu.bai., fugearbejde med fleksible fugematerialer",3
2969,"Amu.htf., lederuddannelse",3
2970,"Amu.htf., reklamebranchen",3
2971,"Amu.htf., filmoperatør",3
2972,"Amu.htf., bager og konditor",3
2973,"Amu.htf., handel og service",3
2974,"Amu.htf., optikerfaget",3
2975,"Amu.htf., urmagerfaget",3
2976,"Amu.htf., frisør og kosmetik",3
2977,"Amu.htf., tandteknikerfag",3
2978,"Amu.htf., erhvervsfiskere",3
2979,"Amu.htf., køkken og hotel mv",3
2980,"Amu.htf., finanssektor",3
2981,"Amu.htf., pressefotograf",3
2982,"Amu.htf., transport og logistik",3
2983,"Amu.htf., serviceerhverv",3
2984,"Amu.htf., handel og kontor",3
2985,"Amu.htf., vaskeriindustri",3
2986,"Amu.htf., teaterteknik",3
2990,"Amu.off., social og sundhed",3
2991,"Amu.off., statslige uddannelser euu",3
2992,"Amu.off., pædagogisk euu",3
3000,"Bioteknologi, cand.polyt.",3
3001,"Digital design og interaktive teknologier, cand.it.",3
3002,"Indoeuropæisk, mag.art.",3
3003,"Internat.virksomhedsk, Interkult. markedsstud,cand.ling.merc.",3
3004,"Internat. virksomhedskomm., Amerikanske studier, cand.ling.merc.",3
3005,"Internat. virksomhedskomm., Europæiske studier, cand.ling.merc.",3
3006,"International virksomhedskommunikation i arabisk, bach.",3
3007,"International virksomhedskommunikation i engelsk, bach.",3
3008,"Internat. virksomhedskommunik., engelsk-it-webkomm.,bach.",3
3009,"Internat. virksomhedskommunik., spansk og medier, bach.",3
3010,"International virksomhedskommunikation i spansk, bach.",3
3011,"Internat. virksomhedskommunik., tysk og medier, bach.",3
3012,"International virksomhedskommunikation tysk, bach.",3
3013,"Internat. virksomhedskommunikation, engelsk og IT, bach.",3
3014,"International virksomhedskommunikation i fransk, bach.",3
3015,"Internat. virksomhedskommunikation, spansk og IT, bach.",3
3016,"Internat. virksomhedskommunikation, tysk og IT, bach.",3
3017,"International virksomhedskommunikation, sproglig og kulturel formidling, bach.",3
3018,"International virksomhedskommunikation i 2 fremmedsprog, bach.",3
3019,"Softwareteknologi, ing.bach.",3
3020,"Moderne tysklandsstudier,master",3
3021,"International Relations, cand.soc",3
3022,"International erhvervsøkonomi med fremmedsprog, dansk og engelsk, bach.",3
3023,"Erhvervsøkonomi-erhvervssprog, engelsk og spansk,bach.int.",3
3024,"Business, Language and Culture, cand.merc.int.",3
3025,"Business, Asian Language and Culture, bach.",3
3026,"Business, Language and Culture, bach.",3
3027,"Maskinkonstruktion, ing.bach.",3
3028,"Mechanical Design, cand.polyt.",3
3029,"Arkitektur og design, cand.polyt.",3
3030,"Sundheds-IT, master",3
3031,"Virksomhedskommunikation,cand.ling.merc.",3
3032,"Lingvistik, bach.",3
3033,"Sprogvidenskab-lingvistik, cand.mag.",3
3034,"Arabisk- og islamstudier, bach.",3
3035,"Arabisk- og islamstudier, cand.mag.",3
3036,"HA (int.) erhvervsøkonomi med fransk,bach.",3
3037,"HA (int.)erhvervsøkonomi med spansk,bach.",3
3038,"HA (int.)erhvervsøkonomi med engelsk,bach.",3
3039,"Spansk og spanskamerikansk sprog, litteratur og kultur, bach.",3
3040,"Journalistik, cand.mag.",3
3041,"Spansk og latinamerikansk sprog og kultur, bach.",3
3042,"Food Science and Technology, cand.tech.al.",3
3043,"Designer - Industrielt design og Accessory, bach.",3
3044,"Amu.adm, administrative funktioner i HR",3
3045,"Biokemi, bach.",3
3046,"Akvatisk miljøbiologi, cand.scient.",3
3047,"Engineering (Sustainable Fisheries and Aquaculture), cand.polyt.",3
3048,"Biologisk oceanografi, cand.scient.",3
3049,"Biomedicinsk teknik, cand.scient.med.",3
3050,"Biosystemteknologi, cand.scient.tech.",3
3051,"Bioteknologi, master",3
3052,"Bæredygtig energi, cand.scient.tech.",3
3053,"Eksperimentel biologi,bach.",3
3054,"Eksperimentel biologi, cand.scient.",3
3055,"International erhvervsøkonomi med fremmedsprog, engelsk og tysk, bach.",3
3056,"Kemi, miljø og bioteknologi, ingeniør bach.",3
3057,"Kemi, miljø og bioteknologi, cand.scient.tech.",3
3058,"Molekylærbiologi, cand.scient.",3
3059,"Systembiologi,cand.polyt.",3
3060,"Systembiologi, cand.scient.tech.",3
3061,"Digital Communication Leadership, cand.it.",3
3062,"Audiologi, bach.",3
3063,"Audiologi, cand.mag.",3
3064,"Logopædi, bach.",3
3065,"Pædagogisk audiologi, bach.",3
3066,"Brasilianske studier, bach.",3
3067,"Brasilianske studier, cand.mag.",3
3068,"Portugisiske og brasilianske studier, bach.",3
3069,"Portugisiske og brasilianske studier, cand.mag.",3
3070,"European Studies, cand.mag.",3
3071,"Øst- og sydøsteuropastudier, bulgarsk, bach.",3
3072,"Øst- og sydøsteuropastudier, grækenlandsstudier, bach.",3
3073,"Øst- og sydøsteuropastudier, polsk, bach.",3
3074,"Øst- og sydøsteuropastudier, russisk, bach.",3
3075,"Østeuropastudier, cand.mag.",3
3076,"Economics and Business administration, cand.soc.",3
3077,"Erhvervsøkonomi-virksomhedskommunikation, cand.merc.(kom)",3
3078,"Advanced Economics and Finance, cand.oecon.",3
3079,"Innovation og videnøkonomi, cand.oecon.",3
3080,"Statskundskab, bach.",3
3081,"Økonomi - Nationaløkonomi, cand.polit.",3
3082,"Politik og Administration, cand.scient.adm.",3
3083,"HA(kom.) erhvervsøkonomi-virksomhedskommunikation, bach.",3
3084,"Marketing and management communication, bach.",3
3085,"Kulturgeografi, cand.scient.",3
3086,"Geoinformatik (MTM), master",3
3087,"Klassisk filologi, bach.",3
3088,"Græsk, klassisk, bach.",3
3089,"Latin, bach.",3
3090,"Oldtidskundskab, bach.",3
3091,"Vestasiens oldtidshistorie, cand.mag.",3
3092,"Interdisciplinære naturvidenskabelige studier, cand.scient.",3
3093,"Oplevelsesdesign, cand.it.",3
3094,"Digital design, bach.",3
3095,"Digital design, cand.it.",3
3096,"Interaktive digitale medier, cand.it.",3
3097,"It-produktudvikling, bach.",3
3098,"It og læring, organisatorisk omstilling, cand.it.",3
3099,"Information Architecture, cand.it.",3
3100,"Informationsvidenskab, bach.",3
3101,"Informationsvidenskab, cand.it.",3
3102,"Matrikulær informatik, master",3
3103,"Security and mobile computing, kand.",3
3104,"Digitalisering og applikationsudvikling, cand.it.",3
3105,"Software, ing.bach.",3
3106,"Software, cand.polyt.",3
3107,"Softwarekonstruktion, cand.polyt.",3
3108,"Computer Engineering, cand.scient.tech.",3
3109,"Digitale medieteknologier, cand.scient.tech.",3
3110,"Design and Innovation, cand.polyt.",3
3111,"Produktudvikling og innovation, cand.scient.tech.",3
3112,"Industrial Engineering and Management, cand.polyt.",3
3113,"Operations and Innivation Management, cand.scient.tech.",3
3114,"Manufacturing Technology, cand.polyt.",3
3115,"Elektroteknologi, cand.polyt.",3
3116,"Elektroteknologi, ing.bach.",3
3117,"Electro-Mechanical System Design, cand.polyt.",3
3118,"Design of Mechanical Systems, cand.polyt.",3
3119,"Engineering Design and Applied Mechanics, cand.polyt.",3
3120,"Food Innovation and Health, cand.scient.",3
3121,"Produkt- og designpsykologi, ing.bach.",3
3122,"Produktion og konstruktion, ing.bach.",3
3123,"Produktion, cand.scient.tech.",3
3124,"By-, energi- og miljøplanlægning, ing.bach.",3
3125,"Urban Energy and Environmental Planning, cand.polyt.",3
3126,"Surveying Planning and Land Management,cand.scient.tech.",3
3127,"Energy Engineering, cand.polyt.",3
3128,"Vindenergi, cand.scient.tech.",3
3129,"Køleteknik,cand.polyt.",3
3130,"Miljø- og arbejdsmiljøledelse, master",3
3131,"Environmental Studies, civilingeniør 2år",3
3132,"Food Technology, cand.polyt.",3
3133,"Fødevarevidenskab, cand.scient.tech.",3
3134,"Molecular Nutrition and Food Technology, cand.scient.",3
3135,"Amu.trp, lager, terminal og logistik",3
3136,"Klinisk farmaci, cand.pharm.",3
3137,"Pharmaceutical Sciences, cand.scient.",3
3138,"Farmaceutisk kemi, cand.scient.",3
3139,"Kemi, cand.scient.",3
3140,"Applied Chemistry, cand.polyt.",3
3141,"Biomedical Engineering, cand.polyt.",3
3142,"Teknisk geologi, cand.scient.tech.",3
3143,"Didaktik, dansk, cand.pæd.",3
3144,"Didaktik, matematik, cand.pæd.",3
3145,"Didaktik, materiel kultur, cand.pæd.",3
3146,"Didaktik, musikpædagogik, cand.pæd.",3
3147,"Moderne kultur, cand.mag.",3
3148,"Æstetik og kultur, bach.",3
3149,"Kognitiv semiotik, cand.mag.",3
3150,"Journalism, Media and Globalisation, cand.mag.",3
3151,"Information Studies, cand.mag.",3
3152,"Informationsvidenskab og kulturformidling, master",3
3153,"Veterinary public health,master",3
3154,"Art and technology, bach.",3
3155,"Computational Biomedicine, cand.scient.",3
3156,"Product Development and Innovation, cand.polyt.",3
3157,"Social Work,European Master",3
3158,"Latinamerikastudier, cand.mag.",3
3159,"Amu.mej, pasning af dyr",3
3160,"Internat. virksomhedskommunikation, dansk, cand.mag.",3
3161,"Urban Studies, kand.",3
3162,"Kognitionsvidenskab, bach.",3
3163,"Webkommunikation, cand.it.",3
3164,"Informations- og kommunikationsvidenskab, cand.mag.",3
3165,"Kuratering, master",3
3166,"Internat. virksomhedskommunikation, arabisk, bach.",3
3167,"Tourism management, kand.",3
3168,"Cyber Security, cand.polyt.",3
3169,"Software Engineering, cand.polyt.",3
3170,"Economics and Business Administration - General Management and Analytics, cand.merc.",3
3171,"Cognitive Science, bach.",3
3172,"Tjekkisk, bach.",3
3173,"Bosnisk-kroatisk-serbisk, cand.mag",3
3174,"Cognitive Science, cand.it.",3
3175,"Amu.eli, gas- og oliefyrede installationer",3
3176,"Arkitekturens teknik, æstetik og metoder,master",3
3177,"Kvantitativ biologi og sygdomsmodellering, ingeniør bach.",3
3178,"Undervisning i tekstildesign og håndværk, prof.bach.",3
3179,"Fødevareteknologi (overbygning), prof.bach.",3
3180,"Procesteknologi (overbygning), prof.bach.",3
3181,"Amu, fri-institutionsforsøg",3
3182,"Radiologisk billeddiagnostik, prof.bach.",3
3183,"Stråleterapi, prof.bach.",3
3184,"It og elektronik (overbygning), prof.bach.",3
3185,"Installation og automation (overbygning), prof.bach.",3
3186,"Skole-og fritidspædagogik, prof.bach.",3
3187,"Social-og specialpædagogik, prof.bach.",3
3188,Erhvervsakademiuddannelse i beredskabsteknik,3
3189,"Klinisk diætetik, prof.bach.",3
3190,"Ledelse,fødevarer og service, prof.bach.",3
3191,"Lifestyle and Health Education, prof.bach.",3
3192,"Forsikring og pension, prof.bach.",3
3193,"Ejendomshandel, prof.bach.",3
3194,"Ejendomsadministration, prof.bach.",3
3195,"Økonomistyring, prof.bach.",3
3196,"Konstruktion (overbygning), prof.bach.",3
3197,"Kommunikation og trend (overbygning), prof.bach.",3
3198,"Konceptdesign (overbygning), prof.bach.",3
3199,"Retail management (overbygning), prof.bach.",3
3200,"Business (overbygning), prof.bach.",3
3201,"Marketing (overbygning), prof.bach.",3
3202,"Entreprenørskab (overbygning), prof.bach.",3
3203,"Miljø og etik (overbygning), prof.bach.",3
3204,"Produktion (overbygning), prof.bach.",3
3205,"E-design (overbygning), prof.bach.",3
3206,"Computer graphic Arts, prof.bach.",3
3207,"Business Administration and Innovation in Health Care, cand.merc.(sund.)",3
3208,Akademiuddannelse i Automation og drift,3
3209,"Sundhedsplejerske,diplomeksamen",3
3210,Driftteknolog offshore,3
3211,"Kvalitet og teknologi, bach.",3
3212,"Fødevareingeniør, bach.",3
3213,"Interaktionsdesign og multimedier(HUM), master",3
3214,"Organisation (SAMF), master",3
3215,"Softwarekonstruktion(TEKNAT), master",3
3216,"Int.forhold. udviklingsstudier, cand.soc",3
3217,"Mekanik og produktion, ing.bach.",3
3219,"Geoteknologi, ing.bach.",3
3220,"Arkæologi, bach.",3
3221,"International kommunikation og multimedier, bach.",3
3222,"Information Technology, cand.polyt.",3
3223,"Energi management (overbygning), prof.bach.",3
3224,"Journalistik, cand.comm.",3
3225,"Omsorg, sundhed og pædagogik, Individuel EUD",3
3226,"Kontor, handel og forretningsservice, Individuel EUD",3
3227,"Fødevarer, jordbrug og oplevelser, Individuel EUD",3
3228,"Teknologi, byggeri og transport, Individuel EUD",3
3229,Dyr i zoologiske anlæg,3
3230,"Svagstrøm, ing.prof.bach.",3
3231,"Fødevarer, jordbrug og oplevelser",3
3232,"Sundhed, omsorg og pædagogik",3
3233,"Kontor, handel og forretningsservice",3
3234,"Teknologi, byggeri og transport",3
3235,Forsøgsdyr,3
3236,Dyrehandel,3
3237,Hestemanager,3
3238,"Salgsassistent , dagligvarer",3
3239,"Salgsassistent , køkken og bad",3
3240,Bank og realkredit,3
3241,Liv og Pension,3
3242,Skadesforskikring,3
3243,Bagværker,3
3244,Smørrebrød og catering,3
3245,Klargøring og rangering af persontog,3
3246,Klargøring og rangering af godstog,3
3247,Installationsmontør,3
3248,Elektriker 1,3
3249,Elektriker 2,3
3250,Vvs-installationstekniker,3
3251,Alubygger,3
3252,Glarmester,3
3253,Plastmager med speciale i termoplast,3
3254,Plastmager med speciale i hærdeplast,3
3255,Specialist i plastproduktion,3
3256,Oliefyrstekniker,3
3257,Flyelektronik,3
3258,Smed (maritim),3
3259,Produktionsleder,3
3260,Agrarøkonom,3
3261,"Energi og Miljø, diplomuddannelse",3
3262,Buschauffør,3
3263,Buschauffør i kollektiv trafik,3
3264,Kørselsdisponent,3
3265,Turistbuschauffør,3
3266,Kørselsdisponent,3
3267,Lastbilchauffør med kran,3
3268,Kranfører,3
3269,Kørselsdisponent,3
3270,Gartnerassistent,3
3271,Væksthusgartner,3
3272,"Klassisk filologi, bach.",3
3273,"Klassisk filologi, cand.mag.",3
3274,"Laboratorieteknologi (overbygning), prof.bach.",3
3275,"B1-flytekniker, mekanik",3
3276,"Jordbrugsøkonomi (overbygning), prof.bach.",3
3277,"E-handel (overbygning), prof.bach.",3
3278,"Finansielle forretninger, prof.bach.",3
3279,"Public Health Nutrition and food Policy, prof.bach.",3
3280,"Sundhedsfremme, forebyggelse og formidling, prof.bach.",3
3281,"AMU. adm, praktisk myndighedsudøvelse",3
3282,"Dagtilbudspædagogik, prof.bach.",3
3283,"Udvikling af produkter og produktion (overbygning), prof.bach.",3
3284,"Nuklearmedicinsk billeddiagnostik, prof.bach.",3
3285,"Amu.træ, møbelproduktion, halvfabrikata, bygningskomponenter mv.",3
3286,"Jordbrugsbiologi (overbygning), prof.bach.",3
3287,"Amu.trp, klargøring af og tunnelkørsel med togmateriel",3
3288,"Formidling af tekstildesign og håndværk i kulturel kontekst, prof.bach.",3
3289,"Karakteranimation, prof.bach.",3
3290,"Design (overbygning), prof.bach.",3
3291,"Amu.ind, fremstilling af præcisionsprint og automatisk produktion",3
3292,Buschauffør,3
3293,Buschauffør i kollektiv trafik,3
3294,Kørselsdisponent,3
3295,Turistbuschauffør,3
3296,Kørselsdisponent,3
3297,Lastbilchauffør med kran,3
3298,Kranfører,3
3299,Kørselsdisponent,3
3300,Gartnerassistent,3
3301,Væksthusgartner,3
3302,Planteskolegartner,3
3303,Havecentergartner,3
3304,"Erhvervsøkonomi, bach.",3
3305,Akademiuddannelse i VVS-installation,3
3306,Akademiuddannelse i EL-installation,3
3307,"Interkulturelle markedsstudier, cand.ling.merc.",3
3308,"Hovedpinesygdomme, master",3
3309,"Lægemiddelregistrering, master",3
3310,"Intercultural Studies, French, cand.ling.merc.",3
3311,"Interkulturelle studier i  italiensk, cand.ling.merc.",3
3312,"Interkulturelle studier i latinamerikastudier, cand.ling.merc.",3
3313,"Intercultural Studies in Latin America and Spain, cand.ling.merc.",3
3314,"Globale områdestudier, cand. mag.",3
3315,"Intercultural Studies, German, cand.ling.merc.",3
3316,"Designledelse, diplomuddannelse",3
3317,Master of Arts (MA) in Media Arts Cultures,3
3318,"Intercultural Studies, cand.ling.merc.",3
3319,Arbejdsmarkedsrettet Dansk,3
3320,Akademiuddannelse i Hygiejne og rengøringsteknik,3
3321,Gæstestuderende,3
3322,Åben uddannelse,3
3323,"1.år, HHX 2-årig",3
3324,"2.år, HHX 2-årig",3
3325,Erhvervsuddannelse uden nærmere angivelse (EUX),3
3326,"IT-software, kand.",3
3327,"Kommunikation, bach.",3
3328,"Biotechnology, ing.prof.bach.",3
3329,"Folkeskolelærer, bach.",3
3330,"Teknisk, cand.scient.tech.",3
3331,"Operations Management, civilingeniør cand.polyt",3
3332,"Supply Chain Development, civilingeniør cand.polyt.",3
3333,"Kemi- og bioteknik, ing.prof.bach.",3
3334,"Religion studier/religionsvidenskab, cand.mag.",3
3335,"Kommunikation og digitale medier, bach.",3
3336,"Audiologopædi, cand.mag.",3
3337,"Kultur og kulturformidling, cand.mag.",3
3338,Gartner,3
3339,"Kunsthistorie, bach.",3
3340,"Computer Engineering, cand.polyt.",3
3341,"Technical Geology, cand.scient.tech.",3
3342,"Datalogi, bach.",3
3343,"Audiologopædi, bach.",3
3344,"Biosystemteknologi, cand.polyt.",3
3345,"Fødevareteknologi, cand.polyt.",3
3346,"Ruslandstudier, bach.",3
3347,"IT Product Development, cand.scient.",3
3348,"Politik og forvaltning, cand.scient.adm.",3
3349,"Informatik, cand.mag.",3
3350,Akademiuddannelse i Byggekoordination,3
3351,Akademiuddannelse i Byggeteknologi,3
3352,Akademiuddannelse i Miljøteknologi,3
3353,"Engineering (General Engineering), ing.bach.",3
3354,"Quantitative Biology and Disease Modelling, cand.polyt.",3
3355,"Bioteknologi (engelsk), ing.prof.bach.",3
3356,"Østeuropastudier, bach.",3
3357,"Forretningsudvikling, ing.prof.bach.",3
3358,"Natur og miljø (overbygning), prof.bach.",3
3359,"Landskab og anlæg (overbygning), prof.bach.",3
3360,"Planteproduktion (overbygning), prof.bach.",3
3361,"Husdyrproduktion (overbygning), prof.bach.",3
3362,"Jordbrugsøkonomi og ledelse (overbygning), prof.bach.",3
3363,"Business Administration and Data Science, cand.merc.",3
3364,"Amu.eli, køleautomatik og varmepumper",3
3365,"Amu.eli, maritime el-installationer",3
3366,"Miljøkemi og forvaltning, AO",3
3367,"Klimatilpasning, AO",3
3368,"Teknisk videnskab (ingeniørvidenskab), bach.",3
3369,"Kognitions- og datavidenskab, bach.",3
3370,"Teknisk videnskab (cyber- og computerteknologi), bach.",3
3371,"Mechanical Engineering, bach.",3
3372,"Mechanical Engineering, cand.polyt.",3
3373,"Mekanik, ing.bach.",3
3374,"Mekanik, cand.polyt.",3
3375,"Data stewardship, AO",3
3376,"Business, Asian Language and Culture - Japanese, bach.",3
3377,"Quantum Information Science, cand.scient.",3
3378,"Jura (SDU), cand.jur.",3
3379,"Jura, bach.",3
3380,"Kulturforståelse, cand.mag.",3
3381,"Semiotik, cand.mag.",3
3382,"Population Studies, cand.scient.dem.",3
3383,"Natur og jordbrugsproduktion, prof.bach.",3
3384,"Almen ingeniørvidenskab, ing.bach.",3
3385,"Folkesundhedsvidenskab, cand.scient.san.publ",3
3386,"Kognitiv semiotik, cand.mag.",3
3387,"Kemi og bioteknologi, ing.bach.",3
3388,"Chemistry-biotechnology, ing.bach.",3
3389,"Didaktik (æstetik), cand.pæd.",3
3390,"Economics and Business Administration in Finance and Strategic Management, cand.merc.",3
3391,"Economics and Business Administration in Strategy, Organization and Leadership, cand.merc.",3
3392,"Economics and Business Administration in Supply Chain Management, cand.merc.",3
3393,"Economics and Business Administration in Accounting, Strategy and Control, cand.merc.",3
3394,"Erhvervsøkonomi i økonomisk markedsføring, cand.merc.",3
3395,"Erhvervsøkonomi i finansiering og regnskab, cand.merc.",3
3396,"Economics and Business Administration in Finance and Investments, cand.merc.",3
3397,"Economics and Business Administration in Management of Innovation and Business Develop, ca",3
3398,"Economics and Business Administration in Sales Management, cand.merc.",3
3399,"Economics and Business Administration in People and Business Development, cand.merc.",3
3400,"Medicin, bach.",3
3401,"Fødevarer, jordbrug og oplevelser (grundforløb plus)",3
3402,"Omsorg, sundhed og pædagogik (grundforløb plus)",3
3403,"Kontor, handel og forretningsservice (grundforløb plus)",3
3404,"Teknologi, byggeri og transport (grundforløb plus)",3
3405,"Global ledelse og design af produktionsnetværk (GMM), ing.prof.bach.",3
3406,"Elektrisk energiteknologi, ing.prof.bach.",3
3407,"Kemi og bioteknologi, ing.prof.bach.",3
3408,"Maskinteknik, ing.prof.bach.",3
3409,"Produktion (Produktionsteknik), ing.prof.bach.",3
3410,"Softwareteknologi, ing.prof.bach.",3
3411,"Mechanical Engineering, ing.prof.bach.",3
3412,"Statskundskab, bach.",3
3413,"HA almen erhvervsøkonomi, bach.",3
3414,"HA almen erhvervsøkonomi, bach.",3
3415,"HA almen erhvervsøkonomi, bach.",3
3416,"HA almen erhvervsøkonomi, bach.",3
3417,"Economics and Business Administration, bach.",3
3418,"Economics and Business Administration, bach.",3
3419,"Economics and Business Administration, bach.",3
3420,"Robotteknologi, ing.bach.",3
3421,"Datalogi, bach.",3
3422,"Audiologopædi, bach.",3
3423,"HA(jur.) erhvervsøkonomi-jura, bach.",3
3424,"International virksomhedskommunikation, engelsk, bach.",3
3425,"International virksomhedskommunikation, engelsk, bach.",3
3426,"International virksomhedskommunikation, engelsk, bach.",3
3427,"International virksomhedskommunikation, tysk, bach.",3
3428,"Medievidenskab, bach.",3
3429,"Engelsk, bach.",3
3430,"Filosofi, bach.",3
3431,"Historie, bach.",3
3432,"Litteraturvidenskab, bach.",3
3433,"Dansk, bach.",3
3434,"Tysk sprog, litteratur og kultur, bach.",3
3435,"Religion studier/Religionsvidenskab, bach.",3
3436,"Økonomi, bach.",3
3437,"Jura, bach.",3
3438,"Samfundsfag, bach.",3
3439,"Psykologi, bach.",3
3440,"Farmaci, bach.",3
3441,"Folkesundhedsvidenskab, bach.",3
3442,"Matematik og økonomi, bach.",3
3443,"Kemi, bach.",3
3444,"Fysik, bach.",3
3445,"Matematik, bach.",3
3446,"Biologi, bach.",3
3447,"Idræt/Idræt og sundhed, bach.",3
3448,"Erhvervsøkonomi, cand.merc.",3
3449,"Erhvervsøkonomi, cand.merc.",3
3450,"Economics and Business Administration, cand.merc.",3
3451,"Economics and Business Administration, cand.merc.",3
3452,"Economics, cand.oecon.",3
3453,"Jura, cand.jur.",3
3454,"Statskundskab, cand.scient.pol.",3
3455,"Computer Science, cand.scient.",3
3456,"Chemistry, cand.scient.",3
3457,"Mathematics, cand.scient.",3
3458,"Physics, cand.scient.",3
3459,"Matematik-økonomi, cand.scient.oecon.",3
3460,"Biology, cand.scient.",3
3461,"Audiologopædi, cand.mag.",3
3462,"Robotics, cand.polyt.",3
3463,"Electronics, cand.polyt.",3
3464,"Electronics, cand.polyt.",3
3465,"Revision, cand.merc.aud.",3
3466,"Dansk, cand.mag.",3
3467,"Pædagogik, cand.mag.",3
3468,"Tysk sprog, litteratur og kultur, cand.mag.",3
3469,"Filosofi, cand.mag.",3
3470,"Historie, cand.mag.",3
3471,"Medievidenskab, cand.mag.",3
3472,"Litteraturvidenskab, cand.mag.",3
3473,"Religion studier/Religionsvidenskab, cand.mag.",3
3474,"Journalistik, cand.public.",3
3475,"Samfundsfag, cand.soc.",3
3476,"Psykologi, cand.psych.",3
3477,"Medicin, cand.med.",3
3478,"Medicin, cand.med.",3
3479,"Sundhedsfaglig kandidatuddannelse, cand.scient.san.",3
3480,"Farmaci, cand.pharm.",3
3481,"Medicinal Chemistry, cand.scient.",3
3482,"Idræt/Idræt og sundhed, cand.scient.",3
3483,"Global Management and Manufacturing, ing.prof.bach.",3
3484,"Economics and Business Administration, cand.merc.",3
3485,"Supply Chain Digitalisation, cand.polyt.",3
3486,"Economics and Business Administration, cand.merc.",3
3487,"Lingvistik, cand.mag.",3
3488,"Linguistics, cand.mag.",3
3489,"Molekylær medicin, cand.scient.",3
3490,"Molecular Biomedicine, cand.scient.",3
3491,"Software Engineering, cand.polyt.",3
3492,"Interactive Technology, cand.polyt.",3
3493,"Artificial Intelligence, cand.scient.",3
3494,"Artificial Intelligence, cand.scient.",3
3495,"Computer Science, cand.scient.",3
3496,"Interactive Technology Engineering, ing.bach.",3
3497,"Software Engineering, ing.bach.",3
3498,"Artificial Intelligence, bach.",3
3499,"Computer Science, bach.",3
3500,"European Master in Global Studies (EMGS), cand.soc",3
3535,"International Food Quality and Health, cand.scient.",3
3594,"Amu.soc, Omsorg og pleje i det kommunale sundhedsvæsen",3
3595,"Amu.bai, Erhvervsdykning i bygge- og anlægsbranchen",3
3596,"Amu.ind, Produktion af levnedsmidler, nydelsesmidler, foder",3
3597,Afsluttet studiekompetenceforløb,3
3598,Afsluttet grundforløb,3
3599,"Amu.trp, transportoptimering",3
3600,"Amu.adm, administration og assistance i sundhedssektoren",3
3601,"Amu.met, transportteknisk område",3
3602,"Amu.bai, anvendelse af entreprenørmateriel",3
3603,"Amu.met, automatik- og procesteknisk område",3
3604,"Amu.met, flyteknisk område",3
3605,"Amu.bai, maling og overfladebehandling bygninger m.v.",3
3606,"Amu.met, guld- og sølvsmedeområdet",3
3607,"Amu.adm, IKT-administration og vedligeholdelse",3
3608,"Amu.ind-met, skibsbygningstekniske område",3
3609,"Amu.adm, foto-, film-, tv- og redaktionel produktion",3
3610,"Amu.met, smedeteknisk område",3
3611,"Amu.bai, spildevandsbehandling",3
3612,"Amu.adm, detailhandel",3
3613,"Amu.adm, produktion af trykt og digital kommunikation",3
3614,"Amu.adm, handel og logistik",3
3615,"Amu.bai, stilladsmontage",3
3616,"Amu.adm, spedition og shipping",3
3617,"Amu.adm, offentlig forvaltning og sagsbehandling",3
3618,"Amu.adm, administration",3
3619,"Amu.adm, viden- og forretningsservice",3
3620,"Amu.adm, turist og rejse",3
3621,"Amu.bai, tagdækning o.lign. med tagpap, membraner og folier",3
3622,"Amu.ind-met, støberiteknisk område",3
3623,"Amu.adm, ledelse",3
3624,"Amu.met, maskin- og værktøjsområdet",3
3625,"Amu.bai, vejbygning og belægninger",3
3626,"Amu.met, elektronik- og svagstrømsteknisk område",3
3627,"Amu.met, data- og kommunikationsteknisk område",3
3628,"Amu.adm, finansiel rådgivning og forsikring",3
3629,"Amu.soc, pædagogisk arbejde med børn og unge",3
3630,"Amu.adm, forsikring og pension",3
3631,"Amu.bai, anlægskonstruktioner og råhuse",3
3632,"Amu.lev, industrislagtning og forædling af kødprodukter",3
3633,"Amu.bai, boringer på land og jordbundsundersøgelser",3
3634,"Amu.lev, detailforarbejdning og forædling af ferskvarer",3
3635,"Amu.mej, maskiner og teknik landbruget",3
3636,"Amu.srv, ejendomsservice",3
3637,"Amu.bai, aptering af bygninger mv.",3
3638,"Amu.lev, reception-servering-service",3
3639,"Amu.bai, nedrivning og affaldshåndtering",3
3640,"Amu.mej, planteproduktion i landbruget",3
3641,"Amu.mej, husdyrproduktion i landbruget",3
3642,"Amu.mej, pasning af zoodyr, hobbydyr og fisk",3
3643,"Amu.bai, kloakering",3
3644,"Amu.bai, isolering af tekniske anlæg",3
3645,"Amu.bai, projektering, sagsbeh., reg. og teknisk salg",3
3646,"Amu.mej, produktion og pakning mejeriprodukter",3
3647,"Amu.lev, brød-, kage-, dessert- og konfekturefremstilling",3
3648,"Amu.ind, laboratorieservice",3
3649,"Amu.lev, madfremstilling - institutionskøkkener",3
3650,"Amu.ind-met, svejsning og termisk skæring i metal",3
3651,"Amu.met, teknisk design og tegning i industrien",3
3652,"Amu.eli, elektrisk automation på aut.- maskiner og anlæg",3
3653,"Amu.eli, elevatorteknik",3
3654,"Amu.eli, el-forsyningsanlæg",3
3655,"Amu.eli, bygningers el-installationer og antennemontage",3
3656,"Amu.eli, service på hvidevare- og køleautomatik",3
3657,"Amu.eli, intelligente bygningsinstallationer og CTS-anlæg",3
3658,"Amu.eli, sikrings- og alarmteknik",3
3659,"Amu.eli, tele- og datateknik",3
3660,"Amu.srv, pleje af hår, hud og negle",3
3661,"Amu.srv, urmageri",3
3662,"Amu.srv, optometri",3
3663,"Amu.srv, industriel vask og efterbehandling tekstiler",3
3664,"Amu.ind, beklædnings- og textilområdet",3
3665,"Amu.ind, travers-portalkran-riggerområdet",3
3666,"Amu.mej, etablering og pleje af grønne områder og anlæg",3
3667,"Amu.mej, produktion af og rådgivning om planteskoleplanter",3
3668,"Amu.mej, produktion af og rådgivning om væksthusplanter",3
3669,"Amu.ind, overfladebehandling stålkonstruktioner",3
3670,"Amu.ind, spåntagende metalindustri",3
3671,"Amu.ind, køle- og klimaanlæg",3
3672,"Amu.ind, montage af elektronik",3
3673,"Amu.adm, operativ retshåndhævelse, forebyggelse og efterforskning",3
3674,"Amu.mej, skovbrug og landskabsdrift",3
3675,"Amu.ind, fremstilling af medicinalvarer og -produkter",3
3676,"Amu.adm, praktisk kirketjeneste",3
3677,"Amu.ind, industriel produktion af levneds- og nydelsesmidler",3
3678,"Amu.ind, procesindustriel produktion af non-food produkter",3
3679,"Amu.srv, rengøringsservice",3
3680,"Amu.ind, arbejdets organisering ved produktion i industrien",3
3681,"Amu.ind, plastområdet - hærdeplast",3
3682,"Amu.ind, plastområdet - plastsvejsning",3
3683,"Amu.ind, plastområdet - termoplast",3
3684,"Amu.ind, montage af lettere industriprodukter",3
3685,"Amu.ind, elektroniske komponenter og produkter",3
3686,"Amu.ind, forsynings- og distributionssektorerne",3
3687,"Amu.srv, vagtservice",3
3688,"Amu.soc, patientrelateret service på sygehusene",3
3689,"Amu.lev, madfremstilling - restaurant, kantine og catering",3
3690,"Amu.eli, blikkenslagerarbejde",3
3691,"Amu.eli, servicering af varme og sanitet",3
3692,"Amu.soc, omsorg, sygepleje og pædagogisk arbejde",3
3693,"Amu.eli, installation og service af klima og ventilation",3
3694,"Amu.eli, Installation service - varme-vand-afløb vvs-området",3
3695,"Amu.soc, sundheds-og sygeplejeopgaver i sygehusvæsenet",3
3696,"Amu.eli, skorstensfejerarbejde",3
3697,"Amu.eli, industrielle rørsystemer og anlæg",3
3698,"Amu.srv, tandteknik",3
3699,"Amu.træ, bolig- og autointeriørmontering",3
3700,"Amu.træ, massivtræmøbel",3
3701,"Amu.adm, kontrol og resocialisering af indsatte og asylansøgere",3
3702,"Amu.træ, savværk og halvfabrikata",3
3703,"Amu.træ, vinduer, døre og bygningskomponenter",3
3704,"Amu.træ, plademøbel",3
3705,"Amu.met, cykelmekanisk område",3
3706,"Amu.met, entreprenør- og landbrugstekniske område",3
3707,"Amu.met, køleteknisk område",3
3708,"Amu.met, klimateknisk område",3
3709,"Amu.met, varmeteknisk område (fyrede anlæg)",3
3710,"Amu.ind, betjening og programmering industrirobotter",3
3711,"Amu.ind, produktion i fiske- og fjerkræindustrien",3
3712,"Amu.ind, pladebearbejdende metalindustri",3
3713,"Amu.ind, industriel overfladebehandling",3
3714,"Amu.trp, grundkompetence chauffør - bus",3
3715,"Amu.trp, grundkompetence lager og terminal",3
3716,"Amu.trp, lager og logistik",3
3717,"Amu.trp, klargøring af togmateriel",3
3718,"Amu.trp, renovation",3
3719,"Amu.trp, flytning og møbeltransport",3
3720,"Amu.trp, redning",3
3721,"Amu.trp, post",3
3722,"Amu.trp, specialbefordring af personer",3
3723,"Amu.trp, transportarbejde i lufthavne",3
3724,"Amu.trp, havn og terminal",3
3725,"Amu.ind, medicinfremstilling",3
3726,"Amu.soc, arbejde på klubområdet og i kulturhuse",3
3727,"Amu ind, fremstilling af hybride print",3
3728,"Amu.trp, grundkompetence chauffør - gods",3
3729,"Amu.trp, grundkompetence chauffør - taxi",3
3730,"Amu.trp, godstransport ad landevej",3
3731,"Amu.trp, personbefordring med bybus, rutebil og taxi",3
3732,"Amu.trp, lastbilkran",3
3733,"Amu.trp, mobilkran",3
3734,"Amu.trp, vintertjeneste",3
3735,"Amu, fælleskataloget",3
3736,"Amu, overgangsordnings FKB",3
3737,"Amu.trp, erhvervsfiskere",3
3738,"Amu, individuel kompetenceafklaring",3
3739,"Amu.met, de maritime håndværksfag",3
3740,"Amu.met, karrosseritekniske område",3
3741,"Amu.met, køretøjsområdet",3
3742,"Amu.met, låseteknik",3
3743,"Amu.met, vedligehold af produktionsudstyr i metalindustrien",3
3744,Datanom i IT-rådgivning,3
3745,Datanom i systemteknik,3
3746,Datanom i systemudvikling,3
3747,Datanom una,3
3748,Datanom i programmering,3
3749,"Amu.ind, betjening af travers-portalkran-riggerudstyr",3
3750,Datanom,3
3751,"Amu.ind, produktion af køle- og klimaanlæg",3
3752,IT-administrator,3
3753,"Amu.bai, anlægsarbejder",3
3754,"Amu ind, montage af lettere industriprodukter",3
3755,Erhvervsdiplom Lederuddannelse,3
3756,"Amu.ind, fremstilling af produkter i plast",3
3757,"Amu.ind, plastsvejsning",3
3758,"Amu.ind, procesindustriel produktion",3
3759,"Amu.ind, metalindustriel bearbejdning",3
3760,Ejendomsmægler,3
3761,"Amu.met, opbygning og drift af offshore installationer",3
3762,"Amu.bai, beton- og montagebyggeri",3
3763,"Amu.bai, bygge- og anlægsopgaver i lettere/tungere materialer",3
3764,"Amu.bai, gulvlægning og vådrumsopgaver med vådrumssikring",3
3765,Erhvervsdiplom Merkonom,3
3766,"Amu.bai, industriel fremstilling af betonvarer/ -elementer",3
3767,"Amu.bai, konstruktion og montage med glas og aluminium",3
3768,"Amu.adm, detailhandel",3
3769,"Amu, individuel kompetence vurdering",3
3770,Erhvervsdiplom Human resource development HRd,3
3771,"Amu.mej, drift af gartneri, havecenter og planteskole",3
3772,"Amu.trp, national og international personbefordring med bus",3
3773,"Amu.trp, transport af levende dyr",3
3774,"Amu.soc, socialpsykiatri og fysisk/psykisk handicap",3
3775,Finansiel videreuddannelse,3
3776,"Amu ind, metrologi i metalindustrien",3
3777,"Amu.trp, tanktransport",3
3778,"Amu.lev, mad til grupper med varierede behov for ernæring",3
3779,"Amu.met, teknisk dokumentation i industriel produktion",3
3780,Fodplejer opskoling,3
3781,"Amu.træ, produktion af møbler, orgler, døre, vinduer mv.",3
3782,"Amu.adm, administration og assistance tandklinikken",3
3783,"Amu.ind-met, støberi- og metalskrotningsindustri",3
3784,"Amu.ind, postale produkter og processer",3
3785,Kloakmester,3
3786,"Amu.met, cykel-, knallert- og motorcykeltekniske område",3
3787,"Amu.met, udvikling og produktion til digitale medier",3
3788,"Amu.ind, operatøropgaver i el-forsyning",3
3789,"Amu.met, teater-, udstillings- og eventområdet",3
3790,"Landbrug, overbygningsuddannelse",3
3791,"Amu.ind, betjening af industrirobotter for operatører",3
3792,"Amu.ind, arbejdets organisering ved produktion i industrien",3
3793,"Amu.srv, teltmontage",3
3794,"Amu.rustfri, arbejde i den rustfrie stålindustri",3
3795,"Amu.ind, overfladebehandling",3
3796,"Amu ind, produktion af elektronikprodukter",3
3797,"Amu.srv, teltmontage",3
3798,"Amu.adm, instruktion og adm. funktioner i træning og sport",3
3799,"Amu.mej, skov- og naturforvaltning og naturformidling",3
3800,Financial controller,3
3801,Akademiuddannelse i skatter og afgifter,3
3802,Akademiuddannelse i socialt arbejde,3
3803,Akademiuddannelse i beskæftigelse,3
3804,Akademiuddannelse i Tolkning,3
3805,"Amu.soc, audiologiske og neurofysiologiske område",3
3806,Akademiuddannelse i international salg og markedsføring,3
3807,Akademiuddannelse i energiteknologi,3
3808,Amu.adm. produktion af kommunikations- og medieprodukter,3
3809,Merkonom i administration,3
3810,"Mellemøstens sprog og samfund-arabisk,cand.mag.",3
3811,Merkonom i international marketing - engelsk,3
3812,Merkonom i international marketing - fransk,3
3813,Merkonom i international marketing - tysk,3
3814,Merkonom i revision,3
3815,Merkonom i butiksledelse,3
3816,Merkonom i driftsledelse,3
3817,Merkonom i eksport,3
3818,Merkonom i finansiering,3
3819,Merkonom i indkøb,3
3820,Merkonom i informatik,3
3821,Merkonom i markedsføring,3
3822,Merkonom i transport,3
3823,Merkonom i turisme,3
3824,Merkonom i regnskabsvæsen,3
3825,Merkonom i organisation,3
3826,Merkonom i personaleadministration,3
3827,Merkonom una,3
3828,Merkonom i landbrugsledelse,3
3829,Merkonom i miljøledelse,3
3830,Merkonom i innovation,3
3831,Merkonom i international handel,3
3832,Merkonom i logistik,3
3833,Merkonom i personaleudvikling,3
3834,Merkonom i økonomistyring,3
3835,Pc-bruger,3
3836,"Uden profil, akademiuddannelse",3
3837,Akademiuddannelse i kommunikation og formidling,3
3838,Akademiuddannelse i international salg og markedsføring,3
3839,Akademiuddannelse i økonomi- og ressourcestyring,3
3840,Akademiuddannelse i ledelse,3
3841,"Akademiuddannelse i proces-, laboratorie- og fødevareteknologi",3
3842,"Akademiuddannelse i innovation, produkt og produktion",3
3843,Akademiuddannelse i finansiel rådgivning,3
3844,Akademiuddannelse i human ressource,3
3845,Revision,3
3846,Akademiuddannelse i informationsteknologi,3
3847,Akademiuddannelse i international transport og logistik,3
3848,Akademiuddannelse i gastronomi,3
3849,Akademiuddannelse i offentlig forvaltning og administration,3
3850,Akademiuddannelse i sundhedspraksis,3
3851,Akademiuddannelse i Ungdomspædagogik,3
3852,Akademiuddannelse i retail,3
3853,Akademiuddannelse i velfærdsteknologi i praksis,3
3854,Teknonom i indkøb- og materialestyring,3
3855,Akademiuddannelse til beredskabstekniker,3
3856,Teknonom uden liniebetegnelse,3
3857,"Teknonom, håndværkslinie",3
3858,Teknonom i ledelsesteknik,3
3859,Teknonom i driftsteknik og kvalitetsstyring,3
3860,Teknonom i driftsteknik og produktionsstyring,3
3861,Teknonom i kvalitetsstyring,3
3862,Teknonom i produktionsstyring,3
3863,Teknonom i produktionsteknik,3
3864,Teknonom i produktionsteknik edb,3
3865,Teknonom una,3
3866,Teknonom i infomationsteknologi i virksomhed,3
3867,Teknonom i miljøstyring,3
3868,"Amu bai, planlægning, styring og samarbejde i bygge & anlæg",3
3869,"Amu.lev, slagtning, forædling og salg af kød og convenience",3
3870,Tilsynstekniker,3
3871,"Amu.trp, personbefordring med bybus og rutebil",3
3872,Værkstedsfunktionær,3
3873,"Amu.trp, personbefordring med letbane",3
3874,"Amu. trp, personbefordring med metro og letbane",3
3875,Akademiøkonom una,3
3876,Akademiuddannelse i særskilte moduler,3
3877,Akademiuddannelse i naturvejledning,3
3878,Akademiuddannelse i bæredygtighed og grøn omstilling,3
3879,"Amu.bai, diamantskæring, nedrivning og ressourcehåndtering",3
3880,Arbejdsstudietekniker,3
3881,"Amu.mej, landbrugdsproduktionen",3
3882,"Amu.ind-met, svejsning, skæring og maritim produktion i metal",3
3883,"Amu.trp, personbefordring med mindre køretøjer",3
3884,"Amu.eli, vvs-installationer og vedvarende energiløsninger",3
3885,"Landmand, efteruddannelse",3
3886,"Amu.ind, belysningsanlæg",3
3887,"Amu.eli, bygningers el-installationer",3
3888,"Amu.eli, vedvarende energi- og forsyningsanlæg - el",3
3889,"Amu.mej, etablering og pleje af golf- og idrætsbaner (ude)",3
3890,"Amu.bai, bygningsmaling, autolakering samt skilteprod. mv.",3
3910,Merkantile grundfag,3
3915,Merkantile område- og specialefag,3
3920,Tekniske grundfag,3
3925,Tekniske område- og specialefag,3
3930,Korte kurser ved erhvervsskoler,3
3935,"Ledere af håndværksvirksomhed, kursus",3
3939,Iværksætteruddannelse,3
3940,Særligt tilrettelagte forløb ved erhvervsskoler,3
3941,"Erhvervsuddannelser, fagspecifikke kurser",3
3942,Tx-enkeltfag,3
3943,"Mellemlange videregående uddannelser, fagspecifikke kurser",3
3944,"Lange videregående uddannelser, korte kurser",3
3945,"Maler, videreuddannelse",3
3950,Videregående tekniker,3
3955,Tf-kursus una,3
3960,"Sektoroverskridende, åben uddannelse",3
3961,Indledende kurser til VVU,3
3965,Blomsterbinder,3
3970,Akademiuddannelse i service og oplevelser,3
3971,Merkonom i service og oplevelser,3
3972,Akademiuddannelse i Kvalitet og måleteknologi,3
4000,Markedsøkonom,3
4001,"Handelseksamen, almen linie",3
4002,"Handelseksamen, sproglig linie",3
4003,"Handelseksamen, regnskabslinie",3
4004,"Handelseksamen, butikslinie",3
4005,Akademiøkonom i indkøb og import,3
4006,Akademiøkonom i logistik og transport,3
4007,Markedsøkonom una,3
4008,"Hhx, 1-årig",3
4009,Systemprogrammør,3
4010,Edb-assistent,3
4011,Akademiøkonom i international handel,3
4012,Akademiøkonom i international markedsføring,3
4013,Mikroinstruktør,3
4014,Datamatiker,3
4015,Eksportkonsulent,3
4017,Hotel- og restaurationstekniker,3
4018,Rejselivstekniker,3
4019,Eksporttekniker,3
4020,Akademiøkonom i transport,3
4021,Akademiøkonom i afsætning,3
4022,Akademiøkonom i eksport,3
4023,Akademiøkonom i indenlandsk afsætning,3
4024,Akademiøkonom i detailhandel,3
4025,Akademiøkonom i udenrigshandel,3
4026,Akademiøkonom i markedsføring og service,3
4027,Akademiøkonom i økonomi og informatik,3
4028,Akademiøkonom i turisme,3
4029,"Procesteknolog, kemisk-bioteknologisk",3
4030,Akademiøkonom i markedsføring og service una,3
4032,"Designer - Kommunikationsdesign, bach.",3
4033,"Designer digital, bach.",3
4034,"Designer rum og produktion, bach.",3
4035,"Designer illustration, bach.",3
4036,Laborant,3
4037,Produktudvikler,3
4038,Trikotageassistent,3
4039,Tekstilassistent,3
4040,"Maskinmester m. maritimt valgfag (ledelse-drift), prof.bach.",3
4041,"Maskinmester u. maritimt valgfag (ledelse-drift), prof.bach.",3
4044,Farveriassistent,3
4045,Teknisk tegner,3
4048,"Computerteknologi, bach.",3
4049,"Laboratorietekniker, biologi",3
4050,"Laboratorietekniker, kemi",3
4051,"Amu.met, cykel-, knallert- og motorcykeltekniske område",3
4052,Fødevareteknolog,3
4053,Konfektionsassistent,3
4054,Konfektionstekniker,3
4055,Industriel designer,3
4056,"Værkstedsskoleforløb, bygningsteknik",3
4057,"Værkstedsskoleforløb, maskinteknik",3
4058,"Værkstedsskoleforløb, svagstrømsteknik",3
4059,"Værkstedsskoleforløb, stærkstrømsteknik",3
4060,Byggetekniker,3
4061,"Bygningskonstruktør, prof.bach.",3
4062,Byggetekniker una,3
4063,Gastekniker,3
4064,Elektroniktekniker,3
4065,Maskintekniker,3
4066,"Maskintekniker, konstruktion",3
4067,"Maskintekniker, driftsteknik",3
4068,"Maskintekniker, værktøjskonstruktion",3
4069,Vvs-installatør,3
4070,"Designer keramik og glas, bach.",3
4071,"Designer grafisk, bach.",3
4072,"Designer - Beklædningsdesign, bach.",3
4073,"Designer tekstil, bach.",3
4074,"Designer møbe og rum, bach.",3
4075,"Kunsthåndværker, guld- og sølvformgivning",3
4076,"Designer indretning, bach.",3
4077,"Designer interaktive medier, bach.",3
4078,"Designer - Colour Material Finish Design, bach.",3
4079,Bygningskonstruktør una,3
4080,Maskinist,3
4081,"Maskintekniker, stålkonstruktion",3
4082,Maskinmester (gl.ordning),3
4083,"Maskinmester, udvidet",3
4084,Grafonom i teknik og økonomi,3
4085,Grafonom i kommunikation,3
4086,"Designer mode, bach.",3
4087,Bygningskonstruktør una,3
4088,"Crafts in Glass and Ceramics, prof.bach.",3
4089,Byggekoordinator,3
4090,Vildtforvalter,3
4091,Trætekniker,3
4092,Kort- og landmålingstekniker,3
4093,"Skov- og landskabsingeniør, prof.bach.",3
4094,Herregårdsskytte,3
4096,Kvalitets- og måletekniker,3
4097,Miljøtekniker,3
4098,Levnedsmiddelassistent,3
4099,"Laboratorie-, kemo- og miljøtekniker una",3
4100,"Industrioperatør, montage",3
4101,"Industrioperatør, produktivitet",3
4102,"Skibsteknik og Marin konstruktion, prof.bach",3
4103,Støberitekniker una,3
4108,Lastvognsmekaniker,3
4117,Støberitekniker,3
4118,Støberiassistent,3
4119,"Støberitekniker, sandstøbning",3
4120,"Støberitekniker, støbning i permanente forme",3
4121,Industriel reparatør,3
4122,Ædelstensfatter,3
4123,Ædelmetalstøber,3
4124,"Sundhed, omsorg og pædagogik, individuel eud",3
4125,Personvognsmekaniker,3
4126,Industrisvejser,3
4127,Personvognsmontør,3
4128,Lastvognsmontør,3
4129,Håndværksbager,3
4134,Akademiuddannelse i ernæring,3
4135,Produktør,3
4140,Kloakrørlægger,3
4141,Profil aftagelig protetik,3
4142,"Teater-, event- og av-teknisk produktionsassistent",3
4143,Profil fast protetik,3
4144,Tandtekniker i fast protetik,3
4145,Tandtekniker i aftagelig protetik,3
4166,Ferskvareassistent,3
4168,Hotel- og fritidsassistent,3
4188,Eventassistent,3
4189,Sundhedsservicesekretær,3
4192,"Convenience, Coffee shop",3
4193,Finansuddannelsen,3
4194,"Kontoruddannelse, kontorservice",3
4195,Teknik 2. skoleperiode,3
4196,"Kontoruddannelse, kundekontaktcenter",3
4197,Eventkoordinator,3
4198,Hg,3
4199,Ti teknisk introduktionskursus,3
4200,Hg una,3
4201,Kontoruddannelse una,3
4202,Hi handel introduktionskursus,3
4203,Finansuddannelse una,3
4204,Stenindustriarbejder,3
4205,Stentekniker,3
4206,"Træoperatør, døre og vinduer",3
4207,"Træoperatør, møbel",3
4208,"Biochemistry, cand.scient.",3
4211,"Automatiktekniker, elevatorbranchen",3
4212,Medicotekniker,3
4213,Elektronik udviklingstekniker,3
4214,Kedelanlægstekniker,3
4215,Lastvognsmekaniker,3
4216,Bådassistent,3
4217,Bådmekaniker,3
4218,IT-supporter,3
4219,Ventilationssmed,3
4220,"Smed, energiteknik",3
4221,"Smed, rustfast",3
4222,Maskinarbejder,3
4223,Værktøjstekniker,3
4224,Værktøjsmager,3
4225,Vvs-energiteknik,3
4226,"Smed, aluminium",3
4227,Plade- og konstruktionssmed,3
4228,Industriel rørsmed,3
4229,Vvs-rørsmed,3
4230,Skibsbygger,3
4231,Radio- og tv fagtekniker,3
4232,Kranmekaniker,3
4233,Landbrugssmed,3
4234,Automontør,3
4235,Automekaniker,3
4236,Finmekaniker,3
4237,Materielmekaniker,3
4238,"Finmekaniker, måleinstrumenter",3
4239,Cykelmontør,3
4240,Kontorservicetekniker,3
4241,Skibsmontør,3
4242,Automatiktekniker,3
4243,Stærkstrømsmekaniker,3
4244,Lastvognsmekaniker (gl.),3
4245,Knallertmekaniker,3
4246,Motorcykelmekaniker,3
4247,Flymekaniker,3
4248,Landbrugsmaskinmekaniker,3
4249,Bygnings- og landbrugssmed,3
4250,Elektronikfagtekniker,3
4251,Klejnsmed,3
4252,Karrosserismed,3
4253,Svejser,3
4254,Elektrotekniker,3
4255,Cykelmekaniker,3
4256,Beslagsmed,3
4257,Industriformer,3
4258,Former,3
4259,Køletekniker,3
4260,Datatekniker,3
4261,Motormekaniker,3
4262,Entreprenørmaskinmekaniker,3
4263,Traktormekaniker,3
4264,Autoelektromekaniker,3
4265,Træskibstømrer,3
4266,"Bådebygger, træ",3
4267,"Bådebygger, plast",3
4268,Modelsnedker,3
4269,Anlægsstruktør,3
4270,"Produktionsassistent, massivtræsmøbler",3
4271,Brolægger,3
4272,"Elektriker, installationsteknik",3
4273,"Glarmester, glas",3
4274,Bygningsmaler,3
4275,Skiltetekniker,3
4276,Autolakerer,3
4277,Maskinsnedker,3
4278,Murer,3
4279,Bygningssnedker,3
4280,Møbelsnedker,3
4281,Stenhugger,3
4282,Stukkatør,3
4283,Tømrer,3
4284,Blikkenslager og vvs,3
4285,Rustfast industriblikkenslager,3
4286,Vvs-montør,3
4287,"Produktionsassistent, plademøbler",3
4288,Bygningsstruktør,3
4289,Skorstensfejer,3
4290,"Produktionsassistent, døre og vinduer",3
4291,"Elektriker, kommunikationsteknik",3
4292,Teknisk isolatør,3
4293,Vvs- og energispecialist,3
4294,Trædrejer,3
4295,El-montør,3
4296,"Elektriker, styrings- og reguleringsteknik",3
4297,Rustfast industrimontør,3
4298,Orgelbygger,3
4299,Vvs- og ventilationsmontør,3
4300,Mureruddannelse una,3
4301,Industrioperatør (skibsmontør),3
4302,Bådserviceassistent,3
4303,Brolægger- og struktøruddannelse una,3
4304,Træfagenes byggeuddannelse,3
4305,Snedkeruddannelsen,3
4306,"Teknisk designer, industriel produktion",3
4307,"Teknisk designer, bygge og anlæg",3
4308,Teknisk designer,3
4309,Maskinsnedker mm. una,3
4310,"Eventtekniker, illuminationsteknik",3
4311,Vvs-uddannelse una,3
4312,Elektronikoperatør,3
4313,Forsyningsoperatør,3
4314,Teatertekniker,3
4315,Teater- og udstillingstekniker,3
4316,"Eventtekniker, audioteknik",3
4317,"Produktionsassistent, teater og udstilling mv",3
4318,Industrimontør,3
4319,Karrosseriopretter,3
4320,"Forsyningsoperatør, kraftværkssektor",3
4321,Elektriker una,3
4322,CNC-assistent,3
4323,CNC-tekniker,3
4324,Metalstøber,3
4325,Grovsmed,3
4326,"Klejnsmed, rustfast",3
4327,Skibsbygningsarbejder,3
4328,"Industritekniker, plast",3
4329,CNC-drejer,3
4330,CNC-fræser,3
4331,Skruestikarbejder,3
4332,Skibsmekaniker,3
4333,Våbenmekaniker,3
4334,Låsesmed,3
4335,Bådebygger og skibstømrer,3
4336,"Industritekniker, produktion",3
4337,Industrimekaniker,3
4338,"Industritekniker, maskin",3
4339,Gravør,3
4340,"Sølvsmed, bestik",3
4341,Ciselør,3
4342,Guldsmed,3
4343,"Sølvsmed, korpus",3
4344,Skriftgravør,3
4345,Stempelgravør,3
4346,Stålgravør,3
4347,Kobbersmed,3
4348,Gørtler,3
4349,"Gørtler, armatur",3
4350,Metaltrykker,3
4351,Jern- og metalsliber,3
4352,Bygningsmontør,3
4353,"Glarmester, aluminium",3
4354,Tækkemand,3
4355,Telesystemtekniker,3
4356,Teleinstallationstekniker,3
4357,Frontline radio-tv-supporter,3
4358,Frontline PC-supporter,3
4359,Flisemontør,3
4360,Smedeuddannelsen una,3
4361,Butiksguldsmed,3
4362,Overfladebehandler,3
4363,"Overfladebehandler, konstruktion",3
4364,"Overfladebehandler, komponenter",3
4365,Automatikmontør,3
4366,Personliftmekaniker,3
4367,Ventilationstekniker,3
4368,"Elektriker, bygningsautomatik",3
4369,Byggemontagetekniker,3
4370,Karrosserismed una,3
4371,Guld- og sølvsmedeuddannelsen una,3
4372,Hjemmeserviceassistent,3
4373,"Serviceassistent, hospitalservice",3
4374,Fritidsserviceassistent,3
4375,"Serviceassistent, virksomhedsservice",3
4376,Finmekanikassistent,3
4377,Industriassistent,3
4378,Maritime håndværksfag una,3
4379,Karrosseribygger,3
4380,Maskinuddannelse una,3
4381,Rengøringstekniker,3
4382,"Støberitekniker, sandstøbning",3
4383,Værktøjsmager una,3
4384,Former una,3
4385,Industriteknikeruddannelse una,3
4386,"Skibstekniker, reparation",3
4387,"Skibstekniker, konstruktion",3
4388,"Skibstekniker, rør",3
4389,"Smed, bearbejdning",3
4390,Skibstekniker una,3
4391,Industrioperatør una,3
4392,Flymekaniker una,3
4393,Finmekaniker una,3
4394,Mekaniker una,3
4395,Entreprenør- og landbrugsmaskinmekanik una,3
4396,Cykel- og motorcykelmekanik una,3
4397,Elektronik- og svagstrømsuddannelse una,3
4398,Automatik- og procesuddannelse una,3
4399,Data- og kommunikationsuddannelse una,3
4400,Teknisk designer una,3
4401,Teater- og udstillingsteknikeruddannelse una,3
4402,Serviceassistent una,3
4403,"Forsyningsoperatør, el-forsyning",3
4404,Udstillingstekniker,3
4405,Skibsteknikerassistent,3
4406,"Skibstekniker, design",3
4407,Gourmetslagteraspirant,3
4410,Kagekonditor,3
4411,Kagekonditor med profil,3
4412,Brødbager,3
4413,Brødbager med profil,3
4414,Bager og konditor una,3
4415,Slagter,3
4416,Selskabstjener,3
4417,Industrislagter,3
4418,Cater,3
4419,Forædler,3
4420,Detailslagteraspirant,3
4421,"Gourmetslagter, slagtning",3
4422,Tjener,3
4423,Juniortjener,3
4424,Kok,3
4425,"Gourmetslagter, butik",3
4426,Juniorreceptionist,3
4427,Industritarmrenser,3
4428,Kantinemedhjælper,3
4429,Smørrebrødsjomfru,3
4430,Køkkenhjælper,3
4431,Ernæringsassistent,3
4432,Mejerist,3
4433,"Gourmetslagter, delikatesse",3
4434,Svineslagter,3
4435,Pølsemager,3
4436,Kreaturslagter,3
4437,Tarmrenser,3
4438,Kogejomfru,3
4439,Industripølsemager,3
4440,Bager,3
4441,Konditor,3
4442,Receptionist,3
4443,Møller,3
4444,Chokolade- og konfektureassistent,3
4445,Cafeteria- og kantineassistent,3
4446,Mejerioperatør,3
4447,"Detailslagter, fisk og vildt",3
4448,Gastronomassistent,3
4449,Ernæringshjælper,3
4450,"Have- og parkingeniør, prof.bach.",3
4451,Grafisk integrator,3
4452,Digital integrator,3
4453,Multimedie integrator,3
4454,Multimedie animator,3
4455,Digital media uddannelse una,3
4456,Webudvikler,3
4457,Mejerist una,3
4458,Mediegrafiker,3
4459,Trykker,3
4460,Mediegrafiker una,3
4461,Fotograf,3
4462,Reprofotograf,3
4463,Detailslagter una,3
4464,Reprokopist,3
4465,"Grafiker, ombryd-databehandling",3
4466,Industrislagter una,3
4467,Grafisk tekniker,3
4468,Tryktekniker,3
4469,Grafisk tekniker una,3
4470,Håndbogbinder,3
4471,Industribogbinder,3
4472,"Grafiker, layout og montage",3
4473,Serigraf,3
4474,"Fotojournalist, prof.bach.",3
4475,"Grafiker, billedfremstilling",3
4476,Bogbinder una,3
4477,Ernæringsassistent una,3
4478,Film- og TV-assistent,3
4479,Film- og TV-produktionstekniker,3
4480,Film- og TV produktionsuddannelse una,3
4481,Pottemager,3
4482,Frisøraspirant,3
4483,Urmager,3
4484,Laboratorietandtekniker,3
4485,Modist,3
4486,Skrædder,3
4487,Buntmager,3
4488,Frisør,3
4489,Farverioperatør,3
4490,Tekstiloperatør,3
4491,Hue- og kasketmager,3
4492,Pottemager una,3
4493,Buntmagersyer,3
4494,Beklædningshåndværker una,3
4495,Autopolstrer,3
4496,Gardindekoratør,3
4497,Gulvlægger,3
4498,Optometrist (erhvervsfaglig),3
4499,Frisør una,3
4500,Ortopædiskomager,3
4501,Modellør,3
4502,Glasmager,3
4503,Glassliber,3
4504,Glasrørsblæser,3
4505,Cafeteria- og kantineassistent una,3
4506,Keramisk former,3
4507,Blåmaler,3
4508,Figur- og vasemaler,3
4509,Overglasurmaler,3
4510,Beklædningsoperatør,3
4511,Tandklinikassistent,3
4512,Møbelpolstrer,3
4513,Autosadelmager,3
4514,"Tandtekniker, aftagelig protetik",3
4515,Beklædningshåndværker,3
4516,Modelindretter,3
4517,Serviceskomager,3
4518,Strikkeoperatør,3
4519,Textil- og beklædningsassistent,3
4520,Porcelænsmaler una,3
4521,Basistandtekniker,3
4522,Fitnessinstruktør,3
4523,Kosmetikerassistent,3
4524,Kosmetiker,3
4525,Ortopædist,3
4526,Nådler,3
4527,Lager- og terminaldisponent,3
4528,Handskemager,3
4529,Håndsyer,3
4530,Sejlmager,3
4531,Skomager una,3
4532,Modelsyer,3
4533,"Audiologiassistent, hospitalsteknisk",3
4534,"Neurofysiologiassistent, hospitalsteknisk",3
4535,Tekstile erhvervsuddannelser una,3
4536,Kosmetiker una,3
4537,Gastronom una,3
4538,Tjener una,3
4539,Receptionist una,3
4540,Mediegrafisk assistent,3
4541,Lager- og terminaluddannelse una,3
4542,Hospitalsteknisk assistent una,3
4543,Laboratorietandtekniker una,3
4544,Gardinmontør,3
4545,"Kosmetiker, hud- og skønhedspleje",3
4546,"Kosmetiker, spa- og wellnessbehandling",3
4547,Plastspecialist,3
4548,Plastmager,3
4549,Procesoperatør,3
4550,Plast- og procesoperatør una,3
4551,Procesarbejder,3
4552,Plastmager una,3
4553,Procesoperatør una,3
4554,Plastmedhjælper,3
4555,Tekstilarbejder,3
4556,"Bygnings- og brugerservice, individuel eud",3
4557,"Ejendomsservicetekniker, boligservice",3
4558,"Ejendomsservicetekniker, erhvervs- og institutionsservice",3
4559,Ejendomsmedhjælper,3
4560,Ejendomsservice una,3
4561,Audiometrist,3
4562,"Odontologisk praksis, videreuddannelse",3
4563,Bygningssnedker,3
4564,"Væksthusgartner, produktion",3
4565,"Væksthusgartner, handel",3
4566,Væksthusgartner una,3
4567,Procesoperatør med speciale i pharma og fødevareingrediens,3
4568,Møbelsnedker,3
4569,Havne- og terminaluddannelse una,3
4570,"Skov- og naturtekniker, biotop-vildtpleje",3
4571,Elevatortekniker,3
4572,Karrosseritekniker - opretter,3
4573,A-flymekaniker,3
4574,Ambulancebehandler,3
4575,Veterinærsygeplejerske,3
4576,Skovbrugsmaskinfører,3
4577,Arborist,3
4578,Detailbager,3
4579,Av-tekniker,3
4580,Digital handel B2B,3
4581,Automatiseringstekniker,3
4582,"B2-flytekniker, elektronik",3
4583,Karrosseritekniker-bygger,3
4599,"Paramedicin og præhospitalt arbejde, prof.bach.",3
4600,"Lufthavnsoperatør, brand og redning",3
4601,"Lufthavnsoperatør, bagage loading",3
4602,"Lufthavnsoperatør, bagage sorting",3
4603,Tagdækker,3
4604,Rangerleder,3
4605,"Togklargører, godstog med speciale",3
4606,"Lufthavnsuddannelse, rampe service",3
4607,"Lufthavnsuddannelse, ground handling",3
4608,"Lufthavnsuddannelse, cleaning",3
4609,"Lufthavnsuddannelse, fuel",3
4610,"Lufthavnsuddannelse, airport service",3
4611,"Lufthavnsuddannelse, aircraft service",3
4612,"Lufthavnsuddannelse, cargo",3
4613,Landbrugsuddannelse una (ny),3
4614,Landbrugsassistent,3
4615,Greenkeeper,3
4616,Groundman,3
4617,"Landmand, husdyr",3
4618,"Landmand, planter",3
4619,"Anlægsgartner, plejeteknik",3
4620,Anlægsgartnerassistent,3
4621,"Planteskolegartner, handel",3
4622,"Anlægsgartner, anlægsteknik",3
4623,Frilandsgartner,3
4624,Frugt- og bæravler,3
4625,"Planteskolegartner, produktion",3
4626,Væksthusgartner,3
4627,"Skov- og naturtekniker, skovbrug",3
4628,Godsarbejder,3
4629,Dyrepasser,3
4630,Væksthusgartnerassistent,3
4631,Skovbrugsmaskinfører,3
4632,Markbruger 1 1/2 år,3
4633,Savværks- og træindustriarbejder,3
4634,Greenkeeperassistent,3
4635,"Skov- og naturtekniker, træ- og landskabspleje",3
4636,Jordbrugsmaskinfører,3
4637,"Skov- og naturtekniker, naturformidler",3
4638,Fiskeassistent,3
4639,Jordbrugsassistent,3
4640,Veterinærsygeplejerske,3
4641,"Skov- og naturtekniker, skov- og naturpleje",3
4642,Skov- og naturassistent,3
4643,Veterinærsygehjælper,3
4644,Lager- og procesoperatør,3
4645,Lagerarbejder,3
4646,Transportarbejder,3
4647,Flyttearbejder,3
4648,"Chauffør, dagligvaretransport",3
4649,"Chauffør, containertransport",3
4650,"Chauffør, temperaturtransport",3
4651,Kranfører,3
4652,Chaufførmedhjælper,3
4653,"Chauffør, entreprenørkørsel",3
4654,"Chauffør, tankbilchauffør",3
4655,Stationsbetjent,3
4656,Lager- og transportoperatør,3
4657,"Chauffør, specialtransport",3
4658,"Chauffør, transport af levende dyr",3
4659,"Chauffør, renovation",3
4660,"Chauffør, all round",3
4661,Flyttechauffør,3
4662,Eksportchauffør,3
4663,Redder,3
4664,Fragtchauffør,3
4665,"Chauffør, persontransport",3
4666,Havne- og terminalarbejder,3
4667,"Postoperatør, center",3
4668,Godschauffør,3
4669,Togklargøring,3
4670,Sikkerhedsvagt,3
4671,Salgschauffør,3
4672,Buschauffør,3
4673,"Skov- og naturtekniker, natur- og friluftsformidling",3
4674,Rutebilchauffør,3
4675,Lastbilchauffør,3
4676,Buschauffør med speciale,3
4677,Lager- og produktionsoperatør,3
4678,Lager- og logistikoperatør,3
4679,Lagermedhjælper,3
4680,Groundsmanassistent,3
4681,"Postoperatør, transport",3
4682,"Postoperatør, distribution",3
4683,Ambulanceassistent,3
4684,"Lufthavnsuddannelse, transportarbejder",3
4685,"Kørselsdisponent, vejgodstransport",3
4686,"Lufthavnsuddannelse, bagage og cargo",3
4687,"Lufthavnsoperatør, service",3
4688,"Dyrepasser, ZOO",3
4689,"Dyrepasser, forsøgsdyr",3
4690,"Dyrepasser, heste",3
4691,Dyrepasserassistent,3
4692,Veterinærsygeplejerske una,3
4693,"Kørselsdisponent, persontransport",3
4694,"Buschauffør, international kørsel",3
4695,Planteskolegartnerassistent,3
4696,Lufthavnsoperatør,3
4697,"Veterinærsygeplejerske, heste",3
4698,"Veterinærsygeplejerske, smådyr",3
4699,Landbrugsuddannelse una,3
4700,Dyrepasser una,3
4701,"Bygge og anlæg, indgangsår (gl)",3
4702,"Jern og metal, indgangsår (gl)",3
4703,"Grafisk, indgangsår (gl)",3
4704,"Teknik og industri, indgangsår (gl)",3
4705,"Service, indgangsår (gl)",3
4706,"Levnedsmiddel/husholdning, indgangsår (gl)",3
4707,"Jordbrug og fiskeri, indgangsår (gl)",3
4708,"Transport, indgangsår (gl)",3
4709,"Sundhed, indgangsår (gl)",3
4710,Det merkantile område,3
4711,"Sikkerhed, indgangsår",3
4712,Teknologi og kommunikation,3
4713,Bygge og anlæg,3
4714,Håndværk og teknik,3
4715,Fra jord til bord,3
4716,"Mekanik, transport og logistik",3
4717,Service,3
4718,Produktionsgartner una,3
4719,"Handel og kontor, indgangsår (gl)",3
4720,Anlægsgartner una,3
4721,Skov- og naturtekniker una,3
4722,Vejgodstransportudd. una,3
4723,Personbefordringsuddannelse una,3
4724,Redderuddannelse una,3
4725,Erhvervsgrunduddannelse EGU,3
4726,Transportuddannelse una,3
4727,Postuddannelse una,3
4728,Social- og sundhedsuddannelsen una,3
4729,Havnemedhjælper,3
4730,"Bil, fly og andre transportmidler",3
4731,Bygge og anlæg (ny),3
4732,Bygnings- og brugerservice,3
4733,"Dyr, planter og natur",3
4734,Krop og stil,3
4735,Mad til mennesker,3
4736,Medieproduktion,3
4737,Produktion og udvikling,3
4738,"Strøm, styring og IT",3
4739,"Sundhed, omsorg og pædagogik",3
4740,Transport og logistik,3
4741,Autohjælp,3
4750,"Teknologi- og kommunikation, individuel eud",3
4754,"Mekanik, transport og logistik, individuel eud",3
4755,"Datatekniker, speciale i infrastruktur",3
4756,"Krop og stil, individuel eud",3
4757,"Datatekniker, speciale i programmering",3
4758,"Merkantile område, individuel eud",3
4759,"Autohjælp, redderuddannelsen",3
4760,"Jord til bord, individuel eud",3
4762,"Service, individuel eud",3
4763,"Landmand, økologi",3
4764,"Forberedende grunduddannelse (FGU), basis",3
4765,"Forberedende grunduddannelse (FGU), almen grunduddannelse",3
4766,"Forberedende grunduddannelse (FGU), produktionsgrunduddannelse",3
4767,"Forberedende grunduddannelse (FGU), erhvervsgrunduddannelse",3
4768,"Forberedende grunduddannelse (FGU), uden specialisering",3
4780,Social- og sundhedshjælper (eud),3
4781,Social- og sundhedsassistent (eud),3
4782,Pædagogisk assistentuddannelse (eud),3
4783,"Bil, fly og andre transportmidler, individuel eud",3
4784,"Dyr, planter og natur, individuel eud",3
4785,"Medieproduktion, individuel eud",3
4786,"Produktion og udvikling, individuel eud",3
4787,"Bygge og anlæg, individuel eud",3
4788,"Mad til mennesker, individuel eud",3
4789,"Strøm, styring og it, individuel eud",3
4790,Fysisk træning,3
4791,Centeradministration,3
4792,Fitness manager,3
4800,"Global Innovation Management, cand.merc.",3
4801,"Globale forretningssystemer, ing.bach.",3
4802,"HA almen erhvervsøkonomi, bach.",3
4803,"HA(jur.) erhvervsøkonomi-jura, bach.",3
4808,"Erhvervsøkonomi, cand.merc.",3
4809,"Economics and Business Administration, cand.merc.",3
4810,"Erhvervsøkonomi og jura, cand.merc.jur.",3
4811,"Revision, cand.merc.aud.",3
4850,Kedelsmed,3
4851,Nitter og stemmer,3
4853,Karetmager og karrosseribygger,3
4854,Instrumentmager,3
4855,Skibssnedker,3
4856,Jernskibstømrer,3
4858,Industrisnedker,3
4859,Violinbygger,3
4860,Billedskærer,3
4861,Forgylder,3
4864,Offsetkopist,3
4865,Klichefotograf,3
4866,"Retouchør, fotograf",3
4867,Offsetfotograf,3
4868,Ætser,3
4869,Retouchør,3
4870,Tilskærer,3
4871,Porteføljemager,3
4874,Børstenbinder,3
4875,Bødker,3
4876,Kurvemager,3
4877,"Slagter, privat mester",3
4878,Bacontilvirker,3
4879,Dropskoger,3
4880,Defektrice,3
4881,Ortopædisadelmager,3
4882,Ortopædimekaniker,3
4901,"Detail, babyudstyr og børnekonfektion",3
4902,"Detail, dameekvipering",3
4903,"Detail, herreekvipering",3
4904,"Detail, hvidevarer og sengeudstyr",3
4905,"Detail, fiskehandel",3
4906,"Detail, forbrugerelektronik",3
4907,"Detail, skibsproviantering",3
4908,"Detail, boligtekstil og montering",3
4909,"Detail, butiksmedhjælper",3
4910,"Detail, optik",3
4911,"Detail, boghandel",3
4912,"Detail, fotohandel",3
4913,"Detail, papirhandel",3
4914,"Detail, isenkram-værktøj",3
4915,"Detail, isenkram, glas og porcelæn",3
4916,"Detail, sport og camping",3
4917,"Detail, guld og sølv",3
4918,"Detail, Tv og radio",3
4919,"Detail, kolonial",3
4920,"Detail, viktualie",3
4921,"Detail, farve og tapet",3
4922,"Detail, materialhandel",3
4923,"Detail, blomster",3
4924,"Detail, sæbe og parfume",3
4925,"Detail, sko og læder",3
4926,"Detail, tekstil",3
4927,"Detail, møbler og boligudstyr",3
4928,"Detail, el-installation",3
4929,"Detail, legetøj og hobby",3
4930,"Detail, autohandel",3
4931,"Detail, vin og tobak",3
4932,Dekoratør,3
4933,"Detail, hårde hvidevarer",3
4934,Detailhandelsuddannelse una,3
4937,"Detail, byggemarked",3
4938,"Detail, salgsassistent",3
4939,"Detail, servicestation og kiosk",3
4940,"Detail, bager",3
4941,"Detail, kædebutik",3
4942,"Detail, frugt og grønt",3
4943,"Detail, musik-video-software",3
4944,"Detail, nærbutik",3
4945,"Detail, stormagasin",3
4946,Digital handel,3
4947,"Convenience, bageriudsalg",3
4948,Convenience,3
4949,Retail Manager,3
4951,"Engros, korn og foderstof",3
4952,"Engros, kolonial",3
4953,"Engros, manufaktur",3
4954,"Engros, trælast mv.",3
4955,"Engros, værktøj-maskiner",3
4956,"Engros, jern-stål",3
4957,"Engros, isenkram",3
4958,"Engros, auto -reservedele",3
4959,"Engros, landbrugsmaskiner",3
4960,"Engros, el-engros",3
4961,"Engros, vvs-branchen",3
4962,"Engros, tekstil",3
4963,Logistikassistent,3
4964,Indkøbsassistent,3
4965,"Handelsassistent, salg",3
4966,"Handelsassistent, service",3
4967,Handelsuddannelse una,3
4968,"Handelsassistent, telekommunikation",3
4969,"Engros, storkundeprofil",3
4970,Engros med detail,3
4971,"Engros, kontor all round",3
4977,"Kontor, økonomi",3
4978,"Kontor, administration",3
4979,"Kontor, administration med IT",3
4980,Kundemedarbejder,3
4981,"Kontor, all round",3
4982,"Kontor, korrespondance",3
4983,"Kontor, regnskab og revision",3
4984,"Kontor, offentlig administration",3
4985,"Kontor, rejsebranche",3
4986,Pengeinstitut,3
4987,Finansassistent,3
4988,Forsikring,3
4989,"Kontor, kommune og amtskommune",3
4990,Lægesekretær,3
4991,Advokatsekretær,3
4992,"Kontor, spedition og shipping",3
4994,Iværksætter,3
4995,Edb-assistent 2-årig,3
4996,Informatikassistent,3
4997,"Kontor, stat",3
4998,Realkredit,3
4999,Transportbetjent,3
5000,Akademiuddannelse i projektledelse - medie- kommunik.branchen,3
5001,Akademiuddannelse i kreativitet og design,3
5003,Akademiøkonom i kommunikation og reklame,3
5004,"Akademiøkonom, salgskonsulent",3
5005,Akademiøkonom i international erhvervsinformation,3
5006,Akademiøkonom i internationalt salg,3
5007,Akademiøkonom i miljø og økonomi,3
5008,Akademiøkonom i sport og fritid,3
5009,Akademiøkonom i hotel- og restaurantledelse,3
5015,Tf-kursus,3
5016,Tf-kemiteknik,3
5017,"Gas-, vand- og sanitetsmester",3
5018,Tf-produktionsteknik,3
5019,Tf-mejeriteknik,3
5020,Akademiøkonom i bilbranchen,3
5021,Politikadet,3
5022,"Designer Design for People, cand.design",3
5023,"Designer Design for Planet, cand.design",3
5024,"Designer Design for Play, cand.design",3
5025,Eksamineret eksportør,3
5027,Maritim teknolog,3
5028,"1. år, hhx",3
5029,"2. år, hhx",3
5030,Værktøjskonstruktør,3
5031,Anlægstekniker,3
5032,Orgelbygger,3
5033,El-installatør,3
5034,Stærkstrømsinstallatør,3
5035,Plasttekniker,3
5036,Modeltekniker,3
5037,El-installatøruddannelse una,3
5038,Modelkonstruktør,3
5039,Trikotagetekniker,3
5040,Tekstiltekniker,3
5041,Farveritekniker,3
5042,Indkøbstekniker,3
5043,Installatør una,3
5044,Tf-gartneriteknik,3
5045,Tekstil- og beklædningsteknik una,3
5046,"Bygningskonstruktør, anlægsteknik",3
5047,"Bygningskonstruktør, byggeteknik",3
5048,Tf-skibsteknik,3
5049,Tf-tekstilteknik,3
5050,Datatekniker med speciale i cybersikkerhed,3
5051,Tf-byggeteknik,3
5052,Tf-maskinteknik,3
5053,Tf-stærkstrømsteknik,3
5054,Tf-svagstrømsteknik,3
5055,"Designer, bach.",3
5056,"Designer kommunikation, cand.design",3
5057,"Designer møbel og rum, cand.design",3
5058,"Designer unika design, cand.design",3
5059,"Designer industriel, cand.design",3
5060,"Værkstedsteknisk grundskole, bandagist",3
5061,Laboratorietekniker,3
5062,"Designer guld og sølv, cand.design",3
5063,"Designer, cand.design",3
5064,"Designer Accessory Design, cand.design",3
5065,"IT-teknolog, elektronik",3
5066,"Gartneritekniker, anlæg",3
5067,"Gartneritekniker, planteskole",3
5068,"Gartneritekniker, væksthus",3
5069,"Gartneritekniker, grøntsager",3
5070,"Gartneritekniker, produktion",3
5071,Jordbrugstekniker una,3
5072,"Landbrugstekniker, teknisk speciale",3
5073,"Landbrugstekniker, økonomisk-merkantilt speciale",3
5074,Food business engineer,3
5075,"Tekstildesign, -håndværk og formidling, prof.bach.",3
5076,Akademiøkonom i designmanagement,3
5077,Akademiøkonom i sprog og økonomi,3
5078,Akademiøkonom i handel med fast ejendom,3
5079,Akademiøkonom i international telekommunikation,3
5080,"Htx, 3-årig",3
5081,"1. år, htx",3
5082,Multimediedesigner,3
5083,Mediekoordinator,3
5084,Innovation og entrepreneurship,3
5085,Akademiøkonom i kommunikation og formidling,3
5086,Logistikøkonom,3
5087,Visualizer,3
5088,"2. år, htx",3
5089,"Global ledelse og design af produktionsnetværk (GMM), ing.prof.bach.",3
5090,"Hhx, 3-årig",3
5091,"Laborant, forskole",3
5092,"3. år, htx",3
5093,Akademiøkonom i servicesektor management,3
5094,Akademiøkonom i østeuropæisk handel,3
5095,Akademiøkonom i markedskommunikation,3
5096,Akademiøkonom i grafisk kommunikation,3
5097,"3. år, htx",3
5098,"3. år, hhx",3
5099,Sundhedsadministrativ koordinator,3
5100,"Jordbrugsteknolog, bygninger og teknik",3
5101,"Designer digital, cand.design",3
5102,"Designer rum-produktion, cand.design",3
5103,"Designer grafisk, cand.design",3
5104,"Designer illustration, cand.design",3
5105,"Designer interaktive medier, cand.design",3
5106,"Designer beklædning, cand.design",3
5107,"Designer tekstil, cand.design",3
5108,"Designer keramik og glas, cand.design",3
5109,"Designer mode, cand.design",3
5110,"Jordbrugsteknolog, husdyrproduktion",3
5111,"Børneforsorgspædagog, småbørnslinie",3
5112,"Børneforsorgspædagog, almen linie",3
5113,Socialpædagog,3
5114,"Børneforsorgspædagog, kursus 4 mdr.",3
5115,"Socialpædagog, videreuddannelse",3
5116,Omsorgsassistent ved åndsvageforsorgen,3
5117,"Pædagogisk arbejde, diplomuddannelse",3
5118,"Omsorgspersonale, fortsætteruddannelse",3
5119,"Offentlig administration, prof.bach.",3
5120,"Socialpædagog, fællesuddannelse",3
5121,Finansøkonom,3
5122,Handelsøkonom,3
5123,Markedsføringsøkonom,3
5124,Service- og oplevelsesøkonomi,3
5125,Administrationsøkonom,3
5126,"FIF flygtninge, adgangskursus til videregående uddannelse",3
5127,"Socialrådgiver, prof.bach.",3
5128,"Socialrådgiver, årskursus",3
5129,Autoteknolog,3
5130,"Jordbrugsteknolog, planteproduktion",3
5131,Designteknolog,3
5132,Installatør,3
5133,IT-teknolog,3
5134,Jordbrugsteknolog,3
5135,Procesteknolog (fødevarer),3
5136,Produktionsteknolog,3
5137,Entreprenørskab og design,3
5138,"Industriel designer (overbygning), prof.bach.",3
5139,Driftsteknolog offshore,3
5140,Teknisk manager offshore,3
5141,Ernæringsteknolog,3
5142,Pædagogisk grunduddannelse,3
5143,Markedsføringsøkonom,3
5144,"Social og sundhed, grundforløb",3
5145,Beskæftigelsesvejleder,3
5146,Plejer,3
5147,Social- og sundhedshjælper,3
5148,Sygehjælper,3
5149,Plejehjemsassistent,3
5150,"Kiropraktor, forskole",3
5151,"Fysioterapi, prof.bach.",3
5152,Social- og sundhedsassistent,3
5153,"Ergoterapi, prof.bach.",3
5154,"Ergo- og fysioterapeut ledende/undervisende, videreuddannelse",3
5155,Fodterapeut,3
5156,Økonoma,3
5157,"Psykomotorik, prof.bach.",3
5158,"Radiograf, prof.bach.",3
5159,"Bioanalytiker, prof.bach.",3
5160,"Urban landskabsingeniør, prof.bach.",3
5161,"Bandagist, prof.bach.",3
5162,"IT-teknolog, netværksteknologi",3
5163,"Jordbrugsteknolog, landskab og anlæg",3
5164,"Jordbrugsteknolog, natur og miljø",3
5165,"Klinisk biomekanik, bach.",3
5166,"Sygeplejerske, prof.bach.",3
5167,"Ledende hjemme- og plejehjemssygeplejerske, diplomeksamen",3
5168,Sundhedsplejerske,3
5169,Ledende sygeplejerske,3
5170,Afdelingssygeplejerske,3
5171,"Sundheds- og sygeplejerske, videreuddannelse",3
5172,Undervisende sygeplejerske,3
5173,Ledende og undervisende jordemoder,3
5174,Energiteknolog,3
5175,"Jordemoder, prof.bach.",3
5176,"Optometrist, prof.bach.",3
5177,Farmakonom,3
5178,"Sygeplejerske, Danmarks sygeplejerskehøjskole 1.-2. del",3
5179,"Sygepleje supplering, adgangsgivende til videre uddannelse",3
5180,"Sygeplejevidenskab, cand.scient.",3
5181,"Sygeplejerske, diplomeksamen",3
5182,Sikkerhedsfunktionær,3
5183,"Styrmand, 1-årig",3
5184,Skibsmaskinist,3
5185,Radiotelegrafist,3
5186,"Kommunikationsoperatør, søfart",3
5187,Vagtofficer,3
5188,"Juniorofficer dual purpose, prof.bach.",3
5189,Maskinmester,3
5190,Styrmand (skibsfører),3
5191,"Skibsofficer dual-purpose, prof.bach.",3
5192,"Juniorofficer, 2.teoridel",3
5193,"Juniorofficer, 3.teoridel",3
5194,"Skibsfører, seniorofficer, prof.bach.",3
5195,Skibsfører (uden gymnasial baggrund),3
5196,"Enhedsfunktionær, fængselsvæsenet",3
5197,"Værkmester, fængselsvæsenet",3
5198,Polititjenestemand,3
5199,Fængselsbetjent,3
5200,Postelev,3
5201,Teleelev,3
5202,Postassistent,3
5203,Automationsteknolog,3
5204,"Designer una, cand.design",3
5205,Toldbetjent,3
5206,Toldassistent,3
5207,Toldfaglig grunduddannelse,3
5208,Toldsekretær,3
5209,Toldfuldmægtig,3
5210,"Laboratorie-, fødevare- og procestekn. (overbygning), prof.bach.",3
5211,"Jordbrugsvirksomhed (overbygning), prof.bach.",3
5212,"IT product design, cand.it.",3
5213,"Robotics, civilingeniør cand.polyt.",3
5214,"Netværk og distribuerede systemer, civilingeniør cand.polyt.",3
5215,Lokomotivfører,3
5216,"Regulation and automation, civilingeniør cand.polyt.",3
5217,"Wireless communication systems, cand.polyt.",3
5218,"Vision, graphics and inveractive systems, cand.polyt.",3
5219,"Embedded Software Design, cand.polyt.",3
5220,Skibsfører (uden gymnasial uddannelse),3
5221,"Maskinmester - maskinteknisk ledelse og drift, prof.bach.",3
5222,"Jordbrugsvirksomhed, husdyr (overbygning), prof.bach.",3
5223,"Seniorofficer dual purpose, maskinchef, prof.bach.",3
5224,"Seniorofficer dual purpose, skibsfører, prof.bach.",3
5225,"Seniorofficer dual purpose, skibschef, prof.bach.",3
5226,"Skibsfører, prof.bach.",3
5227,"Jordbrugsvirksomhed, miljø og natur (overbygning), prof.bach.",3
5228,"Seniorofficer dual purpose, maskinchef med el-aut., prof.bach.",3
5229,"Seniorofficer dual purpose, skibschef med el-aut., prof.bach.",3
5230,"Adgangskursus, skov- og landskabsingeniør",3
5231,"Designteknolog, design",3
5232,"Designteknolog, produktion",3
5233,"Designteknolog, business",3
5234,"Designteknolog, marketing",3
5235,"Designteknolog, retail",3
5236,"Acoustics and audiotechnology, cand.polyt.",3
5237,"Signal processing and computing, cand.polyt.",3
5238,Miljøteknolog,3
5239,"Environmental Science, cand.tech.",3
5240,"Chemical engineering, cand.polyt.",3
5241,"Bioinformatics, cand.polyt.",3
5242,"Human-Centered Artificial Intelligence, cand.polyt.",3
5243,"Mechanical engineering, civilingeniør 2år, cand.polyt.",3
5244,"Maritime technology, cand.tech.",3
5245,"Kemi og bioteknologi, cand.scient.tech.",3
5246,"Politivirksomhed, prof.bach.",3
5247,"Interaction Design, ing.prof.bach.",3
5248,"Fødevareteknologi, ing.prof.bach.",3
5249,"Electronics, civilingeniør cand.polyt.",3
5250,"Elektrisk energiteknologi, ing.prof.bach.",3
5251,"Stærkstrømsteknologi, ing.prof.bach.",3
5252,"Civil Engineering, ing.prof.bach.",3
5253,"Byggeri og infrastruktur, ing.prof.bach.",3
5254,"Bygning, ing.prof.bach.",3
5255,"Bygningsteknik, ing.prof.bach.",3
5256,"Globale forretningssystemer, ing.prof.bach.",3
5257,"Elektronik, ing.prof.bach.",3
5258,"Elektronik og datateknik, ing.prof.bach.",3
5259,"Elektroteknologi, ing.prof.bach.",3
5260,"Jordbrugsteknolog, jordbrugsøkonomi og ledelse",3
5261,Lufthavnsoperatør med speciale i disponering,3
5262,Plastoperatør,3
5263,Procesoperatør med speciale i grøn energi og produktion,3
5264,Lageroperatør til automatiserede lagre,3
5265,"Klinisk biomekanik, cand.manu.",3
5266,"Climate and Supply Engineering, ing.prof.bach.",3
5267,"Softwareteknologi, ing.prof.bach.",3
5268,"It og økonomi, ing.prof.bach.",3
5269,"It-elektronik, ing.prof.bach.",3
5270,"Kemiteknologi, ing.prof.bach.",3
5271,"Computerteknologi, cand.polyt.",3
5272,"Miljø, civilingeniør",3
5273,"Biotechnology and Chemical Engineering, cand.polyt.",3
5274,"Teknisk geologi, cand.polyt.",3
5275,"Kemi- og bioteknologi, ing.prof.bach.",3
5276,"Maskinteknik, ing.prof.bach.",3
5277,"Maskinteknologi, ing.prof.bach.",3
5278,"Materials Science, ing.prof.bach.",3
5279,"Nanoteknologi, ing.prof.bach.",3
5280,"Produktion (Produktionsteknik), ing.prof.bach.",3
5281,"Softwareteknologi, ing.prof.bach.",3
5282,"Kemiteknik og International Business, ing.prof.bach.",3
5283,"Mobilitet, Transport og Logistik, ing.prof.bach.",3
5284,"Robotteknologi, ing.prof.bach.",3
5285,"Nordisk urban planlægning, cand.soc.",3
5286,"Business analytics, cand.polyt.",3
5287,"Kok, grøn gastronomi",3
5295,Fiskeriteknolog,3
5298,"Adgangseksamen til ingeniøruddannelsen 1,5 år",3
5299,Adgangseksamen til ingeniøruddannelsen,3
5300,"Elektroteknik, teknikumingeniør",3
5301,"Bygge og anlæg, teknikumingeniør",3
5302,"Husbygning, teknikumingeniør",3
5303,"Agroanlæg, teknikumingeniør",3
5304,"Bygning og erhvervsøkonomi, teknikumingeniør",3
5305,"Elektro, teknikumingeniør",3
5306,"Stærkstrøm, teknikumingeniør",3
5307,"Svagstrøm, teknikumingeniør",3
5308,"Proces og innovation, ing.prof.bach.",3
5309,"Fødevaresikkerhed og -kvalitet, ing.prof.bach.",3
5310,"Maskinretning, teknikumingeniør",3
5311,"Maskin, mekanisk-termisk, teknikumingeniør",3
5312,"Maskin, mekanisk teknologi, teknikumingeniør",3
5313,"Maskin, skibsteknik, teknikumingeniør",3
5314,"Maskin, procesteknologi, teknikumingeniør",3
5315,"Produktion, teknikumingeniør",3
5316,"Maskin, energi, teknikumingeniør",3
5317,"Maskin, konstruktion, teknikumingeniør",3
5318,"Maskin, produktion, teknikumingeniør",3
5319,"Maskin, mekanisk anlæg, teknikumingeniør",3
5320,"Skibsbygning, teknikumingeniør",3
5321,"Skibsbygning, produktion, teknikumingeniør",3
5322,"Skibsbygning, maskin, teknikumingeniør",3
5323,"Skibskonstruktion, teknikumingeniør",3
5324,"Lyddesign, prof.bach.",3
5325,"Modulordning, teknikumingeniør",3
5326,"Produktudvikling og teknisk integration (overbygning), prof.bach.",3
5327,"Business Development Engineer, ing.prof.bach.",3
5328,"Teknologi og økonomi, ing.prof.bach.",3
5329,"Design og innovation, ingeniør prof.bach.",3
5330,"Kemi, teknikumingeniør",3
5331,"Global business og teknologi, ing.prof.bach.",3
5332,"Diplomingeniør, prof.bach. una",3
5333,"Maskin, ing.prof.bach.",3
5334,"Stærkstrøm, ing.prof.bach.",3
5335,"Bygning, ing.prof.bach.",3
5336,"Produktion, ing.prof.bach.",3
5337,"Svagstrøm, ing.prof.bach.",3
5338,"Elektronik og IT, ing.prof.bach.",3
5339,"Kemi, ing.prof.bach.",3
5340,"Materialeteknologi, ingeniør prof.bach.",3
5341,"Datamatik, akademiingeniør",3
5342,Levnedsmiddelingeniør,3
5343,"IT, ing.prof.bach.",3
5344,"IT for datamatiker, ingeniør prof.bach.",3
5345,"Arktisk byggeri og infrastruktur, ing.prof.bach.",3
5346,"Bygningsdesign, ing.prof.bach.",3
5347,"Bæredygtig energiteknik, ing.prof.bach.",3
5348,"Civil Engineering, ing.prof.bach.",3
5349,"Information, akademiingeniør",3
5350,"Bygning, akademiingeniør",3
5351,"Anlæg, akademiingeniør",3
5352,"Elektronik, akademiingeniør",3
5353,"Stærkstrøm, akademiingeniør",3
5354,"Svagstrøm, akademiingeniør",3
5355,"Kemi, akademiingeniør",3
5356,"Energi, akademiingeniør",3
5357,"Maskin, akademiingeniør",3
5358,"Industri, akademiingeniør",3
5359,"Teknisk manager offshore (overbygning), prof.bach.",3
5360,Civilingeniør una,3
5361,"Bygning, civilingeniør",3
5362,"Elektronik, civilingeniør",3
5363,"Chemistry, cand.polyt.",3
5364,"Maskin, civilingeniør",3
5365,"Bygning-almen, civilingeniør",3
5366,"Anvendt mekanik, civilingeniør cand.polyt.",3
5367,"Husbygning, civilingeniør",3
5368,"Teknisk hygiejne, civilingeniør",3
5369,"Trafik- og byplanlægning, civilingeniør",3
5370,"Vandbygning-fundament, civilingeniør",3
5371,"Systemkonstruktion, civilingeniør",3
5372,"Konstruktion anlæg, civilingeniør",3
5373,"Planlægning-miljø, civilingeniør",3
5374,"Procesregulering, civilingeniør",3
5375,"Stærkstrøm, civilingeniør",3
5376,"Svagstrøm, civilingeniør",3
5377,"Elektro-fysik, civilingeniør",3
5378,"Maskinkonstruktion, civilingeniør",3
5379,"Planlægning, civilingeniør",3
5380,"Medikoteknisk, civilingeniør",3
5381,"Offshore, civilingeniør",3
5382,"Telekommunikation, civilingeniør",3
5383,"Anlægskonstruktion, civilingeniør",3
5384,"Indeklima, civilingeniør",3
5385,"Technology Based Business Development, cand.polyt.",3
5386,"Fiskeriteknik, civilingeniør",3
5387,"Environmental engineering, cand.polyt.",3
5388,"Management Engineering, cand.polyt.",3
5389,"Bygningskonstruktion, civilingeniør",3
5390,"Fysik, civilingeniør",3
5391,"Energi, civilingeniør",3
5392,"Konstruktion maskin, civilingeniør",3
5393,"Proces-teknik, civilingeniør",3
5394,"Driftsteknik, civilingeniør",3
5395,"Skibs- og havteknik, civilingeniør",3
5396,"Data, civilingeniør",3
5397,"Software Engineering, cand.polyt.",3
5398,"Optiklinien, civilingeniør",3
5399,"Teknisk videnskab, ph.d.",3
5400,"Agriculture, cand.agro.",3
5401,"Jordbrugsøkonomi, cand.agro.øk.",3
5402,"Landbrugsvidenskab, cand.agro.",3
5403,"Food Science and Technology, cand.tech.al.",3
5404,"Agricultural Economics, cand.oecon.agro.",3
5405,"Global Business Engineering, ing.prof.bach.",3
5406,"Fødevarevidenskab, cand.brom.",3
5407,"Software Technology, ing.prof.bach.",3
5408,"Havebrugsvidenskab, cand.hort.",3
5409,"Landscape Architecture, cand.hort.arch.",3
5410,"Agricultural Development, cand.scient.",3
5411,"Klima og forsyningsteknik, ing.prof.bach.",3
5412,"Forest and Nature Management, cand.silv.",3
5413,"Landinspektør, cand.geom.",3
5414,"Animal-derived foods, kand.",3
5415,"Veterinærmedicin, cand.med.vet.",3
5416,"Veterinærvidenskab, ph.d.",3
5417,"Veterinær- jordbrugsvidenskab, ph.d.",3
5419,"Environmental science, cand.scient.",3
5420,"Environmental and Natural Resource Economics, cand.scient.oceon",3
5421,"Forest ecosystems, nature and society, kand.",3
5422,"Sustainable development in agriculture, kand.",3
5423,"Forests and livelihoods, kand.",3
5424,"Global Management and Manufacturing, ing.prof.bach.",3
5425,"Farmaceut, cand.pharm.",3
5426,"Innovation og entrepreneurship (overbygning), prof.bach.",3
5427,"Farmaceut, ph.d.",3
5428,"Agro-environmental management, cand.scient.",3
5429,"Bioteknologi, ing.prof.bach.",3
5430,"Klinisk ernæring, c.scient.",3
5431,Tandplejer,3
5432,Klinisk tandtekniker,3
5433,"Tandlæge, cand.odont.",3
5434,"Tandplejer, prof.bach.",3
5435,"Tandlæge-odontologi, ph.d.odont.",3
5436,"Integreret design, ing.prof.bach.",3
5437,"Graphic Storytelling, prof.bach.",3
5438,"Multiplatform storytelling and production, prof.bach.",3
5439,"Mechatronics, ing.prof.bach.",3
5440,"Folkeskolelærer, prof.bach.",3
5441,Lærer fra Den frie Lærerskole,3
5442,"Forsyningsteknik -vand,spildevand,fjernvarme, ingeniør prof.bach.",3
5443,Pædagogisk grunduddannelse PGU,3
5444,"Pædagog, prof.bach.",3
5445,Børnehavepædagog,3
5446,"Nanoteknologi, ingeniør prof.bach.",3
5447,Fritidspædagog,3
5448,"Global Forestry, cand.scient.",3
5449,"Sustainable Forest and Nature Management, cand.scient.",3
5450,"Ernærings- og husholdningsøkonomi, prof.bach.",3
5451,Klinisk diætist,3
5452,"Miljøkemi, cand.scient.",3
5453,"Human nutrition, cand.scient.",3
5454,"Landskabsforvaltning, cand.scient.",3
5455,"Kombineret (Kgl. veterinær- landbohøjsk.), kand.",3
5456,"Katastrofe- og risikomanager, prof.bach.",3
5457,"Fødevareteknologi og -applikation, prof.bach.",3
5458,"Mejeriteknologi, prof.bach.",3
5459,"Laboratorie-, fødevare- og procestekn. (overbygning), prof.bach.",3
5460,"Ernæring og sundhed, prof.bach.",3
5461,Bibliotekar,3
5462,Bibliotekar ved forsknings- og fagbibliotek,3
5463,"Informationsstudier, bach.",3
5464,Forskningsbibliotekar,3
5465,"Informationsvidenskab og kulturformidling, c.scient.bibl",3
5466,"Ocean Engineering, cand.polyt.",3
5467,Bibliotekar DB,3
5468,"Bibliotekar, cand.scient.bibl.",3
5469,"Global nutrition and health, prof.bach.",3
5470,"Arkitekt, cand.arch.",3
5471,Bibliotekar DB,3
5472,"It-sikkerhed (overbygning), prof.bach.",3
5473,"E-handel (overbygning), prof.bach.",3
5474,"Social Data Science, cand.soc.",3
5475,"Softwareudvikling (overbygning), prof.bach.",3
5476,"Sportsmanagement (overbygning), prof.bach.",3
5477,"Design og business, diplomuddannelse",3
5478,"Visuel kommunikation, grafisk design, prof.bach.",3
5479,"Visuel kommunikation, interaktivt design, prof.bach.",3
5480,"Arkitekt, ph.d.",3
5481,"Visuel kommunikation, kreativ kommunikation, prof.bach.",3
5482,"Visuel kommunikation, fotografisk kommunikation, prof.bach.",3
5483,"Visuel kommunikation una., prof.bach.",3
5484,"Trafik og transport, ingeniør prof.bach.",3
5485,"Grafisk kommunikation, prof.bach.",3
5486,"Medieproduktion og ledelse, prof.bach.",3
5487,"TV- og medietilrettelæggelse, prof.bach.",3
5488,"Webudvikling (overbygning), prof.bach.",3
5489,"International handel og markedsføring (overbygning), prof.bach.",3
5490,"Finans, prof.bach.",3
5491,"International hospitality management (overbygning), prof.bach.",3
5492,"Eksport og teknologi, prof.bach.",3
5493,"Erhvervssproglig begynderprøve, italiensk",3
5494,"Design og business (overbygning), prof.bach.",3
5495,"Erhvervssproglig begynderprøve, russisk",3
5496,"Erhvervssproglig begynderprøve, spansk",3
5497,"Smykker, teknologi og business, prof.bach.",3
5498,Tresproglig korrespondent,3
5499,"Digital konceptudvikling (overbygning), prof.bach.",3
5500,"Skat, prof.bach.",3
5501,"Fødevarer og Ledelse, prof.bach.",3
5502,"Sundhedsfremme og Diætetik, prof.bach.",3
5503,"Visuel kommunikation, coded design, prof bach.",3
5504,"Fødevareproduktion, prof.bach.",3
5508,"Erhvervssprog administrativ, grunduddannelse",3
5509,"Fødevarekemi og bioteknologi, prof.bach.",3
5511,"Erhvervssprogligt grundstudium, engelsk-fransk",3
5512,"Erhvervssprogligt grundstudium, engelsk-italiensk",3
5513,"Erhvervssprogligt grundstudium, engelsk-portugisisk",3
5514,"Erhvervssprogligt grundstudium, engelsk-russisk",3
5515,"Erhvervssprogligt grundstudium, engelsk-spansk",3
5516,"Erhvervssprogligt grundstudium, engelsk-tysk",3
5517,"Erhvervssprogligt grundstudium, fransk-italiensk",3
5518,"Erhvervssprogligt grundstudium, fransk-portugisisk",3
5519,"Erhvervssprogligt grundstudium, fransk-russisk",3
5520,"Erhvervssprogligt grundstudium, fransk-spansk",3
5521,"Erhvervssprogligt grundstudium, fransk-tysk",3
5522,"Erhvervssprogligt grundstudium, italiensk-portugisisk",3
5523,"Erhvervssprogligt grundstudium, italiensk-russisk",3
5524,"Erhvervssprogligt grundstudium, italiensk-spansk",3
5525,"Erhvervssprogligt grundstudium, italiensk-tysk",3
5526,"Erhvervssprogligt grundstudium, portugisisk-russisk",3
5527,"Erhvervssprogligt grundstudium, portugisisk-spansk",3
5528,"Erhvervssprogligt grundstudium, portugisisk-tysk",3
5529,"Erhvervssprogligt grundstudium, russisk-spansk",3
5530,"Erhvervssprogligt grundstudium, russisk-tysk",3
5531,"Erhvervssprogligt grundstudium, spansk-tysk",3
5532,"Engelsk, cand.negot. (udelt 4år)",3
5533,"Fransk, cand.negot. (udelt 4år)",3
5534,"Tysk, cand.negot. (udelt 4år)",3
5535,"Spansk, cand.negot. (udelt 4år)",3
5536,"Arabisk, cand.negot. (udelt 4år)",3
5537,"Polsk, cand.negot. (udelt 4år)",3
5540,"Elektronik (SDU), ing.prof.bach.",3
5541,"Erhvervssproglig, to sprog, grundstudium, engelsk",3
5542,"Erhvervssproglig, to sprog, grundstudium, fransk",3
5543,"Erhvervssproglig, to sprog, grundstudium, italiensk",3
5544,"Chemistry and Biotechnology, cand.polyt.",3
5545,"Erhvervssproglig, to sprog, grundstudium, russisk",3
5546,"Erhvervssproglig, to sprog, grundstudium, spansk",3
5547,"Erhvervssproglig, to sprog, grundstudium, tysk",3
5550,Erhvervssproglig diplomprøve ED una,3
5551,"Engelsk, erhvervssproglig diplomprøve ED",3
5552,"Fransk, erhvervssproglig diplomprøve ED",3
5553,"Italiensk, erhvervssproglig diplomprøve ED",3
5554,"Electronic Systems, cand.polyt.",3
5555,"Russisk, erhvervssproglig diplomprøve ED",3
5556,"Spansk, erhvervssproglig diplomprøve ED",3
5557,"Tysk, erhvervssproglig diplomprøve ED",3
5561,"Engelsk-fransk, erhvervssproglig afgangseksamen EA",3
5562,"Engelsk-spansk, erhvervssproglig afgangseksamen EA",3
5563,"Engelsk-tysk, erhvervssproglig afgangseksamen EA",3
5564,"Fransk-spansk, erhvervssproglig afgangseksamen EA",3
5565,"Fransk-tysk, erhvervssproglig afgangseksamen EA",3
5566,"Spansk-tysk, erhvervssproglig afgangseksamen EA",3
5569,"Fiskeriteknologi, ing.prof.bach.",3
5571,"Engelsk, cand.interpret.",3
5572,"Fransk, cand.interpret.",3
5575,"Russisk, videregående erhvervssproglig uddannelse",3
5576,"Spansk, cand.interpret.",3
5577,"Tysk, cand.interpret.",3
5578,"Konferencetolkning, master",3
5579,"It-arkitektur, prof.bach.",3
5580,Lic.ling.merc,3
5581,"Engelsk, erhvervssproglig afgangseksamen EA",3
5582,"Fransk, erhvervssproglig afgangseksamen EA",3
5583,"Italiensk, erhvervssproglig afgangseksamen EA",3
5586,"Spansk, erhvervssproglig afgangseksamen EA",3
5587,"Tysk, erhvervssproglig afgangseksamen EA",3
5588,"Computer Engineering, cand.polyt.",3
5589,"Multicultural Communication in Organisations, cand.ling.merc.",3
5590,"Kommunikationsdesign, c.ling.merc.",3
5591,"Erhvervsspr.-internat. erhvervskomm, engelsk, cand.ling.merc.",3
5592,"Erhvervsspr.-internat. erhvervskomm, fransk, cand.ling.merc.",3
5593,"Italiensk, cand.ling.merc.",3
5594,"Virksomhedskommunikation (engelsk), cand.ling.merc.",3
5595,"Russisk, cand.ling.merc.",3
5596,"Erhvervsspr.-internat. erhvervskomm, spansk, cand.ling.merc.",3
5597,"Erhvervsspr.-internat. erhvervskomm, tysk, cand.ling.merc.",3
5598,"Datalingvistik, cand.ling.merc.",3
5599,"Sproglig informatik, cand.ling.merc.",3
5600,"Forskole, musikkonservatorium",3
5602,Klassisk musik hovedskole 2-år,3
5603,Klassisk musik hovedskole 3-år,3
5606,"International shipping and trade, bach.",3
5607,Musikpædagog,3
5608,"Musikledelse, musikpædagog",3
5609,"Musikledelse, musikpædagog",3
5611,"Solist musisk, instrumental/vokal",3
5612,"Global Environment and Development, cand.scient.",3
5614,"Computer Engineering, ing.bach.",3
5615,Komponistklasse,3
5616,"Musikpædagogik, organister",3
5618,Dirigentklasse 2-årig (musik),3
5619,Dirigentklasse 4-årig (musik),3
5620,Operaakademi,3
5621,"Internat. virksomhedskommunikation, engelsk, cand.mag.",3
5622,"Fransk-internat. virksomhedskommunikation, cand.mag.",3
5623,"Internat. virksomhedskommunikation, tysk, cand.mag.",3
5624,"Internat. virksomhedskommunikation, spansk, cand.mag.",3
5629,"Design og anvendelse af kunstig intelligens, ing.prof.bach.",3
5630,Erhvervssproglig korrespondent una,3
5631,"Erhvervssproglig korrespondent, engelsk",3
5632,"Erhvervssproglig korrespondent, fransk",3
5633,"Erhvervssproglig korrespondent, italiensk",3
5634,"Business og vandteknologi, prof.bach.",3
5635,"Erhvervssproglig korrespondent, russisk",3
5636,"Erhvervssproglig korrespondent, spansk",3
5637,"Erhvervssproglig korrespondent, tysk",3
5650,"Industriel 3D-print (overbygning), prof.bach.",3
5651,"HA(jur.) erhvervsøkonomi-jura, bach.",3
5652,"Erhvervsøkonomi og jura, cand.merc.(jur.)",3
5653,"International business and politics, cand.merc.pol.",3
5654,"HA erhvervsøkonomi og jura, bach.",3
5655,"Software Technology, ing.prof.bach.",3
5656,"HA(it) erhvervsøkonomi-informationsteknologi, bach.",3
5657,"Erhvervsøkonomi og informationsteknologi, cand.merc.(it)",3
5658,"Erhvervsøkonomi og jura, cand.merc.",3
5661,"HA sprog, bach.",3
5662,"Interpret, cand.merc.",3
5663,"HA (int.) erhvervsøkonomi med tysk, bach.",3
5666,"HA(mat.) erhvervsøkonomi-matematik, bach.",3
5667,"Erhvervsøkonomi og matematik, cand.merc.(mat.)",3
5670,"Erhvervssprog 2 sprog, korrespondent",3
5671,"Erhvervssprog engelsk-fransk, korrespondent",3
5672,"Erhvervssprog engelsk-tysk, korrespondent",3
5673,"Erhvervssprog fransk-tysk, korrespondent",3
5674,"Erhvervssprog engelsk-russisk, korrespondent",3
5675,"Erhvervssprog engelsk-spansk, korrespondent",3
5676,"Erhvervssprog fransk-spansk, korrespondent",3
5677,"Erhvervssprog tysk-spansk, korrespondent",3
5678,"Erhvervssprog engelsk-italiensk, korrespondent",3
5679,"Erhvervssprog fransk-italiensk, korrespondent",3
5680,Cand.ling.merc. una,3
5681,"Erhvervssprog tysk-italiensk, korrespondent",3
5682,"Erhvervssprog tysk-russisk, korrespondent",3
5683,"Kommunikation, prof.bach.",3
5684,"Kristendom, kultur og kommunikation, prof.bach.",3
5685,"Økonomi og informationsteknologi, prof.bach.",3
5686,"Fremmedsprog og digital markedskommunikation, prof.bach.",3
5687,"Procesøkonomi og værdikædeledelse, prof.bach.",3
5688,Scenekunstner med speciale i skuespil,3
5689,Scenekunstner med speciale i dans og koreografi,3
5690,"Scenekunstner med speciale i produktion, ledelse",3
5691,"Scenekunstner med speciale i produktion, realisering",3
5692,"Scenekunstner med speciale i iscenesættelse, sceneinstruktion",3
5693,"Scenekunstner med speciale i iscenesættelse, scenografi",3
5694,"Scenekunstner med speciale i iscenesættelse, lys",3
5695,"Tegnsprogstolkning, overbygning",3
5696,"Scenekunstner med speciale i iscenesættelse, lyd",3
5697,"Scenekunstner med speciale i iscenesættelse, dramatisk skrivekunst",3
5698,Scenekunstner med speciale i musical,3
5699,"Klinisk tandtekniker, prof.bach.",3
5700,"HA almen erhvervsøkonomi, bach.",3
5701,"HA informatik, bach.",3
5702,"HA kommunikation, bach.",3
5703,"Erhvervsøkonomi, cand.merc.",3
5704,"HA sprog, bach.",3
5705,"Erhvervsøkonomi, ph.d.",3
5706,"Natur- og kulturformidling, prof.bach.",3
5707,Registreret revisor,3
5708,"Revision, cand.merc.aud.",3
5709,"HA erhvervsanalyse, bach.",3
5710,HD-1.del,3
5711,"HA turisme, bach.",3
5712,"HA(fil.) erhvervsøkonomi-filosofi, bach.",3
5713,"International Business, bach.",3
5714,"Business Administration and Service Management, bach.",3
5715,"Event management og økonomi, prof.bach.",3
5716,"HA(psyk) erhvervsøkonomi-psykologi, bach.",3
5717,"Erhvervsøkonomi og psykologi, cand.merc.(psyk)",3
5718,"HA erhvervsøkonomi-sports management, bach.",3
5719,"Afsætningsøkonomi og udenrigshandel, HD-2.del",3
5720,"Offentlig virksomhedsøkonomi, HD-2.del",3
5721,"Afsætningsøkonomi, HD-2.del",3
5722,"Finansiering, HD-2.del",3
5723,"Forsikring, HD-2.del",3
5724,"Organisation, HD-2.del",3
5725,"Regnskabsvæsen, HD-2.del",3
5726,"Udenrigshandel, HD-2.del",3
5727,"Indkøbs- og transportøkonomi, HD-2.del",3
5728,"Informatik, HD-2.del",3
5729,"Miljø-revision, HD-2.del",3
5730,"Retail and key account, HD 2.del",3
5731,Registreret revisor,3
5732,"Finansiel rådgivning, HD-2.del",3
5733,"Interkulturel markedskommunikation, bach.",3
5734,"Business Administration and Sociology, bach.",3
5735,"Journalist, prof.bach.",3
5736,"Fotojournalist, prof.bach.",3
5737,"Service management, cand.soc.",3
5738,"Computer science, cand.scient.",3
5739,"Data science, cand.scient.",3
5740,"Pædagogik, cand.pæd. (DPU)",3
5741,"Psykologi-pædagogik, cand.psyk.pæd. (DPU)",3
5742,"Pædagogik faglig, cand.pæd. (DPU)",3
5743,"Humanistisk pædagogik, cand.hum.pæd. (DPU)",3
5744,"Matematik-nat.-pædagogik, cand.mat.pæd. (DPU)",3
5745,"Pædagogik, lic.pæd. (DPU)",3
5746,"Pædagogik, exam.pæd. (DPU)",3
5747,"Psykologi-pædagogisk, exam.psyk.pæd. (DPU)",3
5748,"Diplomuddannelse, humanistisk pædagogik exam. (DPU)",3
5749,"Diplomuddannelse, matematik-nat.-pædagogik exam. (DPU)",3
5750,"Officer A-linien, hæren",3
5751,"Business administration (MBA), master",3
5752,"Public administration (MPA), master",3
5753,"Public management (MPM), master",3
5754,"Public health (MPH), master",3
5755,"Officer B-linien, hæren",3
5756,"Technology management (MTM), master",3
5757,"Public policy (MPP), master",3
5758,"Multimedia arts (MMA), master",3
5759,"Multimedia science (MMS), master",3
5761,"Officer A-linien, administration, søværnet",3
5762,"Officer A-linien, teknisk, søværnet",3
5763,"Officer A-linien, taktisk, søværnet",3
5764,"HA erhvervsøkonomi og projektledelse, bach.",3
5766,"Officer B-linien, dæk, søværnet",3
5767,"Officer B-linien, teknisk, søværnet",3
5768,"Officer B-linien, forvaltning, søværnet",3
5769,"Organisatorisk læring, bach.",3
5770,"Officer A-linien, flyvevåbnet",3
5771,"Officer A-linien, pilot, flyvevåbnet",3
5772,"Officer A-linien, raket, flyvevåbnet",3
5773,"Officer A-linien, kontrol, flyvevåbnet",3
5774,"Interaktionsdesign, c.scient.",3
5776,"Officer B-linien, administration, flyvevåbnet",3
5777,"Officer B-linien, materiel, flyvevåbnet",3
5778,"Officer B-linien, operativ, flyvevåbnet",3
5779,"Human resource management, cand.soc.",3
5780,"Business Administration and Digital Management, bach.",3
5781,"HA japansk, bach.",3
5782,"Japansk, cand.merc.",3
5783,"International Business and Politics, bach.",3
5784,"Politisk kommunikation og ledelse, cand.soc.",3
5785,"Erhvervsøkonomi og erhvervssprog, cand.merc.int.",3
5786,"Business Administration and Philosophy, cand.merc.(fil.)",3
5787,"Kommunikationsledelse og erhvervsøkonomi, cand.merc.",3
5788,"Management of Creative Business Processes, cand.soc.",3
5789,"Organisational Innovation and Entrepreneurship, cand.soc.",3
5790,"Tegnsprog- og mundhåndsystem, basisuddannelse",3
5791,"Dansk tegnsprog og tolkning, prof.bach.",3
5792,"Language administration (MLA), master",3
5793,"Engelsk teknisk kommunikation (MTC), master",3
5794,"Gymnasiepædagogik (MIG), master",3
5795,"Computer-mediated communication (MCC), master",3
5796,"Læreprocesser (MLP), master",3
5797,"HA kinesisk, bach.",3
5798,"Information technology (IM), master",3
5799,"Dataanalyse (overbygning), prof.bach.",3
5801,"Fotograf, film og tv produktion",3
5802,"Tonemester, film og tv produktion",3
5803,"Instruktør, film og tv produktion",3
5804,"Filmklipper, film og tv produktion",3
5805,"Manuskriptuddannelse, film og tv produktion",3
5806,"Filmproducer, film og tv produktion",3
5807,"Animationsinstruktør, film tv og interaktive medier",3
5808,"Karakteranimation,prof.bach.",3
5809,"Billedkunst, cand.art.perit.",3
5810,"Billedkunst, videregående",3
5811,"Billedkunst, grund- og normaluddannelse",3
5812,"Billedkunst, kunstteori og formidling, cand.art.perit.",3
5813,"Billedkunst, bach.",3
5814,"Strategisk salg og marketing, HD-2.del",3
5816,Tv studieproducer / flerkamerainstruktør,3
5817,Tv tilrettelægger / dokumentarinstruktør,3
5818,"Supply chain management, HD-2.del",3
5819,"Konserveringsteknik, monumentalkunst, bach.",3
5820,"Grafik, videregående",3
5821,"Maleri, videregående",3
5822,"Skulptur, videregående",3
5823,"Mur- og rumkunst, videregående",3
5824,Kunstteori og -formidling.kand.,3
5825,"Mediekunst, videregående",3
5826,"Konserveringsteknik, naturhistorisk, bach.",3
5827,"Konserveringsteknik, bach.",3
5828,"Konserveringsteknik, kulturhistorisk, bach.",3
5829,"Konserveringsteknik, grafisk, bach.",3
5830,Restaureringstekniker,3
5831,"Konserveringsteknik, bach.",3
5832,"Konservator, cand.scient.cons.",3
5833,"Konserveringsteknik, monumentalkunst, bach.",3
5834,"Konserveringsteknik, naturhistorisk, bach.",3
5836,"Konserveringsteknik, kunst, bach.",3
5837,"Konserveringsteknik, kulturhistorisk, bach.",3
5838,"Konserveringsteknik, grafisk, bach.",3
5839,"Konservator, ph.d.",3
5840,"Konservator, kunst, cand.scient.cons.",3
5841,"Konservator, kulturhistorisk, cand.scient.cons.",3
5842,"Konservator, grafisk, cand.scient.cons.",3
5843,"Konservator, monumentalkunst, cand.scient.cons.",3
5844,"Konservator, naturhistorisk, cand.scient.cons.",3
5846,"Teaterteknik, lys",3
5847,"Teaterteknik, lyd",3
5848,"Teaterteknik, scene",3
5849,Teaterinstruktør,3
5850,Scenografi,3
5851,Dramatiker,3
5852,"Teaterteknik, regi",3
5853,"Solist, samtidsmusik",3
5854,"Business, HD-2.del",3
5855,Skuespiller,3
5856,Dancer,3
5857,Dansepædagog,3
5858,"Dance and Participation, cand.art.scen",3
5859,Koreograf,3
5860,"Officer, hæren",3
5865,"Officer, søværnet",3
5866,"Officer, operativ søværnet",3
5867,"Officer, teknisk søværnet",3
5868,"Officer, teknisk søværnet",3
5869,"Officer, teknisk søværnet",3
5870,"Officer, flyvevåbnet",3
5871,"Officer, taktisk flyvevåbnet",3
5872,"Officer, stat. flyvevåbnet",3
5873,Sprogofficer,3
5874,Civil-militær tolk,3
5875,"V.U.T., flyvevåbnet",3
5876,"Sergent, hæren",3
5877,"V.O.U., operativ flyvevåbnet",3
5878,"Sergent, søværnet",3
5879,"Sergent, flyvevåbnet",3
5880,"V.O.U., hæren",3
5881,Adgangskursus til markedsføringsøkonom,3
5882,Adgangskursus til skov- og landskabsingeniør,3
5883,Adgangskursus til urban landskabsingeniør,3
5884,Adgangskursus til maritime uddannelser,3
5885,"V.O.U., søværnet",3
5886,"V.O.U., operativ søværnet",3
5887,"Filmproduktionsledelse, prof.bach.",3
5888,"E-commerce og digital marketing, prof.bach.",3
5889,"V.O.U., teknisk søværnet",3
5890,"P.O.G.U., flyvevåbnet",3
5891,"Maritim teknik, ing.prof.bach.",3
5892,"Software Engineering, cand.polyt.",3
5893,Production Design,3
5894,"Computer Engineering, cand.polyt.",3
5895,Musikprofil,3
5896,"Cybersikkerhed, prof.bach.",3
5897,"Koreografi, cand.art.scen",3
5898,"Performing Arts, cand.art.scen",3
5899,"Kor- og ensembleledelse, musikpædagog",3
5900,Konservatorieuddannelse 1 (musik),3
5901,"Instrument-sang-komposition, diplom",3
5902,"Instrument-sang-ledelse, musikpædagog",3
5903,"Musikteori-historie, diplomeksamen musikpædagog",3
5904,Præliminær orgelprøve,3
5905,"Instrument-sang, musikpædagog",3
5906,"Ledelse-høreledelse, diplomeksamen musikpædagog",3
5907,"Kor- og ensembleledelse, musikpædagog",3
5908,"Rytmisk musik, musikpædagog",3
5909,"Musikteori-komposition, musikpædagog",3
5910,Operationel cybersikkerhed,3
5911,"Rytmisk musik, lydtekniker (gl)",3
5912,"Music management, bach.",3
5913,"Musikledelse, cand.musicae.",3
5914,"Instrument-sang, musikpædagog",3
5915,"Instrument-sang-korledelse, musikpædagog",3
5916,"Tidlig musik, cand.musicae.",3
5917,"Rytmisk musik, diplomeksamen musikpædagog",3
5918,"Solist-ensemble-rystmisk musik, diplom",3
5919,"Rytmisk musik, solistklasse",3
5921,Rytmisk musik-sang,3
5922,"Musik-sang-rytmisk musik, diplom",3
5923,Tonemester (musik) (gl.),3
5924,"Kor- høreledelse-node, diplomeksamen musikpædagog",3
5925,"Kor- ensemble -høreledelse-node, diplom",3
5926,"Musik-sang-rytmisk musik, musikpædagog",3
5927,"Musik og bevægelse/performance, bach.",3
5928,"Musikledelse, bach.",3
5929,"Musik og bevægelse/performance, kand.",3
5930,"Cybersikkerhed, ing.prof.bach.",3
5931,"Internat. virksomhedskommunik,eng.-internat.marketing, bach.",3
5932,"Tysk erhvervssprog og europæiske studier, bach.",3
5933,"Internat. virksomhedskommunik, eng.-europæiske studier, bach.",3
5934,"Internat. virksomhedskommunik, fransk-europæiske studier, bach.",3
5935,"Internat. virksomhedskommunik, spansk-europæiske studier, bach.",3
5936,"Internat. virksomhedskommunik., tysk - kommunikation, bach.",3
5937,"Internat. virksomhedskommunik., spansk - kommunikation, bach.",3
5938,"Internat. virksomhedskommunik., engelsk - kommunikation, bach.",3
5939,"Internat. virksomhedskommunik., fransk - kommunikation, bach.",3
5940,"Engelsk og organisationskommunikation, bach.",3
5941,"Fransk erhvervssprog kombineret una, bach.",3
5942,"Tysk erhvervssprog kombineret una, bach.",3
5943,"Erhvervssprog og kulturformidling, bach.",3
5944,"Erhvervssprog og IT, bach.",3
5945,"Erhvervssprog og pædagogik, bach.",3
5946,"Engelsk erhvervssprog kombineret una, bach.",3
5947,"Markedsføringsøkonomi og engelsk erhvervssprog, bach.",3
5948,"Information management, bach.",3
5949,"Spansk erhvervssprog kombineret una, bach.",3
5950,"Erhvervssprog, bach.",3
5951,"Engelsk-fransk erhvervssprog, bach.",3
5952,"Engelsk-italiensk erhvervssprog, bach.",3
5953,"Engelsk-russisk erhvervssprog, bach.",3
5954,"Engelsk-spansk erhvervssprog, bach.",3
5955,"Engelsk-tysk erhvervssprog, bach.",3
5956,"Fransk-italiensk erhvervssprog, bach.",3
5957,"Fransk-spansk erhvervssprog, bach.",3
5958,"Fransk-tysk erhvervssprog, bach.",3
5959,"Tysk-italiensk erhvervssprog, bach.",3
5960,"Tysk-russisk erhvervssprog, bach.",3
5961,"Tysk-spansk erhvervssprog, bach.",3
5962,"Business, Language and Culture, english, cand.negot.",3
5963,"Erhvervsøkonomi-erhvervssprog, fransk, cand.negot.",3
5964,"Business, Language and Culture, german, cand.negot.",3
5965,"Business, Language and Culture, spanish, cand.negot.",3
5966,"Business, Language and Culture, arabic, cand.negot.",3
5967,"Polsk, cand.negot.",3
5968,"Business, Language and Culture, chinese, cand.negot.",3
5969,"Business, Language and Culture - International Tourism and Leisure Management, cand.negot.",3
5970,"Internat. virksomhedskommunik., tysk-fransk, bach.",3
5971,"Internat. virksomhedskommunik., tysk-spansk, bach.",3
5972,"Internat. virksomhedskommunik., engelsk-fransk, bach.",3
5973,"Internat. virksomhedskommunik., engelsk-spansk, bach.",3
5974,"Internat. virksomhedskommunik., engelsk-tysk, bach.",3
5975,"Internat. virksomhedskommunik., fransk-spansk, bach.",3
5976,"International virksomhedskommunikation, engelsk, bach.",3
5977,"International virksomhedskommunikation, fransk, bach.",3
5978,"International virksomhedskommunikation, spansk, bach.",3
5979,"International virksomhedskommunikation, tysk, bach.",3
5980,"Hotelmanagement, bach.negot.",3
5981,"Business, Language and Culture, chinese, bach.negot.",3
5982,"Erhvervsøkonomi-erhvervssprog, engelsk, bach.negot.",3
5983,"Fransk, bach.negot.",3
5984,"Erhvervsøkonomi-erhvervssprog, tysk, bach.negot.",3
5985,"Erhvervsøkonomi-erhvervssprog, spansk, bach.negot.",3
5986,"Erhvervsøkonomi-erhvervssprog, arabisk, bach.negot.",3
5987,"Polsk, bach.negot.",3
5988,"Engelsk-amerikanske studier erhvervssproglig, bach.",3
5989,"Erhvervsøk.-erhv.spr., internat. turisme-fritidsman., bach.negot.",3
5990,"Erhvervssprog og medie, bach.",3
5991,"Erhvervssprog og europæiske studier, bach.",3
5992,"International marketing erhvervssproglig, bach.",3
5993,"Kommunikation, bach.",3
5994,"Russisk-spansk erhvervssprog, bach.",3
5995,Folkemusik,3
5996,"Tidlig musik, diplom 5år",3
5997,"Skibsteknik og maritimt design, ing.prof.bach.",3
5998,"Bæredygtig energiteknik, ing.prof.bach.",3
6000,Kandidatsupplering (DPU),3
6001,"Samfundsvidenskab, basis (bach.) (AAU)",3
6002,"Teknik-naturvidenskab, basis (bach.) (AAU)",3
6003,"Sproglig-pædagogik, basis (bach.) (AAU)",3
6004,"Musisk-æstetisk, basis (bach.) (AAU)",3
6005,"Samfundsvidenskab, basis (kand.) (AAU)",3
6006,"Teknik- naturvidenskab, basis (kand.) (AAU)",3
6007,"Sproglig pædagogik, basis (kand.) (AAU)",3
6008,"Musisk-æstetisk, basis (kand.) (AAU)",3
6011,"Samfundsvindenskab, cand.samf. (AAU)",3
6012,"Sundhedsfremme-sundhedsstrategier (komb. HUM), cand.mag.",3
6013,"Sundhedsfremme-sundhedsstrategier (komb. SAM), cand.mag.",3
6014,"Sundhedsfremme-sundhedsstrategier (komb. NAT), cand.mag.",3
6015,"Sundhedsfremme-sundhedsstrategier (komb. HUM-TEK), cand.mag.",3
6016,"Sundhedsfremme og sundhedsstrategier, cand.mag.",3
6017,"Interaktionsdesign, bach.",3
6018,"International virksomhedskommunikation, bach.",3
6019,"Psykolog, professionsmaster",3
6020,Kirkemusiker Orgel og Korledelse (KMOK),3
6021,Basislinje orgel,3
6022,Kirkemusiker,3
6023,Basislinje sang,3
6024,Kirkemusiker Sang (KMS),3
6025,"Kirkemusiker, sang og korledelse (KM SK)",3
6026,Eksamenslinje Klokkenist,3
6027,Diplomlinje Klokkenist,3
6028,"Lærer, professionsmaster",3
6029,"Musikterapi, cand.mag.",3
6030,"Musikterapi, bach.",3
6031,"Musikterapi (AAU), overbygning",3
6032,"Engelsk, cand.mag.",3
6033,"Datalogi, cand.scient.",3
6034,"Kemi, cand.scient.",3
6035,"Chemistry, cand.scient.",3
6036,"Mathematics, cand.scient.",3
6037,"Mathematics, cand.scient.",3
6038,"Kommunikation, cand.comm.",3
6039,"Dansk, cand.mag.",3
6040,"European studies, bach.",3
6041,"Filosofi, cand.mag.",3
6042,"Historie, cand.mag.",3
6043,"Journalistik, cand.comm.",3
6045,"Internat. virksomhedskommunikation, spansk, bach.",3
6046,"Internat. virksomhedskommunikation, engelsk, bach.",3
6047,"Internat. virksomhedskommunikation, fransk, bach.",3
6048,"Internat. virksomhedskommunikation, tysk, bach.",3
6049,"Psykologi, cand.mag.",3
6050,"Medialogi, bach.",3
6051,"Digital design og interaktive teknologier, bach.",3
6052,"Sygepleje, cand.cur.",3
6055,"Medialogy, cand.scient.",3
6062,"Anlæg, civilingeniør",3
6064,"Industri, civilingeniør",3
6065,"Information, civilingeniør",3
6071,"Humanistisk kombination, overbygning (AAU)",3
6072,"Visual Studies and Art Education, cand.scient.",3
6076,"Samfundsvidenskab kombination, kombination (RUC)",3
6077,"Samfundsvidnenskab kombination, cand.mag.",3
6081,"Teknisk kombination, gymnasial overbygning",3
6082,"Teknisk kombination, kand.",3
6083,"Datalogi-økonomi, bach.",3
6084,"Machine learning og data science, bach.",3
6086,"Naturvidenskab kombination, mellemnuveau",3
6087,"Naturvidenskab kombination, cand.nat.komb.",3
6100,"Politik og international forvaltning, cand.scient.adm.",3
6101,"Naturvidenskab, bach. (RUC)",3
6102,"Humanistisk, bach. (RUC)",3
6103,"Samfundsvidenskab, bach. (RUC)",3
6104,"Naturvidenskab, basis (kand.) (RUC)",3
6105,"Humanistisk, basis (kand.) (RUC)",3
6106,"Samfundsvidenskab, basis (kand.) (RUC)",3
6107,"Kommunikation (komb. HUM), bach.",3
6108,"Kommunikation (komb. SAM), bach.",3
6109,"Kommunikation (komb. NAT), bach.",3
6110,"Kommunikation (komb. HUM-TEK), bach.",3
6111,"Forvaltning, kombination (RUC)",3
6112,"Environmental and resource management, cand.techn.soc.",3
6113,"Offentlig driftsøkonomi, kombination (RUC)",3
6114,"Tek-Sam - miljøplanlægning, cand.techn.soc.",3
6115,"Kultur og sprogmødestudier (komb. HUM), bach.",3
6116,"Kultur og sprogmødestudier (komb. SAM), bach.",3
6117,"Kultur og sprogmødestudier (komb. NAT), bach.",3
6118,"Kultur og sprogmødestudier (komb. HUM-TEK), bach.",3
6119,"Medicinalbiologi, cand.scient.",3
6120,"Performance-design, kand.",3
6121,"Administrativ databehandling, kombination (RUC)",3
6122,"Samfundsøkonomi, cand.oecon.",3
6125,"Performance-design, kombination (RUC)",3
6126,"Globale studier, kombination (RUC)",3
6127,"Medicinalbiologi, kombination (RUC)",3
6128,"Miljøbiologi, kombination (RUC)",3
6129,"Molekylærbiologi, kombination (RUC)",3
6130,"Biologi, kombination (RUC)",3
6131,"Almen biologi, cand.scient.",3
6132,"Datalogi, kombination (RUC)",3
6133,"Politik og administration, kombination (RUC)",3
6134,"Plan, by og proces, kombination (RUC)",3
6135,"Fysik, kombination (RUC)",3
6136,"Geografi, kombination (RUC)",3
6137,"EU studier, kombination (RUC)",3
6138,"Kemi, kombination (RUC)",3
6139,"Matematik, kombination (RUC)",3
6140,"Psykologi, kombination (RUC)",3
6141,"Politik, kombination (RUC)",3
6142,"Socialvidenskab, kombination (RUC)",3
6143,"Kommunikation, kombination (RUC)",3
6144,"International udvikling, kombination (RUC)",3
6145,"Pædagogik og uddannelsesstudier, kombination (RUC)",3
6146,"Filosofi, kombination (RUC)",3
6147,"Journalistik, kombination (RUC)",3
6148,"Kultur og sprogmødestudier, kombination (RUC)",3
6149,"Tek-Sam - miljøplanlægning, kombination (RUC)",3
6150,"Virksomhedsstudier, kombination (RUC)",3
6151,"Samfundsvidenskab, grunduddannelse bach.",3
6152,"Humanistisk-teologisk, grunduddannelse bach.",3
6153,"Arbejdslivsstudier, kombination (RUC)",3
6154,"Performance-design (komb. HUM), bach.",3
6155,"Performance-design (komb. SAM), bach.",3
6156,"Performance-design (komb. NAT), bach.",3
6157,"Performance-design (komb. HUM-TEK), bach.",3
6158,"Global development, cand.soc.",3
6159,"Kultur- og sprogmødestudier, cand.mag.",3
6160,"Communication Studies, combination (RUC)",3
6161,1/2 år bach.una (RUC),3
6162,1 år bach.una (RUC),3
6163,"Sundhedsfremme-sundhedsstrategier (komb. HUM), bach.",3
6164,"Sundhedsfremme-sundhedsstrategier (komb. SAM), bach.",3
6165,"Sundhedsfremme-sundhedsstrategier (komb. NAT), bach.",3
6166,"Sundhedsfremme-sundhedsstrategier (komb. HUM-TEK), bach.",3
6167,"Performance-design (komb. HUM), cand.mag.",3
6168,"Performance-design (komb. SAM), cand.mag.",3
6169,"Performance-design (komb. NAT), cand.mag.",3
6170,"Performance-design (komb. HUM-TEK), cand.mag",3
6171,"Virksomhedsstudier (komb. HUM), cand.soc.",3
6172,"Virksomhedsstudier (komb. SAM), cand.soc.",3
6173,"Virksomhedsstudier (komb. NAT), cand.soc.",3
6174,"Virksomhedsstudier (komb. HUM-TEK), cand.soc.",3
6175,"Kommunikation (komb. HUM), cand.mag.",3
6176,"Kommunikation (komb. SAM), cand.mag.",3
6177,"Kommunikation (komb. NAT), cand.mag.",3
6178,"Kommunikation (komb. HUM-TEK), cand.mag.",3
6179,"Communication Studies, cand.comm.",3
6181,"Pædagogik, grunduddannelse (kand.)",3
6182,"Humanistisk, grunduddannelse/bifag (kand.)",3
6183,"Kunstnerisk, grunduddannelse/bifag (kand.)",3
6184,"Samfundsvidenskab, grunduddannelse/basis",3
6185,"Naturvidenskab, grunduddannelse/bifag (kand.)",3
6186,"Tek-Sam - miljøplanlægning (komb. HUM), cand.techn.soc.",3
6187,"Tek-Sam - miljøplanlægning (komb. SAM), cand.techn.soc.",3
6188,"Tek-Sam - miljøplanlægning (komb. NAT), cand.techn.soc.",3
6189,"Tek-Sam - miljøplanlægning (komb. HUM-TEK), cand.techn.soc.",3
6200,"Agrobiology, cand.scient.",3
6201,"Arkitekt, bach.",3
6202,"Arkitekt, cand.arch.",3
6203,"Arkitekt, bach.",3
6204,"Arkitekt, cand.arch.",3
6205,"Designer, bach.",3
6206,"Designer, cand.des.",3
6235,"Fødevarevidenskab, cand.brom.",3
6242,"Design og analyse af konstruktioner, ingeniør bach.",3
6243,"Communication Technologies, cand.polyt.",3
6244,"Mechanical Engineering, cand.polyt.",3
6245,"Management Engineering, cand.polyt.",3
6246,"Materials and Nanotechnology, cand.polyt.",3
6247,"Structural Design and Analysis, cand.polyt.",3
6248,"Physics and Technology, cand.polyt.",3
6260,"IT una, cand.it.",3
6261,"IT til organisationer, cand.it.",3
6262,"Digital design og kommunikation, cand.it.",3
6263,"Digital Innovation and Management, cand.it.",3
6264,"Tværfaglig IT-udvikling, cand.it",3
6265,"Softwaredesign, cand.it.",3
6266,"Games, cand.it.",3
6267,"Neuroscience og neuroimaging (SDC), cand.scient.",3
6268,"Informatik, cand.scient.",3
6269,"Electrical Engineering, cand.polyt.",3
6270,"Electrical Engineering, cand.scient.tech.",3
6271,"Biologi, gymnasie-hf lærer",3
6282,"Psykologi, gymnasie-hf lærer med. (RUC)",3
6285,"Teknisk informationsteknologi, civilingeniør",3
6296,"Musik og musikterapi, fællessemester (kand.) (AAU)",3
6297,"Humanistisk, fællessemester (kand.) (AAU)",3
6298,"Musikterapi, fællessemester (bach.)",3
6299,"Humanistisk, fællessemester (bach.) (AAU)",3
6301,"Neuroscience, cand.scient",3
6313,"Interreligiøse islamstudier, cand.mag.",3
6321,"Contemporary Middle Eastern Studies, cand.mag.",3
6322,"Nærorientalsk arkæologi, cand.mag.",3
6354,"Industrielt design, bach.",3
6355,"Kommunikationsdesign, bach.",3
6356,"Beklædnings- og modedesign, bach.",3
6357,"Tekstildesign, bach.",3
6358,"Accessory design, bach.",3
6359,"Design for People, cand.des.",3
6360,"Design for Planet, cand.des.",3
6361,"Design for Play, cand.des.",3
6380,"Humanistisk, sidefag",3
6381,"Samfundsvidenskab, sidefag",3
6382,"Naturvidenskab, sidefag",3
6383,"Pædagogik, sidefag",3
6384,"Kultur, sidefag",3
6385,"Sundhedsvidenskab, sidefag",3
6393,"Pædagogik, supplering",3
6394,"Kultur, supplering",3
6395,"Teknisk, supplering",3
6396,"Naturvidenskab, supplering",3
6397,"Sundhed, supplering",3
6398,"Samfundsvidenskab, supplering",3
6399,"Humanistisk, supplering",3
6401,"Advanced migration studies, cand.mag.",3
6402,"Sprogpsykologi, cand.mag.",3
6403,"Dansk (komb. HUM), bach.",3
6404,"Dansk (komb. SAM), bach.",3
6405,"Dansk (komb. NAT), bach.",3
6406,"Dansk (komb. HUM-TEK), bach.",3
6407,"Arbejdslivsstudier (komb. HUM), cand.soc.",3
6408,"Arbejdslivsstudier (komb. SAM), cand.soc.",3
6409,"Arbejdslivsstudier (komb. NAT), cand.soc.",3
6410,"Arbejdslivsstudier (komb. HUM-TEK), cand.soc.",3
6413,"Maritime Archaeology, cand.mag.",3
6414,"Fransk (komb. HUM), cand.mag.",3
6415,"Fransk (komb. SAM), cand.mag.",3
6416,"Fransk (komb. NAT), cand.mag.",3
6417,"Fransk (komb. HUM-TEK), cand.mag.",3
6418,"Tysk (komb. HUM), cand.mag.",3
6419,"Tysk (komb. SAM), cand.mag.",3
6420,"Tysk (komb. NAT), cand.mag.",3
6421,"Tysk (komb. HUM-TEK), cand.mag.",3
6424,"Arbejdslivsstudier, kand.",3
6425,"Informatik (komb. HUM), cand.mag.",3
6426,"Informatik (komb. SAM), cand.mag.",3
6427,"Informatik (komb. NAT), cand.mag.",3
6428,"Informatik (komb. HUM-TEK), cand.mag.",3
6452,"Multimedia arts, cand.mag.",3
6454,"Sprog og internat. virksomhedskommunikation, overbygning",3
6455,"Turisme, cand.mag.",3
6456,"Globale studier, cand.soc.",3
6457,"Internationale studier, cand.mag.",3
6458,"Culture, Communication and Globalization, cand.mag.",3
6459,"Sustainable heritage management, cand.mag.",3
6461,"Arkæologi, cand.mag.",3
6462,"Humanistisk kombination, kombination (RUC)",3
6463,"Samfundsvidenskab una, bach.",3
6464,"Sustainable Tourism and Hospitality Management, AO",3
6465,"Spanske- og spanskamerikanske studier (SDU), cand.mag.",3
6466,"Spansk og spanskamerikansk sprog, litteratur og kultur (AU), cand.mag.",3
6467,"Spansk- og latinamerikansk sprog og kultur (AAU), cand.scient.",3
6468,"Internationale studier, cand.mag.",3
6469,"Environmental Engineering, cand.polyt.",3
6470,"Erhvervsøkonomi og jura, cand.merc.jur.",3
6471,"Erhvervsøkonomi, cand.merc.",3
6490,"Pædagogik, bifag/sidefag 2 år",3
6491,"Humanistisk, bifag/sidefag 2 år",3
6492,"Kunstnerisk, bifag/sidefag 2 år",3
6493,"Samfundsvidenskab, bifag/sidefag 2 år",3
6494,"Naturvidenskab, bifag/sidefag 2 år",3
6495,"Naturvidenskab una, bach.",3
6496,"Teknisk videnskab una, bach.",3
6497,"Sundhedsvidenskab una, bach.",3
6500,"Audiologopædi, bach.",3
6501,"Audiologopædi, cand.phil.",3
6502,"Mellemøstens sprog og samfund-Nærorientalsk arkæologi, bach.",3
6503,"Balkanstik, cand.phil.",3
6504,"Sprogvidenskab og lingvistik, bach.",3
6505,"Mellemøstens sprog og samfund - Assyriologi, bach.",3
6506,"Medievidenskab, bach.",3
6507,"Interkulturel pædagogik og dansk som andetsprog, bach.",3
6508,"Interkulturel pædagogik og arabisk, bach.",3
6509,"Humanistisk-teknologisk una, bach.",3
6510,"Dramaturgi, bach.",3
6511,"Dramaturgi, cand.phil.",3
6512,"Engelsk, bach.",3
6513,"Engelsk, cand.phil.",3
6514,"Amerikansk samfundsstudie, cand.phil.",3
6515,"Eskimologi, cand.phil.",3
6516,"Antropologi, bach.",3
6517,"Etnografi og antropologi, cand.phil.",3
6518,"Etnologi europæisk, bach",3
6519,"Etnologi europæisk, cand.phil.",3
6520,"Film- og medievidenskab, bach.",3
6521,"Filmvidenskab, cand.phil.",3
6522,"Filosofi, bach.",3
6523,"Filosofi, cand.phil.",3
6524,"Finsk, bach.",3
6525,"Finsk, cand.phil.",3
6526,"Folkemindevidenskab, bach.",3
6527,"Folkemindevidenskab, cand.phil.",3
6528,"Arkæologi forhistorisk, bach.",3
6529,"Arkæologi forhistorisk, cand.phil.",3
6530,"Fransk sprog,litteratur og kultur, bach.",3
6531,"Fransk, cand.phil.",3
6532,"Biblioteksvidenskab, it og kommunikation, bach.",3
6533,"Fransk samfund- og kulturdokumentation, cand.phil.",3
6534,"Historie, bach.",3
6535,"Historie, cand.phil.",3
6536,"Kommunikation og digitale medier, bach.",3
6537,"Informatik, cand.phil.",3
6538,"Kommunikation og IT, bach.",3
6539,"Kommunikation, cand.phil.",3
6540,"Idehistorie, bach.",3
6541,"Idehistorie, cand.phil.",3
6542,"Indianske sprog og kulturer, bach.",3
6543,"Indiansk sprog og kultur, cand.phil.",3
6544,"Asienstudier, Indologi, bach.",3
6545,"Indologi, cand.phil.",3
6546,"Digital design med interaktionsstudier og IT, bach.",3
6547,"Nyindisk, cand.phil.",3
6548,"Asienstudier, Indonesisk/Sydøstasienstudier, bach.",3
6549,"Sanskrit, cand.phil.",3
6550,"Italiensk sprog og kultur, bach.",3
6551,"Italiensk, cand.phil.",3
6552,"Persisk, bach.",3
6553,"Iransk, cand.phil.",3
6554,"Grønlandske og arktiske studier, bach.",3
6555,"Asienstudier, Thai/Sydøstasienstudier, bach.",3
6556,"Arkæologi klassisk, bach.",3
6557,"Arkæologi klassisk, cand.phil.",3
6558,"Rumænsk, bach.",3
6559,"Asienstudier, Japanstudier, bach.",3
6560,"Filologi klassisk, bach.",3
6561,"Asienstudier, Kinastudier, bach.",3
6562,"Film- og medievidenskab, bach.",3
6563,"Græsk, cand.phil.",3
6564,"Asienstudier, Koreastudier, bach.",3
6565,"Græsk-byzantinsk, cand.phil.",3
6566,"Asienstudier, Tibetologi, bach.",3
6567,"Filologi klassisk, cand.phil.",3
6568,"Anvendt filosofi, bach.",3
6569,"Latin, cand.phil.",3
6570,"Humanistisk una, bach.",3
6571,"Latin middelalder, cand.phil.",3
6572,"Uddannelsesvidenskab, c.soc.",3
6573,"Nylatin, cand.phil.",3
6574,"Indoeuropæisk, bach.",3
6575,"Oldtidskundskab, cand.phil.",3
6576,"Europæisk business, bach.",3
6577,"Kristendomshistorie, cand.phil.",3
6578,"Kunsthistorie, bach.",3
6579,"Kunsthistorie, cand.phil.",3
6580,"Litteraturhistorie, bach.",3
6581,"Litteraturhistorie, cand.phil.",3
6582,"Litteraturvidenskab, bach.",3
6583,"Litteraturvidenskab, cand.phil.",3
6584,"Middelalder- og renæssancearkæologi, bach.",3
6585,"Arkæologi middelalder, cand.phil.",3
6586,"Musik/Musikvidenskab, bach.",3
6587,"Musikvidenskab, cand.phil.",3
6588,"Nederlandsk, bach.",3
6589,"Nederlandsk, cand.phil.",3
6590,"Dansk, bach.",3
6591,"Dansk, cand.phil.",3
6592,"Nordisk sprog og litteratur, bach.",3
6593,"Nordisk filologi, cand.phil.",3
6594,"Mellemøstens sprog og samfund - Ægyptologi, bach.",3
6595,"Nordisk litteratur, cand.phil.",3
6596,"Øst- og sydøsteuropastudier, balkanstudier, bach.",3
6597,"Nygræsk, cand.phil.",3
6598,"Nærorientalsk oldtidskultur, bach.",3
6599,"Signal Processing and Acoustics, cand.polyt.",3
6600,"Mellemøstens sprog og samfund-arabisk, bach.",3
6601,"Nærorientalsk oldtidskultur, cand.phil.",3
6602,"Mellemøstens sprog og samfund-hebraisk, bach.",3
6603,"Ægyptologi, cand.phil.",3
6604,"Portugisisk, bach.",3
6605,"Portugisisk, cand.phil.",3
6606,"Pædagogik, bach.",3
6607,"Pædagogik, cand.phil.",3
6608,"Uddannelsesvidenskab, bach.",3
6609,"Ulandspædagogik, cand.phil.",3
6610,"Mellemøstens sprog og samfund-persisk, bach.",3
6611,"Voksenpædagogik, cand.phil.",3
6612,"Religionshistorie, bach.",3
6613,"Religionshistorie, cand.phil.",3
6614,"Mellemøstens sprog og samfund-tyrkisk, bach.",3
6615,"Religionssociologi, cand.phil.",3
6616,"Semitisk, bach.",3
6617,"Arabisk, cand.phil.",3
6618,"Sprog og internationale studier-engelsk, bach.",3
6619,"Hebraisk, cand.phil.",3
6620,"Østeuropastudier, bach.",3
6621,"Bulgarsk, cand.phil.",3
6622,"Mellemøstens sprog og samfund, bach.",3
6623,"Polsk, cand.phil.",3
6624,"Elektrisk energiteknologi, ing.prof.bach.",3
6625,"Russisk, cand.phil.",3
6626,"Kemi og bioteknologi, ing.prof.bach.",3
6627,"Serbokroatisk, cand.phil.",3
6628,"Maskinteknik, ing.prof.bach.",3
6629,"Tjekkisk, cand.phil.",3
6630,"Produktion (Produktionsteknik), ing.prof.bach.",3
6631,"Øststatskundskab, cand.phil.",3
6632,"Spansk og spanskamerikanske studier, bach.",3
6633,"Spansk, cand.phil.",3
6634,"Informatik (komb.HUM), bach.",3
6635,"Informatik (komb.SAM), bach.",3
6636,"Informatik (komb.NAT), bach.",3
6637,"Lingvistik, cand.phil.",3
6638,"Informatik (komb.HUM-TEK), bach.",3
6639,"Lingvistik indoeuropæisk, cand.phil.",3
6640,"Teater- og performancestudier, bach.",3
6641,"Teatervidenskab, cand.phil.",3
6642,"Tysk sprog, litteratur og kultur, bach.",3
6643,"Tysk, cand.phil.",3
6644,"Ungarsk, bach.",3
6645,"Ungarsk, cand.phil.",3
6646,"Østasiatisk sprog og kultur, bach.",3
6647,"Japansk, cand.phil.",3
6648,"Softwareteknologi, ing.prof.bach.",3
6649,"Kinesisk, cand.phil.",3
6650,"Moderne Indien og Sydasienstudier, bach.",3
6651,"Kinesisk kultur, cand.phil.",3
6652,"Sprog og internationale studier-spansk, bach.",3
6653,"Koreansk, cand.phil.",3
6654,"Bygningsdesign, ing.prof.bach.",3
6655,"Thai, cand.phil.",3
6656,"Global business og teknologi, ing.prof.bach.",3
6657,"Tibetansk, cand.phil.",3
6658,"Sundhedsteknologi, ing.prof.bach.",3
6659,"Østasiatisk sprog og kultur, cand.phil.",3
6660,"Elektroteknologi, ing.bach.",3
6661,"Kultur og kulturformidling, cand.phil",3
6662,"Kemi og teknologi, ing.bach.",3
6663,"Bioteknologi, ing.bach.",3
6664,"Arkitekt, cand.arch.",3
6665,"Journalistik, bach.",3
6666,"Retorik, bach.",3
6667,"Retorik, cand.phil.",3
6668,"Europæisk business, HA i europæisk business, bach.",3
6669,"Russisk med sovjetkundskab og økonomi, cand.phil.",3
6670,"Religion studier/videnskab, bach.",3
6671,"Religionsvidenskab, cand.phil.",3
6672,"Multimedia, bach.",3
6673,"Engelsk (komb. HUM), bach.",3
6674,"Engelsk (komb. SAM), bach.",3
6675,"Engelsk (komb. NAT), bach.",3
6676,"Engelsk (komb. HUM-TEK), bach.",3
6677,"Græsk-romersk kulturhistorie, cand.phil.",3
6678,"Arkitekt, bach.",3
6679,"Designkultur med rum og æstetik, bach.",3
6680,"Designkultur med mode og erhvervsøkonomi, bach.",3
6681,"Art and technology, bach.",3
6682,"Filosofi (komb. HUM), bach.",3
6683,"Filosofi (komb. SAM), bach.",3
6684,"Filosofi (komb. NAT), bach.",3
6685,"Filosofi (komb. HUM-TEK), bach.",3
6686,"Fransk (komb. HUM), bach.",3
6687,"Fransk (komb. SAM), bach.",3
6688,"Fransk (komb. NAT), bach.",3
6689,"Fransk (komb. HUM-TEK), bach.",3
6690,"Arkitekt, bach.",3
6691,"Historie (komb. HUM), bach.",3
6692,"Historie (komb. SAM), bach.",3
6693,"Historie (komb. NAT), bach.",3
6694,"Historie (komb. HUM-TEK), bach.",3
6695,"Journalistik (komb. HUM), bach.",3
6696,"Journalistik (komb. SAM), bach.",3
6697,"Journalistik (komb. NAT), bach.",3
6698,"Journalistik (komb. HUM.TEK), bach.",3
6699,Sidefag,3
6700,"Oplevelsesøkonomi, cand.mag.",3
6701,"Audiologopædi, cand.mag.",3
6702,"Pædagogik og uddannelsesstudier (komb. HUM-TEK), cand.mag.",3
6703,"Østeuropastudier, balkanistik, cand.mag.",3
6704,"Pædagogik og uddannelsesstudier (komb. HUM), cand.mag.",3
6705,"Pædagogik og uddannelsesstudier (komb. SAM), cand.mag.",3
6706,"Datalingvistik italiensk, cand.mag.",3
6707,"Pædagogik og uddannelsesstudier (komb. NAT), cand.mag.",3
6708,"Datalingvistik spansk, cand.mag.",3
6709,"Sundhedsfremme og sundhedsstrategier, kombination (RUC)",3
6710,"Dramaturgi, overbygning",3
6711,"Dramaturgi, cand.mag.",3
6712,"Engelsk (RUC), overbygning",3
6713,"English, cand.mag.",3
6714,"Amerikanske studier, cand.mag.",3
6715,"Grønlandske og arktiske studier, cand.mag.",3
6716,"Anthropology and people centred business, kand.",3
6717,"Antropologi, cand.scient.anth.",3
6718,"Applied Cultural Analysis, cand.mag.",3
6719,"Europæisk etnologi, cand.mag.",3
6720,"Filmvidenskab, overbygning",3
6721,"Film- og medievidenskab, cand.mag.",3
6722,"Filosofi, overbygning",3
6723,"Filosofi, cand.mag.",3
6724,"Film-medie-tv, kombination (RUC)",3
6725,"Finsk, cand.mag.",3
6726,"Medievidenskab, cand.mag.",3
6727,"Folkemindevidenskab, cand.mag.",3
6728,"Biotechnology, cand.polyt.",3
6729,"Arkæologi forhistorisk, cand.mag.",3
6730,"Fransk, kombination (RUC)",3
6731,"Fransk sprog, litteratur og kultur, cand.mag.",3
6732,"Visuel kultur, cand.mag.",3
6733,"Fransk samfund- og kulturdokumentation, cand.mag.",3
6734,"Historie, kombination (RUC)",3
6735,"Historie, cand.mag.",3
6736,"Environmental Engineering, cand.polyt.",3
6737,"Informatik, cand.mag.",3
6738,"Informatik, kombination (RUC)",3
6739,"Kommunikation, cand.comm.",3
6740,"IT og kognition, cand.mag.",3
6741,"Idehistorie, cand.mag.",3
6742,"Kommunikation og IT, cand.it.",3
6743,"Indiansk sprog og kultur, cand.mag.",3
6744,"Cognition and Communikation, cand.mag.",3
6745,"Indologi, cand.mag.",3
6746,"Sydøstasienstudier, Indonesisk, cand.mag.",3
6747,"Nyindisk, cand.mag.",3
6748,"Electrical Engineering, cand.polyt.",3
6749,"Sanskrit, cand.mag.",3
6750,"Italiensk, overbygning",3
6751,"Italiensk sprog og kultur, cand.mag.",3
6753,"Iransk, cand.mag.",3
6754,"Japansk-kinesisk, cand.mag.",3
6757,"Arkæologi klassisk, cand.mag.",3
6758,"Anvendt filosofi, cand.mag.",3
6760,"Humanistisk kombination, cand.mag.",3
6762,"Klassisk filologi, overbygning",3
6763,"Græsk, klassisk, cand.mag.",3
6765,"Græsk, middelalder, cand.mag.",3
6766,"Filologi klassisk, cand.mag.",3
6767,"Datalingvistik klassisk filologi, cand.mag.",3
6768,"Latin, overbygning",3
6769,"Latin, klassisk, cand.mag.",3
6771,"Latin middelalder, cand.mag.",3
6773,"Nylatin, cand.mag.",3
6774,"Oldtidskundskab, overbygning",3
6775,"Oldtidskundskab, cand.mag.",3
6777,"Kristendomshistorie, cand.mag.",3
6778,"Kunsthistorie, overbygning",3
6779,"Kunsthistorie, cand.mag.",3
6781,"Litteraturhistorie, cand.mag.",3
6782,"Litteraturvidenskab, overbygning",3
6783,"Litteraturvidenskab, cand.mag.",3
6785,"Middelalder- og renæssancearkæologi, cand.mag.",3
6786,"Musikvidenskab, overbygning",3
6787,"Musikvidenskab/Musik, cand.mag.",3
6789,"Nederlandsk, cand.mag.",3
6790,"Dansk, kombination (RUC)",3
6791,"Dansk, cand.mag.",3
6793,"Nordisk filologi, cand.mag.",3
6795,"Nordisk sprog og litteratur, cand.mag.",3
6797,"Grækenlandsstudier, cand.mag.",3
6800,"Asienstudier (Indien og Sydasien), cand.mag.",3
6801,"Nærorientalsk oldtidskultur, cand.mag.",3
6802,"Assyriologi, cand.mag.",3
6803,"Ægyptologi, cand.mag.",3
6804,"Designstudier, cand.mag.",3
6805,"Portugisisk, cand.mag.",3
6806,"Diakoni, cand.mag.",3
6807,"Pædagogik, cand.mag.",3
6808,"Journalistik, cand.mag.",3
6809,"Ulandspædagogik, cand.mag.",3
6810,"Diakoni og socialpædagogik, prof.bach.",3
6811,"Voksenpædagogik, cand.mag.",3
6813,"Religionshistorie, cand.mag.",3
6814,"Religion studier/religionsvidenskab, kand.",3
6815,"Religionssociologi, cand.mag.",3
6816,"Mellemøstens sprog og samfund, cand.mag.",3
6817,"Mellemøstens sprog og samfund-arabisk, cand.mag.",3
6818,"Mellemøstens sprog og samfund-persisk, cand.mag.",3
6819,"Mellemøstens sprog og samfund-hebraisk, cand.mag.",3
6820,"Mellemøstens sprog og samfund-tyrkisk, cand.mag.",3
6821,"Bulgarsk, cand.mag.",3
6822,"Religionsvidenskab, cand.mag.",3
6823,"Polsk, cand.mag.",3
6824,"Russisk, overbygning",3
6825,"Russisk, cand.mag.",3
6827,"Serbokroatisk, cand.mag.",3
6829,"Tjekkisk, cand.mag.",3
6831,"Øststatskundskab, cand.mag.",3
6832,"Spansk, overbygning",3
6833,"Spanske og spanskamerikanske studier, cand.mag.",3
6836,"Sprogvidenskab, overbygning",3
6837,"Sprogvidenskab-lingvistik, cand.mag.",3
6838,"Teatervidenskab, overbygning",3
6839,"Indoeuropæisk, cand.mag.",3
6840,"Datalingvistik, cand.mag.",3
6841,"Teatervidenskab og performancestudier, cand.mag.",3
6842,"Tysk, kombination (RUC)",3
6843,"Tysk sprog, litteratur og kultur, cand.mag.",3
6845,"Ungarsk, cand.mag.",3
6846,"Østasiatisk sprog og kultur, overbygning",3
6847,"Asienstudier, Japanstudier, cand.mag.",3
6849,"Asienstudier, Kinastudier, cand.mag.",3
6850,"Asienstudier, cand.mag.",3
6851,"Kinesisk kultur, cand.mag.",3
6853,"Koreastudier, cand.mag.",3
6855,"Sydøstasienstudier, Thai, cand.mag.",3
6857,"Tibetologi, cand.mag.",3
6859,"Østasiatisk sprog og kultur, cand.mag.",3
6860,"Æstetik og kultur, cand.mag.",3
6861,"Tværkulturelle studier, cand.mag.",3
6862,"Designledelse, cand.mag.",3
6863,"Kultur og kulturformidling, cand.mag.",3
6864,"Sprog og internat. virksomhedskommunikation, cand.mag.",3
6865,"Journalistik, cand.public.",3
6867,"Retorik, cand.mag.",3
6868,"Journalistik (komb. HUM), cand.mag.",3
6869,"Sovjetkundskab og økonomi, cand.mag.",3
6870,"European journalism, cand.mag.",3
6871,"Religion studier/religionsvidenskab, cand.mag.",3
6872,"Religionsvidenskab, overbygning",3
6873,"Religious Roots of Europe, cand.mag.",3
6874,"Religionshistorie, overbygning",3
6875,"Journalistik (komb. SAM), cand.mag.",3
6876,"Journalistik (komb. NAT), cand.mag.",3
6877,"Græsk-romersk kulturhistorie, cand.mag.",3
6878,"Journalistik (komb. HUM-TEK), cand.mag.",3
6880,"Læring og forandringsprocesser, cand.mag.",3
6881,"Uddannelsesantropologi og globalisering, cand.pæd.",3
6882,"Uddannelsesantropologi og globalisering, cand.pæd.",3
6885,"Kultur- og sprogmødestudier (komb.HUM), cand.mag.",3
6886,"Kultur- og sprogmødestudier (komb.SAM), cand.mag.",3
6887,"Kultur- og sprogmødestudier (komb.NAT), cand.mag.",3
6888,"Kultur- og sprogmødestudier (komb.HUM-TEK), cand.mag.",3
6890,"Arkitekt, cand.arch.",3
6891,"Dansk (komb. HUM), cand.mag.",3
6892,"Dansk (komb. SAM), cand.mag.",3
6893,"Dansk (komb. NAT), cand.mag.",3
6894,"Dansk (komb. HUM-TEK), cand.mag.",3
6895,"Filosofi (komb. HUM), cand.mag.",3
6896,"Filosofi (komb. SAM), cand.mag.",3
6897,"Filosofi (komb. NAT), cand.mag.",3
6898,"Filosofi (komb. HUM-TEK), cand.mag.",3
6900,"Rumlige design og samfund, cand.soc.",3
6901,"Socialt entreprenørskab og management, cand.soc.",3
6902,"Historie (komb. HUM), cand.mag.",3
6903,"Historie (komb. SAM), cand.mag.",3
6904,"Historie (komb. NAT), cand.mag.",3
6905,"Historie (komb. HUM-TEK), cand.mag.",3
6906,"Business Administration and Digital Business, cand.merc.it",3
6908,"Pædagogik og uddannelsesstudier, cand.mag.",3
6910,"Socialvidenskab (komb. HUM), cand.soc.",3
6912,"Socialvidenskab (komb. NAT), cand.soc.",3
6913,"Socialvidenskab (komb. SAM), cand.soc.",3
6914,"Socialvidenskab (komb. HUM-TEK), cand.soc.",3
6915,"Politik, cand.soc.",3
6920,"Psykologi (RUC), cand.mag.",3
6925,"EU studier (RUC), kand.",3
6930,"Business Administration and Leadership, cand.merc.",3
6940,"Internationale udviklingsstudier, cand.mag.",3
6941,"International virksomhedskommunikation, cand.mag.",3
6942,"Offentlig ledelse og social udvikling (SDC), cand.soc.",3
6987,"Sundhed og Informatik, cand.san.",3
6990,"Humanistisk una, kand.",3
6991,"Samfundsvindenskab una, kand.",3
6992,"Sundhedsvidenskab una, kand.",3
6993,"Naturvidenskab una, kand.",3
7003,"Pædagogik, mag.art.",3
7004,"STEM-undervisning, cand.scient.",3
7005,"Virksomhedsstudier, cand.soc.",3
7006,"Psykologi (komb. HUM), bach.",3
7007,"Psykologi (komb. SAM), bach.",3
7008,"Psykologi (komb. NAT), bach.",3
7009,"Psykologi (komb. HUM-TEK), bach.",3
7011,"Socialvidenskab, kand.",3
7012,"Socialvidenskab, cand.rer.soc.",3
7013,"Pædagogik og uddannelsesstudier (komb. HUM), bach.",3
7014,"Pædagogik og uddannelsesstudier (komb. SAM), bach.",3
7015,"Pædagogik og uddannelsesstudier (komb. NAT), bach.",3
7016,"Pædagogik og uddannelsesstudier (komb. HUM-TEK), bach.",3
7017,"Tysk (komb. HUM), bach.",3
7018,"Tysk (komb. SAM), bach.",3
7019,"Tysk (komb. NAT), bach.",3
7020,"Tysk (komb. HUM-TEK), bach.",3
7021,"Plan, by og proces (komb. HUM), cand.soc.",3
7022,"Plan, by og proces (komb. SAM), cand.soc.",3
7023,"Plan, by og proces (komb. NAT), cand.soc.",3
7024,"Plan, by og proces (komb. HUM-TEK), cand.soc.",3
7025,"Psykologi (komb. HUM), cand.soc.",3
7026,"Psykologi (komb. SAM), cand.soc.",3
7027,"Psykologi (komb. NAT), cand.soc.",3
7028,"Psykologi (komb. HUM-TEK), cand.soc.",3
7030,"Forsikringsvidenskab, ph.d.",3
7045,"Statsvidenskab, cand.polit.",3
7050,"Statsvidenskab, ph.d.",3
7061,"Miljø og ressource management, bach.",3
7062,"Økonomi, bach.",3
7063,"Plan, by og proces, cand.soc.",3
7065,"Økonomi, cand.oecon.",3
7070,"Økonomi, ph.d.",3
7079,"International ret, økonomi og ledelse, cand.soc.",3
7081,"Jura, bach.",3
7085,"Jura, cand.jur.",3
7086,"Jura, cand.soc.",3
7090,"Jura, ph.d.",3
7100,"Politik og økonomi, bach",3
7101,"Statskundskab, cand.scient.pol.",3
7102,"Statskundskab, cand.scient.pol.",3
7103,"Statskundskab, bach.",3
7104,"Samfundsvidenskab una, bach.",3
7105,"Samfundsfag, overbygning",3
7106,"Samfundsfag, cand.phil.",3
7107,"International Security and Law, cand.soc.",3
7108,"Samfundsfag, bach.",3
7109,"Politik og administration, bach.",3
7110,"Politik og administration (komb. HUM-TEK), cand.soc.",3
7111,"Comparative Public Policy and Welfare Studies, cand.soc.",3
7112,"Politik og administration (komb. NAT), cand.soc.",3
7113,"Forvaltning, cand.scient.adm.",3
7114,"Samfundsfag, cand.mag.",3
7115,"Politik og administration (komb. HUM), cand.soc.",3
7116,"Samfundsfag, cand.soc.",3
7117,"Politik og administration (komb. SAM), cand.soc.",3
7118,"Forvaltning og datalogi, cand.scient.adm.",3
7119,"Samfundsfag og forvaltning kombineret, cand.mag.",3
7120,"Samfundsvidenskab, ph.d.",3
7121,"Arbejdslivsstudier (komb.HUM), bach.",3
7122,"Arbejdslivsstudier (komb.SAM), bach.",3
7123,"Arbejdslivsstudier (komb.NAT), bach.",3
7124,"Arbejdslivsstudier (komb.HUM-TEK), bach.",3
7125,"EU-studier (komb. HUM), bach.",3
7126,"EU-studier (komb. SAM), bach.",3
7127,"EU-studier (komb. NAT), bach.",3
7128,"EU-studier (komb. HUM-TEK), bach.",3
7129,"EU-studier, bach.",3
7131,"Sociologi, bach.",3
7132,"Sociologi og kulturanalyse, bach.",3
7133,"Cultural Sociology, cand.soc.",3
7134,"Socialvidenskab, bach.",3
7135,"Sociologi, cand.scient.soc.",3
7136,"By, bolig og bosætning, cand.soc.",3
7137,"Innovation og digitalisering, bach.",3
7138,"Optometri og synsvidenskab, cand.san.",3
7139,"Klinisk sygepleje, cand.cur.",3
7140,"Sociologi, ph.d.",3
7141,"Sociologi, mag.scient.soc",3
7142,"Jordemodervidenskab, cand.san.",3
7143,"Security Risk Management, cand.soc.",3
7144,"Ergoterapi, cand.san.",3
7145,"Socialt arbejde, cand.soc.",3
7146,"Advanced Development in Social Work, cand.soc.",3
7147,"Sociale interventionsstudier, cand.soc.",3
7148,"Muskuloskeletal fysioterapi, cand.san.",3
7149,"Samfundsøkonomi, bach.",3
7151,"Psykologi, mag.art.psych.",3
7152,"Psykologi, bach.",3
7153,"Psykologi, bach.",3
7154,"Psykologi, cand.psych.",3
7155,"Psykologi, cand.psych.",3
7156,"Globale studier (komb. HUM), bach.",3
7157,"Globale studier (komb. SAM), bach.",3
7158,"Globale studier (komb. NAT), bach.",3
7159,"Globale studier (komb. HUM-TEK), bach.",3
7160,"Psykologi, ph.d.",3
7161,"Internationale udviklingsstudier (komb. HUM), bach.",3
7162,"Internationale udviklingsstudier (komb. SAM), bach.",3
7163,"Internationale udviklingsstudier (komb. NAT), bach.",3
7164,"Internationale udviklingsstudier (komb. HUM-TEK), bach.",3
7165,"Plan, by og proces (komb. HUM), bach.",3
7166,"Plan, by og proces (komb. SAM), bach.",3
7167,"Plan, by og proces (komb. NAT), bach.",3
7168,"Plan, by og proces (komb. HUM-TEK), bach.",3
7170,"Medicin, cand.med.",3
7172,"Medicin, bach.",3
7173,"Kriminologi, cand.soc.",3
7174,"Biomedicine, cand.scient.",3
7175,"Human Biology, cand.scient.",3
7176,"Politik og administration (komb. HUM), bach.",3
7177,"Politik og administration (komb. SAM), bach.",3
7178,"Politik og administration (komb. NAT), bach.",3
7179,"Politik og administration (komb. HUM-TEK), bach.",3
7180,"Sundhedsvidenskab, ph.d.",3
7181,"Global Health, cand.scient.",3
7182,"Tek-Sam - miljøplanlægning, bach.",3
7183,"Fysioterapi, cand.scient.",3
7184,"Sundhed og Informatik, bach.",3
7185,"Folkesundhedsvidenskab, cand.scient.san.publ.",3
7186,"Folkesundhedsvidenskab, bach.",3
7187,"Sundhedsfaglige kandidatudd., cand.scient.san.",3
7188,"Klinisk videnskab og teknologi, cand.scient.",3
7189,"Sygepleje, cand.cur.",3
7190,"Humaniora, ph.d.",3
7191,"Socialvidenskab (komb. HUM), bach.",3
7192,"Socialvidenskab (komb. SAM), bach.",3
7193,"Socialvidenskab (komb. NAT), bach.",3
7194,"Socialvidenskab (komb. HUM-TEK), bach.",3
7195,"Biomedicinsk teknik, cand.scient.med.",3
7196,"Tek-Sam - miljøplanlægning (komb. HUM), bach.",3
7197,"Tek-Sam - miljøplanlægning (komb. SAM), bach.",3
7198,"Tek-Sam - miljøplanlægning (komb. NAT), bach.",3
7199,"Tek-Sam - miljøplanlægning (komb. HUM-TEK), bach.",3
7200,"Kommunikation, ph.d.",3
7201,"Veterinærmedicin (AU), bach.",3
7202,"Veterinærmedicin, cand.med.vet.",3
7203,"Religionsvidenskab, mag.art.",3
7207,"EU-studier, cand.soc.",3
7208,"Virksomhedsstudier (komb. HUM), bach.",3
7209,"Virksomhedsstudier (komb. SAM), bach.",3
7210,"Virksomhedsstudier (komb. NAT), bach.",3
7211,"Virksomhedsstudier (komb. HUM-TEK), bach.",3
7213,"Religionssociologi, mag.art.",3
7215,"Odontologi, bach.",3
7216,"EU-studier (komb. HUM), cand.soc.",3
7217,"EU-studier (komb. SAM), cand.soc.",3
7218,"EU-studier (komb. NAT), cand.soc.",3
7219,"EU-studier (komb. HUM-TEK), cand.soc.",3
7220,"Odontologi, cand.odont.",3
7223,"Kristendomskundskab, mag.art.",3
7224,"Globale studier (komb. HUM), cand.soc.",3
7225,"Globale studier (komb. SAM), cand.soc.",3
7226,"Globale studier (komb. NAT), cand.soc.",3
7227,"Globale studier (komb. HUM-TEK), cand.soc.",3
7230,"Teologi, cand.theol.",3
7231,"Teologi, bach.",3
7232,"Teologi, cand.theol.",3
7235,"Teologi, ph.d.",3
7236,"Internationale udviklingsstudier (komb. HUM), cand.soc.",3
7237,"Internationale udviklingsstudier (komb. SAM), cand.soc.",3
7238,"Internationale udviklingsstudier (komb. NAT), cand.soc.",3
7239,"Internationale udviklingsstudier (komb. HUM-TEK), cand.soc.",3
7243,"Filosofi, mag.art.",3
7253,"Idehistorie, mag.art.",3
7263,"Historie, mag.art.",3
7279,"Arkæologi klassisk, mag.art.",3
7298,"Forhistorisk arkæologi, mag.art.",3
7303,"Arkæologi middelalder, mag.art.",3
7313,"Arkæologi nærorientalsk, mag.art.",3
7314,"Immunology and Inflammation, cand.scient",3
7321,"Human security, cand.soc.",3
7322,"Market and Management Anthropology, bach.",3
7323,"Etnografi og antropologi, mag.art.",3
7324,"Klinisk biomekanik, bach.",3
7325,"Antropologi, bach.",3
7333,"Etnologi europæisk, mag.art.",3
7335,"Antropologi, ph.d.",3
7336,"Antropologi, cand.scient.anth.",3
7343,"Eskimologi, mag.art.",3
7344,"Eskimologi etnologisk, cand.phil.",3
7345,"Eskimologi lingvistisk retning, cand.phil.",3
7348,"Eskimologi lingvistisk retning, mag.art.",3
7353,"Folkemindevidenskab, mag.art.",3
7362,"Kultursociologi, cand.phil.",3
7363,"Kultursociologi, mag.art.",3
7364,"Kultursociologi, cand.mag.",3
7365,"Kultursociologi, ph.d.",3
7373,"Litteraturvidenskab, mag.art.",3
7383,"Litteraturhistorie, mag.art.",3
7393,"Plant and Food Science, bach.",3
7394,"Antropologi, cand.scient.anth.",3
7395,"Nordisk filologi, mag.art.",3
7396,"Nordisk litteratur, mag.art.",3
7397,"Nordisk sprog og litteratur, mag.art.",3
7398,"Nyere dansk sprog, mag.art.",3
7399,"Nordisk, mag.art.",3
7400,"Engelsk (komb. HUM), cand.mag.",3
7401,"Engelsk (komb. SAM), cand.mag.",3
7402,"Engelsk (komb. NAT), cand.mag.",3
7403,"Engelsk (komb. HUM-TEK), cand.mag.",3
7404,"Lingvistik, bach.",3
7405,"Statskundskab, bach.",3
7406,"Kunsthistorie, bach.",3
7407,"Datalogi, bach.",3
7408,"Audiologopædi, bach.",3
7409,"Engelsk, bach",3
7410,"Antropologi, bach.",3
7411,"Filosofi, bach.",3
7412,"Fransk sprog, litteratur og kultur, bach.",3
7413,"Historie, bach.",3
7414,"Arkæologi klassisk, bach.",3
7415,"Lægemiddelvidenskab, bach.",3
7416,"Asienstudier, Japanstudier, bach.",3
7417,"Asienstudier, Kinastudier, bach.",3
7418,"Litteraturvidenskab, bach.",3
7419,"Musik/Musikvidenskab, bach.",3
7420,"Farmaci, bach.",3
7421,"Dansk, bach.",3
7422,"Tysk sprog, litteratur og kultur, bach.",3
7423,"Engelsk, mag art.",3
7424,Farmaceutisk videnskab (cand.scient.pharm.),3
7425,"Farmaci, c.pharm.",3
7426,"Farmaceutisk videnskab, cand.scient.pharm.",3
7427,"Medicinalkemi, cand.scient.",3
7428,"Moderne Indien og Sydasienstudier, bach.",3
7429,"Religion studier/Religionsvidenskab, bach.",3
7430,"Lægemiddelvidenskab, kand.",3
7431,"Økonomi, bach.",3
7432,"Jura, bach.",3
7433,"Samfundsfag, bach.",3
7434,"Sociologi, bach.",3
7435,"Psykologi, bach.",3
7436,"Medicin, bach.",3
7437,"Folkesundhedsvidenskab, bach.",3
7438,"Germansk filologi, mag.art.",3
7439,"Odontologi, bach.",3
7440,"Teologi, bach.",3
7441,"Farmaci, bach.",3
7442,"Medicinalkemi, bach.",3
7443,"Matematik og økonomi, bach.",3
7444,"Kemi, bach.",3
7445,"Fysik, bach.",3
7446,"Matematik, bach.",3
7447,"Biologi, bach.",3
7448,"Geologi/Geologi-Geoscience, bach.",3
7449,"Molekylær biomedicin/Molekylær medicin, bach.",3
7450,"Geografi/Geografi og geoinformatik, bach.",3
7451,"Idræt/Idræt og sundhed, bach.",3
7452,"Nanoscience, bach.",3
7453,"European Environmental Economy and Policy, cand.scient.",3
7454,"Antropology, cand.scient.anth.",3
7455,"Økonomi, cand.polit.",3
7456,"Economics, cand.polit.",3
7457,"Jura, cand.jur.",3
7458,"Fransk, mag.art.",3
7459,"Statskundskab, cand.scient.pol.",3
7460,"Political Science, cand.scient.pol.",3
7461,"Engelsk, cand.mag.",3
7462,"Computer Science, cand.scient.",3
7463,"Chemistry, cand.scient.",3
7464,"Folkesundhedsvidenskab, cand.scient.san.publ.",3
7465,"Mathematics, cand.scient.",3
7466,"Physics, cand.scient.",3
7467,"Mathematics-Economics, cand.scient.oecon.",3
7468,"Italiensk, mag.art.",3
7469,"Biology, cand.scient.",3
7470,"Geography/Geography and Geoinformatics, cand.scient.",3
7471,"Audiologopædi, cand.mag.",3
7472,"Fransk sprog, litteratur og kultur, cand.mag.",3
7473,"Kunsthistorie, cand.mag.",3
7474,"Musik/Musikvidenskab, cand.mag.",3
7475,"Dansk, cand.mag.",3
7476,"Pædagogik, cand.mag.",3
7477,"Tysk sprog, litteratur og kultur, cand.mag.",3
7478,"Spansk, mag.art.",3
7479,"Retorik, cand.mag.",3
7480,"Philosophy, cand.mag.",3
7481,"Historie, cand.mag.",3
7482,"Litteraturvidenskab, cand.mag.",3
7483,"STEM-undervisning, cand.scient.",3
7484,"Rumænsk, cand.phil.",3
7485,"STEM-undervisning, cand.scient.",3
7486,"Samfundsfag, cand.soc.",3
7487,"Sociologi, cand.scient.soc",3
7488,"Rumænsk, mag.art.",3
7489,"Rumænsk, cand.mag.",3
7490,"Psykologi, cand.psych.",3
7491,"Medicin, cand.med",3
7492,"Sundhedsfaglig kandidatuddannelse, cand.scient.san.",3
7493,"Odontologi, cand.odont.",3
7494,"Teologi, cand.theol.",3
7495,"Farmaci, cand.pharm.",3
7496,"Statistics, cand.scient.",3
7497,"Medicinal Chemistry, cand.scient.",3
7498,"Geology-Geoscience, cand.scient.",3
7499,"Bioinformatics, cand.scient.",3
7500,"Nanoscience, cand.scient.",3
7501,"Bioteknologi, ing.prof.bach.",3
7502,"Global ledelse og design af produktionsnetværk (GMM), ing.prof.bach.",3
7503,"Elektrisk energiteknologi, ing.prof.bach.",3
7504,"Elektrisk energiteknologi, ing.prof.bach.",3
7505,"Elektronik, ing.prof.bach.",3
7506,"Elektronik, ing.prof.bach.",3
7507,"Maskinteknik, ing.prof.bach.",3
7508,"Maskinteknik, ing.prof.bach.",3
7509,"Softwareteknologi, ing.prof.bach.",3
7510,"Bygningsdesign, ing.prof.bach.",3
7511,"Global Management and Manufacturing, ing.prof.bach.",3
7512,"Sundhedsteknologi, ing.prof.bach.",3
7513,"Lingvistik, bach.",3
7514,"Statskundskab, bach.",3
7515,"Elektroteknologi, ing.bach.",3
7516,"HA almen erhvervsøkonomi, bach.",3
7517,"HA almen erhvervsøkonomi, bach.",3
7518,"Portugisisk, mag.art.",3
7519,"Economics and Business Administration, bach.",3
7520,"Economics and Business Administration, bach.",3
7521,"Kunsthistorie, bach.",3
7522,"Datalogi, bach.",3
7523,"HA(jur.) erhvervsøkonomi-jura, bach.",3
7524,"International virksomhedskommunikation, engelsk, bach.",3
7525,"International virksomhedskommunikation, tysk, bach.",3
7526,"Medievidenskab, bach.",3
7527,"Russisk, mag.art.",3
7528,"Engelsk, bach.",3
7529,"Antropologi, bach.",3
7530,"Filosofi, bach.",3
7531,"Fransk sprog, litteratur og kultur, bach.",3
7532,"Historie, bach.",3
7533,"Arkæologi klassisk, bach.",3
7534,"Asienstudier, Japanstudier, bach.",3
7535,"Asienstudier, Kinastudier, bach.",3
7536,"Musik/Musikvidenskab, bach.",3
7537,"Serbokroatisk, mag.art.",3
7538,"Uddannelsesvidenskab, bach.",3
7539,"Uddannelsesvidenskab, bach.",3
7540,"Tysk sprog, litteratur og kultur, bach.",3
7541,"Moderne Indien og Sydasienstudier, bach.",3
7542,"Religion studier/Religionsvidenskab, bach.",3
7543,"Økonomi, bach.",3
7544,"Jura, bach.",3
7545,"Samfundsfag, bach.",3
7546,"Psykologi, bach.",3
7547,"Polsk, mag.art.",3
7548,"Medicin, bach.",3
7549,"Folkesundhedsvidenskab, bach.",3
7550,"Odontologi, bach.",3
7551,"Teologi, bach.",3
7552,"Medicinalkemi, bach.",3
7553,"Matematik og økonomi, bach.",3
7554,"Kemi, bach.",3
7555,"Fysik, bach.",3
7556,"Matematik, bach.",3
7557,"Tjekkisk, mag.art.",3
7558,"Biologi, bach.",3
7559,"Kemi og teknologi, ing.bach.",3
7560,"Geologi/Geologi-Geoscience, bach.",3
7561,"Molekylær biomedicin/Molekylær medicin, bach.",3
7562,"Idræt/Idræt og sundhed, bach.",3
7563,"Bioteknologi, ing.bach.",3
7564,"Nanoscience, bach.",3
7565,"Didaktik, dansk, cand.pæd.",3
7566,"Didaktik, dansk, cand.pæd.",3
7567,"Bulgarsk, mag.art.",3
7568,"Didaktik, musikpædagogik, cand.pæd.",3
7569,"Didaktik, musikpædagogik, cand.pæd.",3
7570,"Economics and Business Administration, cand.merc.",3
7571,"Economics and Business Administration, cand.merc.",3
7572,"Antropologi, cand.scient.anth.",3
7573,"Anthropology, cand.scient.anth.",3
7574,"Economics, cand.oecon.",3
7575,"Jura, cand.jur.",3
7576,"Statskundskab, cand.scient.pol.",3
7577,"Political Science, cand.scient.pol.",3
7578,"Øststatskundskab, mag.art",3
7579,"Engelsk, cand.mag.",3
7580,"Computer Science, cand.scient.",3
7581,"Chemistry, cand.scient.",3
7582,"Folkesundhedsvidenskab, cand.scient.san.publ.",3
7583,"Mathematics, cand.scient.",3
7584,"Physics, cand.scient.",3
7585,"Mathematics-Economics, cand.scient.oecon.",3
7586,"Biology, cand.scient.",3
7587,"Informationsvidenskab, cand.it.",3
7588,"Arabisk som hovedsprog, mag.art.",3
7589,"Erhvervsøkonomi og jura, cand.merc.jur.",3
7590,"Revision, cand.merc.aud.",3
7591,"Electrical Engineering, cand.polyt.",3
7592,"Fransk sprog, litteratur og kultur, cand.mag.",3
7593,"Kunsthistorie, cand.mag.",3
7594,"Musik/Musikvidenskab, cand.mag.",3
7595,"Tysk sprog, litteratur og kultur, cand.mag.",3
7596,"Retorik, cand.mag.",3
7597,"Filosofi, cand.mag.",3
7598,"Hebraisk som hovedsprog, mag.art.",3
7599,"Uddannelsesvidenskab, cand.soc.",3
7601,"American Studies, cand.mag.",3
7602,"Amerikanske studier, cand.mag.",3
7603,"Uddannelsesvidenskab, cand.soc.",3
7604,"Historie, cand.mag.",3
7605,"Medievidenskab, cand.mag.",3
7606,"Religion studier/Religionsvidenskab, cand.mag.",3
7607,"Assyriologi, mag.art.",3
7608,"Sumerologi, mag.art.",3
7609,"Journalistik, cand.public.",3
7611,"Samfundsfag, cand.soc.",3
7612,"Psykologi, cand.psych.",3
7613,"Medicin, cand.med.",3
7614,"Sundhedsfaglig kandidatuddannelse, cand.scient.san.",3
7616,"Sygepleje, cand.cur.",3
7617,"Odontologi, cand.odont.",3
7618,"Teologi, cand.theol.",3
7619,"Generel pædagogik, cand.pæd.",3
7620,"African Studies, cand.mag.",3
7621,"Amerikanske studier, bach.",3
7622,"Generel pædagogik, cand.pæd.",3
7623,"Pædagogisk filosofi, cand.pæd.",3
7624,"Pædagogisk filosofi, cand.pæd.",3
7625,"Pædagogisk antropologi, cand.pæd.",3
7626,"Pædagogisk antropologi, cand.pæd.",3
7627,"Pædagogisk psykologi, cand.pæd.",3
7628,"Ægyptologi-realia, mag.art.",3
7629,"Pædagogisk psykologi, cand.pæd.",3
7630,"Pædagogisk sociologi, cand.pæd.",3
7631,"Pædagogisk sociologi, cand.pæd.",3
7632,"Statistics, cand.scient.",3
7633,"Medicinal Chemistry, cand.scient.",3
7634,"Geology-Geoscience, cand.scient.",3
7635,"IT, kommunikation og organisation, cand.it.",3
7636,"IT, kommunikation og organisation, cand.it.",3
7637,"Bioinformatics, cand.scient.",3
7638,"Idræt/Idræt og sundhed, cand.scient.",3
7639,"Nanoscience, cand.scient.",3
7640,"Elektronik, ing.prof.bach.",3
7641,"Kemi og bioteknologi, ing.prof.bach.",3
7642,"Kemi og bioteknologi, ing.prof.bach.",3
7643,"Maskinteknik, ing.prof.bach.",3
7644,"Maskinteknik, ing.prof.bach.",3
7645,"Byggeri og anlæg, ing.prof.bach.",3
7646,"Byggeri og anlæg, ing.prof.bach.",3
7647,"Software, ing.bach.",3
7648,"Software, ing.bach.",3
7649,"By-, energi- og miljøplanlægning, ing.bach.",3
7650,"By-, energi- og miljøplanlægning, ing.bach.",3
7651,"HA almen erhvervsøkonomi, bach.",3
7652,"Robotteknologi, ing.bach.",3
7653,"Indiansk sprog og kultur, mag.art.",3
7654,"Kommunikation og digitale medier, bach.",3
7655,"Kommunikation og digitale medier, bach.",3
7656,"Datalogi, bach.",3
7657,"Teknisk videnskab (Cyber- og computerteknologi), bach.",3
7658,"Teknisk videnskab (Cyber- og computerteknologi), bach.",3
7659,"HA(jur.) erhvervsøkonomi-jura, bach.",3
7660,"International virksomhedskommunikation, engelsk, bach.",3
7661,"International virksomhedskommunikation, tysk, bach.",3
7662,"Medialogi, bach.",3
7663,"Medialogi, bach.",3
7664,"Engelsk, bach.",3
7665,"Historie, bach.",3
7666,"Musik/Musikvidenskab, bach.",3
7667,Smykkeformgiver,3
7668,"Sinologi, mag.art.",3
7669,"Musik/Musikvidenskab, bach.",3
7670,"Dansk, bach.",3
7671,"Tysk sprog, litteratur og kultur, bach.",3
7672,"Økonomi, bach.",3
7673,"Kinesisk kultur, mag.art.",3
7674,"Jura, bach.",3
7675,"Samfundsfag, bach.",3
7676,"Sociologi, bach.",3
7677,"Psykologi, bach.",3
7678,"Medicin, bach.",3
7679,"Energi, ing.bach.",3
7680,"Energi, ing.bach.",3
7681,"Teknoantropologi, bach.",3
7682,"Teknoantropologi, bach.",3
7683,"Koreansk, mag.art.",3
7684,"Matematik og økonomi, bach.",3
7685,"Kemi, bach.",3
7686,"Fysik, bach.",3
7687,"Matematik, bach.",3
7688,"Biologi, bach.",3
7689,"Geografi/Geografi og geoinformatik, bach.",3
7690,"Idræt/Idræt og sundhed, bach.",3
7691,"Bioteknologi, ing.bach.",3
7692,"Landinspektørvidenskab, bach.",3
7693,"Japansk, mag.art.",3
7694,"Landinspektørvidenskab, bach.",3
7695,"Biotechnology, cand.polyt.",3
7696,"International Relations, cand.soc.",3
7697,"International Relations, cand.soc.",3
7698,"IT, læring og organisatorisk omstilling, cand.it.",3
7699,"IT, læring og organisatorisk omstilling, cand.it.",3
7700,"Surveying and Planning, cand.tech.",3
7701,"Surveying and Planning, cand.tech.",3
7702,"Erhvervsøkonomi, cand.merc.",3
7703,"Økonomi, cand.oecon.",3
7704,"Jura, cand.jur.",3
7705,"Engelsk, cand.mag.",3
7706,"Datalogi, cand.scient.",3
7707,"Kemi, cand.scient.",3
7708,"Folkesundhedsvidenskab, cand.scient.san.publ.",3
7709,"Matematik, cand.scient.",3
7710,"Matematik-økonomi, cand.scient.oecon.",3
7711,"Kommunikation, cand.mag.",3
7712,"Kommunikation, cand.mag.",3
7713,"Informationsvidenskab, cand.it.",3
7714,"Geography/Geography and Geoinformatics, cand.scient.",3
7715,"Robotics, cand.polyt.",3
7716,"Erhvervsøkonomi og jura, cand.merc.jur.",3
7717,"Revision, cand.merc.aud.",3
7718,"Medialogy, cand.scient.",3
7719,"Medialogy, cand.scient.",3
7720,"Musik/Musikvidenskab, cand.mag.",3
7721,"Dansk, cand.mag.",3
7722,"Tysk sprog, litteratur og kultur, cand.mag.",3
7723,"Tibetansk, mag.art.",3
7724,"Tourism, cand.mag.",3
7725,"Tourism, cand.mag.",3
7726,"Historie, cand.mag.",3
7727,"Læring og forandringsprocesser, cand.mag.",3
7728,"Læring og forandringsprocesser, cand.mag.",3
7729,"Samfundsfag, cand.soc.",3
7730,"Sociologi, cand.scient.soc.",3
7731,"Socialt arbejde, cand.soc.",3
7732,"Socialt arbejde, cand.soc.",3
7733,"Sprogvidenskab, mag.art.",3
7734,"Psykologi, cand.psych.",3
7735,"Medicin, cand.med.",3
7736,"Idræt/Idræt og sundhed, cand.scient.",3
7737,"Surveying, Planning and Land Management, cand.geom.",3
7738,"Surveying, Planning and Land Management, cand.geom.",3
7739,"Techno-Anthropology, cand.scient.",3
7740,"Techno-Anthropology, cand.scient.",3
7741,"Economics and Business Administration, bach.",3
7742,"Biomedical Engineering and Informatics, cand.polyt.",3
7743,"Lingvistik indoeuropæisk, mag.art.",3
7744,"Statskundskab, cand.scient.pol.",3
7745,"Generel pædagogik, cand.pæd.",3
7746,"Dansk, cand.pæd. (DPU)",3
7747,"Pædagogisk filosofi, c.pæd.",3
7748,"Pædagogisk antropologi, c.pæd.",3
7749,"Pædagogisk psykologi, cand.pæd.",3
7750,"Pædagogisk sociologi, c.pæd.",3
7751,"Matematik, cand.pæd. (DPU)",3
7752,"Didaktik, kand.",3
7753,"Lifelong learning, policy - management, kand.",3
7754,"IT-didaktisk design, cand.pæd.",3
7755,"Statskundskab, bach.",3
7756,"Molecular Medicine, cand.scient.",3
7776,"Latin, mag.art.",3
7779,"Filologi klassisk, mag.art.",3
7802,"Norrøn filologi, cand.phil.",3
7803,"Bygningsteknik, ing.bach.",3
7804,"Norrøn filologi, cand.mag.",3
7813,"Iransk filologi, mag.art.",3
7832,"Indisk filologi, cand.phil.",3
7833,"Indisk filologi, mag.art.",3
7841,"Klassisk instrument-sang-ensemble, bach.",3
7842,"Grønlandsk filologi, cand.phil.",3
7843,"Musikpædagogik ensemble-korledelse, bach.",3
7844,"Grønlandsk filologi, cand.mag.",3
7845,"Rytmisk instrument.-sang-ensemble, bach.",3
7846,"Klassisk musikpædagogik (AM), bach.",3
7847,"Rytmisk musikpædagogik (AM), bach.",3
7848,"Musikpædagogik brobygning, bach.",3
7849,"Elektronisk musik og lydkunst, bach.",3
7850,"Kirkemusik, bach.",3
7851,"Rytmisk musik, bach.",3
7852,"Komponist, bach.",3
7853,"Sangskrivning, bach.",3
7854,"Musikteori, bach.",3
7855,"Tonemester (musik), bach.",3
7856,"Lydtekniker (musik), bach.",3
7857,"Musikformidling, bach.",3
7858,"Den individuelle musikuddannelse IM, bach.",3
7859,"Folkemusik, bach.",3
7860,"Musik og musikpædagogik, bach.",3
7861,"Music, cand.musicae",3
7862,"Musikpædagog, cand.musicae",3
7863,"Musik- og bevægelseslærer, cand.musicae",3
7864,"Solist musisk, komposition",3
7865,"Musik og musikpædagogik, cand.musicae",3
7866,"Musikpædagogisk udvikling (MMS), master",3
7867,"Solist, samtidsmusik",3
7873,"Musik, mag.art.",3
7883,"Teatervidenskab, mag.art.",3
7887,"Æstetisk kulturarbejde, cand.phil.",3
7893,"Dramaturgi, mag.art.",3
7900,"Matematik-teknologi, ing.bach.",3
7901,"Bæredygtigt design, ing.bach.",3
7902,"Kemi og bioteknologi, ing.bach.",3
7903,"Kunsthistorie, mag.art.",3
7904,"Fysik og teknologi, ing.bach.",3
7905,"Manufacturing and operations engineering, ing.bach.",3
7906,"Data science og datamangament, ing.bach.",3
7907,"Applied Industrial Electronics, ing.bach.",3
7908,"Elektronik og system-design, ing.bach.",3
7909,"Computerteknologi, ing.bach.",3
7910,"Robotteknologi, ing.bach.",3
7911,"Mechatronics, ing.bach.",3
7912,"Teknisk biomedicin, ing.bach.",3
7913,"Filmvidenskab, mag.art.",3
7914,"Engineering, Innovation and Business, ing.bach.",3
7915,"Product Development and Innovation, ing.bach.",3
7916,"Teknisk videnskab (Fysik og ingeniørvidenskab), ing.bach.",3
7917,"Geofysik og rumteknologi, ing.bach.",3
7918,"Arkitektur og design,ing.bach",3
7919,"Energisystemer, ing.bach.",3
7920,"Medicin med industriel speciale, bach.",3
7921,"Miljøvidenskab, ing.bach.",3
7922,"Kemiteknologi, ing.bach.",3
7923,"Software engineering, ing.bach.",3
7924,"Sustainable Biotechnology, ing.bach.",3
7925,"Sundhed-produkt, ingeniør bach.",3
7926,"Byggeteknologi, ing.bach.",3
7927,"Energi, ing.bach.",3
7928,"Sundheds- og velfærdsteknologi (teknisk videnskab), ing.bach.",3
7929,"Spiludvikling og læringsteknologi, ing.bach.",3
7930,"Ingeniør una, bach.",3
7931,"Maskin - industri/produktion, ing.bach.",3
7932,"Medicin og teknologi, ing.bach.",3
7933,"Bioteknologi, ing.bach.",3
7934,"Kemi-miljø, ing.bach.",3
7935,"Bygge og anlæg, ing.bach.",3
7936,"Design og innovation, ing.bach.",3
7937,"Elektronik og IT, ing.bach.",3
7938,"Nanoteknologi, ing.bach.",3
7939,"IT-informatik, ing.bach.",3
7940,"Infrastruktur, bach.",3
7941,"Klassisk instrument-sang-ensemble, kand.",3
7942,"IT, Communication and New Media, ing.bach.",3
7943,"Bygningsdesign, ing.bach.",3
7944,"Byggeri og anlæg, indeklima og energi, ingeniør bach.",3
7945,"Rytmisk instrument-sang-ensemble, kand.",3
7946,"Klassisk musikpædagog (AM), kand.",3
7947,"Rytmisk musikpædagog (AM), kand.",3
7948,"Bygge- og anlægskonstruktion, ing.bach.",3
7949,"Elektronisk musik og lydkunst, cand.musicae",3
7950,"Kirkemusik, kand.",3
7951,"Byggeri og anlæg, veje og trafik, ingeniør bach.",3
7952,"Komponist, cand.musicae",3
7953,"Byggeri og anlæg, vand og miljø, ingeniør bach.",3
7954,"Musikpædagogik brobygning, kand.",3
7955,"Tonemester (musik), cand.musicae",3
7956,"Den individuelle musikuddannelse IM, kand.",3
7957,"Musikformidling, kand.",3
7958,"Cyberteknologi, ing.bach.",3
7959,"Folkemusik, kand.",3
7960,"Klassisk musik, solist",3
7961,"Musik (Music Creation), cand. musicae",3
7962,"Bæredygtige byggeprocesser, ing.bach.",3
7963,"Bæredygtige byggeprocesser, cand.polyt.",3
7964,"Life Science og Teknologi, ing.bach.",3
7965,"Rytmisk musik, solist",3
7966,"Miljøteknologi, ing.bach.",3
7967,"Software Engineering, ing.bach.",3
7968,"Produktudvikling og innovation, ing.bach.",3
7969,"Kunstig intelligens, bach.",3
7970,"Elektronisk musik, solist",3
7971,"Kunstig intelligens og data, ing.bach.",3
7972,"Bæredygtigt energidesign, ing.bach.",3
7973,"Engineering (Electronics), ing.bach.",3
7974,"Elektronik, ing.bach.",3
7976,"Teknisk biomedicin, ing.bach.",3
7977,"Bioteknologi, ing.bach.",3
7981,"Produktion (Produktionsteknik), ing.prof.bach.",3
7982,"Byggeri og anlæg, ing.prof.bach.",3
7983,"Softwareteknologi, ing.prof.bach.",3
7984,"Maskinteknologi, ing.prof.bach.",3
7985,"Mechanical Engineering, ing.prof.bach.",3
7986,"Global business og teknologi, ing.prof.bach.",3
7995,"Medicin med industriel specialisering, cand.scient.med.",3
8000,"Naturvidenskab, ph.d.",3
8001,"Matematik-humanistisk, bifag",3
8002,"Fysik-humanistisk, bifag",3
8003,"Kemi-humanistisk, bifag",3
8004,"Biologi-humanistisk, bifag",3
8005,"Datalogi-humanistisk, bifag",3
8006,"Datalogi (komb. HUM), cand.scient.",3
8007,"Datalogi (komb. SAM), cand.scient.",3
8008,"Datalogi (komb. NAT), cand.scient.",3
8009,"Datalogi (komb. HUM-TEK), cand.scient.",3
8010,"Fysik (komb. HUM), cand.scient.",3
8011,"Fysik (komb. SAM), cand.scient.",3
8012,"Fysik (komb. NAT), cand.scient.",3
8013,"Fysik (komb. HUM-TEK), cand.scient.",3
8014,"Kemi (komb. HUM), cand.scient.",3
8015,"Kemi (komb. SAM), cand.scient.",3
8016,"Kemi (komb. NAT), cand.scient.",3
8017,"Kemi (komb. HUM-TEK), cand.scient.",3
8018,"Physics and Technology, cand.polyt.",3
8019,"Lighting Design, cand.scient.",3
8020,"Mathematical Modelling and Computation, cand.polyt.",3
8021,"Meteorologi, bach.",3
8022,"Matematik (komb. HUM), cand.scient.",3
8023,"Matematik (komb. SAM), cand.scient.",3
8024,"Matematik (komb. NAT), cand.scient.",3
8025,"Matematik (komb. HUM-TEK), cand.scient.",3
8026,"Byggeri og anlæg, ing.bach.",3
8027,"Data Science (ITU), cand.scient.",3
8028,"Business Administration and Data Science, cand.merc.",3
8029,"Neurorehabilitering, master",3
8030,"Militære studier, master",3
8031,"Datalogi, hovedfag",3
8032,"Matematik, hovedfag",3
8033,"Fysik, hovedfag",3
8034,"Kemi, hovedfag",3
8035,"Statistik, hovedfag",3
8036,"Videnskabshistorie, hovedfag",3
8037,"Astronomi, hovedfag",3
8038,"Geofysik, hovedfag",3
8039,"Miljøkemi, bach.",3
8040,"Medicinalkemi, bach.",3
8041,"Statistik, bach.",3
8042,"Sundhedsteknologi, ing.bach.",3
8043,"Vand og miljø (SDC), c.scient.",3
8044,"Astronomi, bach.",3
8045,"Biofysik, bach.",3
8046,"Bioengineering, cand.polyt.",3
8047,"Informatikundervisning, master",3
8048,"Bygningskultur - Bæredygtighed, Strategi og Transformation, master",3
8049,"Geofysik, bach.",3
8050,"Biokemi, bach.",3
8051,"Byggeteknik og arkitektonisk projektering, kand.2år.",3
8052,"Teknoantropologi, bach.",3
8053,"Design, master",3
8054,"Strategisk byplanlægning, master",3
8055,"Sustainable and Safe Food production, master",3
8056,"Personlig medicin, master",3
8057,"Bæredygtigt byggeri, master",3
8058,"Arbejdsmiljøledelse, master",3
8059,"Forsikringsmatematik, bach.",3
8060,"Climate Change, cand.scient.",3
8061,"Sustainable Leadership, master",3
8062,"Physics and Technology, cand.polyt.",3
8063,"Physics and Technology, cand.polyt.",3
8064,"Data Science, cand.scient.",3
8065,"Quantum Computing, cand.scient.",3
8066,"Computer Science, bach.",3
8067,"Data Science, bach.",3
8068,"IT-Product Development, bach.",3
8072,"Computer Science, cand.scient.",3
8073,"Computer Science (IT), cand.scient.",3
8074,"Applied Mathematics, cand.scient.",3
8075,"Produkt- og designpsykologi, ingeniør bach.",3
8076,"Earth and Space Physics and Engineering, cand.polyt.",3
8077,"E-science, c.scient.",3
8078,"Naturvidenskab kombination, kombination (RUC)",3
8079,"Miljøkemi, cand.scient.",3
8080,"Naturvidenskab una, cand.scient.",3
8081,"Computer Science, cand.scient.",3
8082,"Matematik, cand.scient.",3
8083,"Physics, cand.scient.",3
8084,"Astronomy, cand.scient.",3
8085,"Geofysik-meteorologi, cand.scient.",3
8086,"Geofysik-oceanografi, cand.scient.",3
8087,"Geofysik, faste jord, cand.scient.",3
8088,"Geofysik-fysisk glaciologi, cand.scient.",3
8089,"Geophysics, cand scient.",3
8090,"Biokemi, cand.scient.",3
8091,"Statistics, cand.scient.",3
8092,"Kemi, cand.scient.",3
8093,"Science Studies, cand.scient.",3
8094,"Geodæsi, cand.scient.",3
8095,"Biofysik, c.scient.",3
8096,"Materialefysik og kemi, cand.scient.",3
8097,"Matematisk planlægning, cand.scient.",3
8098,"Teknisk fysik, c.scient.",3
8099,"Actuarial Mathematics, cand.act.",3
8100,"Informationsteknologi, bach.",3
8101,"Medicinalbiologi (komb.HUM), bach.",3
8102,"Medicinalbiologi (komb.SAM), bach.",3
8103,"Medicinalbiologi (komb.NAT), bach.",3
8104,"Medicinalbiologi (komb.HUM-TEK), bach.",3
8105,"Informatik, bach.",3
8106,"Almen biologi (komb.HUM), bach.",3
8107,"Almen biologi (komb.SAM), bach.",3
8108,"Almen biologi (komb. NAT), bach.",3
8109,"Almen biologi (komb. HUM-TEK), bach.",3
8110,"Datalogi (komb. HUM), bach.",3
8111,"Datalogi (komb. SAM), bach.",3
8112,"Datalogi (komb. NAT), bach.",3
8113,"Datalogi (komb. HUM-TEK), bach.",3
8114,"Data science, bach.",3
8115,"Quantum Technologies and Engineering, cand.scient.",3
8116,"Anvendt matematik, bach.",3
8117,"Matematik-økonomi, cand.scient.oecon.",3
8118,"Mathematics-Economics, cand.scient.oecon.",3
8119,"Fysik (komb. HUM), bach.",3
8120,"Fysik (komb. SAM), bach.",3
8121,"Fysik (komb. NAT), bach.",3
8122,"Fysik (komb. HUM-TEK), bach.",3
8123,"Geografi (komb. HUM), bach.",3
8124,"Geografi (komb. SAM), bach.",3
8125,"Geografi (komb. NAT), bach.",3
8126,"Geografi (komb. HUM-TEK), bach.",3
8127,"Geoscience, cand.scient.",3
8128,"Molekylærbiologi og molekylær medicin, bach.",3
8129,"Teknisk fysik, bach.",3
8130,"Global Business Informatics, bach.",3
8131,"Geologi, hovedfag",3
8132,"Naturvidenskab una, bach.",3
8133,"Matematik og økonomi, bach.",3
8134,"Softwareudvikling, bach.",3
8135,"Datalogi, bach.",3
8136,"Kemi, bach.",3
8137,"Fysik, bach.",3
8138,"Matematik, bach.",3
8139,"Biologi, bach.",3
8140,"Kemi og teknologi, ing.bach.",3
8141,"Geologi/Geologi-geoscience, cand.scient.",3
8142,"Geologi-endogen, cand.scient.",3
8143,"Geologi-exogen, cand.scient.",3
8144,"Geologi-palæontologi, cand.scient.",3
8145,"Geology-Geoscience, cand.scient.",3
8146,"Geologi-fysisk geografi, cand.scient.",3
8147,"Geologi, bach.",3
8148,"Geologi-geoscience, bach.",3
8149,"Molekylærbiologi, bach.",3
8150,"Molekylær biomedicin /Molekylær medicin, bach.",3
8151,"Medicinal Chemistry, cand.scient.",3
8152,"Bioteknologi (NAT), bach.",3
8153,"Miljøbiologi, bach.",3
8154,"Almen biologi, bach.",3
8155,"Biomedicin, bach.",3
8156,"Biokemi og molekylær biologi, bach.",3
8157,"Biokemi, molekylær biologi og kemi, bach.",3
8158,"Molekylærbiologi (komb.HUM), bach.",3
8159,"Molekylærbiologi (komb.SAM), bach.",3
8161,"Molekylærbiologi (komb.NAT), bach.",3
8162,"Molekylærbiologi (komb.HUM-TEK), bach.",3
8163,"Matematik og teknologi, ing.bach.",3
8164,"Forsikringsmatematik, bach.",3
8165,"Matematik, overbygning",3
8166,"Datalogi, overbygning",3
8167,"Naturvidenskab og IT, bach.",3
8168,"Matematiske fag, bach.",3
8169,"Biologi, industribach.",3
8170,"Datavidenskab og machine learning (AAU), bach.",3
8171,"Geografi, hovedfag",3
8172,"Datavidenskab, bach.",3
8173,"Datavidenskab, cand.scient.",3
8174,"Engineering (Biomaterial Engineering for Medicine), cand.polyt.",3
8175,"Produkt og designpsykologi, cand.polyt.",3
8176,"Kemi (komb. HUM), bach.",3
8177,"Kemi (komb. SAM), bach.",3
8178,"Kemi (komb. NAT), bach.",3
8179,"Kemi (komb. HUM-TEK), bach.",3
8180,"Kulturgeografi, bach.",3
8181,"Geografi-kultur A, cand.scient.",3
8182,"Geografi-kultur B, cand.scient.",3
8183,"Geografi-natur, cand.scient.",3
8184,"Geografi-fysisk, cand.scient.",3
8185,"Geografi/Geografi og geoinformatik, cand.scient.",3
8186,"Geografi/Geografi og geoinformatik, bach.",3
8187,"Naturgeografi, bach.",3
8188,"Geoinformatik, bach.",3
8189,"Geoinformatik, cand.scient.",3
8190,"Matematik (komb. HUM), bach.",3
8191,"Matematik (komb. SAM), bach.",3
8192,"Matematik (komb. NAT), bach.",3
8193,"Matematik (komb. HUM-TEK), bach.",3
8194,"Miljøbiologi (komb. HUM), bach.",3
8195,"Miljøbiologi (komb. SAM), bach.",3
8196,"Miljøbiologi (komb. NAT), bach.",3
8197,"Miljøbiologi (komb. HUM-TEK), bach.",3
8198,"Data Science, cand.scient.",3
8199,"Datavidenskab og machine learning (AAU), cand.scient.",3
8200,"Biologi, cand.scient.",3
8201,"Nanoscience og teknologi (SDC), cand.scient.",3
8202,"Molekylærbiologi, cand.scient.",3
8203,"Omics (SDC), c.scient.",3
8204,"Miljøbiologi, cand.scient.",3
8205,"Molekylær biomedicin /Molekylær medicin, cand.scient.",3
8206,"Almen biologi (komb. HUM), cand.scient.",3
8207,"Almen biologi (komb. SAM), cand.scient.",3
8208,"Almen biologi (komb. NAT), cand.scient.",3
8209,"Almen biologi (komb. HUM-TEK), cand.scient.",3
8210,"Biologi, hovedfag",3
8211,"Multimedia science, kand.",3
8212,"Miljøbiologi (komb. HUM), cand.scient.",3
8213,"Miljøbiologi (komb.SAM), cand.scient.",3
8214,"Miljøbiologi (komb. NAT), cand.scient.",3
8215,"Miljøbiologi (komb. HUM-TEK), cand.scient.",3
8216,"Environmental Risk, cand.scient.",3
8217,"Molekylærbiologi (komb.HUM), cand.scient.",3
8218,"Molekylærbiologi (komb.SAM), cand.scient.",3
8219,"Molekylærbiologi (komb.NAT), cand.scient.",3
8220,"Molekylærbiologi (komb.HUM-TEK), cand.scient.",3
8221,"Zoologi-biologi-matematik, cand.scient.",3
8222,"Zoologi-biologi-geologi, cand.scient.",3
8223,"Botanik-biologi-matematik, cand.scient.",3
8224,"Botanik-biologi-geografi, cand.scient.",3
8225,"Biologi og miljøkontrol, cand.scient.",3
8226,"Biologi, cand.scient.",3
8227,"Biochemistry and Molecular Biology, cand.scient.",3
8228,"Biokemi, molekylær biologi og kemi, c.scient.",3
8229,"IT, kommunikation og organisation, cand.it.",3
8231,"Biotechnology, cand.scient.",3
8232,"Forsikringsmatematik, cand.act.",3
8233,"Bioinformatics, cand.scient.",3
8234,"Nature Management, cand.scient.",3
8235,"Parasitologi, c.scient.",3
8236,"Medicinalbiologi (komb.HUM), cand.scient.",3
8237,"Medicinalbiologi (komb.SAM), cand.scient.",3
8238,"Medicinalbiologi (komb.NAT), cand.scient.",3
8239,"Medicinalbiologi (komb.HUM-TEK), cand.scient.",3
8240,"Geografi (komb. HUM), cand.scient.",3
8241,"Geografi (komb. SAM), cand.scient.",3
8242,"Geografi (komb. NAT), cand.scient.",3
8243,"Geografi (komb. HUM-TEK), cand.scient.",3
8244,"Operations and Management Engineering, cand.polyt.",3
8245,"Gastronomi og sundhed, cand.scient.",3
8246,"Mekanik, ing.bach.",3
8247,"Bioinformatik, bach.",3
8248,"Biokemi og molekylær biologi, cand.scient.",3
8249,"Biosolutions, cand.scient.",3
8250,"Kommunikation, cand.mag.",3
8251,"Byggeledelse og bygningsinformatik, cand.tech.",3
8252,"Legemsøvelser, hovedfag",3
8253,"Idræt/Idræt og sundhed, bach.",3
8254,"Bygningsteknik, cand.polyt.",3
8255,"Legemsøvelser, faglærer",3
8256,"Idræt/Idræt og sundhed, c.scient.",3
8257,"Idrætsteknologi, cand.scient.tech.",3
8258,"Humanistisk-samfundsvidenskabelig idrætsvidenskab, c.scient.",3
8259,"Humanfysiologi, cand.scient.",3
8260,"Bæredygtig omstilling, master",3
8261,"Datateknik, ingeniør bach.",3
8262,"Datateknik, civilingeniør",3
8263,"Operations and Management Engineering, cand.polyt.",3
8264,"Civil Engineering, cand.polyt.",3
8265,"Bioteknologi, ing.bach.",3
8266,"Bioteknologi, ing.prof.bach.",3
8267,"Maskinteknologi, ing.prof.bach.",3
8270,"Bioteknologi, cand.scient.",3
8271,"Landinspektørvidenskab, bach.",3
8272,"Surveying, Planning and Land Management, cand.geom.",3
8275,"Procesanalytisk teknologi, cand.scient.",3
8281,"Children's Literature, Media and Cultural Entrepreneurship, kand.2år",3
8282,"Byggeri, ing.bach.",3
8283,"Soils and Global Change, cand.scient.",3
8284,"Advanced Power Electronics, cand.polyt.",3
8285,"HA i markeds- og kulturanalyse, bach.",3
8290,"Fysik og teknologi, ing.bach.",3
8291,"Nanobioscience, bach.",3
8292,"Nanoscience, bach.",3
8295,"Nanoscience, cand.scient.",3
8296,"Nanobioscience, cand.scient.",3
8300,"Sustainable Cities, cand.polyt.",3
8301,"Matematik og økonomi, ph.d.",3
8302,"Transport and Logistics, cand.polyt.",3
8303,"Sustainable animal nutrition-feeding, cand.scient.",3
8304,"Europæisk vindenergi, civilingeniør cand.scient.",3
8305,"Wind Energy, cand.polyt.",3
8306,"Sustainable Energy Engineering, cand.polyt.",3
8307,"Intelligent Reliable Systems, cand.polyt.",3
8308,"Communication Technologies and System Design, cand.polyt.",3
8309,"Matematik-teknologi, cand.polyt.",3
8310,"Security Risk Management, cand.scient.tech.",3
8311,"Mechatronics, cand.polyt.",3
8312,"Biomedicinsk teknologi, cand.polyt.",3
8313,"Kemisk-biokemisk teknologi (biomasse-energi) (SDC), cand.polyt.",3
8314,"Technology (Entrepreneurial Business Engieneering), cand.scient.tech.",3
8315,"Sustainable Design, cand.polyt.",3
8316,"Materials Technology, cand.polyt.",3
8317,"Service systems design, cand.scient.",3
8318,"Engineering (Engineering Light), cand.polyt.",3
8319,"Business Administration and Bioentrepreneurship, cand.merc.(bio)",3
8320,"Autonomous Systems, cand.polyt.",3
8321,"Urban Design, cand.scient.tech.",3
8322,"Urban Design, cand.polyt.",3
8323,"Industrial Design, cand.scient.tech.",3
8324,"Industrial Design, cand.polyt.",3
8325,"Architecture, cand.scient.tech.",3
8326,"Architecture, cand.polyt.",3
8327,"Sundhedsteknologi, cand.polyt.",3
8328,"Pharmaceutical Design and Engineering, cand.polyt.",3
8329,"Sundheds- og velfærdsteknologi (teknisk videnskab), cand.polyt.",3
8330,"Spiludvikling og læringsteknologi, cand.polyt.",3
8331,"Industriel produktion, civilingeniør",3
8332,"Medicin og teknologi, civilingeniør cand.polyt.",3
8333,"Bioteknologi, civilingeniør cand.polyt.",3
8334,"Kemi-miljø, civilingeniør",3
8335,"Byggeri og anlæg, cand.polyt.",3
8336,"Design og innovation, civilingeniør cand.polyt.",3
8337,"Elektronik og IT, civilingeniør",3
8338,"Nanoteknologi, civilingeniør",3
8339,"IT-informatik, civilingeniør",3
8340,"Teknisk una, cand.scient.",3
8341,"Fødevareteknologi, cand.polyt.",3
8342,"Teknologi og ledelse, civilingeniør",3
8343,"Energi, civilingeniør",3
8344,"Innovative Communication Technologies Entrepreneurship, cand.polyt.",3
8345,"Civil and Architectural Engineering, cand.polyt.",3
8346,"Sustainable Biotechnology, cand.polyt.",3
8347,"Oil and Gas Technology, cand.polyt.",3
8348,"Engineering Acoustics, cand.polyt.",3
8349,"IT-produktudvikling, c.scient.",3
8350,"IT-ledelse, cand.it.",3
8351,"Biosystemteknologi, cand.polyt.",3
8352,"Techno-Anthropology, cand.scient.",3
8353,"Energisystemer, cand.polyt.",3
8354,"Indoor Environmental and Energy Engineering, cand.polyt.",3
8355,"Structural and Civil Engineering, cand.polyt.",3
8356,"Veje og trafik, cand.polyt.",3
8357,"Water and Environment Engineering, cand.polyt.",3
8358,"Chemical and Biochemical Engineering, cand.polyt.",3
8359,"Bygningsinformatik, cand.scient.tech.",3
8360,"Byggeledelse, cand.polyt.",3
8361,"Management in the Building Industry, kand.2år, cand.scient.tech.",3
8362,"Ledelse og informatik i byggeriet, cand.scient.tech.",3
8363,"Akvatisk videnskab og teknologi, cand.polyt.",3
8364,"Integrated Food Studies, cand.scient.tech.",3
8365,"Architectural Engineering, cand.polyt.",3
8366,"Civil Engineering, cand.polyt.",3
8367,"Materials and Manufacturing Engineering, cand.polyt.",3
8368,"Engineering (Engineering Physics), cand.polyt.",3
8369,"Nanomaterials and Nanophysics, cand.polyt.",3
8370,"Nanobioteknology, cand.polyt.",3
8371,"Medical biotechnology, cand.polyt.",3
8372,"Sustainable Energy Engineering, cand.polyt.",3
8373,"Sound and Music Computing, cand.polyt.",3
8374,"Building Energy Design, cand.tech.",3
8375,"Engineering, Innovation and Business, cand.polyt.",3
8376,"Konstruktionsteknik, cand.polyt.",3
8377,"Nordisk arkitektonisk kulturarv (NORDMAK), master",3
8378,"Technology Entrepreneurship, cand.tech.",3
8379,"Producentvirksomhed og kulturledelse, diplomuddannelse",3
8380,"Kreativ musikformidling, master",3
8381,"Grundlæggende musikformidling, master",3
8382,"Kirkemusik, master",3
8383,"Klassisk hørelærepædagogik, master",3
8384,"Rytmisk korledelse, master",3
8385,"Rytmisk kirkemusik, master",3
8386,"Elite sangpædagogik, master",3
8387,"Sustainable Energy Systems, cand.polyt.",3
8388,"Sustainable Energy Technologies, cand.polyt.",3
8400,"Landbrugsvidenskab, bach.",3
8401,Akademiuddannelse i ungdoms- og voksenundervisning,3
8402,"Agrobiologi, bach.",3
8403,"Mejeribrugsvidenskab, bach.",3
8404,"Miljø- og fødevareøkonomi, bach.",3
8405,"Sundhed og ernæring, bach.",3
8406,"Fødevarevidenskab, bach.",3
8407,"Havebrugsvidenskab, bach.",3
8408,Akademiuddannelse i socialpædagogik,3
8409,"Landskabsarkitektur, bach.",3
8410,"Veterinærmedicin (KU), bach.",3
8411,"Skovbrugsvidenskab, bach.",3
8412,"Husdyrvidenskab, bach.",3
8413,"Akademiuddannelse, fleksibelt forløb",3
8415,"Veterinærvidenskab, cand.med.vet.",3
8416,"Animal Science, cand.scient.",3
8417,"Dyrevidenskab, bach.",3
8418,"Animal Science, cand.scient.",3
8420,"Naturressourcer, bach.",3
8421,"Plante- og fødevarevidenskab, bach.",3
8422,"Plant Science, cand.scient.",3
8440,Speciallærer,3
8441,Friluftsvejleder,3
8442,Almen uddannelse i sløjd,3
8443,Voksenunderviser,3
8444,Voksenvejleder,3
8445,"Praktiklærer til læreruddannelsen, diplomuddannelse",3
8446,"Praktikvejleder til socialrådgiveruddannelsen, diplomuddannelse",3
8447,"Praktikvejleder til pædadgoguddannelsen, diplomuddannelse",3
8448,Uddannelses- og erhvervsvejlederuddannelse,3
8501,"Naturfagsdidaktik, diplomuddannelse",3
8502,Dansk andetsprog for voksne,3
8503,"Pædagogik, diplomuddannelse",3
8504,"Pædagogisk arbejde, diplomuddannelse",3
8505,"Journalistisk arbejde, diplomuddannelse",3
8506,"Turistfører, diplomuddannelse",3
8507,"Materiel kultur, diplomuddannelse",3
8508,"Erhvervspædagogik, diplomuddannelse",3
8509,"ESG-styring og -rapportering, diplomuddannelse",3
8510,Den merkantile diplomuddannelse,3
8511,"Globalisering og forandring, diplomuddannelse",3
8512,"Rusmiddelbehandling, diplomuddannelse",3
8513,"Power-to-X, diplomuddannelse",3
8517,"Særskilte moduler, diplomuddannelse",3
8518,"Vurdering, diplomuddannelse",3
8519,"Ledelse, diplomuddannelse",3
8520,"Journalistik for etniske grupper, diplomuddannelse",3
8521,"Journalistik, diplomuddannelse",3
8522,"Humanistisk-pædagogik, diplomuddannelse (DPU)",3
8523,Statsprøvet tolk,3
8524,"Projektledelse, teknologisk diplomuddannelse",3
8525,"Kriminologi, diplomuddannelse",3
8526,"Sportsmanagement, diplomuddannelse",3
8551,"Grøn energiomstilling, diplomuddannelse",3
8552,Ernæringsfaglig diplomuddannelse,3
8553,Diplomuddannelse i operations og supply chain management (TD),3
8554,Grafisk åben udd. (GÅU),3
8555,Media management (GÅU),3
8556,Teknologisk diplomuddannelse i parkvirksomhed,3
8557,Teknologisk diplomuddannelse i vedligehold,3
8558,Teknologisk diplomuddannelse,3
8559,Teknologisk diplomuddannelse i bio- og procestekn. og kemi,3
8560,"Stærkstrømsteknologi, teknologisk diplomuddannelse",3
8561,Diplomuddannelse i automation,3
8562,"Projektledelse i byggeriet, teknologisk diplomuddannelse",3
8563,"Sundhedsteknologi, ing.prof.bach.",3
8564,"Maritim Drift og Bæredygtig Udvikling, diplomuddannelse",3
8584,"Intelligence og cyber studier, master",3
8585,"Matematik med henblik på undervisning på de gymnasiale uddannelser, master",3
8586,"Sundhedsøkonomi og ledelse, diplomuddannelse",3
8587,"Cybersikkerhed, master",3
8588,"Datadrevet organisationsudvikling, master",3
8589,"Intelligence and Cyber Studies, master",3
8599,"Fleksibelt forløb, diplomuddannelse",3
8600,"Offentlig administration, diplomuddannelse",3
8601,"Skat, diplomuddannelse",3
8602,"Inkasso, diplomuddannelse",3
8603,"Socialformidling, diplomuddannelse",3
8604,Akademiuddannelse til statonom,3
8620,"It-sikkerhed, diplomuddannelse",3
8621,"Teknologileder, diplomuddannelse",3
8622,"Ingeniørernes lederuddannelse, diplomuddannelse",3
8623,"Management and manufacturing, ing.prof.bach.",3
8624,"IT (DIT), diplomuddannelse",3
8625,"Software (IT-Vest), diplomuddannelse",3
8626,"IT-diplomuddannelsen (IHK), diplomuddannelse",3
8627,"Humanøkologi (TD), diplomuddannelse",3
8628,"Webudvikling, diplomuddannelse",3
8629,"Softwareudvikling, diplomuddannelse",3
8630,"Konkurrenceidræt, diplomuddannelse",3
8631,"Matematik og pædagogik (DPU), diplomuddannelse",3
8632,Sundhedsfaglig diplomuddannelse,3
8633,"Kræftsygepleje, specialsygeplejerske",3
8634,"Sygeplejerske, suppleringsuddannelse",3
8635,"Stråleterapi, specialsygeplejerske",3
8636,"Oral helse, diplomuddannelse",3
8637,"Psykiatri, diplomuddannelse",3
8638,"Familieterapi, diplomuddannelse",3
8639,"Ældrearbejde, diplomuddannelse",3
8640,"Psykiatrisk og børne-/ungdomspsykiatrisk sygepleje, specialsygeplejerske",3
8641,"Anæstesiologisk sygepleje, specialsygeplejerske",3
8642,"Intensiv sygepleje, specialsygeplejerske",3
8643,"Infektionshygiejne (Hygiejnesygeplejersker), specialsygeplejerske",3
8644,"Sundhedsplejerske, specialsygeplejerske",3
8645,"Borgernær sygepleje, specialsygeplejerske",3
8646,"Akutsygepleje, specialsygeplejerske",3
8655,"Formidling af kunst og kultur, diplomuddannelse",3
8656,Den sociale diplomuddannelse,3
8657,Tværfaglig diplomuddannelse,3
8658,"Beskæftigelse, diplomuddannelse",3
8670,"Kirkemusik, diplomuddannelse",3
8671,"Music management, diplomuddannelse",3
8672,"Rtmisk musik og bevægelse, diplomuddannelse",3
8673,"Digital konceptudvikling, diplomuddannelse",3
8674,"Rytmisk korledelse, diplomuddannelse",3
8701,"Arbejdsliv, cand.soc.",3
8702,"Chemical Biology, cand.scient.",3
8703,"Media and Communication, cand.comm.",3
8704,"Computer Science, cand.scient.",3
8705,"Dansk, cand.mag.",3
8706,"Filosofi og videnskabsteori, cand.mag.",3
8707,"By og plan, cand.soc.",3
8708,"Historie, cand.mag.",3
8709,"Digital transformation, cand.it.",3
8710,"Journalistik, cand.comm.",3
8711,"Kulturmødestudier, cand.mag.",3
8712,"Mathematical Bioscience, cand.scient.",3
8713,"Physics and Scientific Modelling, cand.scient.",3
8714,"Molecular Health Science, cand.scient.",3
8715,"Socialvidenskab, cand.scient.soc.",3
8716,"Socialpsykologi og læring, cand.mag.",3
8717,"Tværvidenskabelige sundhedsstudier, cand.san.",3
8718,"Business Administration and Leadership, cand.merc.",3
8719,"Global and Development Studies, cand.soc.",3
8720,"International Politics and Governance, cand.soc.",3
8721,"Kommunikation, cand.comm.",3
8722,"Nordic Urban Planning Studies, cand.soc.",3
8723,"Politik og forvaltning, cand.scient.adm.",3
8724,"Social Entrepreneurship and Management, cand.soc.",3
8725,"Social intervention, cand.soc.",3
8726,"Bæredygtig omstilling (Tek-Sam), cand.tech.soc.",3
8727,"Virksomhedsledelse, cand.merc.",3
8728,"Environmental Science, cand.scient.",3
8729,"Samfundsjura, cand.scient.jur.",3
8750,"Special- og socialpædagogik, master",3
8799,"Særskilte moduler, master",3
8800,"Læreprocesser (MLP), master",3
8801,"Voksnes læring og kompetenceudvikling, master",3
8802,"Sundhedspædagogik og sundhedsfremme, master",3
8803,"Pædagogisk IT, master",3
8804,"Professionsudvikling, master",3
8805,"Gymnasiepædagogik ledelse, master",3
8806,"Myndighed og medborgerskab, master",3
8807,"Specialpædagogik, master",3
8808,"Fremmedsprogsdidaktik, master",3
8809,"Engelsk teknisk kommunikation (MTC), master",3
8810,"Danskfagets didaktik, master",3
8811,"Pædagogisk fleksibelt forløb, master",3
8812,"Børns litteratur og medier, master",3
8813,"Professionel vejledning, master",3
8814,"Sprogtilegnelse, master",3
8815,"Language administration (MLA), master",3
8816,"Retorik, master",3
8817,"Læse- og skrivedidaktik (MEd), master",3
8818,"Børne- og ungdomskultur, æstet. læreproces. - multimedier, master",3
8819,"Humanistisk sundhedsvidenskab og -praksisudvikling, master",3
8820,"Multimedia arts (MMA), master",3
8821,"Kulturhistorisk informatik, master",3
8822,"Køn og kultur, master",3
8823,"Professionel kommunikation, master",3
8824,"Tværmedial kommunikation, master",3
8825,"Information technology (IM), master",3
8826,"IT (MIT), master",3
8827,"Miljøstudier, master",3
8828,"Geovidenskab, master",3
8829,"Anvendt statistik, master",3
8830,"Multimedia science (MMS), master",3
8831,"Kryptologi, master",3
8832,"Problembaseret læring i ingeniør-og naturvidenskab,master",3
8833,"Material science, master",3
8834,"Fysik, master",3
8835,"Computer-mediated communication (MCC), master",3
8836,"Idræt og velfærd, master",3
8837,"Integreret planlægning, master",3
8838,"Bioanalyse og klinisk kemi, master",3
8839,"Problem based learning in science (MPBL), master",3
8840,"Køn og velfærd, master",3
8841,"Fødevarekvalitet og -sikkerhed, master",3
8842,"Naturfagsdidaktik, master",3
8843,"Kvalitet og ledelse, master",3
8844,"Skat, master",3
8845,"Skat, master",3
8846,"Oplevelsesledelse (MOL), master",3
8847,"Food (MBA), master",3
8848,"Business administration (MBA), master",3
8849,"Ledelsesudvikling, master",3
8850,"Offentlig administration (MPA), master",3
8851,"Europastudier, master",3
8852,"Corporate communication, master",3
8853,"Konfliktmægling, master",3
8854,"Organisationspsykologi, master",3
8855,"Offentlig organisation og ledelse (MPM), master",3
8856,"Modern economics, master",3
8857,"Humanistisk organisationsudvikling, master",3
8858,"Social integration, master",3
8859,"Byg (MBA), master",3
8860,"Public policy (MPP), master",3
8861,"Knowledge management, master",3
8862,"Shipping og logistik, (EMBA) master",3
8863,"Arbejdsmarked og personaleforhold, master",3
8864,"Sundhedsantropologi, master",3
8865,"Teknisk-videnskabelig miljøvurdering, master",3
8866,"Teknisk miljøledelse, master",3
8867,"Miljøvidenskab, master",3
8868,"Technology management (MTM), master",3
8869,"Brandsikkerhed, master",3
8870,"Arktisk teknologi, master",3
8871,"Holdbarhed-reparation betonkonstruktion, master",3
8872,"Ledelse af byggeri, master",3
8873,"Informatik-industriel IT, master",3
8874,"Kulturmiljø og landskabsanalyse, master",3
8875,"International virksomhedskommunikation, master",3
8876,"Forsøgsdyrsvidenskab, master",3
8877,"Husdyrsundhed og økonomi, master",3
8878,"Naturbaseret rehabilitering, master",3
8879,"Public health (MPH), master",3
8880,"International health, master",3
8881,"Rehabilitering, master",3
8882,"Klinisk sygepleje, master",3
8883,"Industriel lægemiddeludvikling, master",3
8884,"Kvalitetssikret lægemiddelanvendelse, master",3
8885,"Miljø- og energiret, master",3
8886,"Evaluering, master",3
8887,"Software, interaktionsdesign-multimedier, organisation, master",3
8888,"Antropologi og velfærd, master",3
8889,"Katastrofehåndtering, master",3
8890,"Gerontologi, master",3
8891,"Pharmaceutical regulatory affairs, master",3
8892,"Mobil internet communication (MIC), master",3
8893,"Musikformidling, master",3
8894,"Dyreadfærd og -velfærd, master",3
8895,"Museumsstudier, master",3
8896,"Matematisk modellering, master",3
8897,"Social bæredygtighed, master",3
8898,"Internat. entrepreneurship, education, training (IMEET), master",3
8899,"Bioteknologi, master",3
8900,"It, kommunikation og organisation (MITKO), master",3
8901,"Technology-market-organisation (TMO), master",3
8902,"IKT og læring, master",3
8903,"Multimedieteknologi (MITM), master",3
8904,"Design, kommunikation og medie, master",3
8905,"Internet- og softwareudvikling, master",3
8906,"It, software engineering, master",3
8907,"Softwareudvikling, master",3
8908,"IT-handel, master",3
8909,"Health care IT, master",3
8910,"Vindenergi, master",3
8911,"Teknologiledelse (MMT), master",3
8912,"Redaktionel ledelse, master",3
8913,"Transport og maritim management, master",3
8914,"Fitness og træning, master",3
8915,"Cognition and communication, master",3
8916,"Public governance (MPG), master",3
8917,"Corporate performance, master",3
8918,"Samfundsmæssige konflikter og intervention, master",3
8919,"Dansk som andetsprog, master",3
8920,"Sundhedsinformatik, master",3
8921,"Børnemusik, master",3
8922,"Naturfagsundervisning, master",3
8923,"Journalistik, master",3
8924,"Risikostyring inden for miljø og sundhed, master",3
8925,"Dagtilbuds- og indskolingsdidaktik, master",3
8926,"Multikulturalitet, uddannelse og læring, master",3
8927,"Trivsels- og ressourcepsykologi, master",3
8928,"Business administration executive (EMBA), master",3
8929,"Uddannelse og læring, master",3
8930,"IT-organisation, master",3
8931,"Offentlig ledelse (MPG), master",3
8932,"Afdelingsbaseret hospitalsmanagement, master",3
8933,"Humanistisk palliation, master",3
8934,"Kulturplanlægning, master",3
8935,"Gymnasiepædagogik didaktik, master",3
8936,"Matematik, master",3
8937,"Videregående uddannelse og forskning, master",3
8938,"Sundhedsfremme, master",3
8939,"Elektronisk musik, master",3
8940,"Finansiel management, master",3
8941,"Inkluderende arkitektur, master",3
8942,"Globalisering og integration, master",3
8943,"Medicinsk billeddiagnostik, master",3
8944,"Humanistisk palliation, master",3
8945,"Cybersikkerhed og privacy, master",3
8946,"Offentlig kvalitet og ledelse, master",3
8947,"Klinisk familiedyrsvidenskab, master",3
8948,"Bygningsfysik, master",3
8949,"Scienceundervisning, master",3
8950,"Sexologi, master",3
8951,"Politivirksomhed, master",3
8952,"Vurdering af husdyrvelfærd i primærproduktion, master",3
8953,"It-ledelse, master",3
8954,"It interaktionsdesign, master",3
8955,"Procesledelse og organisatorisk forandring, master",3
8956,"Projekt- og innovationsledelse, master",3
8957,"Smertevidenskab og tværfaglig smertebehandling, master",3
8958,"Vidensbaseret socialt arbejde, master",3
8959,"Sprogundervisning, lingvistik og it, master",3
8960,"Management of Technology (MMT), master",3
8961,"Børne- og ungdomskultur, cand.pæd.",3
8962,"Trivsel og psykologisk velfærd, master",3
8963,"Digital Health, master",3
8964,"Data Stewardship, master",3
8965,"Cardiovascular Technology, master",3
8966,"Applied Statistics, master",3
8967,"Welfare Assessment in Animal Livestock Production, master",3
8969,"Folkeskoleudvikling, master",3
8970,"Socialpædagogik, master",3
8971,"Uddannelsesledelse, master",3
8972,"Drama- og teaterpædagogik, master",3
8973,"Interkulturel pædagogik, master",3
8974,"Leadership-innovation in complex systems (LAICS), master",3
8975,"Udsatte børn og unge (faglig ledelse), master",3
8976,"Rusmidler, master",3
8977,"Informationsforvaltning og Records Management,master",3
8978,"Projekt- og forandringsledelse, master",3
8979,"Forretningsudvikling, it og innovation, master",3
8980,"Forretningsudvikling, master",3
8981,"Business Development, master",3
8993,"Protese- og ortoseteknologi, prof.bach.",3
8994,"Sundhedsvidenskab fleksibel, master",3
8995,"Samfundsvidenskab fleksibel, master",3
8996,"Naturvidenskab fleksibel, master",3
8997,"Teknisk videnskab fleksibel, master",3
8998,"Humanistisk fleksibel, master",3
8999,"Teologisk fleksibel, master",3
9014,"Hf-/studenterfag, enkeltfag",3
9015,"Børnehave- og fritidspædagog, årskursus",3
9020,"Kursus, lærer-pædagog",3
9030,"Folkeskolelærer, årskursus",3
9034,Pædagogikum i historie,3
9035,Pædagogikum i oltidskundskab,3
9036,Pædagogikum i latin,3
9037,Pædagogikum i græsk,3
9038,Pædagogikum i dansk,3
9039,Pædagogikum i engelsk,3
9040,Pædagogikum i tysk,3
9041,Pædagogikum i fransk,3
9042,Pædagogikum i italiensk,3
9043,Pædagogikum i spansk,3
9044,Pædagogikum i russisk,3
9045,Pædagogikum i religion,3
9046,Pædagogikum i kunsthistorie,3
9047,Pædagogikum i musik,3
9049,Pædagogikum i dramatik,3
9050,Pædagogikum i filmkundskab,3
9051,Pædagogikum i samfundsfag,3
9052,Pædagogikum i matematik,3
9053,Pædagogikum i datalogi,3
9054,Pædagogikum i fysik,3
9055,Pædagogikum i kemi,3
9056,Pædagogikum i biologi,3
9057,Pædagogikum i geografi,3
9061,Pædagogikum i legemsøvelser,3
9062,Pædagogikum i psykologi,3
9106,Kørelærer,3
9121,Universitetsuddannelse una,3
9122,Cand.mag. una,3
9123,Cand.phil. una,3
9124,Mag.art. una,3
9125,Exam.art. una,3
9132,Småbørnslærerinde,3
9144,Korrespondent,3
9167,Anden filmskoleuddannelse,3
9171,Solist-komponist-dirigent,3
9172,Musikkonservatorie una,3
9173,Kordegn,3
9174,Præsteuddannelse af lærere,3
9175,Præst i folkekirken,3
9176,Kunstakademiuddannelse una,3
9197,Kunsthåndværker una,3
9203,"Forvaltningshøjskole, staten",3
9215,Assurandøruddannelse,3
9224,HD una,3
9225,Statsautoriseret revisor,3
9258,Dr.polit.,3
9264,Mag.scient. una,3
9266,Dr.scient.,3
9267,Dr.jur.,3
9269,Dr.oecon.,3
9315,"Sp., skibsværftsarbejde",3
9316,"Sp., den kemiske industri",3
9317,"Sp., bygningsområdet",3
9320,"Sp., mineralindustrien",3
9321,"Sp., gulvbelægning",3
9322,"Sp., videreforarbejdning træindustrien",3
9327,"Sp., konfektion og trikotage syning",3
9328,"Sp., spinderiområdet",3
9329,"Sp., trykkeriområdet",3
9330,Garver,3
9332,"Sp., slagteri",3
9333,"Sp., fiskeindustrien",3
9334,"Sp., fiskerierhvervet",3
9338,"Sp., bryggeriindustrien",3
9339,Brygmester,3
9342,Togbetjent,3
9369,Driftstekniker ved DR,3
9382,Trafikflyver,3
9384,Lokomotivassistent (fører),3
9385,"Hepatologi, speciallæge",3
9386,Steward/stewardesse,3
9390,Dr.med.,3
9391,"Neurokirurgi, speciallæge",3
9392,"Ortopædisk kirurgi, speciallæge",3
9393,"Plastikkirurgi, speciallæge",3
9394,"Thoraxkirurgi, speciallæge",3
9395,"Urologi, speciallæge",3
9396,"Kirurgi, speciallæge",3
9397,"Dermato-venerologi, speciallæge",3
9398,"Intern medicin, speciallæge",3
9399,"Neuromedicin, speciallæge",3
9400,"Børnepsykiatri, speciallæge",3
9403,"Tropemedicin, speciallæge",3
9404,"Terapeutisk radiologi, speciallæge",3
9405,"Kardiologi, speciallæge",3
9406,"Pædiatri, speciallæge",3
9407,"Anæstesiologi, speciallæge",3
9409,"Klinisk neurofysiologi, speciallæge",3
9410,"Medicinsk lungesygdomme, speciallæge",3
9412,"Klinisk fysiologi-nuklearmedicin, speciallæge",3
9413,"Klinisk kemi, speciallæge",3
9414,"Oftalmologi, speciallæge",3
9416,"Psykiatri, speciallæge",3
9418,"Patologisk anatomi-histologi, speciallæge",3
9420,"Klinisk mikrobiologi, speciallæge",3
9422,"Nefrologi, speciallæge",3
9423,"Oto-rhino-laryngologi, speciallæge",3
9424,"Gynækologi, speciallæge",3
9429,"Sergent, søværnet",3
9430,Dr.pharm.,3
9431,"Konstabel, søværnet",3
9434,"Sergent, flyvevåbnet",3
9435,"Sergent, hæren",3
9440,"Konstabel, flyvevåbnet",3
9445,"Konstabel, hæren",3
9450,Dr.odont.,3
9465,Exam. pharm.,3
9467,Hjemmehjælper,3
9468,Barneplejerske,3
9469,"Samfundsmedicin, speciallæge",3
9470,Anæstesisygeplejerske,3
9471,"Diagnostisk radiologi, speciallæge",3
9472,"Medicinsk gastroenterologi, speciallæge",3
9473,"Langtidsmedicin-geriatri, speciallæge",3
9474,Hygiejnesygeplejerske,3
9475,"Kirurgisk gastroenterologi, speciallæge",3
9476,"Læge, B-autoriseret",3
9477,"Danmarks sygeplejerskehøjskole, 1.-2. del",3
9481,Læge i almen praksis,3
9483,"Sp., køkkenområdet",3
9484,Cigarmager og -sorterer,3
9485,Cigarrillosmager og -sorterer,3
9486,Faglært tobaksarbejder,3
9487,"Hæmatologi, speciallæge",3
9488,Dr.med.vet.,3
9490,"Infektionsmedicin, speciallæge",3
9491,"Medicinsk allergologi, speciallæge",3
9492,Dr.agro.,3
9493,"Medicinsk endokrinologi, speciallæge",3
9495,Bandagist,3
9498,"Karkirurgi, speciallæge",3
9500,"Klinisk immunologi, speciallæge",3
9502,"Landinspektør, lic.geom.",3
9504,"Samfundsmedicin adm. medicin, speciallæge",3
9505,"Samfundsmedicin arbejdsmedicin, speciallæge",3
9508,"Reumatologi, speciallæge",3
9514,"Ortodonti, specialtandlæge",3
9515,"Hospitalsodontologi, specialtandlæge",3
9517,"Sp., kedel og maskinpassere",3
9518,Dr.techn.,3
9529,"Fd(k) forvaltningsfagligt diplomkursus, kommunalt",3
9531,Socialformidleruddannelse,3
9533,"Fa(k) forvaltningsfaglig afgangseksamen, kommunal",3
9534,Sf1 socialforvaltning 1,3
9535,Sk2 skatteforvaltning 2,3
9536,Fa forvaltningsfaglig afgangseksamen una,3
9537,Sk1 skatteforvaltning 1,3
9538,Sf2 socialforvaltning 2,3
9539,"Fd(s) forvaltningsfagligt diplomkursus, staten",3
9540,Forvaltningsfagligt grundkursus,3
9541,"Fd forvaltningsfagligt diplomkursus, sygehuse",3
9542,Forvaltningsfagligt specialkursus,3
9556,Dr.ling.merc.,3
9564,Søfartskoleuddannelse una,3
9569,"Kyst-, fiske- og sætteskipper",3
9571,Dr.phil.,3
9572,"Ernæring, årskursus",3
9573,Handelsfaglærereksamen,3
9574,"Faglærerkursus, teknikeruddannelse",3
9580,"Forbrugerøkonom, årskursus",3
9584,"Pædagogisk grundkursus, lærere ved tekniske skoler",3
9585,"Pædagogisk uddannelse, lærere ved teknika",3
9586,"Pædagogisk uddannelse, lærere ved ingeniørakademi",3
9588,"Pædagogisk kursus, handelsskole",3
9589,"Pædagogisk grundkursus, lærere ved handelshøjskole",3
9602,"Fsu Folkeskolens udvidede afgangsprøve, enkeltfag",3
9603,"Fsa Folkeskolens afgangsprøve, enkeltfag",3
9604,"Almen voksenuddannelse, enkeltfag",3
9606,"Forberedende voksenundervisning, enkeltfag",3
9607,Ordblindeundervisning for voksne,3
9618,Bevægelses- og helsepædagog,3
9620,Afspændingspædagog,3
9621,Mensendiecklærer,3
9622,Dansk kommunalkursus 1,3
9623,Dansk kommunalkursus 2,3
9636,Gulvbelægningsarbejder,3
9654,Pianostemmer,3
9655,Akademiingeniør una,3
9658,Ingeniør una,3
9661,Værkstedsskoleforløb una,3
9668,"Konservator una, cand.scient.cons.",3
9677,"Fag., væksthusgartner",3
9678,"Fag., tjener",3
9679,"Fag., receptionist",3
9681,"Fag., smørrebrødsjomfru",3
9682,"Fag., hotel og restauration",3
9683,"Fag., auto karrosseri",3
9684,"Fag., butiksslagter",3
9685,"Fag., industrislagter",3
9686,Officer A-linien una,3
9687,Officer B-linien una,3
9688,Officer una,3
9689,"Fag., industribager",3
9693,"Fag., snedker- og tømrerfag",3
9694,"Fag., malerfag",3
9695,"Agr., arbejdsledelse plastindustri",3
9696,"Agr., arbejdsledelse procesindustri",3
9697,"Agr., arbejdsledelse, landbrug og jordbrug",3
9698,"Agr., arbejdsledelse mejeri",3
9699,"Agr., arbejdsledelse, kødindustri",3
9703,"Agr., arbejdsledelse bygge og anlæg",3
9704,"Agr., arbejdsledelse tekstil og beklædning",3
9705,"Grundstudium, sprog uoplyst",3
9706,"Agr., arbejdsledelse grafisk",3
9707,Erhvervssproglig diplomprøve ED una,3
9708,"Agr., arbejdsledelse plastområdet",3
9709,"Agr., arbejdsledelse el-teknik",3
9710,"Agr., arbejdsledelse maskin og værktøj",3
9711,"Agr., arbejdsledelse produktion og samarbejde",3
9712,"Agr., arbejdsledelse vedligeholdelsesteknik",3
9713,"Agr., arbejdsledelse elektronik",3
9714,"Erhvervssproglig una, afgangseksamen EA",3
9715,"Agr., arbejdsledelse autoteknik",3
9716,Cand.ling.merc. una,3
9717,Translatør,3
9718,"Agr., arbejdsledelse naturgas",3
9719,"Agr., arbejdsledelse ledelsesteknik",3
9720,Make up artist,3
9721,Make up tekniker,3
9722,Kosmetelog,3
9723,"Agr., efteruddannelse teknisk assistent",3
9724,"Agr., efteruddannelse. af laboranter",3
9725,"Agr., arbejdsledelse landbrug",3
9726,"Agr., arbejdsledelse handel og service",3
9730,"Fag., handelsfag",3
9731,"Fag., kontorfag andet",3
9732,"Fag., kontorteknik",3
9733,"Fag., handelsfag edb-teknik",3
9734,"Fag., butiksfag",3
9735,"Fag., teknisk tegner og -assistent",3
9736,"Fag., jern, metal og andre tekniske",3
9737,"Fag., jern og metal, vvs-teknik",3
9738,"Fag., smede- og svejseteknik",3
9739,"Fag., guld-, sølv- og gravørfag",3
9740,"Fag., maskin- og værktøjsteknik",3
9741,"Fag., flyteknik",3
9742,"Fag., landtransportteknik",3
9743,"Fag., urmagerfag",3
9744,"Fag., elektrikerfag",3
9745,"Fag., svagstrømsteknik",3
9746,"Fag., murerfag",3
9747,"Fag., stenhuggerfag",3
9748,"Fag., glarmesterfag",3
9749,"Fag., tømrerfag",3
9750,"Fag., maskinsnedkerfag",3
9751,"Fag., snedkerfag",3
9752,"Fag., træindustri, maskinsnedkerfag",3
9753,"Fag., blikkenslagerfag",3
9754,"Fag., bygningsmalerfag",3
9755,"Fag., skiltemalerfag",3
9756,"Fag., vognmalerfag",3
9757,"Fag., fotograffag",3
9758,"Fag., trykkerfag",3
9759,"Fag., offsettrykkerfag",3
9760,"Fag., sætterfag",3
9761,"Fag., reproteknikerfag",3
9762,"Fag., serigraffag",3
9763,"Fag., skrædderfag",3
9764,"Fag., møbelpolstring og sadelmageri",3
9765,"Fag., optikerfag",3
9766,"Fag., tandteknikerfag",3
9767,"Fag., frisørfag",3
9768,"Fag., skorstensfejerfag",3
9769,"Fag., gartnerfag",3
9770,"Fag., mejerifag",3
9771,"Fag., slagterfag",3
9772,"Fag., kødindustri andre tekniske fag",3
9773,"Fag., bagerfag",3
9774,"Fag., konditor",3
9775,"Fag., bager og konditorfag",3
9776,"Fag., kokkefag",3
9777,"Fag., bogbinderfag",3
9778,"Fag., jern metal edb-teknik",3
9779,"Fag., økonomi og regnskab",3
9780,"Fag., organisation",3
9781,"Fag., salg og markedsføring",3
9782,"Fag., administration",3
9783,"Fag., engrosvirksomhed",3
9784,"Fag., bogtryk og repro, fælles",3
9785,"Fag., finanssektoren",3
9786,"Fag., reklame",3
9787,"Fag., gartner",3
9788,"Fag., beklædning",3
9800,"Sp., metalindustri og andre tekniske fag",3
9801,"Sp., stålværksteknik",3
9802,"Sp., beskyttelsesgassvejsning",3
9803,"Sp., flammeskæring og gassvejsning",3
9804,"Sp., lysbuesvejsning",3
9805,"Sp., pladearbejde",3
9806,"Sp., naturgasteknik",3
9807,"Sp., montage og måleteknik",3
9808,"Sp., spåntagende bearbejdning",3
9809,"Sp., metalindustri el-teknik",3
9810,"Sp., medicinalindustrien",3
9811,"Sp., anlægsområdet",3
9812,"Sp., betonindustrien",3
9813,"Sp., maskinførerområdet",3
9814,"Sp., emballageglasindustri",3
9815,"Sp., kunst- og brugsglasindustri",3
9816,"Sp., porcelænsindustrien",3
9817,"Sp., isoleringsområdet",3
9818,"Sp., tagdækkerområdet",3
9819,"Sp., gardindekoratørområdet",3
9820,"Sp., bygge og anlæg andre områder",3
9821,"Sp., stilladsområdet",3
9822,"Sp., væveriområdet",3
9823,"Sp., farveriområdet",3
9824,"Sp., trikotageområdet",3
9825,"Sp., skind- og rulamssyning",3
9826,"Sp., skoindustrien",3
9827,"Sp., garveriområdet",3
9828,"Sp., møbelbetræksyning",3
9829,"Sp., møbelpolstrer og autosadelmager",3
9830,"Sp., filmoperatørområdet",3
9831,"Sp., papirvareindustrien",3
9832,"Sp., plastindustrien",3
9833,"Sp., rengøringsservice",3
9834,"Sp., ejendomsservice",3
9835,"Sp., sikkerhedsservice",3
9836,"Sp., vaskeriindustrien",3
9837,"Sp., landbrug",3
9838,"Sp., jordbrug i øvrigt",3
9839,"Sp., gartneri",3
9840,"Sp., mejeriindustrien",3
9841,"Sp., pølsemageri",3
9842,"Sp., tarmrenseri",3
9843,"Sp., kødbranchen detail",3
9844,"Sp., nærings- og nydelsesmidler",3
9845,"Sp., serveringsområdet",3
9846,"Sp., landtransport service",3
9847,"Sp., chauffør extern transport",3
9848,"Sp., redningstjeneste",3
9849,"Sp., intern transport",3
9850,"Sp., kranførerområdet",3
9851,"Sp., havne- og terminalarbejde",3
9852,"Sp., beklædning og tekstil, forsøg",3
9853,"Sp., tæppeområdet",3
9854,"Sp., bogbinderområdet forsøg",3
9855,"Sp., bogtrykfaget forsøg",3
9856,"Sp., bryggeriindustrien forsøg",3
9857,"Sp., bygge og anlæg forsøg",3
9858,"Sp., murerarbejdsmand",3
9859,"Sp., bygge og anlæg dykkerområdet",3
9860,"Sp., fiskerierhverv forsøg",3
9861,"Sp., fiskeindustri forsøg",3
9862,"Sp., hotel og restauration, forsøg",3
9863,"Sp., metalindustri forsøg",3
9864,"Sp., metalindustri plastteknik",3
9865,"Sp., kedel- og maskinpasser, forsøg",3
9866,"Sp., kødbranche forsøg",3
9867,"Sp., kødbranche, el-teknik",3
9868,"Sp., jordbrugsområdet forsøg",3
9869,"Sp., landtransport forsøg",3
9870,"Sp., mejeriindustri forsøg",3
9871,"Sp., plastindustri forsøg",3
9872,"Sp., rengøring mv. forsøg",3
9873,"Sp., skoindustri forsøg",3
9874,"Sp., garveri læder",3
9875,"Sp., træindustri forsøg",3
9876,"Sp., råtræforarbejdning, træindustrien",3
9877,"Sp., vaskeriindustri forsøg",3
9878,"Sp., farve- og lakindustri",3
9879,"Sp., gødningsindustrien",3
9880,"Sp., eternit- og mineraluldindustri",3
9881,"Sp., papir- og støbepapindustri",3
9882,"Sp., personlig sikkerhed forsøg",3
9883,"Sp., personlig sikkerhed",3
9884,"Sp., tilskærerområdet",3
9886,"Sp., vodbinderierhverv",3
9887,"Sp., procesindustrien forsøg",3
9888,"Sp., andre procesinduststrien",3
9889,"Sp., fjerkræindustri",3
9909,Låseassistent,3
9910,Værktøjssliber,3
9911,"Vindmølleoperatør, vingeproduktion",3
9912,Oliefyrstekniker,3
9913,Plastsvejser,3
9914,"Vindmølleoperatør, mekanik og montage",3
9915,Vindmølleoperatør,3
9916,NDT tekniker,3
9917,Montageoperatør,3
9918,Aluminiumsoperatøruddannelse,3
9919,Montageoperatør,3
9920,Kompositoperatør,3
9933,Køleassistent,3
9999,Igang,3
